Running main() from /Users/runner/work/test_mac_intel/test_mac_intel/source/build-hvf/_deps/googletest-src/googletest/src/gtest_main.cc

Repeating all tests (iteration 1) . . .

Note: Google Test filter = HvfExecutor.Native*
[==========] Running 1 test from 1 test suite.
[----------] Global test environment set-up.
[----------] 1 test from HvfExecutor
[ RUN      ] HvfExecutor.NativeIntelCancellationAndCompletionFailureAllowRetry
[       OK ] HvfExecutor.NativeIntelCancellationAndCompletionFailureAllowRetry (299 ms)
[----------] 1 test from HvfExecutor (299 ms total)

[==========] 1 test from 1 test suite ran. (299 ms total)
[  PASSED  ] 1 test.

Repeating all tests (iteration 2) . . .

Note: Google Test filter = HvfExecutor.Native*
[==========] Running 1 test from 1 test suite.
[----------] 1 test from HvfExecutor
[ RUN      ] HvfExecutor.NativeIntelCancellationAndCompletionFailureAllowRetry
[       OK ] HvfExecutor.NativeIntelCancellationAndCompletionFailureAllowRetry (326 ms)
[----------] 1 test from HvfExecutor (326 ms total)

[==========] 1 test from 1 test suite ran. (326 ms total)
[  PASSED  ] 1 test.

Repeating all tests (iteration 3) . . .

Note: Google Test filter = HvfExecutor.Native*
[==========] Running 1 test from 1 test suite.
[----------] 1 test from HvfExecutor
[ RUN      ] HvfExecutor.NativeIntelCancellationAndCompletionFailureAllowRetry
[       OK ] HvfExecutor.NativeIntelCancellationAndCompletionFailureAllowRetry (299 ms)
[----------] 1 test from HvfExecutor (299 ms total)

[==========] 1 test from 1 test suite ran. (299 ms total)
[  PASSED  ] 1 test.

Repeating all tests (iteration 4) . . .

Note: Google Test filter = HvfExecutor.Native*
[==========] Running 1 test from 1 test suite.
[----------] 1 test from HvfExecutor
[ RUN      ] HvfExecutor.NativeIntelCancellationAndCompletionFailureAllowRetry
[       OK ] HvfExecutor.NativeIntelCancellationAndCompletionFailureAllowRetry (267 ms)
[----------] 1 test from HvfExecutor (267 ms total)

[==========] 1 test from 1 test suite ran. (267 ms total)
[  PASSED  ] 1 test.

Repeating all tests (iteration 5) . . .

Note: Google Test filter = HvfExecutor.Native*
[==========] Running 1 test from 1 test suite.
[----------] 1 test from HvfExecutor
[ RUN      ] HvfExecutor.NativeIntelCancellationAndCompletionFailureAllowRetry
[       OK ] HvfExecutor.NativeIntelCancellationAndCompletionFailureAllowRetry (248 ms)
[----------] 1 test from HvfExecutor (248 ms total)

[==========] 1 test from 1 test suite ran. (248 ms total)
[  PASSED  ] 1 test.

Repeating all tests (iteration 6) . . .

Note: Google Test filter = HvfExecutor.Native*
[==========] Running 1 test from 1 test suite.
[----------] 1 test from HvfExecutor
[ RUN      ] HvfExecutor.NativeIntelCancellationAndCompletionFailureAllowRetry
[       OK ] HvfExecutor.NativeIntelCancellationAndCompletionFailureAllowRetry (122 ms)
[----------] 1 test from HvfExecutor (122 ms total)

[==========] 1 test from 1 test suite ran. (122 ms total)
[  PASSED  ] 1 test.

Repeating all tests (iteration 7) . . .

Note: Google Test filter = HvfExecutor.Native*
[==========] Running 1 test from 1 test suite.
[----------] 1 test from HvfExecutor
[ RUN      ] HvfExecutor.NativeIntelCancellationAndCompletionFailureAllowRetry
[       OK ] HvfExecutor.NativeIntelCancellationAndCompletionFailureAllowRetry (331 ms)
[----------] 1 test from HvfExecutor (331 ms total)

[==========] 1 test from 1 test suite ran. (331 ms total)
[  PASSED  ] 1 test.

Repeating all tests (iteration 8) . . .

Note: Google Test filter = HvfExecutor.Native*
[==========] Running 1 test from 1 test suite.
[----------] 1 test from HvfExecutor
[ RUN      ] HvfExecutor.NativeIntelCancellationAndCompletionFailureAllowRetry
[       OK ] HvfExecutor.NativeIntelCancellationAndCompletionFailureAllowRetry (252 ms)
[----------] 1 test from HvfExecutor (252 ms total)

[==========] 1 test from 1 test suite ran. (252 ms total)
[  PASSED  ] 1 test.

Repeating all tests (iteration 9) . . .

Note: Google Test filter = HvfExecutor.Native*
[==========] Running 1 test from 1 test suite.
[----------] 1 test from HvfExecutor
[ RUN      ] HvfExecutor.NativeIntelCancellationAndCompletionFailureAllowRetry
[       OK ] HvfExecutor.NativeIntelCancellationAndCompletionFailureAllowRetry (218 ms)
[----------] 1 test from HvfExecutor (218 ms total)

[==========] 1 test from 1 test suite ran. (219 ms total)
[  PASSED  ] 1 test.

Repeating all tests (iteration 10) . . .

Note: Google Test filter = HvfExecutor.Native*
[==========] Running 1 test from 1 test suite.
[----------] 1 test from HvfExecutor
[ RUN      ] HvfExecutor.NativeIntelCancellationAndCompletionFailureAllowRetry
[       OK ] HvfExecutor.NativeIntelCancellationAndCompletionFailureAllowRetry (132 ms)
[----------] 1 test from HvfExecutor (132 ms total)

[==========] 1 test from 1 test suite ran. (132 ms total)
[  PASSED  ] 1 test.

Repeating all tests (iteration 11) . . .

Note: Google Test filter = HvfExecutor.Native*
[==========] Running 1 test from 1 test suite.
[----------] 1 test from HvfExecutor
[ RUN      ] HvfExecutor.NativeIntelCancellationAndCompletionFailureAllowRetry
[       OK ] HvfExecutor.NativeIntelCancellationAndCompletionFailureAllowRetry (165 ms)
[----------] 1 test from HvfExecutor (166 ms total)

[==========] 1 test from 1 test suite ran. (166 ms total)
[  PASSED  ] 1 test.

Repeating all tests (iteration 12) . . .

Note: Google Test filter = HvfExecutor.Native*
[==========] Running 1 test from 1 test suite.
[----------] 1 test from HvfExecutor
[ RUN      ] HvfExecutor.NativeIntelCancellationAndCompletionFailureAllowRetry
[       OK ] HvfExecutor.NativeIntelCancellationAndCompletionFailureAllowRetry (356 ms)
[----------] 1 test from HvfExecutor (356 ms total)

[==========] 1 test from 1 test suite ran. (356 ms total)
[  PASSED  ] 1 test.

Repeating all tests (iteration 13) . . .

Note: Google Test filter = HvfExecutor.Native*
[==========] Running 1 test from 1 test suite.
[----------] 1 test from HvfExecutor
[ RUN      ] HvfExecutor.NativeIntelCancellationAndCompletionFailureAllowRetry
[       OK ] HvfExecutor.NativeIntelCancellationAndCompletionFailureAllowRetry (216 ms)
[----------] 1 test from HvfExecutor (216 ms total)

[==========] 1 test from 1 test suite ran. (216 ms total)
[  PASSED  ] 1 test.

Repeating all tests (iteration 14) . . .

Note: Google Test filter = HvfExecutor.Native*
[==========] Running 1 test from 1 test suite.
[----------] 1 test from HvfExecutor
[ RUN      ] HvfExecutor.NativeIntelCancellationAndCompletionFailureAllowRetry
[       OK ] HvfExecutor.NativeIntelCancellationAndCompletionFailureAllowRetry (226 ms)
[----------] 1 test from HvfExecutor (226 ms total)

[==========] 1 test from 1 test suite ran. (226 ms total)
[  PASSED  ] 1 test.

Repeating all tests (iteration 15) . . .

Note: Google Test filter = HvfExecutor.Native*
[==========] Running 1 test from 1 test suite.
[----------] 1 test from HvfExecutor
[ RUN      ] HvfExecutor.NativeIntelCancellationAndCompletionFailureAllowRetry
[       OK ] HvfExecutor.NativeIntelCancellationAndCompletionFailureAllowRetry (168 ms)
[----------] 1 test from HvfExecutor (168 ms total)

[==========] 1 test from 1 test suite ran. (168 ms total)
[  PASSED  ] 1 test.

Repeating all tests (iteration 16) . . .

Note: Google Test filter = HvfExecutor.Native*
[==========] Running 1 test from 1 test suite.
[----------] 1 test from HvfExecutor
[ RUN      ] HvfExecutor.NativeIntelCancellationAndCompletionFailureAllowRetry
[       OK ] HvfExecutor.NativeIntelCancellationAndCompletionFailureAllowRetry (331 ms)
[----------] 1 test from HvfExecutor (331 ms total)

[==========] 1 test from 1 test suite ran. (331 ms total)
[  PASSED  ] 1 test.

Repeating all tests (iteration 17) . . .

Note: Google Test filter = HvfExecutor.Native*
[==========] Running 1 test from 1 test suite.
[----------] 1 test from HvfExecutor
[ RUN      ] HvfExecutor.NativeIntelCancellationAndCompletionFailureAllowRetry
[       OK ] HvfExecutor.NativeIntelCancellationAndCompletionFailureAllowRetry (300 ms)
[----------] 1 test from HvfExecutor (300 ms total)

[==========] 1 test from 1 test suite ran. (300 ms total)
[  PASSED  ] 1 test.

Repeating all tests (iteration 18) . . .

Note: Google Test filter = HvfExecutor.Native*
[==========] Running 1 test from 1 test suite.
[----------] 1 test from HvfExecutor
[ RUN      ] HvfExecutor.NativeIntelCancellationAndCompletionFailureAllowRetry
[       OK ] HvfExecutor.NativeIntelCancellationAndCompletionFailureAllowRetry (202 ms)
[----------] 1 test from HvfExecutor (203 ms total)

[==========] 1 test from 1 test suite ran. (203 ms total)
[  PASSED  ] 1 test.

Repeating all tests (iteration 19) . . .

Note: Google Test filter = HvfExecutor.Native*
[==========] Running 1 test from 1 test suite.
[----------] 1 test from HvfExecutor
[ RUN      ] HvfExecutor.NativeIntelCancellationAndCompletionFailureAllowRetry
[       OK ] HvfExecutor.NativeIntelCancellationAndCompletionFailureAllowRetry (279 ms)
[----------] 1 test from HvfExecutor (279 ms total)

[==========] 1 test from 1 test suite ran. (279 ms total)
[  PASSED  ] 1 test.

Repeating all tests (iteration 20) . . .

Note: Google Test filter = HvfExecutor.Native*
[==========] Running 1 test from 1 test suite.
[----------] 1 test from HvfExecutor
[ RUN      ] HvfExecutor.NativeIntelCancellationAndCompletionFailureAllowRetry
[       OK ] HvfExecutor.NativeIntelCancellationAndCompletionFailureAllowRetry (412 ms)
[----------] 1 test from HvfExecutor (412 ms total)

[==========] 1 test from 1 test suite ran. (412 ms total)
[  PASSED  ] 1 test.

Repeating all tests (iteration 21) . . .

Note: Google Test filter = HvfExecutor.Native*
[==========] Running 1 test from 1 test suite.
[----------] 1 test from HvfExecutor
[ RUN      ] HvfExecutor.NativeIntelCancellationAndCompletionFailureAllowRetry
[       OK ] HvfExecutor.NativeIntelCancellationAndCompletionFailureAllowRetry (359 ms)
[----------] 1 test from HvfExecutor (359 ms total)

[==========] 1 test from 1 test suite ran. (359 ms total)
[  PASSED  ] 1 test.

Repeating all tests (iteration 22) . . .

Note: Google Test filter = HvfExecutor.Native*
[==========] Running 1 test from 1 test suite.
[----------] 1 test from HvfExecutor
[ RUN      ] HvfExecutor.NativeIntelCancellationAndCompletionFailureAllowRetry
[       OK ] HvfExecutor.NativeIntelCancellationAndCompletionFailureAllowRetry (419 ms)
[----------] 1 test from HvfExecutor (419 ms total)

[==========] 1 test from 1 test suite ran. (419 ms total)
[  PASSED  ] 1 test.

Repeating all tests (iteration 23) . . .

Note: Google Test filter = HvfExecutor.Native*
[==========] Running 1 test from 1 test suite.
[----------] 1 test from HvfExecutor
[ RUN      ] HvfExecutor.NativeIntelCancellationAndCompletionFailureAllowRetry
[       OK ] HvfExecutor.NativeIntelCancellationAndCompletionFailureAllowRetry (335 ms)
[----------] 1 test from HvfExecutor (335 ms total)

[==========] 1 test from 1 test suite ran. (335 ms total)
[  PASSED  ] 1 test.

Repeating all tests (iteration 24) . . .

Note: Google Test filter = HvfExecutor.Native*
[==========] Running 1 test from 1 test suite.
[----------] 1 test from HvfExecutor
[ RUN      ] HvfExecutor.NativeIntelCancellationAndCompletionFailureAllowRetry
[       OK ] HvfExecutor.NativeIntelCancellationAndCompletionFailureAllowRetry (322 ms)
[----------] 1 test from HvfExecutor (322 ms total)

[==========] 1 test from 1 test suite ran. (323 ms total)
[  PASSED  ] 1 test.

Repeating all tests (iteration 25) . . .

Note: Google Test filter = HvfExecutor.Native*
[==========] Running 1 test from 1 test suite.
[----------] 1 test from HvfExecutor
[ RUN      ] HvfExecutor.NativeIntelCancellationAndCompletionFailureAllowRetry
[       OK ] HvfExecutor.NativeIntelCancellationAndCompletionFailureAllowRetry (175 ms)
[----------] 1 test from HvfExecutor (175 ms total)

[==========] 1 test from 1 test suite ran. (175 ms total)
[  PASSED  ] 1 test.

Repeating all tests (iteration 26) . . .

Note: Google Test filter = HvfExecutor.Native*
[==========] Running 1 test from 1 test suite.
[----------] 1 test from HvfExecutor
[ RUN      ] HvfExecutor.NativeIntelCancellationAndCompletionFailureAllowRetry
[       OK ] HvfExecutor.NativeIntelCancellationAndCompletionFailureAllowRetry (371 ms)
[----------] 1 test from HvfExecutor (371 ms total)

[==========] 1 test from 1 test suite ran. (371 ms total)
[  PASSED  ] 1 test.

Repeating all tests (iteration 27) . . .

Note: Google Test filter = HvfExecutor.Native*
[==========] Running 1 test from 1 test suite.
[----------] 1 test from HvfExecutor
[ RUN      ] HvfExecutor.NativeIntelCancellationAndCompletionFailureAllowRetry
[       OK ] HvfExecutor.NativeIntelCancellationAndCompletionFailureAllowRetry (166 ms)
[----------] 1 test from HvfExecutor (166 ms total)

[==========] 1 test from 1 test suite ran. (166 ms total)
[  PASSED  ] 1 test.

Repeating all tests (iteration 28) . . .

Note: Google Test filter = HvfExecutor.Native*
[==========] Running 1 test from 1 test suite.
[----------] 1 test from HvfExecutor
[ RUN      ] HvfExecutor.NativeIntelCancellationAndCompletionFailureAllowRetry
[       OK ] HvfExecutor.NativeIntelCancellationAndCompletionFailureAllowRetry (293 ms)
[----------] 1 test from HvfExecutor (293 ms total)

[==========] 1 test from 1 test suite ran. (293 ms total)
[  PASSED  ] 1 test.

Repeating all tests (iteration 29) . . .

Note: Google Test filter = HvfExecutor.Native*
[==========] Running 1 test from 1 test suite.
[----------] 1 test from HvfExecutor
[ RUN      ] HvfExecutor.NativeIntelCancellationAndCompletionFailureAllowRetry
[       OK ] HvfExecutor.NativeIntelCancellationAndCompletionFailureAllowRetry (307 ms)
[----------] 1 test from HvfExecutor (307 ms total)

[==========] 1 test from 1 test suite ran. (307 ms total)
[  PASSED  ] 1 test.

Repeating all tests (iteration 30) . . .

Note: Google Test filter = HvfExecutor.Native*
[==========] Running 1 test from 1 test suite.
[----------] 1 test from HvfExecutor
[ RUN      ] HvfExecutor.NativeIntelCancellationAndCompletionFailureAllowRetry
[       OK ] HvfExecutor.NativeIntelCancellationAndCompletionFailureAllowRetry (167 ms)
[----------] 1 test from HvfExecutor (167 ms total)

[==========] 1 test from 1 test suite ran. (167 ms total)
[  PASSED  ] 1 test.

Repeating all tests (iteration 31) . . .

Note: Google Test filter = HvfExecutor.Native*
[==========] Running 1 test from 1 test suite.
[----------] 1 test from HvfExecutor
[ RUN      ] HvfExecutor.NativeIntelCancellationAndCompletionFailureAllowRetry
[       OK ] HvfExecutor.NativeIntelCancellationAndCompletionFailureAllowRetry (191 ms)
[----------] 1 test from HvfExecutor (191 ms total)

[==========] 1 test from 1 test suite ran. (191 ms total)
[  PASSED  ] 1 test.

Repeating all tests (iteration 32) . . .

Note: Google Test filter = HvfExecutor.Native*
[==========] Running 1 test from 1 test suite.
[----------] 1 test from HvfExecutor
[ RUN      ] HvfExecutor.NativeIntelCancellationAndCompletionFailureAllowRetry
[       OK ] HvfExecutor.NativeIntelCancellationAndCompletionFailureAllowRetry (406 ms)
[----------] 1 test from HvfExecutor (406 ms total)

[==========] 1 test from 1 test suite ran. (406 ms total)
[  PASSED  ] 1 test.

Repeating all tests (iteration 33) . . .

Note: Google Test filter = HvfExecutor.Native*
[==========] Running 1 test from 1 test suite.
[----------] 1 test from HvfExecutor
[ RUN      ] HvfExecutor.NativeIntelCancellationAndCompletionFailureAllowRetry
[       OK ] HvfExecutor.NativeIntelCancellationAndCompletionFailureAllowRetry (397 ms)
[----------] 1 test from HvfExecutor (397 ms total)

[==========] 1 test from 1 test suite ran. (397 ms total)
[  PASSED  ] 1 test.

Repeating all tests (iteration 34) . . .

Note: Google Test filter = HvfExecutor.Native*
[==========] Running 1 test from 1 test suite.
[----------] 1 test from HvfExecutor
[ RUN      ] HvfExecutor.NativeIntelCancellationAndCompletionFailureAllowRetry
[       OK ] HvfExecutor.NativeIntelCancellationAndCompletionFailureAllowRetry (267 ms)
[----------] 1 test from HvfExecutor (267 ms total)

[==========] 1 test from 1 test suite ran. (267 ms total)
[  PASSED  ] 1 test.

Repeating all tests (iteration 35) . . .

Note: Google Test filter = HvfExecutor.Native*
[==========] Running 1 test from 1 test suite.
[----------] 1 test from HvfExecutor
[ RUN      ] HvfExecutor.NativeIntelCancellationAndCompletionFailureAllowRetry
[       OK ] HvfExecutor.NativeIntelCancellationAndCompletionFailureAllowRetry (121 ms)
[----------] 1 test from HvfExecutor (121 ms total)

[==========] 1 test from 1 test suite ran. (121 ms total)
[  PASSED  ] 1 test.

Repeating all tests (iteration 36) . . .

Note: Google Test filter = HvfExecutor.Native*
[==========] Running 1 test from 1 test suite.
[----------] 1 test from HvfExecutor
[ RUN      ] HvfExecutor.NativeIntelCancellationAndCompletionFailureAllowRetry
[       OK ] HvfExecutor.NativeIntelCancellationAndCompletionFailureAllowRetry (213 ms)
[----------] 1 test from HvfExecutor (213 ms total)

[==========] 1 test from 1 test suite ran. (213 ms total)
[  PASSED  ] 1 test.

Repeating all tests (iteration 37) . . .

Note: Google Test filter = HvfExecutor.Native*
[==========] Running 1 test from 1 test suite.
[----------] 1 test from HvfExecutor
[ RUN      ] HvfExecutor.NativeIntelCancellationAndCompletionFailureAllowRetry
[       OK ] HvfExecutor.NativeIntelCancellationAndCompletionFailureAllowRetry (365 ms)
[----------] 1 test from HvfExecutor (365 ms total)

[==========] 1 test from 1 test suite ran. (365 ms total)
[  PASSED  ] 1 test.

Repeating all tests (iteration 38) . . .

Note: Google Test filter = HvfExecutor.Native*
[==========] Running 1 test from 1 test suite.
[----------] 1 test from HvfExecutor
[ RUN      ] HvfExecutor.NativeIntelCancellationAndCompletionFailureAllowRetry
[       OK ] HvfExecutor.NativeIntelCancellationAndCompletionFailureAllowRetry (298 ms)
[----------] 1 test from HvfExecutor (298 ms total)

[==========] 1 test from 1 test suite ran. (298 ms total)
[  PASSED  ] 1 test.

Repeating all tests (iteration 39) . . .

Note: Google Test filter = HvfExecutor.Native*
[==========] Running 1 test from 1 test suite.
[----------] 1 test from HvfExecutor
[ RUN      ] HvfExecutor.NativeIntelCancellationAndCompletionFailureAllowRetry
[       OK ] HvfExecutor.NativeIntelCancellationAndCompletionFailureAllowRetry (279 ms)
[----------] 1 test from HvfExecutor (279 ms total)

[==========] 1 test from 1 test suite ran. (279 ms total)
[  PASSED  ] 1 test.

Repeating all tests (iteration 40) . . .

Note: Google Test filter = HvfExecutor.Native*
[==========] Running 1 test from 1 test suite.
[----------] 1 test from HvfExecutor
[ RUN      ] HvfExecutor.NativeIntelCancellationAndCompletionFailureAllowRetry
[       OK ] HvfExecutor.NativeIntelCancellationAndCompletionFailureAllowRetry (316 ms)
[----------] 1 test from HvfExecutor (316 ms total)

[==========] 1 test from 1 test suite ran. (316 ms total)
[  PASSED  ] 1 test.

Repeating all tests (iteration 41) . . .

Note: Google Test filter = HvfExecutor.Native*
[==========] Running 1 test from 1 test suite.
[----------] 1 test from HvfExecutor
[ RUN      ] HvfExecutor.NativeIntelCancellationAndCompletionFailureAllowRetry
[       OK ] HvfExecutor.NativeIntelCancellationAndCompletionFailureAllowRetry (209 ms)
[----------] 1 test from HvfExecutor (209 ms total)

[==========] 1 test from 1 test suite ran. (209 ms total)
[  PASSED  ] 1 test.

Repeating all tests (iteration 42) . . .

Note: Google Test filter = HvfExecutor.Native*
[==========] Running 1 test from 1 test suite.
[----------] 1 test from HvfExecutor
[ RUN      ] HvfExecutor.NativeIntelCancellationAndCompletionFailureAllowRetry
[       OK ] HvfExecutor.NativeIntelCancellationAndCompletionFailureAllowRetry (265 ms)
[----------] 1 test from HvfExecutor (265 ms total)

[==========] 1 test from 1 test suite ran. (265 ms total)
[  PASSED  ] 1 test.

Repeating all tests (iteration 43) . . .

Note: Google Test filter = HvfExecutor.Native*
[==========] Running 1 test from 1 test suite.
[----------] 1 test from HvfExecutor
[ RUN      ] HvfExecutor.NativeIntelCancellationAndCompletionFailureAllowRetry
[       OK ] HvfExecutor.NativeIntelCancellationAndCompletionFailureAllowRetry (140 ms)
[----------] 1 test from HvfExecutor (140 ms total)

[==========] 1 test from 1 test suite ran. (140 ms total)
[  PASSED  ] 1 test.

Repeating all tests (iteration 44) . . .

Note: Google Test filter = HvfExecutor.Native*
[==========] Running 1 test from 1 test suite.
[----------] 1 test from HvfExecutor
[ RUN      ] HvfExecutor.NativeIntelCancellationAndCompletionFailureAllowRetry
[       OK ] HvfExecutor.NativeIntelCancellationAndCompletionFailureAllowRetry (266 ms)
[----------] 1 test from HvfExecutor (266 ms total)

[==========] 1 test from 1 test suite ran. (266 ms total)
[  PASSED  ] 1 test.

Repeating all tests (iteration 45) . . .

Note: Google Test filter = HvfExecutor.Native*
[==========] Running 1 test from 1 test suite.
[----------] 1 test from HvfExecutor
[ RUN      ] HvfExecutor.NativeIntelCancellationAndCompletionFailureAllowRetry
[       OK ] HvfExecutor.NativeIntelCancellationAndCompletionFailureAllowRetry (236 ms)
[----------] 1 test from HvfExecutor (236 ms total)

[==========] 1 test from 1 test suite ran. (236 ms total)
[  PASSED  ] 1 test.

Repeating all tests (iteration 46) . . .

Note: Google Test filter = HvfExecutor.Native*
[==========] Running 1 test from 1 test suite.
[----------] 1 test from HvfExecutor
[ RUN      ] HvfExecutor.NativeIntelCancellationAndCompletionFailureAllowRetry
[       OK ] HvfExecutor.NativeIntelCancellationAndCompletionFailureAllowRetry (241 ms)
[----------] 1 test from HvfExecutor (241 ms total)

[==========] 1 test from 1 test suite ran. (241 ms total)
[  PASSED  ] 1 test.

Repeating all tests (iteration 47) . . .

Note: Google Test filter = HvfExecutor.Native*
[==========] Running 1 test from 1 test suite.
[----------] 1 test from HvfExecutor
[ RUN      ] HvfExecutor.NativeIntelCancellationAndCompletionFailureAllowRetry
[       OK ] HvfExecutor.NativeIntelCancellationAndCompletionFailureAllowRetry (147 ms)
[----------] 1 test from HvfExecutor (147 ms total)

[==========] 1 test from 1 test suite ran. (147 ms total)
[  PASSED  ] 1 test.

Repeating all tests (iteration 48) . . .

Note: Google Test filter = HvfExecutor.Native*
[==========] Running 1 test from 1 test suite.
[----------] 1 test from HvfExecutor
[ RUN      ] HvfExecutor.NativeIntelCancellationAndCompletionFailureAllowRetry
[       OK ] HvfExecutor.NativeIntelCancellationAndCompletionFailureAllowRetry (243 ms)
[----------] 1 test from HvfExecutor (243 ms total)

[==========] 1 test from 1 test suite ran. (243 ms total)
[  PASSED  ] 1 test.

Repeating all tests (iteration 49) . . .

Note: Google Test filter = HvfExecutor.Native*
[==========] Running 1 test from 1 test suite.
[----------] 1 test from HvfExecutor
[ RUN      ] HvfExecutor.NativeIntelCancellationAndCompletionFailureAllowRetry
[       OK ] HvfExecutor.NativeIntelCancellationAndCompletionFailureAllowRetry (335 ms)
[----------] 1 test from HvfExecutor (335 ms total)

[==========] 1 test from 1 test suite ran. (335 ms total)
[  PASSED  ] 1 test.

Repeating all tests (iteration 50) . . .

Note: Google Test filter = HvfExecutor.Native*
[==========] Running 1 test from 1 test suite.
[----------] 1 test from HvfExecutor
[ RUN      ] HvfExecutor.NativeIntelCancellationAndCompletionFailureAllowRetry
[       OK ] HvfExecutor.NativeIntelCancellationAndCompletionFailureAllowRetry (152 ms)
[----------] 1 test from HvfExecutor (152 ms total)

[==========] 1 test from 1 test suite ran. (152 ms total)
[  PASSED  ] 1 test.

Repeating all tests (iteration 51) . . .

Note: Google Test filter = HvfExecutor.Native*
[==========] Running 1 test from 1 test suite.
[----------] 1 test from HvfExecutor
[ RUN      ] HvfExecutor.NativeIntelCancellationAndCompletionFailureAllowRetry
[       OK ] HvfExecutor.NativeIntelCancellationAndCompletionFailureAllowRetry (274 ms)
[----------] 1 test from HvfExecutor (274 ms total)

[==========] 1 test from 1 test suite ran. (274 ms total)
[  PASSED  ] 1 test.

Repeating all tests (iteration 52) . . .

Note: Google Test filter = HvfExecutor.Native*
[==========] Running 1 test from 1 test suite.
[----------] 1 test from HvfExecutor
[ RUN      ] HvfExecutor.NativeIntelCancellationAndCompletionFailureAllowRetry
[       OK ] HvfExecutor.NativeIntelCancellationAndCompletionFailureAllowRetry (382 ms)
[----------] 1 test from HvfExecutor (382 ms total)

[==========] 1 test from 1 test suite ran. (382 ms total)
[  PASSED  ] 1 test.

Repeating all tests (iteration 53) . . .

Note: Google Test filter = HvfExecutor.Native*
[==========] Running 1 test from 1 test suite.
[----------] 1 test from HvfExecutor
[ RUN      ] HvfExecutor.NativeIntelCancellationAndCompletionFailureAllowRetry
[       OK ] HvfExecutor.NativeIntelCancellationAndCompletionFailureAllowRetry (257 ms)
[----------] 1 test from HvfExecutor (257 ms total)

[==========] 1 test from 1 test suite ran. (257 ms total)
[  PASSED  ] 1 test.

Repeating all tests (iteration 54) . . .

Note: Google Test filter = HvfExecutor.Native*
[==========] Running 1 test from 1 test suite.
[----------] 1 test from HvfExecutor
[ RUN      ] HvfExecutor.NativeIntelCancellationAndCompletionFailureAllowRetry
[       OK ] HvfExecutor.NativeIntelCancellationAndCompletionFailureAllowRetry (284 ms)
[----------] 1 test from HvfExecutor (284 ms total)

[==========] 1 test from 1 test suite ran. (284 ms total)
[  PASSED  ] 1 test.

Repeating all tests (iteration 55) . . .

Note: Google Test filter = HvfExecutor.Native*
[==========] Running 1 test from 1 test suite.
[----------] 1 test from HvfExecutor
[ RUN      ] HvfExecutor.NativeIntelCancellationAndCompletionFailureAllowRetry
[       OK ] HvfExecutor.NativeIntelCancellationAndCompletionFailureAllowRetry (147 ms)
[----------] 1 test from HvfExecutor (148 ms total)

[==========] 1 test from 1 test suite ran. (148 ms total)
[  PASSED  ] 1 test.

Repeating all tests (iteration 56) . . .

Note: Google Test filter = HvfExecutor.Native*
[==========] Running 1 test from 1 test suite.
[----------] 1 test from HvfExecutor
[ RUN      ] HvfExecutor.NativeIntelCancellationAndCompletionFailureAllowRetry
[       OK ] HvfExecutor.NativeIntelCancellationAndCompletionFailureAllowRetry (319 ms)
[----------] 1 test from HvfExecutor (319 ms total)

[==========] 1 test from 1 test suite ran. (319 ms total)
[  PASSED  ] 1 test.

Repeating all tests (iteration 57) . . .

Note: Google Test filter = HvfExecutor.Native*
[==========] Running 1 test from 1 test suite.
[----------] 1 test from HvfExecutor
[ RUN      ] HvfExecutor.NativeIntelCancellationAndCompletionFailureAllowRetry
[       OK ] HvfExecutor.NativeIntelCancellationAndCompletionFailureAllowRetry (228 ms)
[----------] 1 test from HvfExecutor (228 ms total)

[==========] 1 test from 1 test suite ran. (228 ms total)
[  PASSED  ] 1 test.

Repeating all tests (iteration 58) . . .

Note: Google Test filter = HvfExecutor.Native*
[==========] Running 1 test from 1 test suite.
[----------] 1 test from HvfExecutor
[ RUN      ] HvfExecutor.NativeIntelCancellationAndCompletionFailureAllowRetry
[       OK ] HvfExecutor.NativeIntelCancellationAndCompletionFailureAllowRetry (251 ms)
[----------] 1 test from HvfExecutor (251 ms total)

[==========] 1 test from 1 test suite ran. (252 ms total)
[  PASSED  ] 1 test.

Repeating all tests (iteration 59) . . .

Note: Google Test filter = HvfExecutor.Native*
[==========] Running 1 test from 1 test suite.
[----------] 1 test from HvfExecutor
[ RUN      ] HvfExecutor.NativeIntelCancellationAndCompletionFailureAllowRetry
[       OK ] HvfExecutor.NativeIntelCancellationAndCompletionFailureAllowRetry (330 ms)
[----------] 1 test from HvfExecutor (330 ms total)

[==========] 1 test from 1 test suite ran. (330 ms total)
[  PASSED  ] 1 test.

Repeating all tests (iteration 60) . . .

Note: Google Test filter = HvfExecutor.Native*
[==========] Running 1 test from 1 test suite.
[----------] 1 test from HvfExecutor
[ RUN      ] HvfExecutor.NativeIntelCancellationAndCompletionFailureAllowRetry
[       OK ] HvfExecutor.NativeIntelCancellationAndCompletionFailureAllowRetry (250 ms)
[----------] 1 test from HvfExecutor (250 ms total)

[==========] 1 test from 1 test suite ran. (250 ms total)
[  PASSED  ] 1 test.

Repeating all tests (iteration 61) . . .

Note: Google Test filter = HvfExecutor.Native*
[==========] Running 1 test from 1 test suite.
[----------] 1 test from HvfExecutor
[ RUN      ] HvfExecutor.NativeIntelCancellationAndCompletionFailureAllowRetry
[       OK ] HvfExecutor.NativeIntelCancellationAndCompletionFailureAllowRetry (168 ms)
[----------] 1 test from HvfExecutor (168 ms total)

[==========] 1 test from 1 test suite ran. (168 ms total)
[  PASSED  ] 1 test.

Repeating all tests (iteration 62) . . .

Note: Google Test filter = HvfExecutor.Native*
[==========] Running 1 test from 1 test suite.
[----------] 1 test from HvfExecutor
[ RUN      ] HvfExecutor.NativeIntelCancellationAndCompletionFailureAllowRetry
[       OK ] HvfExecutor.NativeIntelCancellationAndCompletionFailureAllowRetry (245 ms)
[----------] 1 test from HvfExecutor (245 ms total)

[==========] 1 test from 1 test suite ran. (245 ms total)
[  PASSED  ] 1 test.

Repeating all tests (iteration 63) . . .

Note: Google Test filter = HvfExecutor.Native*
[==========] Running 1 test from 1 test suite.
[----------] 1 test from HvfExecutor
[ RUN      ] HvfExecutor.NativeIntelCancellationAndCompletionFailureAllowRetry
[       OK ] HvfExecutor.NativeIntelCancellationAndCompletionFailureAllowRetry (257 ms)
[----------] 1 test from HvfExecutor (257 ms total)

[==========] 1 test from 1 test suite ran. (257 ms total)
[  PASSED  ] 1 test.

Repeating all tests (iteration 64) . . .

Note: Google Test filter = HvfExecutor.Native*
[==========] Running 1 test from 1 test suite.
[----------] 1 test from HvfExecutor
[ RUN      ] HvfExecutor.NativeIntelCancellationAndCompletionFailureAllowRetry
[       OK ] HvfExecutor.NativeIntelCancellationAndCompletionFailureAllowRetry (362 ms)
[----------] 1 test from HvfExecutor (362 ms total)

[==========] 1 test from 1 test suite ran. (362 ms total)
[  PASSED  ] 1 test.

Repeating all tests (iteration 65) . . .

Note: Google Test filter = HvfExecutor.Native*
[==========] Running 1 test from 1 test suite.
[----------] 1 test from HvfExecutor
[ RUN      ] HvfExecutor.NativeIntelCancellationAndCompletionFailureAllowRetry
[       OK ] HvfExecutor.NativeIntelCancellationAndCompletionFailureAllowRetry (271 ms)
[----------] 1 test from HvfExecutor (271 ms total)

[==========] 1 test from 1 test suite ran. (271 ms total)
[  PASSED  ] 1 test.

Repeating all tests (iteration 66) . . .

Note: Google Test filter = HvfExecutor.Native*
[==========] Running 1 test from 1 test suite.
[----------] 1 test from HvfExecutor
[ RUN      ] HvfExecutor.NativeIntelCancellationAndCompletionFailureAllowRetry
[       OK ] HvfExecutor.NativeIntelCancellationAndCompletionFailureAllowRetry (196 ms)
[----------] 1 test from HvfExecutor (196 ms total)

[==========] 1 test from 1 test suite ran. (196 ms total)
[  PASSED  ] 1 test.

Repeating all tests (iteration 67) . . .

Note: Google Test filter = HvfExecutor.Native*
[==========] Running 1 test from 1 test suite.
[----------] 1 test from HvfExecutor
[ RUN      ] HvfExecutor.NativeIntelCancellationAndCompletionFailureAllowRetry
[       OK ] HvfExecutor.NativeIntelCancellationAndCompletionFailureAllowRetry (148 ms)
[----------] 1 test from HvfExecutor (148 ms total)

[==========] 1 test from 1 test suite ran. (148 ms total)
[  PASSED  ] 1 test.

Repeating all tests (iteration 68) . . .

Note: Google Test filter = HvfExecutor.Native*
[==========] Running 1 test from 1 test suite.
[----------] 1 test from HvfExecutor
[ RUN      ] HvfExecutor.NativeIntelCancellationAndCompletionFailureAllowRetry
[       OK ] HvfExecutor.NativeIntelCancellationAndCompletionFailureAllowRetry (222 ms)
[----------] 1 test from HvfExecutor (222 ms total)

[==========] 1 test from 1 test suite ran. (222 ms total)
[  PASSED  ] 1 test.

Repeating all tests (iteration 69) . . .

Note: Google Test filter = HvfExecutor.Native*
[==========] Running 1 test from 1 test suite.
[----------] 1 test from HvfExecutor
[ RUN      ] HvfExecutor.NativeIntelCancellationAndCompletionFailureAllowRetry
[       OK ] HvfExecutor.NativeIntelCancellationAndCompletionFailureAllowRetry (245 ms)
[----------] 1 test from HvfExecutor (245 ms total)

[==========] 1 test from 1 test suite ran. (245 ms total)
[  PASSED  ] 1 test.

Repeating all tests (iteration 70) . . .

Note: Google Test filter = HvfExecutor.Native*
[==========] Running 1 test from 1 test suite.
[----------] 1 test from HvfExecutor
[ RUN      ] HvfExecutor.NativeIntelCancellationAndCompletionFailureAllowRetry
[       OK ] HvfExecutor.NativeIntelCancellationAndCompletionFailureAllowRetry (249 ms)
[----------] 1 test from HvfExecutor (249 ms total)

[==========] 1 test from 1 test suite ran. (249 ms total)
[  PASSED  ] 1 test.

Repeating all tests (iteration 71) . . .

Note: Google Test filter = HvfExecutor.Native*
[==========] Running 1 test from 1 test suite.
[----------] 1 test from HvfExecutor
[ RUN      ] HvfExecutor.NativeIntelCancellationAndCompletionFailureAllowRetry
[       OK ] HvfExecutor.NativeIntelCancellationAndCompletionFailureAllowRetry (271 ms)
[----------] 1 test from HvfExecutor (271 ms total)

[==========] 1 test from 1 test suite ran. (271 ms total)
[  PASSED  ] 1 test.

Repeating all tests (iteration 72) . . .

Note: Google Test filter = HvfExecutor.Native*
[==========] Running 1 test from 1 test suite.
[----------] 1 test from HvfExecutor
[ RUN      ] HvfExecutor.NativeIntelCancellationAndCompletionFailureAllowRetry
[       OK ] HvfExecutor.NativeIntelCancellationAndCompletionFailureAllowRetry (298 ms)
[----------] 1 test from HvfExecutor (298 ms total)

[==========] 1 test from 1 test suite ran. (298 ms total)
[  PASSED  ] 1 test.

Repeating all tests (iteration 73) . . .

Note: Google Test filter = HvfExecutor.Native*
[==========] Running 1 test from 1 test suite.
[----------] 1 test from HvfExecutor
[ RUN      ] HvfExecutor.NativeIntelCancellationAndCompletionFailureAllowRetry
[       OK ] HvfExecutor.NativeIntelCancellationAndCompletionFailureAllowRetry (315 ms)
[----------] 1 test from HvfExecutor (315 ms total)

[==========] 1 test from 1 test suite ran. (315 ms total)
[  PASSED  ] 1 test.

Repeating all tests (iteration 74) . . .

Note: Google Test filter = HvfExecutor.Native*
[==========] Running 1 test from 1 test suite.
[----------] 1 test from HvfExecutor
[ RUN      ] HvfExecutor.NativeIntelCancellationAndCompletionFailureAllowRetry
[       OK ] HvfExecutor.NativeIntelCancellationAndCompletionFailureAllowRetry (250 ms)
[----------] 1 test from HvfExecutor (250 ms total)

[==========] 1 test from 1 test suite ran. (250 ms total)
[  PASSED  ] 1 test.

Repeating all tests (iteration 75) . . .

Note: Google Test filter = HvfExecutor.Native*
[==========] Running 1 test from 1 test suite.
[----------] 1 test from HvfExecutor
[ RUN      ] HvfExecutor.NativeIntelCancellationAndCompletionFailureAllowRetry
[       OK ] HvfExecutor.NativeIntelCancellationAndCompletionFailureAllowRetry (122 ms)
[----------] 1 test from HvfExecutor (122 ms total)

[==========] 1 test from 1 test suite ran. (122 ms total)
[  PASSED  ] 1 test.

Repeating all tests (iteration 76) . . .

Note: Google Test filter = HvfExecutor.Native*
[==========] Running 1 test from 1 test suite.
[----------] 1 test from HvfExecutor
[ RUN      ] HvfExecutor.NativeIntelCancellationAndCompletionFailureAllowRetry
[       OK ] HvfExecutor.NativeIntelCancellationAndCompletionFailureAllowRetry (244 ms)
[----------] 1 test from HvfExecutor (244 ms total)

[==========] 1 test from 1 test suite ran. (244 ms total)
[  PASSED  ] 1 test.

Repeating all tests (iteration 77) . . .

Note: Google Test filter = HvfExecutor.Native*
[==========] Running 1 test from 1 test suite.
[----------] 1 test from HvfExecutor
[ RUN      ] HvfExecutor.NativeIntelCancellationAndCompletionFailureAllowRetry
[       OK ] HvfExecutor.NativeIntelCancellationAndCompletionFailureAllowRetry (288 ms)
[----------] 1 test from HvfExecutor (288 ms total)

[==========] 1 test from 1 test suite ran. (288 ms total)
[  PASSED  ] 1 test.

Repeating all tests (iteration 78) . . .

Note: Google Test filter = HvfExecutor.Native*
[==========] Running 1 test from 1 test suite.
[----------] 1 test from HvfExecutor
[ RUN      ] HvfExecutor.NativeIntelCancellationAndCompletionFailureAllowRetry
[       OK ] HvfExecutor.NativeIntelCancellationAndCompletionFailureAllowRetry (212 ms)
[----------] 1 test from HvfExecutor (213 ms total)

[==========] 1 test from 1 test suite ran. (213 ms total)
[  PASSED  ] 1 test.

Repeating all tests (iteration 79) . . .

Note: Google Test filter = HvfExecutor.Native*
[==========] Running 1 test from 1 test suite.
[----------] 1 test from HvfExecutor
[ RUN      ] HvfExecutor.NativeIntelCancellationAndCompletionFailureAllowRetry
[       OK ] HvfExecutor.NativeIntelCancellationAndCompletionFailureAllowRetry (243 ms)
[----------] 1 test from HvfExecutor (243 ms total)

[==========] 1 test from 1 test suite ran. (243 ms total)
[  PASSED  ] 1 test.

Repeating all tests (iteration 80) . . .

Note: Google Test filter = HvfExecutor.Native*
[==========] Running 1 test from 1 test suite.
[----------] 1 test from HvfExecutor
[ RUN      ] HvfExecutor.NativeIntelCancellationAndCompletionFailureAllowRetry
[       OK ] HvfExecutor.NativeIntelCancellationAndCompletionFailureAllowRetry (448 ms)
[----------] 1 test from HvfExecutor (448 ms total)

[==========] 1 test from 1 test suite ran. (448 ms total)
[  PASSED  ] 1 test.

Repeating all tests (iteration 81) . . .

Note: Google Test filter = HvfExecutor.Native*
[==========] Running 1 test from 1 test suite.
[----------] 1 test from HvfExecutor
[ RUN      ] HvfExecutor.NativeIntelCancellationAndCompletionFailureAllowRetry
[       OK ] HvfExecutor.NativeIntelCancellationAndCompletionFailureAllowRetry (252 ms)
[----------] 1 test from HvfExecutor (252 ms total)

[==========] 1 test from 1 test suite ran. (252 ms total)
[  PASSED  ] 1 test.

Repeating all tests (iteration 82) . . .

Note: Google Test filter = HvfExecutor.Native*
[==========] Running 1 test from 1 test suite.
[----------] 1 test from HvfExecutor
[ RUN      ] HvfExecutor.NativeIntelCancellationAndCompletionFailureAllowRetry
[       OK ] HvfExecutor.NativeIntelCancellationAndCompletionFailureAllowRetry (269 ms)
[----------] 1 test from HvfExecutor (269 ms total)

[==========] 1 test from 1 test suite ran. (269 ms total)
[  PASSED  ] 1 test.

Repeating all tests (iteration 83) . . .

Note: Google Test filter = HvfExecutor.Native*
[==========] Running 1 test from 1 test suite.
[----------] 1 test from HvfExecutor
[ RUN      ] HvfExecutor.NativeIntelCancellationAndCompletionFailureAllowRetry
[       OK ] HvfExecutor.NativeIntelCancellationAndCompletionFailureAllowRetry (266 ms)
[----------] 1 test from HvfExecutor (266 ms total)

[==========] 1 test from 1 test suite ran. (266 ms total)
[  PASSED  ] 1 test.

Repeating all tests (iteration 84) . . .

Note: Google Test filter = HvfExecutor.Native*
[==========] Running 1 test from 1 test suite.
[----------] 1 test from HvfExecutor
[ RUN      ] HvfExecutor.NativeIntelCancellationAndCompletionFailureAllowRetry
[       OK ] HvfExecutor.NativeIntelCancellationAndCompletionFailureAllowRetry (433 ms)
[----------] 1 test from HvfExecutor (433 ms total)

[==========] 1 test from 1 test suite ran. (433 ms total)
[  PASSED  ] 1 test.

Repeating all tests (iteration 85) . . .

Note: Google Test filter = HvfExecutor.Native*
[==========] Running 1 test from 1 test suite.
[----------] 1 test from HvfExecutor
[ RUN      ] HvfExecutor.NativeIntelCancellationAndCompletionFailureAllowRetry
[       OK ] HvfExecutor.NativeIntelCancellationAndCompletionFailureAllowRetry (336 ms)
[----------] 1 test from HvfExecutor (336 ms total)

[==========] 1 test from 1 test suite ran. (336 ms total)
[  PASSED  ] 1 test.

Repeating all tests (iteration 86) . . .

Note: Google Test filter = HvfExecutor.Native*
[==========] Running 1 test from 1 test suite.
[----------] 1 test from HvfExecutor
[ RUN      ] HvfExecutor.NativeIntelCancellationAndCompletionFailureAllowRetry
[       OK ] HvfExecutor.NativeIntelCancellationAndCompletionFailureAllowRetry (327 ms)
[----------] 1 test from HvfExecutor (327 ms total)

[==========] 1 test from 1 test suite ran. (327 ms total)
[  PASSED  ] 1 test.

Repeating all tests (iteration 87) . . .

Note: Google Test filter = HvfExecutor.Native*
[==========] Running 1 test from 1 test suite.
[----------] 1 test from HvfExecutor
[ RUN      ] HvfExecutor.NativeIntelCancellationAndCompletionFailureAllowRetry
[       OK ] HvfExecutor.NativeIntelCancellationAndCompletionFailureAllowRetry (341 ms)
[----------] 1 test from HvfExecutor (341 ms total)

[==========] 1 test from 1 test suite ran. (341 ms total)
[  PASSED  ] 1 test.

Repeating all tests (iteration 88) . . .

Note: Google Test filter = HvfExecutor.Native*
[==========] Running 1 test from 1 test suite.
[----------] 1 test from HvfExecutor
[ RUN      ] HvfExecutor.NativeIntelCancellationAndCompletionFailureAllowRetry
[       OK ] HvfExecutor.NativeIntelCancellationAndCompletionFailureAllowRetry (377 ms)
[----------] 1 test from HvfExecutor (377 ms total)

[==========] 1 test from 1 test suite ran. (377 ms total)
[  PASSED  ] 1 test.

Repeating all tests (iteration 89) . . .

Note: Google Test filter = HvfExecutor.Native*
[==========] Running 1 test from 1 test suite.
[----------] 1 test from HvfExecutor
[ RUN      ] HvfExecutor.NativeIntelCancellationAndCompletionFailureAllowRetry
[       OK ] HvfExecutor.NativeIntelCancellationAndCompletionFailureAllowRetry (199 ms)
[----------] 1 test from HvfExecutor (199 ms total)

[==========] 1 test from 1 test suite ran. (199 ms total)
[  PASSED  ] 1 test.

Repeating all tests (iteration 90) . . .

Note: Google Test filter = HvfExecutor.Native*
[==========] Running 1 test from 1 test suite.
[----------] 1 test from HvfExecutor
[ RUN      ] HvfExecutor.NativeIntelCancellationAndCompletionFailureAllowRetry
[       OK ] HvfExecutor.NativeIntelCancellationAndCompletionFailureAllowRetry (342 ms)
[----------] 1 test from HvfExecutor (342 ms total)

[==========] 1 test from 1 test suite ran. (342 ms total)
[  PASSED  ] 1 test.

Repeating all tests (iteration 91) . . .

Note: Google Test filter = HvfExecutor.Native*
[==========] Running 1 test from 1 test suite.
[----------] 1 test from HvfExecutor
[ RUN      ] HvfExecutor.NativeIntelCancellationAndCompletionFailureAllowRetry
[       OK ] HvfExecutor.NativeIntelCancellationAndCompletionFailureAllowRetry (269 ms)
[----------] 1 test from HvfExecutor (269 ms total)

[==========] 1 test from 1 test suite ran. (269 ms total)
[  PASSED  ] 1 test.

Repeating all tests (iteration 92) . . .

Note: Google Test filter = HvfExecutor.Native*
[==========] Running 1 test from 1 test suite.
[----------] 1 test from HvfExecutor
[ RUN      ] HvfExecutor.NativeIntelCancellationAndCompletionFailureAllowRetry
[       OK ] HvfExecutor.NativeIntelCancellationAndCompletionFailureAllowRetry (229 ms)
[----------] 1 test from HvfExecutor (229 ms total)

[==========] 1 test from 1 test suite ran. (229 ms total)
[  PASSED  ] 1 test.

Repeating all tests (iteration 93) . . .

Note: Google Test filter = HvfExecutor.Native*
[==========] Running 1 test from 1 test suite.
[----------] 1 test from HvfExecutor
[ RUN      ] HvfExecutor.NativeIntelCancellationAndCompletionFailureAllowRetry
[       OK ] HvfExecutor.NativeIntelCancellationAndCompletionFailureAllowRetry (408 ms)
[----------] 1 test from HvfExecutor (408 ms total)

[==========] 1 test from 1 test suite ran. (408 ms total)
[  PASSED  ] 1 test.

Repeating all tests (iteration 94) . . .

Note: Google Test filter = HvfExecutor.Native*
[==========] Running 1 test from 1 test suite.
[----------] 1 test from HvfExecutor
[ RUN      ] HvfExecutor.NativeIntelCancellationAndCompletionFailureAllowRetry
[       OK ] HvfExecutor.NativeIntelCancellationAndCompletionFailureAllowRetry (246 ms)
[----------] 1 test from HvfExecutor (246 ms total)

[==========] 1 test from 1 test suite ran. (246 ms total)
[  PASSED  ] 1 test.

Repeating all tests (iteration 95) . . .

Note: Google Test filter = HvfExecutor.Native*
[==========] Running 1 test from 1 test suite.
[----------] 1 test from HvfExecutor
[ RUN      ] HvfExecutor.NativeIntelCancellationAndCompletionFailureAllowRetry
[       OK ] HvfExecutor.NativeIntelCancellationAndCompletionFailureAllowRetry (412 ms)
[----------] 1 test from HvfExecutor (412 ms total)

[==========] 1 test from 1 test suite ran. (412 ms total)
[  PASSED  ] 1 test.

Repeating all tests (iteration 96) . . .

Note: Google Test filter = HvfExecutor.Native*
[==========] Running 1 test from 1 test suite.
[----------] 1 test from HvfExecutor
[ RUN      ] HvfExecutor.NativeIntelCancellationAndCompletionFailureAllowRetry
[       OK ] HvfExecutor.NativeIntelCancellationAndCompletionFailureAllowRetry (339 ms)
[----------] 1 test from HvfExecutor (340 ms total)

[==========] 1 test from 1 test suite ran. (340 ms total)
[  PASSED  ] 1 test.

Repeating all tests (iteration 97) . . .

Note: Google Test filter = HvfExecutor.Native*
[==========] Running 1 test from 1 test suite.
[----------] 1 test from HvfExecutor
[ RUN      ] HvfExecutor.NativeIntelCancellationAndCompletionFailureAllowRetry
[       OK ] HvfExecutor.NativeIntelCancellationAndCompletionFailureAllowRetry (214 ms)
[----------] 1 test from HvfExecutor (214 ms total)

[==========] 1 test from 1 test suite ran. (214 ms total)
[  PASSED  ] 1 test.

Repeating all tests (iteration 98) . . .

Note: Google Test filter = HvfExecutor.Native*
[==========] Running 1 test from 1 test suite.
[----------] 1 test from HvfExecutor
[ RUN      ] HvfExecutor.NativeIntelCancellationAndCompletionFailureAllowRetry
[       OK ] HvfExecutor.NativeIntelCancellationAndCompletionFailureAllowRetry (302 ms)
[----------] 1 test from HvfExecutor (302 ms total)

[==========] 1 test from 1 test suite ran. (302 ms total)
[  PASSED  ] 1 test.

Repeating all tests (iteration 99) . . .

Note: Google Test filter = HvfExecutor.Native*
[==========] Running 1 test from 1 test suite.
[----------] 1 test from HvfExecutor
[ RUN      ] HvfExecutor.NativeIntelCancellationAndCompletionFailureAllowRetry
[       OK ] HvfExecutor.NativeIntelCancellationAndCompletionFailureAllowRetry (230 ms)
[----------] 1 test from HvfExecutor (230 ms total)

[==========] 1 test from 1 test suite ran. (230 ms total)
[  PASSED  ] 1 test.

Repeating all tests (iteration 100) . . .

Note: Google Test filter = HvfExecutor.Native*
[==========] Running 1 test from 1 test suite.
[----------] 1 test from HvfExecutor
[ RUN      ] HvfExecutor.NativeIntelCancellationAndCompletionFailureAllowRetry
[       OK ] HvfExecutor.NativeIntelCancellationAndCompletionFailureAllowRetry (333 ms)
[----------] 1 test from HvfExecutor (333 ms total)

[==========] 1 test from 1 test suite ran. (333 ms total)
[  PASSED  ] 1 test.

Repeating all tests (iteration 101) . . .

Note: Google Test filter = HvfExecutor.Native*
[==========] Running 1 test from 1 test suite.
[----------] 1 test from HvfExecutor
[ RUN      ] HvfExecutor.NativeIntelCancellationAndCompletionFailureAllowRetry
[       OK ] HvfExecutor.NativeIntelCancellationAndCompletionFailureAllowRetry (220 ms)
[----------] 1 test from HvfExecutor (220 ms total)

[==========] 1 test from 1 test suite ran. (220 ms total)
[  PASSED  ] 1 test.

Repeating all tests (iteration 102) . . .

Note: Google Test filter = HvfExecutor.Native*
[==========] Running 1 test from 1 test suite.
[----------] 1 test from HvfExecutor
[ RUN      ] HvfExecutor.NativeIntelCancellationAndCompletionFailureAllowRetry
[       OK ] HvfExecutor.NativeIntelCancellationAndCompletionFailureAllowRetry (281 ms)
[----------] 1 test from HvfExecutor (281 ms total)

[==========] 1 test from 1 test suite ran. (281 ms total)
[  PASSED  ] 1 test.

Repeating all tests (iteration 103) . . .

Note: Google Test filter = HvfExecutor.Native*
[==========] Running 1 test from 1 test suite.
[----------] 1 test from HvfExecutor
[ RUN      ] HvfExecutor.NativeIntelCancellationAndCompletionFailureAllowRetry
[       OK ] HvfExecutor.NativeIntelCancellationAndCompletionFailureAllowRetry (303 ms)
[----------] 1 test from HvfExecutor (303 ms total)

[==========] 1 test from 1 test suite ran. (303 ms total)
[  PASSED  ] 1 test.

Repeating all tests (iteration 104) . . .

Note: Google Test filter = HvfExecutor.Native*
[==========] Running 1 test from 1 test suite.
[----------] 1 test from HvfExecutor
[ RUN      ] HvfExecutor.NativeIntelCancellationAndCompletionFailureAllowRetry
[       OK ] HvfExecutor.NativeIntelCancellationAndCompletionFailureAllowRetry (421 ms)
[----------] 1 test from HvfExecutor (422 ms total)

[==========] 1 test from 1 test suite ran. (422 ms total)
[  PASSED  ] 1 test.

Repeating all tests (iteration 105) . . .

Note: Google Test filter = HvfExecutor.Native*
[==========] Running 1 test from 1 test suite.
[----------] 1 test from HvfExecutor
[ RUN      ] HvfExecutor.NativeIntelCancellationAndCompletionFailureAllowRetry
[       OK ] HvfExecutor.NativeIntelCancellationAndCompletionFailureAllowRetry (334 ms)
[----------] 1 test from HvfExecutor (335 ms total)

[==========] 1 test from 1 test suite ran. (335 ms total)
[  PASSED  ] 1 test.

Repeating all tests (iteration 106) . . .

Note: Google Test filter = HvfExecutor.Native*
[==========] Running 1 test from 1 test suite.
[----------] 1 test from HvfExecutor
[ RUN      ] HvfExecutor.NativeIntelCancellationAndCompletionFailureAllowRetry
[       OK ] HvfExecutor.NativeIntelCancellationAndCompletionFailureAllowRetry (269 ms)
[----------] 1 test from HvfExecutor (269 ms total)

[==========] 1 test from 1 test suite ran. (269 ms total)
[  PASSED  ] 1 test.

Repeating all tests (iteration 107) . . .

Note: Google Test filter = HvfExecutor.Native*
[==========] Running 1 test from 1 test suite.
[----------] 1 test from HvfExecutor
[ RUN      ] HvfExecutor.NativeIntelCancellationAndCompletionFailureAllowRetry
[       OK ] HvfExecutor.NativeIntelCancellationAndCompletionFailureAllowRetry (242 ms)
[----------] 1 test from HvfExecutor (242 ms total)

[==========] 1 test from 1 test suite ran. (242 ms total)
[  PASSED  ] 1 test.

Repeating all tests (iteration 108) . . .

Note: Google Test filter = HvfExecutor.Native*
[==========] Running 1 test from 1 test suite.
[----------] 1 test from HvfExecutor
[ RUN      ] HvfExecutor.NativeIntelCancellationAndCompletionFailureAllowRetry
[       OK ] HvfExecutor.NativeIntelCancellationAndCompletionFailureAllowRetry (344 ms)
[----------] 1 test from HvfExecutor (344 ms total)

[==========] 1 test from 1 test suite ran. (344 ms total)
[  PASSED  ] 1 test.

Repeating all tests (iteration 109) . . .

Note: Google Test filter = HvfExecutor.Native*
[==========] Running 1 test from 1 test suite.
[----------] 1 test from HvfExecutor
[ RUN      ] HvfExecutor.NativeIntelCancellationAndCompletionFailureAllowRetry
[       OK ] HvfExecutor.NativeIntelCancellationAndCompletionFailureAllowRetry (351 ms)
[----------] 1 test from HvfExecutor (351 ms total)

[==========] 1 test from 1 test suite ran. (351 ms total)
[  PASSED  ] 1 test.

Repeating all tests (iteration 110) . . .

Note: Google Test filter = HvfExecutor.Native*
[==========] Running 1 test from 1 test suite.
[----------] 1 test from HvfExecutor
[ RUN      ] HvfExecutor.NativeIntelCancellationAndCompletionFailureAllowRetry
[       OK ] HvfExecutor.NativeIntelCancellationAndCompletionFailureAllowRetry (397 ms)
[----------] 1 test from HvfExecutor (397 ms total)

[==========] 1 test from 1 test suite ran. (397 ms total)
[  PASSED  ] 1 test.

Repeating all tests (iteration 111) . . .

Note: Google Test filter = HvfExecutor.Native*
[==========] Running 1 test from 1 test suite.
[----------] 1 test from HvfExecutor
[ RUN      ] HvfExecutor.NativeIntelCancellationAndCompletionFailureAllowRetry
[       OK ] HvfExecutor.NativeIntelCancellationAndCompletionFailureAllowRetry (217 ms)
[----------] 1 test from HvfExecutor (217 ms total)

[==========] 1 test from 1 test suite ran. (217 ms total)
[  PASSED  ] 1 test.

Repeating all tests (iteration 112) . . .

Note: Google Test filter = HvfExecutor.Native*
[==========] Running 1 test from 1 test suite.
[----------] 1 test from HvfExecutor
[ RUN      ] HvfExecutor.NativeIntelCancellationAndCompletionFailureAllowRetry
[       OK ] HvfExecutor.NativeIntelCancellationAndCompletionFailureAllowRetry (284 ms)
[----------] 1 test from HvfExecutor (284 ms total)

[==========] 1 test from 1 test suite ran. (284 ms total)
[  PASSED  ] 1 test.

Repeating all tests (iteration 113) . . .

Note: Google Test filter = HvfExecutor.Native*
[==========] Running 1 test from 1 test suite.
[----------] 1 test from HvfExecutor
[ RUN      ] HvfExecutor.NativeIntelCancellationAndCompletionFailureAllowRetry
[       OK ] HvfExecutor.NativeIntelCancellationAndCompletionFailureAllowRetry (228 ms)
[----------] 1 test from HvfExecutor (228 ms total)

[==========] 1 test from 1 test suite ran. (228 ms total)
[  PASSED  ] 1 test.

Repeating all tests (iteration 114) . . .

Note: Google Test filter = HvfExecutor.Native*
[==========] Running 1 test from 1 test suite.
[----------] 1 test from HvfExecutor
[ RUN      ] HvfExecutor.NativeIntelCancellationAndCompletionFailureAllowRetry
[       OK ] HvfExecutor.NativeIntelCancellationAndCompletionFailureAllowRetry (126 ms)
[----------] 1 test from HvfExecutor (126 ms total)

[==========] 1 test from 1 test suite ran. (126 ms total)
[  PASSED  ] 1 test.

Repeating all tests (iteration 115) . . .

Note: Google Test filter = HvfExecutor.Native*
[==========] Running 1 test from 1 test suite.
[----------] 1 test from HvfExecutor
[ RUN      ] HvfExecutor.NativeIntelCancellationAndCompletionFailureAllowRetry
[       OK ] HvfExecutor.NativeIntelCancellationAndCompletionFailureAllowRetry (284 ms)
[----------] 1 test from HvfExecutor (284 ms total)

[==========] 1 test from 1 test suite ran. (284 ms total)
[  PASSED  ] 1 test.

Repeating all tests (iteration 116) . . .

Note: Google Test filter = HvfExecutor.Native*
[==========] Running 1 test from 1 test suite.
[----------] 1 test from HvfExecutor
[ RUN      ] HvfExecutor.NativeIntelCancellationAndCompletionFailureAllowRetry
[       OK ] HvfExecutor.NativeIntelCancellationAndCompletionFailureAllowRetry (317 ms)
[----------] 1 test from HvfExecutor (317 ms total)

[==========] 1 test from 1 test suite ran. (317 ms total)
[  PASSED  ] 1 test.

Repeating all tests (iteration 117) . . .

Note: Google Test filter = HvfExecutor.Native*
[==========] Running 1 test from 1 test suite.
[----------] 1 test from HvfExecutor
[ RUN      ] HvfExecutor.NativeIntelCancellationAndCompletionFailureAllowRetry
[       OK ] HvfExecutor.NativeIntelCancellationAndCompletionFailureAllowRetry (128 ms)
[----------] 1 test from HvfExecutor (128 ms total)

[==========] 1 test from 1 test suite ran. (128 ms total)
[  PASSED  ] 1 test.

Repeating all tests (iteration 118) . . .

Note: Google Test filter = HvfExecutor.Native*
[==========] Running 1 test from 1 test suite.
[----------] 1 test from HvfExecutor
[ RUN      ] HvfExecutor.NativeIntelCancellationAndCompletionFailureAllowRetry
[       OK ] HvfExecutor.NativeIntelCancellationAndCompletionFailureAllowRetry (313 ms)
[----------] 1 test from HvfExecutor (313 ms total)

[==========] 1 test from 1 test suite ran. (313 ms total)
[  PASSED  ] 1 test.

Repeating all tests (iteration 119) . . .

Note: Google Test filter = HvfExecutor.Native*
[==========] Running 1 test from 1 test suite.
[----------] 1 test from HvfExecutor
[ RUN      ] HvfExecutor.NativeIntelCancellationAndCompletionFailureAllowRetry
[       OK ] HvfExecutor.NativeIntelCancellationAndCompletionFailureAllowRetry (256 ms)
[----------] 1 test from HvfExecutor (256 ms total)

[==========] 1 test from 1 test suite ran. (256 ms total)
[  PASSED  ] 1 test.

Repeating all tests (iteration 120) . . .

Note: Google Test filter = HvfExecutor.Native*
[==========] Running 1 test from 1 test suite.
[----------] 1 test from HvfExecutor
[ RUN      ] HvfExecutor.NativeIntelCancellationAndCompletionFailureAllowRetry
[       OK ] HvfExecutor.NativeIntelCancellationAndCompletionFailureAllowRetry (282 ms)
[----------] 1 test from HvfExecutor (282 ms total)

[==========] 1 test from 1 test suite ran. (282 ms total)
[  PASSED  ] 1 test.

Repeating all tests (iteration 121) . . .

Note: Google Test filter = HvfExecutor.Native*
[==========] Running 1 test from 1 test suite.
[----------] 1 test from HvfExecutor
[ RUN      ] HvfExecutor.NativeIntelCancellationAndCompletionFailureAllowRetry
[       OK ] HvfExecutor.NativeIntelCancellationAndCompletionFailureAllowRetry (363 ms)
[----------] 1 test from HvfExecutor (363 ms total)

[==========] 1 test from 1 test suite ran. (363 ms total)
[  PASSED  ] 1 test.

Repeating all tests (iteration 122) . . .

Note: Google Test filter = HvfExecutor.Native*
[==========] Running 1 test from 1 test suite.
[----------] 1 test from HvfExecutor
[ RUN      ] HvfExecutor.NativeIntelCancellationAndCompletionFailureAllowRetry
[       OK ] HvfExecutor.NativeIntelCancellationAndCompletionFailureAllowRetry (300 ms)
[----------] 1 test from HvfExecutor (300 ms total)

[==========] 1 test from 1 test suite ran. (300 ms total)
[  PASSED  ] 1 test.

Repeating all tests (iteration 123) . . .

Note: Google Test filter = HvfExecutor.Native*
[==========] Running 1 test from 1 test suite.
[----------] 1 test from HvfExecutor
[ RUN      ] HvfExecutor.NativeIntelCancellationAndCompletionFailureAllowRetry
[       OK ] HvfExecutor.NativeIntelCancellationAndCompletionFailureAllowRetry (290 ms)
[----------] 1 test from HvfExecutor (290 ms total)

[==========] 1 test from 1 test suite ran. (290 ms total)
[  PASSED  ] 1 test.

Repeating all tests (iteration 124) . . .

Note: Google Test filter = HvfExecutor.Native*
[==========] Running 1 test from 1 test suite.
[----------] 1 test from HvfExecutor
[ RUN      ] HvfExecutor.NativeIntelCancellationAndCompletionFailureAllowRetry
[       OK ] HvfExecutor.NativeIntelCancellationAndCompletionFailureAllowRetry (176 ms)
[----------] 1 test from HvfExecutor (176 ms total)

[==========] 1 test from 1 test suite ran. (176 ms total)
[  PASSED  ] 1 test.

Repeating all tests (iteration 125) . . .

Note: Google Test filter = HvfExecutor.Native*
[==========] Running 1 test from 1 test suite.
[----------] 1 test from HvfExecutor
[ RUN      ] HvfExecutor.NativeIntelCancellationAndCompletionFailureAllowRetry
[       OK ] HvfExecutor.NativeIntelCancellationAndCompletionFailureAllowRetry (165 ms)
[----------] 1 test from HvfExecutor (165 ms total)

[==========] 1 test from 1 test suite ran. (165 ms total)
[  PASSED  ] 1 test.

Repeating all tests (iteration 126) . . .

Note: Google Test filter = HvfExecutor.Native*
[==========] Running 1 test from 1 test suite.
[----------] 1 test from HvfExecutor
[ RUN      ] HvfExecutor.NativeIntelCancellationAndCompletionFailureAllowRetry
[       OK ] HvfExecutor.NativeIntelCancellationAndCompletionFailureAllowRetry (366 ms)
[----------] 1 test from HvfExecutor (366 ms total)

[==========] 1 test from 1 test suite ran. (366 ms total)
[  PASSED  ] 1 test.

Repeating all tests (iteration 127) . . .

Note: Google Test filter = HvfExecutor.Native*
[==========] Running 1 test from 1 test suite.
[----------] 1 test from HvfExecutor
[ RUN      ] HvfExecutor.NativeIntelCancellationAndCompletionFailureAllowRetry
[       OK ] HvfExecutor.NativeIntelCancellationAndCompletionFailureAllowRetry (269 ms)
[----------] 1 test from HvfExecutor (269 ms total)

[==========] 1 test from 1 test suite ran. (269 ms total)
[  PASSED  ] 1 test.

Repeating all tests (iteration 128) . . .

Note: Google Test filter = HvfExecutor.Native*
[==========] Running 1 test from 1 test suite.
[----------] 1 test from HvfExecutor
[ RUN      ] HvfExecutor.NativeIntelCancellationAndCompletionFailureAllowRetry
[       OK ] HvfExecutor.NativeIntelCancellationAndCompletionFailureAllowRetry (292 ms)
[----------] 1 test from HvfExecutor (292 ms total)

[==========] 1 test from 1 test suite ran. (292 ms total)
[  PASSED  ] 1 test.

Repeating all tests (iteration 129) . . .

Note: Google Test filter = HvfExecutor.Native*
[==========] Running 1 test from 1 test suite.
[----------] 1 test from HvfExecutor
[ RUN      ] HvfExecutor.NativeIntelCancellationAndCompletionFailureAllowRetry
[       OK ] HvfExecutor.NativeIntelCancellationAndCompletionFailureAllowRetry (223 ms)
[----------] 1 test from HvfExecutor (223 ms total)

[==========] 1 test from 1 test suite ran. (223 ms total)
[  PASSED  ] 1 test.

Repeating all tests (iteration 130) . . .

Note: Google Test filter = HvfExecutor.Native*
[==========] Running 1 test from 1 test suite.
[----------] 1 test from HvfExecutor
[ RUN      ] HvfExecutor.NativeIntelCancellationAndCompletionFailureAllowRetry
[       OK ] HvfExecutor.NativeIntelCancellationAndCompletionFailureAllowRetry (361 ms)
[----------] 1 test from HvfExecutor (361 ms total)

[==========] 1 test from 1 test suite ran. (361 ms total)
[  PASSED  ] 1 test.

Repeating all tests (iteration 131) . . .

Note: Google Test filter = HvfExecutor.Native*
[==========] Running 1 test from 1 test suite.
[----------] 1 test from HvfExecutor
[ RUN      ] HvfExecutor.NativeIntelCancellationAndCompletionFailureAllowRetry
[       OK ] HvfExecutor.NativeIntelCancellationAndCompletionFailureAllowRetry (292 ms)
[----------] 1 test from HvfExecutor (292 ms total)

[==========] 1 test from 1 test suite ran. (292 ms total)
[  PASSED  ] 1 test.

Repeating all tests (iteration 132) . . .

Note: Google Test filter = HvfExecutor.Native*
[==========] Running 1 test from 1 test suite.
[----------] 1 test from HvfExecutor
[ RUN      ] HvfExecutor.NativeIntelCancellationAndCompletionFailureAllowRetry
[       OK ] HvfExecutor.NativeIntelCancellationAndCompletionFailureAllowRetry (189 ms)
[----------] 1 test from HvfExecutor (189 ms total)

[==========] 1 test from 1 test suite ran. (189 ms total)
[  PASSED  ] 1 test.

Repeating all tests (iteration 133) . . .

Note: Google Test filter = HvfExecutor.Native*
[==========] Running 1 test from 1 test suite.
[----------] 1 test from HvfExecutor
[ RUN      ] HvfExecutor.NativeIntelCancellationAndCompletionFailureAllowRetry
[       OK ] HvfExecutor.NativeIntelCancellationAndCompletionFailureAllowRetry (324 ms)
[----------] 1 test from HvfExecutor (324 ms total)

[==========] 1 test from 1 test suite ran. (324 ms total)
[  PASSED  ] 1 test.

Repeating all tests (iteration 134) . . .

Note: Google Test filter = HvfExecutor.Native*
[==========] Running 1 test from 1 test suite.
[----------] 1 test from HvfExecutor
[ RUN      ] HvfExecutor.NativeIntelCancellationAndCompletionFailureAllowRetry
[       OK ] HvfExecutor.NativeIntelCancellationAndCompletionFailureAllowRetry (316 ms)
[----------] 1 test from HvfExecutor (316 ms total)

[==========] 1 test from 1 test suite ran. (317 ms total)
[  PASSED  ] 1 test.

Repeating all tests (iteration 135) . . .

Note: Google Test filter = HvfExecutor.Native*
[==========] Running 1 test from 1 test suite.
[----------] 1 test from HvfExecutor
[ RUN      ] HvfExecutor.NativeIntelCancellationAndCompletionFailureAllowRetry
[       OK ] HvfExecutor.NativeIntelCancellationAndCompletionFailureAllowRetry (378 ms)
[----------] 1 test from HvfExecutor (378 ms total)

[==========] 1 test from 1 test suite ran. (378 ms total)
[  PASSED  ] 1 test.

Repeating all tests (iteration 136) . . .

Note: Google Test filter = HvfExecutor.Native*
[==========] Running 1 test from 1 test suite.
[----------] 1 test from HvfExecutor
[ RUN      ] HvfExecutor.NativeIntelCancellationAndCompletionFailureAllowRetry
[       OK ] HvfExecutor.NativeIntelCancellationAndCompletionFailureAllowRetry (271 ms)
[----------] 1 test from HvfExecutor (271 ms total)

[==========] 1 test from 1 test suite ran. (271 ms total)
[  PASSED  ] 1 test.

Repeating all tests (iteration 137) . . .

Note: Google Test filter = HvfExecutor.Native*
[==========] Running 1 test from 1 test suite.
[----------] 1 test from HvfExecutor
[ RUN      ] HvfExecutor.NativeIntelCancellationAndCompletionFailureAllowRetry
[       OK ] HvfExecutor.NativeIntelCancellationAndCompletionFailureAllowRetry (314 ms)
[----------] 1 test from HvfExecutor (314 ms total)

[==========] 1 test from 1 test suite ran. (314 ms total)
[  PASSED  ] 1 test.

Repeating all tests (iteration 138) . . .

Note: Google Test filter = HvfExecutor.Native*
[==========] Running 1 test from 1 test suite.
[----------] 1 test from HvfExecutor
[ RUN      ] HvfExecutor.NativeIntelCancellationAndCompletionFailureAllowRetry
[       OK ] HvfExecutor.NativeIntelCancellationAndCompletionFailureAllowRetry (209 ms)
[----------] 1 test from HvfExecutor (209 ms total)

[==========] 1 test from 1 test suite ran. (209 ms total)
[  PASSED  ] 1 test.

Repeating all tests (iteration 139) . . .

Note: Google Test filter = HvfExecutor.Native*
[==========] Running 1 test from 1 test suite.
[----------] 1 test from HvfExecutor
[ RUN      ] HvfExecutor.NativeIntelCancellationAndCompletionFailureAllowRetry
[       OK ] HvfExecutor.NativeIntelCancellationAndCompletionFailureAllowRetry (303 ms)
[----------] 1 test from HvfExecutor (303 ms total)

[==========] 1 test from 1 test suite ran. (303 ms total)
[  PASSED  ] 1 test.

Repeating all tests (iteration 140) . . .

Note: Google Test filter = HvfExecutor.Native*
[==========] Running 1 test from 1 test suite.
[----------] 1 test from HvfExecutor
[ RUN      ] HvfExecutor.NativeIntelCancellationAndCompletionFailureAllowRetry
[       OK ] HvfExecutor.NativeIntelCancellationAndCompletionFailureAllowRetry (238 ms)
[----------] 1 test from HvfExecutor (238 ms total)

[==========] 1 test from 1 test suite ran. (238 ms total)
[  PASSED  ] 1 test.

Repeating all tests (iteration 141) . . .

Note: Google Test filter = HvfExecutor.Native*
[==========] Running 1 test from 1 test suite.
[----------] 1 test from HvfExecutor
[ RUN      ] HvfExecutor.NativeIntelCancellationAndCompletionFailureAllowRetry
[       OK ] HvfExecutor.NativeIntelCancellationAndCompletionFailureAllowRetry (235 ms)
[----------] 1 test from HvfExecutor (235 ms total)

[==========] 1 test from 1 test suite ran. (235 ms total)
[  PASSED  ] 1 test.

Repeating all tests (iteration 142) . . .

Note: Google Test filter = HvfExecutor.Native*
[==========] Running 1 test from 1 test suite.
[----------] 1 test from HvfExecutor
[ RUN      ] HvfExecutor.NativeIntelCancellationAndCompletionFailureAllowRetry
[       OK ] HvfExecutor.NativeIntelCancellationAndCompletionFailureAllowRetry (210 ms)
[----------] 1 test from HvfExecutor (210 ms total)

[==========] 1 test from 1 test suite ran. (210 ms total)
[  PASSED  ] 1 test.

Repeating all tests (iteration 143) . . .

Note: Google Test filter = HvfExecutor.Native*
[==========] Running 1 test from 1 test suite.
[----------] 1 test from HvfExecutor
[ RUN      ] HvfExecutor.NativeIntelCancellationAndCompletionFailureAllowRetry
[       OK ] HvfExecutor.NativeIntelCancellationAndCompletionFailureAllowRetry (147 ms)
[----------] 1 test from HvfExecutor (147 ms total)

[==========] 1 test from 1 test suite ran. (147 ms total)
[  PASSED  ] 1 test.

Repeating all tests (iteration 144) . . .

Note: Google Test filter = HvfExecutor.Native*
[==========] Running 1 test from 1 test suite.
[----------] 1 test from HvfExecutor
[ RUN      ] HvfExecutor.NativeIntelCancellationAndCompletionFailureAllowRetry
[       OK ] HvfExecutor.NativeIntelCancellationAndCompletionFailureAllowRetry (190 ms)
[----------] 1 test from HvfExecutor (190 ms total)

[==========] 1 test from 1 test suite ran. (190 ms total)
[  PASSED  ] 1 test.

Repeating all tests (iteration 145) . . .

Note: Google Test filter = HvfExecutor.Native*
[==========] Running 1 test from 1 test suite.
[----------] 1 test from HvfExecutor
[ RUN      ] HvfExecutor.NativeIntelCancellationAndCompletionFailureAllowRetry
[       OK ] HvfExecutor.NativeIntelCancellationAndCompletionFailureAllowRetry (155 ms)
[----------] 1 test from HvfExecutor (155 ms total)

[==========] 1 test from 1 test suite ran. (155 ms total)
[  PASSED  ] 1 test.

Repeating all tests (iteration 146) . . .

Note: Google Test filter = HvfExecutor.Native*
[==========] Running 1 test from 1 test suite.
[----------] 1 test from HvfExecutor
[ RUN      ] HvfExecutor.NativeIntelCancellationAndCompletionFailureAllowRetry
[       OK ] HvfExecutor.NativeIntelCancellationAndCompletionFailureAllowRetry (157 ms)
[----------] 1 test from HvfExecutor (157 ms total)

[==========] 1 test from 1 test suite ran. (157 ms total)
[  PASSED  ] 1 test.

Repeating all tests (iteration 147) . . .

Note: Google Test filter = HvfExecutor.Native*
[==========] Running 1 test from 1 test suite.
[----------] 1 test from HvfExecutor
[ RUN      ] HvfExecutor.NativeIntelCancellationAndCompletionFailureAllowRetry
[       OK ] HvfExecutor.NativeIntelCancellationAndCompletionFailureAllowRetry (132 ms)
[----------] 1 test from HvfExecutor (132 ms total)

[==========] 1 test from 1 test suite ran. (132 ms total)
[  PASSED  ] 1 test.

Repeating all tests (iteration 148) . . .

Note: Google Test filter = HvfExecutor.Native*
[==========] Running 1 test from 1 test suite.
[----------] 1 test from HvfExecutor
[ RUN      ] HvfExecutor.NativeIntelCancellationAndCompletionFailureAllowRetry
[       OK ] HvfExecutor.NativeIntelCancellationAndCompletionFailureAllowRetry (346 ms)
[----------] 1 test from HvfExecutor (346 ms total)

[==========] 1 test from 1 test suite ran. (346 ms total)
[  PASSED  ] 1 test.

Repeating all tests (iteration 149) . . .

Note: Google Test filter = HvfExecutor.Native*
[==========] Running 1 test from 1 test suite.
[----------] 1 test from HvfExecutor
[ RUN      ] HvfExecutor.NativeIntelCancellationAndCompletionFailureAllowRetry
[       OK ] HvfExecutor.NativeIntelCancellationAndCompletionFailureAllowRetry (165 ms)
[----------] 1 test from HvfExecutor (165 ms total)

[==========] 1 test from 1 test suite ran. (165 ms total)
[  PASSED  ] 1 test.

Repeating all tests (iteration 150) . . .

Note: Google Test filter = HvfExecutor.Native*
[==========] Running 1 test from 1 test suite.
[----------] 1 test from HvfExecutor
[ RUN      ] HvfExecutor.NativeIntelCancellationAndCompletionFailureAllowRetry
[       OK ] HvfExecutor.NativeIntelCancellationAndCompletionFailureAllowRetry (335 ms)
[----------] 1 test from HvfExecutor (335 ms total)

[==========] 1 test from 1 test suite ran. (335 ms total)
[  PASSED  ] 1 test.

Repeating all tests (iteration 151) . . .

Note: Google Test filter = HvfExecutor.Native*
[==========] Running 1 test from 1 test suite.
[----------] 1 test from HvfExecutor
[ RUN      ] HvfExecutor.NativeIntelCancellationAndCompletionFailureAllowRetry
[       OK ] HvfExecutor.NativeIntelCancellationAndCompletionFailureAllowRetry (479 ms)
[----------] 1 test from HvfExecutor (479 ms total)

[==========] 1 test from 1 test suite ran. (479 ms total)
[  PASSED  ] 1 test.

Repeating all tests (iteration 152) . . .

Note: Google Test filter = HvfExecutor.Native*
[==========] Running 1 test from 1 test suite.
[----------] 1 test from HvfExecutor
[ RUN      ] HvfExecutor.NativeIntelCancellationAndCompletionFailureAllowRetry
[       OK ] HvfExecutor.NativeIntelCancellationAndCompletionFailureAllowRetry (254 ms)
[----------] 1 test from HvfExecutor (254 ms total)

[==========] 1 test from 1 test suite ran. (254 ms total)
[  PASSED  ] 1 test.

Repeating all tests (iteration 153) . . .

Note: Google Test filter = HvfExecutor.Native*
[==========] Running 1 test from 1 test suite.
[----------] 1 test from HvfExecutor
[ RUN      ] HvfExecutor.NativeIntelCancellationAndCompletionFailureAllowRetry
[       OK ] HvfExecutor.NativeIntelCancellationAndCompletionFailureAllowRetry (238 ms)
[----------] 1 test from HvfExecutor (238 ms total)

[==========] 1 test from 1 test suite ran. (238 ms total)
[  PASSED  ] 1 test.

Repeating all tests (iteration 154) . . .

Note: Google Test filter = HvfExecutor.Native*
[==========] Running 1 test from 1 test suite.
[----------] 1 test from HvfExecutor
[ RUN      ] HvfExecutor.NativeIntelCancellationAndCompletionFailureAllowRetry
[       OK ] HvfExecutor.NativeIntelCancellationAndCompletionFailureAllowRetry (284 ms)
[----------] 1 test from HvfExecutor (284 ms total)

[==========] 1 test from 1 test suite ran. (284 ms total)
[  PASSED  ] 1 test.

Repeating all tests (iteration 155) . . .

Note: Google Test filter = HvfExecutor.Native*
[==========] Running 1 test from 1 test suite.
[----------] 1 test from HvfExecutor
[ RUN      ] HvfExecutor.NativeIntelCancellationAndCompletionFailureAllowRetry
[       OK ] HvfExecutor.NativeIntelCancellationAndCompletionFailureAllowRetry (468 ms)
[----------] 1 test from HvfExecutor (469 ms total)

[==========] 1 test from 1 test suite ran. (469 ms total)
[  PASSED  ] 1 test.

Repeating all tests (iteration 156) . . .

Note: Google Test filter = HvfExecutor.Native*
[==========] Running 1 test from 1 test suite.
[----------] 1 test from HvfExecutor
[ RUN      ] HvfExecutor.NativeIntelCancellationAndCompletionFailureAllowRetry
[       OK ] HvfExecutor.NativeIntelCancellationAndCompletionFailureAllowRetry (348 ms)
[----------] 1 test from HvfExecutor (349 ms total)

[==========] 1 test from 1 test suite ran. (349 ms total)
[  PASSED  ] 1 test.

Repeating all tests (iteration 157) . . .

Note: Google Test filter = HvfExecutor.Native*
[==========] Running 1 test from 1 test suite.
[----------] 1 test from HvfExecutor
[ RUN      ] HvfExecutor.NativeIntelCancellationAndCompletionFailureAllowRetry
[       OK ] HvfExecutor.NativeIntelCancellationAndCompletionFailureAllowRetry (497 ms)
[----------] 1 test from HvfExecutor (497 ms total)

[==========] 1 test from 1 test suite ran. (497 ms total)
[  PASSED  ] 1 test.

Repeating all tests (iteration 158) . . .

Note: Google Test filter = HvfExecutor.Native*
[==========] Running 1 test from 1 test suite.
[----------] 1 test from HvfExecutor
[ RUN      ] HvfExecutor.NativeIntelCancellationAndCompletionFailureAllowRetry
[       OK ] HvfExecutor.NativeIntelCancellationAndCompletionFailureAllowRetry (378 ms)
[----------] 1 test from HvfExecutor (378 ms total)

[==========] 1 test from 1 test suite ran. (379 ms total)
[  PASSED  ] 1 test.

Repeating all tests (iteration 159) . . .

Note: Google Test filter = HvfExecutor.Native*
[==========] Running 1 test from 1 test suite.
[----------] 1 test from HvfExecutor
[ RUN      ] HvfExecutor.NativeIntelCancellationAndCompletionFailureAllowRetry
[       OK ] HvfExecutor.NativeIntelCancellationAndCompletionFailureAllowRetry (289 ms)
[----------] 1 test from HvfExecutor (289 ms total)

[==========] 1 test from 1 test suite ran. (289 ms total)
[  PASSED  ] 1 test.

Repeating all tests (iteration 160) . . .

Note: Google Test filter = HvfExecutor.Native*
[==========] Running 1 test from 1 test suite.
[----------] 1 test from HvfExecutor
[ RUN      ] HvfExecutor.NativeIntelCancellationAndCompletionFailureAllowRetry
[       OK ] HvfExecutor.NativeIntelCancellationAndCompletionFailureAllowRetry (165 ms)
[----------] 1 test from HvfExecutor (166 ms total)

[==========] 1 test from 1 test suite ran. (166 ms total)
[  PASSED  ] 1 test.

Repeating all tests (iteration 161) . . .

Note: Google Test filter = HvfExecutor.Native*
[==========] Running 1 test from 1 test suite.
[----------] 1 test from HvfExecutor
[ RUN      ] HvfExecutor.NativeIntelCancellationAndCompletionFailureAllowRetry
[       OK ] HvfExecutor.NativeIntelCancellationAndCompletionFailureAllowRetry (332 ms)
[----------] 1 test from HvfExecutor (332 ms total)

[==========] 1 test from 1 test suite ran. (332 ms total)
[  PASSED  ] 1 test.

Repeating all tests (iteration 162) . . .

Note: Google Test filter = HvfExecutor.Native*
[==========] Running 1 test from 1 test suite.
[----------] 1 test from HvfExecutor
[ RUN      ] HvfExecutor.NativeIntelCancellationAndCompletionFailureAllowRetry
[       OK ] HvfExecutor.NativeIntelCancellationAndCompletionFailureAllowRetry (159 ms)
[----------] 1 test from HvfExecutor (159 ms total)

[==========] 1 test from 1 test suite ran. (159 ms total)
[  PASSED  ] 1 test.

Repeating all tests (iteration 163) . . .

Note: Google Test filter = HvfExecutor.Native*
[==========] Running 1 test from 1 test suite.
[----------] 1 test from HvfExecutor
[ RUN      ] HvfExecutor.NativeIntelCancellationAndCompletionFailureAllowRetry
[       OK ] HvfExecutor.NativeIntelCancellationAndCompletionFailureAllowRetry (310 ms)
[----------] 1 test from HvfExecutor (310 ms total)

[==========] 1 test from 1 test suite ran. (310 ms total)
[  PASSED  ] 1 test.

Repeating all tests (iteration 164) . . .

Note: Google Test filter = HvfExecutor.Native*
[==========] Running 1 test from 1 test suite.
[----------] 1 test from HvfExecutor
[ RUN      ] HvfExecutor.NativeIntelCancellationAndCompletionFailureAllowRetry
[       OK ] HvfExecutor.NativeIntelCancellationAndCompletionFailureAllowRetry (204 ms)
[----------] 1 test from HvfExecutor (204 ms total)

[==========] 1 test from 1 test suite ran. (204 ms total)
[  PASSED  ] 1 test.

Repeating all tests (iteration 165) . . .

Note: Google Test filter = HvfExecutor.Native*
[==========] Running 1 test from 1 test suite.
[----------] 1 test from HvfExecutor
[ RUN      ] HvfExecutor.NativeIntelCancellationAndCompletionFailureAllowRetry
[       OK ] HvfExecutor.NativeIntelCancellationAndCompletionFailureAllowRetry (258 ms)
[----------] 1 test from HvfExecutor (258 ms total)

[==========] 1 test from 1 test suite ran. (259 ms total)
[  PASSED  ] 1 test.

Repeating all tests (iteration 166) . . .

Note: Google Test filter = HvfExecutor.Native*
[==========] Running 1 test from 1 test suite.
[----------] 1 test from HvfExecutor
[ RUN      ] HvfExecutor.NativeIntelCancellationAndCompletionFailureAllowRetry
[       OK ] HvfExecutor.NativeIntelCancellationAndCompletionFailureAllowRetry (431 ms)
[----------] 1 test from HvfExecutor (432 ms total)

[==========] 1 test from 1 test suite ran. (432 ms total)
[  PASSED  ] 1 test.

Repeating all tests (iteration 167) . . .

Note: Google Test filter = HvfExecutor.Native*
[==========] Running 1 test from 1 test suite.
[----------] 1 test from HvfExecutor
[ RUN      ] HvfExecutor.NativeIntelCancellationAndCompletionFailureAllowRetry
[       OK ] HvfExecutor.NativeIntelCancellationAndCompletionFailureAllowRetry (136 ms)
[----------] 1 test from HvfExecutor (136 ms total)

[==========] 1 test from 1 test suite ran. (136 ms total)
[  PASSED  ] 1 test.

Repeating all tests (iteration 168) . . .

Note: Google Test filter = HvfExecutor.Native*
[==========] Running 1 test from 1 test suite.
[----------] 1 test from HvfExecutor
[ RUN      ] HvfExecutor.NativeIntelCancellationAndCompletionFailureAllowRetry
[       OK ] HvfExecutor.NativeIntelCancellationAndCompletionFailureAllowRetry (299 ms)
[----------] 1 test from HvfExecutor (299 ms total)

[==========] 1 test from 1 test suite ran. (299 ms total)
[  PASSED  ] 1 test.

Repeating all tests (iteration 169) . . .

Note: Google Test filter = HvfExecutor.Native*
[==========] Running 1 test from 1 test suite.
[----------] 1 test from HvfExecutor
[ RUN      ] HvfExecutor.NativeIntelCancellationAndCompletionFailureAllowRetry
[       OK ] HvfExecutor.NativeIntelCancellationAndCompletionFailureAllowRetry (133 ms)
[----------] 1 test from HvfExecutor (133 ms total)

[==========] 1 test from 1 test suite ran. (133 ms total)
[  PASSED  ] 1 test.

Repeating all tests (iteration 170) . . .

Note: Google Test filter = HvfExecutor.Native*
[==========] Running 1 test from 1 test suite.
[----------] 1 test from HvfExecutor
[ RUN      ] HvfExecutor.NativeIntelCancellationAndCompletionFailureAllowRetry
[       OK ] HvfExecutor.NativeIntelCancellationAndCompletionFailureAllowRetry (299 ms)
[----------] 1 test from HvfExecutor (299 ms total)

[==========] 1 test from 1 test suite ran. (299 ms total)
[  PASSED  ] 1 test.

Repeating all tests (iteration 171) . . .

Note: Google Test filter = HvfExecutor.Native*
[==========] Running 1 test from 1 test suite.
[----------] 1 test from HvfExecutor
[ RUN      ] HvfExecutor.NativeIntelCancellationAndCompletionFailureAllowRetry
[       OK ] HvfExecutor.NativeIntelCancellationAndCompletionFailureAllowRetry (146 ms)
[----------] 1 test from HvfExecutor (146 ms total)

[==========] 1 test from 1 test suite ran. (146 ms total)
[  PASSED  ] 1 test.

Repeating all tests (iteration 172) . . .

Note: Google Test filter = HvfExecutor.Native*
[==========] Running 1 test from 1 test suite.
[----------] 1 test from HvfExecutor
[ RUN      ] HvfExecutor.NativeIntelCancellationAndCompletionFailureAllowRetry
[       OK ] HvfExecutor.NativeIntelCancellationAndCompletionFailureAllowRetry (355 ms)
[----------] 1 test from HvfExecutor (355 ms total)

[==========] 1 test from 1 test suite ran. (355 ms total)
[  PASSED  ] 1 test.

Repeating all tests (iteration 173) . . .

Note: Google Test filter = HvfExecutor.Native*
[==========] Running 1 test from 1 test suite.
[----------] 1 test from HvfExecutor
[ RUN      ] HvfExecutor.NativeIntelCancellationAndCompletionFailureAllowRetry
[       OK ] HvfExecutor.NativeIntelCancellationAndCompletionFailureAllowRetry (278 ms)
[----------] 1 test from HvfExecutor (279 ms total)

[==========] 1 test from 1 test suite ran. (279 ms total)
[  PASSED  ] 1 test.

Repeating all tests (iteration 174) . . .

Note: Google Test filter = HvfExecutor.Native*
[==========] Running 1 test from 1 test suite.
[----------] 1 test from HvfExecutor
[ RUN      ] HvfExecutor.NativeIntelCancellationAndCompletionFailureAllowRetry
[       OK ] HvfExecutor.NativeIntelCancellationAndCompletionFailureAllowRetry (339 ms)
[----------] 1 test from HvfExecutor (339 ms total)

[==========] 1 test from 1 test suite ran. (339 ms total)
[  PASSED  ] 1 test.

Repeating all tests (iteration 175) . . .

Note: Google Test filter = HvfExecutor.Native*
[==========] Running 1 test from 1 test suite.
[----------] 1 test from HvfExecutor
[ RUN      ] HvfExecutor.NativeIntelCancellationAndCompletionFailureAllowRetry
[       OK ] HvfExecutor.NativeIntelCancellationAndCompletionFailureAllowRetry (408 ms)
[----------] 1 test from HvfExecutor (408 ms total)

[==========] 1 test from 1 test suite ran. (409 ms total)
[  PASSED  ] 1 test.

Repeating all tests (iteration 176) . . .

Note: Google Test filter = HvfExecutor.Native*
[==========] Running 1 test from 1 test suite.
[----------] 1 test from HvfExecutor
[ RUN      ] HvfExecutor.NativeIntelCancellationAndCompletionFailureAllowRetry
[       OK ] HvfExecutor.NativeIntelCancellationAndCompletionFailureAllowRetry (233 ms)
[----------] 1 test from HvfExecutor (233 ms total)

[==========] 1 test from 1 test suite ran. (233 ms total)
[  PASSED  ] 1 test.

Repeating all tests (iteration 177) . . .

Note: Google Test filter = HvfExecutor.Native*
[==========] Running 1 test from 1 test suite.
[----------] 1 test from HvfExecutor
[ RUN      ] HvfExecutor.NativeIntelCancellationAndCompletionFailureAllowRetry
[       OK ] HvfExecutor.NativeIntelCancellationAndCompletionFailureAllowRetry (310 ms)
[----------] 1 test from HvfExecutor (310 ms total)

[==========] 1 test from 1 test suite ran. (310 ms total)
[  PASSED  ] 1 test.

Repeating all tests (iteration 178) . . .

Note: Google Test filter = HvfExecutor.Native*
[==========] Running 1 test from 1 test suite.
[----------] 1 test from HvfExecutor
[ RUN      ] HvfExecutor.NativeIntelCancellationAndCompletionFailureAllowRetry
[       OK ] HvfExecutor.NativeIntelCancellationAndCompletionFailureAllowRetry (256 ms)
[----------] 1 test from HvfExecutor (256 ms total)

[==========] 1 test from 1 test suite ran. (256 ms total)
[  PASSED  ] 1 test.

Repeating all tests (iteration 179) . . .

Note: Google Test filter = HvfExecutor.Native*
[==========] Running 1 test from 1 test suite.
[----------] 1 test from HvfExecutor
[ RUN      ] HvfExecutor.NativeIntelCancellationAndCompletionFailureAllowRetry
[       OK ] HvfExecutor.NativeIntelCancellationAndCompletionFailureAllowRetry (283 ms)
[----------] 1 test from HvfExecutor (283 ms total)

[==========] 1 test from 1 test suite ran. (283 ms total)
[  PASSED  ] 1 test.

Repeating all tests (iteration 180) . . .

Note: Google Test filter = HvfExecutor.Native*
[==========] Running 1 test from 1 test suite.
[----------] 1 test from HvfExecutor
[ RUN      ] HvfExecutor.NativeIntelCancellationAndCompletionFailureAllowRetry
[       OK ] HvfExecutor.NativeIntelCancellationAndCompletionFailureAllowRetry (253 ms)
[----------] 1 test from HvfExecutor (253 ms total)

[==========] 1 test from 1 test suite ran. (253 ms total)
[  PASSED  ] 1 test.

Repeating all tests (iteration 181) . . .

Note: Google Test filter = HvfExecutor.Native*
[==========] Running 1 test from 1 test suite.
[----------] 1 test from HvfExecutor
[ RUN      ] HvfExecutor.NativeIntelCancellationAndCompletionFailureAllowRetry
[       OK ] HvfExecutor.NativeIntelCancellationAndCompletionFailureAllowRetry (308 ms)
[----------] 1 test from HvfExecutor (308 ms total)

[==========] 1 test from 1 test suite ran. (308 ms total)
[  PASSED  ] 1 test.

Repeating all tests (iteration 182) . . .

Note: Google Test filter = HvfExecutor.Native*
[==========] Running 1 test from 1 test suite.
[----------] 1 test from HvfExecutor
[ RUN      ] HvfExecutor.NativeIntelCancellationAndCompletionFailureAllowRetry
[       OK ] HvfExecutor.NativeIntelCancellationAndCompletionFailureAllowRetry (396 ms)
[----------] 1 test from HvfExecutor (396 ms total)

[==========] 1 test from 1 test suite ran. (396 ms total)
[  PASSED  ] 1 test.

Repeating all tests (iteration 183) . . .

Note: Google Test filter = HvfExecutor.Native*
[==========] Running 1 test from 1 test suite.
[----------] 1 test from HvfExecutor
[ RUN      ] HvfExecutor.NativeIntelCancellationAndCompletionFailureAllowRetry
[       OK ] HvfExecutor.NativeIntelCancellationAndCompletionFailureAllowRetry (280 ms)
[----------] 1 test from HvfExecutor (280 ms total)

[==========] 1 test from 1 test suite ran. (280 ms total)
[  PASSED  ] 1 test.

Repeating all tests (iteration 184) . . .

Note: Google Test filter = HvfExecutor.Native*
[==========] Running 1 test from 1 test suite.
[----------] 1 test from HvfExecutor
[ RUN      ] HvfExecutor.NativeIntelCancellationAndCompletionFailureAllowRetry
[       OK ] HvfExecutor.NativeIntelCancellationAndCompletionFailureAllowRetry (193 ms)
[----------] 1 test from HvfExecutor (193 ms total)

[==========] 1 test from 1 test suite ran. (193 ms total)
[  PASSED  ] 1 test.

Repeating all tests (iteration 185) . . .

Note: Google Test filter = HvfExecutor.Native*
[==========] Running 1 test from 1 test suite.
[----------] 1 test from HvfExecutor
[ RUN      ] HvfExecutor.NativeIntelCancellationAndCompletionFailureAllowRetry
[       OK ] HvfExecutor.NativeIntelCancellationAndCompletionFailureAllowRetry (264 ms)
[----------] 1 test from HvfExecutor (264 ms total)

[==========] 1 test from 1 test suite ran. (264 ms total)
[  PASSED  ] 1 test.

Repeating all tests (iteration 186) . . .

Note: Google Test filter = HvfExecutor.Native*
[==========] Running 1 test from 1 test suite.
[----------] 1 test from HvfExecutor
[ RUN      ] HvfExecutor.NativeIntelCancellationAndCompletionFailureAllowRetry
[       OK ] HvfExecutor.NativeIntelCancellationAndCompletionFailureAllowRetry (151 ms)
[----------] 1 test from HvfExecutor (151 ms total)

[==========] 1 test from 1 test suite ran. (151 ms total)
[  PASSED  ] 1 test.

Repeating all tests (iteration 187) . . .

Note: Google Test filter = HvfExecutor.Native*
[==========] Running 1 test from 1 test suite.
[----------] 1 test from HvfExecutor
[ RUN      ] HvfExecutor.NativeIntelCancellationAndCompletionFailureAllowRetry
[       OK ] HvfExecutor.NativeIntelCancellationAndCompletionFailureAllowRetry (216 ms)
[----------] 1 test from HvfExecutor (216 ms total)

[==========] 1 test from 1 test suite ran. (216 ms total)
[  PASSED  ] 1 test.

Repeating all tests (iteration 188) . . .

Note: Google Test filter = HvfExecutor.Native*
[==========] Running 1 test from 1 test suite.
[----------] 1 test from HvfExecutor
[ RUN      ] HvfExecutor.NativeIntelCancellationAndCompletionFailureAllowRetry
[       OK ] HvfExecutor.NativeIntelCancellationAndCompletionFailureAllowRetry (302 ms)
[----------] 1 test from HvfExecutor (302 ms total)

[==========] 1 test from 1 test suite ran. (302 ms total)
[  PASSED  ] 1 test.

Repeating all tests (iteration 189) . . .

Note: Google Test filter = HvfExecutor.Native*
[==========] Running 1 test from 1 test suite.
[----------] 1 test from HvfExecutor
[ RUN      ] HvfExecutor.NativeIntelCancellationAndCompletionFailureAllowRetry
[       OK ] HvfExecutor.NativeIntelCancellationAndCompletionFailureAllowRetry (449 ms)
[----------] 1 test from HvfExecutor (449 ms total)

[==========] 1 test from 1 test suite ran. (449 ms total)
[  PASSED  ] 1 test.

Repeating all tests (iteration 190) . . .

Note: Google Test filter = HvfExecutor.Native*
[==========] Running 1 test from 1 test suite.
[----------] 1 test from HvfExecutor
[ RUN      ] HvfExecutor.NativeIntelCancellationAndCompletionFailureAllowRetry
[       OK ] HvfExecutor.NativeIntelCancellationAndCompletionFailureAllowRetry (300 ms)
[----------] 1 test from HvfExecutor (300 ms total)

[==========] 1 test from 1 test suite ran. (300 ms total)
[  PASSED  ] 1 test.

Repeating all tests (iteration 191) . . .

Note: Google Test filter = HvfExecutor.Native*
[==========] Running 1 test from 1 test suite.
[----------] 1 test from HvfExecutor
[ RUN      ] HvfExecutor.NativeIntelCancellationAndCompletionFailureAllowRetry
[       OK ] HvfExecutor.NativeIntelCancellationAndCompletionFailureAllowRetry (334 ms)
[----------] 1 test from HvfExecutor (334 ms total)

[==========] 1 test from 1 test suite ran. (334 ms total)
[  PASSED  ] 1 test.

Repeating all tests (iteration 192) . . .

Note: Google Test filter = HvfExecutor.Native*
[==========] Running 1 test from 1 test suite.
[----------] 1 test from HvfExecutor
[ RUN      ] HvfExecutor.NativeIntelCancellationAndCompletionFailureAllowRetry
[       OK ] HvfExecutor.NativeIntelCancellationAndCompletionFailureAllowRetry (239 ms)
[----------] 1 test from HvfExecutor (239 ms total)

[==========] 1 test from 1 test suite ran. (239 ms total)
[  PASSED  ] 1 test.

Repeating all tests (iteration 193) . . .

Note: Google Test filter = HvfExecutor.Native*
[==========] Running 1 test from 1 test suite.
[----------] 1 test from HvfExecutor
[ RUN      ] HvfExecutor.NativeIntelCancellationAndCompletionFailureAllowRetry
[       OK ] HvfExecutor.NativeIntelCancellationAndCompletionFailureAllowRetry (319 ms)
[----------] 1 test from HvfExecutor (319 ms total)

[==========] 1 test from 1 test suite ran. (319 ms total)
[  PASSED  ] 1 test.

Repeating all tests (iteration 194) . . .

Note: Google Test filter = HvfExecutor.Native*
[==========] Running 1 test from 1 test suite.
[----------] 1 test from HvfExecutor
[ RUN      ] HvfExecutor.NativeIntelCancellationAndCompletionFailureAllowRetry
[       OK ] HvfExecutor.NativeIntelCancellationAndCompletionFailureAllowRetry (158 ms)
[----------] 1 test from HvfExecutor (158 ms total)

[==========] 1 test from 1 test suite ran. (158 ms total)
[  PASSED  ] 1 test.

Repeating all tests (iteration 195) . . .

Note: Google Test filter = HvfExecutor.Native*
[==========] Running 1 test from 1 test suite.
[----------] 1 test from HvfExecutor
[ RUN      ] HvfExecutor.NativeIntelCancellationAndCompletionFailureAllowRetry
[       OK ] HvfExecutor.NativeIntelCancellationAndCompletionFailureAllowRetry (171 ms)
[----------] 1 test from HvfExecutor (171 ms total)

[==========] 1 test from 1 test suite ran. (171 ms total)
[  PASSED  ] 1 test.

Repeating all tests (iteration 196) . . .

Note: Google Test filter = HvfExecutor.Native*
[==========] Running 1 test from 1 test suite.
[----------] 1 test from HvfExecutor
[ RUN      ] HvfExecutor.NativeIntelCancellationAndCompletionFailureAllowRetry
[       OK ] HvfExecutor.NativeIntelCancellationAndCompletionFailureAllowRetry (406 ms)
[----------] 1 test from HvfExecutor (406 ms total)

[==========] 1 test from 1 test suite ran. (406 ms total)
[  PASSED  ] 1 test.

Repeating all tests (iteration 197) . . .

Note: Google Test filter = HvfExecutor.Native*
[==========] Running 1 test from 1 test suite.
[----------] 1 test from HvfExecutor
[ RUN      ] HvfExecutor.NativeIntelCancellationAndCompletionFailureAllowRetry
[       OK ] HvfExecutor.NativeIntelCancellationAndCompletionFailureAllowRetry (263 ms)
[----------] 1 test from HvfExecutor (263 ms total)

[==========] 1 test from 1 test suite ran. (263 ms total)
[  PASSED  ] 1 test.

Repeating all tests (iteration 198) . . .

Note: Google Test filter = HvfExecutor.Native*
[==========] Running 1 test from 1 test suite.
[----------] 1 test from HvfExecutor
[ RUN      ] HvfExecutor.NativeIntelCancellationAndCompletionFailureAllowRetry
[       OK ] HvfExecutor.NativeIntelCancellationAndCompletionFailureAllowRetry (347 ms)
[----------] 1 test from HvfExecutor (347 ms total)

[==========] 1 test from 1 test suite ran. (347 ms total)
[  PASSED  ] 1 test.

Repeating all tests (iteration 199) . . .

Note: Google Test filter = HvfExecutor.Native*
[==========] Running 1 test from 1 test suite.
[----------] 1 test from HvfExecutor
[ RUN      ] HvfExecutor.NativeIntelCancellationAndCompletionFailureAllowRetry
[       OK ] HvfExecutor.NativeIntelCancellationAndCompletionFailureAllowRetry (383 ms)
[----------] 1 test from HvfExecutor (383 ms total)

[==========] 1 test from 1 test suite ran. (383 ms total)
[  PASSED  ] 1 test.

Repeating all tests (iteration 200) . . .

Note: Google Test filter = HvfExecutor.Native*
[==========] Running 1 test from 1 test suite.
[----------] 1 test from HvfExecutor
[ RUN      ] HvfExecutor.NativeIntelCancellationAndCompletionFailureAllowRetry
[       OK ] HvfExecutor.NativeIntelCancellationAndCompletionFailureAllowRetry (368 ms)
[----------] 1 test from HvfExecutor (368 ms total)

[==========] 1 test from 1 test suite ran. (368 ms total)
[  PASSED  ] 1 test.

Repeating all tests (iteration 201) . . .

Note: Google Test filter = HvfExecutor.Native*
[==========] Running 1 test from 1 test suite.
[----------] 1 test from HvfExecutor
[ RUN      ] HvfExecutor.NativeIntelCancellationAndCompletionFailureAllowRetry
[       OK ] HvfExecutor.NativeIntelCancellationAndCompletionFailureAllowRetry (424 ms)
[----------] 1 test from HvfExecutor (424 ms total)

[==========] 1 test from 1 test suite ran. (424 ms total)
[  PASSED  ] 1 test.

Repeating all tests (iteration 202) . . .

Note: Google Test filter = HvfExecutor.Native*
[==========] Running 1 test from 1 test suite.
[----------] 1 test from HvfExecutor
[ RUN      ] HvfExecutor.NativeIntelCancellationAndCompletionFailureAllowRetry
[       OK ] HvfExecutor.NativeIntelCancellationAndCompletionFailureAllowRetry (258 ms)
[----------] 1 test from HvfExecutor (258 ms total)

[==========] 1 test from 1 test suite ran. (258 ms total)
[  PASSED  ] 1 test.

Repeating all tests (iteration 203) . . .

Note: Google Test filter = HvfExecutor.Native*
[==========] Running 1 test from 1 test suite.
[----------] 1 test from HvfExecutor
[ RUN      ] HvfExecutor.NativeIntelCancellationAndCompletionFailureAllowRetry
[       OK ] HvfExecutor.NativeIntelCancellationAndCompletionFailureAllowRetry (253 ms)
[----------] 1 test from HvfExecutor (253 ms total)

[==========] 1 test from 1 test suite ran. (254 ms total)
[  PASSED  ] 1 test.

Repeating all tests (iteration 204) . . .

Note: Google Test filter = HvfExecutor.Native*
[==========] Running 1 test from 1 test suite.
[----------] 1 test from HvfExecutor
[ RUN      ] HvfExecutor.NativeIntelCancellationAndCompletionFailureAllowRetry
[       OK ] HvfExecutor.NativeIntelCancellationAndCompletionFailureAllowRetry (391 ms)
[----------] 1 test from HvfExecutor (391 ms total)

[==========] 1 test from 1 test suite ran. (391 ms total)
[  PASSED  ] 1 test.

Repeating all tests (iteration 205) . . .

Note: Google Test filter = HvfExecutor.Native*
[==========] Running 1 test from 1 test suite.
[----------] 1 test from HvfExecutor
[ RUN      ] HvfExecutor.NativeIntelCancellationAndCompletionFailureAllowRetry
[       OK ] HvfExecutor.NativeIntelCancellationAndCompletionFailureAllowRetry (476 ms)
[----------] 1 test from HvfExecutor (476 ms total)

[==========] 1 test from 1 test suite ran. (476 ms total)
[  PASSED  ] 1 test.

Repeating all tests (iteration 206) . . .

Note: Google Test filter = HvfExecutor.Native*
[==========] Running 1 test from 1 test suite.
[----------] 1 test from HvfExecutor
[ RUN      ] HvfExecutor.NativeIntelCancellationAndCompletionFailureAllowRetry
[       OK ] HvfExecutor.NativeIntelCancellationAndCompletionFailureAllowRetry (339 ms)
[----------] 1 test from HvfExecutor (340 ms total)

[==========] 1 test from 1 test suite ran. (340 ms total)
[  PASSED  ] 1 test.

Repeating all tests (iteration 207) . . .

Note: Google Test filter = HvfExecutor.Native*
[==========] Running 1 test from 1 test suite.
[----------] 1 test from HvfExecutor
[ RUN      ] HvfExecutor.NativeIntelCancellationAndCompletionFailureAllowRetry
[       OK ] HvfExecutor.NativeIntelCancellationAndCompletionFailureAllowRetry (346 ms)
[----------] 1 test from HvfExecutor (346 ms total)

[==========] 1 test from 1 test suite ran. (346 ms total)
[  PASSED  ] 1 test.

Repeating all tests (iteration 208) . . .

Note: Google Test filter = HvfExecutor.Native*
[==========] Running 1 test from 1 test suite.
[----------] 1 test from HvfExecutor
[ RUN      ] HvfExecutor.NativeIntelCancellationAndCompletionFailureAllowRetry
[       OK ] HvfExecutor.NativeIntelCancellationAndCompletionFailureAllowRetry (295 ms)
[----------] 1 test from HvfExecutor (295 ms total)

[==========] 1 test from 1 test suite ran. (296 ms total)
[  PASSED  ] 1 test.

Repeating all tests (iteration 209) . . .

Note: Google Test filter = HvfExecutor.Native*
[==========] Running 1 test from 1 test suite.
[----------] 1 test from HvfExecutor
[ RUN      ] HvfExecutor.NativeIntelCancellationAndCompletionFailureAllowRetry
[       OK ] HvfExecutor.NativeIntelCancellationAndCompletionFailureAllowRetry (283 ms)
[----------] 1 test from HvfExecutor (283 ms total)

[==========] 1 test from 1 test suite ran. (283 ms total)
[  PASSED  ] 1 test.

Repeating all tests (iteration 210) . . .

Note: Google Test filter = HvfExecutor.Native*
[==========] Running 1 test from 1 test suite.
[----------] 1 test from HvfExecutor
[ RUN      ] HvfExecutor.NativeIntelCancellationAndCompletionFailureAllowRetry
[       OK ] HvfExecutor.NativeIntelCancellationAndCompletionFailureAllowRetry (316 ms)
[----------] 1 test from HvfExecutor (316 ms total)

[==========] 1 test from 1 test suite ran. (316 ms total)
[  PASSED  ] 1 test.

Repeating all tests (iteration 211) . . .

Note: Google Test filter = HvfExecutor.Native*
[==========] Running 1 test from 1 test suite.
[----------] 1 test from HvfExecutor
[ RUN      ] HvfExecutor.NativeIntelCancellationAndCompletionFailureAllowRetry
[       OK ] HvfExecutor.NativeIntelCancellationAndCompletionFailureAllowRetry (343 ms)
[----------] 1 test from HvfExecutor (343 ms total)

[==========] 1 test from 1 test suite ran. (344 ms total)
[  PASSED  ] 1 test.

Repeating all tests (iteration 212) . . .

Note: Google Test filter = HvfExecutor.Native*
[==========] Running 1 test from 1 test suite.
[----------] 1 test from HvfExecutor
[ RUN      ] HvfExecutor.NativeIntelCancellationAndCompletionFailureAllowRetry
[       OK ] HvfExecutor.NativeIntelCancellationAndCompletionFailureAllowRetry (269 ms)
[----------] 1 test from HvfExecutor (269 ms total)

[==========] 1 test from 1 test suite ran. (269 ms total)
[  PASSED  ] 1 test.

Repeating all tests (iteration 213) . . .

Note: Google Test filter = HvfExecutor.Native*
[==========] Running 1 test from 1 test suite.
[----------] 1 test from HvfExecutor
[ RUN      ] HvfExecutor.NativeIntelCancellationAndCompletionFailureAllowRetry
[       OK ] HvfExecutor.NativeIntelCancellationAndCompletionFailureAllowRetry (425 ms)
[----------] 1 test from HvfExecutor (425 ms total)

[==========] 1 test from 1 test suite ran. (425 ms total)
[  PASSED  ] 1 test.

Repeating all tests (iteration 214) . . .

Note: Google Test filter = HvfExecutor.Native*
[==========] Running 1 test from 1 test suite.
[----------] 1 test from HvfExecutor
[ RUN      ] HvfExecutor.NativeIntelCancellationAndCompletionFailureAllowRetry
[       OK ] HvfExecutor.NativeIntelCancellationAndCompletionFailureAllowRetry (266 ms)
[----------] 1 test from HvfExecutor (266 ms total)

[==========] 1 test from 1 test suite ran. (266 ms total)
[  PASSED  ] 1 test.

Repeating all tests (iteration 215) . . .

Note: Google Test filter = HvfExecutor.Native*
[==========] Running 1 test from 1 test suite.
[----------] 1 test from HvfExecutor
[ RUN      ] HvfExecutor.NativeIntelCancellationAndCompletionFailureAllowRetry
[       OK ] HvfExecutor.NativeIntelCancellationAndCompletionFailureAllowRetry (244 ms)
[----------] 1 test from HvfExecutor (244 ms total)

[==========] 1 test from 1 test suite ran. (244 ms total)
[  PASSED  ] 1 test.

Repeating all tests (iteration 216) . . .

Note: Google Test filter = HvfExecutor.Native*
[==========] Running 1 test from 1 test suite.
[----------] 1 test from HvfExecutor
[ RUN      ] HvfExecutor.NativeIntelCancellationAndCompletionFailureAllowRetry
[       OK ] HvfExecutor.NativeIntelCancellationAndCompletionFailureAllowRetry (163 ms)
[----------] 1 test from HvfExecutor (163 ms total)

[==========] 1 test from 1 test suite ran. (163 ms total)
[  PASSED  ] 1 test.

Repeating all tests (iteration 217) . . .

Note: Google Test filter = HvfExecutor.Native*
[==========] Running 1 test from 1 test suite.
[----------] 1 test from HvfExecutor
[ RUN      ] HvfExecutor.NativeIntelCancellationAndCompletionFailureAllowRetry
[       OK ] HvfExecutor.NativeIntelCancellationAndCompletionFailureAllowRetry (141 ms)
[----------] 1 test from HvfExecutor (141 ms total)

[==========] 1 test from 1 test suite ran. (141 ms total)
[  PASSED  ] 1 test.

Repeating all tests (iteration 218) . . .

Note: Google Test filter = HvfExecutor.Native*
[==========] Running 1 test from 1 test suite.
[----------] 1 test from HvfExecutor
[ RUN      ] HvfExecutor.NativeIntelCancellationAndCompletionFailureAllowRetry
[       OK ] HvfExecutor.NativeIntelCancellationAndCompletionFailureAllowRetry (282 ms)
[----------] 1 test from HvfExecutor (282 ms total)

[==========] 1 test from 1 test suite ran. (283 ms total)
[  PASSED  ] 1 test.

Repeating all tests (iteration 219) . . .

Note: Google Test filter = HvfExecutor.Native*
[==========] Running 1 test from 1 test suite.
[----------] 1 test from HvfExecutor
[ RUN      ] HvfExecutor.NativeIntelCancellationAndCompletionFailureAllowRetry
[       OK ] HvfExecutor.NativeIntelCancellationAndCompletionFailureAllowRetry (351 ms)
[----------] 1 test from HvfExecutor (351 ms total)

[==========] 1 test from 1 test suite ran. (351 ms total)
[  PASSED  ] 1 test.

Repeating all tests (iteration 220) . . .

Note: Google Test filter = HvfExecutor.Native*
[==========] Running 1 test from 1 test suite.
[----------] 1 test from HvfExecutor
[ RUN      ] HvfExecutor.NativeIntelCancellationAndCompletionFailureAllowRetry
[       OK ] HvfExecutor.NativeIntelCancellationAndCompletionFailureAllowRetry (395 ms)
[----------] 1 test from HvfExecutor (395 ms total)

[==========] 1 test from 1 test suite ran. (395 ms total)
[  PASSED  ] 1 test.

Repeating all tests (iteration 221) . . .

Note: Google Test filter = HvfExecutor.Native*
[==========] Running 1 test from 1 test suite.
[----------] 1 test from HvfExecutor
[ RUN      ] HvfExecutor.NativeIntelCancellationAndCompletionFailureAllowRetry
[       OK ] HvfExecutor.NativeIntelCancellationAndCompletionFailureAllowRetry (227 ms)
[----------] 1 test from HvfExecutor (227 ms total)

[==========] 1 test from 1 test suite ran. (227 ms total)
[  PASSED  ] 1 test.

Repeating all tests (iteration 222) . . .

Note: Google Test filter = HvfExecutor.Native*
[==========] Running 1 test from 1 test suite.
[----------] 1 test from HvfExecutor
[ RUN      ] HvfExecutor.NativeIntelCancellationAndCompletionFailureAllowRetry
[       OK ] HvfExecutor.NativeIntelCancellationAndCompletionFailureAllowRetry (308 ms)
[----------] 1 test from HvfExecutor (308 ms total)

[==========] 1 test from 1 test suite ran. (308 ms total)
[  PASSED  ] 1 test.

Repeating all tests (iteration 223) . . .

Note: Google Test filter = HvfExecutor.Native*
[==========] Running 1 test from 1 test suite.
[----------] 1 test from HvfExecutor
[ RUN      ] HvfExecutor.NativeIntelCancellationAndCompletionFailureAllowRetry
[       OK ] HvfExecutor.NativeIntelCancellationAndCompletionFailureAllowRetry (673 ms)
[----------] 1 test from HvfExecutor (673 ms total)

[==========] 1 test from 1 test suite ran. (673 ms total)
[  PASSED  ] 1 test.

Repeating all tests (iteration 224) . . .

Note: Google Test filter = HvfExecutor.Native*
[==========] Running 1 test from 1 test suite.
[----------] 1 test from HvfExecutor
[ RUN      ] HvfExecutor.NativeIntelCancellationAndCompletionFailureAllowRetry
[       OK ] HvfExecutor.NativeIntelCancellationAndCompletionFailureAllowRetry (295 ms)
[----------] 1 test from HvfExecutor (295 ms total)

[==========] 1 test from 1 test suite ran. (295 ms total)
[  PASSED  ] 1 test.

Repeating all tests (iteration 225) . . .

Note: Google Test filter = HvfExecutor.Native*
[==========] Running 1 test from 1 test suite.
[----------] 1 test from HvfExecutor
[ RUN      ] HvfExecutor.NativeIntelCancellationAndCompletionFailureAllowRetry
[       OK ] HvfExecutor.NativeIntelCancellationAndCompletionFailureAllowRetry (294 ms)
[----------] 1 test from HvfExecutor (294 ms total)

[==========] 1 test from 1 test suite ran. (294 ms total)
[  PASSED  ] 1 test.

Repeating all tests (iteration 226) . . .

Note: Google Test filter = HvfExecutor.Native*
[==========] Running 1 test from 1 test suite.
[----------] 1 test from HvfExecutor
[ RUN      ] HvfExecutor.NativeIntelCancellationAndCompletionFailureAllowRetry
[       OK ] HvfExecutor.NativeIntelCancellationAndCompletionFailureAllowRetry (302 ms)
[----------] 1 test from HvfExecutor (302 ms total)

[==========] 1 test from 1 test suite ran. (303 ms total)
[  PASSED  ] 1 test.

Repeating all tests (iteration 227) . . .

Note: Google Test filter = HvfExecutor.Native*
[==========] Running 1 test from 1 test suite.
[----------] 1 test from HvfExecutor
[ RUN      ] HvfExecutor.NativeIntelCancellationAndCompletionFailureAllowRetry
[       OK ] HvfExecutor.NativeIntelCancellationAndCompletionFailureAllowRetry (204 ms)
[----------] 1 test from HvfExecutor (204 ms total)

[==========] 1 test from 1 test suite ran. (204 ms total)
[  PASSED  ] 1 test.

Repeating all tests (iteration 228) . . .

Note: Google Test filter = HvfExecutor.Native*
[==========] Running 1 test from 1 test suite.
[----------] 1 test from HvfExecutor
[ RUN      ] HvfExecutor.NativeIntelCancellationAndCompletionFailureAllowRetry
[       OK ] HvfExecutor.NativeIntelCancellationAndCompletionFailureAllowRetry (350 ms)
[----------] 1 test from HvfExecutor (350 ms total)

[==========] 1 test from 1 test suite ran. (351 ms total)
[  PASSED  ] 1 test.

Repeating all tests (iteration 229) . . .

Note: Google Test filter = HvfExecutor.Native*
[==========] Running 1 test from 1 test suite.
[----------] 1 test from HvfExecutor
[ RUN      ] HvfExecutor.NativeIntelCancellationAndCompletionFailureAllowRetry
[       OK ] HvfExecutor.NativeIntelCancellationAndCompletionFailureAllowRetry (394 ms)
[----------] 1 test from HvfExecutor (394 ms total)

[==========] 1 test from 1 test suite ran. (394 ms total)
[  PASSED  ] 1 test.

Repeating all tests (iteration 230) . . .

Note: Google Test filter = HvfExecutor.Native*
[==========] Running 1 test from 1 test suite.
[----------] 1 test from HvfExecutor
[ RUN      ] HvfExecutor.NativeIntelCancellationAndCompletionFailureAllowRetry
[       OK ] HvfExecutor.NativeIntelCancellationAndCompletionFailureAllowRetry (373 ms)
[----------] 1 test from HvfExecutor (373 ms total)

[==========] 1 test from 1 test suite ran. (373 ms total)
[  PASSED  ] 1 test.

Repeating all tests (iteration 231) . . .

Note: Google Test filter = HvfExecutor.Native*
[==========] Running 1 test from 1 test suite.
[----------] 1 test from HvfExecutor
[ RUN      ] HvfExecutor.NativeIntelCancellationAndCompletionFailureAllowRetry
[       OK ] HvfExecutor.NativeIntelCancellationAndCompletionFailureAllowRetry (298 ms)
[----------] 1 test from HvfExecutor (298 ms total)

[==========] 1 test from 1 test suite ran. (299 ms total)
[  PASSED  ] 1 test.

Repeating all tests (iteration 232) . . .

Note: Google Test filter = HvfExecutor.Native*
[==========] Running 1 test from 1 test suite.
[----------] 1 test from HvfExecutor
[ RUN      ] HvfExecutor.NativeIntelCancellationAndCompletionFailureAllowRetry
[       OK ] HvfExecutor.NativeIntelCancellationAndCompletionFailureAllowRetry (270 ms)
[----------] 1 test from HvfExecutor (270 ms total)

[==========] 1 test from 1 test suite ran. (270 ms total)
[  PASSED  ] 1 test.

Repeating all tests (iteration 233) . . .

Note: Google Test filter = HvfExecutor.Native*
[==========] Running 1 test from 1 test suite.
[----------] 1 test from HvfExecutor
[ RUN      ] HvfExecutor.NativeIntelCancellationAndCompletionFailureAllowRetry
[       OK ] HvfExecutor.NativeIntelCancellationAndCompletionFailureAllowRetry (335 ms)
[----------] 1 test from HvfExecutor (335 ms total)

[==========] 1 test from 1 test suite ran. (335 ms total)
[  PASSED  ] 1 test.

Repeating all tests (iteration 234) . . .

Note: Google Test filter = HvfExecutor.Native*
[==========] Running 1 test from 1 test suite.
[----------] 1 test from HvfExecutor
[ RUN      ] HvfExecutor.NativeIntelCancellationAndCompletionFailureAllowRetry
[       OK ] HvfExecutor.NativeIntelCancellationAndCompletionFailureAllowRetry (203 ms)
[----------] 1 test from HvfExecutor (204 ms total)

[==========] 1 test from 1 test suite ran. (204 ms total)
[  PASSED  ] 1 test.

Repeating all tests (iteration 235) . . .

Note: Google Test filter = HvfExecutor.Native*
[==========] Running 1 test from 1 test suite.
[----------] 1 test from HvfExecutor
[ RUN      ] HvfExecutor.NativeIntelCancellationAndCompletionFailureAllowRetry
[       OK ] HvfExecutor.NativeIntelCancellationAndCompletionFailureAllowRetry (221 ms)
[----------] 1 test from HvfExecutor (221 ms total)

[==========] 1 test from 1 test suite ran. (221 ms total)
[  PASSED  ] 1 test.

Repeating all tests (iteration 236) . . .

Note: Google Test filter = HvfExecutor.Native*
[==========] Running 1 test from 1 test suite.
[----------] 1 test from HvfExecutor
[ RUN      ] HvfExecutor.NativeIntelCancellationAndCompletionFailureAllowRetry
[       OK ] HvfExecutor.NativeIntelCancellationAndCompletionFailureAllowRetry (345 ms)
[----------] 1 test from HvfExecutor (345 ms total)

[==========] 1 test from 1 test suite ran. (345 ms total)
[  PASSED  ] 1 test.

Repeating all tests (iteration 237) . . .

Note: Google Test filter = HvfExecutor.Native*
[==========] Running 1 test from 1 test suite.
[----------] 1 test from HvfExecutor
[ RUN      ] HvfExecutor.NativeIntelCancellationAndCompletionFailureAllowRetry
[       OK ] HvfExecutor.NativeIntelCancellationAndCompletionFailureAllowRetry (158 ms)
[----------] 1 test from HvfExecutor (159 ms total)

[==========] 1 test from 1 test suite ran. (159 ms total)
[  PASSED  ] 1 test.

Repeating all tests (iteration 238) . . .

Note: Google Test filter = HvfExecutor.Native*
[==========] Running 1 test from 1 test suite.
[----------] 1 test from HvfExecutor
[ RUN      ] HvfExecutor.NativeIntelCancellationAndCompletionFailureAllowRetry
[       OK ] HvfExecutor.NativeIntelCancellationAndCompletionFailureAllowRetry (326 ms)
[----------] 1 test from HvfExecutor (326 ms total)

[==========] 1 test from 1 test suite ran. (326 ms total)
[  PASSED  ] 1 test.

Repeating all tests (iteration 239) . . .

Note: Google Test filter = HvfExecutor.Native*
[==========] Running 1 test from 1 test suite.
[----------] 1 test from HvfExecutor
[ RUN      ] HvfExecutor.NativeIntelCancellationAndCompletionFailureAllowRetry
[       OK ] HvfExecutor.NativeIntelCancellationAndCompletionFailureAllowRetry (153 ms)
[----------] 1 test from HvfExecutor (153 ms total)

[==========] 1 test from 1 test suite ran. (153 ms total)
[  PASSED  ] 1 test.

Repeating all tests (iteration 240) . . .

Note: Google Test filter = HvfExecutor.Native*
[==========] Running 1 test from 1 test suite.
[----------] 1 test from HvfExecutor
[ RUN      ] HvfExecutor.NativeIntelCancellationAndCompletionFailureAllowRetry
[       OK ] HvfExecutor.NativeIntelCancellationAndCompletionFailureAllowRetry (300 ms)
[----------] 1 test from HvfExecutor (300 ms total)

[==========] 1 test from 1 test suite ran. (300 ms total)
[  PASSED  ] 1 test.

Repeating all tests (iteration 241) . . .

Note: Google Test filter = HvfExecutor.Native*
[==========] Running 1 test from 1 test suite.
[----------] 1 test from HvfExecutor
[ RUN      ] HvfExecutor.NativeIntelCancellationAndCompletionFailureAllowRetry
[       OK ] HvfExecutor.NativeIntelCancellationAndCompletionFailureAllowRetry (328 ms)
[----------] 1 test from HvfExecutor (330 ms total)

[==========] 1 test from 1 test suite ran. (330 ms total)
[  PASSED  ] 1 test.

Repeating all tests (iteration 242) . . .

Note: Google Test filter = HvfExecutor.Native*
[==========] Running 1 test from 1 test suite.
[----------] 1 test from HvfExecutor
[ RUN      ] HvfExecutor.NativeIntelCancellationAndCompletionFailureAllowRetry
[       OK ] HvfExecutor.NativeIntelCancellationAndCompletionFailureAllowRetry (360 ms)
[----------] 1 test from HvfExecutor (360 ms total)

[==========] 1 test from 1 test suite ran. (360 ms total)
[  PASSED  ] 1 test.

Repeating all tests (iteration 243) . . .

Note: Google Test filter = HvfExecutor.Native*
[==========] Running 1 test from 1 test suite.
[----------] 1 test from HvfExecutor
[ RUN      ] HvfExecutor.NativeIntelCancellationAndCompletionFailureAllowRetry
[       OK ] HvfExecutor.NativeIntelCancellationAndCompletionFailureAllowRetry (270 ms)
[----------] 1 test from HvfExecutor (271 ms total)

[==========] 1 test from 1 test suite ran. (271 ms total)
[  PASSED  ] 1 test.

Repeating all tests (iteration 244) . . .

Note: Google Test filter = HvfExecutor.Native*
[==========] Running 1 test from 1 test suite.
[----------] 1 test from HvfExecutor
[ RUN      ] HvfExecutor.NativeIntelCancellationAndCompletionFailureAllowRetry
[       OK ] HvfExecutor.NativeIntelCancellationAndCompletionFailureAllowRetry (341 ms)
[----------] 1 test from HvfExecutor (342 ms total)

[==========] 1 test from 1 test suite ran. (342 ms total)
[  PASSED  ] 1 test.

Repeating all tests (iteration 245) . . .

Note: Google Test filter = HvfExecutor.Native*
[==========] Running 1 test from 1 test suite.
[----------] 1 test from HvfExecutor
[ RUN      ] HvfExecutor.NativeIntelCancellationAndCompletionFailureAllowRetry
[       OK ] HvfExecutor.NativeIntelCancellationAndCompletionFailureAllowRetry (375 ms)
[----------] 1 test from HvfExecutor (375 ms total)

[==========] 1 test from 1 test suite ran. (375 ms total)
[  PASSED  ] 1 test.

Repeating all tests (iteration 246) . . .

Note: Google Test filter = HvfExecutor.Native*
[==========] Running 1 test from 1 test suite.
[----------] 1 test from HvfExecutor
[ RUN      ] HvfExecutor.NativeIntelCancellationAndCompletionFailureAllowRetry
[       OK ] HvfExecutor.NativeIntelCancellationAndCompletionFailureAllowRetry (379 ms)
[----------] 1 test from HvfExecutor (379 ms total)

[==========] 1 test from 1 test suite ran. (379 ms total)
[  PASSED  ] 1 test.

Repeating all tests (iteration 247) . . .

Note: Google Test filter = HvfExecutor.Native*
[==========] Running 1 test from 1 test suite.
[----------] 1 test from HvfExecutor
[ RUN      ] HvfExecutor.NativeIntelCancellationAndCompletionFailureAllowRetry
[       OK ] HvfExecutor.NativeIntelCancellationAndCompletionFailureAllowRetry (289 ms)
[----------] 1 test from HvfExecutor (289 ms total)

[==========] 1 test from 1 test suite ran. (289 ms total)
[  PASSED  ] 1 test.

Repeating all tests (iteration 248) . . .

Note: Google Test filter = HvfExecutor.Native*
[==========] Running 1 test from 1 test suite.
[----------] 1 test from HvfExecutor
[ RUN      ] HvfExecutor.NativeIntelCancellationAndCompletionFailureAllowRetry
[       OK ] HvfExecutor.NativeIntelCancellationAndCompletionFailureAllowRetry (324 ms)
[----------] 1 test from HvfExecutor (324 ms total)

[==========] 1 test from 1 test suite ran. (324 ms total)
[  PASSED  ] 1 test.

Repeating all tests (iteration 249) . . .

Note: Google Test filter = HvfExecutor.Native*
[==========] Running 1 test from 1 test suite.
[----------] 1 test from HvfExecutor
[ RUN      ] HvfExecutor.NativeIntelCancellationAndCompletionFailureAllowRetry
[       OK ] HvfExecutor.NativeIntelCancellationAndCompletionFailureAllowRetry (294 ms)
[----------] 1 test from HvfExecutor (294 ms total)

[==========] 1 test from 1 test suite ran. (294 ms total)
[  PASSED  ] 1 test.

Repeating all tests (iteration 250) . . .

Note: Google Test filter = HvfExecutor.Native*
[==========] Running 1 test from 1 test suite.
[----------] 1 test from HvfExecutor
[ RUN      ] HvfExecutor.NativeIntelCancellationAndCompletionFailureAllowRetry
[       OK ] HvfExecutor.NativeIntelCancellationAndCompletionFailureAllowRetry (135 ms)
[----------] 1 test from HvfExecutor (135 ms total)

[==========] 1 test from 1 test suite ran. (135 ms total)
[  PASSED  ] 1 test.

Repeating all tests (iteration 251) . . .

Note: Google Test filter = HvfExecutor.Native*
[==========] Running 1 test from 1 test suite.
[----------] 1 test from HvfExecutor
[ RUN      ] HvfExecutor.NativeIntelCancellationAndCompletionFailureAllowRetry
[       OK ] HvfExecutor.NativeIntelCancellationAndCompletionFailureAllowRetry (286 ms)
[----------] 1 test from HvfExecutor (286 ms total)

[==========] 1 test from 1 test suite ran. (286 ms total)
[  PASSED  ] 1 test.

Repeating all tests (iteration 252) . . .

Note: Google Test filter = HvfExecutor.Native*
[==========] Running 1 test from 1 test suite.
[----------] 1 test from HvfExecutor
[ RUN      ] HvfExecutor.NativeIntelCancellationAndCompletionFailureAllowRetry
[       OK ] HvfExecutor.NativeIntelCancellationAndCompletionFailureAllowRetry (350 ms)
[----------] 1 test from HvfExecutor (351 ms total)

[==========] 1 test from 1 test suite ran. (351 ms total)
[  PASSED  ] 1 test.

Repeating all tests (iteration 253) . . .

Note: Google Test filter = HvfExecutor.Native*
[==========] Running 1 test from 1 test suite.
[----------] 1 test from HvfExecutor
[ RUN      ] HvfExecutor.NativeIntelCancellationAndCompletionFailureAllowRetry
[       OK ] HvfExecutor.NativeIntelCancellationAndCompletionFailureAllowRetry (428 ms)
[----------] 1 test from HvfExecutor (428 ms total)

[==========] 1 test from 1 test suite ran. (428 ms total)
[  PASSED  ] 1 test.

Repeating all tests (iteration 254) . . .

Note: Google Test filter = HvfExecutor.Native*
[==========] Running 1 test from 1 test suite.
[----------] 1 test from HvfExecutor
[ RUN      ] HvfExecutor.NativeIntelCancellationAndCompletionFailureAllowRetry
[       OK ] HvfExecutor.NativeIntelCancellationAndCompletionFailureAllowRetry (413 ms)
[----------] 1 test from HvfExecutor (414 ms total)

[==========] 1 test from 1 test suite ran. (414 ms total)
[  PASSED  ] 1 test.

Repeating all tests (iteration 255) . . .

Note: Google Test filter = HvfExecutor.Native*
[==========] Running 1 test from 1 test suite.
[----------] 1 test from HvfExecutor
[ RUN      ] HvfExecutor.NativeIntelCancellationAndCompletionFailureAllowRetry
[       OK ] HvfExecutor.NativeIntelCancellationAndCompletionFailureAllowRetry (460 ms)
[----------] 1 test from HvfExecutor (460 ms total)

[==========] 1 test from 1 test suite ran. (460 ms total)
[  PASSED  ] 1 test.

Repeating all tests (iteration 256) . . .

Note: Google Test filter = HvfExecutor.Native*
[==========] Running 1 test from 1 test suite.
[----------] 1 test from HvfExecutor
[ RUN      ] HvfExecutor.NativeIntelCancellationAndCompletionFailureAllowRetry
[       OK ] HvfExecutor.NativeIntelCancellationAndCompletionFailureAllowRetry (186 ms)
[----------] 1 test from HvfExecutor (186 ms total)

[==========] 1 test from 1 test suite ran. (186 ms total)
[  PASSED  ] 1 test.

Repeating all tests (iteration 257) . . .

Note: Google Test filter = HvfExecutor.Native*
[==========] Running 1 test from 1 test suite.
[----------] 1 test from HvfExecutor
[ RUN      ] HvfExecutor.NativeIntelCancellationAndCompletionFailureAllowRetry
[       OK ] HvfExecutor.NativeIntelCancellationAndCompletionFailureAllowRetry (318 ms)
[----------] 1 test from HvfExecutor (318 ms total)

[==========] 1 test from 1 test suite ran. (319 ms total)
[  PASSED  ] 1 test.

Repeating all tests (iteration 258) . . .

Note: Google Test filter = HvfExecutor.Native*
[==========] Running 1 test from 1 test suite.
[----------] 1 test from HvfExecutor
[ RUN      ] HvfExecutor.NativeIntelCancellationAndCompletionFailureAllowRetry
[       OK ] HvfExecutor.NativeIntelCancellationAndCompletionFailureAllowRetry (276 ms)
[----------] 1 test from HvfExecutor (276 ms total)

[==========] 1 test from 1 test suite ran. (276 ms total)
[  PASSED  ] 1 test.

Repeating all tests (iteration 259) . . .

Note: Google Test filter = HvfExecutor.Native*
[==========] Running 1 test from 1 test suite.
[----------] 1 test from HvfExecutor
[ RUN      ] HvfExecutor.NativeIntelCancellationAndCompletionFailureAllowRetry
[       OK ] HvfExecutor.NativeIntelCancellationAndCompletionFailureAllowRetry (325 ms)
[----------] 1 test from HvfExecutor (325 ms total)

[==========] 1 test from 1 test suite ran. (325 ms total)
[  PASSED  ] 1 test.

Repeating all tests (iteration 260) . . .

Note: Google Test filter = HvfExecutor.Native*
[==========] Running 1 test from 1 test suite.
[----------] 1 test from HvfExecutor
[ RUN      ] HvfExecutor.NativeIntelCancellationAndCompletionFailureAllowRetry
[       OK ] HvfExecutor.NativeIntelCancellationAndCompletionFailureAllowRetry (334 ms)
[----------] 1 test from HvfExecutor (334 ms total)

[==========] 1 test from 1 test suite ran. (334 ms total)
[  PASSED  ] 1 test.

Repeating all tests (iteration 261) . . .

Note: Google Test filter = HvfExecutor.Native*
[==========] Running 1 test from 1 test suite.
[----------] 1 test from HvfExecutor
[ RUN      ] HvfExecutor.NativeIntelCancellationAndCompletionFailureAllowRetry
[       OK ] HvfExecutor.NativeIntelCancellationAndCompletionFailureAllowRetry (231 ms)
[----------] 1 test from HvfExecutor (231 ms total)

[==========] 1 test from 1 test suite ran. (231 ms total)
[  PASSED  ] 1 test.

Repeating all tests (iteration 262) . . .

Note: Google Test filter = HvfExecutor.Native*
[==========] Running 1 test from 1 test suite.
[----------] 1 test from HvfExecutor
[ RUN      ] HvfExecutor.NativeIntelCancellationAndCompletionFailureAllowRetry
[       OK ] HvfExecutor.NativeIntelCancellationAndCompletionFailureAllowRetry (213 ms)
[----------] 1 test from HvfExecutor (214 ms total)

[==========] 1 test from 1 test suite ran. (214 ms total)
[  PASSED  ] 1 test.

Repeating all tests (iteration 263) . . .

Note: Google Test filter = HvfExecutor.Native*
[==========] Running 1 test from 1 test suite.
[----------] 1 test from HvfExecutor
[ RUN      ] HvfExecutor.NativeIntelCancellationAndCompletionFailureAllowRetry
[       OK ] HvfExecutor.NativeIntelCancellationAndCompletionFailureAllowRetry (198 ms)
[----------] 1 test from HvfExecutor (198 ms total)

[==========] 1 test from 1 test suite ran. (198 ms total)
[  PASSED  ] 1 test.

Repeating all tests (iteration 264) . . .

Note: Google Test filter = HvfExecutor.Native*
[==========] Running 1 test from 1 test suite.
[----------] 1 test from HvfExecutor
[ RUN      ] HvfExecutor.NativeIntelCancellationAndCompletionFailureAllowRetry
[       OK ] HvfExecutor.NativeIntelCancellationAndCompletionFailureAllowRetry (423 ms)
[----------] 1 test from HvfExecutor (424 ms total)

[==========] 1 test from 1 test suite ran. (424 ms total)
[  PASSED  ] 1 test.

Repeating all tests (iteration 265) . . .

Note: Google Test filter = HvfExecutor.Native*
[==========] Running 1 test from 1 test suite.
[----------] 1 test from HvfExecutor
[ RUN      ] HvfExecutor.NativeIntelCancellationAndCompletionFailureAllowRetry
[       OK ] HvfExecutor.NativeIntelCancellationAndCompletionFailureAllowRetry (346 ms)
[----------] 1 test from HvfExecutor (347 ms total)

[==========] 1 test from 1 test suite ran. (347 ms total)
[  PASSED  ] 1 test.

Repeating all tests (iteration 266) . . .

Note: Google Test filter = HvfExecutor.Native*
[==========] Running 1 test from 1 test suite.
[----------] 1 test from HvfExecutor
[ RUN      ] HvfExecutor.NativeIntelCancellationAndCompletionFailureAllowRetry
[       OK ] HvfExecutor.NativeIntelCancellationAndCompletionFailureAllowRetry (316 ms)
[----------] 1 test from HvfExecutor (316 ms total)

[==========] 1 test from 1 test suite ran. (316 ms total)
[  PASSED  ] 1 test.

Repeating all tests (iteration 267) . . .

Note: Google Test filter = HvfExecutor.Native*
[==========] Running 1 test from 1 test suite.
[----------] 1 test from HvfExecutor
[ RUN      ] HvfExecutor.NativeIntelCancellationAndCompletionFailureAllowRetry
[       OK ] HvfExecutor.NativeIntelCancellationAndCompletionFailureAllowRetry (396 ms)
[----------] 1 test from HvfExecutor (396 ms total)

[==========] 1 test from 1 test suite ran. (396 ms total)
[  PASSED  ] 1 test.

Repeating all tests (iteration 268) . . .

Note: Google Test filter = HvfExecutor.Native*
[==========] Running 1 test from 1 test suite.
[----------] 1 test from HvfExecutor
[ RUN      ] HvfExecutor.NativeIntelCancellationAndCompletionFailureAllowRetry
[       OK ] HvfExecutor.NativeIntelCancellationAndCompletionFailureAllowRetry (257 ms)
[----------] 1 test from HvfExecutor (258 ms total)

[==========] 1 test from 1 test suite ran. (258 ms total)
[  PASSED  ] 1 test.

Repeating all tests (iteration 269) . . .

Note: Google Test filter = HvfExecutor.Native*
[==========] Running 1 test from 1 test suite.
[----------] 1 test from HvfExecutor
[ RUN      ] HvfExecutor.NativeIntelCancellationAndCompletionFailureAllowRetry
[       OK ] HvfExecutor.NativeIntelCancellationAndCompletionFailureAllowRetry (225 ms)
[----------] 1 test from HvfExecutor (225 ms total)

[==========] 1 test from 1 test suite ran. (226 ms total)
[  PASSED  ] 1 test.

Repeating all tests (iteration 270) . . .

Note: Google Test filter = HvfExecutor.Native*
[==========] Running 1 test from 1 test suite.
[----------] 1 test from HvfExecutor
[ RUN      ] HvfExecutor.NativeIntelCancellationAndCompletionFailureAllowRetry
[       OK ] HvfExecutor.NativeIntelCancellationAndCompletionFailureAllowRetry (288 ms)
[----------] 1 test from HvfExecutor (288 ms total)

[==========] 1 test from 1 test suite ran. (288 ms total)
[  PASSED  ] 1 test.

Repeating all tests (iteration 271) . . .

Note: Google Test filter = HvfExecutor.Native*
[==========] Running 1 test from 1 test suite.
[----------] 1 test from HvfExecutor
[ RUN      ] HvfExecutor.NativeIntelCancellationAndCompletionFailureAllowRetry
[       OK ] HvfExecutor.NativeIntelCancellationAndCompletionFailureAllowRetry (267 ms)
[----------] 1 test from HvfExecutor (267 ms total)

[==========] 1 test from 1 test suite ran. (267 ms total)
[  PASSED  ] 1 test.

Repeating all tests (iteration 272) . . .

Note: Google Test filter = HvfExecutor.Native*
[==========] Running 1 test from 1 test suite.
[----------] 1 test from HvfExecutor
[ RUN      ] HvfExecutor.NativeIntelCancellationAndCompletionFailureAllowRetry
[       OK ] HvfExecutor.NativeIntelCancellationAndCompletionFailureAllowRetry (276 ms)
[----------] 1 test from HvfExecutor (276 ms total)

[==========] 1 test from 1 test suite ran. (276 ms total)
[  PASSED  ] 1 test.

Repeating all tests (iteration 273) . . .

Note: Google Test filter = HvfExecutor.Native*
[==========] Running 1 test from 1 test suite.
[----------] 1 test from HvfExecutor
[ RUN      ] HvfExecutor.NativeIntelCancellationAndCompletionFailureAllowRetry
[       OK ] HvfExecutor.NativeIntelCancellationAndCompletionFailureAllowRetry (243 ms)
[----------] 1 test from HvfExecutor (243 ms total)

[==========] 1 test from 1 test suite ran. (243 ms total)
[  PASSED  ] 1 test.

Repeating all tests (iteration 274) . . .

Note: Google Test filter = HvfExecutor.Native*
[==========] Running 1 test from 1 test suite.
[----------] 1 test from HvfExecutor
[ RUN      ] HvfExecutor.NativeIntelCancellationAndCompletionFailureAllowRetry
[       OK ] HvfExecutor.NativeIntelCancellationAndCompletionFailureAllowRetry (394 ms)
[----------] 1 test from HvfExecutor (394 ms total)

[==========] 1 test from 1 test suite ran. (394 ms total)
[  PASSED  ] 1 test.

Repeating all tests (iteration 275) . . .

Note: Google Test filter = HvfExecutor.Native*
[==========] Running 1 test from 1 test suite.
[----------] 1 test from HvfExecutor
[ RUN      ] HvfExecutor.NativeIntelCancellationAndCompletionFailureAllowRetry
[       OK ] HvfExecutor.NativeIntelCancellationAndCompletionFailureAllowRetry (314 ms)
[----------] 1 test from HvfExecutor (314 ms total)

[==========] 1 test from 1 test suite ran. (314 ms total)
[  PASSED  ] 1 test.

Repeating all tests (iteration 276) . . .

Note: Google Test filter = HvfExecutor.Native*
[==========] Running 1 test from 1 test suite.
[----------] 1 test from HvfExecutor
[ RUN      ] HvfExecutor.NativeIntelCancellationAndCompletionFailureAllowRetry
[       OK ] HvfExecutor.NativeIntelCancellationAndCompletionFailureAllowRetry (291 ms)
[----------] 1 test from HvfExecutor (291 ms total)

[==========] 1 test from 1 test suite ran. (291 ms total)
[  PASSED  ] 1 test.

Repeating all tests (iteration 277) . . .

Note: Google Test filter = HvfExecutor.Native*
[==========] Running 1 test from 1 test suite.
[----------] 1 test from HvfExecutor
[ RUN      ] HvfExecutor.NativeIntelCancellationAndCompletionFailureAllowRetry
[       OK ] HvfExecutor.NativeIntelCancellationAndCompletionFailureAllowRetry (371 ms)
[----------] 1 test from HvfExecutor (371 ms total)

[==========] 1 test from 1 test suite ran. (371 ms total)
[  PASSED  ] 1 test.

Repeating all tests (iteration 278) . . .

Note: Google Test filter = HvfExecutor.Native*
[==========] Running 1 test from 1 test suite.
[----------] 1 test from HvfExecutor
[ RUN      ] HvfExecutor.NativeIntelCancellationAndCompletionFailureAllowRetry
[       OK ] HvfExecutor.NativeIntelCancellationAndCompletionFailureAllowRetry (318 ms)
[----------] 1 test from HvfExecutor (318 ms total)

[==========] 1 test from 1 test suite ran. (318 ms total)
[  PASSED  ] 1 test.

Repeating all tests (iteration 279) . . .

Note: Google Test filter = HvfExecutor.Native*
[==========] Running 1 test from 1 test suite.
[----------] 1 test from HvfExecutor
[ RUN      ] HvfExecutor.NativeIntelCancellationAndCompletionFailureAllowRetry
[       OK ] HvfExecutor.NativeIntelCancellationAndCompletionFailureAllowRetry (457 ms)
[----------] 1 test from HvfExecutor (457 ms total)

[==========] 1 test from 1 test suite ran. (457 ms total)
[  PASSED  ] 1 test.

Repeating all tests (iteration 280) . . .

Note: Google Test filter = HvfExecutor.Native*
[==========] Running 1 test from 1 test suite.
[----------] 1 test from HvfExecutor
[ RUN      ] HvfExecutor.NativeIntelCancellationAndCompletionFailureAllowRetry
[       OK ] HvfExecutor.NativeIntelCancellationAndCompletionFailureAllowRetry (353 ms)
[----------] 1 test from HvfExecutor (353 ms total)

[==========] 1 test from 1 test suite ran. (353 ms total)
[  PASSED  ] 1 test.

Repeating all tests (iteration 281) . . .

Note: Google Test filter = HvfExecutor.Native*
[==========] Running 1 test from 1 test suite.
[----------] 1 test from HvfExecutor
[ RUN      ] HvfExecutor.NativeIntelCancellationAndCompletionFailureAllowRetry
[       OK ] HvfExecutor.NativeIntelCancellationAndCompletionFailureAllowRetry (177 ms)
[----------] 1 test from HvfExecutor (177 ms total)

[==========] 1 test from 1 test suite ran. (177 ms total)
[  PASSED  ] 1 test.

Repeating all tests (iteration 282) . . .

Note: Google Test filter = HvfExecutor.Native*
[==========] Running 1 test from 1 test suite.
[----------] 1 test from HvfExecutor
[ RUN      ] HvfExecutor.NativeIntelCancellationAndCompletionFailureAllowRetry
[       OK ] HvfExecutor.NativeIntelCancellationAndCompletionFailureAllowRetry (332 ms)
[----------] 1 test from HvfExecutor (332 ms total)

[==========] 1 test from 1 test suite ran. (332 ms total)
[  PASSED  ] 1 test.

Repeating all tests (iteration 283) . . .

Note: Google Test filter = HvfExecutor.Native*
[==========] Running 1 test from 1 test suite.
[----------] 1 test from HvfExecutor
[ RUN      ] HvfExecutor.NativeIntelCancellationAndCompletionFailureAllowRetry
[       OK ] HvfExecutor.NativeIntelCancellationAndCompletionFailureAllowRetry (401 ms)
[----------] 1 test from HvfExecutor (401 ms total)

[==========] 1 test from 1 test suite ran. (401 ms total)
[  PASSED  ] 1 test.

Repeating all tests (iteration 284) . . .

Note: Google Test filter = HvfExecutor.Native*
[==========] Running 1 test from 1 test suite.
[----------] 1 test from HvfExecutor
[ RUN      ] HvfExecutor.NativeIntelCancellationAndCompletionFailureAllowRetry
[       OK ] HvfExecutor.NativeIntelCancellationAndCompletionFailureAllowRetry (391 ms)
[----------] 1 test from HvfExecutor (391 ms total)

[==========] 1 test from 1 test suite ran. (391 ms total)
[  PASSED  ] 1 test.

Repeating all tests (iteration 285) . . .

Note: Google Test filter = HvfExecutor.Native*
[==========] Running 1 test from 1 test suite.
[----------] 1 test from HvfExecutor
[ RUN      ] HvfExecutor.NativeIntelCancellationAndCompletionFailureAllowRetry
[       OK ] HvfExecutor.NativeIntelCancellationAndCompletionFailureAllowRetry (195 ms)
[----------] 1 test from HvfExecutor (195 ms total)

[==========] 1 test from 1 test suite ran. (195 ms total)
[  PASSED  ] 1 test.

Repeating all tests (iteration 286) . . .

Note: Google Test filter = HvfExecutor.Native*
[==========] Running 1 test from 1 test suite.
[----------] 1 test from HvfExecutor
[ RUN      ] HvfExecutor.NativeIntelCancellationAndCompletionFailureAllowRetry
[       OK ] HvfExecutor.NativeIntelCancellationAndCompletionFailureAllowRetry (239 ms)
[----------] 1 test from HvfExecutor (239 ms total)

[==========] 1 test from 1 test suite ran. (239 ms total)
[  PASSED  ] 1 test.

Repeating all tests (iteration 287) . . .

Note: Google Test filter = HvfExecutor.Native*
[==========] Running 1 test from 1 test suite.
[----------] 1 test from HvfExecutor
[ RUN      ] HvfExecutor.NativeIntelCancellationAndCompletionFailureAllowRetry
[       OK ] HvfExecutor.NativeIntelCancellationAndCompletionFailureAllowRetry (477 ms)
[----------] 1 test from HvfExecutor (477 ms total)

[==========] 1 test from 1 test suite ran. (477 ms total)
[  PASSED  ] 1 test.

Repeating all tests (iteration 288) . . .

Note: Google Test filter = HvfExecutor.Native*
[==========] Running 1 test from 1 test suite.
[----------] 1 test from HvfExecutor
[ RUN      ] HvfExecutor.NativeIntelCancellationAndCompletionFailureAllowRetry
[       OK ] HvfExecutor.NativeIntelCancellationAndCompletionFailureAllowRetry (370 ms)
[----------] 1 test from HvfExecutor (370 ms total)

[==========] 1 test from 1 test suite ran. (370 ms total)
[  PASSED  ] 1 test.

Repeating all tests (iteration 289) . . .

Note: Google Test filter = HvfExecutor.Native*
[==========] Running 1 test from 1 test suite.
[----------] 1 test from HvfExecutor
[ RUN      ] HvfExecutor.NativeIntelCancellationAndCompletionFailureAllowRetry
[       OK ] HvfExecutor.NativeIntelCancellationAndCompletionFailureAllowRetry (230 ms)
[----------] 1 test from HvfExecutor (230 ms total)

[==========] 1 test from 1 test suite ran. (230 ms total)
[  PASSED  ] 1 test.

Repeating all tests (iteration 290) . . .

Note: Google Test filter = HvfExecutor.Native*
[==========] Running 1 test from 1 test suite.
[----------] 1 test from HvfExecutor
[ RUN      ] HvfExecutor.NativeIntelCancellationAndCompletionFailureAllowRetry
[       OK ] HvfExecutor.NativeIntelCancellationAndCompletionFailureAllowRetry (258 ms)
[----------] 1 test from HvfExecutor (258 ms total)

[==========] 1 test from 1 test suite ran. (258 ms total)
[  PASSED  ] 1 test.

Repeating all tests (iteration 291) . . .

Note: Google Test filter = HvfExecutor.Native*
[==========] Running 1 test from 1 test suite.
[----------] 1 test from HvfExecutor
[ RUN      ] HvfExecutor.NativeIntelCancellationAndCompletionFailureAllowRetry
[       OK ] HvfExecutor.NativeIntelCancellationAndCompletionFailureAllowRetry (424 ms)
[----------] 1 test from HvfExecutor (424 ms total)

[==========] 1 test from 1 test suite ran. (424 ms total)
[  PASSED  ] 1 test.

Repeating all tests (iteration 292) . . .

Note: Google Test filter = HvfExecutor.Native*
[==========] Running 1 test from 1 test suite.
[----------] 1 test from HvfExecutor
[ RUN      ] HvfExecutor.NativeIntelCancellationAndCompletionFailureAllowRetry
[       OK ] HvfExecutor.NativeIntelCancellationAndCompletionFailureAllowRetry (271 ms)
[----------] 1 test from HvfExecutor (271 ms total)

[==========] 1 test from 1 test suite ran. (271 ms total)
[  PASSED  ] 1 test.

Repeating all tests (iteration 293) . . .

Note: Google Test filter = HvfExecutor.Native*
[==========] Running 1 test from 1 test suite.
[----------] 1 test from HvfExecutor
[ RUN      ] HvfExecutor.NativeIntelCancellationAndCompletionFailureAllowRetry
[       OK ] HvfExecutor.NativeIntelCancellationAndCompletionFailureAllowRetry (225 ms)
[----------] 1 test from HvfExecutor (225 ms total)

[==========] 1 test from 1 test suite ran. (225 ms total)
[  PASSED  ] 1 test.

Repeating all tests (iteration 294) . . .

Note: Google Test filter = HvfExecutor.Native*
[==========] Running 1 test from 1 test suite.
[----------] 1 test from HvfExecutor
[ RUN      ] HvfExecutor.NativeIntelCancellationAndCompletionFailureAllowRetry
[       OK ] HvfExecutor.NativeIntelCancellationAndCompletionFailureAllowRetry (149 ms)
[----------] 1 test from HvfExecutor (150 ms total)

[==========] 1 test from 1 test suite ran. (150 ms total)
[  PASSED  ] 1 test.

Repeating all tests (iteration 295) . . .

Note: Google Test filter = HvfExecutor.Native*
[==========] Running 1 test from 1 test suite.
[----------] 1 test from HvfExecutor
[ RUN      ] HvfExecutor.NativeIntelCancellationAndCompletionFailureAllowRetry
[       OK ] HvfExecutor.NativeIntelCancellationAndCompletionFailureAllowRetry (135 ms)
[----------] 1 test from HvfExecutor (135 ms total)

[==========] 1 test from 1 test suite ran. (135 ms total)
[  PASSED  ] 1 test.

Repeating all tests (iteration 296) . . .

Note: Google Test filter = HvfExecutor.Native*
[==========] Running 1 test from 1 test suite.
[----------] 1 test from HvfExecutor
[ RUN      ] HvfExecutor.NativeIntelCancellationAndCompletionFailureAllowRetry
[       OK ] HvfExecutor.NativeIntelCancellationAndCompletionFailureAllowRetry (248 ms)
[----------] 1 test from HvfExecutor (248 ms total)

[==========] 1 test from 1 test suite ran. (248 ms total)
[  PASSED  ] 1 test.

Repeating all tests (iteration 297) . . .

Note: Google Test filter = HvfExecutor.Native*
[==========] Running 1 test from 1 test suite.
[----------] 1 test from HvfExecutor
[ RUN      ] HvfExecutor.NativeIntelCancellationAndCompletionFailureAllowRetry
[       OK ] HvfExecutor.NativeIntelCancellationAndCompletionFailureAllowRetry (131 ms)
[----------] 1 test from HvfExecutor (131 ms total)

[==========] 1 test from 1 test suite ran. (131 ms total)
[  PASSED  ] 1 test.

Repeating all tests (iteration 298) . . .

Note: Google Test filter = HvfExecutor.Native*
[==========] Running 1 test from 1 test suite.
[----------] 1 test from HvfExecutor
[ RUN      ] HvfExecutor.NativeIntelCancellationAndCompletionFailureAllowRetry
[       OK ] HvfExecutor.NativeIntelCancellationAndCompletionFailureAllowRetry (341 ms)
[----------] 1 test from HvfExecutor (341 ms total)

[==========] 1 test from 1 test suite ran. (342 ms total)
[  PASSED  ] 1 test.

Repeating all tests (iteration 299) . . .

Note: Google Test filter = HvfExecutor.Native*
[==========] Running 1 test from 1 test suite.
[----------] 1 test from HvfExecutor
[ RUN      ] HvfExecutor.NativeIntelCancellationAndCompletionFailureAllowRetry
[       OK ] HvfExecutor.NativeIntelCancellationAndCompletionFailureAllowRetry (353 ms)
[----------] 1 test from HvfExecutor (353 ms total)

[==========] 1 test from 1 test suite ran. (353 ms total)
[  PASSED  ] 1 test.

Repeating all tests (iteration 300) . . .

Note: Google Test filter = HvfExecutor.Native*
[==========] Running 1 test from 1 test suite.
[----------] 1 test from HvfExecutor
[ RUN      ] HvfExecutor.NativeIntelCancellationAndCompletionFailureAllowRetry
[       OK ] HvfExecutor.NativeIntelCancellationAndCompletionFailureAllowRetry (267 ms)
[----------] 1 test from HvfExecutor (267 ms total)

[==========] 1 test from 1 test suite ran. (267 ms total)
[  PASSED  ] 1 test.

Repeating all tests (iteration 301) . . .

Note: Google Test filter = HvfExecutor.Native*
[==========] Running 1 test from 1 test suite.
[----------] 1 test from HvfExecutor
[ RUN      ] HvfExecutor.NativeIntelCancellationAndCompletionFailureAllowRetry
[       OK ] HvfExecutor.NativeIntelCancellationAndCompletionFailureAllowRetry (298 ms)
[----------] 1 test from HvfExecutor (298 ms total)

[==========] 1 test from 1 test suite ran. (298 ms total)
[  PASSED  ] 1 test.

Repeating all tests (iteration 302) . . .

Note: Google Test filter = HvfExecutor.Native*
[==========] Running 1 test from 1 test suite.
[----------] 1 test from HvfExecutor
[ RUN      ] HvfExecutor.NativeIntelCancellationAndCompletionFailureAllowRetry
[       OK ] HvfExecutor.NativeIntelCancellationAndCompletionFailureAllowRetry (213 ms)
[----------] 1 test from HvfExecutor (213 ms total)

[==========] 1 test from 1 test suite ran. (213 ms total)
[  PASSED  ] 1 test.

Repeating all tests (iteration 303) . . .

Note: Google Test filter = HvfExecutor.Native*
[==========] Running 1 test from 1 test suite.
[----------] 1 test from HvfExecutor
[ RUN      ] HvfExecutor.NativeIntelCancellationAndCompletionFailureAllowRetry
[       OK ] HvfExecutor.NativeIntelCancellationAndCompletionFailureAllowRetry (269 ms)
[----------] 1 test from HvfExecutor (270 ms total)

[==========] 1 test from 1 test suite ran. (270 ms total)
[  PASSED  ] 1 test.

Repeating all tests (iteration 304) . . .

Note: Google Test filter = HvfExecutor.Native*
[==========] Running 1 test from 1 test suite.
[----------] 1 test from HvfExecutor
[ RUN      ] HvfExecutor.NativeIntelCancellationAndCompletionFailureAllowRetry
[       OK ] HvfExecutor.NativeIntelCancellationAndCompletionFailureAllowRetry (447 ms)
[----------] 1 test from HvfExecutor (448 ms total)

[==========] 1 test from 1 test suite ran. (448 ms total)
[  PASSED  ] 1 test.

Repeating all tests (iteration 305) . . .

Note: Google Test filter = HvfExecutor.Native*
[==========] Running 1 test from 1 test suite.
[----------] 1 test from HvfExecutor
[ RUN      ] HvfExecutor.NativeIntelCancellationAndCompletionFailureAllowRetry
[       OK ] HvfExecutor.NativeIntelCancellationAndCompletionFailureAllowRetry (341 ms)
[----------] 1 test from HvfExecutor (342 ms total)

[==========] 1 test from 1 test suite ran. (342 ms total)
[  PASSED  ] 1 test.

Repeating all tests (iteration 306) . . .

Note: Google Test filter = HvfExecutor.Native*
[==========] Running 1 test from 1 test suite.
[----------] 1 test from HvfExecutor
[ RUN      ] HvfExecutor.NativeIntelCancellationAndCompletionFailureAllowRetry
[       OK ] HvfExecutor.NativeIntelCancellationAndCompletionFailureAllowRetry (461 ms)
[----------] 1 test from HvfExecutor (461 ms total)

[==========] 1 test from 1 test suite ran. (461 ms total)
[  PASSED  ] 1 test.

Repeating all tests (iteration 307) . . .

Note: Google Test filter = HvfExecutor.Native*
[==========] Running 1 test from 1 test suite.
[----------] 1 test from HvfExecutor
[ RUN      ] HvfExecutor.NativeIntelCancellationAndCompletionFailureAllowRetry
[       OK ] HvfExecutor.NativeIntelCancellationAndCompletionFailureAllowRetry (270 ms)
[----------] 1 test from HvfExecutor (270 ms total)

[==========] 1 test from 1 test suite ran. (270 ms total)
[  PASSED  ] 1 test.

Repeating all tests (iteration 308) . . .

Note: Google Test filter = HvfExecutor.Native*
[==========] Running 1 test from 1 test suite.
[----------] 1 test from HvfExecutor
[ RUN      ] HvfExecutor.NativeIntelCancellationAndCompletionFailureAllowRetry
[       OK ] HvfExecutor.NativeIntelCancellationAndCompletionFailureAllowRetry (374 ms)
[----------] 1 test from HvfExecutor (374 ms total)

[==========] 1 test from 1 test suite ran. (374 ms total)
[  PASSED  ] 1 test.

Repeating all tests (iteration 309) . . .

Note: Google Test filter = HvfExecutor.Native*
[==========] Running 1 test from 1 test suite.
[----------] 1 test from HvfExecutor
[ RUN      ] HvfExecutor.NativeIntelCancellationAndCompletionFailureAllowRetry
[       OK ] HvfExecutor.NativeIntelCancellationAndCompletionFailureAllowRetry (267 ms)
[----------] 1 test from HvfExecutor (267 ms total)

[==========] 1 test from 1 test suite ran. (267 ms total)
[  PASSED  ] 1 test.

Repeating all tests (iteration 310) . . .

Note: Google Test filter = HvfExecutor.Native*
[==========] Running 1 test from 1 test suite.
[----------] 1 test from HvfExecutor
[ RUN      ] HvfExecutor.NativeIntelCancellationAndCompletionFailureAllowRetry
[       OK ] HvfExecutor.NativeIntelCancellationAndCompletionFailureAllowRetry (199 ms)
[----------] 1 test from HvfExecutor (199 ms total)

[==========] 1 test from 1 test suite ran. (199 ms total)
[  PASSED  ] 1 test.

Repeating all tests (iteration 311) . . .

Note: Google Test filter = HvfExecutor.Native*
[==========] Running 1 test from 1 test suite.
[----------] 1 test from HvfExecutor
[ RUN      ] HvfExecutor.NativeIntelCancellationAndCompletionFailureAllowRetry
[       OK ] HvfExecutor.NativeIntelCancellationAndCompletionFailureAllowRetry (354 ms)
[----------] 1 test from HvfExecutor (354 ms total)

[==========] 1 test from 1 test suite ran. (355 ms total)
[  PASSED  ] 1 test.

Repeating all tests (iteration 312) . . .

Note: Google Test filter = HvfExecutor.Native*
[==========] Running 1 test from 1 test suite.
[----------] 1 test from HvfExecutor
[ RUN      ] HvfExecutor.NativeIntelCancellationAndCompletionFailureAllowRetry
[       OK ] HvfExecutor.NativeIntelCancellationAndCompletionFailureAllowRetry (941 ms)
[----------] 1 test from HvfExecutor (942 ms total)

[==========] 1 test from 1 test suite ran. (942 ms total)
[  PASSED  ] 1 test.

Repeating all tests (iteration 313) . . .

Note: Google Test filter = HvfExecutor.Native*
[==========] Running 1 test from 1 test suite.
[----------] 1 test from HvfExecutor
[ RUN      ] HvfExecutor.NativeIntelCancellationAndCompletionFailureAllowRetry
[       OK ] HvfExecutor.NativeIntelCancellationAndCompletionFailureAllowRetry (320 ms)
[----------] 1 test from HvfExecutor (320 ms total)

[==========] 1 test from 1 test suite ran. (320 ms total)
[  PASSED  ] 1 test.

Repeating all tests (iteration 314) . . .

Note: Google Test filter = HvfExecutor.Native*
[==========] Running 1 test from 1 test suite.
[----------] 1 test from HvfExecutor
[ RUN      ] HvfExecutor.NativeIntelCancellationAndCompletionFailureAllowRetry
[       OK ] HvfExecutor.NativeIntelCancellationAndCompletionFailureAllowRetry (360 ms)
[----------] 1 test from HvfExecutor (360 ms total)

[==========] 1 test from 1 test suite ran. (360 ms total)
[  PASSED  ] 1 test.

Repeating all tests (iteration 315) . . .

Note: Google Test filter = HvfExecutor.Native*
[==========] Running 1 test from 1 test suite.
[----------] 1 test from HvfExecutor
[ RUN      ] HvfExecutor.NativeIntelCancellationAndCompletionFailureAllowRetry
[       OK ] HvfExecutor.NativeIntelCancellationAndCompletionFailureAllowRetry (275 ms)
[----------] 1 test from HvfExecutor (276 ms total)

[==========] 1 test from 1 test suite ran. (276 ms total)
[  PASSED  ] 1 test.

Repeating all tests (iteration 316) . . .

Note: Google Test filter = HvfExecutor.Native*
[==========] Running 1 test from 1 test suite.
[----------] 1 test from HvfExecutor
[ RUN      ] HvfExecutor.NativeIntelCancellationAndCompletionFailureAllowRetry
[       OK ] HvfExecutor.NativeIntelCancellationAndCompletionFailureAllowRetry (221 ms)
[----------] 1 test from HvfExecutor (221 ms total)

[==========] 1 test from 1 test suite ran. (221 ms total)
[  PASSED  ] 1 test.

Repeating all tests (iteration 317) . . .

Note: Google Test filter = HvfExecutor.Native*
[==========] Running 1 test from 1 test suite.
[----------] 1 test from HvfExecutor
[ RUN      ] HvfExecutor.NativeIntelCancellationAndCompletionFailureAllowRetry
[       OK ] HvfExecutor.NativeIntelCancellationAndCompletionFailureAllowRetry (250 ms)
[----------] 1 test from HvfExecutor (250 ms total)

[==========] 1 test from 1 test suite ran. (251 ms total)
[  PASSED  ] 1 test.

Repeating all tests (iteration 318) . . .

Note: Google Test filter = HvfExecutor.Native*
[==========] Running 1 test from 1 test suite.
[----------] 1 test from HvfExecutor
[ RUN      ] HvfExecutor.NativeIntelCancellationAndCompletionFailureAllowRetry
[       OK ] HvfExecutor.NativeIntelCancellationAndCompletionFailureAllowRetry (211 ms)
[----------] 1 test from HvfExecutor (211 ms total)

[==========] 1 test from 1 test suite ran. (211 ms total)
[  PASSED  ] 1 test.

Repeating all tests (iteration 319) . . .

Note: Google Test filter = HvfExecutor.Native*
[==========] Running 1 test from 1 test suite.
[----------] 1 test from HvfExecutor
[ RUN      ] HvfExecutor.NativeIntelCancellationAndCompletionFailureAllowRetry
[       OK ] HvfExecutor.NativeIntelCancellationAndCompletionFailureAllowRetry (266 ms)
[----------] 1 test from HvfExecutor (266 ms total)

[==========] 1 test from 1 test suite ran. (266 ms total)
[  PASSED  ] 1 test.

Repeating all tests (iteration 320) . . .

Note: Google Test filter = HvfExecutor.Native*
[==========] Running 1 test from 1 test suite.
[----------] 1 test from HvfExecutor
[ RUN      ] HvfExecutor.NativeIntelCancellationAndCompletionFailureAllowRetry
[       OK ] HvfExecutor.NativeIntelCancellationAndCompletionFailureAllowRetry (398 ms)
[----------] 1 test from HvfExecutor (398 ms total)

[==========] 1 test from 1 test suite ran. (398 ms total)
[  PASSED  ] 1 test.

Repeating all tests (iteration 321) . . .

Note: Google Test filter = HvfExecutor.Native*
[==========] Running 1 test from 1 test suite.
[----------] 1 test from HvfExecutor
[ RUN      ] HvfExecutor.NativeIntelCancellationAndCompletionFailureAllowRetry
[       OK ] HvfExecutor.NativeIntelCancellationAndCompletionFailureAllowRetry (180 ms)
[----------] 1 test from HvfExecutor (180 ms total)

[==========] 1 test from 1 test suite ran. (180 ms total)
[  PASSED  ] 1 test.

Repeating all tests (iteration 322) . . .

Note: Google Test filter = HvfExecutor.Native*
[==========] Running 1 test from 1 test suite.
[----------] 1 test from HvfExecutor
[ RUN      ] HvfExecutor.NativeIntelCancellationAndCompletionFailureAllowRetry
[       OK ] HvfExecutor.NativeIntelCancellationAndCompletionFailureAllowRetry (273 ms)
[----------] 1 test from HvfExecutor (273 ms total)

[==========] 1 test from 1 test suite ran. (273 ms total)
[  PASSED  ] 1 test.

Repeating all tests (iteration 323) . . .

Note: Google Test filter = HvfExecutor.Native*
[==========] Running 1 test from 1 test suite.
[----------] 1 test from HvfExecutor
[ RUN      ] HvfExecutor.NativeIntelCancellationAndCompletionFailureAllowRetry
[       OK ] HvfExecutor.NativeIntelCancellationAndCompletionFailureAllowRetry (152 ms)
[----------] 1 test from HvfExecutor (152 ms total)

[==========] 1 test from 1 test suite ran. (152 ms total)
[  PASSED  ] 1 test.

Repeating all tests (iteration 324) . . .

Note: Google Test filter = HvfExecutor.Native*
[==========] Running 1 test from 1 test suite.
[----------] 1 test from HvfExecutor
[ RUN      ] HvfExecutor.NativeIntelCancellationAndCompletionFailureAllowRetry
[       OK ] HvfExecutor.NativeIntelCancellationAndCompletionFailureAllowRetry (182 ms)
[----------] 1 test from HvfExecutor (183 ms total)

[==========] 1 test from 1 test suite ran. (183 ms total)
[  PASSED  ] 1 test.

Repeating all tests (iteration 325) . . .

Note: Google Test filter = HvfExecutor.Native*
[==========] Running 1 test from 1 test suite.
[----------] 1 test from HvfExecutor
[ RUN      ] HvfExecutor.NativeIntelCancellationAndCompletionFailureAllowRetry
[       OK ] HvfExecutor.NativeIntelCancellationAndCompletionFailureAllowRetry (132 ms)
[----------] 1 test from HvfExecutor (132 ms total)

[==========] 1 test from 1 test suite ran. (132 ms total)
[  PASSED  ] 1 test.

Repeating all tests (iteration 326) . . .

Note: Google Test filter = HvfExecutor.Native*
[==========] Running 1 test from 1 test suite.
[----------] 1 test from HvfExecutor
[ RUN      ] HvfExecutor.NativeIntelCancellationAndCompletionFailureAllowRetry
[       OK ] HvfExecutor.NativeIntelCancellationAndCompletionFailureAllowRetry (323 ms)
[----------] 1 test from HvfExecutor (323 ms total)

[==========] 1 test from 1 test suite ran. (324 ms total)
[  PASSED  ] 1 test.

Repeating all tests (iteration 327) . . .

Note: Google Test filter = HvfExecutor.Native*
[==========] Running 1 test from 1 test suite.
[----------] 1 test from HvfExecutor
[ RUN      ] HvfExecutor.NativeIntelCancellationAndCompletionFailureAllowRetry
