Running main() from /Users/runner/work/test_mac_intel/test_mac_intel/source/build-hvf/_deps/googletest-src/googletest/src/gtest_main.cc

Repeating all tests (iteration 1) . . .

Note: Google Test filter = HvfIntelRecoveryProbe.WithoutHostKick
[==========] Running 1 test from 1 test suite.
[----------] Global test environment set-up.
[----------] 1 test from HvfIntelRecoveryProbe
[ RUN      ] HvfIntelRecoveryProbe.WithoutHostKick
INTEL_PROBE phase=executor_retained
INTEL_RECOVERY host_kick=omitted
INTEL_LIFECYCLE phase=vcpu_destroy_begin generation=1 owner=42432
INTEL_LIFECYCLE phase=vcpu_destroy_end generation=1 owner=42432
INTEL_LIFECYCLE phase=vm_destroy_begin generation=1 owner=42432
INTEL_LIFECYCLE phase=vm_destroy_end generation=1 owner=42432
INTEL_LIFECYCLE phase=vm_create_begin generation=2 owner=42432
INTEL_LIFECYCLE phase=vm_create_end generation=2 owner=42432
INTEL_LIFECYCLE phase=vcpu_create_begin generation=2 owner=42432
INTEL_LIFECYCLE phase=vcpu_create_end generation=2 owner=42432
[       OK ] HvfIntelRecoveryProbe.WithoutHostKick (457 ms)
[----------] 1 test from HvfIntelRecoveryProbe (458 ms total)

[==========] 1 test from 1 test suite ran. (458 ms total)
[  PASSED  ] 1 test.

Repeating all tests (iteration 2) . . .

Note: Google Test filter = HvfIntelRecoveryProbe.WithoutHostKick
[==========] Running 1 test from 1 test suite.
[----------] 1 test from HvfIntelRecoveryProbe
[ RUN      ] HvfIntelRecoveryProbe.WithoutHostKick
INTEL_PROBE phase=executor_retained
INTEL_RECOVERY host_kick=omitted
INTEL_LIFECYCLE phase=vcpu_destroy_begin generation=2 owner=42432
INTEL_LIFECYCLE phase=vcpu_destroy_end generation=2 owner=42432
INTEL_LIFECYCLE phase=vm_destroy_begin generation=2 owner=42432
INTEL_LIFECYCLE phase=vm_destroy_end generation=2 owner=42432
INTEL_LIFECYCLE phase=vm_create_begin generation=3 owner=42432
INTEL_LIFECYCLE phase=vm_create_end generation=3 owner=42432
INTEL_LIFECYCLE phase=vcpu_create_begin generation=3 owner=42432
INTEL_LIFECYCLE phase=vcpu_create_end generation=3 owner=42432
[       OK ] HvfIntelRecoveryProbe.WithoutHostKick (447 ms)
[----------] 1 test from HvfIntelRecoveryProbe (449 ms total)

[==========] 1 test from 1 test suite ran. (449 ms total)
[  PASSED  ] 1 test.

Repeating all tests (iteration 3) . . .

Note: Google Test filter = HvfIntelRecoveryProbe.WithoutHostKick
[==========] Running 1 test from 1 test suite.
[----------] 1 test from HvfIntelRecoveryProbe
[ RUN      ] HvfIntelRecoveryProbe.WithoutHostKick
INTEL_PROBE phase=executor_retained
INTEL_RECOVERY host_kick=omitted
INTEL_LIFECYCLE phase=vcpu_destroy_begin generation=3 owner=42432
INTEL_LIFECYCLE phase=vcpu_destroy_end generation=3 owner=42432
INTEL_LIFECYCLE phase=vm_destroy_begin generation=3 owner=42432
INTEL_LIFECYCLE phase=vm_destroy_end generation=3 owner=42432
INTEL_LIFECYCLE phase=vm_create_begin generation=4 owner=42432
INTEL_LIFECYCLE phase=vm_create_end generation=4 owner=42432
INTEL_LIFECYCLE phase=vcpu_create_begin generation=4 owner=42432
INTEL_LIFECYCLE phase=vcpu_create_end generation=4 owner=42432
[       OK ] HvfIntelRecoveryProbe.WithoutHostKick (339 ms)
[----------] 1 test from HvfIntelRecoveryProbe (339 ms total)

[==========] 1 test from 1 test suite ran. (339 ms total)
[  PASSED  ] 1 test.

Repeating all tests (iteration 4) . . .

Note: Google Test filter = HvfIntelRecoveryProbe.WithoutHostKick
[==========] Running 1 test from 1 test suite.
[----------] 1 test from HvfIntelRecoveryProbe
[ RUN      ] HvfIntelRecoveryProbe.WithoutHostKick
INTEL_PROBE phase=executor_retained
INTEL_RECOVERY host_kick=omitted
INTEL_LIFECYCLE phase=vcpu_destroy_begin generation=4 owner=42432
INTEL_LIFECYCLE phase=vcpu_destroy_end generation=4 owner=42432
INTEL_LIFECYCLE phase=vm_destroy_begin generation=4 owner=42432
INTEL_LIFECYCLE phase=vm_destroy_end generation=4 owner=42432
INTEL_LIFECYCLE phase=vm_create_begin generation=5 owner=42432
INTEL_LIFECYCLE phase=vm_create_end generation=5 owner=42432
INTEL_LIFECYCLE phase=vcpu_create_begin generation=5 owner=42432
INTEL_LIFECYCLE phase=vcpu_create_end generation=5 owner=42432
[       OK ] HvfIntelRecoveryProbe.WithoutHostKick (265 ms)
[----------] 1 test from HvfIntelRecoveryProbe (265 ms total)

[==========] 1 test from 1 test suite ran. (265 ms total)
[  PASSED  ] 1 test.

Repeating all tests (iteration 5) . . .

Note: Google Test filter = HvfIntelRecoveryProbe.WithoutHostKick
[==========] Running 1 test from 1 test suite.
[----------] 1 test from HvfIntelRecoveryProbe
[ RUN      ] HvfIntelRecoveryProbe.WithoutHostKick
INTEL_PROBE phase=executor_retained
INTEL_RECOVERY host_kick=omitted
INTEL_LIFECYCLE phase=vcpu_destroy_begin generation=5 owner=42432
INTEL_LIFECYCLE phase=vcpu_destroy_end generation=5 owner=42432
INTEL_LIFECYCLE phase=vm_destroy_begin generation=5 owner=42432
INTEL_LIFECYCLE phase=vm_destroy_end generation=5 owner=42432
INTEL_LIFECYCLE phase=vm_create_begin generation=6 owner=42432
INTEL_LIFECYCLE phase=vm_create_end generation=6 owner=42432
INTEL_LIFECYCLE phase=vcpu_create_begin generation=6 owner=42432
INTEL_LIFECYCLE phase=vcpu_create_end generation=6 owner=42432
[       OK ] HvfIntelRecoveryProbe.WithoutHostKick (223 ms)
[----------] 1 test from HvfIntelRecoveryProbe (223 ms total)

[==========] 1 test from 1 test suite ran. (223 ms total)
[  PASSED  ] 1 test.

Repeating all tests (iteration 6) . . .

Note: Google Test filter = HvfIntelRecoveryProbe.WithoutHostKick
[==========] Running 1 test from 1 test suite.
[----------] 1 test from HvfIntelRecoveryProbe
[ RUN      ] HvfIntelRecoveryProbe.WithoutHostKick
INTEL_PROBE phase=executor_retained
INTEL_RECOVERY host_kick=omitted
INTEL_LIFECYCLE phase=vcpu_destroy_begin generation=6 owner=42432
INTEL_LIFECYCLE phase=vcpu_destroy_end generation=6 owner=42432
INTEL_LIFECYCLE phase=vm_destroy_begin generation=6 owner=42432
INTEL_LIFECYCLE phase=vm_destroy_end generation=6 owner=42432
INTEL_LIFECYCLE phase=vm_create_begin generation=7 owner=42432
INTEL_LIFECYCLE phase=vm_create_end generation=7 owner=42432
INTEL_LIFECYCLE phase=vcpu_create_begin generation=7 owner=42432
INTEL_LIFECYCLE phase=vcpu_create_end generation=7 owner=42432
[       OK ] HvfIntelRecoveryProbe.WithoutHostKick (543 ms)
[----------] 1 test from HvfIntelRecoveryProbe (543 ms total)

[==========] 1 test from 1 test suite ran. (543 ms total)
[  PASSED  ] 1 test.

Repeating all tests (iteration 7) . . .

Note: Google Test filter = HvfIntelRecoveryProbe.WithoutHostKick
[==========] Running 1 test from 1 test suite.
[----------] 1 test from HvfIntelRecoveryProbe
[ RUN      ] HvfIntelRecoveryProbe.WithoutHostKick
INTEL_PROBE phase=executor_retained
INTEL_RECOVERY host_kick=omitted
INTEL_LIFECYCLE phase=vcpu_destroy_begin generation=7 owner=42432
INTEL_LIFECYCLE phase=vcpu_destroy_end generation=7 owner=42432
INTEL_LIFECYCLE phase=vm_destroy_begin generation=7 owner=42432
INTEL_LIFECYCLE phase=vm_destroy_end generation=7 owner=42432
INTEL_LIFECYCLE phase=vm_create_begin generation=8 owner=42432
INTEL_LIFECYCLE phase=vm_create_end generation=8 owner=42432
INTEL_LIFECYCLE phase=vcpu_create_begin generation=8 owner=42432
INTEL_LIFECYCLE phase=vcpu_create_end generation=8 owner=42432
[       OK ] HvfIntelRecoveryProbe.WithoutHostKick (448 ms)
[----------] 1 test from HvfIntelRecoveryProbe (448 ms total)

[==========] 1 test from 1 test suite ran. (448 ms total)
[  PASSED  ] 1 test.

Repeating all tests (iteration 8) . . .

Note: Google Test filter = HvfIntelRecoveryProbe.WithoutHostKick
[==========] Running 1 test from 1 test suite.
[----------] 1 test from HvfIntelRecoveryProbe
[ RUN      ] HvfIntelRecoveryProbe.WithoutHostKick
INTEL_PROBE phase=executor_retained
INTEL_RECOVERY host_kick=omitted
INTEL_LIFECYCLE phase=vcpu_destroy_begin generation=8 owner=42432
INTEL_LIFECYCLE phase=vcpu_destroy_end generation=8 owner=42432
INTEL_LIFECYCLE phase=vm_destroy_begin generation=8 owner=42432
INTEL_LIFECYCLE phase=vm_destroy_end generation=8 owner=42432
INTEL_LIFECYCLE phase=vm_create_begin generation=9 owner=42432
INTEL_LIFECYCLE phase=vm_create_end generation=9 owner=42432
INTEL_LIFECYCLE phase=vcpu_create_begin generation=9 owner=42432
INTEL_LIFECYCLE phase=vcpu_create_end generation=9 owner=42432
[       OK ] HvfIntelRecoveryProbe.WithoutHostKick (332 ms)
[----------] 1 test from HvfIntelRecoveryProbe (332 ms total)

[==========] 1 test from 1 test suite ran. (332 ms total)
[  PASSED  ] 1 test.

Repeating all tests (iteration 9) . . .

Note: Google Test filter = HvfIntelRecoveryProbe.WithoutHostKick
[==========] Running 1 test from 1 test suite.
[----------] 1 test from HvfIntelRecoveryProbe
[ RUN      ] HvfIntelRecoveryProbe.WithoutHostKick
INTEL_PROBE phase=executor_retained
INTEL_RECOVERY host_kick=omitted
INTEL_LIFECYCLE phase=vcpu_destroy_begin generation=9 owner=42432
INTEL_LIFECYCLE phase=vcpu_destroy_end generation=9 owner=42432
INTEL_LIFECYCLE phase=vm_destroy_begin generation=9 owner=42432
INTEL_LIFECYCLE phase=vm_destroy_end generation=9 owner=42432
INTEL_LIFECYCLE phase=vm_create_begin generation=10 owner=42432
INTEL_LIFECYCLE phase=vm_create_end generation=10 owner=42432
INTEL_LIFECYCLE phase=vcpu_create_begin generation=10 owner=42432
INTEL_LIFECYCLE phase=vcpu_create_end generation=10 owner=42432
[       OK ] HvfIntelRecoveryProbe.WithoutHostKick (1296 ms)
[----------] 1 test from HvfIntelRecoveryProbe (1297 ms total)

[==========] 1 test from 1 test suite ran. (1297 ms total)
[  PASSED  ] 1 test.

Repeating all tests (iteration 10) . . .

Note: Google Test filter = HvfIntelRecoveryProbe.WithoutHostKick
[==========] Running 1 test from 1 test suite.
[----------] 1 test from HvfIntelRecoveryProbe
[ RUN      ] HvfIntelRecoveryProbe.WithoutHostKick
INTEL_PROBE phase=executor_retained
INTEL_RECOVERY host_kick=omitted
INTEL_LIFECYCLE phase=vcpu_destroy_begin generation=10 owner=42432
INTEL_LIFECYCLE phase=vcpu_destroy_end generation=10 owner=42432
INTEL_LIFECYCLE phase=vm_destroy_begin generation=10 owner=42432
INTEL_LIFECYCLE phase=vm_destroy_end generation=10 owner=42432
INTEL_LIFECYCLE phase=vm_create_begin generation=11 owner=42432
INTEL_LIFECYCLE phase=vm_create_end generation=11 owner=42432
INTEL_LIFECYCLE phase=vcpu_create_begin generation=11 owner=42432
INTEL_LIFECYCLE phase=vcpu_create_end generation=11 owner=42432
[       OK ] HvfIntelRecoveryProbe.WithoutHostKick (717 ms)
[----------] 1 test from HvfIntelRecoveryProbe (717 ms total)

[==========] 1 test from 1 test suite ran. (717 ms total)
[  PASSED  ] 1 test.

Repeating all tests (iteration 11) . . .

Note: Google Test filter = HvfIntelRecoveryProbe.WithoutHostKick
[==========] Running 1 test from 1 test suite.
[----------] 1 test from HvfIntelRecoveryProbe
[ RUN      ] HvfIntelRecoveryProbe.WithoutHostKick
INTEL_PROBE phase=executor_retained
INTEL_RECOVERY host_kick=omitted
INTEL_LIFECYCLE phase=vcpu_destroy_begin generation=11 owner=42432
INTEL_LIFECYCLE phase=vcpu_destroy_end generation=11 owner=42432
INTEL_LIFECYCLE phase=vm_destroy_begin generation=11 owner=42432
INTEL_LIFECYCLE phase=vm_destroy_end generation=11 owner=42432
INTEL_LIFECYCLE phase=vm_create_begin generation=12 owner=42432
INTEL_LIFECYCLE phase=vm_create_end generation=12 owner=42432
INTEL_LIFECYCLE phase=vcpu_create_begin generation=12 owner=42432
INTEL_LIFECYCLE phase=vcpu_create_end generation=12 owner=42432
[       OK ] HvfIntelRecoveryProbe.WithoutHostKick (644 ms)
[----------] 1 test from HvfIntelRecoveryProbe (644 ms total)

[==========] 1 test from 1 test suite ran. (644 ms total)
[  PASSED  ] 1 test.

Repeating all tests (iteration 12) . . .

Note: Google Test filter = HvfIntelRecoveryProbe.WithoutHostKick
[==========] Running 1 test from 1 test suite.
[----------] 1 test from HvfIntelRecoveryProbe
[ RUN      ] HvfIntelRecoveryProbe.WithoutHostKick
INTEL_PROBE phase=executor_retained
INTEL_RECOVERY host_kick=omitted
INTEL_LIFECYCLE phase=vcpu_destroy_begin generation=12 owner=42432
INTEL_LIFECYCLE phase=vcpu_destroy_end generation=12 owner=42432
INTEL_LIFECYCLE phase=vm_destroy_begin generation=12 owner=42432
INTEL_LIFECYCLE phase=vm_destroy_end generation=12 owner=42432
INTEL_LIFECYCLE phase=vm_create_begin generation=13 owner=42432
INTEL_LIFECYCLE phase=vm_create_end generation=13 owner=42432
INTEL_LIFECYCLE phase=vcpu_create_begin generation=13 owner=42432
INTEL_LIFECYCLE phase=vcpu_create_end generation=13 owner=42432
[       OK ] HvfIntelRecoveryProbe.WithoutHostKick (568 ms)
[----------] 1 test from HvfIntelRecoveryProbe (568 ms total)

[==========] 1 test from 1 test suite ran. (568 ms total)
[  PASSED  ] 1 test.

Repeating all tests (iteration 13) . . .

Note: Google Test filter = HvfIntelRecoveryProbe.WithoutHostKick
[==========] Running 1 test from 1 test suite.
[----------] 1 test from HvfIntelRecoveryProbe
[ RUN      ] HvfIntelRecoveryProbe.WithoutHostKick
INTEL_PROBE phase=executor_retained
INTEL_RECOVERY host_kick=omitted
INTEL_LIFECYCLE phase=vcpu_destroy_begin generation=13 owner=42432
INTEL_LIFECYCLE phase=vcpu_destroy_end generation=13 owner=42432
INTEL_LIFECYCLE phase=vm_destroy_begin generation=13 owner=42432
INTEL_LIFECYCLE phase=vm_destroy_end generation=13 owner=42432
INTEL_LIFECYCLE phase=vm_create_begin generation=14 owner=42432
INTEL_LIFECYCLE phase=vm_create_end generation=14 owner=42432
INTEL_LIFECYCLE phase=vcpu_create_begin generation=14 owner=42432
INTEL_LIFECYCLE phase=vcpu_create_end generation=14 owner=42432
[       OK ] HvfIntelRecoveryProbe.WithoutHostKick (352 ms)
[----------] 1 test from HvfIntelRecoveryProbe (352 ms total)

[==========] 1 test from 1 test suite ran. (352 ms total)
[  PASSED  ] 1 test.

Repeating all tests (iteration 14) . . .

Note: Google Test filter = HvfIntelRecoveryProbe.WithoutHostKick
[==========] Running 1 test from 1 test suite.
[----------] 1 test from HvfIntelRecoveryProbe
[ RUN      ] HvfIntelRecoveryProbe.WithoutHostKick
INTEL_PROBE phase=executor_retained
INTEL_RECOVERY host_kick=omitted
INTEL_LIFECYCLE phase=vcpu_destroy_begin generation=14 owner=42432
INTEL_LIFECYCLE phase=vcpu_destroy_end generation=14 owner=42432
INTEL_LIFECYCLE phase=vm_destroy_begin generation=14 owner=42432
INTEL_LIFECYCLE phase=vm_destroy_end generation=14 owner=42432
INTEL_LIFECYCLE phase=vm_create_begin generation=15 owner=42432
INTEL_LIFECYCLE phase=vm_create_end generation=15 owner=42432
INTEL_LIFECYCLE phase=vcpu_create_begin generation=15 owner=42432
INTEL_LIFECYCLE phase=vcpu_create_end generation=15 owner=42432
[       OK ] HvfIntelRecoveryProbe.WithoutHostKick (437 ms)
[----------] 1 test from HvfIntelRecoveryProbe (437 ms total)

[==========] 1 test from 1 test suite ran. (437 ms total)
[  PASSED  ] 1 test.

Repeating all tests (iteration 15) . . .

Note: Google Test filter = HvfIntelRecoveryProbe.WithoutHostKick
[==========] Running 1 test from 1 test suite.
[----------] 1 test from HvfIntelRecoveryProbe
[ RUN      ] HvfIntelRecoveryProbe.WithoutHostKick
INTEL_PROBE phase=executor_retained
INTEL_RECOVERY host_kick=omitted
INTEL_LIFECYCLE phase=vcpu_destroy_begin generation=15 owner=42432
INTEL_LIFECYCLE phase=vcpu_destroy_end generation=15 owner=42432
INTEL_LIFECYCLE phase=vm_destroy_begin generation=15 owner=42432
INTEL_LIFECYCLE phase=vm_destroy_end generation=15 owner=42432
INTEL_LIFECYCLE phase=vm_create_begin generation=16 owner=42432
INTEL_LIFECYCLE phase=vm_create_end generation=16 owner=42432
INTEL_LIFECYCLE phase=vcpu_create_begin generation=16 owner=42432
INTEL_LIFECYCLE phase=vcpu_create_end generation=16 owner=42432
[       OK ] HvfIntelRecoveryProbe.WithoutHostKick (346 ms)
[----------] 1 test from HvfIntelRecoveryProbe (346 ms total)

[==========] 1 test from 1 test suite ran. (346 ms total)
[  PASSED  ] 1 test.

Repeating all tests (iteration 16) . . .

Note: Google Test filter = HvfIntelRecoveryProbe.WithoutHostKick
[==========] Running 1 test from 1 test suite.
[----------] 1 test from HvfIntelRecoveryProbe
[ RUN      ] HvfIntelRecoveryProbe.WithoutHostKick
INTEL_PROBE phase=executor_retained
INTEL_RECOVERY host_kick=omitted
INTEL_LIFECYCLE phase=vcpu_destroy_begin generation=16 owner=42432
INTEL_LIFECYCLE phase=vcpu_destroy_end generation=16 owner=42432
INTEL_LIFECYCLE phase=vm_destroy_begin generation=16 owner=42432
INTEL_LIFECYCLE phase=vm_destroy_end generation=16 owner=42432
INTEL_LIFECYCLE phase=vm_create_begin generation=17 owner=42432
INTEL_LIFECYCLE phase=vm_create_end generation=17 owner=42432
INTEL_LIFECYCLE phase=vcpu_create_begin generation=17 owner=42432
INTEL_LIFECYCLE phase=vcpu_create_end generation=17 owner=42432
[       OK ] HvfIntelRecoveryProbe.WithoutHostKick (439 ms)
[----------] 1 test from HvfIntelRecoveryProbe (439 ms total)

[==========] 1 test from 1 test suite ran. (439 ms total)
[  PASSED  ] 1 test.

Repeating all tests (iteration 17) . . .

Note: Google Test filter = HvfIntelRecoveryProbe.WithoutHostKick
[==========] Running 1 test from 1 test suite.
[----------] 1 test from HvfIntelRecoveryProbe
[ RUN      ] HvfIntelRecoveryProbe.WithoutHostKick
INTEL_PROBE phase=executor_retained
INTEL_RECOVERY host_kick=omitted
INTEL_LIFECYCLE phase=vcpu_destroy_begin generation=17 owner=42432
INTEL_LIFECYCLE phase=vcpu_destroy_end generation=17 owner=42432
INTEL_LIFECYCLE phase=vm_destroy_begin generation=17 owner=42432
INTEL_LIFECYCLE phase=vm_destroy_end generation=17 owner=42432
INTEL_LIFECYCLE phase=vm_create_begin generation=18 owner=42432
INTEL_LIFECYCLE phase=vm_create_end generation=18 owner=42432
INTEL_LIFECYCLE phase=vcpu_create_begin generation=18 owner=42432
INTEL_LIFECYCLE phase=vcpu_create_end generation=18 owner=42432
[       OK ] HvfIntelRecoveryProbe.WithoutHostKick (388 ms)
[----------] 1 test from HvfIntelRecoveryProbe (388 ms total)

[==========] 1 test from 1 test suite ran. (388 ms total)
[  PASSED  ] 1 test.

Repeating all tests (iteration 18) . . .

Note: Google Test filter = HvfIntelRecoveryProbe.WithoutHostKick
[==========] Running 1 test from 1 test suite.
[----------] 1 test from HvfIntelRecoveryProbe
[ RUN      ] HvfIntelRecoveryProbe.WithoutHostKick
INTEL_PROBE phase=executor_retained
INTEL_RECOVERY host_kick=omitted
INTEL_LIFECYCLE phase=vcpu_destroy_begin generation=18 owner=42432
INTEL_LIFECYCLE phase=vcpu_destroy_end generation=18 owner=42432
INTEL_LIFECYCLE phase=vm_destroy_begin generation=18 owner=42432
INTEL_LIFECYCLE phase=vm_destroy_end generation=18 owner=42432
INTEL_LIFECYCLE phase=vm_create_begin generation=19 owner=42432
INTEL_LIFECYCLE phase=vm_create_end generation=19 owner=42432
INTEL_LIFECYCLE phase=vcpu_create_begin generation=19 owner=42432
INTEL_LIFECYCLE phase=vcpu_create_end generation=19 owner=42432
[       OK ] HvfIntelRecoveryProbe.WithoutHostKick (194 ms)
[----------] 1 test from HvfIntelRecoveryProbe (194 ms total)

[==========] 1 test from 1 test suite ran. (194 ms total)
[  PASSED  ] 1 test.

Repeating all tests (iteration 19) . . .

Note: Google Test filter = HvfIntelRecoveryProbe.WithoutHostKick
[==========] Running 1 test from 1 test suite.
[----------] 1 test from HvfIntelRecoveryProbe
[ RUN      ] HvfIntelRecoveryProbe.WithoutHostKick
INTEL_PROBE phase=executor_retained
INTEL_RECOVERY host_kick=omitted
INTEL_LIFECYCLE phase=vcpu_destroy_begin generation=19 owner=42432
INTEL_LIFECYCLE phase=vcpu_destroy_end generation=19 owner=42432
INTEL_LIFECYCLE phase=vm_destroy_begin generation=19 owner=42432
INTEL_LIFECYCLE phase=vm_destroy_end generation=19 owner=42432
INTEL_LIFECYCLE phase=vm_create_begin generation=20 owner=42432
INTEL_LIFECYCLE phase=vm_create_end generation=20 owner=42432
INTEL_LIFECYCLE phase=vcpu_create_begin generation=20 owner=42432
INTEL_LIFECYCLE phase=vcpu_create_end generation=20 owner=42432
[       OK ] HvfIntelRecoveryProbe.WithoutHostKick (282 ms)
[----------] 1 test from HvfIntelRecoveryProbe (282 ms total)

[==========] 1 test from 1 test suite ran. (282 ms total)
[  PASSED  ] 1 test.

Repeating all tests (iteration 20) . . .

Note: Google Test filter = HvfIntelRecoveryProbe.WithoutHostKick
[==========] Running 1 test from 1 test suite.
[----------] 1 test from HvfIntelRecoveryProbe
[ RUN      ] HvfIntelRecoveryProbe.WithoutHostKick
INTEL_PROBE phase=executor_retained
INTEL_RECOVERY host_kick=omitted
INTEL_LIFECYCLE phase=vcpu_destroy_begin generation=20 owner=42432
INTEL_LIFECYCLE phase=vcpu_destroy_end generation=20 owner=42432
INTEL_LIFECYCLE phase=vm_destroy_begin generation=20 owner=42432
INTEL_LIFECYCLE phase=vm_destroy_end generation=20 owner=42432
INTEL_LIFECYCLE phase=vm_create_begin generation=21 owner=42432
INTEL_LIFECYCLE phase=vm_create_end generation=21 owner=42432
INTEL_LIFECYCLE phase=vcpu_create_begin generation=21 owner=42432
INTEL_LIFECYCLE phase=vcpu_create_end generation=21 owner=42432
[       OK ] HvfIntelRecoveryProbe.WithoutHostKick (327 ms)
[----------] 1 test from HvfIntelRecoveryProbe (327 ms total)

[==========] 1 test from 1 test suite ran. (327 ms total)
[  PASSED  ] 1 test.

Repeating all tests (iteration 21) . . .

Note: Google Test filter = HvfIntelRecoveryProbe.WithoutHostKick
[==========] Running 1 test from 1 test suite.
[----------] 1 test from HvfIntelRecoveryProbe
[ RUN      ] HvfIntelRecoveryProbe.WithoutHostKick
INTEL_PROBE phase=executor_retained
INTEL_RECOVERY host_kick=omitted
INTEL_LIFECYCLE phase=vcpu_destroy_begin generation=21 owner=42432
INTEL_LIFECYCLE phase=vcpu_destroy_end generation=21 owner=42432
INTEL_LIFECYCLE phase=vm_destroy_begin generation=21 owner=42432
INTEL_LIFECYCLE phase=vm_destroy_end generation=21 owner=42432
INTEL_LIFECYCLE phase=vm_create_begin generation=22 owner=42432
INTEL_LIFECYCLE phase=vm_create_end generation=22 owner=42432
INTEL_LIFECYCLE phase=vcpu_create_begin generation=22 owner=42432
INTEL_LIFECYCLE phase=vcpu_create_end generation=22 owner=42432
[       OK ] HvfIntelRecoveryProbe.WithoutHostKick (192 ms)
[----------] 1 test from HvfIntelRecoveryProbe (192 ms total)

[==========] 1 test from 1 test suite ran. (192 ms total)
[  PASSED  ] 1 test.

Repeating all tests (iteration 22) . . .

Note: Google Test filter = HvfIntelRecoveryProbe.WithoutHostKick
[==========] Running 1 test from 1 test suite.
[----------] 1 test from HvfIntelRecoveryProbe
[ RUN      ] HvfIntelRecoveryProbe.WithoutHostKick
INTEL_PROBE phase=executor_retained
INTEL_RECOVERY host_kick=omitted
INTEL_LIFECYCLE phase=vcpu_destroy_begin generation=22 owner=42432
INTEL_LIFECYCLE phase=vcpu_destroy_end generation=22 owner=42432
INTEL_LIFECYCLE phase=vm_destroy_begin generation=22 owner=42432
INTEL_LIFECYCLE phase=vm_destroy_end generation=22 owner=42432
INTEL_LIFECYCLE phase=vm_create_begin generation=23 owner=42432
INTEL_LIFECYCLE phase=vm_create_end generation=23 owner=42432
INTEL_LIFECYCLE phase=vcpu_create_begin generation=23 owner=42432
INTEL_LIFECYCLE phase=vcpu_create_end generation=23 owner=42432
[       OK ] HvfIntelRecoveryProbe.WithoutHostKick (346 ms)
[----------] 1 test from HvfIntelRecoveryProbe (346 ms total)

[==========] 1 test from 1 test suite ran. (346 ms total)
[  PASSED  ] 1 test.

Repeating all tests (iteration 23) . . .

Note: Google Test filter = HvfIntelRecoveryProbe.WithoutHostKick
[==========] Running 1 test from 1 test suite.
[----------] 1 test from HvfIntelRecoveryProbe
[ RUN      ] HvfIntelRecoveryProbe.WithoutHostKick
INTEL_PROBE phase=executor_retained
INTEL_RECOVERY host_kick=omitted
INTEL_LIFECYCLE phase=vcpu_destroy_begin generation=23 owner=42432
INTEL_LIFECYCLE phase=vcpu_destroy_end generation=23 owner=42432
INTEL_LIFECYCLE phase=vm_destroy_begin generation=23 owner=42432
INTEL_LIFECYCLE phase=vm_destroy_end generation=23 owner=42432
INTEL_LIFECYCLE phase=vm_create_begin generation=24 owner=42432
INTEL_LIFECYCLE phase=vm_create_end generation=24 owner=42432
INTEL_LIFECYCLE phase=vcpu_create_begin generation=24 owner=42432
INTEL_LIFECYCLE phase=vcpu_create_end generation=24 owner=42432
[       OK ] HvfIntelRecoveryProbe.WithoutHostKick (164 ms)
[----------] 1 test from HvfIntelRecoveryProbe (164 ms total)

[==========] 1 test from 1 test suite ran. (164 ms total)
[  PASSED  ] 1 test.

Repeating all tests (iteration 24) . . .

Note: Google Test filter = HvfIntelRecoveryProbe.WithoutHostKick
[==========] Running 1 test from 1 test suite.
[----------] 1 test from HvfIntelRecoveryProbe
[ RUN      ] HvfIntelRecoveryProbe.WithoutHostKick
INTEL_PROBE phase=executor_retained
INTEL_RECOVERY host_kick=omitted
INTEL_LIFECYCLE phase=vcpu_destroy_begin generation=24 owner=42432
INTEL_LIFECYCLE phase=vcpu_destroy_end generation=24 owner=42432
INTEL_LIFECYCLE phase=vm_destroy_begin generation=24 owner=42432
INTEL_LIFECYCLE phase=vm_destroy_end generation=24 owner=42432
INTEL_LIFECYCLE phase=vm_create_begin generation=25 owner=42432
INTEL_LIFECYCLE phase=vm_create_end generation=25 owner=42432
INTEL_LIFECYCLE phase=vcpu_create_begin generation=25 owner=42432
INTEL_LIFECYCLE phase=vcpu_create_end generation=25 owner=42432
[       OK ] HvfIntelRecoveryProbe.WithoutHostKick (311 ms)
[----------] 1 test from HvfIntelRecoveryProbe (312 ms total)

[==========] 1 test from 1 test suite ran. (312 ms total)
[  PASSED  ] 1 test.

Repeating all tests (iteration 25) . . .

Note: Google Test filter = HvfIntelRecoveryProbe.WithoutHostKick
[==========] Running 1 test from 1 test suite.
[----------] 1 test from HvfIntelRecoveryProbe
[ RUN      ] HvfIntelRecoveryProbe.WithoutHostKick
INTEL_PROBE phase=executor_retained
INTEL_RECOVERY host_kick=omitted
INTEL_LIFECYCLE phase=vcpu_destroy_begin generation=25 owner=42432
INTEL_LIFECYCLE phase=vcpu_destroy_end generation=25 owner=42432
INTEL_LIFECYCLE phase=vm_destroy_begin generation=25 owner=42432
INTEL_LIFECYCLE phase=vm_destroy_end generation=25 owner=42432
INTEL_LIFECYCLE phase=vm_create_begin generation=26 owner=42432
INTEL_LIFECYCLE phase=vm_create_end generation=26 owner=42432
INTEL_LIFECYCLE phase=vcpu_create_begin generation=26 owner=42432
INTEL_LIFECYCLE phase=vcpu_create_end generation=26 owner=42432
[       OK ] HvfIntelRecoveryProbe.WithoutHostKick (274 ms)
[----------] 1 test from HvfIntelRecoveryProbe (274 ms total)

[==========] 1 test from 1 test suite ran. (274 ms total)
[  PASSED  ] 1 test.

Repeating all tests (iteration 26) . . .

Note: Google Test filter = HvfIntelRecoveryProbe.WithoutHostKick
[==========] Running 1 test from 1 test suite.
[----------] 1 test from HvfIntelRecoveryProbe
[ RUN      ] HvfIntelRecoveryProbe.WithoutHostKick
INTEL_PROBE phase=executor_retained
INTEL_RECOVERY host_kick=omitted
INTEL_LIFECYCLE phase=vcpu_destroy_begin generation=26 owner=42432
INTEL_LIFECYCLE phase=vcpu_destroy_end generation=26 owner=42432
INTEL_LIFECYCLE phase=vm_destroy_begin generation=26 owner=42432
INTEL_LIFECYCLE phase=vm_destroy_end generation=26 owner=42432
INTEL_LIFECYCLE phase=vm_create_begin generation=27 owner=42432
INTEL_LIFECYCLE phase=vm_create_end generation=27 owner=42432
INTEL_LIFECYCLE phase=vcpu_create_begin generation=27 owner=42432
INTEL_LIFECYCLE phase=vcpu_create_end generation=27 owner=42432
[       OK ] HvfIntelRecoveryProbe.WithoutHostKick (1158 ms)
[----------] 1 test from HvfIntelRecoveryProbe (1158 ms total)

[==========] 1 test from 1 test suite ran. (1159 ms total)
[  PASSED  ] 1 test.

Repeating all tests (iteration 27) . . .

Note: Google Test filter = HvfIntelRecoveryProbe.WithoutHostKick
[==========] Running 1 test from 1 test suite.
[----------] 1 test from HvfIntelRecoveryProbe
[ RUN      ] HvfIntelRecoveryProbe.WithoutHostKick
INTEL_PROBE phase=executor_retained
INTEL_RECOVERY host_kick=omitted
INTEL_LIFECYCLE phase=vcpu_destroy_begin generation=27 owner=42432
INTEL_LIFECYCLE phase=vcpu_destroy_end generation=27 owner=42432
INTEL_LIFECYCLE phase=vm_destroy_begin generation=27 owner=42432
INTEL_LIFECYCLE phase=vm_destroy_end generation=27 owner=42432
INTEL_LIFECYCLE phase=vm_create_begin generation=28 owner=42432
INTEL_LIFECYCLE phase=vm_create_end generation=28 owner=42432
INTEL_LIFECYCLE phase=vcpu_create_begin generation=28 owner=42432
INTEL_LIFECYCLE phase=vcpu_create_end generation=28 owner=42432
[       OK ] HvfIntelRecoveryProbe.WithoutHostKick (404 ms)
[----------] 1 test from HvfIntelRecoveryProbe (404 ms total)

[==========] 1 test from 1 test suite ran. (404 ms total)
[  PASSED  ] 1 test.

Repeating all tests (iteration 28) . . .

Note: Google Test filter = HvfIntelRecoveryProbe.WithoutHostKick
[==========] Running 1 test from 1 test suite.
[----------] 1 test from HvfIntelRecoveryProbe
[ RUN      ] HvfIntelRecoveryProbe.WithoutHostKick
INTEL_PROBE phase=executor_retained
INTEL_RECOVERY host_kick=omitted
INTEL_LIFECYCLE phase=vcpu_destroy_begin generation=28 owner=42432
INTEL_LIFECYCLE phase=vcpu_destroy_end generation=28 owner=42432
INTEL_LIFECYCLE phase=vm_destroy_begin generation=28 owner=42432
INTEL_LIFECYCLE phase=vm_destroy_end generation=28 owner=42432
INTEL_LIFECYCLE phase=vm_create_begin generation=29 owner=42432
INTEL_LIFECYCLE phase=vm_create_end generation=29 owner=42432
INTEL_LIFECYCLE phase=vcpu_create_begin generation=29 owner=42432
INTEL_LIFECYCLE phase=vcpu_create_end generation=29 owner=42432
[       OK ] HvfIntelRecoveryProbe.WithoutHostKick (331 ms)
[----------] 1 test from HvfIntelRecoveryProbe (331 ms total)

[==========] 1 test from 1 test suite ran. (331 ms total)
[  PASSED  ] 1 test.

Repeating all tests (iteration 29) . . .

Note: Google Test filter = HvfIntelRecoveryProbe.WithoutHostKick
[==========] Running 1 test from 1 test suite.
[----------] 1 test from HvfIntelRecoveryProbe
[ RUN      ] HvfIntelRecoveryProbe.WithoutHostKick
INTEL_PROBE phase=executor_retained
INTEL_RECOVERY host_kick=omitted
INTEL_LIFECYCLE phase=vcpu_destroy_begin generation=29 owner=42432
INTEL_LIFECYCLE phase=vcpu_destroy_end generation=29 owner=42432
INTEL_LIFECYCLE phase=vm_destroy_begin generation=29 owner=42432
INTEL_LIFECYCLE phase=vm_destroy_end generation=29 owner=42432
INTEL_LIFECYCLE phase=vm_create_begin generation=30 owner=42432
INTEL_LIFECYCLE phase=vm_create_end generation=30 owner=42432
INTEL_LIFECYCLE phase=vcpu_create_begin generation=30 owner=42432
INTEL_LIFECYCLE phase=vcpu_create_end generation=30 owner=42432
[       OK ] HvfIntelRecoveryProbe.WithoutHostKick (449 ms)
[----------] 1 test from HvfIntelRecoveryProbe (449 ms total)

[==========] 1 test from 1 test suite ran. (449 ms total)
[  PASSED  ] 1 test.

Repeating all tests (iteration 30) . . .

Note: Google Test filter = HvfIntelRecoveryProbe.WithoutHostKick
[==========] Running 1 test from 1 test suite.
[----------] 1 test from HvfIntelRecoveryProbe
[ RUN      ] HvfIntelRecoveryProbe.WithoutHostKick
INTEL_PROBE phase=executor_retained
INTEL_RECOVERY host_kick=omitted
INTEL_LIFECYCLE phase=vcpu_destroy_begin generation=30 owner=42432
INTEL_LIFECYCLE phase=vcpu_destroy_end generation=30 owner=42432
INTEL_LIFECYCLE phase=vm_destroy_begin generation=30 owner=42432
INTEL_LIFECYCLE phase=vm_destroy_end generation=30 owner=42432
INTEL_LIFECYCLE phase=vm_create_begin generation=31 owner=42432
INTEL_LIFECYCLE phase=vm_create_end generation=31 owner=42432
INTEL_LIFECYCLE phase=vcpu_create_begin generation=31 owner=42432
INTEL_LIFECYCLE phase=vcpu_create_end generation=31 owner=42432
[       OK ] HvfIntelRecoveryProbe.WithoutHostKick (432 ms)
[----------] 1 test from HvfIntelRecoveryProbe (432 ms total)

[==========] 1 test from 1 test suite ran. (432 ms total)
[  PASSED  ] 1 test.

Repeating all tests (iteration 31) . . .

Note: Google Test filter = HvfIntelRecoveryProbe.WithoutHostKick
[==========] Running 1 test from 1 test suite.
[----------] 1 test from HvfIntelRecoveryProbe
[ RUN      ] HvfIntelRecoveryProbe.WithoutHostKick
INTEL_PROBE phase=executor_retained
INTEL_RECOVERY host_kick=omitted
INTEL_LIFECYCLE phase=vcpu_destroy_begin generation=31 owner=42432
INTEL_LIFECYCLE phase=vcpu_destroy_end generation=31 owner=42432
INTEL_LIFECYCLE phase=vm_destroy_begin generation=31 owner=42432
INTEL_LIFECYCLE phase=vm_destroy_end generation=31 owner=42432
INTEL_LIFECYCLE phase=vm_create_begin generation=32 owner=42432
INTEL_LIFECYCLE phase=vm_create_end generation=32 owner=42432
INTEL_LIFECYCLE phase=vcpu_create_begin generation=32 owner=42432
INTEL_LIFECYCLE phase=vcpu_create_end generation=32 owner=42432
[       OK ] HvfIntelRecoveryProbe.WithoutHostKick (505 ms)
[----------] 1 test from HvfIntelRecoveryProbe (505 ms total)

[==========] 1 test from 1 test suite ran. (505 ms total)
[  PASSED  ] 1 test.

Repeating all tests (iteration 32) . . .

Note: Google Test filter = HvfIntelRecoveryProbe.WithoutHostKick
[==========] Running 1 test from 1 test suite.
[----------] 1 test from HvfIntelRecoveryProbe
[ RUN      ] HvfIntelRecoveryProbe.WithoutHostKick
INTEL_PROBE phase=executor_retained
INTEL_RECOVERY host_kick=omitted
INTEL_LIFECYCLE phase=vcpu_destroy_begin generation=32 owner=42432
INTEL_LIFECYCLE phase=vcpu_destroy_end generation=32 owner=42432
INTEL_LIFECYCLE phase=vm_destroy_begin generation=32 owner=42432
INTEL_LIFECYCLE phase=vm_destroy_end generation=32 owner=42432
INTEL_LIFECYCLE phase=vm_create_begin generation=33 owner=42432
INTEL_LIFECYCLE phase=vm_create_end generation=33 owner=42432
INTEL_LIFECYCLE phase=vcpu_create_begin generation=33 owner=42432
INTEL_LIFECYCLE phase=vcpu_create_end generation=33 owner=42432
[       OK ] HvfIntelRecoveryProbe.WithoutHostKick (340 ms)
[----------] 1 test from HvfIntelRecoveryProbe (340 ms total)

[==========] 1 test from 1 test suite ran. (340 ms total)
[  PASSED  ] 1 test.

Repeating all tests (iteration 33) . . .

Note: Google Test filter = HvfIntelRecoveryProbe.WithoutHostKick
[==========] Running 1 test from 1 test suite.
[----------] 1 test from HvfIntelRecoveryProbe
[ RUN      ] HvfIntelRecoveryProbe.WithoutHostKick
INTEL_PROBE phase=executor_retained
INTEL_RECOVERY host_kick=omitted
INTEL_LIFECYCLE phase=vcpu_destroy_begin generation=33 owner=42432
INTEL_LIFECYCLE phase=vcpu_destroy_end generation=33 owner=42432
INTEL_LIFECYCLE phase=vm_destroy_begin generation=33 owner=42432
INTEL_LIFECYCLE phase=vm_destroy_end generation=33 owner=42432
INTEL_LIFECYCLE phase=vm_create_begin generation=34 owner=42432
INTEL_LIFECYCLE phase=vm_create_end generation=34 owner=42432
INTEL_LIFECYCLE phase=vcpu_create_begin generation=34 owner=42432
INTEL_LIFECYCLE phase=vcpu_create_end generation=34 owner=42432
[       OK ] HvfIntelRecoveryProbe.WithoutHostKick (347 ms)
[----------] 1 test from HvfIntelRecoveryProbe (347 ms total)

[==========] 1 test from 1 test suite ran. (347 ms total)
[  PASSED  ] 1 test.

Repeating all tests (iteration 34) . . .

Note: Google Test filter = HvfIntelRecoveryProbe.WithoutHostKick
[==========] Running 1 test from 1 test suite.
[----------] 1 test from HvfIntelRecoveryProbe
[ RUN      ] HvfIntelRecoveryProbe.WithoutHostKick
INTEL_PROBE phase=executor_retained
INTEL_RECOVERY host_kick=omitted
INTEL_LIFECYCLE phase=vcpu_destroy_begin generation=34 owner=42432
INTEL_LIFECYCLE phase=vcpu_destroy_end generation=34 owner=42432
INTEL_LIFECYCLE phase=vm_destroy_begin generation=34 owner=42432
INTEL_LIFECYCLE phase=vm_destroy_end generation=34 owner=42432
INTEL_LIFECYCLE phase=vm_create_begin generation=35 owner=42432
INTEL_LIFECYCLE phase=vm_create_end generation=35 owner=42432
INTEL_LIFECYCLE phase=vcpu_create_begin generation=35 owner=42432
INTEL_LIFECYCLE phase=vcpu_create_end generation=35 owner=42432
[       OK ] HvfIntelRecoveryProbe.WithoutHostKick (295 ms)
[----------] 1 test from HvfIntelRecoveryProbe (295 ms total)

[==========] 1 test from 1 test suite ran. (295 ms total)
[  PASSED  ] 1 test.

Repeating all tests (iteration 35) . . .

Note: Google Test filter = HvfIntelRecoveryProbe.WithoutHostKick
[==========] Running 1 test from 1 test suite.
[----------] 1 test from HvfIntelRecoveryProbe
[ RUN      ] HvfIntelRecoveryProbe.WithoutHostKick
INTEL_PROBE phase=executor_retained
INTEL_RECOVERY host_kick=omitted
INTEL_LIFECYCLE phase=vcpu_destroy_begin generation=35 owner=42432
INTEL_LIFECYCLE phase=vcpu_destroy_end generation=35 owner=42432
INTEL_LIFECYCLE phase=vm_destroy_begin generation=35 owner=42432
INTEL_LIFECYCLE phase=vm_destroy_end generation=35 owner=42432
INTEL_LIFECYCLE phase=vm_create_begin generation=36 owner=42432
INTEL_LIFECYCLE phase=vm_create_end generation=36 owner=42432
INTEL_LIFECYCLE phase=vcpu_create_begin generation=36 owner=42432
INTEL_LIFECYCLE phase=vcpu_create_end generation=36 owner=42432
[       OK ] HvfIntelRecoveryProbe.WithoutHostKick (328 ms)
[----------] 1 test from HvfIntelRecoveryProbe (328 ms total)

[==========] 1 test from 1 test suite ran. (328 ms total)
[  PASSED  ] 1 test.

Repeating all tests (iteration 36) . . .

Note: Google Test filter = HvfIntelRecoveryProbe.WithoutHostKick
[==========] Running 1 test from 1 test suite.
[----------] 1 test from HvfIntelRecoveryProbe
[ RUN      ] HvfIntelRecoveryProbe.WithoutHostKick
INTEL_PROBE phase=executor_retained
INTEL_RECOVERY host_kick=omitted
INTEL_LIFECYCLE phase=vcpu_destroy_begin generation=36 owner=42432
INTEL_LIFECYCLE phase=vcpu_destroy_end generation=36 owner=42432
INTEL_LIFECYCLE phase=vm_destroy_begin generation=36 owner=42432
INTEL_LIFECYCLE phase=vm_destroy_end generation=36 owner=42432
INTEL_LIFECYCLE phase=vm_create_begin generation=37 owner=42432
INTEL_LIFECYCLE phase=vm_create_end generation=37 owner=42432
INTEL_LIFECYCLE phase=vcpu_create_begin generation=37 owner=42432
INTEL_LIFECYCLE phase=vcpu_create_end generation=37 owner=42432
[       OK ] HvfIntelRecoveryProbe.WithoutHostKick (355 ms)
[----------] 1 test from HvfIntelRecoveryProbe (355 ms total)

[==========] 1 test from 1 test suite ran. (355 ms total)
[  PASSED  ] 1 test.

Repeating all tests (iteration 37) . . .

Note: Google Test filter = HvfIntelRecoveryProbe.WithoutHostKick
[==========] Running 1 test from 1 test suite.
[----------] 1 test from HvfIntelRecoveryProbe
[ RUN      ] HvfIntelRecoveryProbe.WithoutHostKick
INTEL_PROBE phase=executor_retained
INTEL_RECOVERY host_kick=omitted
INTEL_LIFECYCLE phase=vcpu_destroy_begin generation=37 owner=42432
INTEL_LIFECYCLE phase=vcpu_destroy_end generation=37 owner=42432
INTEL_LIFECYCLE phase=vm_destroy_begin generation=37 owner=42432
INTEL_LIFECYCLE phase=vm_destroy_end generation=37 owner=42432
INTEL_LIFECYCLE phase=vm_create_begin generation=38 owner=42432
INTEL_LIFECYCLE phase=vm_create_end generation=38 owner=42432
INTEL_LIFECYCLE phase=vcpu_create_begin generation=38 owner=42432
INTEL_LIFECYCLE phase=vcpu_create_end generation=38 owner=42432
[       OK ] HvfIntelRecoveryProbe.WithoutHostKick (198 ms)
[----------] 1 test from HvfIntelRecoveryProbe (198 ms total)

[==========] 1 test from 1 test suite ran. (199 ms total)
[  PASSED  ] 1 test.

Repeating all tests (iteration 38) . . .

Note: Google Test filter = HvfIntelRecoveryProbe.WithoutHostKick
[==========] Running 1 test from 1 test suite.
[----------] 1 test from HvfIntelRecoveryProbe
[ RUN      ] HvfIntelRecoveryProbe.WithoutHostKick
INTEL_PROBE phase=executor_retained
INTEL_RECOVERY host_kick=omitted
INTEL_LIFECYCLE phase=vcpu_destroy_begin generation=38 owner=42432
INTEL_LIFECYCLE phase=vcpu_destroy_end generation=38 owner=42432
INTEL_LIFECYCLE phase=vm_destroy_begin generation=38 owner=42432
INTEL_LIFECYCLE phase=vm_destroy_end generation=38 owner=42432
INTEL_LIFECYCLE phase=vm_create_begin generation=39 owner=42432
INTEL_LIFECYCLE phase=vm_create_end generation=39 owner=42432
INTEL_LIFECYCLE phase=vcpu_create_begin generation=39 owner=42432
INTEL_LIFECYCLE phase=vcpu_create_end generation=39 owner=42432
[       OK ] HvfIntelRecoveryProbe.WithoutHostKick (308 ms)
[----------] 1 test from HvfIntelRecoveryProbe (308 ms total)

[==========] 1 test from 1 test suite ran. (308 ms total)
[  PASSED  ] 1 test.

Repeating all tests (iteration 39) . . .

Note: Google Test filter = HvfIntelRecoveryProbe.WithoutHostKick
[==========] Running 1 test from 1 test suite.
[----------] 1 test from HvfIntelRecoveryProbe
[ RUN      ] HvfIntelRecoveryProbe.WithoutHostKick
INTEL_PROBE phase=executor_retained
INTEL_RECOVERY host_kick=omitted
INTEL_LIFECYCLE phase=vcpu_destroy_begin generation=39 owner=42432
INTEL_LIFECYCLE phase=vcpu_destroy_end generation=39 owner=42432
INTEL_LIFECYCLE phase=vm_destroy_begin generation=39 owner=42432
INTEL_LIFECYCLE phase=vm_destroy_end generation=39 owner=42432
INTEL_LIFECYCLE phase=vm_create_begin generation=40 owner=42432
INTEL_LIFECYCLE phase=vm_create_end generation=40 owner=42432
INTEL_LIFECYCLE phase=vcpu_create_begin generation=40 owner=42432
INTEL_LIFECYCLE phase=vcpu_create_end generation=40 owner=42432
[       OK ] HvfIntelRecoveryProbe.WithoutHostKick (251 ms)
[----------] 1 test from HvfIntelRecoveryProbe (251 ms total)

[==========] 1 test from 1 test suite ran. (251 ms total)
[  PASSED  ] 1 test.

Repeating all tests (iteration 40) . . .

Note: Google Test filter = HvfIntelRecoveryProbe.WithoutHostKick
[==========] Running 1 test from 1 test suite.
[----------] 1 test from HvfIntelRecoveryProbe
[ RUN      ] HvfIntelRecoveryProbe.WithoutHostKick
INTEL_PROBE phase=executor_retained
INTEL_RECOVERY host_kick=omitted
INTEL_LIFECYCLE phase=vcpu_destroy_begin generation=40 owner=42432
INTEL_LIFECYCLE phase=vcpu_destroy_end generation=40 owner=42432
INTEL_LIFECYCLE phase=vm_destroy_begin generation=40 owner=42432
INTEL_LIFECYCLE phase=vm_destroy_end generation=40 owner=42432
INTEL_LIFECYCLE phase=vm_create_begin generation=41 owner=42432
INTEL_LIFECYCLE phase=vm_create_end generation=41 owner=42432
INTEL_LIFECYCLE phase=vcpu_create_begin generation=41 owner=42432
INTEL_LIFECYCLE phase=vcpu_create_end generation=41 owner=42432
[       OK ] HvfIntelRecoveryProbe.WithoutHostKick (292 ms)
[----------] 1 test from HvfIntelRecoveryProbe (292 ms total)

[==========] 1 test from 1 test suite ran. (292 ms total)
[  PASSED  ] 1 test.

Repeating all tests (iteration 41) . . .

Note: Google Test filter = HvfIntelRecoveryProbe.WithoutHostKick
[==========] Running 1 test from 1 test suite.
[----------] 1 test from HvfIntelRecoveryProbe
[ RUN      ] HvfIntelRecoveryProbe.WithoutHostKick
INTEL_PROBE phase=executor_retained
INTEL_RECOVERY host_kick=omitted
INTEL_LIFECYCLE phase=vcpu_destroy_begin generation=41 owner=42432
INTEL_LIFECYCLE phase=vcpu_destroy_end generation=41 owner=42432
INTEL_LIFECYCLE phase=vm_destroy_begin generation=41 owner=42432
INTEL_LIFECYCLE phase=vm_destroy_end generation=41 owner=42432
INTEL_LIFECYCLE phase=vm_create_begin generation=42 owner=42432
INTEL_LIFECYCLE phase=vm_create_end generation=42 owner=42432
INTEL_LIFECYCLE phase=vcpu_create_begin generation=42 owner=42432
INTEL_LIFECYCLE phase=vcpu_create_end generation=42 owner=42432
[       OK ] HvfIntelRecoveryProbe.WithoutHostKick (242 ms)
[----------] 1 test from HvfIntelRecoveryProbe (242 ms total)

[==========] 1 test from 1 test suite ran. (242 ms total)
[  PASSED  ] 1 test.

Repeating all tests (iteration 42) . . .

Note: Google Test filter = HvfIntelRecoveryProbe.WithoutHostKick
[==========] Running 1 test from 1 test suite.
[----------] 1 test from HvfIntelRecoveryProbe
[ RUN      ] HvfIntelRecoveryProbe.WithoutHostKick
INTEL_PROBE phase=executor_retained
INTEL_RECOVERY host_kick=omitted
INTEL_LIFECYCLE phase=vcpu_destroy_begin generation=42 owner=42432
INTEL_LIFECYCLE phase=vcpu_destroy_end generation=42 owner=42432
INTEL_LIFECYCLE phase=vm_destroy_begin generation=42 owner=42432
INTEL_LIFECYCLE phase=vm_destroy_end generation=42 owner=42432
INTEL_LIFECYCLE phase=vm_create_begin generation=43 owner=42432
INTEL_LIFECYCLE phase=vm_create_end generation=43 owner=42432
INTEL_LIFECYCLE phase=vcpu_create_begin generation=43 owner=42432
INTEL_LIFECYCLE phase=vcpu_create_end generation=43 owner=42432
[       OK ] HvfIntelRecoveryProbe.WithoutHostKick (420 ms)
[----------] 1 test from HvfIntelRecoveryProbe (420 ms total)

[==========] 1 test from 1 test suite ran. (420 ms total)
[  PASSED  ] 1 test.

Repeating all tests (iteration 43) . . .

Note: Google Test filter = HvfIntelRecoveryProbe.WithoutHostKick
[==========] Running 1 test from 1 test suite.
[----------] 1 test from HvfIntelRecoveryProbe
[ RUN      ] HvfIntelRecoveryProbe.WithoutHostKick
INTEL_PROBE phase=executor_retained
INTEL_RECOVERY host_kick=omitted
INTEL_LIFECYCLE phase=vcpu_destroy_begin generation=43 owner=42432
INTEL_LIFECYCLE phase=vcpu_destroy_end generation=43 owner=42432
INTEL_LIFECYCLE phase=vm_destroy_begin generation=43 owner=42432
INTEL_LIFECYCLE phase=vm_destroy_end generation=43 owner=42432
INTEL_LIFECYCLE phase=vm_create_begin generation=44 owner=42432
INTEL_LIFECYCLE phase=vm_create_end generation=44 owner=42432
INTEL_LIFECYCLE phase=vcpu_create_begin generation=44 owner=42432
INTEL_LIFECYCLE phase=vcpu_create_end generation=44 owner=42432
[       OK ] HvfIntelRecoveryProbe.WithoutHostKick (170 ms)
[----------] 1 test from HvfIntelRecoveryProbe (170 ms total)

[==========] 1 test from 1 test suite ran. (170 ms total)
[  PASSED  ] 1 test.

Repeating all tests (iteration 44) . . .

Note: Google Test filter = HvfIntelRecoveryProbe.WithoutHostKick
[==========] Running 1 test from 1 test suite.
[----------] 1 test from HvfIntelRecoveryProbe
[ RUN      ] HvfIntelRecoveryProbe.WithoutHostKick
INTEL_PROBE phase=executor_retained
INTEL_RECOVERY host_kick=omitted
INTEL_LIFECYCLE phase=vcpu_destroy_begin generation=44 owner=42432
INTEL_LIFECYCLE phase=vcpu_destroy_end generation=44 owner=42432
INTEL_LIFECYCLE phase=vm_destroy_begin generation=44 owner=42432
INTEL_LIFECYCLE phase=vm_destroy_end generation=44 owner=42432
INTEL_LIFECYCLE phase=vm_create_begin generation=45 owner=42432
INTEL_LIFECYCLE phase=vm_create_end generation=45 owner=42432
INTEL_LIFECYCLE phase=vcpu_create_begin generation=45 owner=42432
INTEL_LIFECYCLE phase=vcpu_create_end generation=45 owner=42432
[       OK ] HvfIntelRecoveryProbe.WithoutHostKick (331 ms)
[----------] 1 test from HvfIntelRecoveryProbe (332 ms total)

[==========] 1 test from 1 test suite ran. (332 ms total)
[  PASSED  ] 1 test.

Repeating all tests (iteration 45) . . .

Note: Google Test filter = HvfIntelRecoveryProbe.WithoutHostKick
[==========] Running 1 test from 1 test suite.
[----------] 1 test from HvfIntelRecoveryProbe
[ RUN      ] HvfIntelRecoveryProbe.WithoutHostKick
INTEL_PROBE phase=executor_retained
INTEL_RECOVERY host_kick=omitted
INTEL_LIFECYCLE phase=vcpu_destroy_begin generation=45 owner=42432
INTEL_LIFECYCLE phase=vcpu_destroy_end generation=45 owner=42432
INTEL_LIFECYCLE phase=vm_destroy_begin generation=45 owner=42432
INTEL_LIFECYCLE phase=vm_destroy_end generation=45 owner=42432
INTEL_LIFECYCLE phase=vm_create_begin generation=46 owner=42432
INTEL_LIFECYCLE phase=vm_create_end generation=46 owner=42432
INTEL_LIFECYCLE phase=vcpu_create_begin generation=46 owner=42432
INTEL_LIFECYCLE phase=vcpu_create_end generation=46 owner=42432
[       OK ] HvfIntelRecoveryProbe.WithoutHostKick (359 ms)
[----------] 1 test from HvfIntelRecoveryProbe (359 ms total)

[==========] 1 test from 1 test suite ran. (359 ms total)
[  PASSED  ] 1 test.

Repeating all tests (iteration 46) . . .

Note: Google Test filter = HvfIntelRecoveryProbe.WithoutHostKick
[==========] Running 1 test from 1 test suite.
[----------] 1 test from HvfIntelRecoveryProbe
[ RUN      ] HvfIntelRecoveryProbe.WithoutHostKick
INTEL_PROBE phase=executor_retained
INTEL_RECOVERY host_kick=omitted
INTEL_LIFECYCLE phase=vcpu_destroy_begin generation=46 owner=42432
INTEL_LIFECYCLE phase=vcpu_destroy_end generation=46 owner=42432
INTEL_LIFECYCLE phase=vm_destroy_begin generation=46 owner=42432
INTEL_LIFECYCLE phase=vm_destroy_end generation=46 owner=42432
INTEL_LIFECYCLE phase=vm_create_begin generation=47 owner=42432
INTEL_LIFECYCLE phase=vm_create_end generation=47 owner=42432
INTEL_LIFECYCLE phase=vcpu_create_begin generation=47 owner=42432
INTEL_LIFECYCLE phase=vcpu_create_end generation=47 owner=42432
[       OK ] HvfIntelRecoveryProbe.WithoutHostKick (177 ms)
[----------] 1 test from HvfIntelRecoveryProbe (177 ms total)

[==========] 1 test from 1 test suite ran. (178 ms total)
[  PASSED  ] 1 test.

Repeating all tests (iteration 47) . . .

Note: Google Test filter = HvfIntelRecoveryProbe.WithoutHostKick
[==========] Running 1 test from 1 test suite.
[----------] 1 test from HvfIntelRecoveryProbe
[ RUN      ] HvfIntelRecoveryProbe.WithoutHostKick
INTEL_PROBE phase=executor_retained
INTEL_RECOVERY host_kick=omitted
INTEL_LIFECYCLE phase=vcpu_destroy_begin generation=47 owner=42432
INTEL_LIFECYCLE phase=vcpu_destroy_end generation=47 owner=42432
INTEL_LIFECYCLE phase=vm_destroy_begin generation=47 owner=42432
INTEL_LIFECYCLE phase=vm_destroy_end generation=47 owner=42432
INTEL_LIFECYCLE phase=vm_create_begin generation=48 owner=42432
INTEL_LIFECYCLE phase=vm_create_end generation=48 owner=42432
INTEL_LIFECYCLE phase=vcpu_create_begin generation=48 owner=42432
INTEL_LIFECYCLE phase=vcpu_create_end generation=48 owner=42432
[       OK ] HvfIntelRecoveryProbe.WithoutHostKick (290 ms)
[----------] 1 test from HvfIntelRecoveryProbe (290 ms total)

[==========] 1 test from 1 test suite ran. (290 ms total)
[  PASSED  ] 1 test.

Repeating all tests (iteration 48) . . .

Note: Google Test filter = HvfIntelRecoveryProbe.WithoutHostKick
[==========] Running 1 test from 1 test suite.
[----------] 1 test from HvfIntelRecoveryProbe
[ RUN      ] HvfIntelRecoveryProbe.WithoutHostKick
INTEL_PROBE phase=executor_retained
INTEL_RECOVERY host_kick=omitted
INTEL_LIFECYCLE phase=vcpu_destroy_begin generation=48 owner=42432
INTEL_LIFECYCLE phase=vcpu_destroy_end generation=48 owner=42432
INTEL_LIFECYCLE phase=vm_destroy_begin generation=48 owner=42432
INTEL_LIFECYCLE phase=vm_destroy_end generation=48 owner=42432
INTEL_LIFECYCLE phase=vm_create_begin generation=49 owner=42432
INTEL_LIFECYCLE phase=vm_create_end generation=49 owner=42432
INTEL_LIFECYCLE phase=vcpu_create_begin generation=49 owner=42432
INTEL_LIFECYCLE phase=vcpu_create_end generation=49 owner=42432
[       OK ] HvfIntelRecoveryProbe.WithoutHostKick (395 ms)
[----------] 1 test from HvfIntelRecoveryProbe (395 ms total)

[==========] 1 test from 1 test suite ran. (395 ms total)
[  PASSED  ] 1 test.

Repeating all tests (iteration 49) . . .

Note: Google Test filter = HvfIntelRecoveryProbe.WithoutHostKick
[==========] Running 1 test from 1 test suite.
[----------] 1 test from HvfIntelRecoveryProbe
[ RUN      ] HvfIntelRecoveryProbe.WithoutHostKick
INTEL_PROBE phase=executor_retained
INTEL_RECOVERY host_kick=omitted
INTEL_LIFECYCLE phase=vcpu_destroy_begin generation=49 owner=42432
INTEL_LIFECYCLE phase=vcpu_destroy_end generation=49 owner=42432
INTEL_LIFECYCLE phase=vm_destroy_begin generation=49 owner=42432
INTEL_LIFECYCLE phase=vm_destroy_end generation=49 owner=42432
INTEL_LIFECYCLE phase=vm_create_begin generation=50 owner=42432
INTEL_LIFECYCLE phase=vm_create_end generation=50 owner=42432
INTEL_LIFECYCLE phase=vcpu_create_begin generation=50 owner=42432
INTEL_LIFECYCLE phase=vcpu_create_end generation=50 owner=42432
[       OK ] HvfIntelRecoveryProbe.WithoutHostKick (372 ms)
[----------] 1 test from HvfIntelRecoveryProbe (372 ms total)

[==========] 1 test from 1 test suite ran. (372 ms total)
[  PASSED  ] 1 test.

Repeating all tests (iteration 50) . . .

Note: Google Test filter = HvfIntelRecoveryProbe.WithoutHostKick
[==========] Running 1 test from 1 test suite.
[----------] 1 test from HvfIntelRecoveryProbe
[ RUN      ] HvfIntelRecoveryProbe.WithoutHostKick
INTEL_PROBE phase=executor_retained
INTEL_RECOVERY host_kick=omitted
INTEL_LIFECYCLE phase=vcpu_destroy_begin generation=50 owner=42432
INTEL_LIFECYCLE phase=vcpu_destroy_end generation=50 owner=42432
INTEL_LIFECYCLE phase=vm_destroy_begin generation=50 owner=42432
INTEL_LIFECYCLE phase=vm_destroy_end generation=50 owner=42432
INTEL_LIFECYCLE phase=vm_create_begin generation=51 owner=42432
INTEL_LIFECYCLE phase=vm_create_end generation=51 owner=42432
INTEL_LIFECYCLE phase=vcpu_create_begin generation=51 owner=42432
INTEL_LIFECYCLE phase=vcpu_create_end generation=51 owner=42432
[       OK ] HvfIntelRecoveryProbe.WithoutHostKick (352 ms)
[----------] 1 test from HvfIntelRecoveryProbe (352 ms total)

[==========] 1 test from 1 test suite ran. (352 ms total)
[  PASSED  ] 1 test.

Repeating all tests (iteration 51) . . .

Note: Google Test filter = HvfIntelRecoveryProbe.WithoutHostKick
[==========] Running 1 test from 1 test suite.
[----------] 1 test from HvfIntelRecoveryProbe
[ RUN      ] HvfIntelRecoveryProbe.WithoutHostKick
INTEL_PROBE phase=executor_retained
INTEL_RECOVERY host_kick=omitted
INTEL_LIFECYCLE phase=vcpu_destroy_begin generation=51 owner=42432
INTEL_LIFECYCLE phase=vcpu_destroy_end generation=51 owner=42432
INTEL_LIFECYCLE phase=vm_destroy_begin generation=51 owner=42432
INTEL_LIFECYCLE phase=vm_destroy_end generation=51 owner=42432
INTEL_LIFECYCLE phase=vm_create_begin generation=52 owner=42432
INTEL_LIFECYCLE phase=vm_create_end generation=52 owner=42432
INTEL_LIFECYCLE phase=vcpu_create_begin generation=52 owner=42432
INTEL_LIFECYCLE phase=vcpu_create_end generation=52 owner=42432
[       OK ] HvfIntelRecoveryProbe.WithoutHostKick (283 ms)
[----------] 1 test from HvfIntelRecoveryProbe (283 ms total)

[==========] 1 test from 1 test suite ran. (284 ms total)
[  PASSED  ] 1 test.

Repeating all tests (iteration 52) . . .

Note: Google Test filter = HvfIntelRecoveryProbe.WithoutHostKick
[==========] Running 1 test from 1 test suite.
[----------] 1 test from HvfIntelRecoveryProbe
[ RUN      ] HvfIntelRecoveryProbe.WithoutHostKick
INTEL_PROBE phase=executor_retained
INTEL_RECOVERY host_kick=omitted
INTEL_LIFECYCLE phase=vcpu_destroy_begin generation=52 owner=42432
INTEL_LIFECYCLE phase=vcpu_destroy_end generation=52 owner=42432
INTEL_LIFECYCLE phase=vm_destroy_begin generation=52 owner=42432
INTEL_LIFECYCLE phase=vm_destroy_end generation=52 owner=42432
INTEL_LIFECYCLE phase=vm_create_begin generation=53 owner=42432
INTEL_LIFECYCLE phase=vm_create_end generation=53 owner=42432
INTEL_LIFECYCLE phase=vcpu_create_begin generation=53 owner=42432
INTEL_LIFECYCLE phase=vcpu_create_end generation=53 owner=42432
[       OK ] HvfIntelRecoveryProbe.WithoutHostKick (259 ms)
[----------] 1 test from HvfIntelRecoveryProbe (259 ms total)

[==========] 1 test from 1 test suite ran. (259 ms total)
[  PASSED  ] 1 test.

Repeating all tests (iteration 53) . . .

Note: Google Test filter = HvfIntelRecoveryProbe.WithoutHostKick
[==========] Running 1 test from 1 test suite.
[----------] 1 test from HvfIntelRecoveryProbe
[ RUN      ] HvfIntelRecoveryProbe.WithoutHostKick
INTEL_PROBE phase=executor_retained
INTEL_RECOVERY host_kick=omitted
INTEL_LIFECYCLE phase=vcpu_destroy_begin generation=53 owner=42432
INTEL_LIFECYCLE phase=vcpu_destroy_end generation=53 owner=42432
INTEL_LIFECYCLE phase=vm_destroy_begin generation=53 owner=42432
INTEL_LIFECYCLE phase=vm_destroy_end generation=53 owner=42432
INTEL_LIFECYCLE phase=vm_create_begin generation=54 owner=42432
INTEL_LIFECYCLE phase=vm_create_end generation=54 owner=42432
INTEL_LIFECYCLE phase=vcpu_create_begin generation=54 owner=42432
INTEL_LIFECYCLE phase=vcpu_create_end generation=54 owner=42432
[       OK ] HvfIntelRecoveryProbe.WithoutHostKick (260 ms)
[----------] 1 test from HvfIntelRecoveryProbe (260 ms total)

[==========] 1 test from 1 test suite ran. (260 ms total)
[  PASSED  ] 1 test.

Repeating all tests (iteration 54) . . .

Note: Google Test filter = HvfIntelRecoveryProbe.WithoutHostKick
[==========] Running 1 test from 1 test suite.
[----------] 1 test from HvfIntelRecoveryProbe
[ RUN      ] HvfIntelRecoveryProbe.WithoutHostKick
INTEL_PROBE phase=executor_retained
INTEL_RECOVERY host_kick=omitted
INTEL_LIFECYCLE phase=vcpu_destroy_begin generation=54 owner=42432
INTEL_LIFECYCLE phase=vcpu_destroy_end generation=54 owner=42432
INTEL_LIFECYCLE phase=vm_destroy_begin generation=54 owner=42432
INTEL_LIFECYCLE phase=vm_destroy_end generation=54 owner=42432
INTEL_LIFECYCLE phase=vm_create_begin generation=55 owner=42432
INTEL_LIFECYCLE phase=vm_create_end generation=55 owner=42432
INTEL_LIFECYCLE phase=vcpu_create_begin generation=55 owner=42432
INTEL_LIFECYCLE phase=vcpu_create_end generation=55 owner=42432
[       OK ] HvfIntelRecoveryProbe.WithoutHostKick (496 ms)
[----------] 1 test from HvfIntelRecoveryProbe (496 ms total)

[==========] 1 test from 1 test suite ran. (496 ms total)
[  PASSED  ] 1 test.

Repeating all tests (iteration 55) . . .

Note: Google Test filter = HvfIntelRecoveryProbe.WithoutHostKick
[==========] Running 1 test from 1 test suite.
[----------] 1 test from HvfIntelRecoveryProbe
[ RUN      ] HvfIntelRecoveryProbe.WithoutHostKick
INTEL_PROBE phase=executor_retained
INTEL_RECOVERY host_kick=omitted
INTEL_LIFECYCLE phase=vcpu_destroy_begin generation=55 owner=42432
INTEL_LIFECYCLE phase=vcpu_destroy_end generation=55 owner=42432
INTEL_LIFECYCLE phase=vm_destroy_begin generation=55 owner=42432
INTEL_LIFECYCLE phase=vm_destroy_end generation=55 owner=42432
INTEL_LIFECYCLE phase=vm_create_begin generation=56 owner=42432
INTEL_LIFECYCLE phase=vm_create_end generation=56 owner=42432
INTEL_LIFECYCLE phase=vcpu_create_begin generation=56 owner=42432
INTEL_LIFECYCLE phase=vcpu_create_end generation=56 owner=42432
[       OK ] HvfIntelRecoveryProbe.WithoutHostKick (332 ms)
[----------] 1 test from HvfIntelRecoveryProbe (332 ms total)

[==========] 1 test from 1 test suite ran. (332 ms total)
[  PASSED  ] 1 test.

Repeating all tests (iteration 56) . . .

Note: Google Test filter = HvfIntelRecoveryProbe.WithoutHostKick
[==========] Running 1 test from 1 test suite.
[----------] 1 test from HvfIntelRecoveryProbe
[ RUN      ] HvfIntelRecoveryProbe.WithoutHostKick
INTEL_PROBE phase=executor_retained
INTEL_RECOVERY host_kick=omitted
INTEL_LIFECYCLE phase=vcpu_destroy_begin generation=56 owner=42432
INTEL_LIFECYCLE phase=vcpu_destroy_end generation=56 owner=42432
INTEL_LIFECYCLE phase=vm_destroy_begin generation=56 owner=42432
INTEL_LIFECYCLE phase=vm_destroy_end generation=56 owner=42432
INTEL_LIFECYCLE phase=vm_create_begin generation=57 owner=42432
INTEL_LIFECYCLE phase=vm_create_end generation=57 owner=42432
INTEL_LIFECYCLE phase=vcpu_create_begin generation=57 owner=42432
INTEL_LIFECYCLE phase=vcpu_create_end generation=57 owner=42432
[       OK ] HvfIntelRecoveryProbe.WithoutHostKick (269 ms)
[----------] 1 test from HvfIntelRecoveryProbe (269 ms total)

[==========] 1 test from 1 test suite ran. (269 ms total)
[  PASSED  ] 1 test.

Repeating all tests (iteration 57) . . .

Note: Google Test filter = HvfIntelRecoveryProbe.WithoutHostKick
[==========] Running 1 test from 1 test suite.
[----------] 1 test from HvfIntelRecoveryProbe
[ RUN      ] HvfIntelRecoveryProbe.WithoutHostKick
INTEL_PROBE phase=executor_retained
INTEL_RECOVERY host_kick=omitted
INTEL_LIFECYCLE phase=vcpu_destroy_begin generation=57 owner=42432
INTEL_LIFECYCLE phase=vcpu_destroy_end generation=57 owner=42432
INTEL_LIFECYCLE phase=vm_destroy_begin generation=57 owner=42432
INTEL_LIFECYCLE phase=vm_destroy_end generation=57 owner=42432
INTEL_LIFECYCLE phase=vm_create_begin generation=58 owner=42432
INTEL_LIFECYCLE phase=vm_create_end generation=58 owner=42432
INTEL_LIFECYCLE phase=vcpu_create_begin generation=58 owner=42432
INTEL_LIFECYCLE phase=vcpu_create_end generation=58 owner=42432
[       OK ] HvfIntelRecoveryProbe.WithoutHostKick (523 ms)
[----------] 1 test from HvfIntelRecoveryProbe (523 ms total)

[==========] 1 test from 1 test suite ran. (523 ms total)
[  PASSED  ] 1 test.

Repeating all tests (iteration 58) . . .

Note: Google Test filter = HvfIntelRecoveryProbe.WithoutHostKick
[==========] Running 1 test from 1 test suite.
[----------] 1 test from HvfIntelRecoveryProbe
[ RUN      ] HvfIntelRecoveryProbe.WithoutHostKick
INTEL_PROBE phase=executor_retained
INTEL_RECOVERY host_kick=omitted
INTEL_LIFECYCLE phase=vcpu_destroy_begin generation=58 owner=42432
INTEL_LIFECYCLE phase=vcpu_destroy_end generation=58 owner=42432
INTEL_LIFECYCLE phase=vm_destroy_begin generation=58 owner=42432
INTEL_LIFECYCLE phase=vm_destroy_end generation=58 owner=42432
INTEL_LIFECYCLE phase=vm_create_begin generation=59 owner=42432
INTEL_LIFECYCLE phase=vm_create_end generation=59 owner=42432
INTEL_LIFECYCLE phase=vcpu_create_begin generation=59 owner=42432
INTEL_LIFECYCLE phase=vcpu_create_end generation=59 owner=42432
[       OK ] HvfIntelRecoveryProbe.WithoutHostKick (259 ms)
[----------] 1 test from HvfIntelRecoveryProbe (259 ms total)

[==========] 1 test from 1 test suite ran. (259 ms total)
[  PASSED  ] 1 test.

Repeating all tests (iteration 59) . . .

Note: Google Test filter = HvfIntelRecoveryProbe.WithoutHostKick
[==========] Running 1 test from 1 test suite.
[----------] 1 test from HvfIntelRecoveryProbe
[ RUN      ] HvfIntelRecoveryProbe.WithoutHostKick
INTEL_PROBE phase=executor_retained
INTEL_RECOVERY host_kick=omitted
INTEL_LIFECYCLE phase=vcpu_destroy_begin generation=59 owner=42432
INTEL_LIFECYCLE phase=vcpu_destroy_end generation=59 owner=42432
INTEL_LIFECYCLE phase=vm_destroy_begin generation=59 owner=42432
INTEL_LIFECYCLE phase=vm_destroy_end generation=59 owner=42432
INTEL_LIFECYCLE phase=vm_create_begin generation=60 owner=42432
INTEL_LIFECYCLE phase=vm_create_end generation=60 owner=42432
INTEL_LIFECYCLE phase=vcpu_create_begin generation=60 owner=42432
INTEL_LIFECYCLE phase=vcpu_create_end generation=60 owner=42432
[       OK ] HvfIntelRecoveryProbe.WithoutHostKick (403 ms)
[----------] 1 test from HvfIntelRecoveryProbe (403 ms total)

[==========] 1 test from 1 test suite ran. (403 ms total)
[  PASSED  ] 1 test.

Repeating all tests (iteration 60) . . .

Note: Google Test filter = HvfIntelRecoveryProbe.WithoutHostKick
[==========] Running 1 test from 1 test suite.
[----------] 1 test from HvfIntelRecoveryProbe
[ RUN      ] HvfIntelRecoveryProbe.WithoutHostKick
INTEL_PROBE phase=executor_retained
INTEL_RECOVERY host_kick=omitted
INTEL_LIFECYCLE phase=vcpu_destroy_begin generation=60 owner=42432
INTEL_LIFECYCLE phase=vcpu_destroy_end generation=60 owner=42432
INTEL_LIFECYCLE phase=vm_destroy_begin generation=60 owner=42432
INTEL_LIFECYCLE phase=vm_destroy_end generation=60 owner=42432
INTEL_LIFECYCLE phase=vm_create_begin generation=61 owner=42432
INTEL_LIFECYCLE phase=vm_create_end generation=61 owner=42432
INTEL_LIFECYCLE phase=vcpu_create_begin generation=61 owner=42432
INTEL_LIFECYCLE phase=vcpu_create_end generation=61 owner=42432
[       OK ] HvfIntelRecoveryProbe.WithoutHostKick (255 ms)
[----------] 1 test from HvfIntelRecoveryProbe (255 ms total)

[==========] 1 test from 1 test suite ran. (255 ms total)
[  PASSED  ] 1 test.

Repeating all tests (iteration 61) . . .

Note: Google Test filter = HvfIntelRecoveryProbe.WithoutHostKick
[==========] Running 1 test from 1 test suite.
[----------] 1 test from HvfIntelRecoveryProbe
[ RUN      ] HvfIntelRecoveryProbe.WithoutHostKick
INTEL_PROBE phase=executor_retained
INTEL_RECOVERY host_kick=omitted
INTEL_LIFECYCLE phase=vcpu_destroy_begin generation=61 owner=42432
INTEL_LIFECYCLE phase=vcpu_destroy_end generation=61 owner=42432
INTEL_LIFECYCLE phase=vm_destroy_begin generation=61 owner=42432
INTEL_LIFECYCLE phase=vm_destroy_end generation=61 owner=42432
INTEL_LIFECYCLE phase=vm_create_begin generation=62 owner=42432
INTEL_LIFECYCLE phase=vm_create_end generation=62 owner=42432
INTEL_LIFECYCLE phase=vcpu_create_begin generation=62 owner=42432
INTEL_LIFECYCLE phase=vcpu_create_end generation=62 owner=42432
[       OK ] HvfIntelRecoveryProbe.WithoutHostKick (414 ms)
[----------] 1 test from HvfIntelRecoveryProbe (414 ms total)

[==========] 1 test from 1 test suite ran. (414 ms total)
[  PASSED  ] 1 test.

Repeating all tests (iteration 62) . . .

Note: Google Test filter = HvfIntelRecoveryProbe.WithoutHostKick
[==========] Running 1 test from 1 test suite.
[----------] 1 test from HvfIntelRecoveryProbe
[ RUN      ] HvfIntelRecoveryProbe.WithoutHostKick
INTEL_PROBE phase=executor_retained
INTEL_RECOVERY host_kick=omitted
INTEL_LIFECYCLE phase=vcpu_destroy_begin generation=62 owner=42432
INTEL_LIFECYCLE phase=vcpu_destroy_end generation=62 owner=42432
INTEL_LIFECYCLE phase=vm_destroy_begin generation=62 owner=42432
INTEL_LIFECYCLE phase=vm_destroy_end generation=62 owner=42432
INTEL_LIFECYCLE phase=vm_create_begin generation=63 owner=42432
INTEL_LIFECYCLE phase=vm_create_end generation=63 owner=42432
INTEL_LIFECYCLE phase=vcpu_create_begin generation=63 owner=42432
INTEL_LIFECYCLE phase=vcpu_create_end generation=63 owner=42432
[       OK ] HvfIntelRecoveryProbe.WithoutHostKick (318 ms)
[----------] 1 test from HvfIntelRecoveryProbe (318 ms total)

[==========] 1 test from 1 test suite ran. (318 ms total)
[  PASSED  ] 1 test.

Repeating all tests (iteration 63) . . .

Note: Google Test filter = HvfIntelRecoveryProbe.WithoutHostKick
[==========] Running 1 test from 1 test suite.
[----------] 1 test from HvfIntelRecoveryProbe
[ RUN      ] HvfIntelRecoveryProbe.WithoutHostKick
INTEL_PROBE phase=executor_retained
INTEL_RECOVERY host_kick=omitted
INTEL_LIFECYCLE phase=vcpu_destroy_begin generation=63 owner=42432
INTEL_LIFECYCLE phase=vcpu_destroy_end generation=63 owner=42432
INTEL_LIFECYCLE phase=vm_destroy_begin generation=63 owner=42432
INTEL_LIFECYCLE phase=vm_destroy_end generation=63 owner=42432
INTEL_LIFECYCLE phase=vm_create_begin generation=64 owner=42432
INTEL_LIFECYCLE phase=vm_create_end generation=64 owner=42432
INTEL_LIFECYCLE phase=vcpu_create_begin generation=64 owner=42432
INTEL_LIFECYCLE phase=vcpu_create_end generation=64 owner=42432
[       OK ] HvfIntelRecoveryProbe.WithoutHostKick (275 ms)
[----------] 1 test from HvfIntelRecoveryProbe (275 ms total)

[==========] 1 test from 1 test suite ran. (275 ms total)
[  PASSED  ] 1 test.

Repeating all tests (iteration 64) . . .

Note: Google Test filter = HvfIntelRecoveryProbe.WithoutHostKick
[==========] Running 1 test from 1 test suite.
[----------] 1 test from HvfIntelRecoveryProbe
[ RUN      ] HvfIntelRecoveryProbe.WithoutHostKick
INTEL_PROBE phase=executor_retained
INTEL_RECOVERY host_kick=omitted
INTEL_LIFECYCLE phase=vcpu_destroy_begin generation=64 owner=42432
INTEL_LIFECYCLE phase=vcpu_destroy_end generation=64 owner=42432
INTEL_LIFECYCLE phase=vm_destroy_begin generation=64 owner=42432
INTEL_LIFECYCLE phase=vm_destroy_end generation=64 owner=42432
INTEL_LIFECYCLE phase=vm_create_begin generation=65 owner=42432
INTEL_LIFECYCLE phase=vm_create_end generation=65 owner=42432
INTEL_LIFECYCLE phase=vcpu_create_begin generation=65 owner=42432
INTEL_LIFECYCLE phase=vcpu_create_end generation=65 owner=42432
[       OK ] HvfIntelRecoveryProbe.WithoutHostKick (377 ms)
[----------] 1 test from HvfIntelRecoveryProbe (377 ms total)

[==========] 1 test from 1 test suite ran. (377 ms total)
[  PASSED  ] 1 test.

Repeating all tests (iteration 65) . . .

Note: Google Test filter = HvfIntelRecoveryProbe.WithoutHostKick
[==========] Running 1 test from 1 test suite.
[----------] 1 test from HvfIntelRecoveryProbe
[ RUN      ] HvfIntelRecoveryProbe.WithoutHostKick
INTEL_PROBE phase=executor_retained
INTEL_RECOVERY host_kick=omitted
INTEL_LIFECYCLE phase=vcpu_destroy_begin generation=65 owner=42432
INTEL_LIFECYCLE phase=vcpu_destroy_end generation=65 owner=42432
INTEL_LIFECYCLE phase=vm_destroy_begin generation=65 owner=42432
INTEL_LIFECYCLE phase=vm_destroy_end generation=65 owner=42432
INTEL_LIFECYCLE phase=vm_create_begin generation=66 owner=42432
INTEL_LIFECYCLE phase=vm_create_end generation=66 owner=42432
INTEL_LIFECYCLE phase=vcpu_create_begin generation=66 owner=42432
INTEL_LIFECYCLE phase=vcpu_create_end generation=66 owner=42432
[       OK ] HvfIntelRecoveryProbe.WithoutHostKick (414 ms)
[----------] 1 test from HvfIntelRecoveryProbe (414 ms total)

[==========] 1 test from 1 test suite ran. (414 ms total)
[  PASSED  ] 1 test.

Repeating all tests (iteration 66) . . .

Note: Google Test filter = HvfIntelRecoveryProbe.WithoutHostKick
[==========] Running 1 test from 1 test suite.
[----------] 1 test from HvfIntelRecoveryProbe
[ RUN      ] HvfIntelRecoveryProbe.WithoutHostKick
INTEL_PROBE phase=executor_retained
INTEL_RECOVERY host_kick=omitted
INTEL_LIFECYCLE phase=vcpu_destroy_begin generation=66 owner=42432
INTEL_LIFECYCLE phase=vcpu_destroy_end generation=66 owner=42432
INTEL_LIFECYCLE phase=vm_destroy_begin generation=66 owner=42432
INTEL_LIFECYCLE phase=vm_destroy_end generation=66 owner=42432
INTEL_LIFECYCLE phase=vm_create_begin generation=67 owner=42432
INTEL_LIFECYCLE phase=vm_create_end generation=67 owner=42432
INTEL_LIFECYCLE phase=vcpu_create_begin generation=67 owner=42432
INTEL_LIFECYCLE phase=vcpu_create_end generation=67 owner=42432
[       OK ] HvfIntelRecoveryProbe.WithoutHostKick (257 ms)
[----------] 1 test from HvfIntelRecoveryProbe (257 ms total)

[==========] 1 test from 1 test suite ran. (257 ms total)
[  PASSED  ] 1 test.

Repeating all tests (iteration 67) . . .

Note: Google Test filter = HvfIntelRecoveryProbe.WithoutHostKick
[==========] Running 1 test from 1 test suite.
[----------] 1 test from HvfIntelRecoveryProbe
[ RUN      ] HvfIntelRecoveryProbe.WithoutHostKick
INTEL_PROBE phase=executor_retained
INTEL_RECOVERY host_kick=omitted
INTEL_LIFECYCLE phase=vcpu_destroy_begin generation=67 owner=42432
INTEL_LIFECYCLE phase=vcpu_destroy_end generation=67 owner=42432
INTEL_LIFECYCLE phase=vm_destroy_begin generation=67 owner=42432
INTEL_LIFECYCLE phase=vm_destroy_end generation=67 owner=42432
INTEL_LIFECYCLE phase=vm_create_begin generation=68 owner=42432
INTEL_LIFECYCLE phase=vm_create_end generation=68 owner=42432
INTEL_LIFECYCLE phase=vcpu_create_begin generation=68 owner=42432
INTEL_LIFECYCLE phase=vcpu_create_end generation=68 owner=42432
[       OK ] HvfIntelRecoveryProbe.WithoutHostKick (430 ms)
[----------] 1 test from HvfIntelRecoveryProbe (430 ms total)

[==========] 1 test from 1 test suite ran. (431 ms total)
[  PASSED  ] 1 test.

Repeating all tests (iteration 68) . . .

Note: Google Test filter = HvfIntelRecoveryProbe.WithoutHostKick
[==========] Running 1 test from 1 test suite.
[----------] 1 test from HvfIntelRecoveryProbe
[ RUN      ] HvfIntelRecoveryProbe.WithoutHostKick
INTEL_PROBE phase=executor_retained
INTEL_RECOVERY host_kick=omitted
INTEL_LIFECYCLE phase=vcpu_destroy_begin generation=68 owner=42432
INTEL_LIFECYCLE phase=vcpu_destroy_end generation=68 owner=42432
INTEL_LIFECYCLE phase=vm_destroy_begin generation=68 owner=42432
INTEL_LIFECYCLE phase=vm_destroy_end generation=68 owner=42432
INTEL_LIFECYCLE phase=vm_create_begin generation=69 owner=42432
INTEL_LIFECYCLE phase=vm_create_end generation=69 owner=42432
INTEL_LIFECYCLE phase=vcpu_create_begin generation=69 owner=42432
INTEL_LIFECYCLE phase=vcpu_create_end generation=69 owner=42432
[       OK ] HvfIntelRecoveryProbe.WithoutHostKick (172 ms)
[----------] 1 test from HvfIntelRecoveryProbe (172 ms total)

[==========] 1 test from 1 test suite ran. (172 ms total)
[  PASSED  ] 1 test.

Repeating all tests (iteration 69) . . .

Note: Google Test filter = HvfIntelRecoveryProbe.WithoutHostKick
[==========] Running 1 test from 1 test suite.
[----------] 1 test from HvfIntelRecoveryProbe
[ RUN      ] HvfIntelRecoveryProbe.WithoutHostKick
INTEL_PROBE phase=executor_retained
INTEL_RECOVERY host_kick=omitted
INTEL_LIFECYCLE phase=vcpu_destroy_begin generation=69 owner=42432
INTEL_LIFECYCLE phase=vcpu_destroy_end generation=69 owner=42432
INTEL_LIFECYCLE phase=vm_destroy_begin generation=69 owner=42432
INTEL_LIFECYCLE phase=vm_destroy_end generation=69 owner=42432
INTEL_LIFECYCLE phase=vm_create_begin generation=70 owner=42432
INTEL_LIFECYCLE phase=vm_create_end generation=70 owner=42432
INTEL_LIFECYCLE phase=vcpu_create_begin generation=70 owner=42432
INTEL_LIFECYCLE phase=vcpu_create_end generation=70 owner=42432
[       OK ] HvfIntelRecoveryProbe.WithoutHostKick (318 ms)
[----------] 1 test from HvfIntelRecoveryProbe (318 ms total)

[==========] 1 test from 1 test suite ran. (318 ms total)
[  PASSED  ] 1 test.

Repeating all tests (iteration 70) . . .

Note: Google Test filter = HvfIntelRecoveryProbe.WithoutHostKick
[==========] Running 1 test from 1 test suite.
[----------] 1 test from HvfIntelRecoveryProbe
[ RUN      ] HvfIntelRecoveryProbe.WithoutHostKick
INTEL_PROBE phase=executor_retained
INTEL_RECOVERY host_kick=omitted
INTEL_LIFECYCLE phase=vcpu_destroy_begin generation=70 owner=42432
INTEL_LIFECYCLE phase=vcpu_destroy_end generation=70 owner=42432
INTEL_LIFECYCLE phase=vm_destroy_begin generation=70 owner=42432
INTEL_LIFECYCLE phase=vm_destroy_end generation=70 owner=42432
INTEL_LIFECYCLE phase=vm_create_begin generation=71 owner=42432
INTEL_LIFECYCLE phase=vm_create_end generation=71 owner=42432
INTEL_LIFECYCLE phase=vcpu_create_begin generation=71 owner=42432
INTEL_LIFECYCLE phase=vcpu_create_end generation=71 owner=42432
[       OK ] HvfIntelRecoveryProbe.WithoutHostKick (373 ms)
[----------] 1 test from HvfIntelRecoveryProbe (373 ms total)

[==========] 1 test from 1 test suite ran. (373 ms total)
[  PASSED  ] 1 test.

Repeating all tests (iteration 71) . . .

Note: Google Test filter = HvfIntelRecoveryProbe.WithoutHostKick
[==========] Running 1 test from 1 test suite.
[----------] 1 test from HvfIntelRecoveryProbe
[ RUN      ] HvfIntelRecoveryProbe.WithoutHostKick
INTEL_PROBE phase=executor_retained
INTEL_RECOVERY host_kick=omitted
INTEL_LIFECYCLE phase=vcpu_destroy_begin generation=71 owner=42432
INTEL_LIFECYCLE phase=vcpu_destroy_end generation=71 owner=42432
INTEL_LIFECYCLE phase=vm_destroy_begin generation=71 owner=42432
INTEL_LIFECYCLE phase=vm_destroy_end generation=71 owner=42432
INTEL_LIFECYCLE phase=vm_create_begin generation=72 owner=42432
INTEL_LIFECYCLE phase=vm_create_end generation=72 owner=42432
INTEL_LIFECYCLE phase=vcpu_create_begin generation=72 owner=42432
INTEL_LIFECYCLE phase=vcpu_create_end generation=72 owner=42432
[       OK ] HvfIntelRecoveryProbe.WithoutHostKick (280 ms)
[----------] 1 test from HvfIntelRecoveryProbe (280 ms total)

[==========] 1 test from 1 test suite ran. (280 ms total)
[  PASSED  ] 1 test.

Repeating all tests (iteration 72) . . .

Note: Google Test filter = HvfIntelRecoveryProbe.WithoutHostKick
[==========] Running 1 test from 1 test suite.
[----------] 1 test from HvfIntelRecoveryProbe
[ RUN      ] HvfIntelRecoveryProbe.WithoutHostKick
INTEL_PROBE phase=executor_retained
INTEL_RECOVERY host_kick=omitted
INTEL_LIFECYCLE phase=vcpu_destroy_begin generation=72 owner=42432
INTEL_LIFECYCLE phase=vcpu_destroy_end generation=72 owner=42432
INTEL_LIFECYCLE phase=vm_destroy_begin generation=72 owner=42432
INTEL_LIFECYCLE phase=vm_destroy_end generation=72 owner=42432
INTEL_LIFECYCLE phase=vm_create_begin generation=73 owner=42432
INTEL_LIFECYCLE phase=vm_create_end generation=73 owner=42432
INTEL_LIFECYCLE phase=vcpu_create_begin generation=73 owner=42432
INTEL_LIFECYCLE phase=vcpu_create_end generation=73 owner=42432
[       OK ] HvfIntelRecoveryProbe.WithoutHostKick (345 ms)
[----------] 1 test from HvfIntelRecoveryProbe (345 ms total)

[==========] 1 test from 1 test suite ran. (345 ms total)
[  PASSED  ] 1 test.

Repeating all tests (iteration 73) . . .

Note: Google Test filter = HvfIntelRecoveryProbe.WithoutHostKick
[==========] Running 1 test from 1 test suite.
[----------] 1 test from HvfIntelRecoveryProbe
[ RUN      ] HvfIntelRecoveryProbe.WithoutHostKick
INTEL_PROBE phase=executor_retained
INTEL_RECOVERY host_kick=omitted
INTEL_LIFECYCLE phase=vcpu_destroy_begin generation=73 owner=42432
INTEL_LIFECYCLE phase=vcpu_destroy_end generation=73 owner=42432
INTEL_LIFECYCLE phase=vm_destroy_begin generation=73 owner=42432
INTEL_LIFECYCLE phase=vm_destroy_end generation=73 owner=42432
INTEL_LIFECYCLE phase=vm_create_begin generation=74 owner=42432
INTEL_LIFECYCLE phase=vm_create_end generation=74 owner=42432
INTEL_LIFECYCLE phase=vcpu_create_begin generation=74 owner=42432
INTEL_LIFECYCLE phase=vcpu_create_end generation=74 owner=42432
[       OK ] HvfIntelRecoveryProbe.WithoutHostKick (244 ms)
[----------] 1 test from HvfIntelRecoveryProbe (244 ms total)

[==========] 1 test from 1 test suite ran. (244 ms total)
[  PASSED  ] 1 test.

Repeating all tests (iteration 74) . . .

Note: Google Test filter = HvfIntelRecoveryProbe.WithoutHostKick
[==========] Running 1 test from 1 test suite.
[----------] 1 test from HvfIntelRecoveryProbe
[ RUN      ] HvfIntelRecoveryProbe.WithoutHostKick
INTEL_PROBE phase=executor_retained
INTEL_RECOVERY host_kick=omitted
INTEL_LIFECYCLE phase=vcpu_destroy_begin generation=74 owner=42432
INTEL_LIFECYCLE phase=vcpu_destroy_end generation=74 owner=42432
INTEL_LIFECYCLE phase=vm_destroy_begin generation=74 owner=42432
INTEL_LIFECYCLE phase=vm_destroy_end generation=74 owner=42432
INTEL_LIFECYCLE phase=vm_create_begin generation=75 owner=42432
INTEL_LIFECYCLE phase=vm_create_end generation=75 owner=42432
INTEL_LIFECYCLE phase=vcpu_create_begin generation=75 owner=42432
INTEL_LIFECYCLE phase=vcpu_create_end generation=75 owner=42432
[       OK ] HvfIntelRecoveryProbe.WithoutHostKick (265 ms)
[----------] 1 test from HvfIntelRecoveryProbe (265 ms total)

[==========] 1 test from 1 test suite ran. (265 ms total)
[  PASSED  ] 1 test.

Repeating all tests (iteration 75) . . .

Note: Google Test filter = HvfIntelRecoveryProbe.WithoutHostKick
[==========] Running 1 test from 1 test suite.
[----------] 1 test from HvfIntelRecoveryProbe
[ RUN      ] HvfIntelRecoveryProbe.WithoutHostKick
INTEL_PROBE phase=executor_retained
INTEL_RECOVERY host_kick=omitted
INTEL_LIFECYCLE phase=vcpu_destroy_begin generation=75 owner=42432
INTEL_LIFECYCLE phase=vcpu_destroy_end generation=75 owner=42432
INTEL_LIFECYCLE phase=vm_destroy_begin generation=75 owner=42432
INTEL_LIFECYCLE phase=vm_destroy_end generation=75 owner=42432
INTEL_LIFECYCLE phase=vm_create_begin generation=76 owner=42432
INTEL_LIFECYCLE phase=vm_create_end generation=76 owner=42432
INTEL_LIFECYCLE phase=vcpu_create_begin generation=76 owner=42432
INTEL_LIFECYCLE phase=vcpu_create_end generation=76 owner=42432
[       OK ] HvfIntelRecoveryProbe.WithoutHostKick (311 ms)
[----------] 1 test from HvfIntelRecoveryProbe (311 ms total)

[==========] 1 test from 1 test suite ran. (311 ms total)
[  PASSED  ] 1 test.

Repeating all tests (iteration 76) . . .

Note: Google Test filter = HvfIntelRecoveryProbe.WithoutHostKick
[==========] Running 1 test from 1 test suite.
[----------] 1 test from HvfIntelRecoveryProbe
[ RUN      ] HvfIntelRecoveryProbe.WithoutHostKick
INTEL_PROBE phase=executor_retained
INTEL_RECOVERY host_kick=omitted
INTEL_LIFECYCLE phase=vcpu_destroy_begin generation=76 owner=42432
INTEL_LIFECYCLE phase=vcpu_destroy_end generation=76 owner=42432
INTEL_LIFECYCLE phase=vm_destroy_begin generation=76 owner=42432
INTEL_LIFECYCLE phase=vm_destroy_end generation=76 owner=42432
INTEL_LIFECYCLE phase=vm_create_begin generation=77 owner=42432
INTEL_LIFECYCLE phase=vm_create_end generation=77 owner=42432
INTEL_LIFECYCLE phase=vcpu_create_begin generation=77 owner=42432
INTEL_LIFECYCLE phase=vcpu_create_end generation=77 owner=42432
[       OK ] HvfIntelRecoveryProbe.WithoutHostKick (279 ms)
[----------] 1 test from HvfIntelRecoveryProbe (279 ms total)

[==========] 1 test from 1 test suite ran. (279 ms total)
[  PASSED  ] 1 test.

Repeating all tests (iteration 77) . . .

Note: Google Test filter = HvfIntelRecoveryProbe.WithoutHostKick
[==========] Running 1 test from 1 test suite.
[----------] 1 test from HvfIntelRecoveryProbe
[ RUN      ] HvfIntelRecoveryProbe.WithoutHostKick
INTEL_PROBE phase=executor_retained
INTEL_RECOVERY host_kick=omitted
INTEL_LIFECYCLE phase=vcpu_destroy_begin generation=77 owner=42432
INTEL_LIFECYCLE phase=vcpu_destroy_end generation=77 owner=42432
INTEL_LIFECYCLE phase=vm_destroy_begin generation=77 owner=42432
INTEL_LIFECYCLE phase=vm_destroy_end generation=77 owner=42432
INTEL_LIFECYCLE phase=vm_create_begin generation=78 owner=42432
INTEL_LIFECYCLE phase=vm_create_end generation=78 owner=42432
INTEL_LIFECYCLE phase=vcpu_create_begin generation=78 owner=42432
INTEL_LIFECYCLE phase=vcpu_create_end generation=78 owner=42432
[       OK ] HvfIntelRecoveryProbe.WithoutHostKick (289 ms)
[----------] 1 test from HvfIntelRecoveryProbe (289 ms total)

[==========] 1 test from 1 test suite ran. (289 ms total)
[  PASSED  ] 1 test.

Repeating all tests (iteration 78) . . .

Note: Google Test filter = HvfIntelRecoveryProbe.WithoutHostKick
[==========] Running 1 test from 1 test suite.
[----------] 1 test from HvfIntelRecoveryProbe
[ RUN      ] HvfIntelRecoveryProbe.WithoutHostKick
INTEL_PROBE phase=executor_retained
INTEL_RECOVERY host_kick=omitted
INTEL_LIFECYCLE phase=vcpu_destroy_begin generation=78 owner=42432
INTEL_LIFECYCLE phase=vcpu_destroy_end generation=78 owner=42432
INTEL_LIFECYCLE phase=vm_destroy_begin generation=78 owner=42432
INTEL_LIFECYCLE phase=vm_destroy_end generation=78 owner=42432
INTEL_LIFECYCLE phase=vm_create_begin generation=79 owner=42432
INTEL_LIFECYCLE phase=vm_create_end generation=79 owner=42432
INTEL_LIFECYCLE phase=vcpu_create_begin generation=79 owner=42432
INTEL_LIFECYCLE phase=vcpu_create_end generation=79 owner=42432
[       OK ] HvfIntelRecoveryProbe.WithoutHostKick (309 ms)
[----------] 1 test from HvfIntelRecoveryProbe (309 ms total)

[==========] 1 test from 1 test suite ran. (310 ms total)
[  PASSED  ] 1 test.

Repeating all tests (iteration 79) . . .

Note: Google Test filter = HvfIntelRecoveryProbe.WithoutHostKick
[==========] Running 1 test from 1 test suite.
[----------] 1 test from HvfIntelRecoveryProbe
[ RUN      ] HvfIntelRecoveryProbe.WithoutHostKick
INTEL_PROBE phase=executor_retained
INTEL_RECOVERY host_kick=omitted
INTEL_LIFECYCLE phase=vcpu_destroy_begin generation=79 owner=42432
INTEL_LIFECYCLE phase=vcpu_destroy_end generation=79 owner=42432
INTEL_LIFECYCLE phase=vm_destroy_begin generation=79 owner=42432
INTEL_LIFECYCLE phase=vm_destroy_end generation=79 owner=42432
INTEL_LIFECYCLE phase=vm_create_begin generation=80 owner=42432
INTEL_LIFECYCLE phase=vm_create_end generation=80 owner=42432
INTEL_LIFECYCLE phase=vcpu_create_begin generation=80 owner=42432
INTEL_LIFECYCLE phase=vcpu_create_end generation=80 owner=42432
[       OK ] HvfIntelRecoveryProbe.WithoutHostKick (183 ms)
[----------] 1 test from HvfIntelRecoveryProbe (183 ms total)

[==========] 1 test from 1 test suite ran. (183 ms total)
[  PASSED  ] 1 test.

Repeating all tests (iteration 80) . . .

Note: Google Test filter = HvfIntelRecoveryProbe.WithoutHostKick
[==========] Running 1 test from 1 test suite.
[----------] 1 test from HvfIntelRecoveryProbe
[ RUN      ] HvfIntelRecoveryProbe.WithoutHostKick
INTEL_PROBE phase=executor_retained
INTEL_RECOVERY host_kick=omitted
INTEL_LIFECYCLE phase=vcpu_destroy_begin generation=80 owner=42432
INTEL_LIFECYCLE phase=vcpu_destroy_end generation=80 owner=42432
INTEL_LIFECYCLE phase=vm_destroy_begin generation=80 owner=42432
INTEL_LIFECYCLE phase=vm_destroy_end generation=80 owner=42432
INTEL_LIFECYCLE phase=vm_create_begin generation=81 owner=42432
INTEL_LIFECYCLE phase=vm_create_end generation=81 owner=42432
INTEL_LIFECYCLE phase=vcpu_create_begin generation=81 owner=42432
INTEL_LIFECYCLE phase=vcpu_create_end generation=81 owner=42432
[       OK ] HvfIntelRecoveryProbe.WithoutHostKick (233 ms)
[----------] 1 test from HvfIntelRecoveryProbe (233 ms total)

[==========] 1 test from 1 test suite ran. (233 ms total)
[  PASSED  ] 1 test.

Repeating all tests (iteration 81) . . .

Note: Google Test filter = HvfIntelRecoveryProbe.WithoutHostKick
[==========] Running 1 test from 1 test suite.
[----------] 1 test from HvfIntelRecoveryProbe
[ RUN      ] HvfIntelRecoveryProbe.WithoutHostKick
INTEL_PROBE phase=executor_retained
INTEL_RECOVERY host_kick=omitted
INTEL_LIFECYCLE phase=vcpu_destroy_begin generation=81 owner=42432
INTEL_LIFECYCLE phase=vcpu_destroy_end generation=81 owner=42432
INTEL_LIFECYCLE phase=vm_destroy_begin generation=81 owner=42432
INTEL_LIFECYCLE phase=vm_destroy_end generation=81 owner=42432
INTEL_LIFECYCLE phase=vm_create_begin generation=82 owner=42432
INTEL_LIFECYCLE phase=vm_create_end generation=82 owner=42432
INTEL_LIFECYCLE phase=vcpu_create_begin generation=82 owner=42432
INTEL_LIFECYCLE phase=vcpu_create_end generation=82 owner=42432
[       OK ] HvfIntelRecoveryProbe.WithoutHostKick (267 ms)
[----------] 1 test from HvfIntelRecoveryProbe (267 ms total)

[==========] 1 test from 1 test suite ran. (268 ms total)
[  PASSED  ] 1 test.

Repeating all tests (iteration 82) . . .

Note: Google Test filter = HvfIntelRecoveryProbe.WithoutHostKick
[==========] Running 1 test from 1 test suite.
[----------] 1 test from HvfIntelRecoveryProbe
[ RUN      ] HvfIntelRecoveryProbe.WithoutHostKick
INTEL_PROBE phase=executor_retained
INTEL_RECOVERY host_kick=omitted
INTEL_LIFECYCLE phase=vcpu_destroy_begin generation=82 owner=42432
INTEL_LIFECYCLE phase=vcpu_destroy_end generation=82 owner=42432
INTEL_LIFECYCLE phase=vm_destroy_begin generation=82 owner=42432
INTEL_LIFECYCLE phase=vm_destroy_end generation=82 owner=42432
INTEL_LIFECYCLE phase=vm_create_begin generation=83 owner=42432
INTEL_LIFECYCLE phase=vm_create_end generation=83 owner=42432
INTEL_LIFECYCLE phase=vcpu_create_begin generation=83 owner=42432
INTEL_LIFECYCLE phase=vcpu_create_end generation=83 owner=42432
[       OK ] HvfIntelRecoveryProbe.WithoutHostKick (296 ms)
[----------] 1 test from HvfIntelRecoveryProbe (296 ms total)

[==========] 1 test from 1 test suite ran. (296 ms total)
[  PASSED  ] 1 test.

Repeating all tests (iteration 83) . . .

Note: Google Test filter = HvfIntelRecoveryProbe.WithoutHostKick
[==========] Running 1 test from 1 test suite.
[----------] 1 test from HvfIntelRecoveryProbe
[ RUN      ] HvfIntelRecoveryProbe.WithoutHostKick
INTEL_PROBE phase=executor_retained
INTEL_RECOVERY host_kick=omitted
INTEL_LIFECYCLE phase=vcpu_destroy_begin generation=83 owner=42432
INTEL_LIFECYCLE phase=vcpu_destroy_end generation=83 owner=42432
INTEL_LIFECYCLE phase=vm_destroy_begin generation=83 owner=42432
INTEL_LIFECYCLE phase=vm_destroy_end generation=83 owner=42432
INTEL_LIFECYCLE phase=vm_create_begin generation=84 owner=42432
INTEL_LIFECYCLE phase=vm_create_end generation=84 owner=42432
INTEL_LIFECYCLE phase=vcpu_create_begin generation=84 owner=42432
INTEL_LIFECYCLE phase=vcpu_create_end generation=84 owner=42432
[       OK ] HvfIntelRecoveryProbe.WithoutHostKick (299 ms)
[----------] 1 test from HvfIntelRecoveryProbe (299 ms total)

[==========] 1 test from 1 test suite ran. (299 ms total)
[  PASSED  ] 1 test.

Repeating all tests (iteration 84) . . .

Note: Google Test filter = HvfIntelRecoveryProbe.WithoutHostKick
[==========] Running 1 test from 1 test suite.
[----------] 1 test from HvfIntelRecoveryProbe
[ RUN      ] HvfIntelRecoveryProbe.WithoutHostKick
INTEL_PROBE phase=executor_retained
INTEL_RECOVERY host_kick=omitted
INTEL_LIFECYCLE phase=vcpu_destroy_begin generation=84 owner=42432
INTEL_LIFECYCLE phase=vcpu_destroy_end generation=84 owner=42432
INTEL_LIFECYCLE phase=vm_destroy_begin generation=84 owner=42432
INTEL_LIFECYCLE phase=vm_destroy_end generation=84 owner=42432
INTEL_LIFECYCLE phase=vm_create_begin generation=85 owner=42432
INTEL_LIFECYCLE phase=vm_create_end generation=85 owner=42432
INTEL_LIFECYCLE phase=vcpu_create_begin generation=85 owner=42432
INTEL_LIFECYCLE phase=vcpu_create_end generation=85 owner=42432
[       OK ] HvfIntelRecoveryProbe.WithoutHostKick (387 ms)
[----------] 1 test from HvfIntelRecoveryProbe (387 ms total)

[==========] 1 test from 1 test suite ran. (387 ms total)
[  PASSED  ] 1 test.

Repeating all tests (iteration 85) . . .

Note: Google Test filter = HvfIntelRecoveryProbe.WithoutHostKick
[==========] Running 1 test from 1 test suite.
[----------] 1 test from HvfIntelRecoveryProbe
[ RUN      ] HvfIntelRecoveryProbe.WithoutHostKick
INTEL_PROBE phase=executor_retained
INTEL_RECOVERY host_kick=omitted
INTEL_LIFECYCLE phase=vcpu_destroy_begin generation=85 owner=42432
INTEL_LIFECYCLE phase=vcpu_destroy_end generation=85 owner=42432
INTEL_LIFECYCLE phase=vm_destroy_begin generation=85 owner=42432
INTEL_LIFECYCLE phase=vm_destroy_end generation=85 owner=42432
INTEL_LIFECYCLE phase=vm_create_begin generation=86 owner=42432
INTEL_LIFECYCLE phase=vm_create_end generation=86 owner=42432
INTEL_LIFECYCLE phase=vcpu_create_begin generation=86 owner=42432
INTEL_LIFECYCLE phase=vcpu_create_end generation=86 owner=42432
[       OK ] HvfIntelRecoveryProbe.WithoutHostKick (244 ms)
[----------] 1 test from HvfIntelRecoveryProbe (244 ms total)

[==========] 1 test from 1 test suite ran. (244 ms total)
[  PASSED  ] 1 test.

Repeating all tests (iteration 86) . . .

Note: Google Test filter = HvfIntelRecoveryProbe.WithoutHostKick
[==========] Running 1 test from 1 test suite.
[----------] 1 test from HvfIntelRecoveryProbe
[ RUN      ] HvfIntelRecoveryProbe.WithoutHostKick
INTEL_PROBE phase=executor_retained
INTEL_RECOVERY host_kick=omitted
INTEL_LIFECYCLE phase=vcpu_destroy_begin generation=86 owner=42432
INTEL_LIFECYCLE phase=vcpu_destroy_end generation=86 owner=42432
INTEL_LIFECYCLE phase=vm_destroy_begin generation=86 owner=42432
INTEL_LIFECYCLE phase=vm_destroy_end generation=86 owner=42432
INTEL_LIFECYCLE phase=vm_create_begin generation=87 owner=42432
INTEL_LIFECYCLE phase=vm_create_end generation=87 owner=42432
INTEL_LIFECYCLE phase=vcpu_create_begin generation=87 owner=42432
INTEL_LIFECYCLE phase=vcpu_create_end generation=87 owner=42432
[       OK ] HvfIntelRecoveryProbe.WithoutHostKick (198 ms)
[----------] 1 test from HvfIntelRecoveryProbe (198 ms total)

[==========] 1 test from 1 test suite ran. (198 ms total)
[  PASSED  ] 1 test.

Repeating all tests (iteration 87) . . .

Note: Google Test filter = HvfIntelRecoveryProbe.WithoutHostKick
[==========] Running 1 test from 1 test suite.
[----------] 1 test from HvfIntelRecoveryProbe
[ RUN      ] HvfIntelRecoveryProbe.WithoutHostKick
INTEL_PROBE phase=executor_retained
INTEL_RECOVERY host_kick=omitted
INTEL_LIFECYCLE phase=vcpu_destroy_begin generation=87 owner=42432
INTEL_LIFECYCLE phase=vcpu_destroy_end generation=87 owner=42432
INTEL_LIFECYCLE phase=vm_destroy_begin generation=87 owner=42432
INTEL_LIFECYCLE phase=vm_destroy_end generation=87 owner=42432
INTEL_LIFECYCLE phase=vm_create_begin generation=88 owner=42432
INTEL_LIFECYCLE phase=vm_create_end generation=88 owner=42432
INTEL_LIFECYCLE phase=vcpu_create_begin generation=88 owner=42432
INTEL_LIFECYCLE phase=vcpu_create_end generation=88 owner=42432
[       OK ] HvfIntelRecoveryProbe.WithoutHostKick (320 ms)
[----------] 1 test from HvfIntelRecoveryProbe (320 ms total)

[==========] 1 test from 1 test suite ran. (320 ms total)
[  PASSED  ] 1 test.

Repeating all tests (iteration 88) . . .

Note: Google Test filter = HvfIntelRecoveryProbe.WithoutHostKick
[==========] Running 1 test from 1 test suite.
[----------] 1 test from HvfIntelRecoveryProbe
[ RUN      ] HvfIntelRecoveryProbe.WithoutHostKick
INTEL_PROBE phase=executor_retained
INTEL_RECOVERY host_kick=omitted
INTEL_LIFECYCLE phase=vcpu_destroy_begin generation=88 owner=42432
INTEL_LIFECYCLE phase=vcpu_destroy_end generation=88 owner=42432
INTEL_LIFECYCLE phase=vm_destroy_begin generation=88 owner=42432
INTEL_LIFECYCLE phase=vm_destroy_end generation=88 owner=42432
INTEL_LIFECYCLE phase=vm_create_begin generation=89 owner=42432
INTEL_LIFECYCLE phase=vm_create_end generation=89 owner=42432
INTEL_LIFECYCLE phase=vcpu_create_begin generation=89 owner=42432
INTEL_LIFECYCLE phase=vcpu_create_end generation=89 owner=42432
[       OK ] HvfIntelRecoveryProbe.WithoutHostKick (207 ms)
[----------] 1 test from HvfIntelRecoveryProbe (207 ms total)

[==========] 1 test from 1 test suite ran. (207 ms total)
[  PASSED  ] 1 test.

Repeating all tests (iteration 89) . . .

Note: Google Test filter = HvfIntelRecoveryProbe.WithoutHostKick
[==========] Running 1 test from 1 test suite.
[----------] 1 test from HvfIntelRecoveryProbe
[ RUN      ] HvfIntelRecoveryProbe.WithoutHostKick
INTEL_PROBE phase=executor_retained
INTEL_RECOVERY host_kick=omitted
INTEL_LIFECYCLE phase=vcpu_destroy_begin generation=89 owner=42432
INTEL_LIFECYCLE phase=vcpu_destroy_end generation=89 owner=42432
INTEL_LIFECYCLE phase=vm_destroy_begin generation=89 owner=42432
INTEL_LIFECYCLE phase=vm_destroy_end generation=89 owner=42432
INTEL_LIFECYCLE phase=vm_create_begin generation=90 owner=42432
INTEL_LIFECYCLE phase=vm_create_end generation=90 owner=42432
INTEL_LIFECYCLE phase=vcpu_create_begin generation=90 owner=42432
INTEL_LIFECYCLE phase=vcpu_create_end generation=90 owner=42432
[       OK ] HvfIntelRecoveryProbe.WithoutHostKick (269 ms)
[----------] 1 test from HvfIntelRecoveryProbe (269 ms total)

[==========] 1 test from 1 test suite ran. (269 ms total)
[  PASSED  ] 1 test.

Repeating all tests (iteration 90) . . .

Note: Google Test filter = HvfIntelRecoveryProbe.WithoutHostKick
[==========] Running 1 test from 1 test suite.
[----------] 1 test from HvfIntelRecoveryProbe
[ RUN      ] HvfIntelRecoveryProbe.WithoutHostKick
INTEL_PROBE phase=executor_retained
INTEL_RECOVERY host_kick=omitted
INTEL_LIFECYCLE phase=vcpu_destroy_begin generation=90 owner=42432
INTEL_LIFECYCLE phase=vcpu_destroy_end generation=90 owner=42432
INTEL_LIFECYCLE phase=vm_destroy_begin generation=90 owner=42432
INTEL_LIFECYCLE phase=vm_destroy_end generation=90 owner=42432
INTEL_LIFECYCLE phase=vm_create_begin generation=91 owner=42432
INTEL_LIFECYCLE phase=vm_create_end generation=91 owner=42432
INTEL_LIFECYCLE phase=vcpu_create_begin generation=91 owner=42432
INTEL_LIFECYCLE phase=vcpu_create_end generation=91 owner=42432
[       OK ] HvfIntelRecoveryProbe.WithoutHostKick (214 ms)
[----------] 1 test from HvfIntelRecoveryProbe (214 ms total)

[==========] 1 test from 1 test suite ran. (214 ms total)
[  PASSED  ] 1 test.

Repeating all tests (iteration 91) . . .

Note: Google Test filter = HvfIntelRecoveryProbe.WithoutHostKick
[==========] Running 1 test from 1 test suite.
[----------] 1 test from HvfIntelRecoveryProbe
[ RUN      ] HvfIntelRecoveryProbe.WithoutHostKick
INTEL_PROBE phase=executor_retained
INTEL_RECOVERY host_kick=omitted
INTEL_LIFECYCLE phase=vcpu_destroy_begin generation=91 owner=42432
INTEL_LIFECYCLE phase=vcpu_destroy_end generation=91 owner=42432
INTEL_LIFECYCLE phase=vm_destroy_begin generation=91 owner=42432
INTEL_LIFECYCLE phase=vm_destroy_end generation=91 owner=42432
INTEL_LIFECYCLE phase=vm_create_begin generation=92 owner=42432
INTEL_LIFECYCLE phase=vm_create_end generation=92 owner=42432
INTEL_LIFECYCLE phase=vcpu_create_begin generation=92 owner=42432
INTEL_LIFECYCLE phase=vcpu_create_end generation=92 owner=42432
[       OK ] HvfIntelRecoveryProbe.WithoutHostKick (158 ms)
[----------] 1 test from HvfIntelRecoveryProbe (158 ms total)

[==========] 1 test from 1 test suite ran. (158 ms total)
[  PASSED  ] 1 test.

Repeating all tests (iteration 92) . . .

Note: Google Test filter = HvfIntelRecoveryProbe.WithoutHostKick
[==========] Running 1 test from 1 test suite.
[----------] 1 test from HvfIntelRecoveryProbe
[ RUN      ] HvfIntelRecoveryProbe.WithoutHostKick
INTEL_PROBE phase=executor_retained
INTEL_RECOVERY host_kick=omitted
INTEL_LIFECYCLE phase=vcpu_destroy_begin generation=92 owner=42432
INTEL_LIFECYCLE phase=vcpu_destroy_end generation=92 owner=42432
INTEL_LIFECYCLE phase=vm_destroy_begin generation=92 owner=42432
INTEL_LIFECYCLE phase=vm_destroy_end generation=92 owner=42432
INTEL_LIFECYCLE phase=vm_create_begin generation=93 owner=42432
INTEL_LIFECYCLE phase=vm_create_end generation=93 owner=42432
INTEL_LIFECYCLE phase=vcpu_create_begin generation=93 owner=42432
INTEL_LIFECYCLE phase=vcpu_create_end generation=93 owner=42432
[       OK ] HvfIntelRecoveryProbe.WithoutHostKick (224 ms)
[----------] 1 test from HvfIntelRecoveryProbe (224 ms total)

[==========] 1 test from 1 test suite ran. (224 ms total)
[  PASSED  ] 1 test.

Repeating all tests (iteration 93) . . .

Note: Google Test filter = HvfIntelRecoveryProbe.WithoutHostKick
[==========] Running 1 test from 1 test suite.
[----------] 1 test from HvfIntelRecoveryProbe
[ RUN      ] HvfIntelRecoveryProbe.WithoutHostKick
INTEL_PROBE phase=executor_retained
INTEL_RECOVERY host_kick=omitted
INTEL_LIFECYCLE phase=vcpu_destroy_begin generation=93 owner=42432
INTEL_LIFECYCLE phase=vcpu_destroy_end generation=93 owner=42432
INTEL_LIFECYCLE phase=vm_destroy_begin generation=93 owner=42432
INTEL_LIFECYCLE phase=vm_destroy_end generation=93 owner=42432
INTEL_LIFECYCLE phase=vm_create_begin generation=94 owner=42432
INTEL_LIFECYCLE phase=vm_create_end generation=94 owner=42432
INTEL_LIFECYCLE phase=vcpu_create_begin generation=94 owner=42432
INTEL_LIFECYCLE phase=vcpu_create_end generation=94 owner=42432
[       OK ] HvfIntelRecoveryProbe.WithoutHostKick (283 ms)
[----------] 1 test from HvfIntelRecoveryProbe (283 ms total)

[==========] 1 test from 1 test suite ran. (283 ms total)
[  PASSED  ] 1 test.

Repeating all tests (iteration 94) . . .

Note: Google Test filter = HvfIntelRecoveryProbe.WithoutHostKick
[==========] Running 1 test from 1 test suite.
[----------] 1 test from HvfIntelRecoveryProbe
[ RUN      ] HvfIntelRecoveryProbe.WithoutHostKick
INTEL_PROBE phase=executor_retained
INTEL_RECOVERY host_kick=omitted
INTEL_LIFECYCLE phase=vcpu_destroy_begin generation=94 owner=42432
INTEL_LIFECYCLE phase=vcpu_destroy_end generation=94 owner=42432
INTEL_LIFECYCLE phase=vm_destroy_begin generation=94 owner=42432
INTEL_LIFECYCLE phase=vm_destroy_end generation=94 owner=42432
INTEL_LIFECYCLE phase=vm_create_begin generation=95 owner=42432
INTEL_LIFECYCLE phase=vm_create_end generation=95 owner=42432
INTEL_LIFECYCLE phase=vcpu_create_begin generation=95 owner=42432
INTEL_LIFECYCLE phase=vcpu_create_end generation=95 owner=42432
[       OK ] HvfIntelRecoveryProbe.WithoutHostKick (197 ms)
[----------] 1 test from HvfIntelRecoveryProbe (197 ms total)

[==========] 1 test from 1 test suite ran. (197 ms total)
[  PASSED  ] 1 test.

Repeating all tests (iteration 95) . . .

Note: Google Test filter = HvfIntelRecoveryProbe.WithoutHostKick
[==========] Running 1 test from 1 test suite.
[----------] 1 test from HvfIntelRecoveryProbe
[ RUN      ] HvfIntelRecoveryProbe.WithoutHostKick
INTEL_PROBE phase=executor_retained
INTEL_RECOVERY host_kick=omitted
INTEL_LIFECYCLE phase=vcpu_destroy_begin generation=95 owner=42432
INTEL_LIFECYCLE phase=vcpu_destroy_end generation=95 owner=42432
INTEL_LIFECYCLE phase=vm_destroy_begin generation=95 owner=42432
INTEL_LIFECYCLE phase=vm_destroy_end generation=95 owner=42432
INTEL_LIFECYCLE phase=vm_create_begin generation=96 owner=42432
INTEL_LIFECYCLE phase=vm_create_end generation=96 owner=42432
INTEL_LIFECYCLE phase=vcpu_create_begin generation=96 owner=42432
INTEL_LIFECYCLE phase=vcpu_create_end generation=96 owner=42432
[       OK ] HvfIntelRecoveryProbe.WithoutHostKick (268 ms)
[----------] 1 test from HvfIntelRecoveryProbe (268 ms total)

[==========] 1 test from 1 test suite ran. (268 ms total)
[  PASSED  ] 1 test.

Repeating all tests (iteration 96) . . .

Note: Google Test filter = HvfIntelRecoveryProbe.WithoutHostKick
[==========] Running 1 test from 1 test suite.
[----------] 1 test from HvfIntelRecoveryProbe
[ RUN      ] HvfIntelRecoveryProbe.WithoutHostKick
INTEL_PROBE phase=executor_retained
INTEL_RECOVERY host_kick=omitted
INTEL_LIFECYCLE phase=vcpu_destroy_begin generation=96 owner=42432
INTEL_LIFECYCLE phase=vcpu_destroy_end generation=96 owner=42432
INTEL_LIFECYCLE phase=vm_destroy_begin generation=96 owner=42432
INTEL_LIFECYCLE phase=vm_destroy_end generation=96 owner=42432
INTEL_LIFECYCLE phase=vm_create_begin generation=97 owner=42432
INTEL_LIFECYCLE phase=vm_create_end generation=97 owner=42432
INTEL_LIFECYCLE phase=vcpu_create_begin generation=97 owner=42432
INTEL_LIFECYCLE phase=vcpu_create_end generation=97 owner=42432
[       OK ] HvfIntelRecoveryProbe.WithoutHostKick (295 ms)
[----------] 1 test from HvfIntelRecoveryProbe (295 ms total)

[==========] 1 test from 1 test suite ran. (295 ms total)
[  PASSED  ] 1 test.

Repeating all tests (iteration 97) . . .

Note: Google Test filter = HvfIntelRecoveryProbe.WithoutHostKick
[==========] Running 1 test from 1 test suite.
[----------] 1 test from HvfIntelRecoveryProbe
[ RUN      ] HvfIntelRecoveryProbe.WithoutHostKick
INTEL_PROBE phase=executor_retained
INTEL_RECOVERY host_kick=omitted
INTEL_LIFECYCLE phase=vcpu_destroy_begin generation=97 owner=42432
INTEL_LIFECYCLE phase=vcpu_destroy_end generation=97 owner=42432
INTEL_LIFECYCLE phase=vm_destroy_begin generation=97 owner=42432
INTEL_LIFECYCLE phase=vm_destroy_end generation=97 owner=42432
INTEL_LIFECYCLE phase=vm_create_begin generation=98 owner=42432
INTEL_LIFECYCLE phase=vm_create_end generation=98 owner=42432
INTEL_LIFECYCLE phase=vcpu_create_begin generation=98 owner=42432
INTEL_LIFECYCLE phase=vcpu_create_end generation=98 owner=42432
[       OK ] HvfIntelRecoveryProbe.WithoutHostKick (340 ms)
[----------] 1 test from HvfIntelRecoveryProbe (340 ms total)

[==========] 1 test from 1 test suite ran. (340 ms total)
[  PASSED  ] 1 test.

Repeating all tests (iteration 98) . . .

Note: Google Test filter = HvfIntelRecoveryProbe.WithoutHostKick
[==========] Running 1 test from 1 test suite.
[----------] 1 test from HvfIntelRecoveryProbe
[ RUN      ] HvfIntelRecoveryProbe.WithoutHostKick
INTEL_PROBE phase=executor_retained
INTEL_RECOVERY host_kick=omitted
INTEL_LIFECYCLE phase=vcpu_destroy_begin generation=98 owner=42432
INTEL_LIFECYCLE phase=vcpu_destroy_end generation=98 owner=42432
INTEL_LIFECYCLE phase=vm_destroy_begin generation=98 owner=42432
INTEL_LIFECYCLE phase=vm_destroy_end generation=98 owner=42432
INTEL_LIFECYCLE phase=vm_create_begin generation=99 owner=42432
INTEL_LIFECYCLE phase=vm_create_end generation=99 owner=42432
INTEL_LIFECYCLE phase=vcpu_create_begin generation=99 owner=42432
INTEL_LIFECYCLE phase=vcpu_create_end generation=99 owner=42432
[       OK ] HvfIntelRecoveryProbe.WithoutHostKick (258 ms)
[----------] 1 test from HvfIntelRecoveryProbe (258 ms total)

[==========] 1 test from 1 test suite ran. (258 ms total)
[  PASSED  ] 1 test.

Repeating all tests (iteration 99) . . .

Note: Google Test filter = HvfIntelRecoveryProbe.WithoutHostKick
[==========] Running 1 test from 1 test suite.
[----------] 1 test from HvfIntelRecoveryProbe
[ RUN      ] HvfIntelRecoveryProbe.WithoutHostKick
INTEL_PROBE phase=executor_retained
INTEL_RECOVERY host_kick=omitted
INTEL_LIFECYCLE phase=vcpu_destroy_begin generation=99 owner=42432
INTEL_LIFECYCLE phase=vcpu_destroy_end generation=99 owner=42432
INTEL_LIFECYCLE phase=vm_destroy_begin generation=99 owner=42432
INTEL_LIFECYCLE phase=vm_destroy_end generation=99 owner=42432
INTEL_LIFECYCLE phase=vm_create_begin generation=100 owner=42432
INTEL_LIFECYCLE phase=vm_create_end generation=100 owner=42432
INTEL_LIFECYCLE phase=vcpu_create_begin generation=100 owner=42432
INTEL_LIFECYCLE phase=vcpu_create_end generation=100 owner=42432
[       OK ] HvfIntelRecoveryProbe.WithoutHostKick (222 ms)
[----------] 1 test from HvfIntelRecoveryProbe (223 ms total)

[==========] 1 test from 1 test suite ran. (223 ms total)
[  PASSED  ] 1 test.

Repeating all tests (iteration 100) . . .

Note: Google Test filter = HvfIntelRecoveryProbe.WithoutHostKick
[==========] Running 1 test from 1 test suite.
[----------] 1 test from HvfIntelRecoveryProbe
[ RUN      ] HvfIntelRecoveryProbe.WithoutHostKick
INTEL_PROBE phase=executor_retained
INTEL_RECOVERY host_kick=omitted
INTEL_LIFECYCLE phase=vcpu_destroy_begin generation=100 owner=42432
INTEL_LIFECYCLE phase=vcpu_destroy_end generation=100 owner=42432
INTEL_LIFECYCLE phase=vm_destroy_begin generation=100 owner=42432
INTEL_LIFECYCLE phase=vm_destroy_end generation=100 owner=42432
INTEL_LIFECYCLE phase=vm_create_begin generation=101 owner=42432
INTEL_LIFECYCLE phase=vm_create_end generation=101 owner=42432
INTEL_LIFECYCLE phase=vcpu_create_begin generation=101 owner=42432
INTEL_LIFECYCLE phase=vcpu_create_end generation=101 owner=42432
[       OK ] HvfIntelRecoveryProbe.WithoutHostKick (415 ms)
[----------] 1 test from HvfIntelRecoveryProbe (415 ms total)

[==========] 1 test from 1 test suite ran. (415 ms total)
[  PASSED  ] 1 test.

Repeating all tests (iteration 101) . . .

Note: Google Test filter = HvfIntelRecoveryProbe.WithoutHostKick
[==========] Running 1 test from 1 test suite.
[----------] 1 test from HvfIntelRecoveryProbe
[ RUN      ] HvfIntelRecoveryProbe.WithoutHostKick
INTEL_PROBE phase=executor_retained
INTEL_RECOVERY host_kick=omitted
INTEL_LIFECYCLE phase=vcpu_destroy_begin generation=101 owner=42432
INTEL_LIFECYCLE phase=vcpu_destroy_end generation=101 owner=42432
INTEL_LIFECYCLE phase=vm_destroy_begin generation=101 owner=42432
INTEL_LIFECYCLE phase=vm_destroy_end generation=101 owner=42432
INTEL_LIFECYCLE phase=vm_create_begin generation=102 owner=42432
INTEL_LIFECYCLE phase=vm_create_end generation=102 owner=42432
INTEL_LIFECYCLE phase=vcpu_create_begin generation=102 owner=42432
INTEL_LIFECYCLE phase=vcpu_create_end generation=102 owner=42432
[       OK ] HvfIntelRecoveryProbe.WithoutHostKick (350 ms)
[----------] 1 test from HvfIntelRecoveryProbe (350 ms total)

[==========] 1 test from 1 test suite ran. (350 ms total)
[  PASSED  ] 1 test.

Repeating all tests (iteration 102) . . .

Note: Google Test filter = HvfIntelRecoveryProbe.WithoutHostKick
[==========] Running 1 test from 1 test suite.
[----------] 1 test from HvfIntelRecoveryProbe
[ RUN      ] HvfIntelRecoveryProbe.WithoutHostKick
INTEL_PROBE phase=executor_retained
INTEL_RECOVERY host_kick=omitted
INTEL_LIFECYCLE phase=vcpu_destroy_begin generation=102 owner=42432
INTEL_LIFECYCLE phase=vcpu_destroy_end generation=102 owner=42432
INTEL_LIFECYCLE phase=vm_destroy_begin generation=102 owner=42432
INTEL_LIFECYCLE phase=vm_destroy_end generation=102 owner=42432
INTEL_LIFECYCLE phase=vm_create_begin generation=103 owner=42432
INTEL_LIFECYCLE phase=vm_create_end generation=103 owner=42432
INTEL_LIFECYCLE phase=vcpu_create_begin generation=103 owner=42432
INTEL_LIFECYCLE phase=vcpu_create_end generation=103 owner=42432
[       OK ] HvfIntelRecoveryProbe.WithoutHostKick (568 ms)
[----------] 1 test from HvfIntelRecoveryProbe (568 ms total)

[==========] 1 test from 1 test suite ran. (568 ms total)
[  PASSED  ] 1 test.

Repeating all tests (iteration 103) . . .

Note: Google Test filter = HvfIntelRecoveryProbe.WithoutHostKick
[==========] Running 1 test from 1 test suite.
[----------] 1 test from HvfIntelRecoveryProbe
[ RUN      ] HvfIntelRecoveryProbe.WithoutHostKick
INTEL_PROBE phase=executor_retained
INTEL_RECOVERY host_kick=omitted
INTEL_LIFECYCLE phase=vcpu_destroy_begin generation=103 owner=42432
INTEL_LIFECYCLE phase=vcpu_destroy_end generation=103 owner=42432
INTEL_LIFECYCLE phase=vm_destroy_begin generation=103 owner=42432
INTEL_LIFECYCLE phase=vm_destroy_end generation=103 owner=42432
INTEL_LIFECYCLE phase=vm_create_begin generation=104 owner=42432
INTEL_LIFECYCLE phase=vm_create_end generation=104 owner=42432
INTEL_LIFECYCLE phase=vcpu_create_begin generation=104 owner=42432
INTEL_LIFECYCLE phase=vcpu_create_end generation=104 owner=42432
[       OK ] HvfIntelRecoveryProbe.WithoutHostKick (470 ms)
[----------] 1 test from HvfIntelRecoveryProbe (470 ms total)

[==========] 1 test from 1 test suite ran. (470 ms total)
[  PASSED  ] 1 test.

Repeating all tests (iteration 104) . . .

Note: Google Test filter = HvfIntelRecoveryProbe.WithoutHostKick
[==========] Running 1 test from 1 test suite.
[----------] 1 test from HvfIntelRecoveryProbe
[ RUN      ] HvfIntelRecoveryProbe.WithoutHostKick
INTEL_PROBE phase=executor_retained
INTEL_RECOVERY host_kick=omitted
INTEL_LIFECYCLE phase=vcpu_destroy_begin generation=104 owner=42432
INTEL_LIFECYCLE phase=vcpu_destroy_end generation=104 owner=42432
INTEL_LIFECYCLE phase=vm_destroy_begin generation=104 owner=42432
INTEL_LIFECYCLE phase=vm_destroy_end generation=104 owner=42432
INTEL_LIFECYCLE phase=vm_create_begin generation=105 owner=42432
INTEL_LIFECYCLE phase=vm_create_end generation=105 owner=42432
INTEL_LIFECYCLE phase=vcpu_create_begin generation=105 owner=42432
INTEL_LIFECYCLE phase=vcpu_create_end generation=105 owner=42432
[       OK ] HvfIntelRecoveryProbe.WithoutHostKick (470 ms)
[----------] 1 test from HvfIntelRecoveryProbe (470 ms total)

[==========] 1 test from 1 test suite ran. (470 ms total)
[  PASSED  ] 1 test.

Repeating all tests (iteration 105) . . .

Note: Google Test filter = HvfIntelRecoveryProbe.WithoutHostKick
[==========] Running 1 test from 1 test suite.
[----------] 1 test from HvfIntelRecoveryProbe
[ RUN      ] HvfIntelRecoveryProbe.WithoutHostKick
INTEL_PROBE phase=executor_retained
INTEL_RECOVERY host_kick=omitted
INTEL_LIFECYCLE phase=vcpu_destroy_begin generation=105 owner=42432
INTEL_LIFECYCLE phase=vcpu_destroy_end generation=105 owner=42432
INTEL_LIFECYCLE phase=vm_destroy_begin generation=105 owner=42432
INTEL_LIFECYCLE phase=vm_destroy_end generation=105 owner=42432
INTEL_LIFECYCLE phase=vm_create_begin generation=106 owner=42432
INTEL_LIFECYCLE phase=vm_create_end generation=106 owner=42432
INTEL_LIFECYCLE phase=vcpu_create_begin generation=106 owner=42432
INTEL_LIFECYCLE phase=vcpu_create_end generation=106 owner=42432
[       OK ] HvfIntelRecoveryProbe.WithoutHostKick (500 ms)
[----------] 1 test from HvfIntelRecoveryProbe (501 ms total)

[==========] 1 test from 1 test suite ran. (501 ms total)
[  PASSED  ] 1 test.

Repeating all tests (iteration 106) . . .

Note: Google Test filter = HvfIntelRecoveryProbe.WithoutHostKick
[==========] Running 1 test from 1 test suite.
[----------] 1 test from HvfIntelRecoveryProbe
[ RUN      ] HvfIntelRecoveryProbe.WithoutHostKick
INTEL_PROBE phase=executor_retained
INTEL_RECOVERY host_kick=omitted
INTEL_LIFECYCLE phase=vcpu_destroy_begin generation=106 owner=42432
INTEL_LIFECYCLE phase=vcpu_destroy_end generation=106 owner=42432
INTEL_LIFECYCLE phase=vm_destroy_begin generation=106 owner=42432
INTEL_LIFECYCLE phase=vm_destroy_end generation=106 owner=42432
INTEL_LIFECYCLE phase=vm_create_begin generation=107 owner=42432
INTEL_LIFECYCLE phase=vm_create_end generation=107 owner=42432
INTEL_LIFECYCLE phase=vcpu_create_begin generation=107 owner=42432
INTEL_LIFECYCLE phase=vcpu_create_end generation=107 owner=42432
[       OK ] HvfIntelRecoveryProbe.WithoutHostKick (336 ms)
[----------] 1 test from HvfIntelRecoveryProbe (336 ms total)

[==========] 1 test from 1 test suite ran. (336 ms total)
[  PASSED  ] 1 test.

Repeating all tests (iteration 107) . . .

Note: Google Test filter = HvfIntelRecoveryProbe.WithoutHostKick
[==========] Running 1 test from 1 test suite.
[----------] 1 test from HvfIntelRecoveryProbe
[ RUN      ] HvfIntelRecoveryProbe.WithoutHostKick
INTEL_PROBE phase=executor_retained
INTEL_RECOVERY host_kick=omitted
INTEL_LIFECYCLE phase=vcpu_destroy_begin generation=107 owner=42432
INTEL_LIFECYCLE phase=vcpu_destroy_end generation=107 owner=42432
INTEL_LIFECYCLE phase=vm_destroy_begin generation=107 owner=42432
INTEL_LIFECYCLE phase=vm_destroy_end generation=107 owner=42432
INTEL_LIFECYCLE phase=vm_create_begin generation=108 owner=42432
INTEL_LIFECYCLE phase=vm_create_end generation=108 owner=42432
INTEL_LIFECYCLE phase=vcpu_create_begin generation=108 owner=42432
INTEL_LIFECYCLE phase=vcpu_create_end generation=108 owner=42432
[       OK ] HvfIntelRecoveryProbe.WithoutHostKick (475 ms)
[----------] 1 test from HvfIntelRecoveryProbe (475 ms total)

[==========] 1 test from 1 test suite ran. (475 ms total)
[  PASSED  ] 1 test.

Repeating all tests (iteration 108) . . .

Note: Google Test filter = HvfIntelRecoveryProbe.WithoutHostKick
[==========] Running 1 test from 1 test suite.
[----------] 1 test from HvfIntelRecoveryProbe
[ RUN      ] HvfIntelRecoveryProbe.WithoutHostKick
INTEL_PROBE phase=executor_retained
INTEL_RECOVERY host_kick=omitted
INTEL_LIFECYCLE phase=vcpu_destroy_begin generation=108 owner=42432
INTEL_LIFECYCLE phase=vcpu_destroy_end generation=108 owner=42432
INTEL_LIFECYCLE phase=vm_destroy_begin generation=108 owner=42432
INTEL_LIFECYCLE phase=vm_destroy_end generation=108 owner=42432
INTEL_LIFECYCLE phase=vm_create_begin generation=109 owner=42432
INTEL_LIFECYCLE phase=vm_create_end generation=109 owner=42432
INTEL_LIFECYCLE phase=vcpu_create_begin generation=109 owner=42432
INTEL_LIFECYCLE phase=vcpu_create_end generation=109 owner=42432
[       OK ] HvfIntelRecoveryProbe.WithoutHostKick (312 ms)
[----------] 1 test from HvfIntelRecoveryProbe (312 ms total)

[==========] 1 test from 1 test suite ran. (312 ms total)
[  PASSED  ] 1 test.

Repeating all tests (iteration 109) . . .

Note: Google Test filter = HvfIntelRecoveryProbe.WithoutHostKick
[==========] Running 1 test from 1 test suite.
[----------] 1 test from HvfIntelRecoveryProbe
[ RUN      ] HvfIntelRecoveryProbe.WithoutHostKick
INTEL_PROBE phase=executor_retained
INTEL_RECOVERY host_kick=omitted
INTEL_LIFECYCLE phase=vcpu_destroy_begin generation=109 owner=42432
INTEL_LIFECYCLE phase=vcpu_destroy_end generation=109 owner=42432
INTEL_LIFECYCLE phase=vm_destroy_begin generation=109 owner=42432
INTEL_LIFECYCLE phase=vm_destroy_end generation=109 owner=42432
INTEL_LIFECYCLE phase=vm_create_begin generation=110 owner=42432
INTEL_LIFECYCLE phase=vm_create_end generation=110 owner=42432
INTEL_LIFECYCLE phase=vcpu_create_begin generation=110 owner=42432
INTEL_LIFECYCLE phase=vcpu_create_end generation=110 owner=42432
[       OK ] HvfIntelRecoveryProbe.WithoutHostKick (312 ms)
[----------] 1 test from HvfIntelRecoveryProbe (312 ms total)

[==========] 1 test from 1 test suite ran. (312 ms total)
[  PASSED  ] 1 test.

Repeating all tests (iteration 110) . . .

Note: Google Test filter = HvfIntelRecoveryProbe.WithoutHostKick
[==========] Running 1 test from 1 test suite.
[----------] 1 test from HvfIntelRecoveryProbe
[ RUN      ] HvfIntelRecoveryProbe.WithoutHostKick
INTEL_PROBE phase=executor_retained
INTEL_RECOVERY host_kick=omitted
INTEL_LIFECYCLE phase=vcpu_destroy_begin generation=110 owner=42432
INTEL_LIFECYCLE phase=vcpu_destroy_end generation=110 owner=42432
INTEL_LIFECYCLE phase=vm_destroy_begin generation=110 owner=42432
INTEL_LIFECYCLE phase=vm_destroy_end generation=110 owner=42432
INTEL_LIFECYCLE phase=vm_create_begin generation=111 owner=42432
INTEL_LIFECYCLE phase=vm_create_end generation=111 owner=42432
INTEL_LIFECYCLE phase=vcpu_create_begin generation=111 owner=42432
INTEL_LIFECYCLE phase=vcpu_create_end generation=111 owner=42432
[       OK ] HvfIntelRecoveryProbe.WithoutHostKick (374 ms)
[----------] 1 test from HvfIntelRecoveryProbe (374 ms total)

[==========] 1 test from 1 test suite ran. (375 ms total)
[  PASSED  ] 1 test.

Repeating all tests (iteration 111) . . .

Note: Google Test filter = HvfIntelRecoveryProbe.WithoutHostKick
[==========] Running 1 test from 1 test suite.
[----------] 1 test from HvfIntelRecoveryProbe
[ RUN      ] HvfIntelRecoveryProbe.WithoutHostKick
INTEL_PROBE phase=executor_retained
INTEL_RECOVERY host_kick=omitted
INTEL_LIFECYCLE phase=vcpu_destroy_begin generation=111 owner=42432
INTEL_LIFECYCLE phase=vcpu_destroy_end generation=111 owner=42432
INTEL_LIFECYCLE phase=vm_destroy_begin generation=111 owner=42432
INTEL_LIFECYCLE phase=vm_destroy_end generation=111 owner=42432
INTEL_LIFECYCLE phase=vm_create_begin generation=112 owner=42432
INTEL_LIFECYCLE phase=vm_create_end generation=112 owner=42432
INTEL_LIFECYCLE phase=vcpu_create_begin generation=112 owner=42432
INTEL_LIFECYCLE phase=vcpu_create_end generation=112 owner=42432
[       OK ] HvfIntelRecoveryProbe.WithoutHostKick (303 ms)
[----------] 1 test from HvfIntelRecoveryProbe (303 ms total)

[==========] 1 test from 1 test suite ran. (303 ms total)
[  PASSED  ] 1 test.

Repeating all tests (iteration 112) . . .

Note: Google Test filter = HvfIntelRecoveryProbe.WithoutHostKick
[==========] Running 1 test from 1 test suite.
[----------] 1 test from HvfIntelRecoveryProbe
[ RUN      ] HvfIntelRecoveryProbe.WithoutHostKick
INTEL_PROBE phase=executor_retained
INTEL_RECOVERY host_kick=omitted
INTEL_LIFECYCLE phase=vcpu_destroy_begin generation=112 owner=42432
INTEL_LIFECYCLE phase=vcpu_destroy_end generation=112 owner=42432
INTEL_LIFECYCLE phase=vm_destroy_begin generation=112 owner=42432
INTEL_LIFECYCLE phase=vm_destroy_end generation=112 owner=42432
INTEL_LIFECYCLE phase=vm_create_begin generation=113 owner=42432
INTEL_LIFECYCLE phase=vm_create_end generation=113 owner=42432
INTEL_LIFECYCLE phase=vcpu_create_begin generation=113 owner=42432
INTEL_LIFECYCLE phase=vcpu_create_end generation=113 owner=42432
[       OK ] HvfIntelRecoveryProbe.WithoutHostKick (289 ms)
[----------] 1 test from HvfIntelRecoveryProbe (289 ms total)

[==========] 1 test from 1 test suite ran. (289 ms total)
[  PASSED  ] 1 test.

Repeating all tests (iteration 113) . . .

Note: Google Test filter = HvfIntelRecoveryProbe.WithoutHostKick
[==========] Running 1 test from 1 test suite.
[----------] 1 test from HvfIntelRecoveryProbe
[ RUN      ] HvfIntelRecoveryProbe.WithoutHostKick
INTEL_PROBE phase=executor_retained
INTEL_RECOVERY host_kick=omitted
INTEL_LIFECYCLE phase=vcpu_destroy_begin generation=113 owner=42432
INTEL_LIFECYCLE phase=vcpu_destroy_end generation=113 owner=42432
INTEL_LIFECYCLE phase=vm_destroy_begin generation=113 owner=42432
INTEL_LIFECYCLE phase=vm_destroy_end generation=113 owner=42432
INTEL_LIFECYCLE phase=vm_create_begin generation=114 owner=42432
INTEL_LIFECYCLE phase=vm_create_end generation=114 owner=42432
INTEL_LIFECYCLE phase=vcpu_create_begin generation=114 owner=42432
INTEL_LIFECYCLE phase=vcpu_create_end generation=114 owner=42432
[       OK ] HvfIntelRecoveryProbe.WithoutHostKick (418 ms)
[----------] 1 test from HvfIntelRecoveryProbe (418 ms total)

[==========] 1 test from 1 test suite ran. (418 ms total)
[  PASSED  ] 1 test.

Repeating all tests (iteration 114) . . .

Note: Google Test filter = HvfIntelRecoveryProbe.WithoutHostKick
[==========] Running 1 test from 1 test suite.
[----------] 1 test from HvfIntelRecoveryProbe
[ RUN      ] HvfIntelRecoveryProbe.WithoutHostKick
INTEL_PROBE phase=executor_retained
INTEL_RECOVERY host_kick=omitted
INTEL_LIFECYCLE phase=vcpu_destroy_begin generation=114 owner=42432
INTEL_LIFECYCLE phase=vcpu_destroy_end generation=114 owner=42432
INTEL_LIFECYCLE phase=vm_destroy_begin generation=114 owner=42432
INTEL_LIFECYCLE phase=vm_destroy_end generation=114 owner=42432
INTEL_LIFECYCLE phase=vm_create_begin generation=115 owner=42432
INTEL_LIFECYCLE phase=vm_create_end generation=115 owner=42432
INTEL_LIFECYCLE phase=vcpu_create_begin generation=115 owner=42432
INTEL_LIFECYCLE phase=vcpu_create_end generation=115 owner=42432
[       OK ] HvfIntelRecoveryProbe.WithoutHostKick (351 ms)
[----------] 1 test from HvfIntelRecoveryProbe (351 ms total)

[==========] 1 test from 1 test suite ran. (351 ms total)
[  PASSED  ] 1 test.

Repeating all tests (iteration 115) . . .

Note: Google Test filter = HvfIntelRecoveryProbe.WithoutHostKick
[==========] Running 1 test from 1 test suite.
[----------] 1 test from HvfIntelRecoveryProbe
[ RUN      ] HvfIntelRecoveryProbe.WithoutHostKick
INTEL_PROBE phase=executor_retained
INTEL_RECOVERY host_kick=omitted
INTEL_LIFECYCLE phase=vcpu_destroy_begin generation=115 owner=42432
INTEL_LIFECYCLE phase=vcpu_destroy_end generation=115 owner=42432
INTEL_LIFECYCLE phase=vm_destroy_begin generation=115 owner=42432
INTEL_LIFECYCLE phase=vm_destroy_end generation=115 owner=42432
INTEL_LIFECYCLE phase=vm_create_begin generation=116 owner=42432
INTEL_LIFECYCLE phase=vm_create_end generation=116 owner=42432
INTEL_LIFECYCLE phase=vcpu_create_begin generation=116 owner=42432
INTEL_LIFECYCLE phase=vcpu_create_end generation=116 owner=42432
[       OK ] HvfIntelRecoveryProbe.WithoutHostKick (396 ms)
[----------] 1 test from HvfIntelRecoveryProbe (396 ms total)

[==========] 1 test from 1 test suite ran. (396 ms total)
[  PASSED  ] 1 test.

Repeating all tests (iteration 116) . . .

Note: Google Test filter = HvfIntelRecoveryProbe.WithoutHostKick
[==========] Running 1 test from 1 test suite.
[----------] 1 test from HvfIntelRecoveryProbe
[ RUN      ] HvfIntelRecoveryProbe.WithoutHostKick
INTEL_PROBE phase=executor_retained
INTEL_RECOVERY host_kick=omitted
INTEL_LIFECYCLE phase=vcpu_destroy_begin generation=116 owner=42432
INTEL_LIFECYCLE phase=vcpu_destroy_end generation=116 owner=42432
INTEL_LIFECYCLE phase=vm_destroy_begin generation=116 owner=42432
INTEL_LIFECYCLE phase=vm_destroy_end generation=116 owner=42432
INTEL_LIFECYCLE phase=vm_create_begin generation=117 owner=42432
INTEL_LIFECYCLE phase=vm_create_end generation=117 owner=42432
INTEL_LIFECYCLE phase=vcpu_create_begin generation=117 owner=42432
INTEL_LIFECYCLE phase=vcpu_create_end generation=117 owner=42432
[       OK ] HvfIntelRecoveryProbe.WithoutHostKick (211 ms)
[----------] 1 test from HvfIntelRecoveryProbe (211 ms total)

[==========] 1 test from 1 test suite ran. (211 ms total)
[  PASSED  ] 1 test.

Repeating all tests (iteration 117) . . .

Note: Google Test filter = HvfIntelRecoveryProbe.WithoutHostKick
[==========] Running 1 test from 1 test suite.
[----------] 1 test from HvfIntelRecoveryProbe
[ RUN      ] HvfIntelRecoveryProbe.WithoutHostKick
INTEL_PROBE phase=executor_retained
INTEL_RECOVERY host_kick=omitted
INTEL_LIFECYCLE phase=vcpu_destroy_begin generation=117 owner=42432
INTEL_LIFECYCLE phase=vcpu_destroy_end generation=117 owner=42432
INTEL_LIFECYCLE phase=vm_destroy_begin generation=117 owner=42432
INTEL_LIFECYCLE phase=vm_destroy_end generation=117 owner=42432
INTEL_LIFECYCLE phase=vm_create_begin generation=118 owner=42432
INTEL_LIFECYCLE phase=vm_create_end generation=118 owner=42432
INTEL_LIFECYCLE phase=vcpu_create_begin generation=118 owner=42432
INTEL_LIFECYCLE phase=vcpu_create_end generation=118 owner=42432
[       OK ] HvfIntelRecoveryProbe.WithoutHostKick (150 ms)
[----------] 1 test from HvfIntelRecoveryProbe (150 ms total)

[==========] 1 test from 1 test suite ran. (150 ms total)
[  PASSED  ] 1 test.

Repeating all tests (iteration 118) . . .

Note: Google Test filter = HvfIntelRecoveryProbe.WithoutHostKick
[==========] Running 1 test from 1 test suite.
[----------] 1 test from HvfIntelRecoveryProbe
[ RUN      ] HvfIntelRecoveryProbe.WithoutHostKick
INTEL_PROBE phase=executor_retained
INTEL_RECOVERY host_kick=omitted
INTEL_LIFECYCLE phase=vcpu_destroy_begin generation=118 owner=42432
INTEL_LIFECYCLE phase=vcpu_destroy_end generation=118 owner=42432
INTEL_LIFECYCLE phase=vm_destroy_begin generation=118 owner=42432
INTEL_LIFECYCLE phase=vm_destroy_end generation=118 owner=42432
INTEL_LIFECYCLE phase=vm_create_begin generation=119 owner=42432
INTEL_LIFECYCLE phase=vm_create_end generation=119 owner=42432
INTEL_LIFECYCLE phase=vcpu_create_begin generation=119 owner=42432
INTEL_LIFECYCLE phase=vcpu_create_end generation=119 owner=42432
[       OK ] HvfIntelRecoveryProbe.WithoutHostKick (345 ms)
[----------] 1 test from HvfIntelRecoveryProbe (345 ms total)

[==========] 1 test from 1 test suite ran. (345 ms total)
[  PASSED  ] 1 test.

Repeating all tests (iteration 119) . . .

Note: Google Test filter = HvfIntelRecoveryProbe.WithoutHostKick
[==========] Running 1 test from 1 test suite.
[----------] 1 test from HvfIntelRecoveryProbe
[ RUN      ] HvfIntelRecoveryProbe.WithoutHostKick
INTEL_PROBE phase=executor_retained
INTEL_RECOVERY host_kick=omitted
INTEL_LIFECYCLE phase=vcpu_destroy_begin generation=119 owner=42432
INTEL_LIFECYCLE phase=vcpu_destroy_end generation=119 owner=42432
INTEL_LIFECYCLE phase=vm_destroy_begin generation=119 owner=42432
INTEL_LIFECYCLE phase=vm_destroy_end generation=119 owner=42432
INTEL_LIFECYCLE phase=vm_create_begin generation=120 owner=42432
INTEL_LIFECYCLE phase=vm_create_end generation=120 owner=42432
INTEL_LIFECYCLE phase=vcpu_create_begin generation=120 owner=42432
INTEL_LIFECYCLE phase=vcpu_create_end generation=120 owner=42432
[       OK ] HvfIntelRecoveryProbe.WithoutHostKick (124 ms)
[----------] 1 test from HvfIntelRecoveryProbe (124 ms total)

[==========] 1 test from 1 test suite ran. (124 ms total)
[  PASSED  ] 1 test.

Repeating all tests (iteration 120) . . .

Note: Google Test filter = HvfIntelRecoveryProbe.WithoutHostKick
[==========] Running 1 test from 1 test suite.
[----------] 1 test from HvfIntelRecoveryProbe
[ RUN      ] HvfIntelRecoveryProbe.WithoutHostKick
INTEL_PROBE phase=executor_retained
INTEL_RECOVERY host_kick=omitted
INTEL_LIFECYCLE phase=vcpu_destroy_begin generation=120 owner=42432
INTEL_LIFECYCLE phase=vcpu_destroy_end generation=120 owner=42432
INTEL_LIFECYCLE phase=vm_destroy_begin generation=120 owner=42432
INTEL_LIFECYCLE phase=vm_destroy_end generation=120 owner=42432
INTEL_LIFECYCLE phase=vm_create_begin generation=121 owner=42432
INTEL_LIFECYCLE phase=vm_create_end generation=121 owner=42432
INTEL_LIFECYCLE phase=vcpu_create_begin generation=121 owner=42432
INTEL_LIFECYCLE phase=vcpu_create_end generation=121 owner=42432
[       OK ] HvfIntelRecoveryProbe.WithoutHostKick (428 ms)
[----------] 1 test from HvfIntelRecoveryProbe (428 ms total)

[==========] 1 test from 1 test suite ran. (428 ms total)
[  PASSED  ] 1 test.

Repeating all tests (iteration 121) . . .

Note: Google Test filter = HvfIntelRecoveryProbe.WithoutHostKick
[==========] Running 1 test from 1 test suite.
[----------] 1 test from HvfIntelRecoveryProbe
[ RUN      ] HvfIntelRecoveryProbe.WithoutHostKick
INTEL_PROBE phase=executor_retained
INTEL_RECOVERY host_kick=omitted
INTEL_LIFECYCLE phase=vcpu_destroy_begin generation=121 owner=42432
INTEL_LIFECYCLE phase=vcpu_destroy_end generation=121 owner=42432
INTEL_LIFECYCLE phase=vm_destroy_begin generation=121 owner=42432
INTEL_LIFECYCLE phase=vm_destroy_end generation=121 owner=42432
INTEL_LIFECYCLE phase=vm_create_begin generation=122 owner=42432
INTEL_LIFECYCLE phase=vm_create_end generation=122 owner=42432
INTEL_LIFECYCLE phase=vcpu_create_begin generation=122 owner=42432
INTEL_LIFECYCLE phase=vcpu_create_end generation=122 owner=42432
[       OK ] HvfIntelRecoveryProbe.WithoutHostKick (267 ms)
[----------] 1 test from HvfIntelRecoveryProbe (267 ms total)

[==========] 1 test from 1 test suite ran. (267 ms total)
[  PASSED  ] 1 test.

Repeating all tests (iteration 122) . . .

Note: Google Test filter = HvfIntelRecoveryProbe.WithoutHostKick
[==========] Running 1 test from 1 test suite.
[----------] 1 test from HvfIntelRecoveryProbe
[ RUN      ] HvfIntelRecoveryProbe.WithoutHostKick
INTEL_PROBE phase=executor_retained
INTEL_RECOVERY host_kick=omitted
INTEL_LIFECYCLE phase=vcpu_destroy_begin generation=122 owner=42432
INTEL_LIFECYCLE phase=vcpu_destroy_end generation=122 owner=42432
INTEL_LIFECYCLE phase=vm_destroy_begin generation=122 owner=42432
INTEL_LIFECYCLE phase=vm_destroy_end generation=122 owner=42432
INTEL_LIFECYCLE phase=vm_create_begin generation=123 owner=42432
INTEL_LIFECYCLE phase=vm_create_end generation=123 owner=42432
INTEL_LIFECYCLE phase=vcpu_create_begin generation=123 owner=42432
INTEL_LIFECYCLE phase=vcpu_create_end generation=123 owner=42432
[       OK ] HvfIntelRecoveryProbe.WithoutHostKick (240 ms)
[----------] 1 test from HvfIntelRecoveryProbe (240 ms total)

[==========] 1 test from 1 test suite ran. (240 ms total)
[  PASSED  ] 1 test.

Repeating all tests (iteration 123) . . .

Note: Google Test filter = HvfIntelRecoveryProbe.WithoutHostKick
[==========] Running 1 test from 1 test suite.
[----------] 1 test from HvfIntelRecoveryProbe
[ RUN      ] HvfIntelRecoveryProbe.WithoutHostKick
INTEL_PROBE phase=executor_retained
INTEL_RECOVERY host_kick=omitted
INTEL_LIFECYCLE phase=vcpu_destroy_begin generation=123 owner=42432
INTEL_LIFECYCLE phase=vcpu_destroy_end generation=123 owner=42432
INTEL_LIFECYCLE phase=vm_destroy_begin generation=123 owner=42432
INTEL_LIFECYCLE phase=vm_destroy_end generation=123 owner=42432
INTEL_LIFECYCLE phase=vm_create_begin generation=124 owner=42432
INTEL_LIFECYCLE phase=vm_create_end generation=124 owner=42432
INTEL_LIFECYCLE phase=vcpu_create_begin generation=124 owner=42432
INTEL_LIFECYCLE phase=vcpu_create_end generation=124 owner=42432
[       OK ] HvfIntelRecoveryProbe.WithoutHostKick (189 ms)
[----------] 1 test from HvfIntelRecoveryProbe (189 ms total)

[==========] 1 test from 1 test suite ran. (189 ms total)
[  PASSED  ] 1 test.

Repeating all tests (iteration 124) . . .

Note: Google Test filter = HvfIntelRecoveryProbe.WithoutHostKick
[==========] Running 1 test from 1 test suite.
[----------] 1 test from HvfIntelRecoveryProbe
[ RUN      ] HvfIntelRecoveryProbe.WithoutHostKick
INTEL_PROBE phase=executor_retained
INTEL_RECOVERY host_kick=omitted
INTEL_LIFECYCLE phase=vcpu_destroy_begin generation=124 owner=42432
INTEL_LIFECYCLE phase=vcpu_destroy_end generation=124 owner=42432
INTEL_LIFECYCLE phase=vm_destroy_begin generation=124 owner=42432
INTEL_LIFECYCLE phase=vm_destroy_end generation=124 owner=42432
INTEL_LIFECYCLE phase=vm_create_begin generation=125 owner=42432
INTEL_LIFECYCLE phase=vm_create_end generation=125 owner=42432
INTEL_LIFECYCLE phase=vcpu_create_begin generation=125 owner=42432
INTEL_LIFECYCLE phase=vcpu_create_end generation=125 owner=42432
[       OK ] HvfIntelRecoveryProbe.WithoutHostKick (205 ms)
[----------] 1 test from HvfIntelRecoveryProbe (205 ms total)

[==========] 1 test from 1 test suite ran. (205 ms total)
[  PASSED  ] 1 test.

Repeating all tests (iteration 125) . . .

Note: Google Test filter = HvfIntelRecoveryProbe.WithoutHostKick
[==========] Running 1 test from 1 test suite.
[----------] 1 test from HvfIntelRecoveryProbe
[ RUN      ] HvfIntelRecoveryProbe.WithoutHostKick
INTEL_PROBE phase=executor_retained
INTEL_RECOVERY host_kick=omitted
INTEL_LIFECYCLE phase=vcpu_destroy_begin generation=125 owner=42432
INTEL_LIFECYCLE phase=vcpu_destroy_end generation=125 owner=42432
INTEL_LIFECYCLE phase=vm_destroy_begin generation=125 owner=42432
INTEL_LIFECYCLE phase=vm_destroy_end generation=125 owner=42432
INTEL_LIFECYCLE phase=vm_create_begin generation=126 owner=42432
INTEL_LIFECYCLE phase=vm_create_end generation=126 owner=42432
INTEL_LIFECYCLE phase=vcpu_create_begin generation=126 owner=42432
INTEL_LIFECYCLE phase=vcpu_create_end generation=126 owner=42432
[       OK ] HvfIntelRecoveryProbe.WithoutHostKick (326 ms)
[----------] 1 test from HvfIntelRecoveryProbe (326 ms total)

[==========] 1 test from 1 test suite ran. (326 ms total)
[  PASSED  ] 1 test.

Repeating all tests (iteration 126) . . .

Note: Google Test filter = HvfIntelRecoveryProbe.WithoutHostKick
[==========] Running 1 test from 1 test suite.
[----------] 1 test from HvfIntelRecoveryProbe
[ RUN      ] HvfIntelRecoveryProbe.WithoutHostKick
INTEL_PROBE phase=executor_retained
INTEL_RECOVERY host_kick=omitted
INTEL_LIFECYCLE phase=vcpu_destroy_begin generation=126 owner=42432
INTEL_LIFECYCLE phase=vcpu_destroy_end generation=126 owner=42432
INTEL_LIFECYCLE phase=vm_destroy_begin generation=126 owner=42432
INTEL_LIFECYCLE phase=vm_destroy_end generation=126 owner=42432
INTEL_LIFECYCLE phase=vm_create_begin generation=127 owner=42432
INTEL_LIFECYCLE phase=vm_create_end generation=127 owner=42432
INTEL_LIFECYCLE phase=vcpu_create_begin generation=127 owner=42432
INTEL_LIFECYCLE phase=vcpu_create_end generation=127 owner=42432
[       OK ] HvfIntelRecoveryProbe.WithoutHostKick (158 ms)
[----------] 1 test from HvfIntelRecoveryProbe (158 ms total)

[==========] 1 test from 1 test suite ran. (158 ms total)
[  PASSED  ] 1 test.

Repeating all tests (iteration 127) . . .

Note: Google Test filter = HvfIntelRecoveryProbe.WithoutHostKick
[==========] Running 1 test from 1 test suite.
[----------] 1 test from HvfIntelRecoveryProbe
[ RUN      ] HvfIntelRecoveryProbe.WithoutHostKick
INTEL_PROBE phase=executor_retained
INTEL_RECOVERY host_kick=omitted
INTEL_LIFECYCLE phase=vcpu_destroy_begin generation=127 owner=42432
INTEL_LIFECYCLE phase=vcpu_destroy_end generation=127 owner=42432
INTEL_LIFECYCLE phase=vm_destroy_begin generation=127 owner=42432
INTEL_LIFECYCLE phase=vm_destroy_end generation=127 owner=42432
INTEL_LIFECYCLE phase=vm_create_begin generation=128 owner=42432
INTEL_LIFECYCLE phase=vm_create_end generation=128 owner=42432
INTEL_LIFECYCLE phase=vcpu_create_begin generation=128 owner=42432
INTEL_LIFECYCLE phase=vcpu_create_end generation=128 owner=42432
[       OK ] HvfIntelRecoveryProbe.WithoutHostKick (412 ms)
[----------] 1 test from HvfIntelRecoveryProbe (412 ms total)

[==========] 1 test from 1 test suite ran. (412 ms total)
[  PASSED  ] 1 test.

Repeating all tests (iteration 128) . . .

Note: Google Test filter = HvfIntelRecoveryProbe.WithoutHostKick
[==========] Running 1 test from 1 test suite.
[----------] 1 test from HvfIntelRecoveryProbe
[ RUN      ] HvfIntelRecoveryProbe.WithoutHostKick
INTEL_PROBE phase=executor_retained
INTEL_RECOVERY host_kick=omitted
INTEL_LIFECYCLE phase=vcpu_destroy_begin generation=128 owner=42432
INTEL_LIFECYCLE phase=vcpu_destroy_end generation=128 owner=42432
INTEL_LIFECYCLE phase=vm_destroy_begin generation=128 owner=42432
INTEL_LIFECYCLE phase=vm_destroy_end generation=128 owner=42432
INTEL_LIFECYCLE phase=vm_create_begin generation=129 owner=42432
INTEL_LIFECYCLE phase=vm_create_end generation=129 owner=42432
INTEL_LIFECYCLE phase=vcpu_create_begin generation=129 owner=42432
INTEL_LIFECYCLE phase=vcpu_create_end generation=129 owner=42432
[       OK ] HvfIntelRecoveryProbe.WithoutHostKick (305 ms)
[----------] 1 test from HvfIntelRecoveryProbe (305 ms total)

[==========] 1 test from 1 test suite ran. (305 ms total)
[  PASSED  ] 1 test.

Repeating all tests (iteration 129) . . .

Note: Google Test filter = HvfIntelRecoveryProbe.WithoutHostKick
[==========] Running 1 test from 1 test suite.
[----------] 1 test from HvfIntelRecoveryProbe
[ RUN      ] HvfIntelRecoveryProbe.WithoutHostKick
INTEL_PROBE phase=executor_retained
INTEL_RECOVERY host_kick=omitted
INTEL_LIFECYCLE phase=vcpu_destroy_begin generation=129 owner=42432
INTEL_LIFECYCLE phase=vcpu_destroy_end generation=129 owner=42432
INTEL_LIFECYCLE phase=vm_destroy_begin generation=129 owner=42432
INTEL_LIFECYCLE phase=vm_destroy_end generation=129 owner=42432
INTEL_LIFECYCLE phase=vm_create_begin generation=130 owner=42432
INTEL_LIFECYCLE phase=vm_create_end generation=130 owner=42432
INTEL_LIFECYCLE phase=vcpu_create_begin generation=130 owner=42432
INTEL_LIFECYCLE phase=vcpu_create_end generation=130 owner=42432
[       OK ] HvfIntelRecoveryProbe.WithoutHostKick (233 ms)
[----------] 1 test from HvfIntelRecoveryProbe (233 ms total)

[==========] 1 test from 1 test suite ran. (233 ms total)
[  PASSED  ] 1 test.

Repeating all tests (iteration 130) . . .

Note: Google Test filter = HvfIntelRecoveryProbe.WithoutHostKick
[==========] Running 1 test from 1 test suite.
[----------] 1 test from HvfIntelRecoveryProbe
[ RUN      ] HvfIntelRecoveryProbe.WithoutHostKick
INTEL_PROBE phase=executor_retained
INTEL_RECOVERY host_kick=omitted
INTEL_LIFECYCLE phase=vcpu_destroy_begin generation=130 owner=42432
INTEL_LIFECYCLE phase=vcpu_destroy_end generation=130 owner=42432
INTEL_LIFECYCLE phase=vm_destroy_begin generation=130 owner=42432
INTEL_LIFECYCLE phase=vm_destroy_end generation=130 owner=42432
INTEL_LIFECYCLE phase=vm_create_begin generation=131 owner=42432
INTEL_LIFECYCLE phase=vm_create_end generation=131 owner=42432
INTEL_LIFECYCLE phase=vcpu_create_begin generation=131 owner=42432
INTEL_LIFECYCLE phase=vcpu_create_end generation=131 owner=42432
[       OK ] HvfIntelRecoveryProbe.WithoutHostKick (248 ms)
[----------] 1 test from HvfIntelRecoveryProbe (248 ms total)

[==========] 1 test from 1 test suite ran. (248 ms total)
[  PASSED  ] 1 test.

Repeating all tests (iteration 131) . . .

Note: Google Test filter = HvfIntelRecoveryProbe.WithoutHostKick
[==========] Running 1 test from 1 test suite.
[----------] 1 test from HvfIntelRecoveryProbe
[ RUN      ] HvfIntelRecoveryProbe.WithoutHostKick
INTEL_PROBE phase=executor_retained
INTEL_RECOVERY host_kick=omitted
INTEL_LIFECYCLE phase=vcpu_destroy_begin generation=131 owner=42432
INTEL_LIFECYCLE phase=vcpu_destroy_end generation=131 owner=42432
INTEL_LIFECYCLE phase=vm_destroy_begin generation=131 owner=42432
INTEL_LIFECYCLE phase=vm_destroy_end generation=131 owner=42432
INTEL_LIFECYCLE phase=vm_create_begin generation=132 owner=42432
INTEL_LIFECYCLE phase=vm_create_end generation=132 owner=42432
INTEL_LIFECYCLE phase=vcpu_create_begin generation=132 owner=42432
INTEL_LIFECYCLE phase=vcpu_create_end generation=132 owner=42432
[       OK ] HvfIntelRecoveryProbe.WithoutHostKick (391 ms)
[----------] 1 test from HvfIntelRecoveryProbe (391 ms total)

[==========] 1 test from 1 test suite ran. (391 ms total)
[  PASSED  ] 1 test.

Repeating all tests (iteration 132) . . .

Note: Google Test filter = HvfIntelRecoveryProbe.WithoutHostKick
[==========] Running 1 test from 1 test suite.
[----------] 1 test from HvfIntelRecoveryProbe
[ RUN      ] HvfIntelRecoveryProbe.WithoutHostKick
INTEL_PROBE phase=executor_retained
INTEL_RECOVERY host_kick=omitted
INTEL_LIFECYCLE phase=vcpu_destroy_begin generation=132 owner=42432
INTEL_LIFECYCLE phase=vcpu_destroy_end generation=132 owner=42432
INTEL_LIFECYCLE phase=vm_destroy_begin generation=132 owner=42432
INTEL_LIFECYCLE phase=vm_destroy_end generation=132 owner=42432
INTEL_LIFECYCLE phase=vm_create_begin generation=133 owner=42432
INTEL_LIFECYCLE phase=vm_create_end generation=133 owner=42432
INTEL_LIFECYCLE phase=vcpu_create_begin generation=133 owner=42432
INTEL_LIFECYCLE phase=vcpu_create_end generation=133 owner=42432
[       OK ] HvfIntelRecoveryProbe.WithoutHostKick (270 ms)
[----------] 1 test from HvfIntelRecoveryProbe (270 ms total)

[==========] 1 test from 1 test suite ran. (270 ms total)
[  PASSED  ] 1 test.

Repeating all tests (iteration 133) . . .

Note: Google Test filter = HvfIntelRecoveryProbe.WithoutHostKick
[==========] Running 1 test from 1 test suite.
[----------] 1 test from HvfIntelRecoveryProbe
[ RUN      ] HvfIntelRecoveryProbe.WithoutHostKick
INTEL_PROBE phase=executor_retained
INTEL_RECOVERY host_kick=omitted
INTEL_LIFECYCLE phase=vcpu_destroy_begin generation=133 owner=42432
INTEL_LIFECYCLE phase=vcpu_destroy_end generation=133 owner=42432
INTEL_LIFECYCLE phase=vm_destroy_begin generation=133 owner=42432
INTEL_LIFECYCLE phase=vm_destroy_end generation=133 owner=42432
INTEL_LIFECYCLE phase=vm_create_begin generation=134 owner=42432
INTEL_LIFECYCLE phase=vm_create_end generation=134 owner=42432
INTEL_LIFECYCLE phase=vcpu_create_begin generation=134 owner=42432
INTEL_LIFECYCLE phase=vcpu_create_end generation=134 owner=42432
[       OK ] HvfIntelRecoveryProbe.WithoutHostKick (144 ms)
[----------] 1 test from HvfIntelRecoveryProbe (144 ms total)

[==========] 1 test from 1 test suite ran. (144 ms total)
[  PASSED  ] 1 test.

Repeating all tests (iteration 134) . . .

Note: Google Test filter = HvfIntelRecoveryProbe.WithoutHostKick
[==========] Running 1 test from 1 test suite.
[----------] 1 test from HvfIntelRecoveryProbe
[ RUN      ] HvfIntelRecoveryProbe.WithoutHostKick
INTEL_PROBE phase=executor_retained
INTEL_RECOVERY host_kick=omitted
INTEL_LIFECYCLE phase=vcpu_destroy_begin generation=134 owner=42432
INTEL_LIFECYCLE phase=vcpu_destroy_end generation=134 owner=42432
INTEL_LIFECYCLE phase=vm_destroy_begin generation=134 owner=42432
INTEL_LIFECYCLE phase=vm_destroy_end generation=134 owner=42432
INTEL_LIFECYCLE phase=vm_create_begin generation=135 owner=42432
INTEL_LIFECYCLE phase=vm_create_end generation=135 owner=42432
INTEL_LIFECYCLE phase=vcpu_create_begin generation=135 owner=42432
INTEL_LIFECYCLE phase=vcpu_create_end generation=135 owner=42432
[       OK ] HvfIntelRecoveryProbe.WithoutHostKick (438 ms)
[----------] 1 test from HvfIntelRecoveryProbe (438 ms total)

[==========] 1 test from 1 test suite ran. (438 ms total)
[  PASSED  ] 1 test.

Repeating all tests (iteration 135) . . .

Note: Google Test filter = HvfIntelRecoveryProbe.WithoutHostKick
[==========] Running 1 test from 1 test suite.
[----------] 1 test from HvfIntelRecoveryProbe
[ RUN      ] HvfIntelRecoveryProbe.WithoutHostKick
INTEL_PROBE phase=executor_retained
INTEL_RECOVERY host_kick=omitted
INTEL_LIFECYCLE phase=vcpu_destroy_begin generation=135 owner=42432
INTEL_LIFECYCLE phase=vcpu_destroy_end generation=135 owner=42432
INTEL_LIFECYCLE phase=vm_destroy_begin generation=135 owner=42432
INTEL_LIFECYCLE phase=vm_destroy_end generation=135 owner=42432
INTEL_LIFECYCLE phase=vm_create_begin generation=136 owner=42432
INTEL_LIFECYCLE phase=vm_create_end generation=136 owner=42432
INTEL_LIFECYCLE phase=vcpu_create_begin generation=136 owner=42432
INTEL_LIFECYCLE phase=vcpu_create_end generation=136 owner=42432
[       OK ] HvfIntelRecoveryProbe.WithoutHostKick (525 ms)
[----------] 1 test from HvfIntelRecoveryProbe (525 ms total)

[==========] 1 test from 1 test suite ran. (525 ms total)
[  PASSED  ] 1 test.

Repeating all tests (iteration 136) . . .

Note: Google Test filter = HvfIntelRecoveryProbe.WithoutHostKick
[==========] Running 1 test from 1 test suite.
[----------] 1 test from HvfIntelRecoveryProbe
[ RUN      ] HvfIntelRecoveryProbe.WithoutHostKick
INTEL_PROBE phase=executor_retained
INTEL_RECOVERY host_kick=omitted
INTEL_LIFECYCLE phase=vcpu_destroy_begin generation=136 owner=42432
INTEL_LIFECYCLE phase=vcpu_destroy_end generation=136 owner=42432
INTEL_LIFECYCLE phase=vm_destroy_begin generation=136 owner=42432
INTEL_LIFECYCLE phase=vm_destroy_end generation=136 owner=42432
INTEL_LIFECYCLE phase=vm_create_begin generation=137 owner=42432
INTEL_LIFECYCLE phase=vm_create_end generation=137 owner=42432
INTEL_LIFECYCLE phase=vcpu_create_begin generation=137 owner=42432
INTEL_LIFECYCLE phase=vcpu_create_end generation=137 owner=42432
[       OK ] HvfIntelRecoveryProbe.WithoutHostKick (205 ms)
[----------] 1 test from HvfIntelRecoveryProbe (205 ms total)

[==========] 1 test from 1 test suite ran. (206 ms total)
[  PASSED  ] 1 test.

Repeating all tests (iteration 137) . . .

Note: Google Test filter = HvfIntelRecoveryProbe.WithoutHostKick
[==========] Running 1 test from 1 test suite.
[----------] 1 test from HvfIntelRecoveryProbe
[ RUN      ] HvfIntelRecoveryProbe.WithoutHostKick
INTEL_PROBE phase=executor_retained
INTEL_RECOVERY host_kick=omitted
INTEL_LIFECYCLE phase=vcpu_destroy_begin generation=137 owner=42432
INTEL_LIFECYCLE phase=vcpu_destroy_end generation=137 owner=42432
INTEL_LIFECYCLE phase=vm_destroy_begin generation=137 owner=42432
INTEL_LIFECYCLE phase=vm_destroy_end generation=137 owner=42432
INTEL_LIFECYCLE phase=vm_create_begin generation=138 owner=42432
INTEL_LIFECYCLE phase=vm_create_end generation=138 owner=42432
INTEL_LIFECYCLE phase=vcpu_create_begin generation=138 owner=42432
INTEL_LIFECYCLE phase=vcpu_create_end generation=138 owner=42432
[       OK ] HvfIntelRecoveryProbe.WithoutHostKick (314 ms)
[----------] 1 test from HvfIntelRecoveryProbe (314 ms total)

[==========] 1 test from 1 test suite ran. (314 ms total)
[  PASSED  ] 1 test.

Repeating all tests (iteration 138) . . .

Note: Google Test filter = HvfIntelRecoveryProbe.WithoutHostKick
[==========] Running 1 test from 1 test suite.
[----------] 1 test from HvfIntelRecoveryProbe
[ RUN      ] HvfIntelRecoveryProbe.WithoutHostKick
INTEL_PROBE phase=executor_retained
INTEL_RECOVERY host_kick=omitted
INTEL_LIFECYCLE phase=vcpu_destroy_begin generation=138 owner=42432
INTEL_LIFECYCLE phase=vcpu_destroy_end generation=138 owner=42432
INTEL_LIFECYCLE phase=vm_destroy_begin generation=138 owner=42432
INTEL_LIFECYCLE phase=vm_destroy_end generation=138 owner=42432
INTEL_LIFECYCLE phase=vm_create_begin generation=139 owner=42432
INTEL_LIFECYCLE phase=vm_create_end generation=139 owner=42432
INTEL_LIFECYCLE phase=vcpu_create_begin generation=139 owner=42432
INTEL_LIFECYCLE phase=vcpu_create_end generation=139 owner=42432
[       OK ] HvfIntelRecoveryProbe.WithoutHostKick (278 ms)
[----------] 1 test from HvfIntelRecoveryProbe (278 ms total)

[==========] 1 test from 1 test suite ran. (278 ms total)
[  PASSED  ] 1 test.

Repeating all tests (iteration 139) . . .

Note: Google Test filter = HvfIntelRecoveryProbe.WithoutHostKick
[==========] Running 1 test from 1 test suite.
[----------] 1 test from HvfIntelRecoveryProbe
[ RUN      ] HvfIntelRecoveryProbe.WithoutHostKick
INTEL_PROBE phase=executor_retained
INTEL_RECOVERY host_kick=omitted
INTEL_LIFECYCLE phase=vcpu_destroy_begin generation=139 owner=42432
INTEL_LIFECYCLE phase=vcpu_destroy_end generation=139 owner=42432
INTEL_LIFECYCLE phase=vm_destroy_begin generation=139 owner=42432
INTEL_LIFECYCLE phase=vm_destroy_end generation=139 owner=42432
INTEL_LIFECYCLE phase=vm_create_begin generation=140 owner=42432
INTEL_LIFECYCLE phase=vm_create_end generation=140 owner=42432
INTEL_LIFECYCLE phase=vcpu_create_begin generation=140 owner=42432
INTEL_LIFECYCLE phase=vcpu_create_end generation=140 owner=42432
[       OK ] HvfIntelRecoveryProbe.WithoutHostKick (250 ms)
[----------] 1 test from HvfIntelRecoveryProbe (250 ms total)

[==========] 1 test from 1 test suite ran. (250 ms total)
[  PASSED  ] 1 test.

Repeating all tests (iteration 140) . . .

Note: Google Test filter = HvfIntelRecoveryProbe.WithoutHostKick
[==========] Running 1 test from 1 test suite.
[----------] 1 test from HvfIntelRecoveryProbe
[ RUN      ] HvfIntelRecoveryProbe.WithoutHostKick
INTEL_PROBE phase=executor_retained
INTEL_RECOVERY host_kick=omitted
INTEL_LIFECYCLE phase=vcpu_destroy_begin generation=140 owner=42432
INTEL_LIFECYCLE phase=vcpu_destroy_end generation=140 owner=42432
INTEL_LIFECYCLE phase=vm_destroy_begin generation=140 owner=42432
INTEL_LIFECYCLE phase=vm_destroy_end generation=140 owner=42432
INTEL_LIFECYCLE phase=vm_create_begin generation=141 owner=42432
INTEL_LIFECYCLE phase=vm_create_end generation=141 owner=42432
INTEL_LIFECYCLE phase=vcpu_create_begin generation=141 owner=42432
INTEL_LIFECYCLE phase=vcpu_create_end generation=141 owner=42432
[       OK ] HvfIntelRecoveryProbe.WithoutHostKick (199 ms)
[----------] 1 test from HvfIntelRecoveryProbe (199 ms total)

[==========] 1 test from 1 test suite ran. (199 ms total)
[  PASSED  ] 1 test.

Repeating all tests (iteration 141) . . .

Note: Google Test filter = HvfIntelRecoveryProbe.WithoutHostKick
[==========] Running 1 test from 1 test suite.
[----------] 1 test from HvfIntelRecoveryProbe
[ RUN      ] HvfIntelRecoveryProbe.WithoutHostKick
INTEL_PROBE phase=executor_retained
INTEL_RECOVERY host_kick=omitted
INTEL_LIFECYCLE phase=vcpu_destroy_begin generation=141 owner=42432
INTEL_LIFECYCLE phase=vcpu_destroy_end generation=141 owner=42432
INTEL_LIFECYCLE phase=vm_destroy_begin generation=141 owner=42432
INTEL_LIFECYCLE phase=vm_destroy_end generation=141 owner=42432
INTEL_LIFECYCLE phase=vm_create_begin generation=142 owner=42432
INTEL_LIFECYCLE phase=vm_create_end generation=142 owner=42432
INTEL_LIFECYCLE phase=vcpu_create_begin generation=142 owner=42432
INTEL_LIFECYCLE phase=vcpu_create_end generation=142 owner=42432
[       OK ] HvfIntelRecoveryProbe.WithoutHostKick (244 ms)
[----------] 1 test from HvfIntelRecoveryProbe (244 ms total)

[==========] 1 test from 1 test suite ran. (245 ms total)
[  PASSED  ] 1 test.

Repeating all tests (iteration 142) . . .

Note: Google Test filter = HvfIntelRecoveryProbe.WithoutHostKick
[==========] Running 1 test from 1 test suite.
[----------] 1 test from HvfIntelRecoveryProbe
[ RUN      ] HvfIntelRecoveryProbe.WithoutHostKick
INTEL_PROBE phase=executor_retained
INTEL_RECOVERY host_kick=omitted
INTEL_LIFECYCLE phase=vcpu_destroy_begin generation=142 owner=42432
INTEL_LIFECYCLE phase=vcpu_destroy_end generation=142 owner=42432
INTEL_LIFECYCLE phase=vm_destroy_begin generation=142 owner=42432
INTEL_LIFECYCLE phase=vm_destroy_end generation=142 owner=42432
INTEL_LIFECYCLE phase=vm_create_begin generation=143 owner=42432
INTEL_LIFECYCLE phase=vm_create_end generation=143 owner=42432
INTEL_LIFECYCLE phase=vcpu_create_begin generation=143 owner=42432
INTEL_LIFECYCLE phase=vcpu_create_end generation=143 owner=42432
[       OK ] HvfIntelRecoveryProbe.WithoutHostKick (266 ms)
[----------] 1 test from HvfIntelRecoveryProbe (266 ms total)

[==========] 1 test from 1 test suite ran. (267 ms total)
[  PASSED  ] 1 test.

Repeating all tests (iteration 143) . . .

Note: Google Test filter = HvfIntelRecoveryProbe.WithoutHostKick
[==========] Running 1 test from 1 test suite.
[----------] 1 test from HvfIntelRecoveryProbe
[ RUN      ] HvfIntelRecoveryProbe.WithoutHostKick
INTEL_PROBE phase=executor_retained
INTEL_RECOVERY host_kick=omitted
INTEL_LIFECYCLE phase=vcpu_destroy_begin generation=143 owner=42432
INTEL_LIFECYCLE phase=vcpu_destroy_end generation=143 owner=42432
INTEL_LIFECYCLE phase=vm_destroy_begin generation=143 owner=42432
INTEL_LIFECYCLE phase=vm_destroy_end generation=143 owner=42432
INTEL_LIFECYCLE phase=vm_create_begin generation=144 owner=42432
INTEL_LIFECYCLE phase=vm_create_end generation=144 owner=42432
INTEL_LIFECYCLE phase=vcpu_create_begin generation=144 owner=42432
INTEL_LIFECYCLE phase=vcpu_create_end generation=144 owner=42432
[       OK ] HvfIntelRecoveryProbe.WithoutHostKick (127 ms)
[----------] 1 test from HvfIntelRecoveryProbe (127 ms total)

[==========] 1 test from 1 test suite ran. (127 ms total)
[  PASSED  ] 1 test.

Repeating all tests (iteration 144) . . .

Note: Google Test filter = HvfIntelRecoveryProbe.WithoutHostKick
[==========] Running 1 test from 1 test suite.
[----------] 1 test from HvfIntelRecoveryProbe
[ RUN      ] HvfIntelRecoveryProbe.WithoutHostKick
INTEL_PROBE phase=executor_retained
INTEL_RECOVERY host_kick=omitted
INTEL_LIFECYCLE phase=vcpu_destroy_begin generation=144 owner=42432
INTEL_LIFECYCLE phase=vcpu_destroy_end generation=144 owner=42432
INTEL_LIFECYCLE phase=vm_destroy_begin generation=144 owner=42432
INTEL_LIFECYCLE phase=vm_destroy_end generation=144 owner=42432
INTEL_LIFECYCLE phase=vm_create_begin generation=145 owner=42432
INTEL_LIFECYCLE phase=vm_create_end generation=145 owner=42432
INTEL_LIFECYCLE phase=vcpu_create_begin generation=145 owner=42432
INTEL_LIFECYCLE phase=vcpu_create_end generation=145 owner=42432
[       OK ] HvfIntelRecoveryProbe.WithoutHostKick (150 ms)
[----------] 1 test from HvfIntelRecoveryProbe (150 ms total)

[==========] 1 test from 1 test suite ran. (150 ms total)
[  PASSED  ] 1 test.

Repeating all tests (iteration 145) . . .

Note: Google Test filter = HvfIntelRecoveryProbe.WithoutHostKick
[==========] Running 1 test from 1 test suite.
[----------] 1 test from HvfIntelRecoveryProbe
[ RUN      ] HvfIntelRecoveryProbe.WithoutHostKick
INTEL_PROBE phase=executor_retained
INTEL_RECOVERY host_kick=omitted
INTEL_LIFECYCLE phase=vcpu_destroy_begin generation=145 owner=42432
INTEL_LIFECYCLE phase=vcpu_destroy_end generation=145 owner=42432
INTEL_LIFECYCLE phase=vm_destroy_begin generation=145 owner=42432
INTEL_LIFECYCLE phase=vm_destroy_end generation=145 owner=42432
INTEL_LIFECYCLE phase=vm_create_begin generation=146 owner=42432
INTEL_LIFECYCLE phase=vm_create_end generation=146 owner=42432
INTEL_LIFECYCLE phase=vcpu_create_begin generation=146 owner=42432
INTEL_LIFECYCLE phase=vcpu_create_end generation=146 owner=42432
[       OK ] HvfIntelRecoveryProbe.WithoutHostKick (199 ms)
[----------] 1 test from HvfIntelRecoveryProbe (199 ms total)

[==========] 1 test from 1 test suite ran. (199 ms total)
[  PASSED  ] 1 test.

Repeating all tests (iteration 146) . . .

Note: Google Test filter = HvfIntelRecoveryProbe.WithoutHostKick
[==========] Running 1 test from 1 test suite.
[----------] 1 test from HvfIntelRecoveryProbe
[ RUN      ] HvfIntelRecoveryProbe.WithoutHostKick
INTEL_PROBE phase=executor_retained
INTEL_RECOVERY host_kick=omitted
INTEL_LIFECYCLE phase=vcpu_destroy_begin generation=146 owner=42432
INTEL_LIFECYCLE phase=vcpu_destroy_end generation=146 owner=42432
INTEL_LIFECYCLE phase=vm_destroy_begin generation=146 owner=42432
INTEL_LIFECYCLE phase=vm_destroy_end generation=146 owner=42432
INTEL_LIFECYCLE phase=vm_create_begin generation=147 owner=42432
INTEL_LIFECYCLE phase=vm_create_end generation=147 owner=42432
INTEL_LIFECYCLE phase=vcpu_create_begin generation=147 owner=42432
INTEL_LIFECYCLE phase=vcpu_create_end generation=147 owner=42432
[       OK ] HvfIntelRecoveryProbe.WithoutHostKick (277 ms)
[----------] 1 test from HvfIntelRecoveryProbe (277 ms total)

[==========] 1 test from 1 test suite ran. (277 ms total)
[  PASSED  ] 1 test.

Repeating all tests (iteration 147) . . .

Note: Google Test filter = HvfIntelRecoveryProbe.WithoutHostKick
[==========] Running 1 test from 1 test suite.
[----------] 1 test from HvfIntelRecoveryProbe
[ RUN      ] HvfIntelRecoveryProbe.WithoutHostKick
INTEL_PROBE phase=executor_retained
INTEL_RECOVERY host_kick=omitted
INTEL_LIFECYCLE phase=vcpu_destroy_begin generation=147 owner=42432
INTEL_LIFECYCLE phase=vcpu_destroy_end generation=147 owner=42432
INTEL_LIFECYCLE phase=vm_destroy_begin generation=147 owner=42432
INTEL_LIFECYCLE phase=vm_destroy_end generation=147 owner=42432
INTEL_LIFECYCLE phase=vm_create_begin generation=148 owner=42432
INTEL_LIFECYCLE phase=vm_create_end generation=148 owner=42432
INTEL_LIFECYCLE phase=vcpu_create_begin generation=148 owner=42432
INTEL_LIFECYCLE phase=vcpu_create_end generation=148 owner=42432
[       OK ] HvfIntelRecoveryProbe.WithoutHostKick (261 ms)
[----------] 1 test from HvfIntelRecoveryProbe (261 ms total)

[==========] 1 test from 1 test suite ran. (261 ms total)
[  PASSED  ] 1 test.

Repeating all tests (iteration 148) . . .

Note: Google Test filter = HvfIntelRecoveryProbe.WithoutHostKick
[==========] Running 1 test from 1 test suite.
[----------] 1 test from HvfIntelRecoveryProbe
[ RUN      ] HvfIntelRecoveryProbe.WithoutHostKick
INTEL_PROBE phase=executor_retained
INTEL_RECOVERY host_kick=omitted
INTEL_LIFECYCLE phase=vcpu_destroy_begin generation=148 owner=42432
INTEL_LIFECYCLE phase=vcpu_destroy_end generation=148 owner=42432
INTEL_LIFECYCLE phase=vm_destroy_begin generation=148 owner=42432
INTEL_LIFECYCLE phase=vm_destroy_end generation=148 owner=42432
INTEL_LIFECYCLE phase=vm_create_begin generation=149 owner=42432
INTEL_LIFECYCLE phase=vm_create_end generation=149 owner=42432
INTEL_LIFECYCLE phase=vcpu_create_begin generation=149 owner=42432
INTEL_LIFECYCLE phase=vcpu_create_end generation=149 owner=42432
[       OK ] HvfIntelRecoveryProbe.WithoutHostKick (138 ms)
[----------] 1 test from HvfIntelRecoveryProbe (138 ms total)

[==========] 1 test from 1 test suite ran. (138 ms total)
[  PASSED  ] 1 test.

Repeating all tests (iteration 149) . . .

Note: Google Test filter = HvfIntelRecoveryProbe.WithoutHostKick
[==========] Running 1 test from 1 test suite.
[----------] 1 test from HvfIntelRecoveryProbe
[ RUN      ] HvfIntelRecoveryProbe.WithoutHostKick
INTEL_PROBE phase=executor_retained
INTEL_RECOVERY host_kick=omitted
INTEL_LIFECYCLE phase=vcpu_destroy_begin generation=149 owner=42432
INTEL_LIFECYCLE phase=vcpu_destroy_end generation=149 owner=42432
INTEL_LIFECYCLE phase=vm_destroy_begin generation=149 owner=42432
INTEL_LIFECYCLE phase=vm_destroy_end generation=149 owner=42432
INTEL_LIFECYCLE phase=vm_create_begin generation=150 owner=42432
INTEL_LIFECYCLE phase=vm_create_end generation=150 owner=42432
INTEL_LIFECYCLE phase=vcpu_create_begin generation=150 owner=42432
INTEL_LIFECYCLE phase=vcpu_create_end generation=150 owner=42432
[       OK ] HvfIntelRecoveryProbe.WithoutHostKick (144 ms)
[----------] 1 test from HvfIntelRecoveryProbe (144 ms total)

[==========] 1 test from 1 test suite ran. (144 ms total)
[  PASSED  ] 1 test.

Repeating all tests (iteration 150) . . .

Note: Google Test filter = HvfIntelRecoveryProbe.WithoutHostKick
[==========] Running 1 test from 1 test suite.
[----------] 1 test from HvfIntelRecoveryProbe
[ RUN      ] HvfIntelRecoveryProbe.WithoutHostKick
INTEL_PROBE phase=executor_retained
INTEL_RECOVERY host_kick=omitted
INTEL_LIFECYCLE phase=vcpu_destroy_begin generation=150 owner=42432
INTEL_LIFECYCLE phase=vcpu_destroy_end generation=150 owner=42432
INTEL_LIFECYCLE phase=vm_destroy_begin generation=150 owner=42432
INTEL_LIFECYCLE phase=vm_destroy_end generation=150 owner=42432
INTEL_LIFECYCLE phase=vm_create_begin generation=151 owner=42432
INTEL_LIFECYCLE phase=vm_create_end generation=151 owner=42432
INTEL_LIFECYCLE phase=vcpu_create_begin generation=151 owner=42432
INTEL_LIFECYCLE phase=vcpu_create_end generation=151 owner=42432
[       OK ] HvfIntelRecoveryProbe.WithoutHostKick (341 ms)
[----------] 1 test from HvfIntelRecoveryProbe (341 ms total)

[==========] 1 test from 1 test suite ran. (341 ms total)
[  PASSED  ] 1 test.

Repeating all tests (iteration 151) . . .

Note: Google Test filter = HvfIntelRecoveryProbe.WithoutHostKick
[==========] Running 1 test from 1 test suite.
[----------] 1 test from HvfIntelRecoveryProbe
[ RUN      ] HvfIntelRecoveryProbe.WithoutHostKick
INTEL_PROBE phase=executor_retained
