Running main() from /Users/runner/work/test_mac_intel/test_mac_intel/source/build-hvf/_deps/googletest-src/googletest/src/gtest_main.cc

Repeating all tests (iteration 1) . . .

Note: Google Test filter = HvfIntelProbe.FiniteDeadline
[==========] Running 1 test from 1 test suite.
[----------] Global test environment set-up.
[----------] 1 test from HvfIntelProbe
[ RUN      ] HvfIntelProbe.FiniteDeadline
INTEL_PROBE phase=executor_initialization
INTEL_PROBE phase=startup_probe
INTEL_PROBE phase=prepare_with_watchdog
INTEL_PROBE begin=finite_loop call=1 deadline=909406457443 rip=65537 nonce=909400083645 witness=0
INTEL_PROBE end=finite_loop call=1 status=0 mach_before=909401518324 mach_after=909409213557
INTEL_PROBE capture=finite_loop call=1 exec_before=2385004 exec_after=9911025 reason_before=37 reason=52 rip_before=65537 rip=65540 rax=909400083645 nonce=909400083645 witness=909400083645
INTEL_PROBE phase=prepare_with_watchdog
INTEL_PROBE begin=expired_mtf call=2 deadline=0 rip=65543 nonce=909409381061 witness=0
INTEL_PROBE end=expired_mtf call=2 status=0 mach_before=909411361554 mach_after=909411422753
INTEL_PROBE capture=expired_mtf call=2 exec_before=10454180 exec_after=10511866 reason_before=37 reason=52 rip_before=65543 rip=65543 rax=909409381061 nonce=909409381061 witness=0
INTEL_PROBE phase=prepare_with_watchdog
INTEL_PROBE begin=finite_mtf call=3 deadline=909417787246 rip=65543 nonce=909411523896 witness=0
INTEL_PROBE end=finite_mtf call=3 status=0 mach_before=909412818884 mach_after=909413423987
INTEL_PROBE capture=finite_mtf call=3 exec_before=11001704 exec_after=11483981 reason_before=37 reason=37 rip_before=65543 rip=65546 rax=909411523897 nonce=909411523896 witness=0
INTEL_PROBE phase=verified_retry
INTEL_PROBE phase=prepare_with_watchdog
INTEL_PROBE phase=finite_retirement
[       OK ] HvfIntelProbe.FiniteDeadline (29 ms)
[----------] 1 test from HvfIntelProbe (29 ms total)

[==========] 1 test from 1 test suite ran. (30 ms total)
[  PASSED  ] 1 test.

Repeating all tests (iteration 2) . . .

Note: Google Test filter = HvfIntelProbe.FiniteDeadline
[==========] Running 1 test from 1 test suite.
[----------] 1 test from HvfIntelProbe
[ RUN      ] HvfIntelProbe.FiniteDeadline
INTEL_PROBE phase=executor_initialization
INTEL_PROBE phase=startup_probe
INTEL_PROBE phase=prepare_with_watchdog
INTEL_PROBE begin=finite_loop call=1 deadline=909433375026 rip=65537 nonce=909427076936 witness=0
INTEL_PROBE end=finite_loop call=1 status=0 mach_before=909428411574 mach_after=909436153296
INTEL_PROBE capture=finite_loop call=1 exec_before=1518868 exec_after=9098229 reason_before=37 reason=52 rip_before=65537 rip=65540 rax=909427076936 nonce=909427076936 witness=909427076936
INTEL_PROBE phase=prepare_with_watchdog
INTEL_PROBE begin=expired_mtf call=2 deadline=0 rip=65543 nonce=909436287343 witness=0
INTEL_PROBE end=expired_mtf call=2 status=0 mach_before=909438125193 mach_after=909438183011
INTEL_PROBE capture=expired_mtf call=2 exec_before=9555249 exec_after=9609768 reason_before=37 reason=52 rip_before=65543 rip=65543 rax=909436287343 nonce=909436287343 witness=0
INTEL_PROBE phase=prepare_with_watchdog
INTEL_PROBE begin=finite_mtf call=3 deadline=909444707249 rip=65543 nonce=909438288290 witness=0
INTEL_PROBE end=finite_mtf call=3 status=0 mach_before=909439731809 mach_after=909440491035
INTEL_PROBE capture=finite_mtf call=3 exec_before=10192664 exec_after=10728451 reason_before=37 reason=37 rip_before=65543 rip=65546 rax=909438288291 nonce=909438288290 witness=0
INTEL_PROBE phase=verified_retry
INTEL_PROBE phase=prepare_with_watchdog
INTEL_PROBE phase=finite_retirement
[       OK ] HvfIntelProbe.FiniteDeadline (26 ms)
[----------] 1 test from HvfIntelProbe (26 ms total)

[==========] 1 test from 1 test suite ran. (26 ms total)
[  PASSED  ] 1 test.

Repeating all tests (iteration 3) . . .

Note: Google Test filter = HvfIntelProbe.FiniteDeadline
[==========] Running 1 test from 1 test suite.
[----------] 1 test from HvfIntelProbe
[ RUN      ] HvfIntelProbe.FiniteDeadline
INTEL_PROBE phase=executor_initialization
INTEL_PROBE phase=startup_probe
INTEL_PROBE phase=prepare_with_watchdog
INTEL_PROBE begin=finite_loop call=1 deadline=909460361965 rip=65537 nonce=909453960598 witness=0
INTEL_PROBE end=finite_loop call=1 status=0 mach_before=909455392596 mach_after=909460442920
INTEL_PROBE capture=finite_loop call=1 exec_before=1483818 exec_after=6321141 reason_before=37 reason=52 rip_before=65537 rip=65540 rax=909453960598 nonce=909453960598 witness=909453960598
INTEL_PROBE phase=prepare_with_watchdog
INTEL_PROBE begin=expired_mtf call=2 deadline=0 rip=65543 nonce=909460588927 witness=0
INTEL_PROBE end=expired_mtf call=2 status=0 mach_before=909462433715 mach_after=909462534779
INTEL_PROBE capture=expired_mtf call=2 exec_before=6845408 exec_after=6941391 reason_before=37 reason=52 rip_before=65543 rip=65543 rax=909460588927 nonce=909460588927 witness=0
INTEL_PROBE phase=prepare_with_watchdog
INTEL_PROBE begin=finite_mtf call=3 deadline=909469062398 rip=65543 nonce=909462633030 witness=0
INTEL_PROBE end=finite_mtf call=3 status=0 mach_before=909464087991 mach_after=909464731810
INTEL_PROBE capture=finite_mtf call=3 exec_before=7474124 exec_after=7970568 reason_before=37 reason=37 rip_before=65543 rip=65546 rax=909462633031 nonce=909462633030 witness=0
INTEL_PROBE phase=verified_retry
INTEL_PROBE phase=prepare_with_watchdog
INTEL_PROBE phase=finite_retirement
[       OK ] HvfIntelProbe.FiniteDeadline (24 ms)
[----------] 1 test from HvfIntelProbe (24 ms total)

[==========] 1 test from 1 test suite ran. (24 ms total)
[  PASSED  ] 1 test.

Repeating all tests (iteration 4) . . .

Note: Google Test filter = HvfIntelProbe.FiniteDeadline
[==========] Running 1 test from 1 test suite.
[----------] 1 test from HvfIntelProbe
[ RUN      ] HvfIntelProbe.FiniteDeadline
INTEL_PROBE phase=executor_initialization
INTEL_PROBE phase=startup_probe
INTEL_PROBE phase=prepare_with_watchdog
INTEL_PROBE begin=finite_loop call=1 deadline=909483314191 rip=65537 nonce=909476991978 witness=0
INTEL_PROBE end=finite_loop call=1 status=0 mach_before=909478339446 mach_after=909483570667
INTEL_PROBE capture=finite_loop call=1 exec_before=1354807 exec_after=6408348 reason_before=37 reason=52 rip_before=65537 rip=65540 rax=909476991978 nonce=909476991978 witness=909476991978
INTEL_PROBE phase=prepare_with_watchdog
INTEL_PROBE begin=expired_mtf call=2 deadline=0 rip=65543 nonce=909483706713 witness=0
INTEL_PROBE end=expired_mtf call=2 status=0 mach_before=909485687397 mach_after=909485744193
INTEL_PROBE capture=expired_mtf call=2 exec_before=6912542 exec_after=6965797 reason_before=37 reason=52 rip_before=65543 rip=65543 rax=909483706713 nonce=909483706713 witness=0
INTEL_PROBE phase=prepare_with_watchdog
INTEL_PROBE begin=finite_mtf call=3 deadline=909492182287 rip=65543 nonce=909485832167 witness=0
INTEL_PROBE end=finite_mtf call=3 status=0 mach_before=909487208725 mach_after=909487793441
INTEL_PROBE capture=finite_mtf call=3 exec_before=7419976 exec_after=7877179 reason_before=37 reason=37 rip_before=65543 rip=65546 rax=909485832168 nonce=909485832167 witness=0
INTEL_PROBE phase=verified_retry
INTEL_PROBE phase=prepare_with_watchdog
INTEL_PROBE phase=finite_retirement
[       OK ] HvfIntelProbe.FiniteDeadline (22 ms)
[----------] 1 test from HvfIntelProbe (22 ms total)

[==========] 1 test from 1 test suite ran. (22 ms total)
[  PASSED  ] 1 test.

Repeating all tests (iteration 5) . . .

Note: Google Test filter = HvfIntelProbe.FiniteDeadline
[==========] Running 1 test from 1 test suite.
[----------] 1 test from HvfIntelProbe
[ RUN      ] HvfIntelProbe.FiniteDeadline
INTEL_PROBE phase=executor_initialization
INTEL_PROBE phase=startup_probe
INTEL_PROBE phase=prepare_with_watchdog
INTEL_PROBE begin=finite_loop call=1 deadline=909506897936 rip=65537 nonce=909500527094 witness=0
INTEL_PROBE end=finite_loop call=1 status=0 mach_before=909501924421 mach_after=909506964675
INTEL_PROBE capture=finite_loop call=1 exec_before=1345510 exec_after=6158971 reason_before=37 reason=52 rip_before=65537 rip=65540 rax=909500527094 nonce=909500527094 witness=909500527094
INTEL_PROBE phase=prepare_with_watchdog
INTEL_PROBE begin=expired_mtf call=2 deadline=0 rip=65543 nonce=909507110224 witness=0
INTEL_PROBE end=expired_mtf call=2 status=0 mach_before=909508887234 mach_after=909508985126
INTEL_PROBE capture=expired_mtf call=2 exec_before=6619103 exec_after=6712522 reason_before=37 reason=52 rip_before=65543 rip=65543 rax=909507110224 nonce=909507110224 witness=0
INTEL_PROBE phase=prepare_with_watchdog
INTEL_PROBE begin=finite_mtf call=3 deadline=909515669297 rip=65543 nonce=909509162013 witness=0
INTEL_PROBE end=finite_mtf call=3 status=0 mach_before=909510694412 mach_after=909511374244
INTEL_PROBE capture=finite_mtf call=3 exec_before=7260809 exec_after=7786336 reason_before=37 reason=37 rip_before=65543 rip=65546 rax=909509162014 nonce=909509162013 witness=0
INTEL_PROBE phase=verified_retry
INTEL_PROBE phase=prepare_with_watchdog
INTEL_PROBE phase=finite_retirement
[       OK ] HvfIntelProbe.FiniteDeadline (23 ms)
[----------] 1 test from HvfIntelProbe (23 ms total)

[==========] 1 test from 1 test suite ran. (23 ms total)
[  PASSED  ] 1 test.

Repeating all tests (iteration 6) . . .

Note: Google Test filter = HvfIntelProbe.FiniteDeadline
[==========] Running 1 test from 1 test suite.
[----------] 1 test from HvfIntelProbe
[ RUN      ] HvfIntelProbe.FiniteDeadline
INTEL_PROBE phase=executor_initialization
INTEL_PROBE phase=startup_probe
INTEL_PROBE phase=prepare_with_watchdog
INTEL_PROBE begin=finite_loop call=1 deadline=909530442323 rip=65537 nonce=909524027777 witness=0
INTEL_PROBE end=finite_loop call=1 status=0 mach_before=909525471988 mach_after=909530810992
INTEL_PROBE capture=finite_loop call=1 exec_before=1418905 exec_after=6531181 reason_before=37 reason=52 rip_before=65537 rip=65540 rax=909524027777 nonce=909524027777 witness=909524027777
INTEL_PROBE phase=prepare_with_watchdog
INTEL_PROBE begin=expired_mtf call=2 deadline=0 rip=65543 nonce=909530956275 witness=0
INTEL_PROBE end=expired_mtf call=2 status=0 mach_before=909532702466 mach_after=909532770919
INTEL_PROBE capture=expired_mtf call=2 exec_before=7016992 exec_after=7082043 reason_before=37 reason=52 rip_before=65543 rip=65543 rax=909530956275 nonce=909530956275 witness=0
INTEL_PROBE phase=prepare_with_watchdog
INTEL_PROBE begin=finite_mtf call=3 deadline=909539248536 rip=65543 nonce=909532865516 witness=0
INTEL_PROBE end=finite_mtf call=3 status=0 mach_before=909534272576 mach_after=909534831240
INTEL_PROBE capture=finite_mtf call=3 exec_before=7598443 exec_after=8040239 reason_before=37 reason=37 rip_before=65543 rip=65546 rax=909532865517 nonce=909532865516 witness=0
INTEL_PROBE phase=verified_retry
INTEL_PROBE phase=prepare_with_watchdog
INTEL_PROBE phase=finite_retirement
[       OK ] HvfIntelProbe.FiniteDeadline (23 ms)
[----------] 1 test from HvfIntelProbe (23 ms total)

[==========] 1 test from 1 test suite ran. (23 ms total)
[  PASSED  ] 1 test.

Repeating all tests (iteration 7) . . .

Note: Google Test filter = HvfIntelProbe.FiniteDeadline
[==========] Running 1 test from 1 test suite.
[----------] 1 test from HvfIntelProbe
[ RUN      ] HvfIntelProbe.FiniteDeadline
INTEL_PROBE phase=executor_initialization
INTEL_PROBE phase=startup_probe
INTEL_PROBE phase=prepare_with_watchdog
INTEL_PROBE begin=finite_loop call=1 deadline=909554476261 rip=65537 nonce=909548170559 witness=0
INTEL_PROBE end=finite_loop call=1 status=0 mach_before=909549500971 mach_after=909554561741
INTEL_PROBE capture=finite_loop call=1 exec_before=1407876 exec_after=6325895 reason_before=37 reason=52 rip_before=65537 rip=65540 rax=909548170559 nonce=909548170559 witness=909548170559
INTEL_PROBE phase=prepare_with_watchdog
INTEL_PROBE begin=expired_mtf call=2 deadline=0 rip=65543 nonce=909554668470 witness=0
INTEL_PROBE end=expired_mtf call=2 status=0 mach_before=909556305785 mach_after=909556410693
INTEL_PROBE capture=expired_mtf call=2 exec_before=6724031 exec_after=6824361 reason_before=37 reason=52 rip_before=65543 rip=65543 rax=909554668470 nonce=909554668470 witness=0
INTEL_PROBE phase=prepare_with_watchdog
INTEL_PROBE begin=finite_mtf call=3 deadline=909562868169 rip=65543 nonce=909556511128 witness=0
INTEL_PROBE end=finite_mtf call=3 status=0 mach_before=909557918948 mach_after=909558551680
INTEL_PROBE capture=finite_mtf call=3 exec_before=7354092 exec_after=7857358 reason_before=37 reason=37 rip_before=65543 rip=65546 rax=909556511129 nonce=909556511128 witness=0
INTEL_PROBE phase=verified_retry
INTEL_PROBE phase=prepare_with_watchdog
INTEL_PROBE phase=finite_retirement
[       OK ] HvfIntelProbe.FiniteDeadline (23 ms)
[----------] 1 test from HvfIntelProbe (23 ms total)

[==========] 1 test from 1 test suite ran. (23 ms total)
[  PASSED  ] 1 test.

Repeating all tests (iteration 8) . . .

Note: Google Test filter = HvfIntelProbe.FiniteDeadline
[==========] Running 1 test from 1 test suite.
[----------] 1 test from HvfIntelProbe
[ RUN      ] HvfIntelProbe.FiniteDeadline
INTEL_PROBE phase=executor_initialization
INTEL_PROBE phase=startup_probe
INTEL_PROBE phase=prepare_with_watchdog
INTEL_PROBE begin=finite_loop call=1 deadline=909578162631 rip=65537 nonce=909571924696 witness=0
INTEL_PROBE end=finite_loop call=1 status=0 mach_before=909573191795 mach_after=909578902554
INTEL_PROBE capture=finite_loop call=1 exec_before=1428509 exec_after=6997010 reason_before=37 reason=52 rip_before=65537 rip=65540 rax=909571924696 nonce=909571924696 witness=909571924696
INTEL_PROBE phase=prepare_with_watchdog
INTEL_PROBE begin=expired_mtf call=2 deadline=0 rip=65543 nonce=909579030352 witness=0
INTEL_PROBE end=expired_mtf call=2 status=0 mach_before=909580738806 mach_after=909580806703
INTEL_PROBE capture=expired_mtf call=2 exec_before=7407852 exec_after=7472214 reason_before=37 reason=52 rip_before=65543 rip=65543 rax=909579030352 nonce=909579030352 witness=0
INTEL_PROBE phase=prepare_with_watchdog
INTEL_PROBE begin=finite_mtf call=3 deadline=909587242384 rip=65543 nonce=909580893420 witness=0
INTEL_PROBE end=finite_mtf call=3 status=0 mach_before=909582269410 mach_after=909582880156
INTEL_PROBE capture=finite_mtf call=3 exec_before=7990432 exec_after=8469480 reason_before=37 reason=37 rip_before=65543 rip=65546 rax=909580893421 nonce=909580893420 witness=0
INTEL_PROBE phase=verified_retry
INTEL_PROBE phase=prepare_with_watchdog
INTEL_PROBE phase=finite_retirement
[       OK ] HvfIntelProbe.FiniteDeadline (24 ms)
[----------] 1 test from HvfIntelProbe (24 ms total)

[==========] 1 test from 1 test suite ran. (24 ms total)
[  PASSED  ] 1 test.

Repeating all tests (iteration 9) . . .

Note: Google Test filter = HvfIntelProbe.FiniteDeadline
[==========] Running 1 test from 1 test suite.
[----------] 1 test from HvfIntelProbe
[ RUN      ] HvfIntelProbe.FiniteDeadline
INTEL_PROBE phase=executor_initialization
INTEL_PROBE phase=startup_probe
INTEL_PROBE phase=prepare_with_watchdog
INTEL_PROBE begin=finite_loop call=1 deadline=909601601358 rip=65537 nonce=909595240184 witness=0
INTEL_PROBE end=finite_loop call=1 status=0 mach_before=909596629732 mach_after=909601658717
INTEL_PROBE capture=finite_loop call=1 exec_before=1436658 exec_after=6175620 reason_before=37 reason=52 rip_before=65537 rip=65540 rax=909595240184 nonce=909595240184 witness=909595240184
INTEL_PROBE phase=prepare_with_watchdog
INTEL_PROBE begin=expired_mtf call=2 deadline=0 rip=65543 nonce=909601765546 witness=0
INTEL_PROBE end=expired_mtf call=2 status=0 mach_before=909603502502 mach_after=909603565185
INTEL_PROBE capture=expired_mtf call=2 exec_before=6658447 exec_after=6717914 reason_before=37 reason=52 rip_before=65543 rip=65543 rax=909601765546 nonce=909601765546 witness=0
INTEL_PROBE phase=prepare_with_watchdog
INTEL_PROBE begin=finite_mtf call=3 deadline=909610019660 rip=65543 nonce=909603653387 witness=0
INTEL_PROBE end=finite_mtf call=3 status=0 mach_before=909605044481 mach_after=909605781287
INTEL_PROBE capture=finite_mtf call=3 exec_before=7192537 exec_after=7761967 reason_before=37 reason=37 rip_before=65543 rip=65546 rax=909603653388 nonce=909603653387 witness=0
INTEL_PROBE phase=verified_retry
INTEL_PROBE phase=prepare_with_watchdog
INTEL_PROBE phase=finite_retirement
[       OK ] HvfIntelProbe.FiniteDeadline (22 ms)
[----------] 1 test from HvfIntelProbe (23 ms total)

[==========] 1 test from 1 test suite ran. (23 ms total)
[  PASSED  ] 1 test.

Repeating all tests (iteration 10) . . .

Note: Google Test filter = HvfIntelProbe.FiniteDeadline
[==========] Running 1 test from 1 test suite.
[----------] 1 test from HvfIntelProbe
[ RUN      ] HvfIntelProbe.FiniteDeadline
INTEL_PROBE phase=executor_initialization
INTEL_PROBE phase=startup_probe
INTEL_PROBE phase=prepare_with_watchdog
INTEL_PROBE begin=finite_loop call=1 deadline=909625822258 rip=65537 nonce=909619427925 witness=0
INTEL_PROBE end=finite_loop call=1 status=0 mach_before=909620860320 mach_after=909629465346
INTEL_PROBE capture=finite_loop call=1 exec_before=1576947 exec_after=9988164 reason_before=37 reason=52 rip_before=65537 rip=65540 rax=909619427925 nonce=909619427925 witness=909619427925
INTEL_PROBE phase=prepare_with_watchdog
INTEL_PROBE begin=expired_mtf call=2 deadline=0 rip=65543 nonce=909629645811 witness=0
INTEL_PROBE end=expired_mtf call=2 status=0 mach_before=909631461148 mach_after=909631525356
INTEL_PROBE capture=expired_mtf call=2 exec_before=10458040 exec_after=10518835 reason_before=37 reason=52 rip_before=65543 rip=65543 rax=909629645811 nonce=909629645811 witness=0
INTEL_PROBE phase=prepare_with_watchdog
INTEL_PROBE begin=finite_mtf call=3 deadline=909638164731 rip=65543 nonce=909631614227 witness=0
INTEL_PROBE end=finite_mtf call=3 status=0 mach_before=909633202227 mach_after=909633825008
INTEL_PROBE capture=finite_mtf call=3 exec_before=11086880 exec_after=11578579 reason_before=37 reason=37 rip_before=65543 rip=65546 rax=909631614228 nonce=909631614227 witness=0
INTEL_PROBE phase=verified_retry
INTEL_PROBE phase=prepare_with_watchdog
INTEL_PROBE phase=finite_retirement
[       OK ] HvfIntelProbe.FiniteDeadline (28 ms)
[----------] 1 test from HvfIntelProbe (28 ms total)

[==========] 1 test from 1 test suite ran. (28 ms total)
[  PASSED  ] 1 test.

Repeating all tests (iteration 11) . . .

Note: Google Test filter = HvfIntelProbe.FiniteDeadline
[==========] Running 1 test from 1 test suite.
[----------] 1 test from HvfIntelProbe
[ RUN      ] HvfIntelProbe.FiniteDeadline
INTEL_PROBE phase=executor_initialization
INTEL_PROBE phase=startup_probe
INTEL_PROBE phase=prepare_with_watchdog
INTEL_PROBE begin=finite_loop call=1 deadline=909655104148 rip=65537 nonce=909648721478 witness=0
INTEL_PROBE end=finite_loop call=1 status=0 mach_before=909650135093 mach_after=909653552408
INTEL_PROBE capture=finite_loop call=1 exec_before=1663102 exec_after=4838249 reason_before=37 reason=1 rip_before=65537 rip=65540 rax=909648721478 nonce=909648721478 witness=909648721478
INTEL_PROBE begin=finite_loop call=2 deadline=909655104148 rip=65540 nonce=909648721478 witness=909648721478
INTEL_PROBE end=finite_loop call=2 status=0 mach_before=909653600036 mach_after=909657183389
INTEL_PROBE capture=finite_loop call=2 exec_before=4838249 exec_after=8412210 reason_before=1 reason=52 rip_before=65540 rip=65540 rax=909648721478 nonce=909648721478 witness=909648721478
INTEL_PROBE phase=prepare_with_watchdog
INTEL_PROBE begin=expired_mtf call=3 deadline=0 rip=65543 nonce=909657304470 witness=0
INTEL_PROBE end=expired_mtf call=3 status=0 mach_before=909659047673 mach_after=909659108884
INTEL_PROBE capture=expired_mtf call=3 exec_before=8843163 exec_after=8900663 reason_before=37 reason=52 rip_before=65543 rip=65543 rax=909657304470 nonce=909657304470 witness=0
INTEL_PROBE phase=prepare_with_watchdog
INTEL_PROBE begin=finite_mtf call=4 deadline=909665561487 rip=65543 nonce=909659209136 witness=0
INTEL_PROBE end=finite_mtf call=4 status=0 mach_before=909660581751 mach_after=909661154813
INTEL_PROBE capture=finite_mtf call=4 exec_before=9338449 exec_after=9755258 reason_before=37 reason=37 rip_before=65543 rip=65546 rax=909659209137 nonce=909659209136 witness=0
INTEL_PROBE phase=verified_retry
INTEL_PROBE phase=prepare_with_watchdog
INTEL_PROBE phase=finite_retirement
[       OK ] HvfIntelProbe.FiniteDeadline (26 ms)
[----------] 1 test from HvfIntelProbe (26 ms total)

[==========] 1 test from 1 test suite ran. (26 ms total)
[  PASSED  ] 1 test.

Repeating all tests (iteration 12) . . .

Note: Google Test filter = HvfIntelProbe.FiniteDeadline
[==========] Running 1 test from 1 test suite.
[----------] 1 test from HvfIntelProbe
[ RUN      ] HvfIntelProbe.FiniteDeadline
INTEL_PROBE phase=executor_initialization
INTEL_PROBE phase=startup_probe
INTEL_PROBE phase=prepare_with_watchdog
INTEL_PROBE begin=finite_loop call=1 deadline=909680124309 rip=65537 nonce=909673742672 witness=0
INTEL_PROBE end=finite_loop call=1 status=0 mach_before=909675157928 mach_after=909680993989
INTEL_PROBE capture=finite_loop call=1 exec_before=1481172 exec_after=7129941 reason_before=37 reason=52 rip_before=65537 rip=65540 rax=909673742672 nonce=909673742672 witness=909673742672
INTEL_PROBE phase=prepare_with_watchdog
INTEL_PROBE begin=expired_mtf call=2 deadline=0 rip=65543 nonce=909681148817 witness=0
INTEL_PROBE end=expired_mtf call=2 status=0 mach_before=909682946711 mach_after=909683014118
INTEL_PROBE capture=expired_mtf call=2 exec_before=7609441 exec_after=7673206 reason_before=37 reason=52 rip_before=65543 rip=65543 rax=909681148817 nonce=909681148817 witness=0
INTEL_PROBE phase=prepare_with_watchdog
INTEL_PROBE begin=finite_mtf call=3 deadline=909689334320 rip=65543 nonce=909683114184 witness=0
INTEL_PROBE end=finite_mtf call=3 status=0 mach_before=909684358376 mach_after=909685028675
INTEL_PROBE capture=finite_mtf call=3 exec_before=8116675 exec_after=8656169 reason_before=37 reason=37 rip_before=65543 rip=65546 rax=909683114185 nonce=909683114184 witness=0
INTEL_PROBE phase=verified_retry
INTEL_PROBE phase=prepare_with_watchdog
INTEL_PROBE phase=finite_retirement
[       OK ] HvfIntelProbe.FiniteDeadline (24 ms)
[----------] 1 test from HvfIntelProbe (24 ms total)

[==========] 1 test from 1 test suite ran. (24 ms total)
[  PASSED  ] 1 test.

Repeating all tests (iteration 13) . . .

Note: Google Test filter = HvfIntelProbe.FiniteDeadline
[==========] Running 1 test from 1 test suite.
[----------] 1 test from HvfIntelProbe
[ RUN      ] HvfIntelProbe.FiniteDeadline
INTEL_PROBE phase=executor_initialization
INTEL_PROBE phase=startup_probe
INTEL_PROBE phase=prepare_with_watchdog
INTEL_PROBE begin=finite_loop call=1 deadline=909705769007 rip=65537 nonce=909699545426 witness=0
INTEL_PROBE end=finite_loop call=1 status=0 mach_before=909700800688 mach_after=909705847347
INTEL_PROBE capture=finite_loop call=1 exec_before=1619531 exec_after=6472422 reason_before=37 reason=52 rip_before=65537 rip=65540 rax=909699545426 nonce=909699545426 witness=909699545426
INTEL_PROBE phase=prepare_with_watchdog
INTEL_PROBE begin=expired_mtf call=2 deadline=0 rip=65543 nonce=909705954863 witness=0
INTEL_PROBE end=expired_mtf call=2 status=0 mach_before=909707946552 mach_after=909708014119
INTEL_PROBE capture=expired_mtf call=2 exec_before=7037429 exec_after=7100611 reason_before=37 reason=52 rip_before=65543 rip=65543 rax=909705954863 nonce=909705954863 witness=0
INTEL_PROBE phase=prepare_with_watchdog
INTEL_PROBE begin=finite_mtf call=3 deadline=909714427415 rip=65543 nonce=909708103583 witness=0
INTEL_PROBE end=finite_mtf call=3 status=0 mach_before=909709452909 mach_after=909710131626
INTEL_PROBE capture=finite_mtf call=3 exec_before=7630436 exec_after=8165708 reason_before=37 reason=37 rip_before=65543 rip=65546 rax=909708103584 nonce=909708103583 witness=0
INTEL_PROBE phase=verified_retry
INTEL_PROBE phase=prepare_with_watchdog
INTEL_PROBE phase=finite_retirement
[       OK ] HvfIntelProbe.FiniteDeadline (24 ms)
[----------] 1 test from HvfIntelProbe (24 ms total)

[==========] 1 test from 1 test suite ran. (24 ms total)
[  PASSED  ] 1 test.

Repeating all tests (iteration 14) . . .

Note: Google Test filter = HvfIntelProbe.FiniteDeadline
[==========] Running 1 test from 1 test suite.
[----------] 1 test from HvfIntelProbe
[ RUN      ] HvfIntelProbe.FiniteDeadline
INTEL_PROBE phase=executor_initialization
INTEL_PROBE phase=startup_probe
INTEL_PROBE phase=prepare_with_watchdog
INTEL_PROBE begin=finite_loop call=1 deadline=909729567079 rip=65537 nonce=909723360893 witness=0
INTEL_PROBE end=finite_loop call=1 status=0 mach_before=909724621351 mach_after=909733763783
INTEL_PROBE capture=finite_loop call=1 exec_before=2000929 exec_after=10560323 reason_before=37 reason=1 rip_before=65537 rip=65540 rax=909723360893 nonce=909723360893 witness=909723360893
INTEL_PROBE phase=prepare_with_watchdog
INTEL_PROBE begin=expired_mtf call=2 deadline=0 rip=65543 nonce=909733865220 witness=0
INTEL_PROBE end=expired_mtf call=2 status=0 mach_before=909735618104 mach_after=909735732504
INTEL_PROBE capture=expired_mtf call=2 exec_before=11077580 exec_after=11187053 reason_before=37 reason=52 rip_before=65543 rip=65543 rax=909733865220 nonce=909733865220 witness=0
INTEL_PROBE phase=prepare_with_watchdog
INTEL_PROBE begin=finite_mtf call=3 deadline=909742184938 rip=65543 nonce=909735825429 witness=0
INTEL_PROBE end=finite_mtf call=3 status=0 mach_before=909737208662 mach_after=909737919033
INTEL_PROBE capture=finite_mtf call=3 exec_before=11703498 exec_after=12240435 reason_before=37 reason=37 rip_before=65543 rip=65546 rax=909735825430 nonce=909735825429 witness=0
INTEL_PROBE phase=verified_retry
INTEL_PROBE phase=prepare_with_watchdog
INTEL_PROBE phase=finite_retirement
[       OK ] HvfIntelProbe.FiniteDeadline (27 ms)
[----------] 1 test from HvfIntelProbe (27 ms total)

[==========] 1 test from 1 test suite ran. (27 ms total)
[  PASSED  ] 1 test.

Repeating all tests (iteration 15) . . .

Note: Google Test filter = HvfIntelProbe.FiniteDeadline
[==========] Running 1 test from 1 test suite.
[----------] 1 test from HvfIntelProbe
[ RUN      ] HvfIntelProbe.FiniteDeadline
INTEL_PROBE phase=executor_initialization
INTEL_PROBE phase=startup_probe
INTEL_PROBE phase=prepare_with_watchdog
INTEL_PROBE begin=finite_loop call=1 deadline=909757932908 rip=65537 nonce=909751601879 witness=0
INTEL_PROBE end=finite_loop call=1 status=0 mach_before=909752960229 mach_after=909753703059
INTEL_PROBE capture=finite_loop call=1 exec_before=1798056 exec_after=2306074 reason_before=37 reason=1 rip_before=65537 rip=65537 rax=909751601879 nonce=909751601879 witness=0
INTEL_PROBE begin=finite_loop call=2 deadline=909757932908 rip=65537 nonce=909751601879 witness=0
INTEL_PROBE end=finite_loop call=2 status=0 mach_before=909753747488 mach_after=909754702390
INTEL_PROBE capture=finite_loop call=2 exec_before=2306074 exec_after=3156497 reason_before=1 reason=1 rip_before=65537 rip=65540 rax=909751601879 nonce=909751601879 witness=909751601879
INTEL_PROBE begin=finite_loop call=3 deadline=909757932908 rip=65540 nonce=909751601879 witness=909751601879
INTEL_PROBE end=finite_loop call=3 status=0 mach_before=909754741129 mach_after=909758053348
INTEL_PROBE capture=finite_loop call=3 exec_before=3156497 exec_after=6460622 reason_before=1 reason=52 rip_before=65540 rip=65540 rax=909751601879 nonce=909751601879 witness=909751601879
INTEL_PROBE phase=prepare_with_watchdog
INTEL_PROBE begin=expired_mtf call=4 deadline=0 rip=65543 nonce=909758168675 witness=0
INTEL_PROBE end=expired_mtf call=4 status=0 mach_before=909760128326 mach_after=909760240790
INTEL_PROBE capture=expired_mtf call=4 exec_before=6984308 exec_after=7092079 reason_before=37 reason=52 rip_before=65543 rip=65543 rax=909758168675 nonce=909758168675 witness=0
INTEL_PROBE phase=prepare_with_watchdog
INTEL_PROBE begin=finite_mtf call=5 deadline=909766774194 rip=65543 nonce=909760353175 witness=0
INTEL_PROBE end=finite_mtf call=5 status=0 mach_before=909761800813 mach_after=909762466040
INTEL_PROBE capture=finite_mtf call=5 exec_before=7647888 exec_after=8179600 reason_before=37 reason=37 rip_before=65543 rip=65546 rax=909760353176 nonce=909760353175 witness=0
INTEL_PROBE phase=verified_retry
INTEL_PROBE phase=prepare_with_watchdog
INTEL_PROBE phase=finite_retirement
[       OK ] HvfIntelProbe.FiniteDeadline (25 ms)
[----------] 1 test from HvfIntelProbe (25 ms total)

[==========] 1 test from 1 test suite ran. (25 ms total)
[  PASSED  ] 1 test.

Repeating all tests (iteration 16) . . .

Note: Google Test filter = HvfIntelProbe.FiniteDeadline
[==========] Running 1 test from 1 test suite.
[----------] 1 test from HvfIntelProbe
[ RUN      ] HvfIntelProbe.FiniteDeadline
INTEL_PROBE phase=executor_initialization
INTEL_PROBE phase=startup_probe
INTEL_PROBE phase=prepare_with_watchdog
INTEL_PROBE begin=finite_loop call=1 deadline=909785648060 rip=65537 nonce=909778206507 witness=0
INTEL_PROBE end=finite_loop call=1 status=0 mach_before=909780683240 mach_after=909781886530
INTEL_PROBE capture=finite_loop call=1 exec_before=2901210 exec_after=3907909 reason_before=37 reason=1 rip_before=65537 rip=65540 rax=909778206507 nonce=909778206507 witness=909778206507
INTEL_PROBE begin=finite_loop call=2 deadline=909785648060 rip=65540 nonce=909778206507 witness=909778206507
INTEL_PROBE end=finite_loop call=2 status=0 mach_before=909781947704 mach_after=909782225611
INTEL_PROBE capture=finite_loop call=2 exec_before=3907909 exec_after=3994659 reason_before=1 reason=1 rip_before=65540 rip=65540 rax=909778206507 nonce=909778206507 witness=909778206507
INTEL_PROBE begin=finite_loop call=3 deadline=909785648060 rip=65540 nonce=909778206507 witness=909778206507
INTEL_PROBE end=finite_loop call=3 status=0 mach_before=909782542960 mach_after=909785721079
INTEL_PROBE capture=finite_loop call=3 exec_before=3994659 exec_after=7047652 reason_before=1 reason=52 rip_before=65540 rip=65540 rax=909778206507 nonce=909778206507 witness=909778206507
INTEL_PROBE phase=prepare_with_watchdog
INTEL_PROBE begin=expired_mtf call=4 deadline=0 rip=65543 nonce=909785840103 witness=0
INTEL_PROBE end=expired_mtf call=4 status=0 mach_before=909788074898 mach_after=909788193040
INTEL_PROBE capture=expired_mtf call=4 exec_before=7604139 exec_after=7717675 reason_before=37 reason=52 rip_before=65543 rip=65543 rax=909785840103 nonce=909785840103 witness=0
INTEL_PROBE phase=prepare_with_watchdog
INTEL_PROBE begin=finite_mtf call=5 deadline=909794930100 rip=65543 nonce=909788291042 witness=0
INTEL_PROBE end=finite_mtf call=5 status=0 mach_before=909789960132 mach_after=909790636536
INTEL_PROBE capture=finite_mtf call=5 exec_before=8273137 exec_after=8802062 reason_before=37 reason=37 rip_before=65543 rip=65546 rax=909788291043 nonce=909788291042 witness=0
INTEL_PROBE phase=verified_retry
INTEL_PROBE phase=prepare_with_watchdog
INTEL_PROBE phase=finite_retirement
[       OK ] HvfIntelProbe.FiniteDeadline (27 ms)
[----------] 1 test from HvfIntelProbe (27 ms total)

[==========] 1 test from 1 test suite ran. (27 ms total)
[  PASSED  ] 1 test.

Repeating all tests (iteration 17) . . .

Note: Google Test filter = HvfIntelProbe.FiniteDeadline
[==========] Running 1 test from 1 test suite.
[----------] 1 test from HvfIntelProbe
[ RUN      ] HvfIntelProbe.FiniteDeadline
INTEL_PROBE phase=executor_initialization
INTEL_PROBE phase=startup_probe
INTEL_PROBE phase=prepare_with_watchdog
INTEL_PROBE begin=finite_loop call=1 deadline=909814219203 rip=65537 nonce=909807135473 witness=0
INTEL_PROBE end=finite_loop call=1 status=0 mach_before=909809250723 mach_after=909814278290
INTEL_PROBE capture=finite_loop call=1 exec_before=1597225 exec_after=6416380 reason_before=37 reason=52 rip_before=65537 rip=65540 rax=909807135473 nonce=909807135473 witness=909807135473
INTEL_PROBE phase=prepare_with_watchdog
INTEL_PROBE begin=expired_mtf call=2 deadline=0 rip=65543 nonce=909814835615 witness=0
INTEL_PROBE end=expired_mtf call=2 status=0 mach_before=909817024677 mach_after=909817138837
INTEL_PROBE capture=expired_mtf call=2 exec_before=6939581 exec_after=7048224 reason_before=37 reason=52 rip_before=65543 rip=65543 rax=909814835615 nonce=909814835615 witness=0
INTEL_PROBE phase=prepare_with_watchdog
INTEL_PROBE begin=finite_mtf call=3 deadline=909823668801 rip=65543 nonce=909817237781 witness=0
INTEL_PROBE end=finite_mtf call=3 status=0 mach_before=909818702596 mach_after=909819471836
INTEL_PROBE capture=finite_mtf call=3 exec_before=7531530 exec_after=8128713 reason_before=37 reason=37 rip_before=65543 rip=65546 rax=909817237782 nonce=909817237781 witness=0
INTEL_PROBE phase=verified_retry
INTEL_PROBE phase=prepare_with_watchdog
INTEL_PROBE phase=finite_retirement
[       OK ] HvfIntelProbe.FiniteDeadline (28 ms)
[----------] 1 test from HvfIntelProbe (28 ms total)

[==========] 1 test from 1 test suite ran. (28 ms total)
[  PASSED  ] 1 test.

Repeating all tests (iteration 18) . . .

Note: Google Test filter = HvfIntelProbe.FiniteDeadline
[==========] Running 1 test from 1 test suite.
[----------] 1 test from HvfIntelProbe
[ RUN      ] HvfIntelProbe.FiniteDeadline
INTEL_PROBE phase=executor_initialization
INTEL_PROBE phase=startup_probe
INTEL_PROBE phase=prepare_with_watchdog
INTEL_PROBE begin=finite_loop call=1 deadline=909840260372 rip=65537 nonce=909833843707 witness=0
INTEL_PROBE end=finite_loop call=1 status=0 mach_before=909835294462 mach_after=909840328992
INTEL_PROBE capture=finite_loop call=1 exec_before=1817453 exec_after=6568761 reason_before=37 reason=52 rip_before=65537 rip=65540 rax=909833843707 nonce=909833843707 witness=909833843707
INTEL_PROBE phase=prepare_with_watchdog
INTEL_PROBE begin=expired_mtf call=2 deadline=0 rip=65543 nonce=909840430414 witness=0
INTEL_PROBE end=expired_mtf call=2 status=0 mach_before=909842376146 mach_after=909842443977
INTEL_PROBE capture=expired_mtf call=2 exec_before=7102551 exec_after=7166370 reason_before=37 reason=52 rip_before=65543 rip=65543 rax=909840430414 nonce=909840430414 witness=0
INTEL_PROBE phase=prepare_with_watchdog
INTEL_PROBE begin=finite_mtf call=3 deadline=909849030663 rip=65543 nonce=909842538053 witness=0
INTEL_PROBE end=finite_mtf call=3 status=0 mach_before=909844058096 mach_after=909844785698
INTEL_PROBE capture=finite_mtf call=3 exec_before=7714948 exec_after=8273123 reason_before=37 reason=37 rip_before=65543 rip=65546 rax=909842538054 nonce=909842538053 witness=0
INTEL_PROBE phase=verified_retry
INTEL_PROBE phase=prepare_with_watchdog
INTEL_PROBE phase=finite_retirement
[       OK ] HvfIntelProbe.FiniteDeadline (25 ms)
[----------] 1 test from HvfIntelProbe (25 ms total)

[==========] 1 test from 1 test suite ran. (25 ms total)
[  PASSED  ] 1 test.

Repeating all tests (iteration 19) . . .

Note: Google Test filter = HvfIntelProbe.FiniteDeadline
[==========] Running 1 test from 1 test suite.
[----------] 1 test from HvfIntelProbe
[ RUN      ] HvfIntelProbe.FiniteDeadline
INTEL_PROBE phase=executor_initialization
INTEL_PROBE phase=startup_probe
INTEL_PROBE phase=prepare_with_watchdog
INTEL_PROBE begin=finite_loop call=1 deadline=909870653942 rip=65537 nonce=909864316849 witness=0
INTEL_PROBE end=finite_loop call=1 status=0 mach_before=909865691918 mach_after=909870601112
INTEL_PROBE capture=finite_loop call=1 exec_before=1688409 exec_after=6303913 reason_before=37 reason=1 rip_before=65537 rip=65540 rax=909864316849 nonce=909864316849 witness=909864316849
INTEL_PROBE begin=finite_loop call=2 deadline=909870653942 rip=65540 nonce=909864316849 witness=909864316849
INTEL_PROBE end=finite_loop call=2 status=0 mach_before=909870653401 mach_after=909870904378
INTEL_PROBE capture=finite_loop call=2 exec_before=6303913 exec_after=6464429 reason_before=1 reason=52 rip_before=65540 rip=65540 rax=909864316849 nonce=909864316849 witness=909864316849
INTEL_PROBE phase=prepare_with_watchdog
INTEL_PROBE begin=expired_mtf call=3 deadline=0 rip=65543 nonce=909870990859 witness=0
INTEL_PROBE end=expired_mtf call=3 status=0 mach_before=909873271944 mach_after=909873416173
INTEL_PROBE capture=expired_mtf call=3 exec_before=7089371 exec_after=7228903 reason_before=37 reason=52 rip_before=65543 rip=65543 rax=909870990859 nonce=909870990859 witness=0
INTEL_PROBE phase=prepare_with_watchdog
INTEL_PROBE begin=finite_mtf call=4 deadline=909879840765 rip=65543 nonce=909873496272 witness=0
INTEL_PROBE end=finite_mtf call=4 status=0 mach_before=909874867314 mach_after=909875577213
INTEL_PROBE capture=finite_mtf call=4 exec_before=7678512 exec_after=8222893 reason_before=37 reason=37 rip_before=65543 rip=65546 rax=909873496273 nonce=909873496272 witness=0
INTEL_PROBE phase=verified_retry
INTEL_PROBE phase=prepare_with_watchdog
INTEL_PROBE phase=finite_retirement
[       OK ] HvfIntelProbe.FiniteDeadline (30 ms)
[----------] 1 test from HvfIntelProbe (30 ms total)

[==========] 1 test from 1 test suite ran. (30 ms total)
[  PASSED  ] 1 test.

Repeating all tests (iteration 20) . . .

Note: Google Test filter = HvfIntelProbe.FiniteDeadline
[==========] Running 1 test from 1 test suite.
[----------] 1 test from HvfIntelProbe
[ RUN      ] HvfIntelProbe.FiniteDeadline
INTEL_PROBE phase=executor_initialization
INTEL_PROBE phase=startup_probe
INTEL_PROBE phase=prepare_with_watchdog
INTEL_PROBE begin=finite_loop call=1 deadline=909902858055 rip=65537 nonce=909896480863 witness=0
INTEL_PROBE end=finite_loop call=1 status=0 mach_before=909897897822 mach_after=909900809420
INTEL_PROBE capture=finite_loop call=1 exec_before=1641920 exec_after=4129063 reason_before=37 reason=1 rip_before=65537 rip=65540 rax=909896480863 nonce=909896480863 witness=909896480863
INTEL_PROBE begin=finite_loop call=2 deadline=909902858055 rip=65540 nonce=909896480863 witness=909896480863
INTEL_PROBE end=finite_loop call=2 status=0 mach_before=909900872484 mach_after=909904365151
INTEL_PROBE capture=finite_loop call=2 exec_before=4129063 exec_after=7611910 reason_before=1 reason=52 rip_before=65540 rip=65540 rax=909896480863 nonce=909896480863 witness=909896480863
INTEL_PROBE phase=prepare_with_watchdog
INTEL_PROBE begin=expired_mtf call=3 deadline=0 rip=65543 nonce=909904478150 witness=0
INTEL_PROBE end=expired_mtf call=3 status=0 mach_before=909906396841 mach_after=909906507017
INTEL_PROBE capture=expired_mtf call=3 exec_before=8158233 exec_after=8263521 reason_before=37 reason=52 rip_before=65543 rip=65543 rax=909904478150 nonce=909904478150 witness=0
INTEL_PROBE phase=prepare_with_watchdog
INTEL_PROBE begin=finite_mtf call=4 deadline=909913484999 rip=65543 nonce=909906639883 witness=0
INTEL_PROBE end=finite_mtf call=4 status=0 mach_before=909908519608 mach_after=909909229627
INTEL_PROBE capture=finite_mtf call=4 exec_before=8851367 exec_after=9411103 reason_before=37 reason=37 rip_before=65543 rip=65546 rax=909906639884 nonce=909906639883 witness=0
INTEL_PROBE phase=verified_retry
INTEL_PROBE phase=prepare_with_watchdog
INTEL_PROBE phase=finite_retirement
[       OK ] HvfIntelProbe.FiniteDeadline (33 ms)
[----------] 1 test from HvfIntelProbe (33 ms total)

[==========] 1 test from 1 test suite ran. (33 ms total)
[  PASSED  ] 1 test.

Repeating all tests (iteration 21) . . .

Note: Google Test filter = HvfIntelProbe.FiniteDeadline
[==========] Running 1 test from 1 test suite.
[----------] 1 test from HvfIntelProbe
[ RUN      ] HvfIntelProbe.FiniteDeadline
INTEL_PROBE phase=executor_initialization
INTEL_PROBE phase=startup_probe
INTEL_PROBE phase=prepare_with_watchdog
INTEL_PROBE begin=finite_loop call=1 deadline=909944391369 rip=65537 nonce=909936973985 witness=0
INTEL_PROBE end=finite_loop call=1 status=0 mach_before=909939425224 mach_after=909942342064
INTEL_PROBE capture=finite_loop call=1 exec_before=2911040 exec_after=5541691 reason_before=37 reason=1 rip_before=65537 rip=65540 rax=909936973985 nonce=909936973985 witness=909936973985
INTEL_PROBE begin=finite_loop call=2 deadline=909944391369 rip=65540 nonce=909936973985 witness=909936973985
INTEL_PROBE end=finite_loop call=2 status=0 mach_before=909942399994 mach_after=909945280301
INTEL_PROBE capture=finite_loop call=2 exec_before=5541691 exec_after=8392053 reason_before=1 reason=52 rip_before=65540 rip=65540 rax=909936973985 nonce=909936973985 witness=909936973985
INTEL_PROBE phase=prepare_with_watchdog
INTEL_PROBE begin=expired_mtf call=3 deadline=0 rip=65543 nonce=909945407531 witness=0
INTEL_PROBE end=expired_mtf call=3 status=0 mach_before=909947735977 mach_after=909947804420
INTEL_PROBE capture=expired_mtf call=3 exec_before=8936756 exec_after=9000802 reason_before=37 reason=52 rip_before=65543 rip=65543 rax=909945407531 nonce=909945407531 witness=0
INTEL_PROBE phase=prepare_with_watchdog
INTEL_PROBE begin=finite_mtf call=4 deadline=909954435252 rip=65543 nonce=909947892816 witness=0
INTEL_PROBE end=finite_mtf call=4 status=0 mach_before=909949470196 mach_after=909950229050
INTEL_PROBE capture=finite_mtf call=4 exec_before=9572899 exec_after=10150085 reason_before=37 reason=37 rip_before=65543 rip=65546 rax=909947892817 nonce=909947892816 witness=0
INTEL_PROBE phase=verified_retry
INTEL_PROBE phase=prepare_with_watchdog
INTEL_PROBE phase=finite_retirement
[       OK ] HvfIntelProbe.FiniteDeadline (41 ms)
[----------] 1 test from HvfIntelProbe (41 ms total)

[==========] 1 test from 1 test suite ran. (41 ms total)
[  PASSED  ] 1 test.

Repeating all tests (iteration 22) . . .

Note: Google Test filter = HvfIntelProbe.FiniteDeadline
[==========] Running 1 test from 1 test suite.
[----------] 1 test from HvfIntelProbe
[ RUN      ] HvfIntelProbe.FiniteDeadline
INTEL_PROBE phase=executor_initialization
INTEL_PROBE phase=startup_probe
INTEL_PROBE phase=prepare_with_watchdog
INTEL_PROBE begin=finite_loop call=1 deadline=909977294155 rip=65537 nonce=909970691055 witness=0
INTEL_PROBE end=finite_loop call=1 status=0 mach_before=909972326203 mach_after=909975636477
INTEL_PROBE capture=finite_loop call=1 exec_before=1681449 exec_after=4710658 reason_before=37 reason=1 rip_before=65537 rip=65540 rax=909970691055 nonce=909970691055 witness=909970691055
INTEL_PROBE begin=finite_loop call=2 deadline=909977294155 rip=65540 nonce=909970691055 witness=909970691055
INTEL_PROBE end=finite_loop call=2 status=0 mach_before=909975698594 mach_after=909977367200
INTEL_PROBE capture=finite_loop call=2 exec_before=4710658 exec_after=6370593 reason_before=1 reason=52 rip_before=65540 rip=65540 rax=909970691055 nonce=909970691055 witness=909970691055
INTEL_PROBE phase=prepare_with_watchdog
INTEL_PROBE begin=expired_mtf call=3 deadline=0 rip=65543 nonce=909977486456 witness=0
INTEL_PROBE end=expired_mtf call=3 status=0 mach_before=909979674992 mach_after=909979741378
INTEL_PROBE capture=expired_mtf call=3 exec_before=6967738 exec_after=7030257 reason_before=37 reason=52 rip_before=65543 rip=65543 rax=909977486456 nonce=909977486456 witness=0
INTEL_PROBE phase=prepare_with_watchdog
INTEL_PROBE begin=finite_mtf call=4 deadline=909986244526 rip=65543 nonce=909979819996 witness=0
INTEL_PROBE end=finite_mtf call=4 status=0 mach_before=909981268575 mach_after=909981887142
INTEL_PROBE capture=finite_mtf call=4 exec_before=7584684 exec_after=8075763 reason_before=37 reason=37 rip_before=65543 rip=65546 rax=909979819997 nonce=909979819996 witness=0
INTEL_PROBE phase=verified_retry
INTEL_PROBE phase=prepare_with_watchdog
INTEL_PROBE phase=finite_retirement
[       OK ] HvfIntelProbe.FiniteDeadline (30 ms)
[----------] 1 test from HvfIntelProbe (30 ms total)

[==========] 1 test from 1 test suite ran. (30 ms total)
[  PASSED  ] 1 test.

Repeating all tests (iteration 23) . . .

Note: Google Test filter = HvfIntelProbe.FiniteDeadline
[==========] Running 1 test from 1 test suite.
[----------] 1 test from HvfIntelProbe
[ RUN      ] HvfIntelProbe.FiniteDeadline
INTEL_PROBE phase=executor_initialization
INTEL_PROBE phase=startup_probe
INTEL_PROBE phase=prepare_with_watchdog
INTEL_PROBE begin=finite_loop call=1 deadline=910002237456 rip=65537 nonce=909995840259 witness=0
INTEL_PROBE end=finite_loop call=1 status=0 mach_before=909997261182 mach_after=910003124046
INTEL_PROBE capture=finite_loop call=1 exec_before=1458642 exec_after=6750517 reason_before=37 reason=52 rip_before=65537 rip=65540 rax=909995840259 nonce=909995840259 witness=909995840259
INTEL_PROBE phase=prepare_with_watchdog
INTEL_PROBE begin=expired_mtf call=2 deadline=0 rip=65543 nonce=910003251227 witness=0
INTEL_PROBE end=expired_mtf call=2 status=0 mach_before=910005891860 mach_after=910005944788
INTEL_PROBE capture=expired_mtf call=2 exec_before=7382913 exec_after=7432493 reason_before=37 reason=52 rip_before=65543 rip=65543 rax=910003251227 nonce=910003251227 witness=0
INTEL_PROBE phase=prepare_with_watchdog
INTEL_PROBE begin=finite_mtf call=3 deadline=910013099439 rip=65543 nonce=910006039648 witness=0
INTEL_PROBE end=finite_mtf call=3 status=0 mach_before=910008122202 mach_after=910008800192
INTEL_PROBE capture=finite_mtf call=3 exec_before=8061891 exec_after=8597141 reason_before=37 reason=37 rip_before=65543 rip=65546 rax=910006039649 nonce=910006039648 witness=0
INTEL_PROBE phase=verified_retry
INTEL_PROBE phase=prepare_with_watchdog
INTEL_PROBE phase=finite_retirement
[       OK ] HvfIntelProbe.FiniteDeadline (27 ms)
[----------] 1 test from HvfIntelProbe (27 ms total)

[==========] 1 test from 1 test suite ran. (27 ms total)
[  PASSED  ] 1 test.

Repeating all tests (iteration 24) . . .

Note: Google Test filter = HvfIntelProbe.FiniteDeadline
[==========] Running 1 test from 1 test suite.
[----------] 1 test from HvfIntelProbe
[ RUN      ] HvfIntelProbe.FiniteDeadline
INTEL_PROBE phase=executor_initialization
INTEL_PROBE phase=startup_probe
INTEL_PROBE phase=prepare_with_watchdog
INTEL_PROBE begin=finite_loop call=1 deadline=910034703489 rip=65537 nonce=910028286586 witness=0
INTEL_PROBE end=finite_loop call=1 status=0 mach_before=910029738938 mach_after=910030525678
INTEL_PROBE capture=finite_loop call=1 exec_before=1676392 exec_after=2247361 reason_before=37 reason=1 rip_before=65537 rip=65537 rax=910028286586 nonce=910028286586 witness=0
INTEL_PROBE begin=finite_loop call=2 deadline=910034703489 rip=65537 nonce=910028286586 witness=0
INTEL_PROBE end=finite_loop call=2 status=0 mach_before=910030566795 mach_after=910036219958
INTEL_PROBE capture=finite_loop call=2 exec_before=2247361 exec_after=7871924 reason_before=1 reason=52 rip_before=65537 rip=65540 rax=910028286586 nonce=910028286586 witness=910028286586
INTEL_PROBE phase=prepare_with_watchdog
INTEL_PROBE begin=expired_mtf call=3 deadline=0 rip=65543 nonce=910036321353 witness=0
INTEL_PROBE end=expired_mtf call=3 status=0 mach_before=910038253901 mach_after=910038364805
INTEL_PROBE capture=expired_mtf call=3 exec_before=8389912 exec_after=8495917 reason_before=37 reason=52 rip_before=65543 rip=65543 rax=910036321353 nonce=910036321353 witness=0
INTEL_PROBE phase=prepare_with_watchdog
INTEL_PROBE begin=finite_mtf call=4 deadline=910045038002 rip=65543 nonce=910038453073 witness=0
INTEL_PROBE end=finite_mtf call=4 status=0 mach_before=910040069295 mach_after=910040724803
INTEL_PROBE capture=finite_mtf call=4 exec_before=9075153 exec_after=9591269 reason_before=37 reason=37 rip_before=65543 rip=65546 rax=910038453074 nonce=910038453073 witness=0
INTEL_PROBE phase=verified_retry
INTEL_PROBE phase=prepare_with_watchdog
INTEL_PROBE phase=finite_retirement
[       OK ] HvfIntelProbe.FiniteDeadline (32 ms)
[----------] 1 test from HvfIntelProbe (32 ms total)

[==========] 1 test from 1 test suite ran. (32 ms total)
[  PASSED  ] 1 test.

Repeating all tests (iteration 25) . . .

Note: Google Test filter = HvfIntelProbe.FiniteDeadline
[==========] Running 1 test from 1 test suite.
[----------] 1 test from HvfIntelProbe
[ RUN      ] HvfIntelProbe.FiniteDeadline
INTEL_PROBE phase=executor_initialization
INTEL_PROBE phase=startup_probe
INTEL_PROBE phase=prepare_with_watchdog
INTEL_PROBE begin=finite_loop call=1 deadline=910062759839 rip=65537 nonce=910055778181 witness=0
INTEL_PROBE end=finite_loop call=1 status=0 mach_before=910057796023 mach_after=910085383517
INTEL_PROBE capture=finite_loop call=1 exec_before=2258443 exec_after=29665427 reason_before=37 reason=52 rip_before=65537 rip=65540 rax=910055778181 nonce=910055778181 witness=910055778181
INTEL_PROBE phase=prepare_with_watchdog
INTEL_PROBE begin=expired_mtf call=2 deadline=0 rip=65543 nonce=910085463356 witness=0
INTEL_PROBE end=expired_mtf call=2 status=0 mach_before=910087862884 mach_after=910087963422
INTEL_PROBE capture=expired_mtf call=2 exec_before=30304243 exec_after=30399821 reason_before=37 reason=52 rip_before=65543 rip=65543 rax=910085463356 nonce=910085463356 witness=0
INTEL_PROBE phase=prepare_with_watchdog
INTEL_PROBE begin=finite_mtf call=3 deadline=910094352226 rip=65543 nonce=910088040827 witness=0
INTEL_PROBE end=finite_mtf call=3 status=0 mach_before=910089372229 mach_after=910090119992
INTEL_PROBE capture=finite_mtf call=3 exec_before=30909707 exec_after=31468828 reason_before=37 reason=37 rip_before=65543 rip=65546 rax=910088040828 nonce=910088040827 witness=0
INTEL_PROBE phase=verified_retry
INTEL_PROBE phase=prepare_with_watchdog
INTEL_PROBE phase=finite_retirement
[       OK ] HvfIntelProbe.FiniteDeadline (48 ms)
[----------] 1 test from HvfIntelProbe (48 ms total)

[==========] 1 test from 1 test suite ran. (48 ms total)
[  PASSED  ] 1 test.

Repeating all tests (iteration 26) . . .

Note: Google Test filter = HvfIntelProbe.FiniteDeadline
[==========] Running 1 test from 1 test suite.
[----------] 1 test from HvfIntelProbe
[ RUN      ] HvfIntelProbe.FiniteDeadline
INTEL_PROBE phase=executor_initialization
INTEL_PROBE phase=startup_probe
INTEL_PROBE phase=prepare_with_watchdog
INTEL_PROBE begin=finite_loop call=1 deadline=910110695003 rip=65537 nonce=910104437452 witness=0
INTEL_PROBE end=finite_loop call=1 status=0 mach_before=910105723648 mach_after=910114466632
INTEL_PROBE capture=finite_loop call=1 exec_before=2035698 exec_after=10568708 reason_before=37 reason=52 rip_before=65537 rip=65540 rax=910104437452 nonce=910104437452 witness=910104437452
INTEL_PROBE phase=prepare_with_watchdog
INTEL_PROBE begin=expired_mtf call=2 deadline=0 rip=65543 nonce=910114724437 witness=0
INTEL_PROBE end=expired_mtf call=2 status=0 mach_before=910116777603 mach_after=910116884805
INTEL_PROBE capture=expired_mtf call=2 exec_before=11141414 exec_after=11243797 reason_before=37 reason=52 rip_before=65543 rip=65543 rax=910114724437 nonce=910114724437 witness=0
INTEL_PROBE phase=prepare_with_watchdog
INTEL_PROBE begin=finite_mtf call=3 deadline=910123198641 rip=65543 nonce=910116976457 witness=0
INTEL_PROBE end=finite_mtf call=3 status=0 mach_before=910118218677 mach_after=910118815527
INTEL_PROBE capture=finite_mtf call=3 exec_before=11663545 exec_after=12125306 reason_before=37 reason=37 rip_before=65543 rip=65546 rax=910116976458 nonce=910116976457 witness=0
INTEL_PROBE phase=verified_retry
INTEL_PROBE phase=prepare_with_watchdog
INTEL_PROBE phase=finite_retirement
[       OK ] HvfIntelProbe.FiniteDeadline (28 ms)
[----------] 1 test from HvfIntelProbe (28 ms total)

[==========] 1 test from 1 test suite ran. (28 ms total)
[  PASSED  ] 1 test.

Repeating all tests (iteration 27) . . .

Note: Google Test filter = HvfIntelProbe.FiniteDeadline
[==========] Running 1 test from 1 test suite.
[----------] 1 test from HvfIntelProbe
[ RUN      ] HvfIntelProbe.FiniteDeadline
INTEL_PROBE phase=executor_initialization
INTEL_PROBE phase=startup_probe
INTEL_PROBE phase=prepare_with_watchdog
INTEL_PROBE begin=finite_loop call=1 deadline=910138371942 rip=65537 nonce=910131858378 witness=0
INTEL_PROBE end=finite_loop call=1 status=0 mach_before=910133401930 mach_after=910147770941
INTEL_PROBE capture=finite_loop call=1 exec_before=2112802 exec_after=16327929 reason_before=37 reason=52 rip_before=65537 rip=65540 rax=910131858378 nonce=910131858378 witness=910131858378
INTEL_PROBE phase=prepare_with_watchdog
INTEL_PROBE begin=expired_mtf call=2 deadline=0 rip=65543 nonce=910147869602 witness=0
INTEL_PROBE end=expired_mtf call=2 status=0 mach_before=910149820185 mach_after=910149889470
INTEL_PROBE capture=expired_mtf call=2 exec_before=16895478 exec_after=16960738 reason_before=37 reason=52 rip_before=65543 rip=65543 rax=910147869602 nonce=910147869602 witness=0
INTEL_PROBE phase=prepare_with_watchdog
INTEL_PROBE begin=finite_mtf call=3 deadline=910156370913 rip=65543 nonce=910150063042 witness=0
INTEL_PROBE end=finite_mtf call=3 status=0 mach_before=910151395322 mach_after=910152089249
INTEL_PROBE capture=finite_mtf call=3 exec_before=17477237 exec_after=18008685 reason_before=37 reason=37 rip_before=65543 rip=65546 rax=910150063043 nonce=910150063042 witness=0
INTEL_PROBE phase=verified_retry
INTEL_PROBE phase=prepare_with_watchdog
INTEL_PROBE phase=finite_retirement
[       OK ] HvfIntelProbe.FiniteDeadline (33 ms)
[----------] 1 test from HvfIntelProbe (33 ms total)

[==========] 1 test from 1 test suite ran. (33 ms total)
[  PASSED  ] 1 test.

Repeating all tests (iteration 28) . . .

Note: Google Test filter = HvfIntelProbe.FiniteDeadline
[==========] Running 1 test from 1 test suite.
[----------] 1 test from HvfIntelProbe
[ RUN      ] HvfIntelProbe.FiniteDeadline
INTEL_PROBE phase=executor_initialization
INTEL_PROBE phase=startup_probe
INTEL_PROBE phase=prepare_with_watchdog
INTEL_PROBE begin=finite_loop call=1 deadline=910171828670 rip=65537 nonce=910165621302 witness=0
INTEL_PROBE end=finite_loop call=1 status=0 mach_before=910166855583 mach_after=910173081002
INTEL_PROBE capture=finite_loop call=1 exec_before=1703111 exec_after=7789894 reason_before=37 reason=52 rip_before=65537 rip=65540 rax=910165621302 nonce=910165621302 witness=910165621302
INTEL_PROBE phase=prepare_with_watchdog
INTEL_PROBE begin=expired_mtf call=2 deadline=0 rip=65543 nonce=910173166950 witness=0
INTEL_PROBE end=expired_mtf call=2 status=0 mach_before=910175189999 mach_after=910175297790
INTEL_PROBE capture=expired_mtf call=2 exec_before=8296566 exec_after=8399021 reason_before=37 reason=52 rip_before=65543 rip=65543 rax=910173166950 nonce=910173166950 witness=0
INTEL_PROBE phase=prepare_with_watchdog
INTEL_PROBE begin=finite_mtf call=3 deadline=910181742681 rip=65543 nonce=910175379745 witness=0
INTEL_PROBE end=finite_mtf call=3 status=0 mach_before=910176769586 mach_after=910177439311
INTEL_PROBE capture=finite_mtf call=3 exec_before=8920469 exec_after=9438737 reason_before=37 reason=37 rip_before=65543 rip=65546 rax=910175379746 nonce=910175379745 witness=0
INTEL_PROBE phase=verified_retry
INTEL_PROBE phase=prepare_with_watchdog
INTEL_PROBE phase=finite_retirement
[       OK ] HvfIntelProbe.FiniteDeadline (25 ms)
[----------] 1 test from HvfIntelProbe (25 ms total)

[==========] 1 test from 1 test suite ran. (25 ms total)
[  PASSED  ] 1 test.

Repeating all tests (iteration 29) . . .

Note: Google Test filter = HvfIntelProbe.FiniteDeadline
[==========] Running 1 test from 1 test suite.
[----------] 1 test from HvfIntelProbe
[ RUN      ] HvfIntelProbe.FiniteDeadline
INTEL_PROBE phase=executor_initialization
INTEL_PROBE phase=startup_probe
INTEL_PROBE phase=prepare_with_watchdog
INTEL_PROBE begin=finite_loop call=1 deadline=910199012565 rip=65537 nonce=910192636986 witness=0
INTEL_PROBE end=finite_loop call=1 status=0 mach_before=910194040582 mach_after=910200286179
INTEL_PROBE capture=finite_loop call=1 exec_before=3322974 exec_after=9348105 reason_before=37 reason=1 rip_before=65537 rip=65540 rax=910192636986 nonce=910192636986 witness=910192636986
INTEL_PROBE phase=prepare_with_watchdog
INTEL_PROBE begin=expired_mtf call=2 deadline=0 rip=65543 nonce=910200388933 witness=0
INTEL_PROBE end=expired_mtf call=2 status=0 mach_before=910202375257 mach_after=910202443504
INTEL_PROBE capture=expired_mtf call=2 exec_before=9882804 exec_after=9947114 reason_before=37 reason=52 rip_before=65543 rip=65543 rax=910200388933 nonce=910200388933 witness=0
INTEL_PROBE phase=prepare_with_watchdog
INTEL_PROBE begin=finite_mtf call=3 deadline=910208966978 rip=65543 nonce=910202522771 witness=0
INTEL_PROBE end=finite_mtf call=3 status=0 mach_before=910203989383 mach_after=910204647260
INTEL_PROBE capture=finite_mtf call=3 exec_before=10483018 exec_after=10987907 reason_before=37 reason=37 rip_before=65543 rip=65546 rax=910202522772 nonce=910202522771 witness=0
INTEL_PROBE phase=verified_retry
INTEL_PROBE phase=prepare_with_watchdog
INTEL_PROBE phase=finite_retirement
[       OK ] HvfIntelProbe.FiniteDeadline (27 ms)
[----------] 1 test from HvfIntelProbe (27 ms total)

[==========] 1 test from 1 test suite ran. (27 ms total)
[  PASSED  ] 1 test.

Repeating all tests (iteration 30) . . .

Note: Google Test filter = HvfIntelProbe.FiniteDeadline
[==========] Running 1 test from 1 test suite.
[----------] 1 test from HvfIntelProbe
[ RUN      ] HvfIntelProbe.FiniteDeadline
INTEL_PROBE phase=executor_initialization
INTEL_PROBE phase=startup_probe
INTEL_PROBE phase=prepare_with_watchdog
INTEL_PROBE begin=finite_loop call=1 deadline=910229547236 rip=65537 nonce=910222241968 witness=0
INTEL_PROBE end=finite_loop call=1 status=0 mach_before=910224576930 mach_after=910230294696
INTEL_PROBE capture=finite_loop call=1 exec_before=2366064 exec_after=7878008 reason_before=37 reason=52 rip_before=65537 rip=65540 rax=910222241968 nonce=910222241968 witness=910222241968
INTEL_PROBE phase=prepare_with_watchdog
INTEL_PROBE begin=expired_mtf call=2 deadline=0 rip=65543 nonce=910230417896 witness=0
INTEL_PROBE end=expired_mtf call=2 status=0 mach_before=910232126183 mach_after=910232233103
INTEL_PROBE capture=expired_mtf call=2 exec_before=8327567 exec_after=8429496 reason_before=37 reason=52 rip_before=65543 rip=65543 rax=910230417896 nonce=910230417896 witness=0
INTEL_PROBE phase=prepare_with_watchdog
INTEL_PROBE begin=finite_mtf call=3 deadline=910238598396 rip=65543 nonce=910232330724 witness=0
INTEL_PROBE end=finite_mtf call=3 status=0 mach_before=910233619169 mach_after=910234322043
INTEL_PROBE capture=finite_mtf call=3 exec_before=8914186 exec_after=9460087 reason_before=37 reason=37 rip_before=65543 rip=65546 rax=910232330725 nonce=910232330724 witness=0
INTEL_PROBE phase=verified_retry
INTEL_PROBE phase=prepare_with_watchdog
INTEL_PROBE phase=finite_retirement
[       OK ] HvfIntelProbe.FiniteDeadline (29 ms)
[----------] 1 test from HvfIntelProbe (29 ms total)

[==========] 1 test from 1 test suite ran. (29 ms total)
[  PASSED  ] 1 test.

Repeating all tests (iteration 31) . . .

Note: Google Test filter = HvfIntelProbe.FiniteDeadline
[==========] Running 1 test from 1 test suite.
[----------] 1 test from HvfIntelProbe
[ RUN      ] HvfIntelProbe.FiniteDeadline
INTEL_PROBE phase=executor_initialization
INTEL_PROBE phase=startup_probe
INTEL_PROBE phase=prepare_with_watchdog
INTEL_PROBE begin=finite_loop call=1 deadline=910256831863 rip=65537 nonce=910250428085 witness=0
INTEL_PROBE end=finite_loop call=1 status=0 mach_before=910251860954 mach_after=910256897284
INTEL_PROBE capture=finite_loop call=1 exec_before=2090417 exec_after=6937140 reason_before=37 reason=52 rip_before=65537 rip=65540 rax=910250428085 nonce=910250428085 witness=910250428085
INTEL_PROBE phase=prepare_with_watchdog
INTEL_PROBE begin=expired_mtf call=2 deadline=0 rip=65543 nonce=910256977883 witness=0
INTEL_PROBE end=expired_mtf call=2 status=0 mach_before=910258738110 mach_after=910258827169
INTEL_PROBE capture=expired_mtf call=2 exec_before=7365105 exec_after=7449961 reason_before=37 reason=52 rip_before=65543 rip=65543 rax=910256977883 nonce=910256977883 witness=0
INTEL_PROBE phase=prepare_with_watchdog
INTEL_PROBE begin=finite_mtf call=3 deadline=910265047097 rip=65543 nonce=910258895308 witness=0
INTEL_PROBE end=finite_mtf call=3 status=0 mach_before=910260072145 mach_after=910260774306
INTEL_PROBE capture=finite_mtf call=3 exec_before=7866601 exec_after=8411997 reason_before=37 reason=37 rip_before=65543 rip=65546 rax=910258895309 nonce=910258895308 witness=0
INTEL_PROBE phase=verified_retry
INTEL_PROBE phase=prepare_with_watchdog
INTEL_PROBE phase=finite_retirement
[       OK ] HvfIntelProbe.FiniteDeadline (25 ms)
[----------] 1 test from HvfIntelProbe (25 ms total)

[==========] 1 test from 1 test suite ran. (25 ms total)
[  PASSED  ] 1 test.

Repeating all tests (iteration 32) . . .

Note: Google Test filter = HvfIntelProbe.FiniteDeadline
[==========] Running 1 test from 1 test suite.
[----------] 1 test from HvfIntelProbe
[ RUN      ] HvfIntelProbe.FiniteDeadline
INTEL_PROBE phase=executor_initialization
INTEL_PROBE phase=startup_probe
INTEL_PROBE phase=prepare_with_watchdog
INTEL_PROBE begin=finite_loop call=1 deadline=910282055087 rip=65537 nonce=910275530597 witness=0
INTEL_PROBE end=finite_loop call=1 status=0 mach_before=910277085420 mach_after=910283745822
INTEL_PROBE capture=finite_loop call=1 exec_before=1878164 exec_after=8106658 reason_before=37 reason=1 rip_before=65537 rip=65540 rax=910275530597 nonce=910275530597 witness=910275530597
INTEL_PROBE phase=prepare_with_watchdog
INTEL_PROBE begin=expired_mtf call=2 deadline=0 rip=65543 nonce=910283850863 witness=0
INTEL_PROBE end=expired_mtf call=2 status=0 mach_before=910285813893 mach_after=910285878244
INTEL_PROBE capture=expired_mtf call=2 exec_before=8649276 exec_after=8709732 reason_before=37 reason=52 rip_before=65543 rip=65543 rax=910283850863 nonce=910283850863 witness=0
INTEL_PROBE phase=prepare_with_watchdog
INTEL_PROBE begin=finite_mtf call=3 deadline=910292629758 rip=65543 nonce=910285979782 witness=0
INTEL_PROBE end=finite_mtf call=3 status=0 mach_before=910287661056 mach_after=910288343401
INTEL_PROBE capture=finite_mtf call=3 exec_before=9204694 exec_after=9744423 reason_before=37 reason=37 rip_before=65543 rip=65546 rax=910285979783 nonce=910285979782 witness=0
INTEL_PROBE phase=verified_retry
INTEL_PROBE phase=prepare_with_watchdog
INTEL_PROBE phase=finite_retirement
[       OK ] HvfIntelProbe.FiniteDeadline (27 ms)
[----------] 1 test from HvfIntelProbe (27 ms total)

[==========] 1 test from 1 test suite ran. (27 ms total)
[  PASSED  ] 1 test.

Repeating all tests (iteration 33) . . .

Note: Google Test filter = HvfIntelProbe.FiniteDeadline
[==========] Running 1 test from 1 test suite.
[----------] 1 test from HvfIntelProbe
[ RUN      ] HvfIntelProbe.FiniteDeadline
INTEL_PROBE phase=executor_initialization
INTEL_PROBE phase=startup_probe
INTEL_PROBE phase=prepare_with_watchdog
INTEL_PROBE begin=finite_loop call=1 deadline=910307862892 rip=65537 nonce=910301487282 witness=0
INTEL_PROBE end=finite_loop call=1 status=0 mach_before=910302897107 mach_after=910307931192
INTEL_PROBE capture=finite_loop call=1 exec_before=1482892 exec_after=6324402 reason_before=37 reason=52 rip_before=65537 rip=65540 rax=910301487282 nonce=910301487282 witness=910301487282
INTEL_PROBE phase=prepare_with_watchdog
INTEL_PROBE begin=expired_mtf call=2 deadline=0 rip=65543 nonce=910308029397 witness=0
INTEL_PROBE end=expired_mtf call=2 status=0 mach_before=910309893287 mach_after=910309958583
INTEL_PROBE capture=expired_mtf call=2 exec_before=6775807 exec_after=6836913 reason_before=37 reason=52 rip_before=65543 rip=65543 rax=910308029397 nonce=910308029397 witness=0
INTEL_PROBE phase=prepare_with_watchdog
INTEL_PROBE begin=finite_mtf call=3 deadline=910316621750 rip=65543 nonce=910310037997 witness=0
INTEL_PROBE end=finite_mtf call=3 status=0 mach_before=910311644131 mach_after=910312520692
INTEL_PROBE capture=finite_mtf call=3 exec_before=7462224 exec_after=8078246 reason_before=37 reason=37 rip_before=65543 rip=65546 rax=910310037998 nonce=910310037997 witness=0
INTEL_PROBE phase=verified_retry
INTEL_PROBE phase=prepare_with_watchdog
INTEL_PROBE phase=finite_retirement
[       OK ] HvfIntelProbe.FiniteDeadline (24 ms)
[----------] 1 test from HvfIntelProbe (24 ms total)

[==========] 1 test from 1 test suite ran. (24 ms total)
[  PASSED  ] 1 test.

Repeating all tests (iteration 34) . . .

Note: Google Test filter = HvfIntelProbe.FiniteDeadline
[==========] Running 1 test from 1 test suite.
[----------] 1 test from HvfIntelProbe
[ RUN      ] HvfIntelProbe.FiniteDeadline
INTEL_PROBE phase=executor_initialization
INTEL_PROBE phase=startup_probe
INTEL_PROBE phase=prepare_with_watchdog
INTEL_PROBE begin=finite_loop call=1 deadline=910333534722 rip=65537 nonce=910327226161 witness=0
INTEL_PROBE end=finite_loop call=1 status=0 mach_before=910328564274 mach_after=910333898442
INTEL_PROBE capture=finite_loop call=1 exec_before=1846696 exec_after=6896860 reason_before=37 reason=52 rip_before=65537 rip=65540 rax=910327226161 nonce=910327226161 witness=910327226161
INTEL_PROBE phase=prepare_with_watchdog
INTEL_PROBE begin=expired_mtf call=2 deadline=0 rip=65543 nonce=910334049735 witness=0
INTEL_PROBE end=expired_mtf call=2 status=0 mach_before=910336227248 mach_after=910336327283
INTEL_PROBE capture=expired_mtf call=2 exec_before=7417849 exec_after=7513591 reason_before=37 reason=52 rip_before=65543 rip=65543 rax=910334049735 nonce=910334049735 witness=0
INTEL_PROBE phase=prepare_with_watchdog
INTEL_PROBE begin=finite_mtf call=3 deadline=910342957001 rip=65543 nonce=910336403171 witness=0
INTEL_PROBE end=finite_mtf call=3 status=0 mach_before=910337981215 mach_after=910338744616
INTEL_PROBE capture=finite_mtf call=3 exec_before=7987566 exec_after=8559239 reason_before=37 reason=37 rip_before=65543 rip=65546 rax=910336403172 nonce=910336403171 witness=0
INTEL_PROBE phase=verified_retry
INTEL_PROBE phase=prepare_with_watchdog
INTEL_PROBE phase=finite_retirement
[       OK ] HvfIntelProbe.FiniteDeadline (25 ms)
[----------] 1 test from HvfIntelProbe (26 ms total)

[==========] 1 test from 1 test suite ran. (26 ms total)
[  PASSED  ] 1 test.

Repeating all tests (iteration 35) . . .

Note: Google Test filter = HvfIntelProbe.FiniteDeadline
[==========] Running 1 test from 1 test suite.
[----------] 1 test from HvfIntelProbe
[ RUN      ] HvfIntelProbe.FiniteDeadline
INTEL_PROBE phase=executor_initialization
INTEL_PROBE phase=startup_probe
INTEL_PROBE phase=prepare_with_watchdog
INTEL_PROBE begin=finite_loop call=1 deadline=910360978312 rip=65537 nonce=910354584733 witness=0
INTEL_PROBE end=finite_loop call=1 status=0 mach_before=910356013625 mach_after=910361110411
INTEL_PROBE capture=finite_loop call=1 exec_before=1602292 exec_after=6309094 reason_before=37 reason=52 rip_before=65537 rip=65540 rax=910354584733 nonce=910354584733 witness=910354584733
INTEL_PROBE phase=prepare_with_watchdog
INTEL_PROBE begin=expired_mtf call=2 deadline=0 rip=65543 nonce=910361226563 witness=0
INTEL_PROBE end=expired_mtf call=2 status=0 mach_before=910363432166 mach_after=910363553460
INTEL_PROBE capture=expired_mtf call=2 exec_before=6896664 exec_after=7013141 reason_before=37 reason=52 rip_before=65543 rip=65543 rax=910361226563 nonce=910361226563 witness=0
INTEL_PROBE phase=prepare_with_watchdog
INTEL_PROBE begin=finite_mtf call=3 deadline=910370432057 rip=65543 nonce=910363654989 witness=0
INTEL_PROBE end=finite_mtf call=3 status=0 mach_before=910365543710 mach_after=910366234507
INTEL_PROBE capture=finite_mtf call=3 exec_before=7592777 exec_after=8074464 reason_before=37 reason=37 rip_before=65543 rip=65546 rax=910363654990 nonce=910363654989 witness=0
INTEL_PROBE phase=verified_retry
INTEL_PROBE phase=prepare_with_watchdog
INTEL_PROBE phase=finite_retirement
[       OK ] HvfIntelProbe.FiniteDeadline (27 ms)
[----------] 1 test from HvfIntelProbe (27 ms total)

[==========] 1 test from 1 test suite ran. (27 ms total)
[  PASSED  ] 1 test.

Repeating all tests (iteration 36) . . .

Note: Google Test filter = HvfIntelProbe.FiniteDeadline
[==========] Running 1 test from 1 test suite.
[----------] 1 test from HvfIntelProbe
[ RUN      ] HvfIntelProbe.FiniteDeadline
INTEL_PROBE phase=executor_initialization
INTEL_PROBE phase=startup_probe
INTEL_PROBE phase=prepare_with_watchdog
INTEL_PROBE begin=finite_loop call=1 deadline=910388487840 rip=65537 nonce=910381725654 witness=0
INTEL_PROBE end=finite_loop call=1 status=0 mach_before=910383543095 mach_after=910388566790
INTEL_PROBE capture=finite_loop call=1 exec_before=2145507 exec_after=6964475 reason_before=37 reason=52 rip_before=65537 rip=65540 rax=910381725654 nonce=910381725654 witness=910381725654
INTEL_PROBE phase=prepare_with_watchdog
INTEL_PROBE begin=expired_mtf call=2 deadline=0 rip=65543 nonce=910388667455 witness=0
INTEL_PROBE end=expired_mtf call=2 status=0 mach_before=910390631379 mach_after=910390688922
INTEL_PROBE capture=expired_mtf call=2 exec_before=7509549 exec_after=7563120 reason_before=37 reason=52 rip_before=65543 rip=65543 rax=910388667455 nonce=910388667455 witness=0
INTEL_PROBE phase=prepare_with_watchdog
INTEL_PROBE begin=finite_mtf call=3 deadline=910397353585 rip=65543 nonce=910390762770 witness=0
INTEL_PROBE end=finite_mtf call=3 status=0 mach_before=910392406162 mach_after=910393156395
INTEL_PROBE capture=finite_mtf call=3 exec_before=8128150 exec_after=8702845 reason_before=37 reason=37 rip_before=65543 rip=65546 rax=910390762771 nonce=910390762770 witness=0
INTEL_PROBE phase=verified_retry
INTEL_PROBE phase=prepare_with_watchdog
INTEL_PROBE phase=finite_retirement
[       OK ] HvfIntelProbe.FiniteDeadline (26 ms)
[----------] 1 test from HvfIntelProbe (26 ms total)

[==========] 1 test from 1 test suite ran. (26 ms total)
[  PASSED  ] 1 test.

Repeating all tests (iteration 37) . . .

Note: Google Test filter = HvfIntelProbe.FiniteDeadline
[==========] Running 1 test from 1 test suite.
[----------] 1 test from HvfIntelProbe
[ RUN      ] HvfIntelProbe.FiniteDeadline
INTEL_PROBE phase=executor_initialization
INTEL_PROBE phase=startup_probe
INTEL_PROBE phase=prepare_with_watchdog
INTEL_PROBE begin=finite_loop call=1 deadline=910414383960 rip=65537 nonce=910407806684 witness=0
INTEL_PROBE end=finite_loop call=1 status=0 mach_before=910409413725 mach_after=910414454830
INTEL_PROBE capture=finite_loop call=1 exec_before=1847041 exec_after=6727740 reason_before=37 reason=52 rip_before=65537 rip=65540 rax=910407806684 nonce=910407806684 witness=910407806684
INTEL_PROBE phase=prepare_with_watchdog
INTEL_PROBE begin=expired_mtf call=2 deadline=0 rip=65543 nonce=910414562941 witness=0
INTEL_PROBE end=expired_mtf call=2 status=0 mach_before=910416623162 mach_after=910416745494
INTEL_PROBE capture=expired_mtf call=2 exec_before=7207851 exec_after=7308216 reason_before=37 reason=52 rip_before=65543 rip=65543 rax=910414562941 nonce=910414562941 witness=0
INTEL_PROBE phase=prepare_with_watchdog
INTEL_PROBE begin=finite_mtf call=3 deadline=910423240978 rip=65543 nonce=910416857750 witness=0
INTEL_PROBE end=finite_mtf call=3 status=0 mach_before=910418266926 mach_after=910418896741
INTEL_PROBE capture=finite_mtf call=3 exec_before=7790629 exec_after=8286571 reason_before=37 reason=37 rip_before=65543 rip=65546 rax=910416857751 nonce=910416857750 witness=0
INTEL_PROBE phase=verified_retry
INTEL_PROBE phase=prepare_with_watchdog
INTEL_PROBE phase=finite_retirement
[       OK ] HvfIntelProbe.FiniteDeadline (25 ms)
[----------] 1 test from HvfIntelProbe (25 ms total)

[==========] 1 test from 1 test suite ran. (25 ms total)
[  PASSED  ] 1 test.

Repeating all tests (iteration 38) . . .

Note: Google Test filter = HvfIntelProbe.FiniteDeadline
[==========] Running 1 test from 1 test suite.
[----------] 1 test from HvfIntelProbe
[ RUN      ] HvfIntelProbe.FiniteDeadline
INTEL_PROBE phase=executor_initialization
INTEL_PROBE phase=startup_probe
INTEL_PROBE phase=prepare_with_watchdog
INTEL_PROBE begin=finite_loop call=1 deadline=910440448716 rip=65537 nonce=910433803274 witness=0
INTEL_PROBE end=finite_loop call=1 status=0 mach_before=910435477054 mach_after=910442469324
INTEL_PROBE capture=finite_loop call=1 exec_before=1900904 exec_after=8555827 reason_before=37 reason=52 rip_before=65537 rip=65540 rax=910433803274 nonce=910433803274 witness=910433803274
INTEL_PROBE phase=prepare_with_watchdog
INTEL_PROBE begin=expired_mtf call=2 deadline=0 rip=65543 nonce=910447309734 witness=0
INTEL_PROBE end=expired_mtf call=2 status=0 mach_before=910449599468 mach_after=910449663182
INTEL_PROBE capture=expired_mtf call=2 exec_before=9081442 exec_after=9141527 reason_before=37 reason=52 rip_before=65543 rip=65543 rax=910447309734 nonce=910447309734 witness=0
INTEL_PROBE phase=prepare_with_watchdog
INTEL_PROBE begin=finite_mtf call=3 deadline=910456139808 rip=65543 nonce=910449745831 witness=0
INTEL_PROBE end=finite_mtf call=3 status=0 mach_before=910451166342 mach_after=910451889411
INTEL_PROBE capture=finite_mtf call=3 exec_before=9648663 exec_after=10205601 reason_before=37 reason=37 rip_before=65543 rip=65546 rax=910449745832 nonce=910449745831 witness=0
INTEL_PROBE phase=verified_retry
INTEL_PROBE phase=prepare_with_watchdog
INTEL_PROBE phase=finite_retirement
[       OK ] HvfIntelProbe.FiniteDeadline (32 ms)
[----------] 1 test from HvfIntelProbe (32 ms total)

[==========] 1 test from 1 test suite ran. (32 ms total)
[  PASSED  ] 1 test.

Repeating all tests (iteration 39) . . .

Note: Google Test filter = HvfIntelProbe.FiniteDeadline
[==========] Running 1 test from 1 test suite.
[----------] 1 test from HvfIntelProbe
[ RUN      ] HvfIntelProbe.FiniteDeadline
INTEL_PROBE phase=executor_initialization
INTEL_PROBE phase=startup_probe
INTEL_PROBE phase=prepare_with_watchdog
INTEL_PROBE begin=finite_loop call=1 deadline=910475462198 rip=65537 nonce=910467856308 witness=0
INTEL_PROBE end=finite_loop call=1 status=0 mach_before=910470490693 mach_after=910478351910
INTEL_PROBE capture=finite_loop call=1 exec_before=3107283 exec_after=10809051 reason_before=37 reason=52 rip_before=65537 rip=65540 rax=910467856308 nonce=910467856308 witness=910467856308
INTEL_PROBE phase=prepare_with_watchdog
INTEL_PROBE begin=expired_mtf call=2 deadline=0 rip=65543 nonce=910478458976 witness=0
INTEL_PROBE end=expired_mtf call=2 status=0 mach_before=910480271861 mach_after=910480380104
INTEL_PROBE capture=expired_mtf call=2 exec_before=11260908 exec_after=11364167 reason_before=37 reason=52 rip_before=65543 rip=65543 rax=910478458976 nonce=910478458976 witness=0
INTEL_PROBE phase=prepare_with_watchdog
INTEL_PROBE begin=finite_mtf call=3 deadline=910486903776 rip=65543 nonce=910480536044 witness=0
INTEL_PROBE end=finite_mtf call=3 status=0 mach_before=910481939082 mach_after=910482587832
INTEL_PROBE capture=finite_mtf call=3 exec_before=11855108 exec_after=12370088 reason_before=37 reason=37 rip_before=65543 rip=65546 rax=910480536045 nonce=910480536044 witness=0
INTEL_PROBE phase=verified_retry
INTEL_PROBE phase=prepare_with_watchdog
INTEL_PROBE phase=finite_retirement
[       OK ] HvfIntelProbe.FiniteDeadline (30 ms)
[----------] 1 test from HvfIntelProbe (30 ms total)

[==========] 1 test from 1 test suite ran. (30 ms total)
[  PASSED  ] 1 test.

Repeating all tests (iteration 40) . . .

Note: Google Test filter = HvfIntelProbe.FiniteDeadline
[==========] Running 1 test from 1 test suite.
[----------] 1 test from HvfIntelProbe
[ RUN      ] HvfIntelProbe.FiniteDeadline
INTEL_PROBE phase=executor_initialization
INTEL_PROBE phase=startup_probe
INTEL_PROBE phase=prepare_with_watchdog
INTEL_PROBE begin=finite_loop call=1 deadline=910504071190 rip=65537 nonce=910497655950 witness=0
INTEL_PROBE end=finite_loop call=1 status=0 mach_before=910499098110 mach_after=910504147437
INTEL_PROBE capture=finite_loop call=1 exec_before=1939513 exec_after=6766933 reason_before=37 reason=52 rip_before=65537 rip=65540 rax=910497655950 nonce=910497655950 witness=910497655950
INTEL_PROBE phase=prepare_with_watchdog
INTEL_PROBE begin=expired_mtf call=2 deadline=0 rip=65543 nonce=910504245031 witness=0
INTEL_PROBE end=expired_mtf call=2 status=0 mach_before=910506162830 mach_after=910506253503
INTEL_PROBE capture=expired_mtf call=2 exec_before=7303655 exec_after=7381147 reason_before=37 reason=52 rip_before=65543 rip=65543 rax=910504245031 nonce=910504245031 witness=0
INTEL_PROBE phase=prepare_with_watchdog
INTEL_PROBE begin=finite_mtf call=3 deadline=910512961553 rip=65543 nonce=910506348351 witness=0
INTEL_PROBE end=finite_mtf call=3 status=0 mach_before=910507989472 mach_after=910508657383
INTEL_PROBE capture=finite_mtf call=3 exec_before=8078565 exec_after=8590328 reason_before=37 reason=37 rip_before=65543 rip=65546 rax=910506348352 nonce=910506348351 witness=0
INTEL_PROBE phase=verified_retry
INTEL_PROBE phase=prepare_with_watchdog
INTEL_PROBE phase=finite_retirement
[       OK ] HvfIntelProbe.FiniteDeadline (25 ms)
[----------] 1 test from HvfIntelProbe (25 ms total)

[==========] 1 test from 1 test suite ran. (25 ms total)
[  PASSED  ] 1 test.

Repeating all tests (iteration 41) . . .

Note: Google Test filter = HvfIntelProbe.FiniteDeadline
[==========] Running 1 test from 1 test suite.
[----------] 1 test from HvfIntelProbe
[ RUN      ] HvfIntelProbe.FiniteDeadline
INTEL_PROBE phase=executor_initialization
INTEL_PROBE phase=startup_probe
INTEL_PROBE phase=prepare_with_watchdog
INTEL_PROBE begin=finite_loop call=1 deadline=910530070862 rip=65537 nonce=910523725938 witness=0
INTEL_PROBE end=finite_loop call=1 status=0 mach_before=910525093215 mach_after=910531918410
INTEL_PROBE capture=finite_loop call=1 exec_before=2059054 exec_after=8740232 reason_before=37 reason=52 rip_before=65537 rip=65540 rax=910523725938 nonce=910523725938 witness=910523725938
INTEL_PROBE phase=prepare_with_watchdog
INTEL_PROBE begin=expired_mtf call=2 deadline=0 rip=65543 nonce=910532043515 witness=0
INTEL_PROBE end=expired_mtf call=2 status=0 mach_before=910533911784 mach_after=910534018581
INTEL_PROBE capture=expired_mtf call=2 exec_before=9266540 exec_after=9368109 reason_before=37 reason=52 rip_before=65543 rip=65543 rax=910532043515 nonce=910532043515 witness=0
INTEL_PROBE phase=prepare_with_watchdog
INTEL_PROBE begin=finite_mtf call=3 deadline=910540579984 rip=65543 nonce=910534111235 witness=0
INTEL_PROBE end=finite_mtf call=3 status=0 mach_before=910535610571 mach_after=910536338092
INTEL_PROBE capture=finite_mtf call=3 exec_before=9893849 exec_after=10445816 reason_before=37 reason=37 rip_before=65543 rip=65546 rax=910534111236 nonce=910534111235 witness=0
INTEL_PROBE phase=verified_retry
INTEL_PROBE phase=prepare_with_watchdog
INTEL_PROBE phase=finite_retirement
[       OK ] HvfIntelProbe.FiniteDeadline (27 ms)
[----------] 1 test from HvfIntelProbe (27 ms total)

[==========] 1 test from 1 test suite ran. (27 ms total)
[  PASSED  ] 1 test.

Repeating all tests (iteration 42) . . .

Note: Google Test filter = HvfIntelProbe.FiniteDeadline
[==========] Running 1 test from 1 test suite.
[----------] 1 test from HvfIntelProbe
[ RUN      ] HvfIntelProbe.FiniteDeadline
INTEL_PROBE phase=executor_initialization
INTEL_PROBE phase=startup_probe
INTEL_PROBE phase=prepare_with_watchdog
INTEL_PROBE begin=finite_loop call=1 deadline=910556806337 rip=65537 nonce=910550073176 witness=0
INTEL_PROBE end=finite_loop call=1 status=0 mach_before=910551834152 mach_after=910556878586
INTEL_PROBE capture=finite_loop call=1 exec_before=1860381 exec_after=6717368 reason_before=37 reason=52 rip_before=65537 rip=65540 rax=910550073176 nonce=910550073176 witness=910550073176
INTEL_PROBE phase=prepare_with_watchdog
INTEL_PROBE begin=expired_mtf call=2 deadline=0 rip=65543 nonce=910556982184 witness=0
INTEL_PROBE end=expired_mtf call=2 status=0 mach_before=910558976270 mach_after=910559078583
INTEL_PROBE capture=expired_mtf call=2 exec_before=7258322 exec_after=7355431 reason_before=37 reason=52 rip_before=65543 rip=65543 rax=910556982184 nonce=910556982184 witness=0
INTEL_PROBE phase=prepare_with_watchdog
INTEL_PROBE begin=finite_mtf call=3 deadline=910565455213 rip=65543 nonce=910559160239 witness=0
INTEL_PROBE end=finite_mtf call=3 status=0 mach_before=910560480589 mach_after=910561140676
INTEL_PROBE capture=finite_mtf call=3 exec_before=7836945 exec_after=8358642 reason_before=37 reason=37 rip_before=65543 rip=65546 rax=910559160240 nonce=910559160239 witness=0
INTEL_PROBE phase=verified_retry
INTEL_PROBE phase=prepare_with_watchdog
INTEL_PROBE phase=finite_retirement
[       OK ] HvfIntelProbe.FiniteDeadline (25 ms)
[----------] 1 test from HvfIntelProbe (25 ms total)

[==========] 1 test from 1 test suite ran. (25 ms total)
[  PASSED  ] 1 test.

Repeating all tests (iteration 43) . . .

Note: Google Test filter = HvfIntelProbe.FiniteDeadline
[==========] Running 1 test from 1 test suite.
[----------] 1 test from HvfIntelProbe
[ RUN      ] HvfIntelProbe.FiniteDeadline
INTEL_PROBE phase=executor_initialization
INTEL_PROBE phase=startup_probe
INTEL_PROBE phase=prepare_with_watchdog
INTEL_PROBE begin=finite_loop call=1 deadline=910584348683 rip=65537 nonce=910577806493 witness=0
INTEL_PROBE end=finite_loop call=1 status=0 mach_before=910579380209 mach_after=910584415242
INTEL_PROBE capture=finite_loop call=1 exec_before=2888991 exec_after=7755843 reason_before=37 reason=52 rip_before=65537 rip=65540 rax=910577806493 nonce=910577806493 witness=910577806493
INTEL_PROBE phase=prepare_with_watchdog
INTEL_PROBE begin=expired_mtf call=2 deadline=0 rip=65543 nonce=910584523696 witness=0
INTEL_PROBE end=expired_mtf call=2 status=0 mach_before=910586539392 mach_after=910586655798
INTEL_PROBE capture=expired_mtf call=2 exec_before=8251842 exec_after=8362355 reason_before=37 reason=52 rip_before=65543 rip=65543 rax=910584523696 nonce=910584523696 witness=0
INTEL_PROBE phase=prepare_with_watchdog
INTEL_PROBE begin=finite_mtf call=3 deadline=910593208039 rip=65543 nonce=910586752346 witness=0
INTEL_PROBE end=finite_mtf call=3 status=0 mach_before=910588237742 mach_after=910588963523
INTEL_PROBE capture=finite_mtf call=3 exec_before=8958995 exec_after=9486360 reason_before=37 reason=37 rip_before=65543 rip=65546 rax=910586752347 nonce=910586752346 witness=0
INTEL_PROBE phase=verified_retry
INTEL_PROBE phase=prepare_with_watchdog
INTEL_PROBE phase=finite_retirement
[       OK ] HvfIntelProbe.FiniteDeadline (27 ms)
[----------] 1 test from HvfIntelProbe (27 ms total)

[==========] 1 test from 1 test suite ran. (27 ms total)
[  PASSED  ] 1 test.

Repeating all tests (iteration 44) . . .

Note: Google Test filter = HvfIntelProbe.FiniteDeadline
[==========] Running 1 test from 1 test suite.
[----------] 1 test from HvfIntelProbe
[ RUN      ] HvfIntelProbe.FiniteDeadline
INTEL_PROBE phase=executor_initialization
INTEL_PROBE phase=startup_probe
INTEL_PROBE phase=prepare_with_watchdog
INTEL_PROBE begin=finite_loop call=1 deadline=910610193862 rip=65537 nonce=910603812261 witness=0
INTEL_PROBE end=finite_loop call=1 status=0 mach_before=910605214838 mach_after=910606315951
INTEL_PROBE capture=finite_loop call=1 exec_before=1980710 exec_after=2832809 reason_before=37 reason=1 rip_before=65537 rip=65540 rax=910603812261 nonce=910603812261 witness=910603812261
INTEL_PROBE begin=finite_loop call=2 deadline=910610193862 rip=65540 nonce=910603812261 witness=910603812261
INTEL_PROBE end=finite_loop call=2 status=0 mach_before=910606359040 mach_after=910606865267
INTEL_PROBE capture=finite_loop call=2 exec_before=2832809 exec_after=3071638 reason_before=1 reason=1 rip_before=65540 rip=65540 rax=910603812261 nonce=910603812261 witness=910603812261
INTEL_PROBE begin=finite_loop call=3 deadline=910610193862 rip=65540 nonce=910603812261 witness=910603812261
INTEL_PROBE end=finite_loop call=3 status=0 mach_before=910606903574 mach_after=910610448868
INTEL_PROBE capture=finite_loop call=3 exec_before=3071638 exec_after=6549708 reason_before=1 reason=52 rip_before=65540 rip=65540 rax=910603812261 nonce=910603812261 witness=910603812261
INTEL_PROBE phase=prepare_with_watchdog
INTEL_PROBE begin=expired_mtf call=4 deadline=0 rip=65543 nonce=910610576179 witness=0
INTEL_PROBE end=expired_mtf call=4 status=0 mach_before=910612338476 mach_after=910612444981
INTEL_PROBE capture=expired_mtf call=4 exec_before=7036126 exec_after=7138312 reason_before=37 reason=52 rip_before=65543 rip=65543 rax=910610576179 nonce=910610576179 witness=0
INTEL_PROBE phase=prepare_with_watchdog
INTEL_PROBE begin=finite_mtf call=5 deadline=910618935247 rip=65543 nonce=910612524850 witness=0
INTEL_PROBE end=finite_mtf call=5 status=0 mach_before=910613959989 mach_after=910614635660
INTEL_PROBE capture=finite_mtf call=5 exec_before=7658762 exec_after=8181238 reason_before=37 reason=37 rip_before=65543 rip=65546 rax=910612524851 nonce=910612524850 witness=0
INTEL_PROBE phase=verified_retry
INTEL_PROBE phase=prepare_with_watchdog
INTEL_PROBE phase=finite_retirement
[       OK ] HvfIntelProbe.FiniteDeadline (25 ms)
[----------] 1 test from HvfIntelProbe (25 ms total)

[==========] 1 test from 1 test suite ran. (25 ms total)
[  PASSED  ] 1 test.

Repeating all tests (iteration 45) . . .

Note: Google Test filter = HvfIntelProbe.FiniteDeadline
[==========] Running 1 test from 1 test suite.
[----------] 1 test from HvfIntelProbe
[ RUN      ] HvfIntelProbe.FiniteDeadline
INTEL_PROBE phase=executor_initialization
INTEL_PROBE phase=startup_probe
INTEL_PROBE phase=prepare_with_watchdog
INTEL_PROBE begin=finite_loop call=1 deadline=910639521470 rip=65537 nonce=910632051271 witness=0
INTEL_PROBE end=finite_loop call=1 status=0 mach_before=910634570075 mach_after=910641849172
INTEL_PROBE capture=finite_loop call=1 exec_before=2496679 exec_after=9547199 reason_before=37 reason=52 rip_before=65537 rip=65540 rax=910632051271 nonce=910632051271 witness=910632051271
INTEL_PROBE phase=prepare_with_watchdog
INTEL_PROBE begin=expired_mtf call=2 deadline=0 rip=65543 nonce=910642008877 witness=0
INTEL_PROBE end=expired_mtf call=2 status=0 mach_before=910644069779 mach_after=910644165572
INTEL_PROBE capture=expired_mtf call=2 exec_before=10104111 exec_after=10195537 reason_before=37 reason=52 rip_before=65543 rip=65543 rax=910642008877 nonce=910642008877 witness=0
INTEL_PROBE phase=prepare_with_watchdog
INTEL_PROBE begin=finite_mtf call=3 deadline=910650709402 rip=65543 nonce=910644267742 witness=0
INTEL_PROBE end=finite_mtf call=3 status=0 mach_before=910645735058 mach_after=910646346354
INTEL_PROBE capture=finite_mtf call=3 exec_before=10729945 exec_after=11206965 reason_before=37 reason=37 rip_before=65543 rip=65546 rax=910644267743 nonce=910644267742 witness=0
INTEL_PROBE phase=verified_retry
INTEL_PROBE phase=prepare_with_watchdog
INTEL_PROBE phase=finite_retirement
[       OK ] HvfIntelProbe.FiniteDeadline (33 ms)
[----------] 1 test from HvfIntelProbe (33 ms total)

[==========] 1 test from 1 test suite ran. (33 ms total)
[  PASSED  ] 1 test.

Repeating all tests (iteration 46) . . .

Note: Google Test filter = HvfIntelProbe.FiniteDeadline
[==========] Running 1 test from 1 test suite.
[----------] 1 test from HvfIntelProbe
[ RUN      ] HvfIntelProbe.FiniteDeadline
INTEL_PROBE phase=executor_initialization
INTEL_PROBE phase=startup_probe
INTEL_PROBE phase=prepare_with_watchdog
INTEL_PROBE begin=finite_loop call=1 deadline=910671029251 rip=65537 nonce=910664049424 witness=0
INTEL_PROBE end=finite_loop call=1 status=0 mach_before=910666066107 mach_after=910672773531
INTEL_PROBE capture=finite_loop call=1 exec_before=3628469 exec_after=9983991 reason_before=37 reason=52 rip_before=65537 rip=65540 rax=910664049424 nonce=910664049424 witness=910664049424
INTEL_PROBE phase=prepare_with_watchdog
INTEL_PROBE begin=expired_mtf call=2 deadline=0 rip=65543 nonce=910672899721 witness=0
INTEL_PROBE end=expired_mtf call=2 status=0 mach_before=910674911194 mach_after=910675009056
INTEL_PROBE capture=expired_mtf call=2 exec_before=10491190 exec_after=10584092 reason_before=37 reason=52 rip_before=65543 rip=65543 rax=910672899721 nonce=910672899721 witness=0
INTEL_PROBE phase=prepare_with_watchdog
INTEL_PROBE begin=finite_mtf call=3 deadline=910681489349 rip=65543 nonce=910675095278 witness=0
INTEL_PROBE end=finite_mtf call=3 status=0 mach_before=910676511769 mach_after=910677166356
INTEL_PROBE capture=finite_mtf call=3 exec_before=11060067 exec_after=11564288 reason_before=37 reason=37 rip_before=65543 rip=65546 rax=910675095279 nonce=910675095278 witness=0
INTEL_PROBE phase=verified_retry
INTEL_PROBE phase=prepare_with_watchdog
INTEL_PROBE phase=finite_retirement
[       OK ] HvfIntelProbe.FiniteDeadline (28 ms)
[----------] 1 test from HvfIntelProbe (28 ms total)

[==========] 1 test from 1 test suite ran. (29 ms total)
[  PASSED  ] 1 test.

Repeating all tests (iteration 47) . . .

Note: Google Test filter = HvfIntelProbe.FiniteDeadline
[==========] Running 1 test from 1 test suite.
[----------] 1 test from HvfIntelProbe
[ RUN      ] HvfIntelProbe.FiniteDeadline
INTEL_PROBE phase=executor_initialization
INTEL_PROBE phase=startup_probe
INTEL_PROBE phase=prepare_with_watchdog
INTEL_PROBE begin=finite_loop call=1 deadline=910698997004 rip=65537 nonce=910692605404 witness=0
INTEL_PROBE end=finite_loop call=1 status=0 mach_before=910694030819 mach_after=910699222644
INTEL_PROBE capture=finite_loop call=1 exec_before=2488588 exec_after=7520716 reason_before=37 reason=52 rip_before=65537 rip=65540 rax=910692605404 nonce=910692605404 witness=910692605404
INTEL_PROBE phase=prepare_with_watchdog
INTEL_PROBE begin=expired_mtf call=2 deadline=0 rip=65543 nonce=910699340440 witness=0
INTEL_PROBE end=expired_mtf call=2 status=0 mach_before=910701333522 mach_after=910701430530
INTEL_PROBE capture=expired_mtf call=2 exec_before=7979832 exec_after=8071724 reason_before=37 reason=52 rip_before=65543 rip=65543 rax=910699340440 nonce=910699340440 witness=0
INTEL_PROBE phase=prepare_with_watchdog
INTEL_PROBE begin=finite_mtf call=3 deadline=910707915492 rip=65543 nonce=910701513586 witness=0
INTEL_PROBE end=finite_mtf call=3 status=0 mach_before=910702946234 mach_after=910703741256
INTEL_PROBE capture=finite_mtf call=3 exec_before=8553341 exec_after=9134998 reason_before=37 reason=37 rip_before=65543 rip=65546 rax=910701513587 nonce=910701513586 witness=0
INTEL_PROBE phase=verified_retry
INTEL_PROBE phase=prepare_with_watchdog
INTEL_PROBE phase=finite_retirement
[       OK ] HvfIntelProbe.FiniteDeadline (26 ms)
[----------] 1 test from HvfIntelProbe (26 ms total)

[==========] 1 test from 1 test suite ran. (26 ms total)
[  PASSED  ] 1 test.

Repeating all tests (iteration 48) . . .

Note: Google Test filter = HvfIntelProbe.FiniteDeadline
[==========] Running 1 test from 1 test suite.
[----------] 1 test from HvfIntelProbe
[ RUN      ] HvfIntelProbe.FiniteDeadline
INTEL_PROBE phase=executor_initialization
INTEL_PROBE phase=startup_probe
INTEL_PROBE phase=prepare_with_watchdog
INTEL_PROBE begin=finite_loop call=1 deadline=910726293339 rip=65537 nonce=910718991367 witness=0
INTEL_PROBE end=finite_loop call=1 status=0 mach_before=910721322371 mach_after=910728828979
INTEL_PROBE capture=finite_loop call=1 exec_before=2720724 exec_after=9890576 reason_before=37 reason=52 rip_before=65537 rip=65540 rax=910718991367 nonce=910718991367 witness=910718991367
INTEL_PROBE phase=prepare_with_watchdog
INTEL_PROBE begin=expired_mtf call=2 deadline=0 rip=65543 nonce=910728959951 witness=0
INTEL_PROBE end=expired_mtf call=2 status=0 mach_before=910731325482 mach_after=910731445619
INTEL_PROBE capture=expired_mtf call=2 exec_before=10402630 exec_after=10517489 reason_before=37 reason=52 rip_before=65543 rip=65543 rax=910728959951 nonce=910728959951 witness=0
INTEL_PROBE phase=prepare_with_watchdog
INTEL_PROBE begin=finite_mtf call=3 deadline=910738091994 rip=65543 nonce=910731535436 witness=0
INTEL_PROBE end=finite_mtf call=3 status=0 mach_before=910733118994 mach_after=910733805898
INTEL_PROBE capture=finite_mtf call=3 exec_before=11054111 exec_after=11579388 reason_before=37 reason=37 rip_before=65543 rip=65546 rax=910731535437 nonce=910731535436 witness=0
INTEL_PROBE phase=verified_retry
INTEL_PROBE phase=prepare_with_watchdog
INTEL_PROBE phase=finite_retirement
[       OK ] HvfIntelProbe.FiniteDeadline (29 ms)
[----------] 1 test from HvfIntelProbe (29 ms total)

[==========] 1 test from 1 test suite ran. (29 ms total)
[  PASSED  ] 1 test.

Repeating all tests (iteration 49) . . .

Note: Google Test filter = HvfIntelProbe.FiniteDeadline
[==========] Running 1 test from 1 test suite.
[----------] 1 test from HvfIntelProbe
[ RUN      ] HvfIntelProbe.FiniteDeadline
INTEL_PROBE phase=executor_initialization
INTEL_PROBE phase=startup_probe
INTEL_PROBE phase=prepare_with_watchdog
INTEL_PROBE begin=finite_loop call=1 deadline=910755113592 rip=65537 nonce=910748103264 witness=0
INTEL_PROBE end=finite_loop call=1 status=0 mach_before=910750150179 mach_after=910759412408
INTEL_PROBE capture=finite_loop call=1 exec_before=2473243 exec_after=11543120 reason_before=37 reason=52 rip_before=65537 rip=65540 rax=910748103264 nonce=910748103264 witness=910748103264
INTEL_PROBE phase=prepare_with_watchdog
INTEL_PROBE begin=expired_mtf call=2 deadline=0 rip=65543 nonce=910759539675 witness=0
INTEL_PROBE end=expired_mtf call=2 status=0 mach_before=910761926472 mach_after=910762049934
INTEL_PROBE capture=expired_mtf call=2 exec_before=12105312 exec_after=12223904 reason_before=37 reason=52 rip_before=65543 rip=65543 rax=910759539675 nonce=910759539675 witness=0
INTEL_PROBE phase=prepare_with_watchdog
INTEL_PROBE begin=finite_mtf call=3 deadline=910768671135 rip=65543 nonce=910762133792 witness=0
INTEL_PROBE end=finite_mtf call=3 status=0 mach_before=910763701477 mach_after=910764506230
INTEL_PROBE capture=finite_mtf call=3 exec_before=12755186 exec_after=13363708 reason_before=37 reason=37 rip_before=65543 rip=65546 rax=910762133793 nonce=910762133792 witness=0
INTEL_PROBE phase=verified_retry
INTEL_PROBE phase=prepare_with_watchdog
INTEL_PROBE phase=finite_retirement
[       OK ] HvfIntelProbe.FiniteDeadline (30 ms)
[----------] 1 test from HvfIntelProbe (30 ms total)

[==========] 1 test from 1 test suite ran. (30 ms total)
[  PASSED  ] 1 test.

Repeating all tests (iteration 50) . . .

Note: Google Test filter = HvfIntelProbe.FiniteDeadline
[==========] Running 1 test from 1 test suite.
[----------] 1 test from HvfIntelProbe
[ RUN      ] HvfIntelProbe.FiniteDeadline
INTEL_PROBE phase=executor_initialization
INTEL_PROBE phase=startup_probe
INTEL_PROBE phase=prepare_with_watchdog
INTEL_PROBE begin=finite_loop call=1 deadline=910786156686 rip=65537 nonce=910779698245 witness=0
INTEL_PROBE end=finite_loop call=1 status=0 mach_before=910781183618 mach_after=910788074412
INTEL_PROBE capture=finite_loop call=1 exec_before=3008539 exec_after=9581831 reason_before=37 reason=1 rip_before=65537 rip=65540 rax=910779698245 nonce=910779698245 witness=910779698245
INTEL_PROBE phase=prepare_with_watchdog
INTEL_PROBE begin=expired_mtf call=2 deadline=0 rip=65543 nonce=910789130035 witness=0
INTEL_PROBE end=expired_mtf call=2 status=0 mach_before=910791278787 mach_after=910791344251
INTEL_PROBE capture=expired_mtf call=2 exec_before=10052421 exec_after=10114388 reason_before=37 reason=52 rip_before=65543 rip=65543 rax=910789130035 nonce=910789130035 witness=0
INTEL_PROBE phase=prepare_with_watchdog
INTEL_PROBE begin=finite_mtf call=3 deadline=910797694780 rip=65543 nonce=910791421008 witness=0
INTEL_PROBE end=finite_mtf call=3 status=0 mach_before=910792811229 mach_after=910793511056
INTEL_PROBE capture=finite_mtf call=3 exec_before=10561658 exec_after=11064153 reason_before=37 reason=37 rip_before=65543 rip=65546 rax=910791421009 nonce=910791421008 witness=0
INTEL_PROBE phase=verified_retry
INTEL_PROBE phase=prepare_with_watchdog
INTEL_PROBE phase=finite_retirement
[       OK ] HvfIntelProbe.FiniteDeadline (28 ms)
[----------] 1 test from HvfIntelProbe (28 ms total)

[==========] 1 test from 1 test suite ran. (29 ms total)
[  PASSED  ] 1 test.

Repeating all tests (iteration 51) . . .

Note: Google Test filter = HvfIntelProbe.FiniteDeadline
[==========] Running 1 test from 1 test suite.
[----------] 1 test from HvfIntelProbe
[ RUN      ] HvfIntelProbe.FiniteDeadline
INTEL_PROBE phase=executor_initialization
INTEL_PROBE phase=startup_probe
INTEL_PROBE phase=prepare_with_watchdog
INTEL_PROBE begin=finite_loop call=1 deadline=910814309757 rip=65537 nonce=910807855842 witness=0
INTEL_PROBE end=finite_loop call=1 status=0 mach_before=910809337471 mach_after=910815832271
INTEL_PROBE capture=finite_loop call=1 exec_before=1845849 exec_after=8193515 reason_before=37 reason=52 rip_before=65537 rip=65540 rax=910807855842 nonce=910807855842 witness=910807855842
INTEL_PROBE phase=prepare_with_watchdog
INTEL_PROBE begin=expired_mtf call=2 deadline=0 rip=65543 nonce=910815953868 witness=0
INTEL_PROBE end=expired_mtf call=2 status=0 mach_before=910817918627 mach_after=910817987198
INTEL_PROBE capture=expired_mtf call=2 exec_before=8688899 exec_after=8754195 reason_before=37 reason=52 rip_before=65543 rip=65543 rax=910815953868 nonce=910815953868 witness=0
INTEL_PROBE phase=prepare_with_watchdog
INTEL_PROBE begin=finite_mtf call=3 deadline=910824674908 rip=65543 nonce=910818068949 witness=0
INTEL_PROBE end=finite_mtf call=3 status=0 mach_before=910819709150 mach_after=910820453415
INTEL_PROBE capture=finite_mtf call=3 exec_before=9354220 exec_after=9875128 reason_before=37 reason=37 rip_before=65543 rip=65546 rax=910818068950 nonce=910818068949 witness=0
INTEL_PROBE phase=verified_retry
INTEL_PROBE phase=prepare_with_watchdog
INTEL_PROBE phase=finite_retirement
[       OK ] HvfIntelProbe.FiniteDeadline (27 ms)
[----------] 1 test from HvfIntelProbe (27 ms total)

[==========] 1 test from 1 test suite ran. (27 ms total)
[  PASSED  ] 1 test.

Repeating all tests (iteration 52) . . .

Note: Google Test filter = HvfIntelProbe.FiniteDeadline
[==========] Running 1 test from 1 test suite.
[----------] 1 test from HvfIntelProbe
[ RUN      ] HvfIntelProbe.FiniteDeadline
INTEL_PROBE phase=executor_initialization
INTEL_PROBE phase=startup_probe
INTEL_PROBE phase=prepare_with_watchdog
INTEL_PROBE begin=finite_loop call=1 deadline=910843133895 rip=65537 nonce=910836365951 witness=0
INTEL_PROBE end=finite_loop call=1 status=0 mach_before=910838161912 mach_after=910848178020
INTEL_PROBE capture=finite_loop call=1 exec_before=3257237 exec_after=13082812 reason_before=37 reason=52 rip_before=65537 rip=65540 rax=910836365951 nonce=910836365951 witness=910836365951
INTEL_PROBE phase=prepare_with_watchdog
INTEL_PROBE begin=expired_mtf call=2 deadline=0 rip=65543 nonce=910848286574 witness=0
INTEL_PROBE end=expired_mtf call=2 status=0 mach_before=910850309920 mach_after=910850418910
INTEL_PROBE capture=expired_mtf call=2 exec_before=13509703 exec_after=13613573 reason_before=37 reason=52 rip_before=65543 rip=65543 rax=910848286574 nonce=910848286574 witness=0
INTEL_PROBE phase=prepare_with_watchdog
INTEL_PROBE begin=finite_mtf call=3 deadline=910857082806 rip=65543 nonce=910850507316 witness=0
INTEL_PROBE end=finite_mtf call=3 status=0 mach_before=910852110421 mach_after=910852860323
INTEL_PROBE capture=finite_mtf call=3 exec_before=14173784 exec_after=14750523 reason_before=37 reason=37 rip_before=65543 rip=65546 rax=910850507317 nonce=910850507316 witness=0
INTEL_PROBE phase=verified_retry
INTEL_PROBE phase=prepare_with_watchdog
INTEL_PROBE phase=finite_retirement
[       OK ] HvfIntelProbe.FiniteDeadline (32 ms)
[----------] 1 test from HvfIntelProbe (32 ms total)

[==========] 1 test from 1 test suite ran. (32 ms total)
[  PASSED  ] 1 test.

Repeating all tests (iteration 53) . . .

Note: Google Test filter = HvfIntelProbe.FiniteDeadline
[==========] Running 1 test from 1 test suite.
[----------] 1 test from HvfIntelProbe
[ RUN      ] HvfIntelProbe.FiniteDeadline
INTEL_PROBE phase=executor_initialization
INTEL_PROBE phase=startup_probe
INTEL_PROBE phase=prepare_with_watchdog
INTEL_PROBE begin=finite_loop call=1 deadline=910873267445 rip=65537 nonce=910866925627 witness=0
INTEL_PROBE end=finite_loop call=1 status=0 mach_before=910868290860 mach_after=910887777744
INTEL_PROBE capture=finite_loop call=1 exec_before=1667925 exec_after=21017193 reason_before=37 reason=52 rip_before=65537 rip=65540 rax=910866925627 nonce=910866925627 witness=910866925627
INTEL_PROBE phase=prepare_with_watchdog
INTEL_PROBE begin=expired_mtf call=2 deadline=0 rip=65543 nonce=910887905418 witness=0
INTEL_PROBE end=expired_mtf call=2 status=0 mach_before=910890066477 mach_after=910890121802
INTEL_PROBE capture=expired_mtf call=2 exec_before=21571466 exec_after=21623850 reason_before=37 reason=52 rip_before=65543 rip=65543 rax=910887905418 nonce=910887905418 witness=0
INTEL_PROBE phase=prepare_with_watchdog
INTEL_PROBE begin=finite_mtf call=3 deadline=910896370227 rip=65543 nonce=910890183412 witness=0
INTEL_PROBE end=finite_mtf call=3 status=0 mach_before=910891395594 mach_after=910892167425
INTEL_PROBE capture=finite_mtf call=3 exec_before=22049095 exec_after=22637794 reason_before=37 reason=37 rip_before=65543 rip=65546 rax=910890183413 nonce=910890183412 witness=0
INTEL_PROBE phase=verified_retry
INTEL_PROBE phase=prepare_with_watchdog
INTEL_PROBE phase=finite_retirement
[       OK ] HvfIntelProbe.FiniteDeadline (38 ms)
[----------] 1 test from HvfIntelProbe (38 ms total)

[==========] 1 test from 1 test suite ran. (38 ms total)
[  PASSED  ] 1 test.

Repeating all tests (iteration 54) . . .

Note: Google Test filter = HvfIntelProbe.FiniteDeadline
[==========] Running 1 test from 1 test suite.
[----------] 1 test from HvfIntelProbe
[ RUN      ] HvfIntelProbe.FiniteDeadline
INTEL_PROBE phase=executor_initialization
INTEL_PROBE phase=startup_probe
INTEL_PROBE phase=prepare_with_watchdog
INTEL_PROBE begin=finite_loop call=1 deadline=910912746218 rip=65537 nonce=910906252308 witness=0
INTEL_PROBE end=finite_loop call=1 status=0 mach_before=910907783837 mach_after=910921389295
INTEL_PROBE capture=finite_loop call=1 exec_before=1898329 exec_after=15344594 reason_before=37 reason=52 rip_before=65537 rip=65540 rax=910906252308 nonce=910906252308 witness=910906252308
INTEL_PROBE phase=prepare_with_watchdog
INTEL_PROBE begin=expired_mtf call=2 deadline=0 rip=65543 nonce=910921492332 witness=0
INTEL_PROBE end=expired_mtf call=2 status=0 mach_before=910923540271 mach_after=910923609025
INTEL_PROBE capture=expired_mtf call=2 exec_before=15867805 exec_after=15931433 reason_before=37 reason=52 rip_before=65543 rip=65543 rax=910921492332 nonce=910921492332 witness=0
INTEL_PROBE phase=prepare_with_watchdog
INTEL_PROBE begin=finite_mtf call=3 deadline=910929918977 rip=65543 nonce=910923692756 witness=0
INTEL_PROBE end=finite_mtf call=3 status=0 mach_before=910924955186 mach_after=910925690412
INTEL_PROBE capture=finite_mtf call=3 exec_before=16402399 exec_after=17000801 reason_before=37 reason=37 rip_before=65543 rip=65546 rax=910923692757 nonce=910923692756 witness=0
INTEL_PROBE phase=verified_retry
INTEL_PROBE phase=prepare_with_watchdog
INTEL_PROBE phase=finite_retirement
[       OK ] HvfIntelProbe.FiniteDeadline (34 ms)
[----------] 1 test from HvfIntelProbe (34 ms total)

[==========] 1 test from 1 test suite ran. (34 ms total)
[  PASSED  ] 1 test.

Repeating all tests (iteration 55) . . .

Note: Google Test filter = HvfIntelProbe.FiniteDeadline
[==========] Running 1 test from 1 test suite.
[----------] 1 test from HvfIntelProbe
[ RUN      ] HvfIntelProbe.FiniteDeadline
INTEL_PROBE phase=executor_initialization
INTEL_PROBE phase=startup_probe
INTEL_PROBE phase=prepare_with_watchdog
INTEL_PROBE begin=finite_loop call=1 deadline=910949509367 rip=65537 nonce=910942997872 witness=0
INTEL_PROBE end=finite_loop call=1 status=0 mach_before=910944554466 mach_after=910949817591
INTEL_PROBE capture=finite_loop call=1 exec_before=2304640 exec_after=7331928 reason_before=37 reason=1 rip_before=65537 rip=65540 rax=910942997872 nonce=910942997872 witness=910942997872
INTEL_PROBE phase=prepare_with_watchdog
INTEL_PROBE begin=expired_mtf call=2 deadline=0 rip=65543 nonce=910950007640 witness=0
INTEL_PROBE end=expired_mtf call=2 status=0 mach_before=910952283148 mach_after=910952348499
INTEL_PROBE capture=expired_mtf call=2 exec_before=7881980 exec_after=7943584 reason_before=37 reason=52 rip_before=65543 rip=65543 rax=910950007640 nonce=910950007640 witness=0
INTEL_PROBE phase=prepare_with_watchdog
INTEL_PROBE begin=finite_mtf call=3 deadline=910959028621 rip=65543 nonce=910952443548 witness=0
INTEL_PROBE end=finite_mtf call=3 status=0 mach_before=910954055570 mach_after=910954749485
INTEL_PROBE capture=finite_mtf call=3 exec_before=8493594 exec_after=9029341 reason_before=37 reason=37 rip_before=65543 rip=65546 rax=910952443549 nonce=910952443548 witness=0
INTEL_PROBE phase=verified_retry
INTEL_PROBE phase=prepare_with_watchdog
INTEL_PROBE phase=finite_retirement
[       OK ] HvfIntelProbe.FiniteDeadline (28 ms)
[----------] 1 test from HvfIntelProbe (28 ms total)

[==========] 1 test from 1 test suite ran. (28 ms total)
[  PASSED  ] 1 test.

Repeating all tests (iteration 56) . . .

Note: Google Test filter = HvfIntelProbe.FiniteDeadline
[==========] Running 1 test from 1 test suite.
[----------] 1 test from HvfIntelProbe
[ RUN      ] HvfIntelProbe.FiniteDeadline
INTEL_PROBE phase=executor_initialization
INTEL_PROBE phase=startup_probe
INTEL_PROBE phase=prepare_with_watchdog
INTEL_PROBE begin=finite_loop call=1 deadline=910978180123 rip=65537 nonce=910971534921 witness=0
INTEL_PROBE end=finite_loop call=1 status=0 mach_before=910973211656 mach_after=910985248408
INTEL_PROBE capture=finite_loop call=1 exec_before=2546754 exec_after=14404344 reason_before=37 reason=52 rip_before=65537 rip=65540 rax=910971534921 nonce=910971534921 witness=910971534921
INTEL_PROBE phase=prepare_with_watchdog
INTEL_PROBE begin=expired_mtf call=2 deadline=0 rip=65543 nonce=910985367390 witness=0
INTEL_PROBE end=expired_mtf call=2 status=0 mach_before=910987494728 mach_after=910987604992
INTEL_PROBE capture=expired_mtf call=2 exec_before=14963342 exec_after=15068456 reason_before=37 reason=52 rip_before=65543 rip=65543 rax=910985367390 nonce=910985367390 witness=0
INTEL_PROBE phase=prepare_with_watchdog
INTEL_PROBE begin=finite_mtf call=3 deadline=910994221171 rip=65543 nonce=910987693324 witness=0
INTEL_PROBE end=finite_mtf call=3 status=0 mach_before=910989246458 mach_after=910989903934
INTEL_PROBE capture=finite_mtf call=3 exec_before=15617433 exec_after=16115341 reason_before=37 reason=37 rip_before=65543 rip=65546 rax=910987693325 nonce=910987693324 witness=0
INTEL_PROBE phase=verified_retry
INTEL_PROBE phase=prepare_with_watchdog
INTEL_PROBE phase=finite_retirement
[       OK ] HvfIntelProbe.FiniteDeadline (34 ms)
[----------] 1 test from HvfIntelProbe (34 ms total)

[==========] 1 test from 1 test suite ran. (34 ms total)
[  PASSED  ] 1 test.

Repeating all tests (iteration 57) . . .

Note: Google Test filter = HvfIntelProbe.FiniteDeadline
[==========] Running 1 test from 1 test suite.
[----------] 1 test from HvfIntelProbe
[ RUN      ] HvfIntelProbe.FiniteDeadline
INTEL_PROBE phase=executor_initialization
INTEL_PROBE phase=startup_probe
INTEL_PROBE phase=prepare_with_watchdog
INTEL_PROBE begin=finite_loop call=1 deadline=911011026437 rip=65537 nonce=911004599153 witness=0
INTEL_PROBE end=finite_loop call=1 status=0 mach_before=911006047854 mach_after=911012996303
INTEL_PROBE capture=finite_loop call=1 exec_before=2465911 exec_after=8973602 reason_before=37 reason=52 rip_before=65537 rip=65540 rax=911004599153 nonce=911004599153 witness=911004599153
INTEL_PROBE phase=prepare_with_watchdog
INTEL_PROBE begin=expired_mtf call=2 deadline=0 rip=65543 nonce=911013097974 witness=0
INTEL_PROBE end=expired_mtf call=2 status=0 mach_before=911015121221 mach_after=911015182047
INTEL_PROBE capture=expired_mtf call=2 exec_before=9456635 exec_after=9513920 reason_before=37 reason=52 rip_before=65543 rip=65543 rax=911013097974 nonce=911013097974 witness=0
INTEL_PROBE phase=prepare_with_watchdog
INTEL_PROBE begin=finite_mtf call=3 deadline=911021492895 rip=65543 nonce=911015249372 witness=0
INTEL_PROBE end=finite_mtf call=3 status=0 mach_before=911016516003 mach_after=911017313096
INTEL_PROBE capture=finite_mtf call=3 exec_before=9975916 exec_after=10571319 reason_before=37 reason=37 rip_before=65543 rip=65546 rax=911015249373 nonce=911015249372 witness=0
INTEL_PROBE phase=verified_retry
INTEL_PROBE phase=prepare_with_watchdog
INTEL_PROBE phase=finite_retirement
[       OK ] HvfIntelProbe.FiniteDeadline (27 ms)
[----------] 1 test from HvfIntelProbe (27 ms total)

[==========] 1 test from 1 test suite ran. (27 ms total)
[  PASSED  ] 1 test.

Repeating all tests (iteration 58) . . .

Note: Google Test filter = HvfIntelProbe.FiniteDeadline
[==========] Running 1 test from 1 test suite.
[----------] 1 test from HvfIntelProbe
[ RUN      ] HvfIntelProbe.FiniteDeadline
INTEL_PROBE phase=executor_initialization
INTEL_PROBE phase=startup_probe
INTEL_PROBE phase=prepare_with_watchdog
INTEL_PROBE begin=finite_loop call=1 deadline=911039759317 rip=65537 nonce=911033260615 witness=0
INTEL_PROBE end=finite_loop call=1 status=0 mach_before=911034799967 mach_after=911044754257
INTEL_PROBE capture=finite_loop call=1 exec_before=2276846 exec_after=12058992 reason_before=37 reason=52 rip_before=65537 rip=65540 rax=911033260615 nonce=911033260615 witness=911033260615
INTEL_PROBE phase=prepare_with_watchdog
INTEL_PROBE begin=expired_mtf call=2 deadline=0 rip=65543 nonce=911044894501 witness=0
INTEL_PROBE end=expired_mtf call=2 status=0 mach_before=911047248148 mach_after=911047314595
INTEL_PROBE capture=expired_mtf call=2 exec_before=12579793 exec_after=12641704 reason_before=37 reason=52 rip_before=65543 rip=65543 rax=911044894501 nonce=911044894501 witness=0
INTEL_PROBE phase=prepare_with_watchdog
INTEL_PROBE begin=finite_mtf call=3 deadline=911054114836 rip=65543 nonce=911047411824 witness=0
INTEL_PROBE end=finite_mtf call=3 status=0 mach_before=911049146240 mach_after=911049810377
INTEL_PROBE capture=finite_mtf call=3 exec_before=13236397 exec_after=13757481 reason_before=37 reason=37 rip_before=65543 rip=65546 rax=911047411825 nonce=911047411824 witness=0
INTEL_PROBE phase=verified_retry
INTEL_PROBE phase=prepare_with_watchdog
INTEL_PROBE phase=finite_retirement
[       OK ] HvfIntelProbe.FiniteDeadline (32 ms)
[----------] 1 test from HvfIntelProbe (32 ms total)

[==========] 1 test from 1 test suite ran. (32 ms total)
[  PASSED  ] 1 test.

Repeating all tests (iteration 59) . . .

Note: Google Test filter = HvfIntelProbe.FiniteDeadline
[==========] Running 1 test from 1 test suite.
[----------] 1 test from HvfIntelProbe
[ RUN      ] HvfIntelProbe.FiniteDeadline
INTEL_PROBE phase=executor_initialization
INTEL_PROBE phase=startup_probe
INTEL_PROBE phase=prepare_with_watchdog
INTEL_PROBE begin=finite_loop call=1 deadline=911077278591 rip=65537 nonce=911070627632 witness=0
INTEL_PROBE end=finite_loop call=1 status=0 mach_before=911072319106 mach_after=911079031740
INTEL_PROBE capture=finite_loop call=1 exec_before=1917743 exec_after=8132367 reason_before=37 reason=52 rip_before=65537 rip=65540 rax=911070627632 nonce=911070627632 witness=911070627632
INTEL_PROBE phase=prepare_with_watchdog
INTEL_PROBE begin=expired_mtf call=2 deadline=0 rip=65543 nonce=911079161884 witness=0
INTEL_PROBE end=expired_mtf call=2 status=0 mach_before=911081070497 mach_after=911081139096
INTEL_PROBE capture=expired_mtf call=2 exec_before=8668486 exec_after=8733242 reason_before=37 reason=52 rip_before=65543 rip=65543 rax=911079161884 nonce=911079161884 witness=0
INTEL_PROBE phase=prepare_with_watchdog
INTEL_PROBE begin=finite_mtf call=3 deadline=911087661208 rip=65543 nonce=911081216500 witness=0
INTEL_PROBE end=finite_mtf call=3 status=0 mach_before=911082696329 mach_after=911083565803
INTEL_PROBE capture=finite_mtf call=3 exec_before=9264416 exec_after=9920361 reason_before=37 reason=37 rip_before=65543 rip=65546 rax=911081216501 nonce=911081216500 witness=0
INTEL_PROBE phase=verified_retry
INTEL_PROBE phase=prepare_with_watchdog
INTEL_PROBE phase=finite_retirement
[       OK ] HvfIntelProbe.FiniteDeadline (33 ms)
[----------] 1 test from HvfIntelProbe (33 ms total)

[==========] 1 test from 1 test suite ran. (33 ms total)
[  PASSED  ] 1 test.

Repeating all tests (iteration 60) . . .

Note: Google Test filter = HvfIntelProbe.FiniteDeadline
[==========] Running 1 test from 1 test suite.
[----------] 1 test from HvfIntelProbe
[ RUN      ] HvfIntelProbe.FiniteDeadline
INTEL_PROBE phase=executor_initialization
INTEL_PROBE phase=startup_probe
INTEL_PROBE phase=prepare_with_watchdog
INTEL_PROBE begin=finite_loop call=1 deadline=911105828222 rip=65537 nonce=911099258526 witness=0
INTEL_PROBE end=finite_loop call=1 status=0 mach_before=911100860272 mach_after=911111099879
INTEL_PROBE capture=finite_loop call=1 exec_before=2513859 exec_after=12573987 reason_before=37 reason=52 rip_before=65537 rip=65540 rax=911099258526 nonce=911099258526 witness=911099258526
INTEL_PROBE phase=prepare_with_watchdog
INTEL_PROBE begin=expired_mtf call=2 deadline=0 rip=65543 nonce=911111208480 witness=0
INTEL_PROBE end=expired_mtf call=2 status=0 mach_before=911113138804 mach_after=911113244073
INTEL_PROBE capture=expired_mtf call=2 exec_before=13064583 exec_after=13164788 reason_before=37 reason=52 rip_before=65543 rip=65543 rax=911111208480 nonce=911111208480 witness=0
INTEL_PROBE phase=prepare_with_watchdog
INTEL_PROBE begin=finite_mtf call=3 deadline=911119732125 rip=65543 nonce=911113330476 witness=0
INTEL_PROBE end=finite_mtf call=3 status=0 mach_before=911114765367 mach_after=911115542387
INTEL_PROBE capture=finite_mtf call=3 exec_before=13676679 exec_after=14268127 reason_before=37 reason=37 rip_before=65543 rip=65546 rax=911113330477 nonce=911113330476 witness=0
INTEL_PROBE phase=verified_retry
INTEL_PROBE phase=prepare_with_watchdog
INTEL_PROBE phase=finite_retirement
[       OK ] HvfIntelProbe.FiniteDeadline (31 ms)
[----------] 1 test from HvfIntelProbe (31 ms total)

[==========] 1 test from 1 test suite ran. (31 ms total)
[  PASSED  ] 1 test.

Repeating all tests (iteration 61) . . .

Note: Google Test filter = HvfIntelProbe.FiniteDeadline
[==========] Running 1 test from 1 test suite.
[----------] 1 test from HvfIntelProbe
[ RUN      ] HvfIntelProbe.FiniteDeadline
INTEL_PROBE phase=executor_initialization
INTEL_PROBE phase=startup_probe
INTEL_PROBE phase=prepare_with_watchdog
INTEL_PROBE begin=finite_loop call=1 deadline=911137913699 rip=65537 nonce=911131090060 witness=0
INTEL_PROBE end=finite_loop call=1 status=0 mach_before=911132960302 mach_after=911138042030
INTEL_PROBE capture=finite_loop call=1 exec_before=2655781 exec_after=7383847 reason_before=37 reason=52 rip_before=65537 rip=65540 rax=911131090060 nonce=911131090060 witness=911131090060
INTEL_PROBE phase=prepare_with_watchdog
INTEL_PROBE begin=expired_mtf call=2 deadline=0 rip=65543 nonce=911138163025 witness=0
INTEL_PROBE end=expired_mtf call=2 status=0 mach_before=911140438651 mach_after=911140507676
INTEL_PROBE capture=expired_mtf call=2 exec_before=7918005 exec_after=7983087 reason_before=37 reason=52 rip_before=65543 rip=65543 rax=911138163025 nonce=911138163025 witness=0
INTEL_PROBE phase=prepare_with_watchdog
INTEL_PROBE begin=finite_mtf call=3 deadline=911147078184 rip=65543 nonce=911140601325 witness=0
INTEL_PROBE end=finite_mtf call=3 status=0 mach_before=911142130849 mach_after=911142908489
INTEL_PROBE capture=finite_mtf call=3 exec_before=8472372 exec_after=9048670 reason_before=37 reason=37 rip_before=65543 rip=65546 rax=911140601326 nonce=911140601325 witness=0
INTEL_PROBE phase=verified_retry
INTEL_PROBE phase=prepare_with_watchdog
INTEL_PROBE phase=finite_retirement
[       OK ] HvfIntelProbe.FiniteDeadline (27 ms)
[----------] 1 test from HvfIntelProbe (27 ms total)

[==========] 1 test from 1 test suite ran. (27 ms total)
[  PASSED  ] 1 test.

Repeating all tests (iteration 62) . . .

Note: Google Test filter = HvfIntelProbe.FiniteDeadline
[==========] Running 1 test from 1 test suite.
[----------] 1 test from HvfIntelProbe
[ RUN      ] HvfIntelProbe.FiniteDeadline
INTEL_PROBE phase=executor_initialization
INTEL_PROBE phase=startup_probe
INTEL_PROBE phase=prepare_with_watchdog
INTEL_PROBE begin=finite_loop call=1 deadline=911164184116 rip=65537 nonce=911156969844 witness=0
INTEL_PROBE end=finite_loop call=1 status=0 mach_before=911159217729 mach_after=911165089900
INTEL_PROBE capture=finite_loop call=1 exec_before=1971314 exec_after=7643575 reason_before=37 reason=52 rip_before=65537 rip=65540 rax=911156969844 nonce=911156969844 witness=911156969844
INTEL_PROBE phase=prepare_with_watchdog
INTEL_PROBE begin=expired_mtf call=2 deadline=0 rip=65543 nonce=911165215197 witness=0
INTEL_PROBE end=expired_mtf call=2 status=0 mach_before=911167697125 mach_after=911167768903
INTEL_PROBE capture=expired_mtf call=2 exec_before=8109610 exec_after=8178038 reason_before=37 reason=52 rip_before=65543 rip=65543 rax=911165215197 nonce=911165215197 witness=0
INTEL_PROBE phase=prepare_with_watchdog
INTEL_PROBE begin=finite_mtf call=3 deadline=911174243624 rip=65543 nonce=911167847371 witness=0
INTEL_PROBE end=finite_mtf call=3 status=0 mach_before=911169275943 mach_after=911169971720
INTEL_PROBE capture=finite_mtf call=3 exec_before=8689668 exec_after=9216365 reason_before=37 reason=37 rip_before=65543 rip=65546 rax=911167847372 nonce=911167847371 witness=0
INTEL_PROBE phase=verified_retry
INTEL_PROBE phase=prepare_with_watchdog
INTEL_PROBE phase=finite_retirement
[       OK ] HvfIntelProbe.FiniteDeadline (26 ms)
[----------] 1 test from HvfIntelProbe (26 ms total)

[==========] 1 test from 1 test suite ran. (26 ms total)
[  PASSED  ] 1 test.

Repeating all tests (iteration 63) . . .

Note: Google Test filter = HvfIntelProbe.FiniteDeadline
[==========] Running 1 test from 1 test suite.
[----------] 1 test from HvfIntelProbe
[ RUN      ] HvfIntelProbe.FiniteDeadline
INTEL_PROBE phase=executor_initialization
INTEL_PROBE phase=startup_probe
INTEL_PROBE phase=prepare_with_watchdog
INTEL_PROBE begin=finite_loop call=1 deadline=911194132334 rip=65537 nonce=911187503339 witness=0
INTEL_PROBE end=finite_loop call=1 status=0 mach_before=911189166205 mach_after=911196983078
INTEL_PROBE capture=finite_loop call=1 exec_before=2047274 exec_after=9687905 reason_before=37 reason=52 rip_before=65537 rip=65540 rax=911187503339 nonce=911187503339 witness=911187503339
INTEL_PROBE phase=prepare_with_watchdog
INTEL_PROBE begin=expired_mtf call=2 deadline=0 rip=65543 nonce=911197170243 witness=0
INTEL_PROBE end=expired_mtf call=2 status=0 mach_before=911199256149 mach_after=911199320609
INTEL_PROBE capture=expired_mtf call=2 exec_before=10294277 exec_after=10355190 reason_before=37 reason=52 rip_before=65543 rip=65543 rax=911197170243 nonce=911197170243 witness=0
INTEL_PROBE phase=prepare_with_watchdog
INTEL_PROBE begin=finite_mtf call=3 deadline=911205838582 rip=65543 nonce=911199441531 witness=0
INTEL_PROBE end=finite_mtf call=3 status=0 mach_before=911200898666 mach_after=911201589858
INTEL_PROBE capture=finite_mtf call=3 exec_before=10912549 exec_after=11442135 reason_before=37 reason=37 rip_before=65543 rip=65546 rax=911199441532 nonce=911199441531 witness=0
INTEL_PROBE phase=verified_retry
INTEL_PROBE phase=prepare_with_watchdog
INTEL_PROBE phase=finite_retirement
[       OK ] HvfIntelProbe.FiniteDeadline (31 ms)
[----------] 1 test from HvfIntelProbe (31 ms total)

[==========] 1 test from 1 test suite ran. (31 ms total)
[  PASSED  ] 1 test.

Repeating all tests (iteration 64) . . .

Note: Google Test filter = HvfIntelProbe.FiniteDeadline
[==========] Running 1 test from 1 test suite.
[----------] 1 test from HvfIntelProbe
[ RUN      ] HvfIntelProbe.FiniteDeadline
INTEL_PROBE phase=executor_initialization
INTEL_PROBE phase=startup_probe
INTEL_PROBE phase=prepare_with_watchdog
INTEL_PROBE begin=finite_loop call=1 deadline=911223447592 rip=65537 nonce=911216871416 witness=0
INTEL_PROBE end=finite_loop call=1 status=0 mach_before=911218478766 mach_after=911223922108
INTEL_PROBE capture=finite_loop call=1 exec_before=2024450 exec_after=7092109 reason_before=37 reason=52 rip_before=65537 rip=65540 rax=911216871416 nonce=911216871416 witness=911216871416
INTEL_PROBE phase=prepare_with_watchdog
INTEL_PROBE begin=expired_mtf call=2 deadline=0 rip=65543 nonce=911224221615 witness=0
INTEL_PROBE end=expired_mtf call=2 status=0 mach_before=911226701101 mach_after=911226771521
INTEL_PROBE capture=expired_mtf call=2 exec_before=7656207 exec_after=7722011 reason_before=37 reason=52 rip_before=65543 rip=65543 rax=911224221615 nonce=911224221615 witness=0
INTEL_PROBE phase=prepare_with_watchdog
INTEL_PROBE begin=finite_mtf call=3 deadline=911233426704 rip=65543 nonce=911226862561 witness=0
INTEL_PROBE end=finite_mtf call=3 status=0 mach_before=911228460429 mach_after=911229451284
INTEL_PROBE capture=finite_mtf call=3 exec_before=8299950 exec_after=8945070 reason_before=37 reason=37 rip_before=65543 rip=65546 rax=911226862562 nonce=911226862561 witness=0
INTEL_PROBE phase=verified_retry
INTEL_PROBE phase=prepare_with_watchdog
INTEL_PROBE phase=finite_retirement
[       OK ] HvfIntelProbe.FiniteDeadline (28 ms)
[----------] 1 test from HvfIntelProbe (28 ms total)

[==========] 1 test from 1 test suite ran. (28 ms total)
[  PASSED  ] 1 test.

Repeating all tests (iteration 65) . . .

Note: Google Test filter = HvfIntelProbe.FiniteDeadline
[==========] Running 1 test from 1 test suite.
[----------] 1 test from HvfIntelProbe
[ RUN      ] HvfIntelProbe.FiniteDeadline
INTEL_PROBE phase=executor_initialization
INTEL_PROBE phase=startup_probe
INTEL_PROBE phase=prepare_with_watchdog
INTEL_PROBE begin=finite_loop call=1 deadline=911250155113 rip=65537 nonce=911243766737 witness=0
INTEL_PROBE end=finite_loop call=1 status=0 mach_before=911245191001 mach_after=911250251628
INTEL_PROBE capture=finite_loop call=1 exec_before=1719433 exec_after=6473869 reason_before=37 reason=52 rip_before=65537 rip=65540 rax=911243766737 nonce=911243766737 witness=911243766737
INTEL_PROBE phase=prepare_with_watchdog
INTEL_PROBE begin=expired_mtf call=2 deadline=0 rip=65543 nonce=911250369005 witness=0
INTEL_PROBE end=expired_mtf call=2 status=0 mach_before=911252412881 mach_after=911252544493
INTEL_PROBE capture=expired_mtf call=2 exec_before=7062401 exec_after=7189410 reason_before=37 reason=52 rip_before=65543 rip=65543 rax=911250369005 nonce=911250369005 witness=0
INTEL_PROBE phase=prepare_with_watchdog
INTEL_PROBE begin=finite_mtf call=3 deadline=911259085696 rip=65543 nonce=911252622037 witness=0
INTEL_PROBE end=finite_mtf call=3 status=0 mach_before=911254113203 mach_after=911254828990
INTEL_PROBE capture=finite_mtf call=3 exec_before=7706407 exec_after=8257025 reason_before=37 reason=37 rip_before=65543 rip=65546 rax=911252622038 nonce=911252622037 witness=0
INTEL_PROBE phase=verified_retry
INTEL_PROBE phase=prepare_with_watchdog
INTEL_PROBE phase=finite_retirement
[       OK ] HvfIntelProbe.FiniteDeadline (24 ms)
[----------] 1 test from HvfIntelProbe (24 ms total)

[==========] 1 test from 1 test suite ran. (24 ms total)
[  PASSED  ] 1 test.

Repeating all tests (iteration 66) . . .

Note: Google Test filter = HvfIntelProbe.FiniteDeadline
[==========] Running 1 test from 1 test suite.
[----------] 1 test from HvfIntelProbe
[ RUN      ] HvfIntelProbe.FiniteDeadline
INTEL_PROBE phase=executor_initialization
INTEL_PROBE phase=startup_probe
INTEL_PROBE phase=prepare_with_watchdog
INTEL_PROBE begin=finite_loop call=1 deadline=911275082829 rip=65537 nonce=911268624392 witness=0
INTEL_PROBE end=finite_loop call=1 status=0 mach_before=911270116576 mach_after=911275202618
INTEL_PROBE capture=finite_loop call=1 exec_before=1629088 exec_after=6543904 reason_before=37 reason=52 rip_before=65537 rip=65540 rax=911268624392 nonce=911268624392 witness=911268624392
INTEL_PROBE phase=prepare_with_watchdog
INTEL_PROBE begin=expired_mtf call=2 deadline=0 rip=65543 nonce=911275323751 witness=0
INTEL_PROBE end=expired_mtf call=2 status=0 mach_before=911277302962 mach_after=911277368243
INTEL_PROBE capture=expired_mtf call=2 exec_before=7047858 exec_after=7108989 reason_before=37 reason=52 rip_before=65543 rip=65543 rax=911275323751 nonce=911275323751 witness=0
INTEL_PROBE phase=prepare_with_watchdog
INTEL_PROBE begin=finite_mtf call=3 deadline=911283931988 rip=65543 nonce=911277460025 witness=0
INTEL_PROBE end=finite_mtf call=3 status=0 mach_before=911278966939 mach_after=911279811854
INTEL_PROBE capture=finite_mtf call=3 exec_before=7659662 exec_after=8299288 reason_before=37 reason=37 rip_before=65543 rip=65546 rax=911277460026 nonce=911277460025 witness=0
INTEL_PROBE phase=verified_retry
INTEL_PROBE phase=prepare_with_watchdog
INTEL_PROBE phase=finite_retirement
[       OK ] HvfIntelProbe.FiniteDeadline (25 ms)
[----------] 1 test from HvfIntelProbe (25 ms total)

[==========] 1 test from 1 test suite ran. (25 ms total)
[  PASSED  ] 1 test.

Repeating all tests (iteration 67) . . .

Note: Google Test filter = HvfIntelProbe.FiniteDeadline
[==========] Running 1 test from 1 test suite.
[----------] 1 test from HvfIntelProbe
[ RUN      ] HvfIntelProbe.FiniteDeadline
INTEL_PROBE phase=executor_initialization
INTEL_PROBE phase=startup_probe
INTEL_PROBE phase=prepare_with_watchdog
INTEL_PROBE begin=finite_loop call=1 deadline=911301727750 rip=65537 nonce=911295146452 witness=0
INTEL_PROBE end=finite_loop call=1 status=0 mach_before=911296776753 mach_after=911304209060
INTEL_PROBE capture=finite_loop call=1 exec_before=1928502 exec_after=9114156 reason_before=37 reason=52 rip_before=65537 rip=65540 rax=911295146452 nonce=911295146452 witness=911295146452
INTEL_PROBE phase=prepare_with_watchdog
INTEL_PROBE begin=expired_mtf call=2 deadline=0 rip=65543 nonce=911304374068 witness=0
INTEL_PROBE end=expired_mtf call=2 status=0 mach_before=911306897858 mach_after=911307004687
INTEL_PROBE capture=expired_mtf call=2 exec_before=9716392 exec_after=9819314 reason_before=37 reason=52 rip_before=65543 rip=65543 rax=911304374068 nonce=911304374068 witness=0
INTEL_PROBE phase=prepare_with_watchdog
INTEL_PROBE begin=finite_mtf call=3 deadline=911313628220 rip=65543 nonce=911307136280 witness=0
INTEL_PROBE end=finite_mtf call=3 status=0 mach_before=911308767025 mach_after=911309576095
INTEL_PROBE capture=finite_mtf call=3 exec_before=10319407 exec_after=10928353 reason_before=37 reason=37 rip_before=65543 rip=65546 rax=911307136281 nonce=911307136280 witness=0
INTEL_PROBE phase=verified_retry
INTEL_PROBE phase=prepare_with_watchdog
INTEL_PROBE phase=finite_retirement
[       OK ] HvfIntelProbe.FiniteDeadline (31 ms)
[----------] 1 test from HvfIntelProbe (31 ms total)

[==========] 1 test from 1 test suite ran. (31 ms total)
[  PASSED  ] 1 test.

Repeating all tests (iteration 68) . . .

Note: Google Test filter = HvfIntelProbe.FiniteDeadline
[==========] Running 1 test from 1 test suite.
[----------] 1 test from HvfIntelProbe
[ RUN      ] HvfIntelProbe.FiniteDeadline
INTEL_PROBE phase=executor_initialization
INTEL_PROBE phase=startup_probe
INTEL_PROBE phase=prepare_with_watchdog
INTEL_PROBE begin=finite_loop call=1 deadline=911352941958 rip=65537 nonce=911343751474 witness=0
INTEL_PROBE end=finite_loop call=1 status=0 mach_before=911347987404 mach_after=911355915346
INTEL_PROBE capture=finite_loop call=1 exec_before=11499488 exec_after=19075217 reason_before=37 reason=52 rip_before=65537 rip=65540 rax=911343751474 nonce=911343751474 witness=911343751474
INTEL_PROBE phase=prepare_with_watchdog
INTEL_PROBE begin=expired_mtf call=2 deadline=0 rip=65543 nonce=911356085317 witness=0
INTEL_PROBE end=expired_mtf call=2 status=0 mach_before=911357968708 mach_after=911358044488
INTEL_PROBE capture=expired_mtf call=2 exec_before=19566498 exec_after=19638796 reason_before=37 reason=52 rip_before=65543 rip=65543 rax=911356085317 nonce=911356085317 witness=0
INTEL_PROBE phase=prepare_with_watchdog
INTEL_PROBE begin=finite_mtf call=3 deadline=911364501179 rip=65543 nonce=911358128790 witness=0
INTEL_PROBE end=finite_mtf call=3 status=0 mach_before=911359546199 mach_after=911360181784
INTEL_PROBE capture=finite_mtf call=3 exec_before=20140803 exec_after=20645971 reason_before=37 reason=37 rip_before=65543 rip=65546 rax=911358128791 nonce=911358128790 witness=0
INTEL_PROBE phase=verified_retry
INTEL_PROBE phase=prepare_with_watchdog
INTEL_PROBE phase=finite_retirement
[       OK ] HvfIntelProbe.FiniteDeadline (48 ms)
[----------] 1 test from HvfIntelProbe (48 ms total)

[==========] 1 test from 1 test suite ran. (48 ms total)
[  PASSED  ] 1 test.

Repeating all tests (iteration 69) . . .

Note: Google Test filter = HvfIntelProbe.FiniteDeadline
[==========] Running 1 test from 1 test suite.
[----------] 1 test from HvfIntelProbe
[ RUN      ] HvfIntelProbe.FiniteDeadline
INTEL_PROBE phase=executor_initialization
INTEL_PROBE phase=startup_probe
INTEL_PROBE phase=prepare_with_watchdog
INTEL_PROBE begin=finite_loop call=1 deadline=911380889197 rip=65537 nonce=911374220847 witness=0
INTEL_PROBE end=finite_loop call=1 status=0 mach_before=911375920360 mach_after=911382598614
INTEL_PROBE capture=finite_loop call=1 exec_before=1480481 exec_after=7901017 reason_before=37 reason=52 rip_before=65537 rip=65540 rax=911374220847 nonce=911374220847 witness=911374220847
INTEL_PROBE phase=prepare_with_watchdog
INTEL_PROBE begin=expired_mtf call=2 deadline=0 rip=65543 nonce=911382768974 witness=0
INTEL_PROBE end=expired_mtf call=2 status=0 mach_before=911384847879 mach_after=911384916757
INTEL_PROBE capture=expired_mtf call=2 exec_before=8479238 exec_after=8544690 reason_before=37 reason=52 rip_before=65543 rip=65543 rax=911382768974 nonce=911382768974 witness=0
INTEL_PROBE phase=prepare_with_watchdog
INTEL_PROBE begin=finite_mtf call=3 deadline=911391354275 rip=65543 nonce=911385006669 witness=0
INTEL_PROBE end=finite_mtf call=3 status=0 mach_before=911386390726 mach_after=911387057058
INTEL_PROBE capture=finite_mtf call=3 exec_before=9064016 exec_after=9592972 reason_before=37 reason=37 rip_before=65543 rip=65546 rax=911385006670 nonce=911385006669 witness=0
INTEL_PROBE phase=verified_retry
INTEL_PROBE phase=prepare_with_watchdog
INTEL_PROBE phase=finite_retirement
[       OK ] HvfIntelProbe.FiniteDeadline (26 ms)
[----------] 1 test from HvfIntelProbe (26 ms total)

[==========] 1 test from 1 test suite ran. (26 ms total)
[  PASSED  ] 1 test.

Repeating all tests (iteration 70) . . .

Note: Google Test filter = HvfIntelProbe.FiniteDeadline
[==========] Running 1 test from 1 test suite.
[----------] 1 test from HvfIntelProbe
[ RUN      ] HvfIntelProbe.FiniteDeadline
INTEL_PROBE phase=executor_initialization
INTEL_PROBE phase=startup_probe
INTEL_PROBE phase=prepare_with_watchdog
INTEL_PROBE begin=finite_loop call=1 deadline=911410662558 rip=65537 nonce=911403948270 witness=0
INTEL_PROBE end=finite_loop call=1 status=0 mach_before=911405695932 mach_after=911410788582
INTEL_PROBE capture=finite_loop call=1 exec_before=2774891 exec_after=7646443 reason_before=37 reason=52 rip_before=65537 rip=65540 rax=911403948270 nonce=911403948270 witness=911403948270
INTEL_PROBE phase=prepare_with_watchdog
INTEL_PROBE begin=expired_mtf call=2 deadline=0 rip=65543 nonce=911410886412 witness=0
INTEL_PROBE end=expired_mtf call=2 status=0 mach_before=911412937733 mach_after=911413050765
INTEL_PROBE capture=expired_mtf call=2 exec_before=8208115 exec_after=8316005 reason_before=37 reason=52 rip_before=65543 rip=65543 rax=911410886412 nonce=911410886412 witness=0
INTEL_PROBE phase=prepare_with_watchdog
INTEL_PROBE begin=finite_mtf call=3 deadline=911419669003 rip=65543 nonce=911413150265 witness=0
INTEL_PROBE end=finite_mtf call=3 status=0 mach_before=911414692967 mach_after=911415438261
INTEL_PROBE capture=finite_mtf call=3 exec_before=8850012 exec_after=9426243 reason_before=37 reason=37 rip_before=65543 rip=65546 rax=911413150266 nonce=911413150265 witness=0
INTEL_PROBE phase=verified_retry
INTEL_PROBE phase=prepare_with_watchdog
INTEL_PROBE phase=finite_retirement
[       OK ] HvfIntelProbe.FiniteDeadline (28 ms)
[----------] 1 test from HvfIntelProbe (28 ms total)

[==========] 1 test from 1 test suite ran. (28 ms total)
[  PASSED  ] 1 test.

Repeating all tests (iteration 71) . . .

Note: Google Test filter = HvfIntelProbe.FiniteDeadline
[==========] Running 1 test from 1 test suite.
[----------] 1 test from HvfIntelProbe
[ RUN      ] HvfIntelProbe.FiniteDeadline
INTEL_PROBE phase=executor_initialization
INTEL_PROBE phase=startup_probe
INTEL_PROBE phase=prepare_with_watchdog
INTEL_PROBE begin=finite_loop call=1 deadline=911437123322 rip=65537 nonce=911430464469 witness=0
INTEL_PROBE end=finite_loop call=1 status=0 mach_before=911432152138 mach_after=911438044381
INTEL_PROBE capture=finite_loop call=1 exec_before=2167706 exec_after=7786966 reason_before=37 reason=52 rip_before=65537 rip=65540 rax=911430464469 nonce=911430464469 witness=911430464469
INTEL_PROBE phase=prepare_with_watchdog
INTEL_PROBE begin=expired_mtf call=2 deadline=0 rip=65543 nonce=911438169116 witness=0
INTEL_PROBE end=expired_mtf call=2 status=0 mach_before=911440516794 mach_after=911440580367
INTEL_PROBE capture=expired_mtf call=2 exec_before=8493196 exec_after=8552980 reason_before=37 reason=52 rip_before=65543 rip=65543 rax=911438169116 nonce=911438169116 witness=0
INTEL_PROBE phase=prepare_with_watchdog
INTEL_PROBE begin=finite_mtf call=3 deadline=911447084337 rip=65543 nonce=911440685808 witness=0
INTEL_PROBE end=finite_mtf call=3 status=0 mach_before=911442108841 mach_after=911442775280
INTEL_PROBE capture=finite_mtf call=3 exec_before=9052861 exec_after=9579951 reason_before=37 reason=37 rip_before=65543 rip=65546 rax=911440685809 nonce=911440685808 witness=0
INTEL_PROBE phase=verified_retry
INTEL_PROBE phase=prepare_with_watchdog
INTEL_PROBE phase=finite_retirement
[       OK ] HvfIntelProbe.FiniteDeadline (26 ms)
[----------] 1 test from HvfIntelProbe (26 ms total)

[==========] 1 test from 1 test suite ran. (27 ms total)
[  PASSED  ] 1 test.

Repeating all tests (iteration 72) . . .

Note: Google Test filter = HvfIntelProbe.FiniteDeadline
[==========] Running 1 test from 1 test suite.
[----------] 1 test from HvfIntelProbe
[ RUN      ] HvfIntelProbe.FiniteDeadline
INTEL_PROBE phase=executor_initialization
INTEL_PROBE phase=startup_probe
INTEL_PROBE phase=prepare_with_watchdog
INTEL_PROBE begin=finite_loop call=1 deadline=911465268183 rip=65537 nonce=911458746368 witness=0
INTEL_PROBE end=finite_loop call=1 status=0 mach_before=911460300251 mach_after=911466574366
INTEL_PROBE capture=finite_loop call=1 exec_before=2007568 exec_after=8081585 reason_before=37 reason=52 rip_before=65537 rip=65540 rax=911458746368 nonce=911458746368 witness=911458746368
INTEL_PROBE phase=prepare_with_watchdog
INTEL_PROBE begin=expired_mtf call=2 deadline=0 rip=65543 nonce=911466786724 witness=0
INTEL_PROBE end=expired_mtf call=2 status=0 mach_before=911468833469 mach_after=911468899565
INTEL_PROBE capture=expired_mtf call=2 exec_before=8612129 exec_after=8674918 reason_before=37 reason=52 rip_before=65543 rip=65543 rax=911466786724 nonce=911466786724 witness=0
INTEL_PROBE phase=prepare_with_watchdog
INTEL_PROBE begin=finite_mtf call=3 deadline=911475406148 rip=65543 nonce=911468983222 witness=0
INTEL_PROBE end=finite_mtf call=3 status=0 mach_before=911470435588 mach_after=911471063571
INTEL_PROBE capture=finite_mtf call=3 exec_before=9186248 exec_after=9675428 reason_before=37 reason=37 rip_before=65543 rip=65546 rax=911468983223 nonce=911468983222 witness=0
INTEL_PROBE phase=verified_retry
INTEL_PROBE phase=prepare_with_watchdog
INTEL_PROBE phase=finite_retirement
[       OK ] HvfIntelProbe.FiniteDeadline (28 ms)
[----------] 1 test from HvfIntelProbe (28 ms total)

[==========] 1 test from 1 test suite ran. (28 ms total)
[  PASSED  ] 1 test.

Repeating all tests (iteration 73) . . .

Note: Google Test filter = HvfIntelProbe.FiniteDeadline
[==========] Running 1 test from 1 test suite.
[----------] 1 test from HvfIntelProbe
[ RUN      ] HvfIntelProbe.FiniteDeadline
INTEL_PROBE phase=executor_initialization
INTEL_PROBE phase=startup_probe
INTEL_PROBE phase=prepare_with_watchdog
INTEL_PROBE begin=finite_loop call=1 deadline=911492863853 rip=65537 nonce=911486312378 witness=0
INTEL_PROBE end=finite_loop call=1 status=0 mach_before=911487901702 mach_after=911493147683
INTEL_PROBE capture=finite_loop call=1 exec_before=1799060 exec_after=6833266 reason_before=37 reason=52 rip_before=65537 rip=65540 rax=911486312378 nonce=911486312378 witness=911486312378
INTEL_PROBE phase=prepare_with_watchdog
INTEL_PROBE begin=expired_mtf call=2 deadline=0 rip=65543 nonce=911493303238 witness=0
INTEL_PROBE end=expired_mtf call=2 status=0 mach_before=911495429575 mach_after=911495494941
INTEL_PROBE capture=expired_mtf call=2 exec_before=7341895 exec_after=7403564 reason_before=37 reason=52 rip_before=65543 rip=65543 rax=911493303238 nonce=911493303238 witness=0
INTEL_PROBE phase=prepare_with_watchdog
INTEL_PROBE begin=finite_mtf call=3 deadline=911502103546 rip=65543 nonce=911495581907 witness=0
INTEL_PROBE end=finite_mtf call=3 status=0 mach_before=911497134783 mach_after=911497818258
INTEL_PROBE capture=finite_mtf call=3 exec_before=7892775 exec_after=8403494 reason_before=37 reason=37 rip_before=65543 rip=65546 rax=911495581908 nonce=911495581907 witness=0
INTEL_PROBE phase=verified_retry
INTEL_PROBE phase=prepare_with_watchdog
INTEL_PROBE phase=finite_retirement
[       OK ] HvfIntelProbe.FiniteDeadline (26 ms)
[----------] 1 test from HvfIntelProbe (26 ms total)

[==========] 1 test from 1 test suite ran. (26 ms total)
[  PASSED  ] 1 test.

Repeating all tests (iteration 74) . . .

Note: Google Test filter = HvfIntelProbe.FiniteDeadline
[==========] Running 1 test from 1 test suite.
[----------] 1 test from HvfIntelProbe
[ RUN      ] HvfIntelProbe.FiniteDeadline
INTEL_PROBE phase=executor_initialization
INTEL_PROBE phase=startup_probe
INTEL_PROBE phase=prepare_with_watchdog
INTEL_PROBE begin=finite_loop call=1 deadline=911521050529 rip=65537 nonce=911514513044 witness=0
INTEL_PROBE end=finite_loop call=1 status=0 mach_before=911516088480 mach_after=911525522325
INTEL_PROBE capture=finite_loop call=1 exec_before=3224378 exec_after=12388415 reason_before=37 reason=52 rip_before=65537 rip=65540 rax=911514513044 nonce=911514513044 witness=911514513044
INTEL_PROBE phase=prepare_with_watchdog
INTEL_PROBE begin=expired_mtf call=2 deadline=0 rip=65543 nonce=911525658787 witness=0
INTEL_PROBE end=expired_mtf call=2 status=0 mach_before=911527691539 mach_after=911527759294
INTEL_PROBE capture=expired_mtf call=2 exec_before=12971407 exec_after=13035606 reason_before=37 reason=52 rip_before=65543 rip=65543 rax=911525658787 nonce=911525658787 witness=0
INTEL_PROBE phase=prepare_with_watchdog
INTEL_PROBE begin=finite_mtf call=3 deadline=911534298513 rip=65543 nonce=911527838886 witness=0
INTEL_PROBE end=finite_mtf call=3 status=0 mach_before=911529329568 mach_after=911529961509
INTEL_PROBE capture=finite_mtf call=3 exec_before=13548826 exec_after=14047563 reason_before=37 reason=37 rip_before=65543 rip=65546 rax=911527838887 nonce=911527838886 witness=0
INTEL_PROBE phase=verified_retry
INTEL_PROBE phase=prepare_with_watchdog
INTEL_PROBE phase=finite_retirement
[       OK ] HvfIntelProbe.FiniteDeadline (31 ms)
[----------] 1 test from HvfIntelProbe (31 ms total)

[==========] 1 test from 1 test suite ran. (31 ms total)
[  PASSED  ] 1 test.

Repeating all tests (iteration 75) . . .

Note: Google Test filter = HvfIntelProbe.FiniteDeadline
[==========] Running 1 test from 1 test suite.
[----------] 1 test from HvfIntelProbe
[ RUN      ] HvfIntelProbe.FiniteDeadline
INTEL_PROBE phase=executor_initialization
INTEL_PROBE phase=startup_probe
INTEL_PROBE phase=prepare_with_watchdog
INTEL_PROBE begin=finite_loop call=1 deadline=911552061842 rip=65537 nonce=911545608519 witness=0
INTEL_PROBE end=finite_loop call=1 status=0 mach_before=911547093883 mach_after=911557725410
INTEL_PROBE capture=finite_loop call=1 exec_before=2572280 exec_after=13032972 reason_before=37 reason=52 rip_before=65537 rip=65540 rax=911545608519 nonce=911545608519 witness=911545608519
INTEL_PROBE phase=prepare_with_watchdog
INTEL_PROBE begin=expired_mtf call=2 deadline=0 rip=65543 nonce=911557849975 witness=0
INTEL_PROBE end=expired_mtf call=2 status=0 mach_before=911560093622 mach_after=911560160654
INTEL_PROBE capture=expired_mtf call=2 exec_before=13567687 exec_after=13630396 reason_before=37 reason=52 rip_before=65543 rip=65543 rax=911557849975 nonce=911557849975 witness=0
INTEL_PROBE phase=prepare_with_watchdog
INTEL_PROBE begin=finite_mtf call=3 deadline=911566635549 rip=65543 nonce=911560241415 witness=0
INTEL_PROBE end=finite_mtf call=3 status=0 mach_before=911561659616 mach_after=911562465623
INTEL_PROBE capture=finite_mtf call=3 exec_before=14113724 exec_after=14613422 reason_before=37 reason=37 rip_before=65543 rip=65546 rax=911560241416 nonce=911560241415 witness=0
INTEL_PROBE phase=verified_retry
INTEL_PROBE phase=prepare_with_watchdog
INTEL_PROBE phase=finite_retirement
[       OK ] HvfIntelProbe.FiniteDeadline (33 ms)
[----------] 1 test from HvfIntelProbe (33 ms total)

[==========] 1 test from 1 test suite ran. (33 ms total)
[  PASSED  ] 1 test.

Repeating all tests (iteration 76) . . .

Note: Google Test filter = HvfIntelProbe.FiniteDeadline
[==========] Running 1 test from 1 test suite.
[----------] 1 test from HvfIntelProbe
[ RUN      ] HvfIntelProbe.FiniteDeadline
INTEL_PROBE phase=executor_initialization
INTEL_PROBE phase=startup_probe
INTEL_PROBE phase=prepare_with_watchdog
INTEL_PROBE begin=finite_loop call=1 deadline=911586011751 rip=65537 nonce=911579407415 witness=0
INTEL_PROBE end=finite_loop call=1 status=0 mach_before=911581073784 mach_after=911587816458
INTEL_PROBE capture=finite_loop call=1 exec_before=3152207 exec_after=9697894 reason_before=37 reason=52 rip_before=65537 rip=65540 rax=911579407415 nonce=911579407415 witness=911579407415
INTEL_PROBE phase=prepare_with_watchdog
INTEL_PROBE begin=expired_mtf call=2 deadline=0 rip=65543 nonce=911587956835 witness=0
INTEL_PROBE end=expired_mtf call=2 status=0 mach_before=911590198691 mach_after=911590267294
INTEL_PROBE capture=expired_mtf call=2 exec_before=10268983 exec_after=10333455 reason_before=37 reason=52 rip_before=65543 rip=65543 rax=911587956835 nonce=911587956835 witness=0
INTEL_PROBE phase=prepare_with_watchdog
INTEL_PROBE begin=finite_mtf call=3 deadline=911596752802 rip=65543 nonce=911590372553 witness=0
INTEL_PROBE end=finite_mtf call=3 status=0 mach_before=911591790773 mach_after=911592551206
INTEL_PROBE capture=finite_mtf call=3 exec_before=10814217 exec_after=11396981 reason_before=37 reason=37 rip_before=65543 rip=65546 rax=911590372554 nonce=911590372553 witness=0
INTEL_PROBE phase=verified_retry
INTEL_PROBE phase=prepare_with_watchdog
INTEL_PROBE phase=finite_retirement
[       OK ] HvfIntelProbe.FiniteDeadline (29 ms)
[----------] 1 test from HvfIntelProbe (29 ms total)

[==========] 1 test from 1 test suite ran. (29 ms total)
[  PASSED  ] 1 test.

Repeating all tests (iteration 77) . . .

Note: Google Test filter = HvfIntelProbe.FiniteDeadline
[==========] Running 1 test from 1 test suite.
[----------] 1 test from HvfIntelProbe
[ RUN      ] HvfIntelProbe.FiniteDeadline
INTEL_PROBE phase=executor_initialization
INTEL_PROBE phase=startup_probe
INTEL_PROBE phase=prepare_with_watchdog
INTEL_PROBE begin=finite_loop call=1 deadline=911614509230 rip=65537 nonce=911607898453 witness=0
INTEL_PROBE end=finite_loop call=1 status=0 mach_before=911609546987 mach_after=911615036696
INTEL_PROBE capture=finite_loop call=1 exec_before=2801009 exec_after=8126832 reason_before=37 reason=52 rip_before=65537 rip=65540 rax=911607898453 nonce=911607898453 witness=911607898453
INTEL_PROBE phase=prepare_with_watchdog
INTEL_PROBE begin=expired_mtf call=2 deadline=0 rip=65543 nonce=911615160826 witness=0
INTEL_PROBE end=expired_mtf call=2 status=0 mach_before=911617161301 mach_after=911617320017
INTEL_PROBE capture=expired_mtf call=2 exec_before=8648321 exec_after=8801988 reason_before=37 reason=52 rip_before=65543 rip=65543 rax=911615160826 nonce=911615160826 witness=0
INTEL_PROBE phase=prepare_with_watchdog
INTEL_PROBE begin=finite_mtf call=3 deadline=911623946771 rip=65543 nonce=911617428696 witness=0
INTEL_PROBE end=finite_mtf call=3 status=0 mach_before=911618982935 mach_after=911619669361
INTEL_PROBE capture=finite_mtf call=3 exec_before=9349121 exec_after=9893570 reason_before=37 reason=37 rip_before=65543 rip=65546 rax=911617428697 nonce=911617428696 witness=0
INTEL_PROBE phase=verified_retry
INTEL_PROBE phase=prepare_with_watchdog
INTEL_PROBE phase=finite_retirement
[       OK ] HvfIntelProbe.FiniteDeadline (27 ms)
[----------] 1 test from HvfIntelProbe (27 ms total)

[==========] 1 test from 1 test suite ran. (27 ms total)
[  PASSED  ] 1 test.

Repeating all tests (iteration 78) . . .

Note: Google Test filter = HvfIntelProbe.FiniteDeadline
[==========] Running 1 test from 1 test suite.
[----------] 1 test from HvfIntelProbe
[ RUN      ] HvfIntelProbe.FiniteDeadline
INTEL_PROBE phase=executor_initialization
INTEL_PROBE phase=startup_probe
INTEL_PROBE phase=prepare_with_watchdog
INTEL_PROBE begin=finite_loop call=1 deadline=911642026669 rip=65537 nonce=911635448805 witness=0
INTEL_PROBE end=finite_loop call=1 status=0 mach_before=911637064783 mach_after=911643831416
INTEL_PROBE capture=finite_loop call=1 exec_before=2553589 exec_after=9127852 reason_before=37 reason=52 rip_before=65537 rip=65540 rax=911635448805 nonce=911635448805 witness=911635448805
INTEL_PROBE phase=prepare_with_watchdog
INTEL_PROBE begin=expired_mtf call=2 deadline=0 rip=65543 nonce=911643948606 witness=0
INTEL_PROBE end=expired_mtf call=2 status=0 mach_before=911646066299 mach_after=911646192189
INTEL_PROBE capture=expired_mtf call=2 exec_before=9612008 exec_after=9732707 reason_before=37 reason=52 rip_before=65543 rip=65543 rax=911643948606 nonce=911643948606 witness=0
INTEL_PROBE phase=prepare_with_watchdog
INTEL_PROBE begin=finite_mtf call=3 deadline=911652783795 rip=65543 nonce=911646284075 witness=0
INTEL_PROBE end=finite_mtf call=3 status=0 mach_before=911647819316 mach_after=911648599662
INTEL_PROBE capture=finite_mtf call=3 exec_before=10262529 exec_after=10853840 reason_before=37 reason=37 rip_before=65543 rip=65546 rax=911646284076 nonce=911646284075 witness=0
INTEL_PROBE phase=verified_retry
INTEL_PROBE phase=prepare_with_watchdog
INTEL_PROBE phase=finite_retirement
[       OK ] HvfIntelProbe.FiniteDeadline (29 ms)
[----------] 1 test from HvfIntelProbe (29 ms total)

[==========] 1 test from 1 test suite ran. (29 ms total)
[  PASSED  ] 1 test.

Repeating all tests (iteration 79) . . .

Note: Google Test filter = HvfIntelProbe.FiniteDeadline
[==========] Running 1 test from 1 test suite.
[----------] 1 test from HvfIntelProbe
[ RUN      ] HvfIntelProbe.FiniteDeadline
INTEL_PROBE phase=executor_initialization
INTEL_PROBE phase=startup_probe
INTEL_PROBE phase=prepare_with_watchdog
INTEL_PROBE begin=finite_loop call=1 deadline=911719062593 rip=65537 nonce=911709332111 witness=0
INTEL_PROBE end=finite_loop call=1 status=0 mach_before=911714207739 mach_after=911721283458
INTEL_PROBE capture=finite_loop call=1 exec_before=7037298 exec_after=7694490 reason_before=37 reason=52 rip_before=65537 rip=65537 rax=911709332111 nonce=911709332111 witness=0
/Users/runner/work/test_mac_intel/test_mac_intel/source/unittests/emulation/HvfExecutorTests.cpp:555: Failure
Expected equality of these values:
  Witness->load()
    Which is: 0
  State.reg(X64Register::AX)
    Which is: 911709332111

