Running main() from /Users/runner/work/test_mac_intel/test_mac_intel/source/build-hvf/_deps/googletest-src/googletest/src/gtest_main.cc

Repeating all tests (iteration 1) . . .

Note: Google Test filter = HvfIntelProbe.FiniteDeadline
[==========] Running 1 test from 1 test suite.
[----------] Global test environment set-up.
[----------] 1 test from HvfIntelProbe
[ RUN      ] HvfIntelProbe.FiniteDeadline
INTEL_PROBE phase=executor_initialization
INTEL_PROBE phase=executor_retained
INTEL_PROBE phase=startup_probe
INTEL_PROBE phase=prepare_with_transport
INTEL_PROBE witness_budget mach_start=977068068778 mach_end=979067090887 remaining_ns=1999022109 timebase_numer=1 timebase_denom=1 max_calls=4096
INTEL_PROBE begin=finite_loop call=1 deadline=977073121347 rip=65537 nonce=977066731936 witness=0
INTEL_PROBE end=finite_loop call=1 status=0 mach_before=977068131465 mach_after=977069536442
INTEL_PROBE capture=finite_loop call=1 exec_before=1101053 exec_after=2332779 reason_before=37 reason=1 rip_before=65537 rip=65540 rax=977066731936 nonce=977066731936 witness=977066731936
INTEL_PROBE begin=finite_loop call=2 deadline=977073121347 rip=65540 nonce=977066731936 witness=977066731936
INTEL_PROBE end=finite_loop call=2 status=0 mach_before=977069617160 mach_after=977075812956
INTEL_PROBE capture=finite_loop call=2 exec_before=2332779 exec_after=8522385 reason_before=1 reason=52 rip_before=65540 rip=65540 rax=977066731936 nonce=977066731936 witness=977066731936
INTEL_PROBE phase=prepare_with_transport
INTEL_PROBE begin=expired_mtf call=3 deadline=0 rip=65543 nonce=977075897691 witness=0
INTEL_PROBE end=expired_mtf call=3 status=0 mach_before=977077515399 mach_after=977077560479
INTEL_PROBE capture=expired_mtf call=3 exec_before=8960323 exec_after=9002700 reason_before=37 reason=52 rip_before=65543 rip=65543 rax=977075897691 nonce=977075897691 witness=0
INTEL_PROBE phase=prepare_with_transport
INTEL_PROBE begin=finite_mtf call=4 deadline=977083469575 rip=65543 nonce=977077627600 witness=0
INTEL_PROBE end=finite_mtf call=4 status=0 mach_before=977078491806 mach_after=977078923911
INTEL_PROBE capture=finite_mtf call=4 exec_before=9340191 exec_after=9679698 reason_before=37 reason=37 rip_before=65543 rip=65546 rax=977077627601 nonce=977077627600 witness=0
INTEL_PROBE phase=verified_retry
INTEL_PROBE phase=prepare_with_transport
INTEL_PROBE phase=finite_retirement
INTEL_LIFECYCLE phase=vcpu_destroy_begin generation=1 owner=70365
INTEL_LIFECYCLE phase=vcpu_destroy_end generation=1 owner=70365
INTEL_LIFECYCLE phase=vm_destroy_begin generation=1 owner=70365
INTEL_LIFECYCLE phase=vm_destroy_end generation=1 owner=70365
INTEL_LIFECYCLE phase=vm_create_begin generation=2 owner=70365
INTEL_LIFECYCLE phase=vm_create_end generation=2 owner=70365
INTEL_LIFECYCLE phase=vcpu_create_begin generation=2 owner=70365
INTEL_LIFECYCLE phase=vcpu_create_end generation=2 owner=70365
[       OK ] HvfIntelProbe.FiniteDeadline (22 ms)
[----------] 1 test from HvfIntelProbe (22 ms total)

[==========] 1 test from 1 test suite ran. (22 ms total)
[  PASSED  ] 1 test.

Repeating all tests (iteration 2) . . .

Note: Google Test filter = HvfIntelProbe.FiniteDeadline
[==========] Running 1 test from 1 test suite.
[----------] 1 test from HvfIntelProbe
[ RUN      ] HvfIntelProbe.FiniteDeadline
INTEL_PROBE phase=executor_initialization
INTEL_PROBE phase=executor_retained
INTEL_PROBE phase=startup_probe
INTEL_PROBE phase=prepare_with_transport
INTEL_PROBE witness_budget mach_start=977088902569 mach_end=979088466328 remaining_ns=1999563759 timebase_numer=1 timebase_denom=1 max_calls=4096
INTEL_PROBE begin=finite_loop call=1 deadline=977093929527 rip=65537 nonce=977088105548 witness=0
INTEL_PROBE end=finite_loop call=1 status=0 mach_before=977088937463 mach_after=977094564176
INTEL_PROBE capture=finite_loop call=1 exec_before=1123517 exec_after=6562254 reason_before=37 reason=52 rip_before=65537 rip=65540 rax=977088105548 nonce=977088105548 witness=977088105548
INTEL_PROBE phase=prepare_with_transport
INTEL_PROBE begin=expired_mtf call=2 deadline=0 rip=65543 nonce=977094654423 witness=0
INTEL_PROBE end=expired_mtf call=2 status=0 mach_before=977096006602 mach_after=977096051486
INTEL_PROBE capture=expired_mtf call=2 exec_before=6938446 exec_after=6980758 reason_before=37 reason=52 rip_before=65543 rip=65543 rax=977094654423 nonce=977094654423 witness=0
INTEL_PROBE phase=prepare_with_transport
INTEL_PROBE begin=finite_mtf call=3 deadline=977101950338 rip=65543 nonce=977096115881 witness=0
INTEL_PROBE end=finite_mtf call=3 status=0 mach_before=977096965588 mach_after=977097385295
INTEL_PROBE capture=finite_mtf call=3 exec_before=7315546 exec_after=7647087 reason_before=37 reason=37 rip_before=65543 rip=65546 rax=977096115882 nonce=977096115881 witness=0
INTEL_PROBE phase=verified_retry
INTEL_PROBE phase=prepare_with_transport
INTEL_PROBE phase=finite_retirement
INTEL_LIFECYCLE phase=vcpu_destroy_begin generation=2 owner=70365
INTEL_LIFECYCLE phase=vcpu_destroy_end generation=2 owner=70365
INTEL_LIFECYCLE phase=vm_destroy_begin generation=2 owner=70365
INTEL_LIFECYCLE phase=vm_destroy_end generation=2 owner=70365
INTEL_LIFECYCLE phase=vm_create_begin generation=3 owner=70365
INTEL_LIFECYCLE phase=vm_create_end generation=3 owner=70365
INTEL_LIFECYCLE phase=vcpu_create_begin generation=3 owner=70365
INTEL_LIFECYCLE phase=vcpu_create_end generation=3 owner=70365
[       OK ] HvfIntelProbe.FiniteDeadline (18 ms)
[----------] 1 test from HvfIntelProbe (18 ms total)

[==========] 1 test from 1 test suite ran. (18 ms total)
[  PASSED  ] 1 test.

Repeating all tests (iteration 3) . . .

Note: Google Test filter = HvfIntelProbe.FiniteDeadline
[==========] Running 1 test from 1 test suite.
[----------] 1 test from HvfIntelProbe
[ RUN      ] HvfIntelProbe.FiniteDeadline
INTEL_PROBE phase=executor_initialization
INTEL_PROBE phase=executor_retained
INTEL_PROBE phase=startup_probe
INTEL_PROBE phase=prepare_with_transport
INTEL_PROBE witness_budget mach_start=977106784178 mach_end=979106281145 remaining_ns=1999496967 timebase_numer=1 timebase_denom=1 max_calls=4096
INTEL_PROBE begin=finite_loop call=1 deadline=977111805951 rip=65537 nonce=977105926823 witness=0
INTEL_PROBE end=finite_loop call=1 status=0 mach_before=977106812203 mach_after=977113918666
INTEL_PROBE capture=finite_loop call=1 exec_before=1004974 exec_after=7940634 reason_before=37 reason=52 rip_before=65537 rip=65540 rax=977105926823 nonce=977105926823 witness=977105926823
INTEL_PROBE phase=prepare_with_transport
INTEL_PROBE begin=expired_mtf call=2 deadline=0 rip=65543 nonce=977114002973 witness=0
INTEL_PROBE end=expired_mtf call=2 status=0 mach_before=977115345686 mach_after=977115388974
INTEL_PROBE capture=expired_mtf call=2 exec_before=8332590 exec_after=8373381 reason_before=37 reason=52 rip_before=65543 rip=65543 rax=977114002973 nonce=977114002973 witness=0
INTEL_PROBE phase=prepare_with_transport
INTEL_PROBE begin=finite_mtf call=3 deadline=977121266855 rip=65543 nonce=977115450401 witness=0
INTEL_PROBE end=finite_mtf call=3 status=0 mach_before=977116281160 mach_after=977116691686
INTEL_PROBE capture=finite_mtf call=3 exec_before=8698310 exec_after=9023838 reason_before=37 reason=37 rip_before=65543 rip=65546 rax=977115450402 nonce=977115450401 witness=0
INTEL_PROBE phase=verified_retry
INTEL_PROBE phase=prepare_with_transport
INTEL_PROBE phase=finite_retirement
INTEL_LIFECYCLE phase=vcpu_destroy_begin generation=3 owner=70365
INTEL_LIFECYCLE phase=vcpu_destroy_end generation=3 owner=70365
INTEL_LIFECYCLE phase=vm_destroy_begin generation=3 owner=70365
INTEL_LIFECYCLE phase=vm_destroy_end generation=3 owner=70365
INTEL_LIFECYCLE phase=vm_create_begin generation=4 owner=70365
INTEL_LIFECYCLE phase=vm_create_end generation=4 owner=70365
INTEL_LIFECYCLE phase=vcpu_create_begin generation=4 owner=70365
INTEL_LIFECYCLE phase=vcpu_create_end generation=4 owner=70365
[       OK ] HvfIntelProbe.FiniteDeadline (19 ms)
[----------] 1 test from HvfIntelProbe (19 ms total)

[==========] 1 test from 1 test suite ran. (19 ms total)
[  PASSED  ] 1 test.

Repeating all tests (iteration 4) . . .

Note: Google Test filter = HvfIntelProbe.FiniteDeadline
[==========] Running 1 test from 1 test suite.
[----------] 1 test from HvfIntelProbe
[ RUN      ] HvfIntelProbe.FiniteDeadline
INTEL_PROBE phase=executor_initialization
INTEL_PROBE phase=executor_retained
INTEL_PROBE phase=startup_probe
INTEL_PROBE phase=prepare_with_transport
INTEL_PROBE witness_budget mach_start=977126097303 mach_end=979125367613 remaining_ns=1999270310 timebase_numer=1 timebase_denom=1 max_calls=4096
INTEL_PROBE begin=finite_loop call=1 deadline=977131118530 rip=65537 nonce=977124998844 witness=0
INTEL_PROBE end=finite_loop call=1 status=0 mach_before=977126124628 mach_after=977131930569
INTEL_PROBE capture=finite_loop call=1 exec_before=976421 exec_after=6655164 reason_before=37 reason=52 rip_before=65537 rip=65540 rax=977124998844 nonce=977124998844 witness=977124998844
INTEL_PROBE phase=prepare_with_transport
INTEL_PROBE begin=expired_mtf call=2 deadline=0 rip=65543 nonce=977132021012 witness=0
INTEL_PROBE end=expired_mtf call=2 status=0 mach_before=977133436541 mach_after=977133481492
INTEL_PROBE capture=expired_mtf call=2 exec_before=7079598 exec_after=7121866 reason_before=37 reason=52 rip_before=65543 rip=65543 rax=977132021012 nonce=977132021012 witness=0
INTEL_PROBE phase=prepare_with_transport
INTEL_PROBE begin=finite_mtf call=3 deadline=977139558271 rip=65543 nonce=977133545914 witness=0
INTEL_PROBE end=finite_mtf call=3 status=0 mach_before=977134577456 mach_after=977134996991
INTEL_PROBE capture=finite_mtf call=3 exec_before=7517671 exec_after=7847586 reason_before=37 reason=37 rip_before=65543 rip=65546 rax=977133545915 nonce=977133545914 witness=0
INTEL_PROBE phase=verified_retry
INTEL_PROBE phase=prepare_with_transport
INTEL_PROBE phase=finite_retirement
INTEL_LIFECYCLE phase=vcpu_destroy_begin generation=4 owner=70365
INTEL_LIFECYCLE phase=vcpu_destroy_end generation=4 owner=70365
INTEL_LIFECYCLE phase=vm_destroy_begin generation=4 owner=70365
INTEL_LIFECYCLE phase=vm_destroy_end generation=4 owner=70365
INTEL_LIFECYCLE phase=vm_create_begin generation=5 owner=70365
INTEL_LIFECYCLE phase=vm_create_end generation=5 owner=70365
INTEL_LIFECYCLE phase=vcpu_create_begin generation=5 owner=70365
INTEL_LIFECYCLE phase=vcpu_create_end generation=5 owner=70365
[       OK ] HvfIntelProbe.FiniteDeadline (18 ms)
[----------] 1 test from HvfIntelProbe (18 ms total)

[==========] 1 test from 1 test suite ran. (18 ms total)
[  PASSED  ] 1 test.

Repeating all tests (iteration 5) . . .

Note: Google Test filter = HvfIntelProbe.FiniteDeadline
[==========] Running 1 test from 1 test suite.
[----------] 1 test from HvfIntelProbe
[ RUN      ] HvfIntelProbe.FiniteDeadline
INTEL_PROBE phase=executor_initialization
INTEL_PROBE phase=executor_retained
INTEL_PROBE phase=startup_probe
INTEL_PROBE phase=prepare_with_transport
INTEL_PROBE witness_budget mach_start=977144731224 mach_end=979144175192 remaining_ns=1999443968 timebase_numer=1 timebase_denom=1 max_calls=4096
INTEL_PROBE begin=finite_loop call=1 deadline=977149754977 rip=65537 nonce=977143809413 witness=0
INTEL_PROBE end=finite_loop call=1 status=0 mach_before=977144762064 mach_after=977151768884
INTEL_PROBE capture=finite_loop call=1 exec_before=1084086 exec_after=7881207 reason_before=37 reason=52 rip_before=65537 rip=65540 rax=977143809413 nonce=977143809413 witness=977143809413
INTEL_PROBE phase=prepare_with_transport
INTEL_PROBE begin=expired_mtf call=2 deadline=0 rip=65543 nonce=977151860057 witness=0
INTEL_PROBE end=expired_mtf call=2 status=0 mach_before=977153531957 mach_after=977153575081
INTEL_PROBE capture=expired_mtf call=2 exec_before=8317175 exec_after=8357829 reason_before=37 reason=52 rip_before=65543 rip=65543 rax=977151860057 nonce=977151860057 witness=0
INTEL_PROBE phase=prepare_with_transport
INTEL_PROBE begin=finite_mtf call=3 deadline=977159484299 rip=65543 nonce=977153639276 witness=0
INTEL_PROBE end=finite_mtf call=3 status=0 mach_before=977154502179 mach_after=977154931540
INTEL_PROBE capture=finite_mtf call=3 exec_before=8686285 exec_after=9025365 reason_before=37 reason=37 rip_before=65543 rip=65546 rax=977153639277 nonce=977153639276 witness=0
INTEL_PROBE phase=verified_retry
INTEL_PROBE phase=prepare_with_transport
INTEL_PROBE phase=finite_retirement
INTEL_LIFECYCLE phase=vcpu_destroy_begin generation=5 owner=70365
INTEL_LIFECYCLE phase=vcpu_destroy_end generation=5 owner=70365
INTEL_LIFECYCLE phase=vm_destroy_begin generation=5 owner=70365
INTEL_LIFECYCLE phase=vm_destroy_end generation=5 owner=70365
INTEL_LIFECYCLE phase=vm_create_begin generation=6 owner=70365
INTEL_LIFECYCLE phase=vm_create_end generation=6 owner=70365
INTEL_LIFECYCLE phase=vcpu_create_begin generation=6 owner=70365
INTEL_LIFECYCLE phase=vcpu_create_end generation=6 owner=70365
[       OK ] HvfIntelProbe.FiniteDeadline (19 ms)
[----------] 1 test from HvfIntelProbe (19 ms total)

[==========] 1 test from 1 test suite ran. (19 ms total)
[  PASSED  ] 1 test.

Repeating all tests (iteration 6) . . .

Note: Google Test filter = HvfIntelProbe.FiniteDeadline
[==========] Running 1 test from 1 test suite.
[----------] 1 test from HvfIntelProbe
[ RUN      ] HvfIntelProbe.FiniteDeadline
INTEL_PROBE phase=executor_initialization
INTEL_PROBE phase=executor_retained
INTEL_PROBE phase=startup_probe
INTEL_PROBE phase=prepare_with_transport
INTEL_PROBE witness_budget mach_start=977164794465 mach_end=979163898775 remaining_ns=1999104310 timebase_numer=1 timebase_denom=1 max_calls=4096
INTEL_PROBE begin=finite_loop call=1 deadline=977169816971 rip=65537 nonce=977163557725 witness=0
INTEL_PROBE end=finite_loop call=1 status=0 mach_before=977164823829 mach_after=977169881691
INTEL_PROBE capture=finite_loop call=1 exec_before=977648 exec_after=5923588 reason_before=37 reason=52 rip_before=65537 rip=65540 rax=977163557725 nonce=977163557725 witness=977163557725
INTEL_PROBE phase=prepare_with_transport
INTEL_PROBE begin=expired_mtf call=2 deadline=0 rip=65543 nonce=977169961302 witness=0
INTEL_PROBE end=expired_mtf call=2 status=0 mach_before=977171155576 mach_after=977171199824
INTEL_PROBE capture=expired_mtf call=2 exec_before=6254573 exec_after=6296455 reason_before=37 reason=52 rip_before=65543 rip=65543 rax=977169961302 nonce=977169961302 witness=0
INTEL_PROBE phase=prepare_with_transport
INTEL_PROBE begin=finite_mtf call=3 deadline=977177114098 rip=65543 nonce=977171261581 witness=0
INTEL_PROBE end=finite_mtf call=3 status=0 mach_before=977172127846 mach_after=977172543583
INTEL_PROBE capture=finite_mtf call=3 exec_before=6640318 exec_after=6969337 reason_before=37 reason=37 rip_before=65543 rip=65546 rax=977171261582 nonce=977171261581 witness=0
INTEL_PROBE phase=verified_retry
INTEL_PROBE phase=prepare_with_transport
INTEL_PROBE phase=finite_retirement
INTEL_LIFECYCLE phase=vcpu_destroy_begin generation=6 owner=70365
INTEL_LIFECYCLE phase=vcpu_destroy_end generation=6 owner=70365
INTEL_LIFECYCLE phase=vm_destroy_begin generation=6 owner=70365
INTEL_LIFECYCLE phase=vm_destroy_end generation=6 owner=70365
INTEL_LIFECYCLE phase=vm_create_begin generation=7 owner=70365
INTEL_LIFECYCLE phase=vm_create_end generation=7 owner=70365
INTEL_LIFECYCLE phase=vcpu_create_begin generation=7 owner=70365
INTEL_LIFECYCLE phase=vcpu_create_end generation=7 owner=70365
[       OK ] HvfIntelProbe.FiniteDeadline (17 ms)
[----------] 1 test from HvfIntelProbe (17 ms total)

[==========] 1 test from 1 test suite ran. (17 ms total)
[  PASSED  ] 1 test.

Repeating all tests (iteration 7) . . .

Note: Google Test filter = HvfIntelProbe.FiniteDeadline
[==========] Running 1 test from 1 test suite.
[----------] 1 test from HvfIntelProbe
[ RUN      ] HvfIntelProbe.FiniteDeadline
INTEL_PROBE phase=executor_initialization
INTEL_PROBE phase=executor_retained
INTEL_PROBE phase=startup_probe
INTEL_PROBE phase=prepare_with_transport
INTEL_PROBE witness_budget mach_start=977182088023 mach_end=979181539739 remaining_ns=1999451716 timebase_numer=1 timebase_denom=1 max_calls=4096
INTEL_PROBE begin=finite_loop call=1 deadline=977187107484 rip=65537 nonce=977181122008 witness=0
INTEL_PROBE end=finite_loop call=1 status=0 mach_before=977182113027 mach_after=977187173472
INTEL_PROBE capture=finite_loop call=1 exec_before=1058171 exec_after=6008270 reason_before=37 reason=52 rip_before=65537 rip=65540 rax=977181122008 nonce=977181122008 witness=977181122008
INTEL_PROBE phase=prepare_with_transport
INTEL_PROBE begin=expired_mtf call=2 deadline=0 rip=65543 nonce=977187267706 witness=0
INTEL_PROBE end=expired_mtf call=2 status=0 mach_before=977188644499 mach_after=977188729623
INTEL_PROBE capture=expired_mtf call=2 exec_before=6432455 exec_after=6501578 reason_before=37 reason=52 rip_before=65543 rip=65543 rax=977187267706 nonce=977187267706 witness=0
INTEL_PROBE phase=prepare_with_transport
INTEL_PROBE begin=finite_mtf call=3 deadline=977194669695 rip=65543 nonce=977188796614 witness=0
INTEL_PROBE end=finite_mtf call=3 status=0 mach_before=977189683383 mach_after=977190095375
INTEL_PROBE capture=finite_mtf call=3 exec_before=6836227 exec_after=7162813 reason_before=37 reason=37 rip_before=65543 rip=65546 rax=977188796615 nonce=977188796614 witness=0
INTEL_PROBE phase=verified_retry
INTEL_PROBE phase=prepare_with_transport
INTEL_PROBE phase=finite_retirement
INTEL_LIFECYCLE phase=vcpu_destroy_begin generation=7 owner=70365
INTEL_LIFECYCLE phase=vcpu_destroy_end generation=7 owner=70365
INTEL_LIFECYCLE phase=vm_destroy_begin generation=7 owner=70365
INTEL_LIFECYCLE phase=vm_destroy_end generation=7 owner=70365
INTEL_LIFECYCLE phase=vm_create_begin generation=8 owner=70365
INTEL_LIFECYCLE phase=vm_create_end generation=8 owner=70365
INTEL_LIFECYCLE phase=vcpu_create_begin generation=8 owner=70365
INTEL_LIFECYCLE phase=vcpu_create_end generation=8 owner=70365
[       OK ] HvfIntelProbe.FiniteDeadline (17 ms)
[----------] 1 test from HvfIntelProbe (17 ms total)

[==========] 1 test from 1 test suite ran. (17 ms total)
[  PASSED  ] 1 test.

Repeating all tests (iteration 8) . . .

Note: Google Test filter = HvfIntelProbe.FiniteDeadline
[==========] Running 1 test from 1 test suite.
[----------] 1 test from HvfIntelProbe
[ RUN      ] HvfIntelProbe.FiniteDeadline
INTEL_PROBE phase=executor_initialization
INTEL_PROBE phase=executor_retained
INTEL_PROBE phase=startup_probe
INTEL_PROBE phase=prepare_with_transport
INTEL_PROBE witness_budget mach_start=977199765639 mach_end=979199166387 remaining_ns=1999400748 timebase_numer=1 timebase_denom=1 max_calls=4096
INTEL_PROBE begin=finite_loop call=1 deadline=977204786251 rip=65537 nonce=977198814266 witness=0
INTEL_PROBE end=finite_loop call=1 status=0 mach_before=977199792542 mach_after=977207929225
INTEL_PROBE capture=finite_loop call=1 exec_before=1043698 exec_after=8975313 reason_before=37 reason=52 rip_before=65537 rip=65540 rax=977198814266 nonce=977198814266 witness=977198814266
INTEL_PROBE phase=prepare_with_transport
INTEL_PROBE begin=expired_mtf call=2 deadline=0 rip=65543 nonce=977208014095 witness=0
INTEL_PROBE end=expired_mtf call=2 status=0 mach_before=977209338119 mach_after=977209381376
INTEL_PROBE capture=expired_mtf call=2 exec_before=9346547 exec_after=9387247 reason_before=37 reason=52 rip_before=65543 rip=65543 rax=977208014095 nonce=977208014095 witness=0
INTEL_PROBE phase=prepare_with_transport
INTEL_PROBE begin=finite_mtf call=3 deadline=977215260901 rip=65543 nonce=977209443128 witness=0
INTEL_PROBE end=finite_mtf call=3 status=0 mach_before=977210278497 mach_after=977210695333
INTEL_PROBE capture=finite_mtf call=3 exec_before=9711835 exec_after=10043073 reason_before=37 reason=37 rip_before=65543 rip=65546 rax=977209443129 nonce=977209443128 witness=0
INTEL_PROBE phase=verified_retry
INTEL_PROBE phase=prepare_with_transport
INTEL_PROBE phase=finite_retirement
INTEL_LIFECYCLE phase=vcpu_destroy_begin generation=8 owner=70365
INTEL_LIFECYCLE phase=vcpu_destroy_end generation=8 owner=70365
INTEL_LIFECYCLE phase=vm_destroy_begin generation=8 owner=70365
INTEL_LIFECYCLE phase=vm_destroy_end generation=8 owner=70365
INTEL_LIFECYCLE phase=vm_create_begin generation=9 owner=70365
INTEL_LIFECYCLE phase=vm_create_end generation=9 owner=70365
INTEL_LIFECYCLE phase=vcpu_create_begin generation=9 owner=70365
INTEL_LIFECYCLE phase=vcpu_create_end generation=9 owner=70365
[       OK ] HvfIntelProbe.FiniteDeadline (20 ms)
[----------] 1 test from HvfIntelProbe (21 ms total)

[==========] 1 test from 1 test suite ran. (21 ms total)
[  PASSED  ] 1 test.

Repeating all tests (iteration 9) . . .

Note: Google Test filter = HvfIntelProbe.FiniteDeadline
[==========] Running 1 test from 1 test suite.
[----------] 1 test from HvfIntelProbe
[ RUN      ] HvfIntelProbe.FiniteDeadline
INTEL_PROBE phase=executor_initialization
INTEL_PROBE phase=executor_retained
INTEL_PROBE phase=startup_probe
INTEL_PROBE phase=prepare_with_transport
INTEL_PROBE witness_budget mach_start=977222048610 mach_end=979220841127 remaining_ns=1998792517 timebase_numer=1 timebase_denom=1 max_calls=4096
INTEL_PROBE begin=finite_loop call=1 deadline=977227068022 rip=65537 nonce=977220431773 witness=0
INTEL_PROBE end=finite_loop call=1 status=0 mach_before=977222073825 mach_after=977223839520
INTEL_PROBE capture=finite_loop call=1 exec_before=1024532 exec_after=2579043 reason_before=37 reason=1 rip_before=65537 rip=65540 rax=977220431773 nonce=977220431773 witness=977220431773
INTEL_PROBE begin=finite_loop call=2 deadline=977227068022 rip=65540 nonce=977220431773 witness=977220431773
INTEL_PROBE end=finite_loop call=2 status=0 mach_before=977223896153 mach_after=977224011041
INTEL_PROBE capture=finite_loop call=2 exec_before=2579043 exec_after=2665259 reason_before=1 reason=1 rip_before=65540 rip=65540 rax=977220431773 nonce=977220431773 witness=977220431773
INTEL_PROBE begin=finite_loop call=3 deadline=977227068022 rip=65540 nonce=977220431773 witness=977220431773
INTEL_PROBE end=finite_loop call=3 status=0 mach_before=977224054460 mach_after=977229613999
INTEL_PROBE capture=finite_loop call=3 exec_before=2665259 exec_after=8087446 reason_before=1 reason=52 rip_before=65540 rip=65540 rax=977220431773 nonce=977220431773 witness=977220431773
INTEL_PROBE phase=prepare_with_transport
INTEL_PROBE begin=expired_mtf call=4 deadline=0 rip=65543 nonce=977229699802 witness=0
INTEL_PROBE end=expired_mtf call=4 status=0 mach_before=977231654002 mach_after=977231729640
INTEL_PROBE capture=expired_mtf call=4 exec_before=8538549 exec_after=8610923 reason_before=37 reason=52 rip_before=65543 rip=65543 rax=977229699802 nonce=977229699802 witness=0
INTEL_PROBE phase=prepare_with_transport
INTEL_PROBE begin=finite_mtf call=5 deadline=977238176935 rip=65543 nonce=977231795766 witness=0
INTEL_PROBE end=finite_mtf call=5 status=0 mach_before=977233198099 mach_after=977233878079
INTEL_PROBE capture=finite_mtf call=5 exec_before=8997558 exec_after=9495320 reason_before=37 reason=37 rip_before=65543 rip=65546 rax=977231795767 nonce=977231795766 witness=0
INTEL_PROBE phase=verified_retry
INTEL_PROBE phase=prepare_with_transport
INTEL_PROBE phase=finite_retirement
INTEL_LIFECYCLE phase=vcpu_destroy_begin generation=9 owner=70365
INTEL_LIFECYCLE phase=vcpu_destroy_end generation=9 owner=70365
INTEL_LIFECYCLE phase=vm_destroy_begin generation=9 owner=70365
INTEL_LIFECYCLE phase=vm_destroy_end generation=9 owner=70365
INTEL_LIFECYCLE phase=vm_create_begin generation=10 owner=70365
INTEL_LIFECYCLE phase=vm_create_end generation=10 owner=70365
INTEL_LIFECYCLE phase=vcpu_create_begin generation=10 owner=70365
INTEL_LIFECYCLE phase=vcpu_create_end generation=10 owner=70365
[       OK ] HvfIntelProbe.FiniteDeadline (23 ms)
[----------] 1 test from HvfIntelProbe (23 ms total)

[==========] 1 test from 1 test suite ran. (23 ms total)
[  PASSED  ] 1 test.

Repeating all tests (iteration 10) . . .

Note: Google Test filter = HvfIntelProbe.FiniteDeadline
[==========] Running 1 test from 1 test suite.
[----------] 1 test from HvfIntelProbe
[ RUN      ] HvfIntelProbe.FiniteDeadline
INTEL_PROBE phase=executor_initialization
INTEL_PROBE phase=executor_retained
INTEL_PROBE phase=startup_probe
INTEL_PROBE phase=prepare_with_transport
INTEL_PROBE witness_budget mach_start=977244837648 mach_end=979243351631 remaining_ns=1998513983 timebase_numer=1 timebase_denom=1 max_calls=4096
INTEL_PROBE begin=finite_loop call=1 deadline=977249861249 rip=65537 nonce=977243039414 witness=0
INTEL_PROBE end=finite_loop call=1 status=0 mach_before=977244867429 mach_after=977245157604
INTEL_PROBE capture=finite_loop call=1 exec_before=1034089 exec_after=1215275 reason_before=37 reason=1 rip_before=65537 rip=65537 rax=977243039414 nonce=977243039414 witness=0
INTEL_PROBE begin=finite_loop call=2 deadline=977249861249 rip=65537 nonce=977243039414 witness=0
INTEL_PROBE end=finite_loop call=2 status=0 mach_before=977245214602 mach_after=977247112255
INTEL_PROBE capture=finite_loop call=2 exec_before=1215275 exec_after=2965317 reason_before=1 reason=1 rip_before=65537 rip=65540 rax=977243039414 nonce=977243039414 witness=977243039414
INTEL_PROBE begin=finite_loop call=3 deadline=977249861249 rip=65540 nonce=977243039414 witness=977243039414
INTEL_PROBE end=finite_loop call=3 status=0 mach_before=977247141720 mach_after=977247403801
INTEL_PROBE capture=finite_loop call=3 exec_before=2965317 exec_after=3189914 reason_before=1 reason=1 rip_before=65540 rip=65540 rax=977243039414 nonce=977243039414 witness=977243039414
INTEL_PROBE begin=finite_loop call=4 deadline=977249861249 rip=65540 nonce=977243039414 witness=977243039414
INTEL_PROBE end=finite_loop call=4 status=0 mach_before=977247422468 mach_after=977247706220
INTEL_PROBE capture=finite_loop call=4 exec_before=3189914 exec_after=3426553 reason_before=1 reason=1 rip_before=65540 rip=65540 rax=977243039414 nonce=977243039414 witness=977243039414
INTEL_PROBE begin=finite_loop call=5 deadline=977249861249 rip=65540 nonce=977243039414 witness=977243039414
INTEL_PROBE end=finite_loop call=5 status=0 mach_before=977247724384 mach_after=977248003940
INTEL_PROBE capture=finite_loop call=5 exec_before=3426553 exec_after=3659040 reason_before=1 reason=1 rip_before=65540 rip=65540 rax=977243039414 nonce=977243039414 witness=977243039414
INTEL_PROBE begin=finite_loop call=6 deadline=977249861249 rip=65540 nonce=977243039414 witness=977243039414
INTEL_PROBE end=finite_loop call=6 status=0 mach_before=977248021114 mach_after=977248297505
INTEL_PROBE capture=finite_loop call=6 exec_before=3659040 exec_after=3888555 reason_before=1 reason=1 rip_before=65540 rip=65540 rax=977243039414 nonce=977243039414 witness=977243039414
INTEL_PROBE begin=finite_loop call=7 deadline=977249861249 rip=65540 nonce=977243039414 witness=977243039414
INTEL_PROBE end=finite_loop call=7 status=0 mach_before=977248314907 mach_after=977248588739
INTEL_PROBE capture=finite_loop call=7 exec_before=3888555 exec_after=4115490 reason_before=1 reason=1 rip_before=65540 rip=65540 rax=977243039414 nonce=977243039414 witness=977243039414
INTEL_PROBE begin=finite_loop call=8 deadline=977249861249 rip=65540 nonce=977243039414 witness=977243039414
INTEL_PROBE end=finite_loop call=8 status=0 mach_before=977248605911 mach_after=977248879538
INTEL_PROBE capture=finite_loop call=8 exec_before=4115490 exec_after=4342337 reason_before=1 reason=1 rip_before=65540 rip=65540 rax=977243039414 nonce=977243039414 witness=977243039414
INTEL_PROBE begin=finite_loop call=9 deadline=977249861249 rip=65540 nonce=977243039414 witness=977243039414
INTEL_PROBE end=finite_loop call=9 status=0 mach_before=977248896936 mach_after=977249175763
INTEL_PROBE capture=finite_loop call=9 exec_before=4342337 exec_after=4574342 reason_before=1 reason=1 rip_before=65540 rip=65540 rax=977243039414 nonce=977243039414 witness=977243039414
INTEL_PROBE begin=finite_loop call=10 deadline=977249861249 rip=65540 nonce=977243039414 witness=977243039414
INTEL_PROBE end=finite_loop call=10 status=0 mach_before=977249193316 mach_after=977249437552
INTEL_PROBE capture=finite_loop call=10 exec_before=4574342 exec_after=4771790 reason_before=1 reason=1 rip_before=65540 rip=65540 rax=977243039414 nonce=977243039414 witness=977243039414
INTEL_PROBE begin=finite_loop call=11 deadline=977249861249 rip=65540 nonce=977243039414 witness=977243039414
INTEL_PROBE end=finite_loop call=11 status=0 mach_before=977249454973 mach_after=977249699967
INTEL_PROBE capture=finite_loop call=11 exec_before=4771790 exec_after=4970025 reason_before=1 reason=1 rip_before=65540 rip=65540 rax=977243039414 nonce=977243039414 witness=977243039414
INTEL_PROBE begin=finite_loop call=12 deadline=977249861249 rip=65540 nonce=977243039414 witness=977243039414
INTEL_PROBE end=finite_loop call=12 status=0 mach_before=977249731857 mach_after=977249930791
INTEL_PROBE capture=finite_loop call=12 exec_before=4970025 exec_after=5144685 reason_before=1 reason=52 rip_before=65540 rip=65540 rax=977243039414 nonce=977243039414 witness=977243039414
INTEL_PROBE phase=prepare_with_transport
INTEL_PROBE begin=expired_mtf call=13 deadline=0 rip=65543 nonce=977250360156 witness=0
INTEL_PROBE end=expired_mtf call=13 status=0 mach_before=977252465024 mach_after=977252509223
INTEL_PROBE capture=expired_mtf call=13 exec_before=5588158 exec_after=5629933 reason_before=37 reason=52 rip_before=65543 rip=65543 rax=977250360156 nonce=977250360156 witness=0
INTEL_PROBE phase=prepare_with_transport
INTEL_PROBE begin=finite_mtf call=14 deadline=977259413292 rip=65543 nonce=977252569115 witness=0
INTEL_PROBE end=finite_mtf call=14 status=0 mach_before=977254430649 mach_after=977255273528
INTEL_PROBE capture=finite_mtf call=14 exec_before=6240767 exec_after=6729961 reason_before=37 reason=1 rip_before=65543 rip=65543 rax=977252569115 nonce=977252569115 witness=0
INTEL_PROBE phase=verified_retry
INTEL_PROBE phase=prepare_with_transport
INTEL_PROBE phase=finite_retirement
INTEL_LIFECYCLE phase=vcpu_destroy_begin generation=10 owner=70365
INTEL_LIFECYCLE phase=vcpu_destroy_end generation=10 owner=70365
INTEL_LIFECYCLE phase=vm_destroy_begin generation=10 owner=70365
INTEL_LIFECYCLE phase=vm_destroy_end generation=10 owner=70365
INTEL_LIFECYCLE phase=vm_create_begin generation=11 owner=70365
INTEL_LIFECYCLE phase=vm_create_end generation=11 owner=70365
INTEL_LIFECYCLE phase=vcpu_create_begin generation=11 owner=70365
INTEL_LIFECYCLE phase=vcpu_create_end generation=11 owner=70365
[       OK ] HvfIntelProbe.FiniteDeadline (21 ms)
[----------] 1 test from HvfIntelProbe (21 ms total)

[==========] 1 test from 1 test suite ran. (21 ms total)
[  PASSED  ] 1 test.

Repeating all tests (iteration 11) . . .

Note: Google Test filter = HvfIntelProbe.FiniteDeadline
[==========] Running 1 test from 1 test suite.
[----------] 1 test from HvfIntelProbe
[ RUN      ] HvfIntelProbe.FiniteDeadline
INTEL_PROBE phase=executor_initialization
INTEL_PROBE phase=executor_retained
INTEL_PROBE phase=startup_probe
INTEL_PROBE phase=prepare_with_transport
INTEL_PROBE witness_budget mach_start=977266357850 mach_end=979265100522 remaining_ns=1998742672 timebase_numer=1 timebase_denom=1 max_calls=4096
INTEL_PROBE begin=finite_loop call=1 deadline=977271380029 rip=65537 nonce=977264778385 witness=0
INTEL_PROBE end=finite_loop call=1 status=0 mach_before=977266386459 mach_after=977272464283
INTEL_PROBE capture=finite_loop call=1 exec_before=1079104 exec_after=7028872 reason_before=37 reason=52 rip_before=65537 rip=65540 rax=977264778385 nonce=977264778385 witness=977264778385
INTEL_PROBE phase=prepare_with_transport
INTEL_PROBE begin=expired_mtf call=2 deadline=0 rip=65543 nonce=977272545037 witness=0
INTEL_PROBE end=expired_mtf call=2 status=0 mach_before=977274562720 mach_after=977274606886
INTEL_PROBE capture=expired_mtf call=2 exec_before=7484455 exec_after=7526109 reason_before=37 reason=52 rip_before=65543 rip=65543 rax=977272545037 nonce=977272545037 witness=0
INTEL_PROBE phase=prepare_with_transport
INTEL_PROBE begin=finite_mtf call=3 deadline=977280718448 rip=65543 nonce=977274667771 witness=0
INTEL_PROBE end=finite_mtf call=3 status=0 mach_before=977275736544 mach_after=977276244302
INTEL_PROBE capture=finite_mtf call=3 exec_before=7862955 exec_after=8256958 reason_before=37 reason=37 rip_before=65543 rip=65546 rax=977274667772 nonce=977274667771 witness=0
INTEL_PROBE phase=verified_retry
INTEL_PROBE phase=prepare_with_transport
INTEL_PROBE phase=finite_retirement
INTEL_LIFECYCLE phase=vcpu_destroy_begin generation=11 owner=70365
INTEL_LIFECYCLE phase=vcpu_destroy_end generation=11 owner=70365
INTEL_LIFECYCLE phase=vm_destroy_begin generation=11 owner=70365
INTEL_LIFECYCLE phase=vm_destroy_end generation=11 owner=70365
INTEL_LIFECYCLE phase=vm_create_begin generation=12 owner=70365
INTEL_LIFECYCLE phase=vm_create_end generation=12 owner=70365
INTEL_LIFECYCLE phase=vcpu_create_begin generation=12 owner=70365
INTEL_LIFECYCLE phase=vcpu_create_end generation=12 owner=70365
[       OK ] HvfIntelProbe.FiniteDeadline (21 ms)
[----------] 1 test from HvfIntelProbe (21 ms total)

[==========] 1 test from 1 test suite ran. (21 ms total)
[  PASSED  ] 1 test.

Repeating all tests (iteration 12) . . .

Note: Google Test filter = HvfIntelProbe.FiniteDeadline
[==========] Running 1 test from 1 test suite.
[----------] 1 test from HvfIntelProbe
[ RUN      ] HvfIntelProbe.FiniteDeadline
INTEL_PROBE phase=executor_initialization
INTEL_PROBE phase=executor_retained
INTEL_PROBE phase=startup_probe
INTEL_PROBE phase=prepare_with_transport
INTEL_PROBE witness_budget mach_start=977287506874 mach_end=979286205226 remaining_ns=1998698352 timebase_numer=1 timebase_denom=1 max_calls=4096
INTEL_PROBE begin=finite_loop call=1 deadline=977292528791 rip=65537 nonce=977285864003 witness=0
INTEL_PROBE end=finite_loop call=1 status=0 mach_before=977287534133 mach_after=977296707742
INTEL_PROBE capture=finite_loop call=1 exec_before=1011923 exec_after=10071710 reason_before=37 reason=52 rip_before=65537 rip=65540 rax=977285864003 nonce=977285864003 witness=977285864003
INTEL_PROBE phase=prepare_with_transport
INTEL_PROBE begin=expired_mtf call=2 deadline=0 rip=65543 nonce=977296792281 witness=0
INTEL_PROBE end=expired_mtf call=2 status=0 mach_before=977298682452 mach_after=977298733704
INTEL_PROBE capture=expired_mtf call=2 exec_before=10480553 exec_after=10528575 reason_before=37 reason=52 rip_before=65543 rip=65543 rax=977296792281 nonce=977296792281 witness=0
INTEL_PROBE phase=prepare_with_transport
INTEL_PROBE begin=finite_mtf call=3 deadline=977304935445 rip=65543 nonce=977298800006 witness=0
INTEL_PROBE end=finite_mtf call=3 status=0 mach_before=977299959013 mach_after=977300477613
INTEL_PROBE capture=finite_mtf call=3 exec_before=10876775 exec_after=11283246 reason_before=37 reason=37 rip_before=65543 rip=65546 rax=977298800007 nonce=977298800006 witness=0
INTEL_PROBE phase=verified_retry
INTEL_PROBE phase=prepare_with_transport
INTEL_PROBE phase=finite_retirement
INTEL_LIFECYCLE phase=vcpu_destroy_begin generation=12 owner=70365
INTEL_LIFECYCLE phase=vcpu_destroy_end generation=12 owner=70365
INTEL_LIFECYCLE phase=vm_destroy_begin generation=12 owner=70365
INTEL_LIFECYCLE phase=vm_destroy_end generation=12 owner=70365
INTEL_LIFECYCLE phase=vm_create_begin generation=13 owner=70365
INTEL_LIFECYCLE phase=vm_create_end generation=13 owner=70365
INTEL_LIFECYCLE phase=vcpu_create_begin generation=13 owner=70365
INTEL_LIFECYCLE phase=vcpu_create_end generation=13 owner=70365
[       OK ] HvfIntelProbe.FiniteDeadline (23 ms)
[----------] 1 test from HvfIntelProbe (24 ms total)

[==========] 1 test from 1 test suite ran. (24 ms total)
[  PASSED  ] 1 test.

Repeating all tests (iteration 13) . . .

Note: Google Test filter = HvfIntelProbe.FiniteDeadline
[==========] Running 1 test from 1 test suite.
[----------] 1 test from HvfIntelProbe
[ RUN      ] HvfIntelProbe.FiniteDeadline
INTEL_PROBE phase=executor_initialization
INTEL_PROBE phase=executor_retained
INTEL_PROBE phase=startup_probe
INTEL_PROBE phase=prepare_with_transport
INTEL_PROBE witness_budget mach_start=977311076967 mach_end=979310462691 remaining_ns=1999385724 timebase_numer=1 timebase_denom=1 max_calls=4096
INTEL_PROBE begin=finite_loop call=1 deadline=977316107351 rip=65537 nonce=977310031844 witness=0
INTEL_PROBE end=finite_loop call=1 status=0 mach_before=977311116451 mach_after=977313486716
INTEL_PROBE capture=finite_loop call=1 exec_before=1110216 exec_after=3283550 reason_before=37 reason=1 rip_before=65537 rip=65540 rax=977310031844 nonce=977310031844 witness=977310031844
INTEL_PROBE begin=finite_loop call=2 deadline=977316107351 rip=65540 nonce=977310031844 witness=977310031844
INTEL_PROBE end=finite_loop call=2 status=0 mach_before=977313519602 mach_after=977317544888
INTEL_PROBE capture=finite_loop call=2 exec_before=3283550 exec_after=7288574 reason_before=1 reason=52 rip_before=65540 rip=65540 rax=977310031844 nonce=977310031844 witness=977310031844
INTEL_PROBE phase=prepare_with_transport
INTEL_PROBE begin=expired_mtf call=3 deadline=0 rip=65543 nonce=977317641186 witness=0
INTEL_PROBE end=expired_mtf call=3 status=0 mach_before=977319653850 mach_after=977319698551
INTEL_PROBE capture=expired_mtf call=3 exec_before=7636297 exec_after=7678424 reason_before=37 reason=52 rip_before=65543 rip=65543 rax=977317641186 nonce=977317641186 witness=0
INTEL_PROBE phase=prepare_with_transport
INTEL_PROBE begin=finite_mtf call=4 deadline=977325614222 rip=65543 nonce=977319758436 witness=0
INTEL_PROBE end=finite_mtf call=4 status=0 mach_before=977320632563 mach_after=977321056662
INTEL_PROBE capture=finite_mtf call=4 exec_before=8013621 exec_after=8347078 reason_before=37 reason=37 rip_before=65543 rip=65546 rax=977319758437 nonce=977319758436 witness=0
INTEL_PROBE phase=verified_retry
INTEL_PROBE phase=prepare_with_transport
INTEL_PROBE phase=finite_retirement
INTEL_LIFECYCLE phase=vcpu_destroy_begin generation=13 owner=70365
INTEL_LIFECYCLE phase=vcpu_destroy_end generation=13 owner=70365
INTEL_LIFECYCLE phase=vm_destroy_begin generation=13 owner=70365
INTEL_LIFECYCLE phase=vm_destroy_end generation=13 owner=70365
INTEL_LIFECYCLE phase=vm_create_begin generation=14 owner=70365
INTEL_LIFECYCLE phase=vm_create_end generation=14 owner=70365
INTEL_LIFECYCLE phase=vcpu_create_begin generation=14 owner=70365
INTEL_LIFECYCLE phase=vcpu_create_end generation=14 owner=70365
[       OK ] HvfIntelProbe.FiniteDeadline (19 ms)
[----------] 1 test from HvfIntelProbe (19 ms total)

[==========] 1 test from 1 test suite ran. (19 ms total)
[  PASSED  ] 1 test.

Repeating all tests (iteration 14) . . .

Note: Google Test filter = HvfIntelProbe.FiniteDeadline
[==========] Running 1 test from 1 test suite.
[----------] 1 test from HvfIntelProbe
[ RUN      ] HvfIntelProbe.FiniteDeadline
INTEL_PROBE phase=executor_initialization
INTEL_PROBE phase=executor_retained
INTEL_PROBE phase=startup_probe
INTEL_PROBE phase=prepare_with_transport
INTEL_PROBE witness_budget mach_start=977330905086 mach_end=979330254872 remaining_ns=1999349786 timebase_numer=1 timebase_denom=1 max_calls=4096
INTEL_PROBE begin=finite_loop call=1 deadline=977335932708 rip=65537 nonce=977329891795 witness=0
INTEL_PROBE end=finite_loop call=1 status=0 mach_before=977330938884 mach_after=977336714391
INTEL_PROBE capture=finite_loop call=1 exec_before=1129447 exec_after=6761279 reason_before=37 reason=52 rip_before=65537 rip=65540 rax=977329891795 nonce=977329891795 witness=977329891795
INTEL_PROBE phase=prepare_with_transport
INTEL_PROBE begin=expired_mtf call=2 deadline=0 rip=65543 nonce=977336794329 witness=0
INTEL_PROBE end=expired_mtf call=2 status=0 mach_before=977338747327 mach_after=977338799399
INTEL_PROBE capture=expired_mtf call=2 exec_before=7141621 exec_after=7184448 reason_before=37 reason=52 rip_before=65543 rip=65543 rax=977336794329 nonce=977336794329 witness=0
INTEL_PROBE phase=prepare_with_transport
INTEL_PROBE begin=finite_mtf call=3 deadline=977344865697 rip=65543 nonce=977338878273 witness=0
INTEL_PROBE end=finite_mtf call=3 status=0 mach_before=977339887243 mach_after=977340322468
INTEL_PROBE capture=finite_mtf call=3 exec_before=7525312 exec_after=7867549 reason_before=37 reason=37 rip_before=65543 rip=65546 rax=977338878274 nonce=977338878273 witness=0
INTEL_PROBE phase=verified_retry
INTEL_PROBE phase=prepare_with_transport
INTEL_PROBE phase=finite_retirement
INTEL_LIFECYCLE phase=vcpu_destroy_begin generation=14 owner=70365
INTEL_LIFECYCLE phase=vcpu_destroy_end generation=14 owner=70365
INTEL_LIFECYCLE phase=vm_destroy_begin generation=14 owner=70365
INTEL_LIFECYCLE phase=vm_destroy_end generation=14 owner=70365
INTEL_LIFECYCLE phase=vm_create_begin generation=15 owner=70365
INTEL_LIFECYCLE phase=vm_create_end generation=15 owner=70365
INTEL_LIFECYCLE phase=vcpu_create_begin generation=15 owner=70365
INTEL_LIFECYCLE phase=vcpu_create_end generation=15 owner=70365
[       OK ] HvfIntelProbe.FiniteDeadline (20 ms)
[----------] 1 test from HvfIntelProbe (20 ms total)

[==========] 1 test from 1 test suite ran. (20 ms total)
[  PASSED  ] 1 test.

Repeating all tests (iteration 15) . . .

Note: Google Test filter = HvfIntelProbe.FiniteDeadline
[==========] Running 1 test from 1 test suite.
[----------] 1 test from HvfIntelProbe
[ RUN      ] HvfIntelProbe.FiniteDeadline
INTEL_PROBE phase=executor_initialization
INTEL_PROBE phase=executor_retained
INTEL_PROBE phase=startup_probe
INTEL_PROBE phase=prepare_with_transport
INTEL_PROBE witness_budget mach_start=977351080011 mach_end=979350374917 remaining_ns=1999294906 timebase_numer=1 timebase_denom=1 max_calls=4096
INTEL_PROBE begin=finite_loop call=1 deadline=977356110024 rip=65537 nonce=977349970504 witness=0
INTEL_PROBE end=finite_loop call=1 status=0 mach_before=977351118556 mach_after=977356206668
INTEL_PROBE capture=finite_loop call=1 exec_before=1118652 exec_after=5936138 reason_before=37 reason=52 rip_before=65537 rip=65540 rax=977349970504 nonce=977349970504 witness=977349970504
INTEL_PROBE phase=prepare_with_transport
INTEL_PROBE begin=expired_mtf call=2 deadline=0 rip=65543 nonce=977356305031 witness=0
INTEL_PROBE end=expired_mtf call=2 status=0 mach_before=977357764136 mach_after=977357849337
INTEL_PROBE capture=expired_mtf call=2 exec_before=6297029 exec_after=6378329 reason_before=37 reason=52 rip_before=65543 rip=65543 rax=977356305031 nonce=977356305031 witness=0
INTEL_PROBE phase=prepare_with_transport
INTEL_PROBE begin=finite_mtf call=3 deadline=977364095376 rip=65543 nonce=977357933514 witness=0
INTEL_PROBE end=finite_mtf call=3 status=0 mach_before=977359115651 mach_after=977359627949
INTEL_PROBE capture=finite_mtf call=3 exec_before=6777541 exec_after=7163814 reason_before=37 reason=37 rip_before=65543 rip=65546 rax=977357933515 nonce=977357933514 witness=0
INTEL_PROBE phase=verified_retry
INTEL_PROBE phase=prepare_with_transport
INTEL_PROBE phase=finite_retirement
INTEL_LIFECYCLE phase=vcpu_destroy_begin generation=15 owner=70365
INTEL_LIFECYCLE phase=vcpu_destroy_end generation=15 owner=70365
INTEL_LIFECYCLE phase=vm_destroy_begin generation=15 owner=70365
INTEL_LIFECYCLE phase=vm_destroy_end generation=15 owner=70365
INTEL_LIFECYCLE phase=vm_create_begin generation=16 owner=70365
INTEL_LIFECYCLE phase=vm_create_end generation=16 owner=70365
INTEL_LIFECYCLE phase=vcpu_create_begin generation=16 owner=70365
INTEL_LIFECYCLE phase=vcpu_create_end generation=16 owner=70365
[       OK ] HvfIntelProbe.FiniteDeadline (19 ms)
[----------] 1 test from HvfIntelProbe (19 ms total)

[==========] 1 test from 1 test suite ran. (19 ms total)
[  PASSED  ] 1 test.

Repeating all tests (iteration 16) . . .

Note: Google Test filter = HvfIntelProbe.FiniteDeadline
[==========] Running 1 test from 1 test suite.
[----------] 1 test from HvfIntelProbe
[ RUN      ] HvfIntelProbe.FiniteDeadline
INTEL_PROBE phase=executor_initialization
INTEL_PROBE phase=executor_retained
INTEL_PROBE phase=startup_probe
INTEL_PROBE phase=prepare_with_transport
INTEL_PROBE witness_budget mach_start=977371012597 mach_end=979369817000 remaining_ns=1998804403 timebase_numer=1 timebase_denom=1 max_calls=4096
INTEL_PROBE begin=finite_loop call=1 deadline=977376039935 rip=65537 nonce=977369441922 witness=0
INTEL_PROBE end=finite_loop call=1 status=0 mach_before=977371046532 mach_after=977376086877
INTEL_PROBE capture=finite_loop call=1 exec_before=1112668 exec_after=5933464 reason_before=37 reason=52 rip_before=65537 rip=65540 rax=977369441922 nonce=977369441922 witness=977369441922
INTEL_PROBE phase=prepare_with_transport
INTEL_PROBE begin=expired_mtf call=2 deadline=0 rip=65543 nonce=977376172408 witness=0
INTEL_PROBE end=expired_mtf call=2 status=0 mach_before=977377536514 mach_after=977377581588
INTEL_PROBE capture=expired_mtf call=2 exec_before=6273680 exec_after=6316332 reason_before=37 reason=52 rip_before=65543 rip=65543 rax=977376172408 nonce=977376172408 witness=0
INTEL_PROBE phase=prepare_with_transport
INTEL_PROBE begin=finite_mtf call=3 deadline=977383459186 rip=65543 nonce=977377647162 witness=0
INTEL_PROBE end=finite_mtf call=3 status=0 mach_before=977378491564 mach_after=977378919478
INTEL_PROBE capture=finite_mtf call=3 exec_before=6646653 exec_after=6981036 reason_before=37 reason=37 rip_before=65543 rip=65546 rax=977377647163 nonce=977377647162 witness=0
INTEL_PROBE phase=verified_retry
INTEL_PROBE phase=prepare_with_transport
INTEL_PROBE phase=finite_retirement
INTEL_LIFECYCLE phase=vcpu_destroy_begin generation=16 owner=70365
INTEL_LIFECYCLE phase=vcpu_destroy_end generation=16 owner=70365
INTEL_LIFECYCLE phase=vm_destroy_begin generation=16 owner=70365
INTEL_LIFECYCLE phase=vm_destroy_end generation=16 owner=70365
INTEL_LIFECYCLE phase=vm_create_begin generation=17 owner=70365
INTEL_LIFECYCLE phase=vm_create_end generation=17 owner=70365
INTEL_LIFECYCLE phase=vcpu_create_begin generation=17 owner=70365
INTEL_LIFECYCLE phase=vcpu_create_end generation=17 owner=70365
[       OK ] HvfIntelProbe.FiniteDeadline (18 ms)
[----------] 1 test from HvfIntelProbe (18 ms total)

[==========] 1 test from 1 test suite ran. (18 ms total)
[  PASSED  ] 1 test.

Repeating all tests (iteration 17) . . .

Note: Google Test filter = HvfIntelProbe.FiniteDeadline
[==========] Running 1 test from 1 test suite.
[----------] 1 test from HvfIntelProbe
[ RUN      ] HvfIntelProbe.FiniteDeadline
INTEL_PROBE phase=executor_initialization
INTEL_PROBE phase=executor_retained
INTEL_PROBE phase=startup_probe
INTEL_PROBE phase=prepare_with_transport
INTEL_PROBE witness_budget mach_start=977389311946 mach_end=979388717234 remaining_ns=1999405288 timebase_numer=1 timebase_denom=1 max_calls=4096
INTEL_PROBE begin=finite_loop call=1 deadline=977394333064 rip=65537 nonce=977388110720 witness=0
INTEL_PROBE end=finite_loop call=1 status=0 mach_before=977389339128 mach_after=977396007968
INTEL_PROBE capture=finite_loop call=1 exec_before=1271013 exec_after=7753085 reason_before=37 reason=52 rip_before=65537 rip=65540 rax=977388110720 nonce=977388110720 witness=977388110720
INTEL_PROBE phase=prepare_with_transport
INTEL_PROBE begin=expired_mtf call=2 deadline=0 rip=65543 nonce=977396085209 witness=0
INTEL_PROBE end=expired_mtf call=2 status=0 mach_before=977398043998 mach_after=977398089264
INTEL_PROBE capture=expired_mtf call=2 exec_before=8117460 exec_after=8160013 reason_before=37 reason=52 rip_before=65543 rip=65543 rax=977396085209 nonce=977396085209 witness=0
INTEL_PROBE phase=prepare_with_transport
INTEL_PROBE begin=finite_mtf call=3 deadline=977404058552 rip=65543 nonce=977398151996 witness=0
INTEL_PROBE end=finite_mtf call=3 status=0 mach_before=977399076885 mach_after=977399583751
INTEL_PROBE capture=finite_mtf call=3 exec_before=8500717 exec_after=8873588 reason_before=37 reason=37 rip_before=65543 rip=65546 rax=977398151997 nonce=977398151996 witness=0
INTEL_PROBE phase=verified_retry
INTEL_PROBE phase=prepare_with_transport
INTEL_PROBE phase=finite_retirement
INTEL_LIFECYCLE phase=vcpu_destroy_begin generation=17 owner=70365
INTEL_LIFECYCLE phase=vcpu_destroy_end generation=17 owner=70365
INTEL_LIFECYCLE phase=vm_destroy_begin generation=17 owner=70365
INTEL_LIFECYCLE phase=vm_destroy_end generation=17 owner=70365
INTEL_LIFECYCLE phase=vm_create_begin generation=18 owner=70365
INTEL_LIFECYCLE phase=vm_create_end generation=18 owner=70365
INTEL_LIFECYCLE phase=vcpu_create_begin generation=18 owner=70365
INTEL_LIFECYCLE phase=vcpu_create_end generation=18 owner=70365
[       OK ] HvfIntelProbe.FiniteDeadline (20 ms)
[----------] 1 test from HvfIntelProbe (20 ms total)

[==========] 1 test from 1 test suite ran. (20 ms total)
[  PASSED  ] 1 test.

Repeating all tests (iteration 18) . . .

Note: Google Test filter = HvfIntelProbe.FiniteDeadline
[==========] Running 1 test from 1 test suite.
[----------] 1 test from HvfIntelProbe
[ RUN      ] HvfIntelProbe.FiniteDeadline
INTEL_PROBE phase=executor_initialization
INTEL_PROBE phase=executor_retained
INTEL_PROBE phase=startup_probe
INTEL_PROBE phase=prepare_with_transport
INTEL_PROBE witness_budget mach_start=977410262124 mach_end=979409251050 remaining_ns=1998988926 timebase_numer=1 timebase_denom=1 max_calls=4096
INTEL_PROBE begin=finite_loop call=1 deadline=977415300503 rip=65537 nonce=977408846949 witness=0
INTEL_PROBE end=finite_loop call=1 status=0 mach_before=977410307178 mach_after=977415392610
INTEL_PROBE capture=finite_loop call=1 exec_before=1054812 exec_after=5970713 reason_before=37 reason=1 rip_before=65537 rip=65540 rax=977408846949 nonce=977408846949 witness=977408846949
INTEL_PROBE begin=finite_loop call=2 deadline=977415300503 rip=65540 nonce=977408846949 witness=977408846949
INTEL_PROBE end=finite_loop call=2 status=0 mach_before=977415429199 mach_after=977415500685
INTEL_PROBE capture=finite_loop call=2 exec_before=5970713 exec_after=6017218 reason_before=1 reason=52 rip_before=65540 rip=65540 rax=977408846949 nonce=977408846949 witness=977408846949
INTEL_PROBE phase=prepare_with_transport
INTEL_PROBE begin=expired_mtf call=3 deadline=0 rip=65543 nonce=977415653079 witness=0
INTEL_PROBE end=expired_mtf call=3 status=0 mach_before=977417532123 mach_after=977417575995
INTEL_PROBE capture=expired_mtf call=3 exec_before=6370407 exec_after=6411775 reason_before=37 reason=52 rip_before=65543 rip=65543 rax=977415653079 nonce=977415653079 witness=0
INTEL_PROBE phase=prepare_with_transport
INTEL_PROBE begin=finite_mtf call=4 deadline=977423461247 rip=65543 nonce=977417636066 witness=0
INTEL_PROBE end=finite_mtf call=4 status=0 mach_before=977418479692 mach_after=977418900877
INTEL_PROBE capture=finite_mtf call=4 exec_before=6742120 exec_after=7074979 reason_before=37 reason=37 rip_before=65543 rip=65546 rax=977417636067 nonce=977417636066 witness=0
INTEL_PROBE phase=verified_retry
INTEL_PROBE phase=prepare_with_transport
INTEL_PROBE phase=finite_retirement
INTEL_LIFECYCLE phase=vcpu_destroy_begin generation=18 owner=70365
INTEL_LIFECYCLE phase=vcpu_destroy_end generation=18 owner=70365
INTEL_LIFECYCLE phase=vm_destroy_begin generation=18 owner=70365
INTEL_LIFECYCLE phase=vm_destroy_end generation=18 owner=70365
INTEL_LIFECYCLE phase=vm_create_begin generation=19 owner=70365
INTEL_LIFECYCLE phase=vm_create_end generation=19 owner=70365
INTEL_LIFECYCLE phase=vcpu_create_begin generation=19 owner=70365
INTEL_LIFECYCLE phase=vcpu_create_end generation=19 owner=70365
[       OK ] HvfIntelProbe.FiniteDeadline (19 ms)
[----------] 1 test from HvfIntelProbe (19 ms total)

[==========] 1 test from 1 test suite ran. (20 ms total)
[  PASSED  ] 1 test.

Repeating all tests (iteration 19) . . .

Note: Google Test filter = HvfIntelProbe.FiniteDeadline
[==========] Running 1 test from 1 test suite.
[----------] 1 test from HvfIntelProbe
[ RUN      ] HvfIntelProbe.FiniteDeadline
INTEL_PROBE phase=executor_initialization
INTEL_PROBE phase=executor_retained
INTEL_PROBE phase=startup_probe
INTEL_PROBE phase=prepare_with_transport
INTEL_PROBE witness_budget mach_start=977431801536 mach_end=979430683297 remaining_ns=1998881761 timebase_numer=1 timebase_denom=1 max_calls=4096
INTEL_PROBE begin=finite_loop call=1 deadline=977436824454 rip=65537 nonce=977430250530 witness=0
INTEL_PROBE end=finite_loop call=1 status=0 mach_before=977431829918 mach_after=977446287026
INTEL_PROBE capture=finite_loop call=1 exec_before=1095707 exec_after=15372572 reason_before=37 reason=52 rip_before=65537 rip=65540 rax=977430250530 nonce=977430250530 witness=977430250530
INTEL_PROBE phase=prepare_with_transport
INTEL_PROBE begin=expired_mtf call=2 deadline=0 rip=65543 nonce=977446419734 witness=0
INTEL_PROBE end=expired_mtf call=2 status=0 mach_before=977448587247 mach_after=977448632512
INTEL_PROBE capture=expired_mtf call=2 exec_before=15764044 exec_after=15806685 reason_before=37 reason=52 rip_before=65543 rip=65543 rax=977446419734 nonce=977446419734 witness=0
INTEL_PROBE phase=prepare_with_transport
INTEL_PROBE begin=finite_mtf call=3 deadline=977454552716 rip=65543 nonce=977448693970 witness=0
INTEL_PROBE end=finite_mtf call=3 status=0 mach_before=977449572832 mach_after=977450007207
INTEL_PROBE capture=finite_mtf call=3 exec_before=16142194 exec_after=16480010 reason_before=37 reason=37 rip_before=65543 rip=65546 rax=977448693971 nonce=977448693970 witness=0
INTEL_PROBE phase=verified_retry
INTEL_PROBE phase=prepare_with_transport
INTEL_PROBE phase=finite_retirement
INTEL_LIFECYCLE phase=vcpu_destroy_begin generation=19 owner=70365
INTEL_LIFECYCLE phase=vcpu_destroy_end generation=19 owner=70365
INTEL_LIFECYCLE phase=vm_destroy_begin generation=19 owner=70365
INTEL_LIFECYCLE phase=vm_destroy_end generation=19 owner=70365
INTEL_LIFECYCLE phase=vm_create_begin generation=20 owner=70365
INTEL_LIFECYCLE phase=vm_create_end generation=20 owner=70365
INTEL_LIFECYCLE phase=vcpu_create_begin generation=20 owner=70365
INTEL_LIFECYCLE phase=vcpu_create_end generation=20 owner=70365
[       OK ] HvfIntelProbe.FiniteDeadline (30 ms)
[----------] 1 test from HvfIntelProbe (30 ms total)

[==========] 1 test from 1 test suite ran. (31 ms total)
[  PASSED  ] 1 test.

Repeating all tests (iteration 20) . . .

Note: Google Test filter = HvfIntelProbe.FiniteDeadline
[==========] Running 1 test from 1 test suite.
[----------] 1 test from HvfIntelProbe
[ RUN      ] HvfIntelProbe.FiniteDeadline
INTEL_PROBE phase=executor_initialization
INTEL_PROBE phase=executor_retained
INTEL_PROBE phase=startup_probe
INTEL_PROBE phase=prepare_with_transport
INTEL_PROBE witness_budget mach_start=977460622034 mach_end=979459917737 remaining_ns=1999295703 timebase_numer=1 timebase_denom=1 max_calls=4096
INTEL_PROBE begin=finite_loop call=1 deadline=977465645825 rip=65537 nonce=977459474617 witness=0
INTEL_PROBE end=finite_loop call=1 status=0 mach_before=977460652539 mach_after=977461994167
INTEL_PROBE capture=finite_loop call=1 exec_before=1050650 exec_after=2124015 reason_before=37 reason=1 rip_before=65537 rip=65540 rax=977459474617 nonce=977459474617 witness=977459474617
INTEL_PROBE begin=finite_loop call=2 deadline=977465645825 rip=65540 nonce=977459474617 witness=977459474617
INTEL_PROBE end=finite_loop call=2 status=0 mach_before=977462027925 mach_after=977464881024
INTEL_PROBE capture=finite_loop call=2 exec_before=2124015 exec_after=4933820 reason_before=1 reason=1 rip_before=65540 rip=65540 rax=977459474617 nonce=977459474617 witness=977459474617
INTEL_PROBE begin=finite_loop call=3 deadline=977465645825 rip=65540 nonce=977459474617 witness=977459474617
INTEL_PROBE end=finite_loop call=3 status=0 mach_before=977464947249 mach_after=977465688976
INTEL_PROBE capture=finite_loop call=3 exec_before=4933820 exec_after=5673041 reason_before=1 reason=52 rip_before=65540 rip=65540 rax=977459474617 nonce=977459474617 witness=977459474617
INTEL_PROBE phase=prepare_with_transport
INTEL_PROBE begin=expired_mtf call=4 deadline=0 rip=65543 nonce=977465755242 witness=0
INTEL_PROBE end=expired_mtf call=4 status=0 mach_before=977467718903 mach_after=977467815352
INTEL_PROBE capture=expired_mtf call=4 exec_before=6072790 exec_after=6166000 reason_before=37 reason=52 rip_before=65543 rip=65543 rax=977465755242 nonce=977465755242 witness=0
INTEL_PROBE phase=prepare_with_transport
INTEL_PROBE begin=finite_mtf call=5 deadline=977474130452 rip=65543 nonce=977467925740 witness=0
INTEL_PROBE end=finite_mtf call=5 status=0 mach_before=977469148907 mach_after=977469730219
INTEL_PROBE capture=finite_mtf call=5 exec_before=6585042 exec_after=6998103 reason_before=37 reason=37 rip_before=65543 rip=65546 rax=977467925741 nonce=977467925740 witness=0
INTEL_PROBE phase=verified_retry
INTEL_PROBE phase=prepare_with_transport
INTEL_PROBE phase=finite_retirement
INTEL_LIFECYCLE phase=vcpu_destroy_begin generation=20 owner=70365
INTEL_LIFECYCLE phase=vcpu_destroy_end generation=20 owner=70365
INTEL_LIFECYCLE phase=vm_destroy_begin generation=20 owner=70365
INTEL_LIFECYCLE phase=vm_destroy_end generation=20 owner=70365
INTEL_LIFECYCLE phase=vm_create_begin generation=21 owner=70365
INTEL_LIFECYCLE phase=vm_create_end generation=21 owner=70365
INTEL_LIFECYCLE phase=vcpu_create_begin generation=21 owner=70365
INTEL_LIFECYCLE phase=vcpu_create_end generation=21 owner=70365
[       OK ] HvfIntelProbe.FiniteDeadline (19 ms)
[----------] 1 test from HvfIntelProbe (19 ms total)

[==========] 1 test from 1 test suite ran. (19 ms total)
[  PASSED  ] 1 test.

Repeating all tests (iteration 21) . . .

Note: Google Test filter = HvfIntelProbe.FiniteDeadline
[==========] Running 1 test from 1 test suite.
[----------] 1 test from HvfIntelProbe
[ RUN      ] HvfIntelProbe.FiniteDeadline
INTEL_PROBE phase=executor_initialization
INTEL_PROBE phase=executor_retained
INTEL_PROBE phase=startup_probe
INTEL_PROBE phase=prepare_with_transport
INTEL_PROBE witness_budget mach_start=977480732567 mach_end=979479793618 remaining_ns=1999061051 timebase_numer=1 timebase_denom=1 max_calls=4096
INTEL_PROBE begin=finite_loop call=1 deadline=977485754544 rip=65537 nonce=977479447492 witness=0
INTEL_PROBE end=finite_loop call=1 status=0 mach_before=977480774857 mach_after=977488233747
INTEL_PROBE capture=finite_loop call=1 exec_before=960075 exec_after=8145555 reason_before=37 reason=52 rip_before=65537 rip=65540 rax=977479447492 nonce=977479447492 witness=977479447492
INTEL_PROBE phase=prepare_with_transport
INTEL_PROBE begin=expired_mtf call=2 deadline=0 rip=65543 nonce=977488338177 witness=0
INTEL_PROBE end=expired_mtf call=2 status=0 mach_before=977490038555 mach_after=977490083881
INTEL_PROBE capture=expired_mtf call=2 exec_before=8582451 exec_after=8625288 reason_before=37 reason=52 rip_before=65543 rip=65543 rax=977488338177 nonce=977488338177 witness=0
INTEL_PROBE phase=prepare_with_transport
INTEL_PROBE begin=finite_mtf call=3 deadline=977496036577 rip=65543 nonce=977490150668 witness=0
INTEL_PROBE end=finite_mtf call=3 status=0 mach_before=977491051916 mach_after=977491584840
INTEL_PROBE capture=finite_mtf call=3 exec_before=8969808 exec_after=9353973 reason_before=37 reason=37 rip_before=65543 rip=65546 rax=977490150669 nonce=977490150668 witness=0
INTEL_PROBE phase=verified_retry
INTEL_PROBE phase=prepare_with_transport
INTEL_PROBE phase=finite_retirement
INTEL_LIFECYCLE phase=vcpu_destroy_begin generation=21 owner=70365
INTEL_LIFECYCLE phase=vcpu_destroy_end generation=21 owner=70365
INTEL_LIFECYCLE phase=vm_destroy_begin generation=21 owner=70365
INTEL_LIFECYCLE phase=vm_destroy_end generation=21 owner=70365
INTEL_LIFECYCLE phase=vm_create_begin generation=22 owner=70365
INTEL_LIFECYCLE phase=vm_create_end generation=22 owner=70365
INTEL_LIFECYCLE phase=vcpu_create_begin generation=22 owner=70365
INTEL_LIFECYCLE phase=vcpu_create_end generation=22 owner=70365
[       OK ] HvfIntelProbe.FiniteDeadline (21 ms)
[----------] 1 test from HvfIntelProbe (21 ms total)

[==========] 1 test from 1 test suite ran. (21 ms total)
[  PASSED  ] 1 test.

Repeating all tests (iteration 22) . . .

Note: Google Test filter = HvfIntelProbe.FiniteDeadline
[==========] Running 1 test from 1 test suite.
[----------] 1 test from HvfIntelProbe
[ RUN      ] HvfIntelProbe.FiniteDeadline
INTEL_PROBE phase=executor_initialization
INTEL_PROBE phase=executor_retained
INTEL_PROBE phase=startup_probe
INTEL_PROBE phase=prepare_with_transport
INTEL_PROBE witness_budget mach_start=977501643526 mach_end=979500691889 remaining_ns=1999048363 timebase_numer=1 timebase_denom=1 max_calls=4096
INTEL_PROBE begin=finite_loop call=1 deadline=977506667365 rip=65537 nonce=977500230963 witness=0
INTEL_PROBE end=finite_loop call=1 status=0 mach_before=977501673582 mach_after=977507881636
INTEL_PROBE capture=finite_loop call=1 exec_before=1055845 exec_after=6995329 reason_before=37 reason=52 rip_before=65537 rip=65540 rax=977500230963 nonce=977500230963 witness=977500230963
INTEL_PROBE phase=prepare_with_transport
INTEL_PROBE begin=expired_mtf call=2 deadline=0 rip=65543 nonce=977507969039 witness=0
INTEL_PROBE end=expired_mtf call=2 status=0 mach_before=977509971619 mach_after=977510015759
INTEL_PROBE capture=expired_mtf call=2 exec_before=7615982 exec_after=7657402 reason_before=37 reason=52 rip_before=65543 rip=65543 rax=977507969039 nonce=977507969039 witness=0
INTEL_PROBE phase=prepare_with_transport
INTEL_PROBE begin=finite_mtf call=3 deadline=977516217923 rip=65543 nonce=977510080321 witness=0
INTEL_PROBE end=finite_mtf call=3 status=0 mach_before=977511238512 mach_after=977511827389
INTEL_PROBE capture=finite_mtf call=3 exec_before=8052801 exec_after=8493485 reason_before=37 reason=37 rip_before=65543 rip=65546 rax=977510080322 nonce=977510080321 witness=0
INTEL_PROBE phase=verified_retry
INTEL_PROBE phase=prepare_with_transport
INTEL_PROBE phase=finite_retirement
INTEL_LIFECYCLE phase=vcpu_destroy_begin generation=22 owner=70365
INTEL_LIFECYCLE phase=vcpu_destroy_end generation=22 owner=70365
INTEL_LIFECYCLE phase=vm_destroy_begin generation=22 owner=70365
INTEL_LIFECYCLE phase=vm_destroy_end generation=22 owner=70365
INTEL_LIFECYCLE phase=vm_create_begin generation=23 owner=70365
INTEL_LIFECYCLE phase=vm_create_end generation=23 owner=70365
INTEL_LIFECYCLE phase=vcpu_create_begin generation=23 owner=70365
INTEL_LIFECYCLE phase=vcpu_create_end generation=23 owner=70365
[       OK ] HvfIntelProbe.FiniteDeadline (20 ms)
[----------] 1 test from HvfIntelProbe (20 ms total)

[==========] 1 test from 1 test suite ran. (20 ms total)
[  PASSED  ] 1 test.

Repeating all tests (iteration 23) . . .

Note: Google Test filter = HvfIntelProbe.FiniteDeadline
[==========] Running 1 test from 1 test suite.
[----------] 1 test from HvfIntelProbe
[ RUN      ] HvfIntelProbe.FiniteDeadline
INTEL_PROBE phase=executor_initialization
INTEL_PROBE phase=executor_retained
INTEL_PROBE phase=startup_probe
INTEL_PROBE phase=prepare_with_transport
INTEL_PROBE witness_budget mach_start=977522353278 mach_end=979521592778 remaining_ns=1999239500 timebase_numer=1 timebase_denom=1 max_calls=4096
INTEL_PROBE begin=finite_loop call=1 deadline=977527385883 rip=65537 nonce=977521238446 witness=0
INTEL_PROBE end=finite_loop call=1 status=0 mach_before=977522396249 mach_after=977526235825
INTEL_PROBE capture=finite_loop call=1 exec_before=1060701 exec_after=4656492 reason_before=37 reason=1 rip_before=65537 rip=65540 rax=977521238446 nonce=977521238446 witness=977521238446
INTEL_PROBE begin=finite_loop call=2 deadline=977527385883 rip=65540 nonce=977521238446 witness=977521238446
INTEL_PROBE end=finite_loop call=2 status=0 mach_before=977526275230 mach_after=977527467398
INTEL_PROBE capture=finite_loop call=2 exec_before=4656492 exec_after=5843548 reason_before=1 reason=52 rip_before=65540 rip=65540 rax=977521238446 nonce=977521238446 witness=977521238446
INTEL_PROBE phase=prepare_with_transport
INTEL_PROBE begin=expired_mtf call=3 deadline=0 rip=65543 nonce=977527540600 witness=0
INTEL_PROBE end=expired_mtf call=3 status=0 mach_before=977529426932 mach_after=977529478477
INTEL_PROBE capture=expired_mtf call=3 exec_before=6306447 exec_after=6354873 reason_before=37 reason=52 rip_before=65543 rip=65543 rax=977527540600 nonce=977527540600 witness=0
INTEL_PROBE phase=prepare_with_transport
INTEL_PROBE begin=finite_mtf call=4 deadline=977535449940 rip=65543 nonce=977529542821 witness=0
INTEL_PROBE end=finite_mtf call=4 status=0 mach_before=977530469636 mach_after=977530894603
INTEL_PROBE capture=finite_mtf call=4 exec_before=6714451 exec_after=7048350 reason_before=37 reason=37 rip_before=65543 rip=65546 rax=977529542822 nonce=977529542821 witness=0
INTEL_PROBE phase=verified_retry
INTEL_PROBE phase=prepare_with_transport
INTEL_PROBE phase=finite_retirement
INTEL_LIFECYCLE phase=vcpu_destroy_begin generation=23 owner=70365
INTEL_LIFECYCLE phase=vcpu_destroy_end generation=23 owner=70365
INTEL_LIFECYCLE phase=vm_destroy_begin generation=23 owner=70365
INTEL_LIFECYCLE phase=vm_destroy_end generation=23 owner=70365
INTEL_LIFECYCLE phase=vm_create_begin generation=24 owner=70365
INTEL_LIFECYCLE phase=vm_create_end generation=24 owner=70365
INTEL_LIFECYCLE phase=vcpu_create_begin generation=24 owner=70365
INTEL_LIFECYCLE phase=vcpu_create_end generation=24 owner=70365
[       OK ] HvfIntelProbe.FiniteDeadline (18 ms)
[----------] 1 test from HvfIntelProbe (18 ms total)

[==========] 1 test from 1 test suite ran. (18 ms total)
[  PASSED  ] 1 test.

Repeating all tests (iteration 24) . . .

Note: Google Test filter = HvfIntelProbe.FiniteDeadline
[==========] Running 1 test from 1 test suite.
[----------] 1 test from HvfIntelProbe
[ RUN      ] HvfIntelProbe.FiniteDeadline
INTEL_PROBE phase=executor_initialization
INTEL_PROBE phase=executor_retained
INTEL_PROBE phase=startup_probe
INTEL_PROBE phase=prepare_with_transport
INTEL_PROBE witness_budget mach_start=977541720445 mach_end=979541017355 remaining_ns=1999296910 timebase_numer=1 timebase_denom=1 max_calls=4096
INTEL_PROBE begin=finite_loop call=1 deadline=977546742775 rip=65537 nonce=977540665543 witness=0
INTEL_PROBE end=finite_loop call=1 status=0 mach_before=977541748916 mach_after=977546973253
INTEL_PROBE capture=finite_loop call=1 exec_before=1038731 exec_after=6043357 reason_before=37 reason=52 rip_before=65537 rip=65540 rax=977540665543 nonce=977540665543 witness=977540665543
INTEL_PROBE phase=prepare_with_transport
INTEL_PROBE begin=expired_mtf call=2 deadline=0 rip=65543 nonce=977547129837 witness=0
INTEL_PROBE end=expired_mtf call=2 status=0 mach_before=977548964868 mach_after=977549037488
INTEL_PROBE capture=expired_mtf call=2 exec_before=6457504 exec_after=6526747 reason_before=37 reason=52 rip_before=65543 rip=65543 rax=977547129837 nonce=977547129837 witness=0
INTEL_PROBE phase=prepare_with_transport
INTEL_PROBE begin=finite_mtf call=3 deadline=977555435560 rip=65543 nonce=977549104929 witness=0
INTEL_PROBE end=finite_mtf call=3 status=0 mach_before=977550455988 mach_after=977550889585
INTEL_PROBE capture=finite_mtf call=3 exec_before=6944475 exec_after=7283934 reason_before=37 reason=37 rip_before=65543 rip=65546 rax=977549104930 nonce=977549104929 witness=0
INTEL_PROBE phase=verified_retry
INTEL_PROBE phase=prepare_with_transport
INTEL_PROBE phase=finite_retirement
INTEL_LIFECYCLE phase=vcpu_destroy_begin generation=24 owner=70365
INTEL_LIFECYCLE phase=vcpu_destroy_end generation=24 owner=70365
INTEL_LIFECYCLE phase=vm_destroy_begin generation=24 owner=70365
INTEL_LIFECYCLE phase=vm_destroy_end generation=24 owner=70365
INTEL_LIFECYCLE phase=vm_create_begin generation=25 owner=70365
INTEL_LIFECYCLE phase=vm_create_end generation=25 owner=70365
INTEL_LIFECYCLE phase=vcpu_create_begin generation=25 owner=70365
INTEL_LIFECYCLE phase=vcpu_create_end generation=25 owner=70365
[       OK ] HvfIntelProbe.FiniteDeadline (20 ms)
[----------] 1 test from HvfIntelProbe (20 ms total)

[==========] 1 test from 1 test suite ran. (20 ms total)
[  PASSED  ] 1 test.

Repeating all tests (iteration 25) . . .

Note: Google Test filter = HvfIntelProbe.FiniteDeadline
[==========] Running 1 test from 1 test suite.
[----------] 1 test from HvfIntelProbe
[ RUN      ] HvfIntelProbe.FiniteDeadline
INTEL_PROBE phase=executor_initialization
INTEL_PROBE phase=executor_retained
INTEL_PROBE phase=startup_probe
INTEL_PROBE phase=prepare_with_transport
INTEL_PROBE witness_budget mach_start=977561809959 mach_end=979560804159 remaining_ns=1998994200 timebase_numer=1 timebase_denom=1 max_calls=4096
INTEL_PROBE begin=finite_loop call=1 deadline=977566838199 rip=65537 nonce=977560210069 witness=0
INTEL_PROBE end=finite_loop call=1 status=0 mach_before=977561844689 mach_after=977568765273
INTEL_PROBE capture=finite_loop call=1 exec_before=1198003 exec_after=7961162 reason_before=37 reason=52 rip_before=65537 rip=65540 rax=977560210069 nonce=977560210069 witness=977560210069
INTEL_PROBE phase=prepare_with_transport
INTEL_PROBE begin=expired_mtf call=2 deadline=0 rip=65543 nonce=977568850743 witness=0
INTEL_PROBE end=expired_mtf call=2 status=0 mach_before=977570947505 mach_after=977570992411
INTEL_PROBE capture=expired_mtf call=2 exec_before=8402434 exec_after=8444934 reason_before=37 reason=52 rip_before=65543 rip=65543 rax=977568850743 nonce=977568850743 witness=0
INTEL_PROBE phase=prepare_with_transport
INTEL_PROBE begin=finite_mtf call=3 deadline=977576972558 rip=65543 nonce=977571053719 witness=0
INTEL_PROBE end=finite_mtf call=3 status=0 mach_before=977571991697 mach_after=977572438022
INTEL_PROBE capture=finite_mtf call=3 exec_before=8778693 exec_after=9125540 reason_before=37 reason=37 rip_before=65543 rip=65546 rax=977571053720 nonce=977571053719 witness=0
INTEL_PROBE phase=verified_retry
INTEL_PROBE phase=prepare_with_transport
INTEL_PROBE phase=finite_retirement
INTEL_LIFECYCLE phase=vcpu_destroy_begin generation=25 owner=70365
INTEL_LIFECYCLE phase=vcpu_destroy_end generation=25 owner=70365
INTEL_LIFECYCLE phase=vm_destroy_begin generation=25 owner=70365
INTEL_LIFECYCLE phase=vm_destroy_end generation=25 owner=70365
INTEL_LIFECYCLE phase=vm_create_begin generation=26 owner=70365
INTEL_LIFECYCLE phase=vm_create_end generation=26 owner=70365
INTEL_LIFECYCLE phase=vcpu_create_begin generation=26 owner=70365
INTEL_LIFECYCLE phase=vcpu_create_end generation=26 owner=70365
[       OK ] HvfIntelProbe.FiniteDeadline (21 ms)
[----------] 1 test from HvfIntelProbe (21 ms total)

[==========] 1 test from 1 test suite ran. (21 ms total)
[  PASSED  ] 1 test.

Repeating all tests (iteration 26) . . .

Note: Google Test filter = HvfIntelProbe.FiniteDeadline
[==========] Running 1 test from 1 test suite.
[----------] 1 test from HvfIntelProbe
[ RUN      ] HvfIntelProbe.FiniteDeadline
INTEL_PROBE phase=executor_initialization
INTEL_PROBE phase=executor_retained
INTEL_PROBE phase=startup_probe
INTEL_PROBE phase=prepare_with_transport
INTEL_PROBE witness_budget mach_start=977582900473 mach_end=979581738962 remaining_ns=1998838489 timebase_numer=1 timebase_denom=1 max_calls=4096
INTEL_PROBE begin=finite_loop call=1 deadline=977587938185 rip=65537 nonce=977581399544 witness=0
INTEL_PROBE end=finite_loop call=1 status=0 mach_before=977582950121 mach_after=977588639545
INTEL_PROBE capture=finite_loop call=1 exec_before=1043007 exec_after=6582552 reason_before=37 reason=52 rip_before=65537 rip=65540 rax=977581399544 nonce=977581399544 witness=977581399544
INTEL_PROBE phase=prepare_with_transport
INTEL_PROBE begin=expired_mtf call=2 deadline=0 rip=65543 nonce=977588730982 witness=0
INTEL_PROBE end=expired_mtf call=2 status=0 mach_before=977590672044 mach_after=977590717633
INTEL_PROBE capture=expired_mtf call=2 exec_before=7076985 exec_after=7120025 reason_before=37 reason=52 rip_before=65543 rip=65543 rax=977588730982 nonce=977588730982 witness=0
INTEL_PROBE phase=prepare_with_transport
INTEL_PROBE begin=finite_mtf call=3 deadline=977596712000 rip=65543 nonce=977590784324 witness=0
INTEL_PROBE end=finite_mtf call=3 status=0 mach_before=977591730982 mach_after=977592206064
INTEL_PROBE capture=finite_mtf call=3 exec_before=7461982 exec_after=7829107 reason_before=37 reason=37 rip_before=65543 rip=65546 rax=977590784325 nonce=977590784324 witness=0
INTEL_PROBE phase=verified_retry
INTEL_PROBE phase=prepare_with_transport
INTEL_PROBE phase=finite_retirement
INTEL_LIFECYCLE phase=vcpu_destroy_begin generation=26 owner=70365
INTEL_LIFECYCLE phase=vcpu_destroy_end generation=26 owner=70365
INTEL_LIFECYCLE phase=vm_destroy_begin generation=26 owner=70365
INTEL_LIFECYCLE phase=vm_destroy_end generation=26 owner=70365
INTEL_LIFECYCLE phase=vm_create_begin generation=27 owner=70365
INTEL_LIFECYCLE phase=vm_create_end generation=27 owner=70365
INTEL_LIFECYCLE phase=vcpu_create_begin generation=27 owner=70365
INTEL_LIFECYCLE phase=vcpu_create_end generation=27 owner=70365
[       OK ] HvfIntelProbe.FiniteDeadline (19 ms)
[----------] 1 test from HvfIntelProbe (19 ms total)

[==========] 1 test from 1 test suite ran. (19 ms total)
[  PASSED  ] 1 test.

Repeating all tests (iteration 27) . . .

Note: Google Test filter = HvfIntelProbe.FiniteDeadline
[==========] Running 1 test from 1 test suite.
[----------] 1 test from HvfIntelProbe
[ RUN      ] HvfIntelProbe.FiniteDeadline
INTEL_PROBE phase=executor_initialization
INTEL_PROBE phase=executor_retained
INTEL_PROBE phase=startup_probe
INTEL_PROBE phase=prepare_with_transport
INTEL_PROBE witness_budget mach_start=977603208522 mach_end=979602015987 remaining_ns=1998807465 timebase_numer=1 timebase_denom=1 max_calls=4096
INTEL_PROBE begin=finite_loop call=1 deadline=977608233960 rip=65537 nonce=977601618132 witness=0
INTEL_PROBE end=finite_loop call=1 status=0 mach_before=977603240788 mach_after=977609673689
INTEL_PROBE capture=finite_loop call=1 exec_before=1034554 exec_after=7345138 reason_before=37 reason=52 rip_before=65537 rip=65540 rax=977601618132 nonce=977601618132 witness=977601618132
INTEL_PROBE phase=prepare_with_transport
INTEL_PROBE begin=expired_mtf call=2 deadline=0 rip=65543 nonce=977609781006 witness=0
INTEL_PROBE end=expired_mtf call=2 status=0 mach_before=977611544694 mach_after=977611587704
INTEL_PROBE capture=expired_mtf call=2 exec_before=7775950 exec_after=7816616 reason_before=37 reason=52 rip_before=65543 rip=65543 rax=977609781006 nonce=977609781006 witness=0
INTEL_PROBE phase=prepare_with_transport
INTEL_PROBE begin=finite_mtf call=3 deadline=977617571646 rip=65543 nonce=977611639595 witness=0
INTEL_PROBE end=finite_mtf call=3 status=0 mach_before=977612586177 mach_after=977613007759
INTEL_PROBE capture=finite_mtf call=3 exec_before=8146827 exec_after=8479712 reason_before=37 reason=37 rip_before=65543 rip=65546 rax=977611639596 nonce=977611639595 witness=0
INTEL_PROBE phase=verified_retry
INTEL_PROBE phase=prepare_with_transport
INTEL_PROBE phase=finite_retirement
INTEL_LIFECYCLE phase=vcpu_destroy_begin generation=27 owner=70365
INTEL_LIFECYCLE phase=vcpu_destroy_end generation=27 owner=70365
INTEL_LIFECYCLE phase=vm_destroy_begin generation=27 owner=70365
INTEL_LIFECYCLE phase=vm_destroy_end generation=27 owner=70365
INTEL_LIFECYCLE phase=vm_create_begin generation=28 owner=70365
INTEL_LIFECYCLE phase=vm_create_end generation=28 owner=70365
INTEL_LIFECYCLE phase=vcpu_create_begin generation=28 owner=70365
INTEL_LIFECYCLE phase=vcpu_create_end generation=28 owner=70365
[       OK ] HvfIntelProbe.FiniteDeadline (20 ms)
[----------] 1 test from HvfIntelProbe (20 ms total)

[==========] 1 test from 1 test suite ran. (20 ms total)
[  PASSED  ] 1 test.

Repeating all tests (iteration 28) . . .

Note: Google Test filter = HvfIntelProbe.FiniteDeadline
[==========] Running 1 test from 1 test suite.
[----------] 1 test from HvfIntelProbe
[ RUN      ] HvfIntelProbe.FiniteDeadline
INTEL_PROBE phase=executor_initialization
INTEL_PROBE phase=executor_retained
INTEL_PROBE phase=startup_probe
INTEL_PROBE phase=prepare_with_transport
INTEL_PROBE witness_budget mach_start=977623283891 mach_end=979622609877 remaining_ns=1999325986 timebase_numer=1 timebase_denom=1 max_calls=4096
INTEL_PROBE begin=finite_loop call=1 deadline=977628305409 rip=65537 nonce=977622279171 witness=0
INTEL_PROBE end=finite_loop call=1 status=0 mach_before=977623310994 mach_after=977625589778
INTEL_PROBE capture=finite_loop call=1 exec_before=1038296 exec_after=3123170 reason_before=37 reason=1 rip_before=65537 rip=65540 rax=977622279171 nonce=977622279171 witness=977622279171
INTEL_PROBE begin=finite_loop call=2 deadline=977628305409 rip=65540 nonce=977622279171 witness=977622279171
INTEL_PROBE end=finite_loop call=2 status=0 mach_before=977625621442 mach_after=977628389404
INTEL_PROBE capture=finite_loop call=2 exec_before=3123170 exec_after=5850515 reason_before=1 reason=52 rip_before=65540 rip=65540 rax=977622279171 nonce=977622279171 witness=977622279171
INTEL_PROBE phase=prepare_with_transport
INTEL_PROBE begin=expired_mtf call=3 deadline=0 rip=65543 nonce=977628459101 witness=0
INTEL_PROBE end=expired_mtf call=3 status=0 mach_before=977630008159 mach_after=977630051879
INTEL_PROBE capture=expired_mtf call=3 exec_before=6192868 exec_after=6233824 reason_before=37 reason=52 rip_before=65543 rip=65543 rax=977628459101 nonce=977628459101 witness=0
INTEL_PROBE phase=prepare_with_transport
INTEL_PROBE begin=finite_mtf call=4 deadline=977636137379 rip=65543 nonce=977630104007 witness=0
INTEL_PROBE end=finite_mtf call=4 status=0 mach_before=977631156579 mach_after=977631622016
INTEL_PROBE capture=finite_mtf call=4 exec_before=6593504 exec_after=6936653 reason_before=37 reason=37 rip_before=65543 rip=65546 rax=977630104008 nonce=977630104007 witness=0
INTEL_PROBE phase=verified_retry
INTEL_PROBE phase=prepare_with_transport
INTEL_PROBE phase=finite_retirement
INTEL_LIFECYCLE phase=vcpu_destroy_begin generation=28 owner=70365
INTEL_LIFECYCLE phase=vcpu_destroy_end generation=28 owner=70365
INTEL_LIFECYCLE phase=vm_destroy_begin generation=28 owner=70365
INTEL_LIFECYCLE phase=vm_destroy_end generation=28 owner=70365
INTEL_LIFECYCLE phase=vm_create_begin generation=29 owner=70365
INTEL_LIFECYCLE phase=vm_create_end generation=29 owner=70365
INTEL_LIFECYCLE phase=vcpu_create_begin generation=29 owner=70365
INTEL_LIFECYCLE phase=vcpu_create_end generation=29 owner=70365
[       OK ] HvfIntelProbe.FiniteDeadline (18 ms)
[----------] 1 test from HvfIntelProbe (18 ms total)

[==========] 1 test from 1 test suite ran. (18 ms total)
[  PASSED  ] 1 test.

Repeating all tests (iteration 29) . . .

Note: Google Test filter = HvfIntelProbe.FiniteDeadline
[==========] Running 1 test from 1 test suite.
[----------] 1 test from HvfIntelProbe
[ RUN      ] HvfIntelProbe.FiniteDeadline
INTEL_PROBE phase=executor_initialization
INTEL_PROBE phase=executor_retained
INTEL_PROBE phase=startup_probe
INTEL_PROBE phase=prepare_with_transport
INTEL_PROBE witness_budget mach_start=977642416034 mach_end=979641271171 remaining_ns=1998855137 timebase_numer=1 timebase_denom=1 max_calls=4096
INTEL_PROBE begin=finite_loop call=1 deadline=977647437483 rip=65537 nonce=977640913927 witness=0
INTEL_PROBE end=finite_loop call=1 status=0 mach_before=977642443216 mach_after=977643684552
INTEL_PROBE capture=finite_loop call=1 exec_before=1063162 exec_after=2142517 reason_before=37 reason=1 rip_before=65537 rip=65540 rax=977640913927 nonce=977640913927 witness=977640913927
INTEL_PROBE begin=finite_loop call=2 deadline=977647437483 rip=65540 nonce=977640913927 witness=977640913927
INTEL_PROBE end=finite_loop call=2 status=0 mach_before=977643712947 mach_after=977647717428
INTEL_PROBE capture=finite_loop call=2 exec_before=2142517 exec_after=6038230 reason_before=1 reason=1 rip_before=65540 rip=65540 rax=977640913927 nonce=977640913927 witness=977640913927
INTEL_PROBE begin=finite_loop call=3 deadline=977647437483 rip=65540 nonce=977640913927 witness=977640913927
INTEL_PROBE end=finite_loop call=3 status=0 mach_before=977647754397 mach_after=977647842259
INTEL_PROBE capture=finite_loop call=3 exec_before=6038230 exec_after=6121732 reason_before=1 reason=52 rip_before=65540 rip=65540 rax=977640913927 nonce=977640913927 witness=977640913927
INTEL_PROBE phase=prepare_with_transport
INTEL_PROBE begin=expired_mtf call=4 deadline=0 rip=65543 nonce=977647903601 witness=0
INTEL_PROBE end=expired_mtf call=4 status=0 mach_before=977649548639 mach_after=977649594066
INTEL_PROBE capture=expired_mtf call=4 exec_before=6573457 exec_after=6616379 reason_before=37 reason=52 rip_before=65543 rip=65543 rax=977647903601 nonce=977647903601 witness=0
INTEL_PROBE phase=prepare_with_transport
INTEL_PROBE begin=finite_mtf call=5 deadline=977655763881 rip=65543 nonce=977649652129 witness=0
INTEL_PROBE end=finite_mtf call=5 status=0 mach_before=977650780630 mach_after=977651215870
INTEL_PROBE capture=finite_mtf call=5 exec_before=7013310 exec_after=7346739 reason_before=37 reason=37 rip_before=65543 rip=65546 rax=977649652130 nonce=977649652129 witness=0
INTEL_PROBE phase=verified_retry
INTEL_PROBE phase=prepare_with_transport
INTEL_PROBE phase=finite_retirement
INTEL_LIFECYCLE phase=vcpu_destroy_begin generation=29 owner=70365
INTEL_LIFECYCLE phase=vcpu_destroy_end generation=29 owner=70365
INTEL_LIFECYCLE phase=vm_destroy_begin generation=29 owner=70365
INTEL_LIFECYCLE phase=vm_destroy_end generation=29 owner=70365
INTEL_LIFECYCLE phase=vm_create_begin generation=30 owner=70365
INTEL_LIFECYCLE phase=vm_create_end generation=30 owner=70365
INTEL_LIFECYCLE phase=vcpu_create_begin generation=30 owner=70365
INTEL_LIFECYCLE phase=vcpu_create_end generation=30 owner=70365
[       OK ] HvfIntelProbe.FiniteDeadline (19 ms)
[----------] 1 test from HvfIntelProbe (19 ms total)

[==========] 1 test from 1 test suite ran. (19 ms total)
[  PASSED  ] 1 test.

Repeating all tests (iteration 30) . . .

Note: Google Test filter = HvfIntelProbe.FiniteDeadline
[==========] Running 1 test from 1 test suite.
[----------] 1 test from HvfIntelProbe
[ RUN      ] HvfIntelProbe.FiniteDeadline
INTEL_PROBE phase=executor_initialization
INTEL_PROBE phase=executor_retained
INTEL_PROBE phase=startup_probe
INTEL_PROBE phase=prepare_with_transport
INTEL_PROBE witness_budget mach_start=977661719081 mach_end=979660800936 remaining_ns=1999081855 timebase_numer=1 timebase_denom=1 max_calls=4096
INTEL_PROBE begin=finite_loop call=1 deadline=977666740182 rip=65537 nonce=977660462428 witness=0
INTEL_PROBE end=finite_loop call=1 status=0 mach_before=977661745946 mach_after=977662620277
INTEL_PROBE capture=finite_loop call=1 exec_before=1021220 exec_after=1532855 reason_before=37 reason=1 rip_before=65537 rip=65540 rax=977660462428 nonce=977660462428 witness=977660462428
INTEL_PROBE begin=finite_loop call=2 deadline=977666740182 rip=65540 nonce=977660462428 witness=977660462428
INTEL_PROBE end=finite_loop call=2 status=0 mach_before=977662653708 mach_after=977666716854
INTEL_PROBE capture=finite_loop call=2 exec_before=1532855 exec_after=5375409 reason_before=1 reason=1 rip_before=65540 rip=65540 rax=977660462428 nonce=977660462428 witness=977660462428
INTEL_PROBE begin=finite_loop call=3 deadline=977666740182 rip=65540 nonce=977660462428 witness=977660462428
INTEL_PROBE end=finite_loop call=3 status=0 mach_before=977667824793 mach_after=977667943284
INTEL_PROBE capture=finite_loop call=3 exec_before=5375409 exec_after=5466224 reason_before=1 reason=52 rip_before=65540 rip=65540 rax=977660462428 nonce=977660462428 witness=977660462428
INTEL_PROBE phase=prepare_with_transport
INTEL_PROBE begin=expired_mtf call=4 deadline=0 rip=65543 nonce=977668007405 witness=0
INTEL_PROBE end=expired_mtf call=4 status=0 mach_before=977669659191 mach_after=977669704130
INTEL_PROBE capture=expired_mtf call=4 exec_before=5926461 exec_after=5968705 reason_before=37 reason=52 rip_before=65543 rip=65543 rax=977668007405 nonce=977668007405 witness=0
INTEL_PROBE phase=prepare_with_transport
INTEL_PROBE begin=finite_mtf call=5 deadline=977675866117 rip=65543 nonce=977669760498 witness=0
INTEL_PROBE end=finite_mtf call=5 status=0 mach_before=977670882394 mach_after=977671072814
INTEL_PROBE capture=finite_mtf call=5 exec_before=6367129 exec_after=6490042 reason_before=37 reason=1 rip_before=65543 rip=65543 rax=977669760498 nonce=977669760498 witness=0
INTEL_PROBE phase=verified_retry
INTEL_PROBE phase=prepare_with_transport
INTEL_PROBE phase=finite_retirement
INTEL_LIFECYCLE phase=vcpu_destroy_begin generation=30 owner=70365
INTEL_LIFECYCLE phase=vcpu_destroy_end generation=30 owner=70365
INTEL_LIFECYCLE phase=vm_destroy_begin generation=30 owner=70365
INTEL_LIFECYCLE phase=vm_destroy_end generation=30 owner=70365
INTEL_LIFECYCLE phase=vm_create_begin generation=31 owner=70365
INTEL_LIFECYCLE phase=vm_create_end generation=31 owner=70365
INTEL_LIFECYCLE phase=vcpu_create_begin generation=31 owner=70365
INTEL_LIFECYCLE phase=vcpu_create_end generation=31 owner=70365
[       OK ] HvfIntelProbe.FiniteDeadline (19 ms)
[----------] 1 test from HvfIntelProbe (19 ms total)

[==========] 1 test from 1 test suite ran. (19 ms total)
[  PASSED  ] 1 test.

Repeating all tests (iteration 31) . . .

Note: Google Test filter = HvfIntelProbe.FiniteDeadline
[==========] Running 1 test from 1 test suite.
[----------] 1 test from HvfIntelProbe
[ RUN      ] HvfIntelProbe.FiniteDeadline
INTEL_PROBE phase=executor_initialization
INTEL_PROBE phase=executor_retained
INTEL_PROBE phase=startup_probe
INTEL_PROBE phase=prepare_with_transport
INTEL_PROBE witness_budget mach_start=977681777111 mach_end=979680360964 remaining_ns=1998583853 timebase_numer=1 timebase_denom=1 max_calls=4096
INTEL_PROBE begin=finite_loop call=1 deadline=977686802794 rip=65537 nonce=977680037240 witness=0
INTEL_PROBE end=finite_loop call=1 status=0 mach_before=977681808639 mach_after=977684675096
INTEL_PROBE capture=finite_loop call=1 exec_before=1093963 exec_after=3191159 reason_before=37 reason=1 rip_before=65537 rip=65540 rax=977680037240 nonce=977680037240 witness=977680037240
INTEL_PROBE begin=finite_loop call=2 deadline=977686802794 rip=65540 nonce=977680037240 witness=977680037240
INTEL_PROBE end=finite_loop call=2 status=0 mach_before=977684715545 mach_after=977686101156
INTEL_PROBE capture=finite_loop call=2 exec_before=3191159 exec_after=4441673 reason_before=1 reason=1 rip_before=65540 rip=65540 rax=977680037240 nonce=977680037240 witness=977680037240
INTEL_PROBE begin=finite_loop call=3 deadline=977686802794 rip=65540 nonce=977680037240 witness=977680037240
INTEL_PROBE end=finite_loop call=3 status=0 mach_before=977686155452 mach_after=977686903731
INTEL_PROBE capture=finite_loop call=3 exec_before=4441673 exec_after=5185177 reason_before=1 reason=52 rip_before=65540 rip=65540 rax=977680037240 nonce=977680037240 witness=977680037240
INTEL_PROBE phase=prepare_with_transport
INTEL_PROBE begin=expired_mtf call=4 deadline=0 rip=65543 nonce=977686969053 witness=0
INTEL_PROBE end=expired_mtf call=4 status=0 mach_before=977689538458 mach_after=977689587272
INTEL_PROBE capture=expired_mtf call=4 exec_before=5819570 exec_after=5865828 reason_before=37 reason=52 rip_before=65543 rip=65543 rax=977686969053 nonce=977686969053 witness=0
INTEL_PROBE phase=prepare_with_transport
INTEL_PROBE begin=finite_mtf call=5 deadline=977696372458 rip=65543 nonce=977689644968 witness=0
INTEL_PROBE end=finite_mtf call=5 status=0 mach_before=977691396916 mach_after=977691835766
INTEL_PROBE capture=finite_mtf call=5 exec_before=6329931 exec_after=6678388 reason_before=37 reason=37 rip_before=65543 rip=65546 rax=977689644969 nonce=977689644968 witness=0
INTEL_PROBE phase=verified_retry
INTEL_PROBE phase=prepare_with_transport
INTEL_PROBE phase=finite_retirement
INTEL_LIFECYCLE phase=vcpu_destroy_begin generation=31 owner=70365
INTEL_LIFECYCLE phase=vcpu_destroy_end generation=31 owner=70365
INTEL_LIFECYCLE phase=vm_destroy_begin generation=31 owner=70365
INTEL_LIFECYCLE phase=vm_destroy_end generation=31 owner=70365
INTEL_LIFECYCLE phase=vm_create_begin generation=32 owner=70365
INTEL_LIFECYCLE phase=vm_create_end generation=32 owner=70365
INTEL_LIFECYCLE phase=vcpu_create_begin generation=32 owner=70365
INTEL_LIFECYCLE phase=vcpu_create_end generation=32 owner=70365
[       OK ] HvfIntelProbe.FiniteDeadline (21 ms)
[----------] 1 test from HvfIntelProbe (21 ms total)

[==========] 1 test from 1 test suite ran. (21 ms total)
[  PASSED  ] 1 test.

Repeating all tests (iteration 32) . . .

Note: Google Test filter = HvfIntelProbe.FiniteDeadline
[==========] Running 1 test from 1 test suite.
[----------] 1 test from HvfIntelProbe
[ RUN      ] HvfIntelProbe.FiniteDeadline
INTEL_PROBE phase=executor_initialization
INTEL_PROBE phase=executor_retained
INTEL_PROBE phase=startup_probe
INTEL_PROBE phase=prepare_with_transport
INTEL_PROBE witness_budget mach_start=977704616527 mach_end=979703208830 remaining_ns=1998592303 timebase_numer=1 timebase_denom=1 max_calls=4096
INTEL_PROBE begin=finite_loop call=1 deadline=977709640603 rip=65537 nonce=977702105298 witness=0
INTEL_PROBE end=finite_loop call=1 status=0 mach_before=977704646406 mach_after=977705482958
INTEL_PROBE capture=finite_loop call=1 exec_before=1284739 exec_after=1854939 reason_before=37 reason=1 rip_before=65537 rip=65540 rax=977702105298 nonce=977702105298 witness=977702105298
INTEL_PROBE begin=finite_loop call=2 deadline=977709640603 rip=65540 nonce=977702105298 witness=977702105298
INTEL_PROBE end=finite_loop call=2 status=0 mach_before=977705514966 mach_after=977706674368
INTEL_PROBE capture=finite_loop call=2 exec_before=1854939 exec_after=2731120 reason_before=1 reason=1 rip_before=65540 rip=65540 rax=977702105298 nonce=977702105298 witness=977702105298
INTEL_PROBE begin=finite_loop call=3 deadline=977709640603 rip=65540 nonce=977702105298 witness=977702105298
INTEL_PROBE end=finite_loop call=3 status=0 mach_before=977706704135 mach_after=977709691834
INTEL_PROBE capture=finite_loop call=3 exec_before=2731120 exec_after=5677084 reason_before=1 reason=52 rip_before=65540 rip=65540 rax=977702105298 nonce=977702105298 witness=977702105298
INTEL_PROBE phase=prepare_with_transport
INTEL_PROBE begin=expired_mtf call=4 deadline=0 rip=65543 nonce=977709764542 witness=0
INTEL_PROBE end=expired_mtf call=4 status=0 mach_before=977711683422 mach_after=977711754757
INTEL_PROBE capture=expired_mtf call=4 exec_before=6162959 exec_after=6230874 reason_before=37 reason=52 rip_before=65543 rip=65543 rax=977709764542 nonce=977709764542 witness=0
INTEL_PROBE phase=prepare_with_transport
INTEL_PROBE begin=finite_mtf call=5 deadline=977717867111 rip=65543 nonce=977711833164 witness=0
INTEL_PROBE end=finite_mtf call=5 status=0 mach_before=977712885007 mach_after=977713318923
INTEL_PROBE capture=finite_mtf call=5 exec_before=6676414 exec_after=7017995 reason_before=37 reason=37 rip_before=65543 rip=65546 rax=977711833165 nonce=977711833164 witness=0
INTEL_PROBE phase=verified_retry
INTEL_PROBE phase=prepare_with_transport
INTEL_PROBE phase=finite_retirement
INTEL_LIFECYCLE phase=vcpu_destroy_begin generation=32 owner=70365
INTEL_LIFECYCLE phase=vcpu_destroy_end generation=32 owner=70365
INTEL_LIFECYCLE phase=vm_destroy_begin generation=32 owner=70365
INTEL_LIFECYCLE phase=vm_destroy_end generation=32 owner=70365
INTEL_LIFECYCLE phase=vm_create_begin generation=33 owner=70365
INTEL_LIFECYCLE phase=vm_create_end generation=33 owner=70365
INTEL_LIFECYCLE phase=vcpu_create_begin generation=33 owner=70365
INTEL_LIFECYCLE phase=vcpu_create_end generation=33 owner=70365
[       OK ] HvfIntelProbe.FiniteDeadline (20 ms)
[----------] 1 test from HvfIntelProbe (20 ms total)

[==========] 1 test from 1 test suite ran. (20 ms total)
[  PASSED  ] 1 test.

Repeating all tests (iteration 33) . . .

Note: Google Test filter = HvfIntelProbe.FiniteDeadline
[==========] Running 1 test from 1 test suite.
[----------] 1 test from HvfIntelProbe
[ RUN      ] HvfIntelProbe.FiniteDeadline
INTEL_PROBE phase=executor_initialization
INTEL_PROBE phase=executor_retained
INTEL_PROBE phase=startup_probe
INTEL_PROBE phase=prepare_with_transport
INTEL_PROBE witness_budget mach_start=977729752861 mach_end=979728513536 remaining_ns=1998760675 timebase_numer=1 timebase_denom=1 max_calls=4096
INTEL_PROBE begin=finite_loop call=1 deadline=977734779493 rip=65537 nonce=977728185502 witness=0
INTEL_PROBE end=finite_loop call=1 status=0 mach_before=977729785541 mach_after=977730320933
INTEL_PROBE capture=finite_loop call=1 exec_before=1303485 exec_after=1407410 reason_before=37 reason=1 rip_before=65537 rip=65537 rax=977728185502 nonce=977728185502 witness=0
INTEL_PROBE begin=finite_loop call=2 deadline=977734779493 rip=65537 nonce=977728185502 witness=0
INTEL_PROBE end=finite_loop call=2 status=0 mach_before=977730350145 mach_after=977733636219
INTEL_PROBE capture=finite_loop call=2 exec_before=1407410 exec_after=3329853 reason_before=1 reason=1 rip_before=65537 rip=65540 rax=977728185502 nonce=977728185502 witness=977728185502
INTEL_PROBE begin=finite_loop call=3 deadline=977734779493 rip=65540 nonce=977728185502 witness=977728185502
INTEL_PROBE end=finite_loop call=3 status=0 mach_before=977733677687 mach_after=977734825604
INTEL_PROBE capture=finite_loop call=3 exec_before=3329853 exec_after=4447255 reason_before=1 reason=52 rip_before=65540 rip=65540 rax=977728185502 nonce=977728185502 witness=977728185502
INTEL_PROBE phase=prepare_with_transport
INTEL_PROBE begin=expired_mtf call=4 deadline=0 rip=65543 nonce=977734896340 witness=0
INTEL_PROBE end=expired_mtf call=4 status=0 mach_before=977859338841 mach_after=977859383928
INTEL_PROBE capture=expired_mtf call=4 exec_before=4966288 exec_after=5008636 reason_before=37 reason=52 rip_before=65543 rip=65543 rax=977734896340 nonce=977734896340 witness=0
INTEL_PROBE phase=prepare_with_transport
INTEL_PROBE begin=finite_mtf call=5 deadline=977865418716 rip=65543 nonce=977859450734 witness=0
INTEL_PROBE end=finite_mtf call=5 status=0 mach_before=977860436921 mach_after=977860907298
INTEL_PROBE capture=finite_mtf call=5 exec_before=5380073 exec_after=5740773 reason_before=37 reason=37 rip_before=65543 rip=65546 rax=977859450735 nonce=977859450734 witness=0
INTEL_PROBE phase=verified_retry
INTEL_PROBE phase=prepare_with_transport
INTEL_PROBE phase=finite_retirement
INTEL_LIFECYCLE phase=vcpu_destroy_begin generation=33 owner=70365
INTEL_LIFECYCLE phase=vcpu_destroy_end generation=33 owner=70365
INTEL_LIFECYCLE phase=vm_destroy_begin generation=33 owner=70365
INTEL_LIFECYCLE phase=vm_destroy_end generation=33 owner=70365
INTEL_LIFECYCLE phase=vm_create_begin generation=34 owner=70365
INTEL_LIFECYCLE phase=vm_create_end generation=34 owner=70365
INTEL_LIFECYCLE phase=vcpu_create_begin generation=34 owner=70365
INTEL_LIFECYCLE phase=vcpu_create_end generation=34 owner=70365
[       OK ] HvfIntelProbe.FiniteDeadline (147 ms)
[----------] 1 test from HvfIntelProbe (147 ms total)

[==========] 1 test from 1 test suite ran. (147 ms total)
[  PASSED  ] 1 test.

Repeating all tests (iteration 34) . . .

Note: Google Test filter = HvfIntelProbe.FiniteDeadline
[==========] Running 1 test from 1 test suite.
[----------] 1 test from HvfIntelProbe
[ RUN      ] HvfIntelProbe.FiniteDeadline
INTEL_PROBE phase=executor_initialization
INTEL_PROBE phase=executor_retained
INTEL_PROBE phase=startup_probe
INTEL_PROBE phase=prepare_with_transport
INTEL_PROBE witness_budget mach_start=977871309116 mach_end=979870425757 remaining_ns=1999116641 timebase_numer=1 timebase_denom=1 max_calls=4096
INTEL_PROBE begin=finite_loop call=1 deadline=977876330900 rip=65537 nonce=977869978300 witness=0
INTEL_PROBE end=finite_loop call=1 status=0 mach_before=977871336838 mach_after=977876904344
INTEL_PROBE capture=finite_loop call=1 exec_before=1194011 exec_after=6600795 reason_before=37 reason=52 rip_before=65537 rip=65540 rax=977869978300 nonce=977869978300 witness=977869978300
INTEL_PROBE phase=prepare_with_transport
INTEL_PROBE begin=expired_mtf call=2 deadline=0 rip=65543 nonce=977876976644 witness=0
INTEL_PROBE end=expired_mtf call=2 status=0 mach_before=977878863287 mach_after=977878933835
INTEL_PROBE capture=expired_mtf call=2 exec_before=6958195 exec_after=7025562 reason_before=37 reason=52 rip_before=65543 rip=65543 rax=977876976644 nonce=977876976644 witness=0
INTEL_PROBE phase=prepare_with_transport
INTEL_PROBE begin=finite_mtf call=3 deadline=977884875364 rip=65543 nonce=977878991497 witness=0
INTEL_PROBE end=finite_mtf call=3 status=0 mach_before=977879895573 mach_after=977880450609
INTEL_PROBE capture=finite_mtf call=3 exec_before=7362136 exec_after=7755193 reason_before=37 reason=37 rip_before=65543 rip=65546 rax=977878991498 nonce=977878991497 witness=0
INTEL_PROBE phase=verified_retry
INTEL_PROBE phase=prepare_with_transport
INTEL_PROBE phase=finite_retirement
INTEL_LIFECYCLE phase=vcpu_destroy_begin generation=34 owner=70365
INTEL_LIFECYCLE phase=vcpu_destroy_end generation=34 owner=70365
INTEL_LIFECYCLE phase=vm_destroy_begin generation=34 owner=70365
INTEL_LIFECYCLE phase=vm_destroy_end generation=34 owner=70365
INTEL_LIFECYCLE phase=vm_create_begin generation=35 owner=70365
INTEL_LIFECYCLE phase=vm_create_end generation=35 owner=70365
INTEL_LIFECYCLE phase=vcpu_create_begin generation=35 owner=70365
INTEL_LIFECYCLE phase=vcpu_create_end generation=35 owner=70365
[       OK ] HvfIntelProbe.FiniteDeadline (20 ms)
[----------] 1 test from HvfIntelProbe (20 ms total)

[==========] 1 test from 1 test suite ran. (20 ms total)
[  PASSED  ] 1 test.

Repeating all tests (iteration 35) . . .

Note: Google Test filter = HvfIntelProbe.FiniteDeadline
[==========] Running 1 test from 1 test suite.
[----------] 1 test from HvfIntelProbe
[ RUN      ] HvfIntelProbe.FiniteDeadline
INTEL_PROBE phase=executor_initialization
INTEL_PROBE phase=executor_retained
INTEL_PROBE phase=startup_probe
INTEL_PROBE phase=prepare_with_transport
INTEL_PROBE witness_budget mach_start=977892001751 mach_end=979890909739 remaining_ns=1998907988 timebase_numer=1 timebase_denom=1 max_calls=4096
INTEL_PROBE begin=finite_loop call=1 deadline=977897025613 rip=65537 nonce=977890586858 witness=0
INTEL_PROBE end=finite_loop call=1 status=0 mach_before=977892032086 mach_after=977894057743
INTEL_PROBE capture=finite_loop call=1 exec_before=1149273 exec_after=2938344 reason_before=37 reason=1 rip_before=65537 rip=65540 rax=977890586858 nonce=977890586858 witness=977890586858
INTEL_PROBE begin=finite_loop call=2 deadline=977897025613 rip=65540 nonce=977890586858 witness=977890586858
INTEL_PROBE end=finite_loop call=2 status=0 mach_before=977894138816 mach_after=977897134395
INTEL_PROBE capture=finite_loop call=2 exec_before=2938344 exec_after=5868093 reason_before=1 reason=52 rip_before=65540 rip=65540 rax=977890586858 nonce=977890586858 witness=977890586858
INTEL_PROBE phase=prepare_with_transport
INTEL_PROBE begin=expired_mtf call=3 deadline=0 rip=65543 nonce=977897229811 witness=0
INTEL_PROBE end=expired_mtf call=3 status=0 mach_before=977898946455 mach_after=977898989431
INTEL_PROBE capture=expired_mtf call=3 exec_before=6336626 exec_after=6377181 reason_before=37 reason=52 rip_before=65543 rip=65543 rax=977897229811 nonce=977897229811 witness=0
INTEL_PROBE phase=prepare_with_transport
INTEL_PROBE begin=finite_mtf call=4 deadline=977905200389 rip=65543 nonce=977899052367 witness=0
INTEL_PROBE end=finite_mtf call=4 status=0 mach_before=977900216501 mach_after=977900646872
INTEL_PROBE capture=finite_mtf call=4 exec_before=6853522 exec_after=7184594 reason_before=37 reason=37 rip_before=65543 rip=65546 rax=977899052368 nonce=977899052367 witness=0
INTEL_PROBE phase=verified_retry
INTEL_PROBE phase=prepare_with_transport
INTEL_PROBE phase=finite_retirement
INTEL_LIFECYCLE phase=vcpu_destroy_begin generation=35 owner=70365
INTEL_LIFECYCLE phase=vcpu_destroy_end generation=35 owner=70365
INTEL_LIFECYCLE phase=vm_destroy_begin generation=35 owner=70365
INTEL_LIFECYCLE phase=vm_destroy_end generation=35 owner=70365
INTEL_LIFECYCLE phase=vm_create_begin generation=36 owner=70365
INTEL_LIFECYCLE phase=vm_create_end generation=36 owner=70365
INTEL_LIFECYCLE phase=vcpu_create_begin generation=36 owner=70365
INTEL_LIFECYCLE phase=vcpu_create_end generation=36 owner=70365
[       OK ] HvfIntelProbe.FiniteDeadline (19 ms)
[----------] 1 test from HvfIntelProbe (19 ms total)

[==========] 1 test from 1 test suite ran. (19 ms total)
[  PASSED  ] 1 test.

Repeating all tests (iteration 36) . . .

Note: Google Test filter = HvfIntelProbe.FiniteDeadline
[==========] Running 1 test from 1 test suite.
[----------] 1 test from HvfIntelProbe
[ RUN      ] HvfIntelProbe.FiniteDeadline
INTEL_PROBE phase=executor_initialization
INTEL_PROBE phase=executor_retained
INTEL_PROBE phase=startup_probe
INTEL_PROBE phase=prepare_with_transport
INTEL_PROBE witness_budget mach_start=977911888737 mach_end=979910649638 remaining_ns=1998760901 timebase_numer=1 timebase_denom=1 max_calls=4096
INTEL_PROBE begin=finite_loop call=1 deadline=977916911453 rip=65537 nonce=977910333731 witness=0
INTEL_PROBE end=finite_loop call=1 status=0 mach_before=977911917751 mach_after=977912456677
INTEL_PROBE capture=finite_loop call=1 exec_before=1194294 exec_after=1468634 reason_before=37 reason=1 rip_before=65537 rip=65537 rax=977910333731 nonce=977910333731 witness=0
INTEL_PROBE begin=finite_loop call=2 deadline=977916911453 rip=65537 nonce=977910333731 witness=0
INTEL_PROBE end=finite_loop call=2 status=0 mach_before=977912487527 mach_after=977916976417
INTEL_PROBE capture=finite_loop call=2 exec_before=1468634 exec_after=5801945 reason_before=1 reason=1 rip_before=65537 rip=65540 rax=977910333731 nonce=977910333731 witness=977910333731
INTEL_PROBE begin=finite_loop call=3 deadline=977916911453 rip=65540 nonce=977910333731 witness=977910333731
INTEL_PROBE end=finite_loop call=3 status=0 mach_before=977917015674 mach_after=977917100790
INTEL_PROBE capture=finite_loop call=3 exec_before=5801945 exec_after=5883224 reason_before=1 reason=52 rip_before=65540 rip=65540 rax=977910333731 nonce=977910333731 witness=977910333731
INTEL_PROBE phase=prepare_with_transport
INTEL_PROBE begin=expired_mtf call=4 deadline=0 rip=65543 nonce=977917162361 witness=0
INTEL_PROBE end=expired_mtf call=4 status=0 mach_before=977918725663 mach_after=977918768918
INTEL_PROBE capture=expired_mtf call=4 exec_before=6326704 exec_after=6367405 reason_before=37 reason=52 rip_before=65543 rip=65543 rax=977917162361 nonce=977917162361 witness=0
INTEL_PROBE phase=prepare_with_transport
INTEL_PROBE begin=finite_mtf call=5 deadline=977924733582 rip=65543 nonce=977918820143 witness=0
INTEL_PROBE end=finite_mtf call=5 status=0 mach_before=977919768165 mach_after=977920197306
INTEL_PROBE capture=finite_mtf call=5 exec_before=6765072 exec_after=7102241 reason_before=37 reason=37 rip_before=65543 rip=65546 rax=977918820144 nonce=977918820143 witness=0
INTEL_PROBE phase=verified_retry
INTEL_PROBE phase=prepare_with_transport
INTEL_PROBE phase=finite_retirement
INTEL_LIFECYCLE phase=vcpu_destroy_begin generation=36 owner=70365
INTEL_LIFECYCLE phase=vcpu_destroy_end generation=36 owner=70365
INTEL_LIFECYCLE phase=vm_destroy_begin generation=36 owner=70365
INTEL_LIFECYCLE phase=vm_destroy_end generation=36 owner=70365
INTEL_LIFECYCLE phase=vm_create_begin generation=37 owner=70365
INTEL_LIFECYCLE phase=vm_create_end generation=37 owner=70365
INTEL_LIFECYCLE phase=vcpu_create_begin generation=37 owner=70365
INTEL_LIFECYCLE phase=vcpu_create_end generation=37 owner=70365
[       OK ] HvfIntelProbe.FiniteDeadline (19 ms)
[----------] 1 test from HvfIntelProbe (19 ms total)

[==========] 1 test from 1 test suite ran. (19 ms total)
[  PASSED  ] 1 test.

Repeating all tests (iteration 37) . . .

Note: Google Test filter = HvfIntelProbe.FiniteDeadline
[==========] Running 1 test from 1 test suite.
[----------] 1 test from HvfIntelProbe
[ RUN      ] HvfIntelProbe.FiniteDeadline
INTEL_PROBE phase=executor_initialization
INTEL_PROBE phase=executor_retained
INTEL_PROBE phase=startup_probe
INTEL_PROBE phase=prepare_with_transport
INTEL_PROBE witness_budget mach_start=977931087315 mach_end=979930092334 remaining_ns=1999005019 timebase_numer=1 timebase_denom=1 max_calls=4096
INTEL_PROBE begin=finite_loop call=1 deadline=977936114328 rip=65537 nonce=977929753597 witness=0
INTEL_PROBE end=finite_loop call=1 status=0 mach_before=977931124383 mach_after=977937768578
INTEL_PROBE capture=finite_loop call=1 exec_before=1105817 exec_after=7567900 reason_before=37 reason=52 rip_before=65537 rip=65540 rax=977929753597 nonce=977929753597 witness=977929753597
INTEL_PROBE phase=prepare_with_transport
INTEL_PROBE begin=expired_mtf call=2 deadline=0 rip=65543 nonce=977937845907 witness=0
INTEL_PROBE end=expired_mtf call=2 status=0 mach_before=977939717525 mach_after=977939763792
INTEL_PROBE capture=expired_mtf call=2 exec_before=8017151 exec_after=8060554 reason_before=37 reason=52 rip_before=65543 rip=65543 rax=977937845907 nonce=977937845907 witness=0
INTEL_PROBE phase=prepare_with_transport
INTEL_PROBE begin=finite_mtf call=3 deadline=977946151450 rip=65543 nonce=977939835082 witness=0
INTEL_PROBE end=finite_mtf call=3 status=0 mach_before=977941170601 mach_after=977941731056
INTEL_PROBE capture=finite_mtf call=3 exec_before=8597526 exec_after=9017955 reason_before=37 reason=37 rip_before=65543 rip=65546 rax=977939835083 nonce=977939835082 witness=0
INTEL_PROBE phase=verified_retry
INTEL_PROBE phase=prepare_with_transport
INTEL_PROBE phase=finite_retirement
INTEL_LIFECYCLE phase=vcpu_destroy_begin generation=37 owner=70365
INTEL_LIFECYCLE phase=vcpu_destroy_end generation=37 owner=70365
INTEL_LIFECYCLE phase=vm_destroy_begin generation=37 owner=70365
INTEL_LIFECYCLE phase=vm_destroy_end generation=37 owner=70365
INTEL_LIFECYCLE phase=vm_create_begin generation=38 owner=70365
INTEL_LIFECYCLE phase=vm_create_end generation=38 owner=70365
INTEL_LIFECYCLE phase=vcpu_create_begin generation=38 owner=70365
INTEL_LIFECYCLE phase=vcpu_create_end generation=38 owner=70365
[       OK ] HvfIntelProbe.FiniteDeadline (21 ms)
[----------] 1 test from HvfIntelProbe (22 ms total)

[==========] 1 test from 1 test suite ran. (22 ms total)
[  PASSED  ] 1 test.

Repeating all tests (iteration 38) . . .

Note: Google Test filter = HvfIntelProbe.FiniteDeadline
[==========] Running 1 test from 1 test suite.
[----------] 1 test from HvfIntelProbe
[ RUN      ] HvfIntelProbe.FiniteDeadline
INTEL_PROBE phase=executor_initialization
INTEL_PROBE phase=executor_retained
INTEL_PROBE phase=startup_probe
INTEL_PROBE phase=prepare_with_transport
INTEL_PROBE witness_budget mach_start=977954273400 mach_end=979953460548 remaining_ns=1999187148 timebase_numer=1 timebase_denom=1 max_calls=4096
INTEL_PROBE begin=finite_loop call=1 deadline=977959322124 rip=65537 nonce=977953129773 witness=0
INTEL_PROBE end=finite_loop call=1 status=0 mach_before=977954334398 mach_after=977955110910
INTEL_PROBE capture=finite_loop call=1 exec_before=1186892 exec_after=1658108 reason_before=37 reason=1 rip_before=65537 rip=65540 rax=977953129773 nonce=977953129773 witness=977953129773
INTEL_PROBE begin=finite_loop call=2 deadline=977959322124 rip=65540 nonce=977953129773 witness=977953129773
INTEL_PROBE end=finite_loop call=2 status=0 mach_before=977955145149 mach_after=977958082883
INTEL_PROBE capture=finite_loop call=2 exec_before=1658108 exec_after=4539681 reason_before=1 reason=1 rip_before=65540 rip=65540 rax=977953129773 nonce=977953129773 witness=977953129773
INTEL_PROBE begin=finite_loop call=3 deadline=977959322124 rip=65540 nonce=977953129773 witness=977953129773
INTEL_PROBE end=finite_loop call=3 status=0 mach_before=977958155015 mach_after=977959376224
INTEL_PROBE capture=finite_loop call=3 exec_before=4539681 exec_after=5754965 reason_before=1 reason=52 rip_before=65540 rip=65540 rax=977953129773 nonce=977953129773 witness=977953129773
INTEL_PROBE phase=prepare_with_transport
INTEL_PROBE begin=expired_mtf call=4 deadline=0 rip=65543 nonce=977959452609 witness=0
INTEL_PROBE end=expired_mtf call=4 status=0 mach_before=977961358152 mach_after=977961404428
INTEL_PROBE capture=expired_mtf call=4 exec_before=6201521 exec_after=6244888 reason_before=37 reason=52 rip_before=65543 rip=65543 rax=977959452609 nonce=977959452609 witness=0
INTEL_PROBE phase=prepare_with_transport
INTEL_PROBE begin=finite_mtf call=5 deadline=977967408467 rip=65543 nonce=977961460143 witness=0
INTEL_PROBE end=finite_mtf call=5 status=0 mach_before=977962429775 mach_after=977962959651
INTEL_PROBE capture=finite_mtf call=5 exec_before=6620805 exec_after=6982231 reason_before=37 reason=37 rip_before=65543 rip=65546 rax=977961460144 nonce=977961460143 witness=0
INTEL_PROBE phase=verified_retry
INTEL_PROBE phase=prepare_with_transport
INTEL_PROBE phase=finite_retirement
INTEL_LIFECYCLE phase=vcpu_destroy_begin generation=38 owner=70365
INTEL_LIFECYCLE phase=vcpu_destroy_end generation=38 owner=70365
INTEL_LIFECYCLE phase=vm_destroy_begin generation=38 owner=70365
INTEL_LIFECYCLE phase=vm_destroy_end generation=38 owner=70365
INTEL_LIFECYCLE phase=vm_create_begin generation=39 owner=70365
INTEL_LIFECYCLE phase=vm_create_end generation=39 owner=70365
INTEL_LIFECYCLE phase=vcpu_create_begin generation=39 owner=70365
INTEL_LIFECYCLE phase=vcpu_create_end generation=39 owner=70365
[       OK ] HvfIntelProbe.FiniteDeadline (20 ms)
[----------] 1 test from HvfIntelProbe (20 ms total)

[==========] 1 test from 1 test suite ran. (20 ms total)
[  PASSED  ] 1 test.

Repeating all tests (iteration 39) . . .

Note: Google Test filter = HvfIntelProbe.FiniteDeadline
[==========] Running 1 test from 1 test suite.
[----------] 1 test from HvfIntelProbe
[ RUN      ] HvfIntelProbe.FiniteDeadline
INTEL_PROBE phase=executor_initialization
INTEL_PROBE phase=executor_retained
INTEL_PROBE phase=startup_probe
INTEL_PROBE phase=prepare_with_transport
INTEL_PROBE witness_budget mach_start=977973489148 mach_end=979972472291 remaining_ns=1998983143 timebase_numer=1 timebase_denom=1 max_calls=4096
INTEL_PROBE begin=finite_loop call=1 deadline=977978517584 rip=65537 nonce=977972130092 witness=0
INTEL_PROBE end=finite_loop call=1 status=0 mach_before=977973528239 mach_after=977978569851
INTEL_PROBE capture=finite_loop call=1 exec_before=1022633 exec_after=5720232 reason_before=37 reason=52 rip_before=65537 rip=65540 rax=977972130092 nonce=977972130092 witness=977972130092
INTEL_PROBE phase=prepare_with_transport
INTEL_PROBE begin=expired_mtf call=2 deadline=0 rip=65543 nonce=977978688203 witness=0
INTEL_PROBE end=expired_mtf call=2 status=0 mach_before=977980362414 mach_after=977980418308
INTEL_PROBE capture=expired_mtf call=2 exec_before=6108507 exec_after=6161086 reason_before=37 reason=52 rip_before=65543 rip=65543 rax=977978688203 nonce=977978688203 witness=0
INTEL_PROBE phase=prepare_with_transport
INTEL_PROBE begin=finite_mtf call=3 deadline=977986584443 rip=65543 nonce=977980507929 witness=0
INTEL_PROBE end=finite_mtf call=3 status=0 mach_before=977981610886 mach_after=977982155770
INTEL_PROBE capture=finite_mtf call=3 exec_before=6563389 exec_after=6987151 reason_before=37 reason=37 rip_before=65543 rip=65546 rax=977980507930 nonce=977980507929 witness=0
INTEL_PROBE phase=verified_retry
INTEL_PROBE phase=prepare_with_transport
INTEL_PROBE phase=finite_retirement
INTEL_LIFECYCLE phase=vcpu_destroy_begin generation=39 owner=70365
INTEL_LIFECYCLE phase=vcpu_destroy_end generation=39 owner=70365
INTEL_LIFECYCLE phase=vm_destroy_begin generation=39 owner=70365
INTEL_LIFECYCLE phase=vm_destroy_end generation=39 owner=70365
INTEL_LIFECYCLE phase=vm_create_begin generation=40 owner=70365
INTEL_LIFECYCLE phase=vm_create_end generation=40 owner=70365
INTEL_LIFECYCLE phase=vcpu_create_begin generation=40 owner=70365
INTEL_LIFECYCLE phase=vcpu_create_end generation=40 owner=70365
[       OK ] HvfIntelProbe.FiniteDeadline (19 ms)
[----------] 1 test from HvfIntelProbe (19 ms total)

[==========] 1 test from 1 test suite ran. (19 ms total)
[  PASSED  ] 1 test.

Repeating all tests (iteration 40) . . .

Note: Google Test filter = HvfIntelProbe.FiniteDeadline
[==========] Running 1 test from 1 test suite.
[----------] 1 test from HvfIntelProbe
[ RUN      ] HvfIntelProbe.FiniteDeadline
INTEL_PROBE phase=executor_initialization
INTEL_PROBE phase=executor_retained
INTEL_PROBE phase=startup_probe
INTEL_PROBE phase=prepare_with_transport
INTEL_PROBE witness_budget mach_start=977995950989 mach_end=979994386921 remaining_ns=1998435932 timebase_numer=1 timebase_denom=1 max_calls=4096
INTEL_PROBE begin=finite_loop call=1 deadline=978001054172 rip=65537 nonce=977993666245 witness=0
INTEL_PROBE end=finite_loop call=1 status=0 mach_before=977996066274 mach_after=977998539707
INTEL_PROBE capture=finite_loop call=1 exec_before=1310619 exec_after=3499002 reason_before=37 reason=1 rip_before=65537 rip=65540 rax=977993666245 nonce=977993666245 witness=977993666245
INTEL_PROBE begin=finite_loop call=2 deadline=978001054172 rip=65540 nonce=977993666245 witness=977993666245
INTEL_PROBE end=finite_loop call=2 status=0 mach_before=977998579360 mach_after=977999200719
INTEL_PROBE capture=finite_loop call=2 exec_before=3499002 exec_after=3814842 reason_before=1 reason=1 rip_before=65540 rip=65540 rax=977993666245 nonce=977993666245 witness=977993666245
INTEL_PROBE begin=finite_loop call=3 deadline=978001054172 rip=65540 nonce=977993666245 witness=977993666245
INTEL_PROBE end=finite_loop call=3 status=0 mach_before=977999231691 mach_after=978003043077
INTEL_PROBE capture=finite_loop call=3 exec_before=3814842 exec_after=7290286 reason_before=1 reason=52 rip_before=65540 rip=65540 rax=977993666245 nonce=977993666245 witness=977993666245
INTEL_PROBE phase=prepare_with_transport
INTEL_PROBE begin=expired_mtf call=4 deadline=0 rip=65543 nonce=978003282290 witness=0
INTEL_PROBE end=expired_mtf call=4 status=0 mach_before=978005556841 mach_after=978005602166
INTEL_PROBE capture=expired_mtf call=4 exec_before=7673403 exec_after=7716156 reason_before=37 reason=52 rip_before=65543 rip=65543 rax=978003282290 nonce=978003282290 witness=0
INTEL_PROBE phase=prepare_with_transport
INTEL_PROBE begin=finite_mtf call=5 deadline=978011767451 rip=65543 nonce=978005661229 witness=0
INTEL_PROBE end=finite_mtf call=5 status=0 mach_before=978006783783 mach_after=978007327731
INTEL_PROBE capture=finite_mtf call=5 exec_before=8053399 exec_after=8437721 reason_before=37 reason=37 rip_before=65543 rip=65546 rax=978005661230 nonce=978005661229 witness=0
INTEL_PROBE phase=verified_retry
INTEL_PROBE phase=prepare_with_transport
INTEL_PROBE phase=finite_retirement
INTEL_LIFECYCLE phase=vcpu_destroy_begin generation=40 owner=70365
INTEL_LIFECYCLE phase=vcpu_destroy_end generation=40 owner=70365
INTEL_LIFECYCLE phase=vm_destroy_begin generation=40 owner=70365
INTEL_LIFECYCLE phase=vm_destroy_end generation=40 owner=70365
INTEL_LIFECYCLE phase=vm_create_begin generation=41 owner=70365
INTEL_LIFECYCLE phase=vm_create_end generation=41 owner=70365
INTEL_LIFECYCLE phase=vcpu_create_begin generation=41 owner=70365
INTEL_LIFECYCLE phase=vcpu_create_end generation=41 owner=70365
[       OK ] HvfIntelProbe.FiniteDeadline (24 ms)
[----------] 1 test from HvfIntelProbe (24 ms total)

[==========] 1 test from 1 test suite ran. (24 ms total)
[  PASSED  ] 1 test.

Repeating all tests (iteration 41) . . .

Note: Google Test filter = HvfIntelProbe.FiniteDeadline
[==========] Running 1 test from 1 test suite.
[----------] 1 test from HvfIntelProbe
[ RUN      ] HvfIntelProbe.FiniteDeadline
INTEL_PROBE phase=executor_initialization
INTEL_PROBE phase=executor_retained
INTEL_PROBE phase=startup_probe
INTEL_PROBE phase=prepare_with_transport
INTEL_PROBE witness_budget mach_start=978019154877 mach_end=980017825074 remaining_ns=1998670197 timebase_numer=1 timebase_denom=1 max_calls=4096
INTEL_PROBE begin=finite_loop call=1 deadline=978024176980 rip=65537 nonce=978017453547 witness=0
INTEL_PROBE end=finite_loop call=1 status=0 mach_before=978019183207 mach_after=978019997338
INTEL_PROBE capture=finite_loop call=1 exec_before=1110764 exec_after=1624576 reason_before=37 reason=1 rip_before=65537 rip=65540 rax=978017453547 nonce=978017453547 witness=978017453547
INTEL_PROBE begin=finite_loop call=2 deadline=978024176980 rip=65540 nonce=978017453547 witness=978017453547
INTEL_PROBE end=finite_loop call=2 status=0 mach_before=978020249308 mach_after=978020660334
INTEL_PROBE capture=finite_loop call=2 exec_before=1624576 exec_after=2004783 reason_before=1 reason=1 rip_before=65540 rip=65540 rax=978017453547 nonce=978017453547 witness=978017453547
INTEL_PROBE begin=finite_loop call=3 deadline=978024176980 rip=65540 nonce=978017453547 witness=978017453547
INTEL_PROBE end=finite_loop call=3 status=0 mach_before=978020784173 mach_after=978022469777
INTEL_PROBE capture=finite_loop call=3 exec_before=2004783 exec_after=3531966 reason_before=1 reason=1 rip_before=65540 rip=65540 rax=978017453547 nonce=978017453547 witness=978017453547
INTEL_PROBE begin=finite_loop call=4 deadline=978024176980 rip=65540 nonce=978017453547 witness=978017453547
INTEL_PROBE end=finite_loop call=4 status=0 mach_before=978022514491 mach_after=978024346504
INTEL_PROBE capture=finite_loop call=4 exec_before=3531966 exec_after=5358465 reason_before=1 reason=52 rip_before=65540 rip=65540 rax=978017453547 nonce=978017453547 witness=978017453547
INTEL_PROBE phase=prepare_with_transport
INTEL_PROBE begin=expired_mtf call=5 deadline=0 rip=65543 nonce=978024411499 witness=0
INTEL_PROBE end=expired_mtf call=5 status=0 mach_before=978026435905 mach_after=978026479946
INTEL_PROBE capture=expired_mtf call=5 exec_before=5890952 exec_after=5932727 reason_before=37 reason=52 rip_before=65543 rip=65543 rax=978024411499 nonce=978024411499 witness=0
INTEL_PROBE phase=prepare_with_transport
INTEL_PROBE begin=finite_mtf call=6 deadline=978032507273 rip=65543 nonce=978026537377 witness=0
INTEL_PROBE end=finite_mtf call=6 status=0 mach_before=978027524631 mach_after=978027964149
INTEL_PROBE capture=finite_mtf call=6 exec_before=6311654 exec_after=6657610 reason_before=37 reason=37 rip_before=65543 rip=65546 rax=978026537378 nonce=978026537377 witness=0
INTEL_PROBE phase=verified_retry
INTEL_PROBE phase=prepare_with_transport
INTEL_PROBE phase=finite_retirement
INTEL_LIFECYCLE phase=vcpu_destroy_begin generation=41 owner=70365
INTEL_LIFECYCLE phase=vcpu_destroy_end generation=41 owner=70365
INTEL_LIFECYCLE phase=vm_destroy_begin generation=41 owner=70365
INTEL_LIFECYCLE phase=vm_destroy_end generation=41 owner=70365
INTEL_LIFECYCLE phase=vm_create_begin generation=42 owner=70365
INTEL_LIFECYCLE phase=vm_create_end generation=42 owner=70365
INTEL_LIFECYCLE phase=vcpu_create_begin generation=42 owner=70365
INTEL_LIFECYCLE phase=vcpu_create_end generation=42 owner=70365
[       OK ] HvfIntelProbe.FiniteDeadline (20 ms)
[----------] 1 test from HvfIntelProbe (20 ms total)

[==========] 1 test from 1 test suite ran. (20 ms total)
[  PASSED  ] 1 test.

Repeating all tests (iteration 42) . . .

Note: Google Test filter = HvfIntelProbe.FiniteDeadline
[==========] Running 1 test from 1 test suite.
[----------] 1 test from HvfIntelProbe
[ RUN      ] HvfIntelProbe.FiniteDeadline
INTEL_PROBE phase=executor_initialization
INTEL_PROBE phase=executor_retained
INTEL_PROBE phase=startup_probe
INTEL_PROBE phase=prepare_with_transport
INTEL_PROBE witness_budget mach_start=978039764575 mach_end=980038511581 remaining_ns=1998747006 timebase_numer=1 timebase_denom=1 max_calls=4096
INTEL_PROBE begin=finite_loop call=1 deadline=978044793644 rip=65537 nonce=978038182913 witness=0
INTEL_PROBE end=finite_loop call=1 status=0 mach_before=978039807105 mach_after=978042462397
INTEL_PROBE capture=finite_loop call=1 exec_before=1051346 exec_after=3234672 reason_before=37 reason=1 rip_before=65537 rip=65540 rax=978038182913 nonce=978038182913 witness=978038182913
INTEL_PROBE begin=finite_loop call=2 deadline=978044793644 rip=65540 nonce=978038182913 witness=978038182913
INTEL_PROBE end=finite_loop call=2 status=0 mach_before=978042498747 mach_after=978042854117
INTEL_PROBE capture=finite_loop call=2 exec_before=3234672 exec_after=3377441 reason_before=1 reason=1 rip_before=65540 rip=65540 rax=978038182913 nonce=978038182913 witness=978038182913
INTEL_PROBE begin=finite_loop call=3 deadline=978044793644 rip=65540 nonce=978038182913 witness=978038182913
INTEL_PROBE end=finite_loop call=3 status=0 mach_before=978042884025 mach_after=978045239827
INTEL_PROBE capture=finite_loop call=3 exec_before=3377441 exec_after=5703470 reason_before=1 reason=52 rip_before=65540 rip=65540 rax=978038182913 nonce=978038182913 witness=978038182913
INTEL_PROBE phase=prepare_with_transport
INTEL_PROBE begin=expired_mtf call=4 deadline=0 rip=65543 nonce=978045404797 witness=0
INTEL_PROBE end=expired_mtf call=4 status=0 mach_before=978047529257 mach_after=978047573545
INTEL_PROBE capture=expired_mtf call=4 exec_before=6265916 exec_after=6307700 reason_before=37 reason=52 rip_before=65543 rip=65543 rax=978045404797 nonce=978045404797 witness=0
INTEL_PROBE phase=prepare_with_transport
INTEL_PROBE begin=finite_mtf call=5 deadline=978053629153 rip=65543 nonce=978047626974 witness=0
INTEL_PROBE end=finite_mtf call=5 status=0 mach_before=978048648319 mach_after=978049077578
INTEL_PROBE capture=finite_mtf call=5 exec_before=6639574 exec_after=6974863 reason_before=37 reason=37 rip_before=65543 rip=65546 rax=978047626975 nonce=978047626974 witness=0
INTEL_PROBE phase=verified_retry
INTEL_PROBE phase=prepare_with_transport
INTEL_PROBE phase=finite_retirement
INTEL_LIFECYCLE phase=vcpu_destroy_begin generation=42 owner=70365
INTEL_LIFECYCLE phase=vcpu_destroy_end generation=42 owner=70365
INTEL_LIFECYCLE phase=vm_destroy_begin generation=42 owner=70365
INTEL_LIFECYCLE phase=vm_destroy_end generation=42 owner=70365
INTEL_LIFECYCLE phase=vm_create_begin generation=43 owner=70365
INTEL_LIFECYCLE phase=vm_create_end generation=43 owner=70365
INTEL_LIFECYCLE phase=vcpu_create_begin generation=43 owner=70365
INTEL_LIFECYCLE phase=vcpu_create_end generation=43 owner=70365
[       OK ] HvfIntelProbe.FiniteDeadline (21 ms)
[----------] 1 test from HvfIntelProbe (21 ms total)

[==========] 1 test from 1 test suite ran. (21 ms total)
[  PASSED  ] 1 test.

Repeating all tests (iteration 43) . . .

Note: Google Test filter = HvfIntelProbe.FiniteDeadline
[==========] Running 1 test from 1 test suite.
[----------] 1 test from HvfIntelProbe
[ RUN      ] HvfIntelProbe.FiniteDeadline
INTEL_PROBE phase=executor_initialization
INTEL_PROBE phase=executor_retained
INTEL_PROBE phase=startup_probe
INTEL_PROBE phase=prepare_with_transport
INTEL_PROBE witness_budget mach_start=978060442622 mach_end=980059205816 remaining_ns=1998763194 timebase_numer=1 timebase_denom=1 max_calls=4096
INTEL_PROBE begin=finite_loop call=1 deadline=978065465017 rip=65537 nonce=978058881030 witness=0
INTEL_PROBE end=finite_loop call=1 status=0 mach_before=978060470957 mach_after=978062241475
INTEL_PROBE capture=finite_loop call=1 exec_before=1227976 exec_after=2764063 reason_before=37 reason=1 rip_before=65537 rip=65540 rax=978058881030 nonce=978058881030 witness=978058881030
INTEL_PROBE begin=finite_loop call=2 deadline=978065465017 rip=65540 nonce=978058881030 witness=978058881030
INTEL_PROBE end=finite_loop call=2 status=0 mach_before=978062293558 mach_after=978065779067
INTEL_PROBE capture=finite_loop call=2 exec_before=2764063 exec_after=6041662 reason_before=1 reason=1 rip_before=65540 rip=65540 rax=978058881030 nonce=978058881030 witness=978058881030
INTEL_PROBE begin=finite_loop call=3 deadline=978065465017 rip=65540 nonce=978058881030 witness=978058881030
INTEL_PROBE end=finite_loop call=3 status=0 mach_before=978065824074 mach_after=978065869037
INTEL_PROBE capture=finite_loop call=3 exec_before=6041662 exec_after=6083996 reason_before=1 reason=52 rip_before=65540 rip=65540 rax=978058881030 nonce=978058881030 witness=978058881030
INTEL_PROBE phase=prepare_with_transport
INTEL_PROBE begin=expired_mtf call=4 deadline=0 rip=65543 nonce=978065929011 witness=0
INTEL_PROBE end=expired_mtf call=4 status=0 mach_before=978067927387 mach_after=978067971946
INTEL_PROBE capture=expired_mtf call=4 exec_before=6426693 exec_after=6468686 reason_before=37 reason=52 rip_before=65543 rip=65543 rax=978065929011 nonce=978065929011 witness=0
INTEL_PROBE phase=prepare_with_transport
INTEL_PROBE begin=finite_mtf call=5 deadline=978074065708 rip=65543 nonce=978068027027 witness=0
INTEL_PROBE end=finite_mtf call=5 status=0 mach_before=978069084080 mach_after=978069537573
INTEL_PROBE capture=finite_mtf call=5 exec_before=6806905 exec_after=7171271 reason_before=37 reason=37 rip_before=65543 rip=65546 rax=978068027028 nonce=978068027027 witness=0
INTEL_PROBE phase=verified_retry
INTEL_PROBE phase=prepare_with_transport
INTEL_PROBE phase=finite_retirement
INTEL_LIFECYCLE phase=vcpu_destroy_begin generation=43 owner=70365
INTEL_LIFECYCLE phase=vcpu_destroy_end generation=43 owner=70365
INTEL_LIFECYCLE phase=vm_destroy_begin generation=43 owner=70365
INTEL_LIFECYCLE phase=vm_destroy_end generation=43 owner=70365
INTEL_LIFECYCLE phase=vm_create_begin generation=44 owner=70365
INTEL_LIFECYCLE phase=vm_create_end generation=44 owner=70365
INTEL_LIFECYCLE phase=vcpu_create_begin generation=44 owner=70365
INTEL_LIFECYCLE phase=vcpu_create_end generation=44 owner=70365
[       OK ] HvfIntelProbe.FiniteDeadline (20 ms)
[----------] 1 test from HvfIntelProbe (20 ms total)

[==========] 1 test from 1 test suite ran. (20 ms total)
[  PASSED  ] 1 test.

Repeating all tests (iteration 44) . . .

Note: Google Test filter = HvfIntelProbe.FiniteDeadline
[==========] Running 1 test from 1 test suite.
[----------] 1 test from HvfIntelProbe
[ RUN      ] HvfIntelProbe.FiniteDeadline
INTEL_PROBE phase=executor_initialization
INTEL_PROBE phase=executor_retained
INTEL_PROBE phase=startup_probe
INTEL_PROBE phase=prepare_with_transport
INTEL_PROBE witness_budget mach_start=978081087854 mach_end=980079975134 remaining_ns=1998887280 timebase_numer=1 timebase_denom=1 max_calls=4096
INTEL_PROBE begin=finite_loop call=1 deadline=978086113972 rip=65537 nonce=978079509614 witness=0
INTEL_PROBE end=finite_loop call=1 status=0 mach_before=978081119476 mach_after=978085677785
INTEL_PROBE capture=finite_loop call=1 exec_before=1253057 exec_after=5497602 reason_before=37 reason=1 rip_before=65537 rip=65540 rax=978079509614 nonce=978079509614 witness=978079509614
INTEL_PROBE begin=finite_loop call=2 deadline=978086113972 rip=65540 nonce=978079509614 witness=978079509614
INTEL_PROBE end=finite_loop call=2 status=0 mach_before=978085726109 mach_after=978086188464
INTEL_PROBE capture=finite_loop call=2 exec_before=5497602 exec_after=5839339 reason_before=1 reason=1 rip_before=65540 rip=65540 rax=978079509614 nonce=978079509614 witness=978079509614
INTEL_PROBE begin=finite_loop call=3 deadline=978086113972 rip=65540 nonce=978079509614 witness=978079509614
INTEL_PROBE end=finite_loop call=3 status=0 mach_before=978086214881 mach_after=978086261228
INTEL_PROBE capture=finite_loop call=3 exec_before=5839339 exec_after=5883043 reason_before=1 reason=52 rip_before=65540 rip=65540 rax=978079509614 nonce=978079509614 witness=978079509614
INTEL_PROBE phase=prepare_with_transport
INTEL_PROBE begin=expired_mtf call=4 deadline=0 rip=65543 nonce=978086318569 witness=0
INTEL_PROBE end=expired_mtf call=4 status=0 mach_before=978088279855 mach_after=978088323475
INTEL_PROBE capture=expired_mtf call=4 exec_before=6270290 exec_after=6311582 reason_before=37 reason=52 rip_before=65543 rip=65543 rax=978086318569 nonce=978086318569 witness=0
INTEL_PROBE phase=prepare_with_transport
INTEL_PROBE begin=finite_mtf call=5 deadline=978094249369 rip=65543 nonce=978088380953 witness=0
INTEL_PROBE end=finite_mtf call=5 status=0 mach_before=978089267485 mach_after=978089689206
INTEL_PROBE capture=finite_mtf call=5 exec_before=6650823 exec_after=6982683 reason_before=37 reason=37 rip_before=65543 rip=65546 rax=978088380954 nonce=978088380953 witness=0
INTEL_PROBE phase=verified_retry
INTEL_PROBE phase=prepare_with_transport
INTEL_PROBE phase=finite_retirement
INTEL_LIFECYCLE phase=vcpu_destroy_begin generation=44 owner=70365
INTEL_LIFECYCLE phase=vcpu_destroy_end generation=44 owner=70365
INTEL_LIFECYCLE phase=vm_destroy_begin generation=44 owner=70365
INTEL_LIFECYCLE phase=vm_destroy_end generation=44 owner=70365
INTEL_LIFECYCLE phase=vm_create_begin generation=45 owner=70365
INTEL_LIFECYCLE phase=vm_create_end generation=45 owner=70365
INTEL_LIFECYCLE phase=vcpu_create_begin generation=45 owner=70365
INTEL_LIFECYCLE phase=vcpu_create_end generation=45 owner=70365
[       OK ] HvfIntelProbe.FiniteDeadline (20 ms)
[----------] 1 test from HvfIntelProbe (20 ms total)

[==========] 1 test from 1 test suite ran. (20 ms total)
[  PASSED  ] 1 test.

Repeating all tests (iteration 45) . . .

Note: Google Test filter = HvfIntelProbe.FiniteDeadline
[==========] Running 1 test from 1 test suite.
[----------] 1 test from HvfIntelProbe
[ RUN      ] HvfIntelProbe.FiniteDeadline
INTEL_PROBE phase=executor_initialization
INTEL_PROBE phase=executor_retained
INTEL_PROBE phase=startup_probe
INTEL_PROBE phase=prepare_with_transport
INTEL_PROBE witness_budget mach_start=978101975555 mach_end=980101177743 remaining_ns=1999202188 timebase_numer=1 timebase_denom=1 max_calls=4096
INTEL_PROBE begin=finite_loop call=1 deadline=978106999938 rip=65537 nonce=978100539350 witness=0
INTEL_PROBE end=finite_loop call=1 status=0 mach_before=978102006229 mach_after=978104185647
INTEL_PROBE capture=finite_loop call=1 exec_before=1360102 exec_after=3252645 reason_before=37 reason=1 rip_before=65537 rip=65540 rax=978100539350 nonce=978100539350 witness=978100539350
INTEL_PROBE begin=finite_loop call=2 deadline=978106999938 rip=65540 nonce=978100539350 witness=978100539350
INTEL_PROBE end=finite_loop call=2 status=0 mach_before=978104227805 mach_after=978104575438
INTEL_PROBE capture=finite_loop call=2 exec_before=3252645 exec_after=3508548 reason_before=1 reason=1 rip_before=65540 rip=65540 rax=978100539350 nonce=978100539350 witness=978100539350
INTEL_PROBE begin=finite_loop call=3 deadline=978106999938 rip=65540 nonce=978100539350 witness=978100539350
INTEL_PROBE end=finite_loop call=3 status=0 mach_before=978104600291 mach_after=978107140186
INTEL_PROBE capture=finite_loop call=3 exec_before=3508548 exec_after=6013400 reason_before=1 reason=52 rip_before=65540 rip=65540 rax=978100539350 nonce=978100539350 witness=978100539350
INTEL_PROBE phase=prepare_with_transport
INTEL_PROBE begin=expired_mtf call=4 deadline=0 rip=65543 nonce=978107215873 witness=0
INTEL_PROBE end=expired_mtf call=4 status=0 mach_before=978109373160 mach_after=978109436201
INTEL_PROBE capture=expired_mtf call=4 exec_before=6398358 exec_after=6458243 reason_before=37 reason=52 rip_before=65543 rip=65543 rax=978107215873 nonce=978107215873 witness=0
INTEL_PROBE phase=prepare_with_transport
INTEL_PROBE begin=finite_mtf call=5 deadline=978115342437 rip=65543 nonce=978109492259 witness=0
INTEL_PROBE end=finite_mtf call=5 status=0 mach_before=978110356515 mach_after=978110799747
INTEL_PROBE capture=finite_mtf call=5 exec_before=6791498 exec_after=7143085 reason_before=37 reason=37 rip_before=65543 rip=65546 rax=978109492260 nonce=978109492259 witness=0
INTEL_PROBE phase=verified_retry
INTEL_PROBE phase=prepare_with_transport
INTEL_PROBE phase=finite_retirement
INTEL_LIFECYCLE phase=vcpu_destroy_begin generation=45 owner=70365
INTEL_LIFECYCLE phase=vcpu_destroy_end generation=45 owner=70365
INTEL_LIFECYCLE phase=vm_destroy_begin generation=45 owner=70365
INTEL_LIFECYCLE phase=vm_destroy_end generation=45 owner=70365
INTEL_LIFECYCLE phase=vm_create_begin generation=46 owner=70365
INTEL_LIFECYCLE phase=vm_create_end generation=46 owner=70365
INTEL_LIFECYCLE phase=vcpu_create_begin generation=46 owner=70365
INTEL_LIFECYCLE phase=vcpu_create_end generation=46 owner=70365
[       OK ] HvfIntelProbe.FiniteDeadline (20 ms)
[----------] 1 test from HvfIntelProbe (20 ms total)

[==========] 1 test from 1 test suite ran. (20 ms total)
[  PASSED  ] 1 test.

Repeating all tests (iteration 46) . . .

Note: Google Test filter = HvfIntelProbe.FiniteDeadline
[==========] Running 1 test from 1 test suite.
[----------] 1 test from HvfIntelProbe
[ RUN      ] HvfIntelProbe.FiniteDeadline
INTEL_PROBE phase=executor_initialization
INTEL_PROBE phase=executor_retained
INTEL_PROBE phase=startup_probe
INTEL_PROBE phase=prepare_with_transport
INTEL_PROBE witness_budget mach_start=978122116691 mach_end=980121014079 remaining_ns=1998897388 timebase_numer=1 timebase_denom=1 max_calls=4096
INTEL_PROBE begin=finite_loop call=1 deadline=978127140576 rip=65537 nonce=978120551999 witness=0
INTEL_PROBE end=finite_loop call=1 status=0 mach_before=978122147324 mach_after=978123873883
INTEL_PROBE capture=finite_loop call=1 exec_before=1162514 exec_after=2511777 reason_before=37 reason=1 rip_before=65537 rip=65540 rax=978120551999 nonce=978120551999 witness=978120551999
INTEL_PROBE begin=finite_loop call=2 deadline=978127140576 rip=65540 nonce=978120551999 witness=978120551999
INTEL_PROBE end=finite_loop call=2 status=0 mach_before=978123909098 mach_after=978125957268
INTEL_PROBE capture=finite_loop call=2 exec_before=2511777 exec_after=4448123 reason_before=1 reason=1 rip_before=65540 rip=65540 rax=978120551999 nonce=978120551999 witness=978120551999
INTEL_PROBE begin=finite_loop call=3 deadline=978127140576 rip=65540 nonce=978120551999 witness=978120551999
INTEL_PROBE end=finite_loop call=3 status=0 mach_before=978125988092 mach_after=978126375487
INTEL_PROBE capture=finite_loop call=3 exec_before=4448123 exec_after=4725415 reason_before=1 reason=1 rip_before=65540 rip=65540 rax=978120551999 nonce=978120551999 witness=978120551999
INTEL_PROBE begin=finite_loop call=4 deadline=978127140576 rip=65540 nonce=978120551999 witness=978120551999
INTEL_PROBE end=finite_loop call=4 status=0 mach_before=978126400484 mach_after=978127183489
INTEL_PROBE capture=finite_loop call=4 exec_before=4725415 exec_after=5505755 reason_before=1 reason=52 rip_before=65540 rip=65540 rax=978120551999 nonce=978120551999 witness=978120551999
INTEL_PROBE phase=prepare_with_transport
INTEL_PROBE begin=expired_mtf call=5 deadline=0 rip=65543 nonce=978127238589 witness=0
INTEL_PROBE end=expired_mtf call=5 status=0 mach_before=978128847533 mach_after=978128892340
INTEL_PROBE capture=expired_mtf call=5 exec_before=5875121 exec_after=5917583 reason_before=37 reason=52 rip_before=65543 rip=65543 rax=978127238589 nonce=978127238589 witness=0
INTEL_PROBE phase=prepare_with_transport
INTEL_PROBE begin=finite_mtf call=6 deadline=978135161943 rip=65543 nonce=978128954550 witness=0
INTEL_PROBE end=finite_mtf call=6 status=0 mach_before=978130182985 mach_after=978130621121
INTEL_PROBE capture=finite_mtf call=6 exec_before=6355062 exec_after=6700730 reason_before=37 reason=37 rip_before=65543 rip=65546 rax=978128954551 nonce=978128954550 witness=0
INTEL_PROBE phase=verified_retry
INTEL_PROBE phase=prepare_with_transport
INTEL_PROBE phase=finite_retirement
INTEL_LIFECYCLE phase=vcpu_destroy_begin generation=46 owner=70365
INTEL_LIFECYCLE phase=vcpu_destroy_end generation=46 owner=70365
INTEL_LIFECYCLE phase=vm_destroy_begin generation=46 owner=70365
INTEL_LIFECYCLE phase=vm_destroy_end generation=46 owner=70365
INTEL_LIFECYCLE phase=vm_create_begin generation=47 owner=70365
INTEL_LIFECYCLE phase=vm_create_end generation=47 owner=70365
INTEL_LIFECYCLE phase=vcpu_create_begin generation=47 owner=70365
INTEL_LIFECYCLE phase=vcpu_create_end generation=47 owner=70365
[       OK ] HvfIntelProbe.FiniteDeadline (19 ms)
[----------] 1 test from HvfIntelProbe (19 ms total)

[==========] 1 test from 1 test suite ran. (20 ms total)
[  PASSED  ] 1 test.

Repeating all tests (iteration 47) . . .

Note: Google Test filter = HvfIntelProbe.FiniteDeadline
[==========] Running 1 test from 1 test suite.
[----------] 1 test from HvfIntelProbe
[ RUN      ] HvfIntelProbe.FiniteDeadline
INTEL_PROBE phase=executor_initialization
INTEL_PROBE phase=executor_retained
INTEL_PROBE phase=startup_probe
INTEL_PROBE phase=prepare_with_transport
INTEL_PROBE witness_budget mach_start=978141791496 mach_end=980141042966 remaining_ns=1999251470 timebase_numer=1 timebase_denom=1 max_calls=4096
INTEL_PROBE begin=finite_loop call=1 deadline=978146818462 rip=65537 nonce=978140673365 witness=0
INTEL_PROBE end=finite_loop call=1 status=0 mach_before=978141825119 mach_after=978142561444
INTEL_PROBE capture=finite_loop call=1 exec_before=1127852 exec_after=1608124 reason_before=37 reason=1 rip_before=65537 rip=65540 rax=978140673365 nonce=978140673365 witness=978140673365
INTEL_PROBE begin=finite_loop call=2 deadline=978146818462 rip=65540 nonce=978140673365 witness=978140673365
INTEL_PROBE end=finite_loop call=2 status=0 mach_before=978142597191 mach_after=978143428109
INTEL_PROBE capture=finite_loop call=2 exec_before=1608124 exec_after=2340056 reason_before=1 reason=1 rip_before=65540 rip=65540 rax=978140673365 nonce=978140673365 witness=978140673365
INTEL_PROBE begin=finite_loop call=3 deadline=978146818462 rip=65540 nonce=978140673365 witness=978140673365
INTEL_PROBE end=finite_loop call=3 status=0 mach_before=978143462510 mach_after=978145562395
INTEL_PROBE capture=finite_loop call=3 exec_before=2340056 exec_after=4408300 reason_before=1 reason=1 rip_before=65540 rip=65540 rax=978140673365 nonce=978140673365 witness=978140673365
INTEL_PROBE begin=finite_loop call=4 deadline=978146818462 rip=65540 nonce=978140673365 witness=978140673365
INTEL_PROBE end=finite_loop call=4 status=0 mach_before=978145625402 mach_after=978146868097
INTEL_PROBE capture=finite_loop call=4 exec_before=4408300 exec_after=5632236 reason_before=1 reason=52 rip_before=65540 rip=65540 rax=978140673365 nonce=978140673365 witness=978140673365
INTEL_PROBE phase=prepare_with_transport
INTEL_PROBE begin=expired_mtf call=5 deadline=0 rip=65543 nonce=978146953756 witness=0
INTEL_PROBE end=expired_mtf call=5 status=0 mach_before=978148977748 mach_after=978149023888
INTEL_PROBE capture=expired_mtf call=5 exec_before=5972272 exec_after=6015834 reason_before=37 reason=52 rip_before=65543 rip=65543 rax=978146953756 nonce=978146953756 witness=0
INTEL_PROBE phase=prepare_with_transport
INTEL_PROBE begin=finite_mtf call=6 deadline=978155189658 rip=65543 nonce=978149077937 witness=0
INTEL_PROBE end=finite_mtf call=6 status=0 mach_before=978150207743 mach_after=978150711021
INTEL_PROBE capture=finite_mtf call=6 exec_before=6391792 exec_after=6785003 reason_before=37 reason=37 rip_before=65543 rip=65546 rax=978149077938 nonce=978149077937 witness=0
INTEL_PROBE phase=verified_retry
INTEL_PROBE phase=prepare_with_transport
INTEL_PROBE phase=finite_retirement
INTEL_LIFECYCLE phase=vcpu_destroy_begin generation=47 owner=70365
INTEL_LIFECYCLE phase=vcpu_destroy_end generation=47 owner=70365
INTEL_LIFECYCLE phase=vm_destroy_begin generation=47 owner=70365
INTEL_LIFECYCLE phase=vm_destroy_end generation=47 owner=70365
INTEL_LIFECYCLE phase=vm_create_begin generation=48 owner=70365
INTEL_LIFECYCLE phase=vm_create_end generation=48 owner=70365
INTEL_LIFECYCLE phase=vcpu_create_begin generation=48 owner=70365
INTEL_LIFECYCLE phase=vcpu_create_end generation=48 owner=70365
[       OK ] HvfIntelProbe.FiniteDeadline (20 ms)
[----------] 1 test from HvfIntelProbe (20 ms total)

[==========] 1 test from 1 test suite ran. (20 ms total)
[  PASSED  ] 1 test.

Repeating all tests (iteration 48) . . .

Note: Google Test filter = HvfIntelProbe.FiniteDeadline
[==========] Running 1 test from 1 test suite.
[----------] 1 test from HvfIntelProbe
[ RUN      ] HvfIntelProbe.FiniteDeadline
INTEL_PROBE phase=executor_initialization
INTEL_PROBE phase=executor_retained
INTEL_PROBE phase=startup_probe
INTEL_PROBE phase=prepare_with_transport
INTEL_PROBE witness_budget mach_start=978165227249 mach_end=980163494392 remaining_ns=1998267143 timebase_numer=1 timebase_denom=1 max_calls=4096
INTEL_PROBE begin=finite_loop call=1 deadline=978170251641 rip=65537 nonce=978163124205 witness=0
INTEL_PROBE end=finite_loop call=1 status=0 mach_before=978165257444 mach_after=978165931891
INTEL_PROBE capture=finite_loop call=1 exec_before=1500200 exec_after=1625367 reason_before=37 reason=1 rip_before=65537 rip=65537 rax=978163124205 nonce=978163124205 witness=0
INTEL_PROBE begin=finite_loop call=2 deadline=978170251641 rip=65537 nonce=978163124205 witness=0
INTEL_PROBE end=finite_loop call=2 status=0 mach_before=978165960377 mach_after=978168744747
INTEL_PROBE capture=finite_loop call=2 exec_before=1625367 exec_after=4098581 reason_before=1 reason=1 rip_before=65537 rip=65540 rax=978163124205 nonce=978163124205 witness=978163124205
INTEL_PROBE begin=finite_loop call=3 deadline=978170251641 rip=65540 nonce=978163124205 witness=978163124205
INTEL_PROBE end=finite_loop call=3 status=0 mach_before=978168783375 mach_after=978169715626
INTEL_PROBE capture=finite_loop call=3 exec_before=4098581 exec_after=4337975 reason_before=1 reason=1 rip_before=65540 rip=65540 rax=978163124205 nonce=978163124205 witness=978163124205
INTEL_PROBE begin=finite_loop call=4 deadline=978170251641 rip=65540 nonce=978163124205 witness=978163124205
INTEL_PROBE end=finite_loop call=4 status=0 mach_before=978169748654 mach_after=978170295850
INTEL_PROBE capture=finite_loop call=4 exec_before=4337975 exec_after=4820570 reason_before=1 reason=52 rip_before=65540 rip=65540 rax=978163124205 nonce=978163124205 witness=978163124205
INTEL_PROBE phase=prepare_with_transport
INTEL_PROBE begin=expired_mtf call=5 deadline=0 rip=65543 nonce=978170367083 witness=0
INTEL_PROBE end=expired_mtf call=5 status=0 mach_before=978172078836 mach_after=978172125252
INTEL_PROBE capture=expired_mtf call=5 exec_before=5295249 exec_after=5338743 reason_before=37 reason=52 rip_before=65543 rip=65543 rax=978170367083 nonce=978170367083 witness=0
INTEL_PROBE phase=prepare_with_transport
INTEL_PROBE begin=finite_mtf call=6 deadline=978178207871 rip=65543 nonce=978172182811 witness=0
INTEL_PROBE end=finite_mtf call=6 status=0 mach_before=978173225991 mach_after=978173988481
INTEL_PROBE capture=finite_mtf call=6 exec_before=5676611 exec_after=6107595 reason_before=37 reason=37 rip_before=65543 rip=65546 rax=978172182812 nonce=978172182811 witness=0
INTEL_PROBE phase=verified_retry
INTEL_PROBE phase=prepare_with_transport
INTEL_PROBE phase=finite_retirement
INTEL_LIFECYCLE phase=vcpu_destroy_begin generation=48 owner=70365
INTEL_LIFECYCLE phase=vcpu_destroy_end generation=48 owner=70365
INTEL_LIFECYCLE phase=vm_destroy_begin generation=48 owner=70365
INTEL_LIFECYCLE phase=vm_destroy_end generation=48 owner=70365
INTEL_LIFECYCLE phase=vm_create_begin generation=49 owner=70365
INTEL_LIFECYCLE phase=vm_create_end generation=49 owner=70365
INTEL_LIFECYCLE phase=vcpu_create_begin generation=49 owner=70365
INTEL_LIFECYCLE phase=vcpu_create_end generation=49 owner=70365
[       OK ] HvfIntelProbe.FiniteDeadline (22 ms)
[----------] 1 test from HvfIntelProbe (22 ms total)

[==========] 1 test from 1 test suite ran. (22 ms total)
[  PASSED  ] 1 test.

Repeating all tests (iteration 49) . . .

Note: Google Test filter = HvfIntelProbe.FiniteDeadline
[==========] Running 1 test from 1 test suite.
[----------] 1 test from HvfIntelProbe
[ RUN      ] HvfIntelProbe.FiniteDeadline
INTEL_PROBE phase=executor_initialization
INTEL_PROBE phase=executor_retained
INTEL_PROBE phase=startup_probe
INTEL_PROBE phase=prepare_with_transport
INTEL_PROBE witness_budget mach_start=978185689953 mach_end=980184540944 remaining_ns=1998850991 timebase_numer=1 timebase_denom=1 max_calls=4096
INTEL_PROBE begin=finite_loop call=1 deadline=978190709571 rip=65537 nonce=978184174731 witness=0
INTEL_PROBE end=finite_loop call=1 status=0 mach_before=978185715737 mach_after=978192275010
INTEL_PROBE capture=finite_loop call=1 exec_before=1254531 exec_after=7504309 reason_before=37 reason=52 rip_before=65537 rip=65540 rax=978184174731 nonce=978184174731 witness=978184174731
INTEL_PROBE phase=prepare_with_transport
INTEL_PROBE begin=expired_mtf call=2 deadline=0 rip=65543 nonce=978192405840 witness=0
INTEL_PROBE end=expired_mtf call=2 status=0 mach_before=978195002299 mach_after=978195046428
INTEL_PROBE capture=expired_mtf call=2 exec_before=7947244 exec_after=7988834 reason_before=37 reason=52 rip_before=65543 rip=65543 rax=978192405840 nonce=978192405840 witness=0
INTEL_PROBE phase=prepare_with_transport
INTEL_PROBE begin=finite_mtf call=3 deadline=978200945788 rip=65543 nonce=978195112788 witness=0
INTEL_PROBE end=finite_mtf call=3 status=0 mach_before=978195959972 mach_after=978196411670
INTEL_PROBE capture=finite_mtf call=3 exec_before=8323593 exec_after=8677085 reason_before=37 reason=37 rip_before=65543 rip=65546 rax=978195112789 nonce=978195112788 witness=0
INTEL_PROBE phase=verified_retry
INTEL_PROBE phase=prepare_with_transport
INTEL_PROBE phase=finite_retirement
INTEL_LIFECYCLE phase=vcpu_destroy_begin generation=49 owner=70365
INTEL_LIFECYCLE phase=vcpu_destroy_end generation=49 owner=70365
INTEL_LIFECYCLE phase=vm_destroy_begin generation=49 owner=70365
INTEL_LIFECYCLE phase=vm_destroy_end generation=49 owner=70365
INTEL_LIFECYCLE phase=vm_create_begin generation=50 owner=70365
INTEL_LIFECYCLE phase=vm_create_end generation=50 owner=70365
INTEL_LIFECYCLE phase=vcpu_create_begin generation=50 owner=70365
INTEL_LIFECYCLE phase=vcpu_create_end generation=50 owner=70365
[       OK ] HvfIntelProbe.FiniteDeadline (22 ms)
[----------] 1 test from HvfIntelProbe (22 ms total)

[==========] 1 test from 1 test suite ran. (22 ms total)
[  PASSED  ] 1 test.

Repeating all tests (iteration 50) . . .

Note: Google Test filter = HvfIntelProbe.FiniteDeadline
[==========] Running 1 test from 1 test suite.
[----------] 1 test from HvfIntelProbe
[ RUN      ] HvfIntelProbe.FiniteDeadline
INTEL_PROBE phase=executor_initialization
INTEL_PROBE phase=executor_retained
INTEL_PROBE phase=startup_probe
INTEL_PROBE phase=prepare_with_transport
INTEL_PROBE witness_budget mach_start=978209261207 mach_end=980207918425 remaining_ns=1998657218 timebase_numer=1 timebase_denom=1 max_calls=4096
INTEL_PROBE begin=finite_loop call=1 deadline=978214284348 rip=65537 nonce=978207577630 witness=0
INTEL_PROBE end=finite_loop call=1 status=0 mach_before=978209290562 mach_after=978210681885
INTEL_PROBE capture=finite_loop call=1 exec_before=1358802 exec_after=2385055 reason_before=37 reason=1 rip_before=65537 rip=65540 rax=978207577630 nonce=978207577630 witness=978207577630
INTEL_PROBE begin=finite_loop call=2 deadline=978214284348 rip=65540 nonce=978207577630 witness=978207577630
INTEL_PROBE end=finite_loop call=2 status=0 mach_before=978210716698 mach_after=978213681426
INTEL_PROBE capture=finite_loop call=2 exec_before=2385055 exec_after=5239940 reason_before=1 reason=1 rip_before=65540 rip=65540 rax=978207577630 nonce=978207577630 witness=978207577630
INTEL_PROBE begin=finite_loop call=3 deadline=978214284348 rip=65540 nonce=978207577630 witness=978207577630
INTEL_PROBE end=finite_loop call=3 status=0 mach_before=978213836702 mach_after=978214282853
INTEL_PROBE capture=finite_loop call=3 exec_before=5239940 exec_after=5557202 reason_before=1 reason=1 rip_before=65540 rip=65540 rax=978207577630 nonce=978207577630 witness=978207577630
INTEL_PROBE begin=finite_loop call=4 deadline=978214284348 rip=65540 nonce=978207577630 witness=978207577630
INTEL_PROBE end=finite_loop call=4 status=0 mach_before=978214307759 mach_after=978214350631
INTEL_PROBE capture=finite_loop call=4 exec_before=5557202 exec_after=5598027 reason_before=1 reason=52 rip_before=65540 rip=65540 rax=978207577630 nonce=978207577630 witness=978207577630
INTEL_PROBE phase=prepare_with_transport
INTEL_PROBE begin=expired_mtf call=5 deadline=0 rip=65543 nonce=978214406575 witness=0
INTEL_PROBE end=expired_mtf call=5 status=0 mach_before=978216412811 mach_after=978216504061
INTEL_PROBE capture=expired_mtf call=5 exec_before=5937427 exec_after=6025287 reason_before=37 reason=52 rip_before=65543 rip=65543 rax=978214406575 nonce=978214406575 witness=0
INTEL_PROBE phase=prepare_with_transport
INTEL_PROBE begin=finite_mtf call=6 deadline=978222595772 rip=65543 nonce=978216575459 witness=0
INTEL_PROBE end=finite_mtf call=6 status=0 mach_before=978217611860 mach_after=978218040602
INTEL_PROBE capture=finite_mtf call=6 exec_before=6459574 exec_after=6797496 reason_before=37 reason=37 rip_before=65543 rip=65546 rax=978216575460 nonce=978216575459 witness=0
INTEL_PROBE phase=verified_retry
INTEL_PROBE phase=prepare_with_transport
INTEL_PROBE phase=finite_retirement
INTEL_LIFECYCLE phase=vcpu_destroy_begin generation=50 owner=70365
INTEL_LIFECYCLE phase=vcpu_destroy_end generation=50 owner=70365
INTEL_LIFECYCLE phase=vm_destroy_begin generation=50 owner=70365
INTEL_LIFECYCLE phase=vm_destroy_end generation=50 owner=70365
INTEL_LIFECYCLE phase=vm_create_begin generation=51 owner=70365
INTEL_LIFECYCLE phase=vm_create_end generation=51 owner=70365
INTEL_LIFECYCLE phase=vcpu_create_begin generation=51 owner=70365
INTEL_LIFECYCLE phase=vcpu_create_end generation=51 owner=70365
[       OK ] HvfIntelProbe.FiniteDeadline (21 ms)
[----------] 1 test from HvfIntelProbe (21 ms total)

[==========] 1 test from 1 test suite ran. (21 ms total)
[  PASSED  ] 1 test.

Repeating all tests (iteration 51) . . .

Note: Google Test filter = HvfIntelProbe.FiniteDeadline
[==========] Running 1 test from 1 test suite.
[----------] 1 test from HvfIntelProbe
[ RUN      ] HvfIntelProbe.FiniteDeadline
INTEL_PROBE phase=executor_initialization
INTEL_PROBE phase=executor_retained
INTEL_PROBE phase=startup_probe
INTEL_PROBE phase=prepare_with_transport
INTEL_PROBE witness_budget mach_start=978231159468 mach_end=980229956182 remaining_ns=1998796714 timebase_numer=1 timebase_denom=1 max_calls=4096
INTEL_PROBE begin=finite_loop call=1 deadline=978236830039 rip=65537 nonce=978228723527 witness=0
INTEL_PROBE end=finite_loop call=1 status=0 mach_before=978231878006 mach_after=978233209330
INTEL_PROBE capture=finite_loop call=1 exec_before=1520605 exec_after=2502518 reason_before=37 reason=1 rip_before=65537 rip=65540 rax=978228723527 nonce=978228723527 witness=978228723527
INTEL_PROBE begin=finite_loop call=2 deadline=978236830039 rip=65540 nonce=978228723527 witness=978228723527
INTEL_PROBE end=finite_loop call=2 status=0 mach_before=978233244275 mach_after=978266446960
INTEL_PROBE capture=finite_loop call=2 exec_before=2502518 exec_after=3049605 reason_before=1 reason=1 rip_before=65540 rip=65540 rax=978228723527 nonce=978228723527 witness=978228723527
INTEL_PROBE begin=finite_loop call=3 deadline=978236830039 rip=65540 nonce=978228723527 witness=978228723527
INTEL_PROBE end=finite_loop call=3 status=0 mach_before=978266520142 mach_after=978267074498
INTEL_PROBE capture=finite_loop call=3 exec_before=3049605 exec_after=3259688 reason_before=1 reason=52 rip_before=65540 rip=65540 rax=978228723527 nonce=978228723527 witness=978228723527
INTEL_PROBE phase=prepare_with_transport
INTEL_PROBE begin=expired_mtf call=4 deadline=0 rip=65543 nonce=978267151663 witness=0
INTEL_PROBE end=expired_mtf call=4 status=0 mach_before=978291152627 mach_after=978291247681
INTEL_PROBE capture=expired_mtf call=4 exec_before=3800923 exec_after=3891516 reason_before=37 reason=52 rip_before=65543 rip=65543 rax=978267151663 nonce=978267151663 witness=0
INTEL_PROBE phase=prepare_with_transport
INTEL_PROBE begin=finite_mtf call=5 deadline=978311447069 rip=65543 nonce=978291310224 witness=0
INTEL_PROBE end=finite_mtf call=5 status=0 mach_before=978306483358 mach_after=978307186050
INTEL_PROBE capture=finite_mtf call=5 exec_before=4558899 exec_after=5120748 reason_before=37 reason=37 rip_before=65543 rip=65546 rax=978291310225 nonce=978291310224 witness=0
INTEL_PROBE phase=verified_retry
INTEL_PROBE phase=prepare_with_transport
INTEL_PROBE phase=finite_retirement
INTEL_LIFECYCLE phase=vcpu_destroy_begin generation=51 owner=70365
INTEL_LIFECYCLE phase=vcpu_destroy_end generation=51 owner=70365
INTEL_LIFECYCLE phase=vm_destroy_begin generation=51 owner=70365
INTEL_LIFECYCLE phase=vm_destroy_end generation=51 owner=70365
INTEL_LIFECYCLE phase=vm_create_begin generation=52 owner=70365
INTEL_LIFECYCLE phase=vm_create_end generation=52 owner=70365
INTEL_LIFECYCLE phase=vcpu_create_begin generation=52 owner=70365
INTEL_LIFECYCLE phase=vcpu_create_end generation=52 owner=70365
[       OK ] HvfIntelProbe.FiniteDeadline (112 ms)
[----------] 1 test from HvfIntelProbe (112 ms total)

[==========] 1 test from 1 test suite ran. (112 ms total)
[  PASSED  ] 1 test.

Repeating all tests (iteration 52) . . .

Note: Google Test filter = HvfIntelProbe.FiniteDeadline
[==========] Running 1 test from 1 test suite.
[----------] 1 test from HvfIntelProbe
[ RUN      ] HvfIntelProbe.FiniteDeadline
INTEL_PROBE phase=executor_initialization
INTEL_PROBE phase=executor_retained
INTEL_PROBE phase=startup_probe
INTEL_PROBE phase=prepare_with_transport
INTEL_PROBE witness_budget mach_start=978354908326 mach_end=980353472738 remaining_ns=1998564412 timebase_numer=1 timebase_denom=1 max_calls=4096
INTEL_PROBE begin=finite_loop call=1 deadline=978359951758 rip=65537 nonce=978352205347 witness=0
INTEL_PROBE end=finite_loop call=1 status=0 mach_before=978354958938 mach_after=978355889200
INTEL_PROBE capture=finite_loop call=1 exec_before=1727066 exec_after=2451950 reason_before=37 reason=1 rip_before=65537 rip=65540 rax=978352205347 nonce=978352205347 witness=978352205347
INTEL_PROBE begin=finite_loop call=2 deadline=978359951758 rip=65540 nonce=978352205347 witness=978352205347
INTEL_PROBE end=finite_loop call=2 status=0 mach_before=978355970016 mach_after=978357442561
INTEL_PROBE capture=finite_loop call=2 exec_before=2451950 exec_after=3846720 reason_before=1 reason=1 rip_before=65540 rip=65540 rax=978352205347 nonce=978352205347 witness=978352205347
INTEL_PROBE begin=finite_loop call=3 deadline=978359951758 rip=65540 nonce=978352205347 witness=978352205347
INTEL_PROBE end=finite_loop call=3 status=0 mach_before=978357477566 mach_after=978358566586
INTEL_PROBE capture=finite_loop call=3 exec_before=3846720 exec_after=4853073 reason_before=1 reason=1 rip_before=65540 rip=65540 rax=978352205347 nonce=978352205347 witness=978352205347
INTEL_PROBE begin=finite_loop call=4 deadline=978359951758 rip=65540 nonce=978352205347 witness=978352205347
INTEL_PROBE end=finite_loop call=4 status=0 mach_before=978358604518 mach_after=978360030870
INTEL_PROBE capture=finite_loop call=4 exec_before=4853073 exec_after=6251569 reason_before=1 reason=52 rip_before=65540 rip=65540 rax=978352205347 nonce=978352205347 witness=978352205347
INTEL_PROBE phase=prepare_with_transport
INTEL_PROBE begin=expired_mtf call=5 deadline=0 rip=65543 nonce=978360115074 witness=0
INTEL_PROBE end=expired_mtf call=5 status=0 mach_before=978361763837 mach_after=978361813641
INTEL_PROBE capture=expired_mtf call=5 exec_before=6592203 exec_after=6638616 reason_before=37 reason=52 rip_before=65543 rip=65543 rax=978360115074 nonce=978360115074 witness=0
INTEL_PROBE phase=prepare_with_transport
INTEL_PROBE begin=finite_mtf call=6 deadline=978368051647 rip=65543 nonce=978361910556 witness=0
INTEL_PROBE end=finite_mtf call=6 status=0 mach_before=978363072291 mach_after=978363525845
INTEL_PROBE capture=finite_mtf call=6 exec_before=6969181 exec_after=7324895 reason_before=37 reason=37 rip_before=65543 rip=65546 rax=978361910557 nonce=978361910556 witness=0
INTEL_PROBE phase=verified_retry
INTEL_PROBE phase=prepare_with_transport
INTEL_PROBE phase=finite_retirement
INTEL_LIFECYCLE phase=vcpu_destroy_begin generation=52 owner=70365
INTEL_LIFECYCLE phase=vcpu_destroy_end generation=52 owner=70365
INTEL_LIFECYCLE phase=vm_destroy_begin generation=52 owner=70365
INTEL_LIFECYCLE phase=vm_destroy_end generation=52 owner=70365
INTEL_LIFECYCLE phase=vm_create_begin generation=53 owner=70365
INTEL_LIFECYCLE phase=vm_create_end generation=53 owner=70365
INTEL_LIFECYCLE phase=vcpu_create_begin generation=53 owner=70365
INTEL_LIFECYCLE phase=vcpu_create_end generation=53 owner=70365
[       OK ] HvfIntelProbe.FiniteDeadline (33 ms)
[----------] 1 test from HvfIntelProbe (33 ms total)

[==========] 1 test from 1 test suite ran. (33 ms total)
[  PASSED  ] 1 test.

Repeating all tests (iteration 53) . . .

Note: Google Test filter = HvfIntelProbe.FiniteDeadline
[==========] Running 1 test from 1 test suite.
[----------] 1 test from HvfIntelProbe
[ RUN      ] HvfIntelProbe.FiniteDeadline
INTEL_PROBE phase=executor_initialization
INTEL_PROBE phase=executor_retained
INTEL_PROBE phase=startup_probe
INTEL_PROBE phase=prepare_with_transport
INTEL_PROBE witness_budget mach_start=978374017357 mach_end=980372848531 remaining_ns=1998831174 timebase_numer=1 timebase_denom=1 max_calls=4096
INTEL_PROBE begin=finite_loop call=1 deadline=978379041389 rip=65537 nonce=978372521561 witness=0
INTEL_PROBE end=finite_loop call=1 status=0 mach_before=978374048000 mach_after=978384031427
INTEL_PROBE capture=finite_loop call=1 exec_before=1016865 exec_after=10811116 reason_before=37 reason=52 rip_before=65537 rip=65540 rax=978372521561 nonce=978372521561 witness=978372521561
INTEL_PROBE phase=prepare_with_transport
INTEL_PROBE begin=expired_mtf call=2 deadline=0 rip=65543 nonce=978384116133 witness=0
INTEL_PROBE end=expired_mtf call=2 status=0 mach_before=978386551022 mach_after=978386595543
INTEL_PROBE capture=expired_mtf call=2 exec_before=11314689 exec_after=11356816 reason_before=37 reason=52 rip_before=65543 rip=65543 rax=978384116133 nonce=978384116133 witness=0
INTEL_PROBE phase=prepare_with_transport
INTEL_PROBE begin=finite_mtf call=3 deadline=978392720852 rip=65543 nonce=978386647807 witness=0
INTEL_PROBE end=finite_mtf call=3 status=0 mach_before=978387742870 mach_after=978388174690
INTEL_PROBE capture=finite_mtf call=3 exec_before=11738750 exec_after=12079007 reason_before=37 reason=37 rip_before=65543 rip=65546 rax=978386647808 nonce=978386647807 witness=0
INTEL_PROBE phase=verified_retry
INTEL_PROBE phase=prepare_with_transport
INTEL_PROBE phase=finite_retirement
INTEL_LIFECYCLE phase=vcpu_destroy_begin generation=53 owner=70365
INTEL_LIFECYCLE phase=vcpu_destroy_end generation=53 owner=70365
INTEL_LIFECYCLE phase=vm_destroy_begin generation=53 owner=70365
INTEL_LIFECYCLE phase=vm_destroy_end generation=53 owner=70365
INTEL_LIFECYCLE phase=vm_create_begin generation=54 owner=70365
INTEL_LIFECYCLE phase=vm_create_end generation=54 owner=70365
INTEL_LIFECYCLE phase=vcpu_create_begin generation=54 owner=70365
INTEL_LIFECYCLE phase=vcpu_create_end generation=54 owner=70365
[       OK ] HvfIntelProbe.FiniteDeadline (24 ms)
[----------] 1 test from HvfIntelProbe (24 ms total)

[==========] 1 test from 1 test suite ran. (24 ms total)
[  PASSED  ] 1 test.

Repeating all tests (iteration 54) . . .

Note: Google Test filter = HvfIntelProbe.FiniteDeadline
[==========] Running 1 test from 1 test suite.
[----------] 1 test from HvfIntelProbe
[ RUN      ] HvfIntelProbe.FiniteDeadline
INTEL_PROBE phase=executor_initialization
INTEL_PROBE phase=executor_retained
INTEL_PROBE phase=startup_probe
INTEL_PROBE phase=prepare_with_transport
INTEL_PROBE witness_budget mach_start=978399208107 mach_end=980397761753 remaining_ns=1998553646 timebase_numer=1 timebase_denom=1 max_calls=4096
INTEL_PROBE begin=finite_loop call=1 deadline=978404235885 rip=65537 nonce=978397444317 witness=0
INTEL_PROBE end=finite_loop call=1 status=0 mach_before=978399246013 mach_after=978407879923
INTEL_PROBE capture=finite_loop call=1 exec_before=1159374 exec_after=9660711 reason_before=37 reason=52 rip_before=65537 rip=65540 rax=978397444317 nonce=978397444317 witness=978397444317
INTEL_PROBE phase=prepare_with_transport
INTEL_PROBE begin=expired_mtf call=2 deadline=0 rip=65543 nonce=978407988138 witness=0
INTEL_PROBE end=expired_mtf call=2 status=0 mach_before=978409847880 mach_after=978409892098
INTEL_PROBE capture=expired_mtf call=2 exec_before=9998235 exec_after=10039938 reason_before=37 reason=52 rip_before=65543 rip=65543 rax=978407988138 nonce=978407988138 witness=0
INTEL_PROBE phase=prepare_with_transport
INTEL_PROBE begin=finite_mtf call=3 deadline=978415761122 rip=65543 nonce=978409945182 witness=0
INTEL_PROBE end=finite_mtf call=3 status=0 mach_before=978410776223 mach_after=978411193063
INTEL_PROBE capture=finite_mtf call=3 exec_before=10371584 exec_after=10701323 reason_before=37 reason=37 rip_before=65543 rip=65546 rax=978409945183 nonce=978409945182 witness=0
INTEL_PROBE phase=verified_retry
INTEL_PROBE phase=prepare_with_transport
INTEL_PROBE phase=finite_retirement
INTEL_LIFECYCLE phase=vcpu_destroy_begin generation=54 owner=70365
INTEL_LIFECYCLE phase=vcpu_destroy_end generation=54 owner=70365
INTEL_LIFECYCLE phase=vm_destroy_begin generation=54 owner=70365
INTEL_LIFECYCLE phase=vm_destroy_end generation=54 owner=70365
INTEL_LIFECYCLE phase=vm_create_begin generation=55 owner=70365
INTEL_LIFECYCLE phase=vm_create_end generation=55 owner=70365
INTEL_LIFECYCLE phase=vcpu_create_begin generation=55 owner=70365
INTEL_LIFECYCLE phase=vcpu_create_end generation=55 owner=70365
[       OK ] HvfIntelProbe.FiniteDeadline (22 ms)
[----------] 1 test from HvfIntelProbe (22 ms total)

[==========] 1 test from 1 test suite ran. (22 ms total)
[  PASSED  ] 1 test.

Repeating all tests (iteration 55) . . .

Note: Google Test filter = HvfIntelProbe.FiniteDeadline
[==========] Running 1 test from 1 test suite.
[----------] 1 test from HvfIntelProbe
[ RUN      ] HvfIntelProbe.FiniteDeadline
INTEL_PROBE phase=executor_initialization
INTEL_PROBE phase=executor_retained
INTEL_PROBE phase=startup_probe
INTEL_PROBE phase=prepare_with_transport
INTEL_PROBE witness_budget mach_start=978421898135 mach_end=980421251629 remaining_ns=1999353494 timebase_numer=1 timebase_denom=1 max_calls=4096
INTEL_PROBE begin=finite_loop call=1 deadline=978426918347 rip=65537 nonce=978420763730 witness=0
INTEL_PROBE end=finite_loop call=1 status=0 mach_before=978421924665 mach_after=978431713447
INTEL_PROBE capture=finite_loop call=1 exec_before=1289213 exec_after=10903893 reason_before=37 reason=52 rip_before=65537 rip=65540 rax=978420763730 nonce=978420763730 witness=978420763730
INTEL_PROBE phase=prepare_with_transport
INTEL_PROBE begin=expired_mtf call=2 deadline=0 rip=65543 nonce=978431825529 witness=0
INTEL_PROBE end=expired_mtf call=2 status=0 mach_before=978433539408 mach_after=978433582713
INTEL_PROBE capture=expired_mtf call=2 exec_before=11332235 exec_after=11373086 reason_before=37 reason=52 rip_before=65543 rip=65543 rax=978431825529 nonce=978431825529 witness=0
INTEL_PROBE phase=prepare_with_transport
INTEL_PROBE begin=finite_mtf call=3 deadline=978439497845 rip=65543 nonce=978433647727 witness=0
INTEL_PROBE end=finite_mtf call=3 status=0 mach_before=978434514788 mach_after=978434944266
INTEL_PROBE capture=finite_mtf call=3 exec_before=11704441 exec_after=12040858 reason_before=37 reason=37 rip_before=65543 rip=65546 rax=978433647728 nonce=978433647727 witness=0
INTEL_PROBE phase=verified_retry
INTEL_PROBE phase=prepare_with_transport
INTEL_PROBE phase=finite_retirement
INTEL_LIFECYCLE phase=vcpu_destroy_begin generation=55 owner=70365
INTEL_LIFECYCLE phase=vcpu_destroy_end generation=55 owner=70365
INTEL_LIFECYCLE phase=vm_destroy_begin generation=55 owner=70365
INTEL_LIFECYCLE phase=vm_destroy_end generation=55 owner=70365
INTEL_LIFECYCLE phase=vm_create_begin generation=56 owner=70365
INTEL_LIFECYCLE phase=vm_create_end generation=56 owner=70365
INTEL_LIFECYCLE phase=vcpu_create_begin generation=56 owner=70365
INTEL_LIFECYCLE phase=vcpu_create_end generation=56 owner=70365
[       OK ] HvfIntelProbe.FiniteDeadline (23 ms)
[----------] 1 test from HvfIntelProbe (23 ms total)

[==========] 1 test from 1 test suite ran. (23 ms total)
[  PASSED  ] 1 test.

Repeating all tests (iteration 56) . . .

Note: Google Test filter = HvfIntelProbe.FiniteDeadline
[==========] Running 1 test from 1 test suite.
[----------] 1 test from HvfIntelProbe
[ RUN      ] HvfIntelProbe.FiniteDeadline
INTEL_PROBE phase=executor_initialization
INTEL_PROBE phase=executor_retained
INTEL_PROBE phase=startup_probe
INTEL_PROBE phase=prepare_with_transport
INTEL_PROBE witness_budget mach_start=978445654431 mach_end=980444326335 remaining_ns=1998671904 timebase_numer=1 timebase_denom=1 max_calls=4096
INTEL_PROBE begin=finite_loop call=1 deadline=978450681027 rip=65537 nonce=978443983225 witness=0
INTEL_PROBE end=finite_loop call=1 status=0 mach_before=978445687594 mach_after=978457817689
INTEL_PROBE capture=finite_loop call=1 exec_before=1084344 exec_after=13034506 reason_before=37 reason=52 rip_before=65537 rip=65540 rax=978443983225 nonce=978443983225 witness=978443983225
INTEL_PROBE phase=prepare_with_transport
INTEL_PROBE begin=expired_mtf call=2 deadline=0 rip=65543 nonce=978457908125 witness=0
INTEL_PROBE end=expired_mtf call=2 status=0 mach_before=978459486461 mach_after=978459550474
INTEL_PROBE capture=expired_mtf call=2 exec_before=13371836 exec_after=13412642 reason_before=37 reason=52 rip_before=65543 rip=65543 rax=978457908125 nonce=978457908125 witness=0
INTEL_PROBE phase=prepare_with_transport
INTEL_PROBE begin=finite_mtf call=3 deadline=978465554430 rip=65543 nonce=978459607863 witness=0
INTEL_PROBE end=finite_mtf call=3 status=0 mach_before=978460572519 mach_after=978461016567
INTEL_PROBE capture=finite_mtf call=3 exec_before=13785567 exec_after=14117439 reason_before=37 reason=37 rip_before=65543 rip=65546 rax=978459607864 nonce=978459607863 witness=0
INTEL_PROBE phase=verified_retry
INTEL_PROBE phase=prepare_with_transport
INTEL_PROBE phase=finite_retirement
INTEL_LIFECYCLE phase=vcpu_destroy_begin generation=56 owner=70365
INTEL_LIFECYCLE phase=vcpu_destroy_end generation=56 owner=70365
INTEL_LIFECYCLE phase=vm_destroy_begin generation=56 owner=70365
INTEL_LIFECYCLE phase=vm_destroy_end generation=56 owner=70365
INTEL_LIFECYCLE phase=vm_create_begin generation=57 owner=70365
INTEL_LIFECYCLE phase=vm_create_end generation=57 owner=70365
INTEL_LIFECYCLE phase=vcpu_create_begin generation=57 owner=70365
INTEL_LIFECYCLE phase=vcpu_create_end generation=57 owner=70365
[       OK ] HvfIntelProbe.FiniteDeadline (26 ms)
[----------] 1 test from HvfIntelProbe (26 ms total)

[==========] 1 test from 1 test suite ran. (26 ms total)
[  PASSED  ] 1 test.

Repeating all tests (iteration 57) . . .

Note: Google Test filter = HvfIntelProbe.FiniteDeadline
[==========] Running 1 test from 1 test suite.
[----------] 1 test from HvfIntelProbe
[ RUN      ] HvfIntelProbe.FiniteDeadline
INTEL_PROBE phase=executor_initialization
INTEL_PROBE phase=executor_retained
INTEL_PROBE phase=startup_probe
INTEL_PROBE phase=prepare_with_transport
INTEL_PROBE witness_budget mach_start=978471484848 mach_end=980470389225 remaining_ns=1998904377 timebase_numer=1 timebase_denom=1 max_calls=4096
INTEL_PROBE begin=finite_loop call=1 deadline=978476511427 rip=65537 nonce=978470051638 witness=0
INTEL_PROBE end=finite_loop call=1 status=0 mach_before=978471517748 mach_after=978478514461
INTEL_PROBE capture=finite_loop call=1 exec_before=1091686 exec_after=7910744 reason_before=37 reason=52 rip_before=65537 rip=65540 rax=978470051638 nonce=978470051638 witness=978470051638
INTEL_PROBE phase=prepare_with_transport
INTEL_PROBE begin=expired_mtf call=2 deadline=0 rip=65543 nonce=978478609036 witness=0
INTEL_PROBE end=expired_mtf call=2 status=0 mach_before=978480146909 mach_after=978480189445
INTEL_PROBE capture=expired_mtf call=2 exec_before=8282873 exec_after=8323070 reason_before=37 reason=52 rip_before=65543 rip=65543 rax=978478609036 nonce=978478609036 witness=0
INTEL_PROBE phase=prepare_with_transport
INTEL_PROBE begin=finite_mtf call=3 deadline=978486099170 rip=65543 nonce=978480250462 witness=0
INTEL_PROBE end=finite_mtf call=3 status=0 mach_before=978481116776 mach_after=978481536927
INTEL_PROBE capture=finite_mtf call=3 exec_before=8656571 exec_after=8990736 reason_before=37 reason=37 rip_before=65543 rip=65546 rax=978480250463 nonce=978480250462 witness=0
INTEL_PROBE phase=verified_retry
INTEL_PROBE phase=prepare_with_transport
INTEL_PROBE phase=finite_retirement
INTEL_LIFECYCLE phase=vcpu_destroy_begin generation=57 owner=70365
INTEL_LIFECYCLE phase=vcpu_destroy_end generation=57 owner=70365
INTEL_LIFECYCLE phase=vm_destroy_begin generation=57 owner=70365
INTEL_LIFECYCLE phase=vm_destroy_end generation=57 owner=70365
INTEL_LIFECYCLE phase=vm_create_begin generation=58 owner=70365
INTEL_LIFECYCLE phase=vm_create_end generation=58 owner=70365
INTEL_LIFECYCLE phase=vcpu_create_begin generation=58 owner=70365
INTEL_LIFECYCLE phase=vcpu_create_end generation=58 owner=70365
[       OK ] HvfIntelProbe.FiniteDeadline (20 ms)
[----------] 1 test from HvfIntelProbe (20 ms total)

[==========] 1 test from 1 test suite ran. (20 ms total)
[  PASSED  ] 1 test.

Repeating all tests (iteration 58) . . .

Note: Google Test filter = HvfIntelProbe.FiniteDeadline
[==========] Running 1 test from 1 test suite.
[----------] 1 test from HvfIntelProbe
[ RUN      ] HvfIntelProbe.FiniteDeadline
INTEL_PROBE phase=executor_initialization
INTEL_PROBE phase=executor_retained
INTEL_PROBE phase=startup_probe
INTEL_PROBE phase=prepare_with_transport
INTEL_PROBE witness_budget mach_start=978491829075 mach_end=980491259370 remaining_ns=1999430295 timebase_numer=1 timebase_denom=1 max_calls=4096
INTEL_PROBE begin=finite_loop call=1 deadline=978496850139 rip=65537 nonce=978490924873 witness=0
INTEL_PROBE end=finite_loop call=1 status=0 mach_before=978491855990 mach_after=978496913180
INTEL_PROBE capture=finite_loop call=1 exec_before=1206436 exec_after=6158648 reason_before=37 reason=52 rip_before=65537 rip=65540 rax=978490924873 nonce=978490924873 witness=978490924873
INTEL_PROBE phase=prepare_with_transport
INTEL_PROBE begin=expired_mtf call=2 deadline=0 rip=65543 nonce=978496983343 witness=0
INTEL_PROBE end=expired_mtf call=2 status=0 mach_before=978498414705 mach_after=978498459445
INTEL_PROBE capture=expired_mtf call=2 exec_before=6533951 exec_after=6576198 reason_before=37 reason=52 rip_before=65543 rip=65543 rax=978496983343 nonce=978496983343 witness=0
INTEL_PROBE phase=prepare_with_transport
INTEL_PROBE begin=finite_mtf call=3 deadline=978504413873 rip=65543 nonce=978498520805 witness=0
INTEL_PROBE end=finite_mtf call=3 status=0 mach_before=978499460500 mach_after=978499942531
INTEL_PROBE capture=finite_mtf call=3 exec_before=6917687 exec_after=7291318 reason_before=37 reason=37 rip_before=65543 rip=65546 rax=978498520806 nonce=978498520805 witness=0
INTEL_PROBE phase=verified_retry
INTEL_PROBE phase=prepare_with_transport
INTEL_PROBE phase=finite_retirement
INTEL_LIFECYCLE phase=vcpu_destroy_begin generation=58 owner=70365
INTEL_LIFECYCLE phase=vcpu_destroy_end generation=58 owner=70365
INTEL_LIFECYCLE phase=vm_destroy_begin generation=58 owner=70365
INTEL_LIFECYCLE phase=vm_destroy_end generation=58 owner=70365
INTEL_LIFECYCLE phase=vm_create_begin generation=59 owner=70365
INTEL_LIFECYCLE phase=vm_create_end generation=59 owner=70365
INTEL_LIFECYCLE phase=vcpu_create_begin generation=59 owner=70365
INTEL_LIFECYCLE phase=vcpu_create_end generation=59 owner=70365
[       OK ] HvfIntelProbe.FiniteDeadline (18 ms)
[----------] 1 test from HvfIntelProbe (18 ms total)

[==========] 1 test from 1 test suite ran. (18 ms total)
[  PASSED  ] 1 test.

Repeating all tests (iteration 59) . . .

Note: Google Test filter = HvfIntelProbe.FiniteDeadline
[==========] Running 1 test from 1 test suite.
[----------] 1 test from HvfIntelProbe
[ RUN      ] HvfIntelProbe.FiniteDeadline
INTEL_PROBE phase=executor_initialization
INTEL_PROBE phase=executor_retained
INTEL_PROBE phase=startup_probe
INTEL_PROBE phase=prepare_with_transport
INTEL_PROBE witness_budget mach_start=978510203672 mach_end=980509673539 remaining_ns=1999469867 timebase_numer=1 timebase_denom=1 max_calls=4096
INTEL_PROBE begin=finite_loop call=1 deadline=978515239356 rip=65537 nonce=978509332851 witness=0
INTEL_PROBE end=finite_loop call=1 status=0 mach_before=978510249893 mach_after=978515285219
INTEL_PROBE capture=finite_loop call=1 exec_before=1328916 exec_after=6093818 reason_before=37 reason=52 rip_before=65537 rip=65540 rax=978509332851 nonce=978509332851 witness=978509332851
INTEL_PROBE phase=prepare_with_transport
INTEL_PROBE begin=expired_mtf call=2 deadline=0 rip=65543 nonce=978515372836 witness=0
INTEL_PROBE end=expired_mtf call=2 status=0 mach_before=978516550764 mach_after=978516593983
INTEL_PROBE capture=expired_mtf call=2 exec_before=6429482 exec_after=6470332 reason_before=37 reason=52 rip_before=65543 rip=65543 rax=978515372836 nonce=978515372836 witness=0
INTEL_PROBE phase=prepare_with_transport
INTEL_PROBE begin=finite_mtf call=3 deadline=978522452174 rip=65543 nonce=978516654730 witness=0
INTEL_PROBE end=finite_mtf call=3 status=0 mach_before=978517465813 mach_after=978517878651
INTEL_PROBE capture=finite_mtf call=3 exec_before=6795013 exec_after=7121682 reason_before=37 reason=37 rip_before=65543 rip=65546 rax=978516654731 nonce=978516654730 witness=0
INTEL_PROBE phase=verified_retry
INTEL_PROBE phase=prepare_with_transport
INTEL_PROBE phase=finite_retirement
INTEL_LIFECYCLE phase=vcpu_destroy_begin generation=59 owner=70365
INTEL_LIFECYCLE phase=vcpu_destroy_end generation=59 owner=70365
INTEL_LIFECYCLE phase=vm_destroy_begin generation=59 owner=70365
INTEL_LIFECYCLE phase=vm_destroy_end generation=59 owner=70365
INTEL_LIFECYCLE phase=vm_create_begin generation=60 owner=70365
INTEL_LIFECYCLE phase=vm_create_end generation=60 owner=70365
INTEL_LIFECYCLE phase=vcpu_create_begin generation=60 owner=70365
INTEL_LIFECYCLE phase=vcpu_create_end generation=60 owner=70365
[       OK ] HvfIntelProbe.FiniteDeadline (17 ms)
[----------] 1 test from HvfIntelProbe (17 ms total)

[==========] 1 test from 1 test suite ran. (17 ms total)
[  PASSED  ] 1 test.

Repeating all tests (iteration 60) . . .

Note: Google Test filter = HvfIntelProbe.FiniteDeadline
[==========] Running 1 test from 1 test suite.
[----------] 1 test from HvfIntelProbe
[ RUN      ] HvfIntelProbe.FiniteDeadline
INTEL_PROBE phase=executor_initialization
INTEL_PROBE phase=executor_retained
INTEL_PROBE phase=startup_probe
INTEL_PROBE phase=prepare_with_transport
INTEL_PROBE witness_budget mach_start=978527838487 mach_end=980527304776 remaining_ns=1999466289 timebase_numer=1 timebase_denom=1 max_calls=4096
INTEL_PROBE begin=finite_loop call=1 deadline=978532858666 rip=65537 nonce=978526964873 witness=0
INTEL_PROBE end=finite_loop call=1 status=0 mach_before=978527864235 mach_after=978540238460
INTEL_PROBE capture=finite_loop call=1 exec_before=1064566 exec_after=13300183 reason_before=37 reason=52 rip_before=65537 rip=65540 rax=978526964873 nonce=978526964873 witness=978526964873
INTEL_PROBE phase=prepare_with_transport
INTEL_PROBE begin=expired_mtf call=2 deadline=0 rip=65543 nonce=978540333407 witness=0
INTEL_PROBE end=expired_mtf call=2 status=0 mach_before=978542202356 mach_after=978542277687
INTEL_PROBE capture=expired_mtf call=2 exec_before=13690530 exec_after=13761615 reason_before=37 reason=52 rip_before=65543 rip=65543 rax=978540333407 nonce=978540333407 witness=0
INTEL_PROBE phase=prepare_with_transport
INTEL_PROBE begin=finite_mtf call=3 deadline=978548273817 rip=65543 nonce=978542356642 witness=0
INTEL_PROBE end=finite_mtf call=3 status=0 mach_before=978543293076 mach_after=978543720419
INTEL_PROBE capture=finite_mtf call=3 exec_before=14098173 exec_after=14433046 reason_before=37 reason=37 rip_before=65543 rip=65546 rax=978542356643 nonce=978542356642 witness=0
INTEL_PROBE phase=verified_retry
INTEL_PROBE phase=prepare_with_transport
INTEL_PROBE phase=finite_retirement
INTEL_LIFECYCLE phase=vcpu_destroy_begin generation=60 owner=70365
INTEL_LIFECYCLE phase=vcpu_destroy_end generation=60 owner=70365
INTEL_LIFECYCLE phase=vm_destroy_begin generation=60 owner=70365
INTEL_LIFECYCLE phase=vm_destroy_end generation=60 owner=70365
INTEL_LIFECYCLE phase=vm_create_begin generation=61 owner=70365
INTEL_LIFECYCLE phase=vm_create_end generation=61 owner=70365
INTEL_LIFECYCLE phase=vcpu_create_begin generation=61 owner=70365
INTEL_LIFECYCLE phase=vcpu_create_end generation=61 owner=70365
[       OK ] HvfIntelProbe.FiniteDeadline (26 ms)
[----------] 1 test from HvfIntelProbe (26 ms total)

[==========] 1 test from 1 test suite ran. (26 ms total)
[  PASSED  ] 1 test.

Repeating all tests (iteration 61) . . .

Note: Google Test filter = HvfIntelProbe.FiniteDeadline
[==========] Running 1 test from 1 test suite.
[----------] 1 test from HvfIntelProbe
[ RUN      ] HvfIntelProbe.FiniteDeadline
INTEL_PROBE phase=executor_initialization
INTEL_PROBE phase=executor_retained
INTEL_PROBE phase=startup_probe
INTEL_PROBE phase=prepare_with_transport
INTEL_PROBE witness_budget mach_start=978555276590 mach_end=980554277690 remaining_ns=1999001100 timebase_numer=1 timebase_denom=1 max_calls=4096
INTEL_PROBE begin=finite_loop call=1 deadline=978560299822 rip=65537 nonce=978553874731 witness=0
INTEL_PROBE end=finite_loop call=1 status=0 mach_before=978555308914 mach_after=978563572363
INTEL_PROBE capture=finite_loop call=1 exec_before=1378320 exec_after=9405775 reason_before=37 reason=1 rip_before=65537 rip=65540 rax=978553874731 nonce=978553874731 witness=978553874731
INTEL_PROBE begin=finite_loop call=2 deadline=978560299822 rip=65540 nonce=978553874731 witness=978553874731
INTEL_PROBE end=finite_loop call=2 status=0 mach_before=978563643157 mach_after=978563687024
INTEL_PROBE capture=finite_loop call=2 exec_before=9405775 exec_after=9446977 reason_before=1 reason=52 rip_before=65540 rip=65540 rax=978553874731 nonce=978553874731 witness=978553874731
INTEL_PROBE phase=prepare_with_transport
INTEL_PROBE begin=expired_mtf call=3 deadline=0 rip=65543 nonce=978563752926 witness=0
INTEL_PROBE end=expired_mtf call=3 status=0 mach_before=978565538209 mach_after=978565584220
INTEL_PROBE capture=expired_mtf call=3 exec_before=9796261 exec_after=9839323 reason_before=37 reason=52 rip_before=65543 rip=65543 rax=978563752926 nonce=978563752926 witness=0
INTEL_PROBE phase=prepare_with_transport
INTEL_PROBE begin=finite_mtf call=4 deadline=978571652739 rip=65543 nonce=978565665577 witness=0
INTEL_PROBE end=finite_mtf call=4 status=0 mach_before=978566669898 mach_after=978567113580
INTEL_PROBE capture=finite_mtf call=4 exec_before=10192105 exec_after=10546476 reason_before=37 reason=37 rip_before=65543 rip=65546 rax=978565665578 nonce=978565665577 witness=0
INTEL_PROBE phase=verified_retry
INTEL_PROBE phase=prepare_with_transport
INTEL_PROBE phase=finite_retirement
INTEL_LIFECYCLE phase=vcpu_destroy_begin generation=61 owner=70365
INTEL_LIFECYCLE phase=vcpu_destroy_end generation=61 owner=70365
INTEL_LIFECYCLE phase=vm_destroy_begin generation=61 owner=70365
INTEL_LIFECYCLE phase=vm_destroy_end generation=61 owner=70365
INTEL_LIFECYCLE phase=vm_create_begin generation=62 owner=70365
INTEL_LIFECYCLE phase=vm_create_end generation=62 owner=70365
INTEL_LIFECYCLE phase=vcpu_create_begin generation=62 owner=70365
INTEL_LIFECYCLE phase=vcpu_create_end generation=62 owner=70365
[       OK ] HvfIntelProbe.FiniteDeadline (23 ms)
[----------] 1 test from HvfIntelProbe (23 ms total)

[==========] 1 test from 1 test suite ran. (23 ms total)
[  PASSED  ] 1 test.

Repeating all tests (iteration 62) . . .

Note: Google Test filter = HvfIntelProbe.FiniteDeadline
[==========] Running 1 test from 1 test suite.
[----------] 1 test from HvfIntelProbe
[ RUN      ] HvfIntelProbe.FiniteDeadline
INTEL_PROBE phase=executor_initialization
INTEL_PROBE phase=executor_retained
INTEL_PROBE phase=startup_probe
INTEL_PROBE phase=prepare_with_transport
INTEL_PROBE witness_budget mach_start=978578824855 mach_end=980577461487 remaining_ns=1998636632 timebase_numer=1 timebase_denom=1 max_calls=4096
INTEL_PROBE begin=finite_loop call=1 deadline=978583863085 rip=65537 nonce=978576923797 witness=0
INTEL_PROBE end=finite_loop call=1 status=0 mach_before=978578872090 mach_after=978587996559
INTEL_PROBE capture=finite_loop call=1 exec_before=1253649 exec_after=10203149 reason_before=37 reason=52 rip_before=65537 rip=65540 rax=978576923797 nonce=978576923797 witness=978576923797
INTEL_PROBE phase=prepare_with_transport
INTEL_PROBE begin=expired_mtf call=2 deadline=0 rip=65543 nonce=978588090442 witness=0
INTEL_PROBE end=expired_mtf call=2 status=0 mach_before=978590360608 mach_after=978590405457
INTEL_PROBE capture=expired_mtf call=2 exec_before=10680756 exec_after=10723203 reason_before=37 reason=52 rip_before=65543 rip=65543 rax=978588090442 nonce=978588090442 witness=0
INTEL_PROBE phase=prepare_with_transport
INTEL_PROBE begin=finite_mtf call=3 deadline=978596400406 rip=65543 nonce=978590468027 witness=0
INTEL_PROBE end=finite_mtf call=3 status=0 mach_before=978591419922 mach_after=978591838779
INTEL_PROBE capture=finite_mtf call=3 exec_before=11061645 exec_after=11391492 reason_before=37 reason=37 rip_before=65543 rip=65546 rax=978590468028 nonce=978590468027 witness=0
INTEL_PROBE phase=verified_retry
INTEL_PROBE phase=prepare_with_transport
INTEL_PROBE phase=finite_retirement
INTEL_LIFECYCLE phase=vcpu_destroy_begin generation=62 owner=70365
INTEL_LIFECYCLE phase=vcpu_destroy_end generation=62 owner=70365
INTEL_LIFECYCLE phase=vm_destroy_begin generation=62 owner=70365
INTEL_LIFECYCLE phase=vm_destroy_end generation=62 owner=70365
INTEL_LIFECYCLE phase=vm_create_begin generation=63 owner=70365
INTEL_LIFECYCLE phase=vm_create_end generation=63 owner=70365
INTEL_LIFECYCLE phase=vcpu_create_begin generation=63 owner=70365
INTEL_LIFECYCLE phase=vcpu_create_end generation=63 owner=70365
[       OK ] HvfIntelProbe.FiniteDeadline (24 ms)
[----------] 1 test from HvfIntelProbe (24 ms total)

[==========] 1 test from 1 test suite ran. (24 ms total)
[  PASSED  ] 1 test.

Repeating all tests (iteration 63) . . .

Note: Google Test filter = HvfIntelProbe.FiniteDeadline
[==========] Running 1 test from 1 test suite.
[----------] 1 test from HvfIntelProbe
[ RUN      ] HvfIntelProbe.FiniteDeadline
INTEL_PROBE phase=executor_initialization
INTEL_PROBE phase=executor_retained
INTEL_PROBE phase=startup_probe
INTEL_PROBE phase=prepare_with_transport
INTEL_PROBE witness_budget mach_start=978603285695 mach_end=980602057427 remaining_ns=1998771732 timebase_numer=1 timebase_denom=1 max_calls=4096
INTEL_PROBE begin=finite_loop call=1 deadline=978608314756 rip=65537 nonce=978601721502 witness=0
INTEL_PROBE end=finite_loop call=1 status=0 mach_before=978603321355 mach_after=978605127950
INTEL_PROBE capture=finite_loop call=1 exec_before=1215701 exec_after=2822881 reason_before=37 reason=1 rip_before=65537 rip=65540 rax=978601721502 nonce=978601721502 witness=978601721502
INTEL_PROBE begin=finite_loop call=2 deadline=978608314756 rip=65540 nonce=978601721502 witness=978601721502
INTEL_PROBE end=finite_loop call=2 status=0 mach_before=978605172489 mach_after=978611003834
INTEL_PROBE capture=finite_loop call=2 exec_before=2822881 exec_after=8592985 reason_before=1 reason=52 rip_before=65540 rip=65540 rax=978601721502 nonce=978601721502 witness=978601721502
INTEL_PROBE phase=prepare_with_transport
INTEL_PROBE begin=expired_mtf call=3 deadline=0 rip=65543 nonce=978611160489 witness=0
INTEL_PROBE end=expired_mtf call=3 status=0 mach_before=978613031858 mach_after=978613078022
INTEL_PROBE capture=expired_mtf call=3 exec_before=8956839 exec_after=8999961 reason_before=37 reason=52 rip_before=65543 rip=65543 rax=978611160489 nonce=978611160489 witness=0
INTEL_PROBE phase=prepare_with_transport
INTEL_PROBE begin=finite_mtf call=4 deadline=978619034708 rip=65543 nonce=978613159392 witness=0
INTEL_PROBE end=finite_mtf call=4 status=0 mach_before=978614049006 mach_after=978614507428
INTEL_PROBE capture=finite_mtf call=4 exec_before=9333711 exec_after=9698287 reason_before=37 reason=37 rip_before=65543 rip=65546 rax=978613159393 nonce=978613159392 witness=0
INTEL_PROBE phase=verified_retry
INTEL_PROBE phase=prepare_with_transport
INTEL_PROBE phase=finite_retirement
INTEL_LIFECYCLE phase=vcpu_destroy_begin generation=63 owner=70365
INTEL_LIFECYCLE phase=vcpu_destroy_end generation=63 owner=70365
INTEL_LIFECYCLE phase=vm_destroy_begin generation=63 owner=70365
INTEL_LIFECYCLE phase=vm_destroy_end generation=63 owner=70365
INTEL_LIFECYCLE phase=vm_create_begin generation=64 owner=70365
INTEL_LIFECYCLE phase=vm_create_end generation=64 owner=70365
INTEL_LIFECYCLE phase=vcpu_create_begin generation=64 owner=70365
INTEL_LIFECYCLE phase=vcpu_create_end generation=64 owner=70365
[       OK ] HvfIntelProbe.FiniteDeadline (22 ms)
[----------] 1 test from HvfIntelProbe (22 ms total)

[==========] 1 test from 1 test suite ran. (22 ms total)
[  PASSED  ] 1 test.

Repeating all tests (iteration 64) . . .

Note: Google Test filter = HvfIntelProbe.FiniteDeadline
[==========] Running 1 test from 1 test suite.
[----------] 1 test from HvfIntelProbe
[ RUN      ] HvfIntelProbe.FiniteDeadline
INTEL_PROBE phase=executor_initialization
INTEL_PROBE phase=executor_retained
INTEL_PROBE phase=startup_probe
INTEL_PROBE phase=prepare_with_transport
INTEL_PROBE witness_budget mach_start=978625652510 mach_end=980624348252 remaining_ns=1998695742 timebase_numer=1 timebase_denom=1 max_calls=4096
INTEL_PROBE begin=finite_loop call=1 deadline=978630678519 rip=65537 nonce=978624009512 witness=0
INTEL_PROBE end=finite_loop call=1 status=0 mach_before=978625684271 mach_after=978629242791
INTEL_PROBE capture=finite_loop call=1 exec_before=1132173 exec_after=4411689 reason_before=37 reason=1 rip_before=65537 rip=65540 rax=978624009512 nonce=978624009512 witness=978624009512
INTEL_PROBE begin=finite_loop call=2 deadline=978630678519 rip=65540 nonce=978624009512 witness=978624009512
INTEL_PROBE end=finite_loop call=2 status=0 mach_before=978629294183 mach_after=978633426659
INTEL_PROBE capture=finite_loop call=2 exec_before=4411689 exec_after=8534254 reason_before=1 reason=52 rip_before=65540 rip=65540 rax=978624009512 nonce=978624009512 witness=978624009512
INTEL_PROBE phase=prepare_with_transport
INTEL_PROBE begin=expired_mtf call=3 deadline=0 rip=65543 nonce=978633879966 witness=0
INTEL_PROBE end=expired_mtf call=3 status=0 mach_before=978637611976 mach_after=978637689012
INTEL_PROBE capture=expired_mtf call=3 exec_before=8891650 exec_after=8965411 reason_before=37 reason=52 rip_before=65543 rip=65543 rax=978633879966 nonce=978633879966 witness=0
INTEL_PROBE phase=prepare_with_transport
INTEL_PROBE begin=finite_mtf call=4 deadline=978643732007 rip=65543 nonce=978637774175 witness=0
INTEL_PROBE end=finite_mtf call=4 status=0 mach_before=978638747519 mach_after=978639163906
INTEL_PROBE capture=finite_mtf call=4 exec_before=9312024 exec_after=9642804 reason_before=37 reason=37 rip_before=65543 rip=65546 rax=978637774176 nonce=978637774175 witness=0
INTEL_PROBE phase=verified_retry
INTEL_PROBE phase=prepare_with_transport
INTEL_PROBE phase=finite_retirement
INTEL_LIFECYCLE phase=vcpu_destroy_begin generation=64 owner=70365
INTEL_LIFECYCLE phase=vcpu_destroy_end generation=64 owner=70365
INTEL_LIFECYCLE phase=vm_destroy_begin generation=64 owner=70365
INTEL_LIFECYCLE phase=vm_destroy_end generation=64 owner=70365
INTEL_LIFECYCLE phase=vm_create_begin generation=65 owner=70365
INTEL_LIFECYCLE phase=vm_create_end generation=65 owner=70365
INTEL_LIFECYCLE phase=vcpu_create_begin generation=65 owner=70365
INTEL_LIFECYCLE phase=vcpu_create_end generation=65 owner=70365
[       OK ] HvfIntelProbe.FiniteDeadline (25 ms)
[----------] 1 test from HvfIntelProbe (25 ms total)

[==========] 1 test from 1 test suite ran. (25 ms total)
[  PASSED  ] 1 test.

Repeating all tests (iteration 65) . . .

Note: Google Test filter = HvfIntelProbe.FiniteDeadline
[==========] Running 1 test from 1 test suite.
[----------] 1 test from HvfIntelProbe
[ RUN      ] HvfIntelProbe.FiniteDeadline
INTEL_PROBE phase=executor_initialization
INTEL_PROBE phase=executor_retained
INTEL_PROBE phase=startup_probe
INTEL_PROBE phase=prepare_with_transport
INTEL_PROBE witness_budget mach_start=978651096421 mach_end=980649998691 remaining_ns=1998902270 timebase_numer=1 timebase_denom=1 max_calls=4096
INTEL_PROBE begin=finite_loop call=1 deadline=978656123865 rip=65537 nonce=978649663564 witness=0
INTEL_PROBE end=finite_loop call=1 status=0 mach_before=978651129761 mach_after=978656427978
INTEL_PROBE capture=finite_loop call=1 exec_before=1067236 exec_after=6200261 reason_before=37 reason=52 rip_before=65537 rip=65540 rax=978649663564 nonce=978649663564 witness=978649663564
INTEL_PROBE phase=prepare_with_transport
INTEL_PROBE begin=expired_mtf call=2 deadline=0 rip=65543 nonce=978656556652 witness=0
INTEL_PROBE end=expired_mtf call=2 status=0 mach_before=978658438250 mach_after=978658525983
INTEL_PROBE capture=expired_mtf call=2 exec_before=6625325 exec_after=6709785 reason_before=37 reason=52 rip_before=65543 rip=65543 rax=978656556652 nonce=978656556652 witness=0
INTEL_PROBE phase=prepare_with_transport
INTEL_PROBE begin=finite_mtf call=3 deadline=978664533246 rip=65543 nonce=978658593527 witness=0
INTEL_PROBE end=finite_mtf call=3 status=0 mach_before=978659550580 mach_after=978660012881
INTEL_PROBE capture=finite_mtf call=3 exec_before=7076745 exec_after=7430893 reason_before=37 reason=37 rip_before=65543 rip=65546 rax=978658593528 nonce=978658593527 witness=0
INTEL_PROBE phase=verified_retry
INTEL_PROBE phase=prepare_with_transport
INTEL_PROBE phase=finite_retirement
INTEL_LIFECYCLE phase=vcpu_destroy_begin generation=65 owner=70365
INTEL_LIFECYCLE phase=vcpu_destroy_end generation=65 owner=70365
INTEL_LIFECYCLE phase=vm_destroy_begin generation=65 owner=70365
INTEL_LIFECYCLE phase=vm_destroy_end generation=65 owner=70365
INTEL_LIFECYCLE phase=vm_create_begin generation=66 owner=70365
INTEL_LIFECYCLE phase=vm_create_end generation=66 owner=70365
INTEL_LIFECYCLE phase=vcpu_create_begin generation=66 owner=70365
INTEL_LIFECYCLE phase=vcpu_create_end generation=66 owner=70365
[       OK ] HvfIntelProbe.FiniteDeadline (19 ms)
[----------] 1 test from HvfIntelProbe (19 ms total)

[==========] 1 test from 1 test suite ran. (19 ms total)
[  PASSED  ] 1 test.

Repeating all tests (iteration 66) . . .

Note: Google Test filter = HvfIntelProbe.FiniteDeadline
[==========] Running 1 test from 1 test suite.
[----------] 1 test from HvfIntelProbe
[ RUN      ] HvfIntelProbe.FiniteDeadline
INTEL_PROBE phase=executor_initialization
INTEL_PROBE phase=executor_retained
INTEL_PROBE phase=startup_probe
INTEL_PROBE phase=prepare_with_transport
INTEL_PROBE witness_budget mach_start=978670290105 mach_end=980669615369 remaining_ns=1999325264 timebase_numer=1 timebase_denom=1 max_calls=4096
INTEL_PROBE begin=finite_loop call=1 deadline=978675325880 rip=65537 nonce=978669079428 witness=0
INTEL_PROBE end=finite_loop call=1 status=0 mach_before=978670336618 mach_after=978675370700
INTEL_PROBE capture=finite_loop call=1 exec_before=1273936 exec_after=6140261 reason_before=37 reason=52 rip_before=65537 rip=65540 rax=978669079428 nonce=978669079428 witness=978669079428
INTEL_PROBE phase=prepare_with_transport
INTEL_PROBE begin=expired_mtf call=2 deadline=0 rip=65543 nonce=978675457396 witness=0
INTEL_PROBE end=expired_mtf call=2 status=0 mach_before=978677210168 mach_after=978677254407
INTEL_PROBE capture=expired_mtf call=2 exec_before=6477444 exec_after=6519225 reason_before=37 reason=52 rip_before=65543 rip=65543 rax=978675457396 nonce=978675457396 witness=0
INTEL_PROBE phase=prepare_with_transport
INTEL_PROBE begin=finite_mtf call=3 deadline=978683408705 rip=65543 nonce=978677316041 witness=0
INTEL_PROBE end=finite_mtf call=3 status=0 mach_before=978678427197 mach_after=978678851401
INTEL_PROBE capture=finite_mtf call=3 exec_before=6942563 exec_after=7278851 reason_before=37 reason=37 rip_before=65543 rip=65546 rax=978677316042 nonce=978677316041 witness=0
INTEL_PROBE phase=verified_retry
INTEL_PROBE phase=prepare_with_transport
INTEL_PROBE phase=finite_retirement
INTEL_LIFECYCLE phase=vcpu_destroy_begin generation=66 owner=70365
INTEL_LIFECYCLE phase=vcpu_destroy_end generation=66 owner=70365
INTEL_LIFECYCLE phase=vm_destroy_begin generation=66 owner=70365
INTEL_LIFECYCLE phase=vm_destroy_end generation=66 owner=70365
INTEL_LIFECYCLE phase=vm_create_begin generation=67 owner=70365
INTEL_LIFECYCLE phase=vm_create_end generation=67 owner=70365
INTEL_LIFECYCLE phase=vcpu_create_begin generation=67 owner=70365
INTEL_LIFECYCLE phase=vcpu_create_end generation=67 owner=70365
[       OK ] HvfIntelProbe.FiniteDeadline (19 ms)
[----------] 1 test from HvfIntelProbe (19 ms total)

[==========] 1 test from 1 test suite ran. (19 ms total)
[  PASSED  ] 1 test.

Repeating all tests (iteration 67) . . .

Note: Google Test filter = HvfIntelProbe.FiniteDeadline
[==========] Running 1 test from 1 test suite.
[----------] 1 test from HvfIntelProbe
[ RUN      ] HvfIntelProbe.FiniteDeadline
INTEL_PROBE phase=executor_initialization
INTEL_PROBE phase=executor_retained
INTEL_PROBE phase=startup_probe
INTEL_PROBE phase=prepare_with_transport
INTEL_PROBE witness_budget mach_start=978689464779 mach_end=980688508704 remaining_ns=1999043925 timebase_numer=1 timebase_denom=1 max_calls=4096
INTEL_PROBE begin=finite_loop call=1 deadline=978694488152 rip=65537 nonce=978688129457 witness=0
INTEL_PROBE end=finite_loop call=1 status=0 mach_before=978689494032 mach_after=978699767733
INTEL_PROBE capture=finite_loop call=1 exec_before=1080613 exec_after=11239436 reason_before=37 reason=52 rip_before=65537 rip=65540 rax=978688129457 nonce=978688129457 witness=978688129457
INTEL_PROBE phase=prepare_with_transport
INTEL_PROBE begin=expired_mtf call=2 deadline=0 rip=65543 nonce=978699852956 witness=0
INTEL_PROBE end=expired_mtf call=2 status=0 mach_before=978701697885 mach_after=978701740462
INTEL_PROBE capture=expired_mtf call=2 exec_before=11593394 exec_after=11633632 reason_before=37 reason=52 rip_before=65543 rip=65543 rax=978699852956 nonce=978699852956 witness=0
INTEL_PROBE phase=prepare_with_transport
INTEL_PROBE begin=finite_mtf call=3 deadline=978707833290 rip=65543 nonce=978701800223 witness=0
INTEL_PROBE end=finite_mtf call=3 status=0 mach_before=978702846817 mach_after=978703274368
INTEL_PROBE capture=finite_mtf call=3 exec_before=11956704 exec_after=12296808 reason_before=37 reason=37 rip_before=65543 rip=65546 rax=978701800224 nonce=978701800223 witness=0
INTEL_PROBE phase=verified_retry
INTEL_PROBE phase=prepare_with_transport
INTEL_PROBE phase=finite_retirement
INTEL_LIFECYCLE phase=vcpu_destroy_begin generation=67 owner=70365
INTEL_LIFECYCLE phase=vcpu_destroy_end generation=67 owner=70365
INTEL_LIFECYCLE phase=vm_destroy_begin generation=67 owner=70365
INTEL_LIFECYCLE phase=vm_destroy_end generation=67 owner=70365
INTEL_LIFECYCLE phase=vm_create_begin generation=68 owner=70365
INTEL_LIFECYCLE phase=vm_create_end generation=68 owner=70365
INTEL_LIFECYCLE phase=vcpu_create_begin generation=68 owner=70365
INTEL_LIFECYCLE phase=vcpu_create_end generation=68 owner=70365
[       OK ] HvfIntelProbe.FiniteDeadline (24 ms)
[----------] 1 test from HvfIntelProbe (24 ms total)

[==========] 1 test from 1 test suite ran. (24 ms total)
[  PASSED  ] 1 test.

Repeating all tests (iteration 68) . . .

Note: Google Test filter = HvfIntelProbe.FiniteDeadline
[==========] Running 1 test from 1 test suite.
[----------] 1 test from HvfIntelProbe
[ RUN      ] HvfIntelProbe.FiniteDeadline
INTEL_PROBE phase=executor_initialization
INTEL_PROBE phase=executor_retained
INTEL_PROBE phase=startup_probe
INTEL_PROBE phase=prepare_with_transport
INTEL_PROBE witness_budget mach_start=978713048580 mach_end=980712515247 remaining_ns=1999466667 timebase_numer=1 timebase_denom=1 max_calls=4096
INTEL_PROBE begin=finite_loop call=1 deadline=978718066618 rip=65537 nonce=978712191856 witness=0
INTEL_PROBE end=finite_loop call=1 status=0 mach_before=978713071830 mach_after=978720417395
INTEL_PROBE capture=finite_loop call=1 exec_before=1143067 exec_after=8353655 reason_before=37 reason=52 rip_before=65537 rip=65540 rax=978712191856 nonce=978712191856 witness=978712191856
INTEL_PROBE phase=prepare_with_transport
INTEL_PROBE begin=expired_mtf call=2 deadline=0 rip=65543 nonce=978720491466 witness=0
INTEL_PROBE end=expired_mtf call=2 status=0 mach_before=978722725111 mach_after=978722770048
INTEL_PROBE capture=expired_mtf call=2 exec_before=8792039 exec_after=8834558 reason_before=37 reason=52 rip_before=65543 rip=65543 rax=978720491466 nonce=978720491466 witness=0
INTEL_PROBE phase=prepare_with_transport
INTEL_PROBE begin=finite_mtf call=3 deadline=978728646857 rip=65543 nonce=978722835907 witness=0
INTEL_PROBE end=finite_mtf call=3 status=0 mach_before=978723663309 mach_after=978724076011
INTEL_PROBE capture=finite_mtf call=3 exec_before=9162947 exec_after=9489585 reason_before=37 reason=37 rip_before=65543 rip=65546 rax=978722835908 nonce=978722835907 witness=0
INTEL_PROBE phase=verified_retry
INTEL_PROBE phase=prepare_with_transport
INTEL_PROBE phase=finite_retirement
INTEL_LIFECYCLE phase=vcpu_destroy_begin generation=68 owner=70365
INTEL_LIFECYCLE phase=vcpu_destroy_end generation=68 owner=70365
INTEL_LIFECYCLE phase=vm_destroy_begin generation=68 owner=70365
INTEL_LIFECYCLE phase=vm_destroy_end generation=68 owner=70365
INTEL_LIFECYCLE phase=vm_create_begin generation=69 owner=70365
INTEL_LIFECYCLE phase=vm_create_end generation=69 owner=70365
INTEL_LIFECYCLE phase=vcpu_create_begin generation=69 owner=70365
INTEL_LIFECYCLE phase=vcpu_create_end generation=69 owner=70365
[       OK ] HvfIntelProbe.FiniteDeadline (20 ms)
[----------] 1 test from HvfIntelProbe (20 ms total)

[==========] 1 test from 1 test suite ran. (20 ms total)
[  PASSED  ] 1 test.

Repeating all tests (iteration 69) . . .

Note: Google Test filter = HvfIntelProbe.FiniteDeadline
[==========] Running 1 test from 1 test suite.
[----------] 1 test from HvfIntelProbe
[ RUN      ] HvfIntelProbe.FiniteDeadline
INTEL_PROBE phase=executor_initialization
INTEL_PROBE phase=executor_retained
INTEL_PROBE phase=startup_probe
INTEL_PROBE phase=prepare_with_transport
INTEL_PROBE witness_budget mach_start=978734378783 mach_end=980733431988 remaining_ns=1999053205 timebase_numer=1 timebase_denom=1 max_calls=4096
INTEL_PROBE begin=finite_loop call=1 deadline=978739406264 rip=65537 nonce=978733059507 witness=0
INTEL_PROBE end=finite_loop call=1 status=0 mach_before=978734412552 mach_after=978740080989
INTEL_PROBE capture=finite_loop call=1 exec_before=1104567 exec_after=6549410 reason_before=37 reason=52 rip_before=65537 rip=65540 rax=978733059507 nonce=978733059507 witness=978733059507
INTEL_PROBE phase=prepare_with_transport
INTEL_PROBE begin=expired_mtf call=2 deadline=0 rip=65543 nonce=978740231528 witness=0
INTEL_PROBE end=expired_mtf call=2 status=0 mach_before=978741695909 mach_after=978741740779
INTEL_PROBE capture=expired_mtf call=2 exec_before=6903692 exec_after=6946054 reason_before=37 reason=52 rip_before=65543 rip=65543 rax=978740231528 nonce=978740231528 witness=0
INTEL_PROBE phase=prepare_with_transport
INTEL_PROBE begin=finite_mtf call=3 deadline=978747956714 rip=65543 nonce=978741817906 witness=0
INTEL_PROBE end=finite_mtf call=3 status=0 mach_before=978742977125 mach_after=978743516254
INTEL_PROBE capture=finite_mtf call=3 exec_before=7291300 exec_after=7687488 reason_before=37 reason=37 rip_before=65543 rip=65546 rax=978741817907 nonce=978741817906 witness=0
INTEL_PROBE phase=verified_retry
INTEL_PROBE phase=prepare_with_transport
INTEL_PROBE phase=finite_retirement
INTEL_LIFECYCLE phase=vcpu_destroy_begin generation=69 owner=70365
INTEL_LIFECYCLE phase=vcpu_destroy_end generation=69 owner=70365
INTEL_LIFECYCLE phase=vm_destroy_begin generation=69 owner=70365
INTEL_LIFECYCLE phase=vm_destroy_end generation=69 owner=70365
INTEL_LIFECYCLE phase=vm_create_begin generation=70 owner=70365
INTEL_LIFECYCLE phase=vm_create_end generation=70 owner=70365
INTEL_LIFECYCLE phase=vcpu_create_begin generation=70 owner=70365
INTEL_LIFECYCLE phase=vcpu_create_end generation=70 owner=70365
[       OK ] HvfIntelProbe.FiniteDeadline (19 ms)
[----------] 1 test from HvfIntelProbe (19 ms total)

[==========] 1 test from 1 test suite ran. (19 ms total)
[  PASSED  ] 1 test.

Repeating all tests (iteration 70) . . .

Note: Google Test filter = HvfIntelProbe.FiniteDeadline
[==========] Running 1 test from 1 test suite.
[----------] 1 test from HvfIntelProbe
[ RUN      ] HvfIntelProbe.FiniteDeadline
INTEL_PROBE phase=executor_initialization
INTEL_PROBE phase=executor_retained
INTEL_PROBE phase=startup_probe
INTEL_PROBE phase=prepare_with_transport
INTEL_PROBE witness_budget mach_start=978755247302 mach_end=980753906728 remaining_ns=1998659426 timebase_numer=1 timebase_denom=1 max_calls=4096
INTEL_PROBE begin=finite_loop call=1 deadline=978760279647 rip=65537 nonce=978753558042 witness=0
INTEL_PROBE end=finite_loop call=1 status=0 mach_before=978755285723 mach_after=978774218738
INTEL_PROBE capture=finite_loop call=1 exec_before=1174512 exec_after=19991924 reason_before=37 reason=52 rip_before=65537 rip=65540 rax=978753558042 nonce=978753558042 witness=978753558042
INTEL_PROBE phase=prepare_with_transport
INTEL_PROBE begin=expired_mtf call=2 deadline=0 rip=65543 nonce=978774324163 witness=0
INTEL_PROBE end=expired_mtf call=2 status=0 mach_before=978776159220 mach_after=978776203015
INTEL_PROBE capture=expired_mtf call=2 exec_before=20430015 exec_after=20471065 reason_before=37 reason=52 rip_before=65543 rip=65543 rax=978774324163 nonce=978774324163 witness=0
INTEL_PROBE phase=prepare_with_transport
INTEL_PROBE begin=finite_mtf call=3 deadline=978782226046 rip=65543 nonce=978776287704 witness=0
INTEL_PROBE end=finite_mtf call=3 status=0 mach_before=978777243037 mach_after=978777666024
INTEL_PROBE capture=finite_mtf call=3 exec_before=20843213 exec_after=21177096 reason_before=37 reason=37 rip_before=65543 rip=65546 rax=978776287705 nonce=978776287704 witness=0
INTEL_PROBE phase=verified_retry
INTEL_PROBE phase=prepare_with_transport
INTEL_PROBE phase=finite_retirement
INTEL_LIFECYCLE phase=vcpu_destroy_begin generation=70 owner=70365
INTEL_LIFECYCLE phase=vcpu_destroy_end generation=70 owner=70365
INTEL_LIFECYCLE phase=vm_destroy_begin generation=70 owner=70365
INTEL_LIFECYCLE phase=vm_destroy_end generation=70 owner=70365
INTEL_LIFECYCLE phase=vm_create_begin generation=71 owner=70365
INTEL_LIFECYCLE phase=vm_create_end generation=71 owner=70365
INTEL_LIFECYCLE phase=vcpu_create_begin generation=71 owner=70365
INTEL_LIFECYCLE phase=vcpu_create_end generation=71 owner=70365
[       OK ] HvfIntelProbe.FiniteDeadline (33 ms)
[----------] 1 test from HvfIntelProbe (33 ms total)

[==========] 1 test from 1 test suite ran. (33 ms total)
[  PASSED  ] 1 test.

Repeating all tests (iteration 71) . . .

Note: Google Test filter = HvfIntelProbe.FiniteDeadline
[==========] Running 1 test from 1 test suite.
[----------] 1 test from HvfIntelProbe
[ RUN      ] HvfIntelProbe.FiniteDeadline
INTEL_PROBE phase=executor_initialization
INTEL_PROBE phase=executor_retained
INTEL_PROBE phase=startup_probe
INTEL_PROBE phase=prepare_with_transport
INTEL_PROBE witness_budget mach_start=978788390706 mach_end=980787911648 remaining_ns=1999520942 timebase_numer=1 timebase_denom=1 max_calls=4096
INTEL_PROBE begin=finite_loop call=1 deadline=978793410151 rip=65537 nonce=978787356450 witness=0
INTEL_PROBE end=finite_loop call=1 status=0 mach_before=978788416819 mach_after=978802984328
INTEL_PROBE capture=finite_loop call=1 exec_before=1296833 exec_after=15751441 reason_before=37 reason=52 rip_before=65537 rip=65540 rax=978787356450 nonce=978787356450 witness=978787356450
INTEL_PROBE phase=prepare_with_transport
INTEL_PROBE begin=expired_mtf call=2 deadline=0 rip=65543 nonce=978803072866 witness=0
INTEL_PROBE end=expired_mtf call=2 status=0 mach_before=978804749490 mach_after=978804794020
INTEL_PROBE capture=expired_mtf call=2 exec_before=16085091 exec_after=16127065 reason_before=37 reason=52 rip_before=65543 rip=65543 rax=978803072866 nonce=978803072866 witness=0
INTEL_PROBE phase=prepare_with_transport
INTEL_PROBE begin=finite_mtf call=3 deadline=978811044989 rip=65543 nonce=978804857231 witness=0
INTEL_PROBE end=finite_mtf call=3 status=0 mach_before=978806061743 mach_after=978806488316
INTEL_PROBE capture=finite_mtf call=3 exec_before=16467261 exec_after=16802350 reason_before=37 reason=37 rip_before=65543 rip=65546 rax=978804857232 nonce=978804857231 witness=0
INTEL_PROBE phase=verified_retry
INTEL_PROBE phase=prepare_with_transport
INTEL_PROBE phase=finite_retirement
INTEL_LIFECYCLE phase=vcpu_destroy_begin generation=71 owner=70365
INTEL_LIFECYCLE phase=vcpu_destroy_end generation=71 owner=70365
INTEL_LIFECYCLE phase=vm_destroy_begin generation=71 owner=70365
INTEL_LIFECYCLE phase=vm_destroy_end generation=71 owner=70365
INTEL_LIFECYCLE phase=vm_create_begin generation=72 owner=70365
INTEL_LIFECYCLE phase=vm_create_end generation=72 owner=70365
INTEL_LIFECYCLE phase=vcpu_create_begin generation=72 owner=70365
INTEL_LIFECYCLE phase=vcpu_create_end generation=72 owner=70365
[       OK ] HvfIntelProbe.FiniteDeadline (28 ms)
[----------] 1 test from HvfIntelProbe (28 ms total)

[==========] 1 test from 1 test suite ran. (28 ms total)
[  PASSED  ] 1 test.

Repeating all tests (iteration 72) . . .

Note: Google Test filter = HvfIntelProbe.FiniteDeadline
[==========] Running 1 test from 1 test suite.
[----------] 1 test from HvfIntelProbe
[ RUN      ] HvfIntelProbe.FiniteDeadline
INTEL_PROBE phase=executor_initialization
INTEL_PROBE phase=executor_retained
INTEL_PROBE phase=startup_probe
INTEL_PROBE phase=prepare_with_transport
INTEL_PROBE witness_budget mach_start=978816812160 mach_end=980815967214 remaining_ns=1999155054 timebase_numer=1 timebase_denom=1 max_calls=4096
INTEL_PROBE begin=finite_loop call=1 deadline=978821836265 rip=65537 nonce=978815605966 witness=0
INTEL_PROBE end=finite_loop call=1 status=0 mach_before=978816842765 mach_after=978821878830
INTEL_PROBE capture=finite_loop call=1 exec_before=1136196 exec_after=6021613 reason_before=37 reason=52 rip_before=65537 rip=65540 rax=978815605966 nonce=978815605966 witness=978815605966
INTEL_PROBE phase=prepare_with_transport
INTEL_PROBE begin=expired_mtf call=2 deadline=0 rip=65543 nonce=978821965271 witness=0
INTEL_PROBE end=expired_mtf call=2 status=0 mach_before=978823699574 mach_after=978823743588
INTEL_PROBE capture=expired_mtf call=2 exec_before=6357529 exec_after=6399300 reason_before=37 reason=52 rip_before=65543 rip=65543 rax=978821965271 nonce=978821965271 witness=0
INTEL_PROBE phase=prepare_with_transport
INTEL_PROBE begin=finite_mtf call=3 deadline=978829637376 rip=65543 nonce=978823805223 witness=0
INTEL_PROBE end=finite_mtf call=3 status=0 mach_before=978824652767 mach_after=978825066244
INTEL_PROBE capture=finite_mtf call=3 exec_before=6730528 exec_after=7057407 reason_before=37 reason=37 rip_before=65543 rip=65546 rax=978823805224 nonce=978823805223 witness=0
INTEL_PROBE phase=verified_retry
INTEL_PROBE phase=prepare_with_transport
INTEL_PROBE phase=finite_retirement
INTEL_LIFECYCLE phase=vcpu_destroy_begin generation=72 owner=70365
INTEL_LIFECYCLE phase=vcpu_destroy_end generation=72 owner=70365
INTEL_LIFECYCLE phase=vm_destroy_begin generation=72 owner=70365
INTEL_LIFECYCLE phase=vm_destroy_end generation=72 owner=70365
INTEL_LIFECYCLE phase=vm_create_begin generation=73 owner=70365
INTEL_LIFECYCLE phase=vm_create_end generation=73 owner=70365
INTEL_LIFECYCLE phase=vcpu_create_begin generation=73 owner=70365
INTEL_LIFECYCLE phase=vcpu_create_end generation=73 owner=70365
[       OK ] HvfIntelProbe.FiniteDeadline (18 ms)
[----------] 1 test from HvfIntelProbe (18 ms total)

[==========] 1 test from 1 test suite ran. (18 ms total)
[  PASSED  ] 1 test.

Repeating all tests (iteration 73) . . .

Note: Google Test filter = HvfIntelProbe.FiniteDeadline
[==========] Running 1 test from 1 test suite.
[----------] 1 test from HvfIntelProbe
[ RUN      ] HvfIntelProbe.FiniteDeadline
INTEL_PROBE phase=executor_initialization
INTEL_PROBE phase=executor_retained
INTEL_PROBE phase=startup_probe
INTEL_PROBE phase=prepare_with_transport
INTEL_PROBE witness_budget mach_start=978835438299 mach_end=980834204386 remaining_ns=1998766087 timebase_numer=1 timebase_denom=1 max_calls=4096
INTEL_PROBE begin=finite_loop call=1 deadline=978840466257 rip=65537 nonce=978833872436 witness=0
INTEL_PROBE end=finite_loop call=1 status=0 mach_before=978835473066 mach_after=978843976181
INTEL_PROBE capture=finite_loop call=1 exec_before=1017395 exec_after=9395178 reason_before=37 reason=52 rip_before=65537 rip=65540 rax=978833872436 nonce=978833872436 witness=978833872436
INTEL_PROBE phase=prepare_with_transport
INTEL_PROBE begin=expired_mtf call=2 deadline=0 rip=65543 nonce=978844060335 witness=0
INTEL_PROBE end=expired_mtf call=2 status=0 mach_before=978845429239 mach_after=978845474264
INTEL_PROBE capture=expired_mtf call=2 exec_before=9811343 exec_after=9853777 reason_before=37 reason=52 rip_before=65543 rip=65543 rax=978844060335 nonce=978844060335 witness=0
INTEL_PROBE phase=prepare_with_transport
INTEL_PROBE begin=finite_mtf call=3 deadline=978851495133 rip=65543 nonce=978845563705 witness=0
INTEL_PROBE end=finite_mtf call=3 status=0 mach_before=978846511580 mach_after=978846934678
INTEL_PROBE capture=finite_mtf call=3 exec_before=10188068 exec_after=10523830 reason_before=37 reason=37 rip_before=65543 rip=65546 rax=978845563706 nonce=978845563705 witness=0
INTEL_PROBE phase=verified_retry
INTEL_PROBE phase=prepare_with_transport
INTEL_PROBE phase=finite_retirement
INTEL_LIFECYCLE phase=vcpu_destroy_begin generation=73 owner=70365
INTEL_LIFECYCLE phase=vcpu_destroy_end generation=73 owner=70365
INTEL_LIFECYCLE phase=vm_destroy_begin generation=73 owner=70365
INTEL_LIFECYCLE phase=vm_destroy_end generation=73 owner=70365
INTEL_LIFECYCLE phase=vm_create_begin generation=74 owner=70365
INTEL_LIFECYCLE phase=vm_create_end generation=74 owner=70365
INTEL_LIFECYCLE phase=vcpu_create_begin generation=74 owner=70365
INTEL_LIFECYCLE phase=vcpu_create_end generation=74 owner=70365
[       OK ] HvfIntelProbe.FiniteDeadline (22 ms)
[----------] 1 test from HvfIntelProbe (22 ms total)

[==========] 1 test from 1 test suite ran. (22 ms total)
[  PASSED  ] 1 test.

Repeating all tests (iteration 74) . . .

Note: Google Test filter = HvfIntelProbe.FiniteDeadline
[==========] Running 1 test from 1 test suite.
[----------] 1 test from HvfIntelProbe
[ RUN      ] HvfIntelProbe.FiniteDeadline
INTEL_PROBE phase=executor_initialization
INTEL_PROBE phase=executor_retained
INTEL_PROBE phase=startup_probe
INTEL_PROBE phase=prepare_with_transport
INTEL_PROBE witness_budget mach_start=978856826678 mach_end=980856272401 remaining_ns=1999445723 timebase_numer=1 timebase_denom=1 max_calls=4096
INTEL_PROBE begin=finite_loop call=1 deadline=978861856008 rip=65537 nonce=978855903861 witness=0
INTEL_PROBE end=finite_loop call=1 status=0 mach_before=978856865267 mach_after=978863908841
INTEL_PROBE capture=finite_loop call=1 exec_before=1064086 exec_after=7994861 reason_before=37 reason=52 rip_before=65537 rip=65540 rax=978855903861 nonce=978855903861 witness=978855903861
INTEL_PROBE phase=prepare_with_transport
INTEL_PROBE begin=expired_mtf call=2 deadline=0 rip=65543 nonce=978863990186 witness=0
INTEL_PROBE end=expired_mtf call=2 status=0 mach_before=978865673120 mach_after=978865715696
INTEL_PROBE capture=expired_mtf call=2 exec_before=8352619 exec_after=8392944 reason_before=37 reason=52 rip_before=65543 rip=65543 rax=978863990186 nonce=978863990186 witness=0
INTEL_PROBE phase=prepare_with_transport
INTEL_PROBE begin=finite_mtf call=3 deadline=978871641451 rip=65543 nonce=978865776113 witness=0
INTEL_PROBE end=finite_mtf call=3 status=0 mach_before=978866659152 mach_after=978867080111
INTEL_PROBE capture=finite_mtf call=3 exec_before=8726899 exec_after=9058259 reason_before=37 reason=37 rip_before=65543 rip=65546 rax=978865776114 nonce=978865776113 witness=0
INTEL_PROBE phase=verified_retry
INTEL_PROBE phase=prepare_with_transport
INTEL_PROBE phase=finite_retirement
INTEL_LIFECYCLE phase=vcpu_destroy_begin generation=74 owner=70365
INTEL_LIFECYCLE phase=vcpu_destroy_end generation=74 owner=70365
INTEL_LIFECYCLE phase=vm_destroy_begin generation=74 owner=70365
INTEL_LIFECYCLE phase=vm_destroy_end generation=74 owner=70365
INTEL_LIFECYCLE phase=vm_create_begin generation=75 owner=70365
INTEL_LIFECYCLE phase=vm_create_end generation=75 owner=70365
INTEL_LIFECYCLE phase=vcpu_create_begin generation=75 owner=70365
INTEL_LIFECYCLE phase=vcpu_create_end generation=75 owner=70365
[       OK ] HvfIntelProbe.FiniteDeadline (19 ms)
[----------] 1 test from HvfIntelProbe (19 ms total)

[==========] 1 test from 1 test suite ran. (19 ms total)
[  PASSED  ] 1 test.

Repeating all tests (iteration 75) . . .

Note: Google Test filter = HvfIntelProbe.FiniteDeadline
[==========] Running 1 test from 1 test suite.
[----------] 1 test from HvfIntelProbe
[ RUN      ] HvfIntelProbe.FiniteDeadline
INTEL_PROBE phase=executor_initialization
INTEL_PROBE phase=executor_retained
INTEL_PROBE phase=startup_probe
INTEL_PROBE phase=prepare_with_transport
INTEL_PROBE witness_budget mach_start=978877899138 mach_end=980877293852 remaining_ns=1999394714 timebase_numer=1 timebase_denom=1 max_calls=4096
INTEL_PROBE begin=finite_loop call=1 deadline=978882921106 rip=65537 nonce=978876930852 witness=0
INTEL_PROBE end=finite_loop call=1 status=0 mach_before=978877927162 mach_after=978883663353
INTEL_PROBE capture=finite_loop call=1 exec_before=1249577 exec_after=6838067 reason_before=37 reason=52 rip_before=65537 rip=65540 rax=978876930852 nonce=978876930852 witness=978876930852
INTEL_PROBE phase=prepare_with_transport
INTEL_PROBE begin=expired_mtf call=2 deadline=0 rip=65543 nonce=978883760216 witness=0
INTEL_PROBE end=expired_mtf call=2 status=0 mach_before=978885462170 mach_after=978885586509
INTEL_PROBE capture=expired_mtf call=2 exec_before=7227975 exec_after=7348580 reason_before=37 reason=52 rip_before=65543 rip=65543 rax=978883760216 nonce=978883760216 witness=0
INTEL_PROBE phase=prepare_with_transport
INTEL_PROBE begin=finite_mtf call=3 deadline=978891860750 rip=65543 nonce=978885660183 witness=0
INTEL_PROBE end=finite_mtf call=3 status=0 mach_before=978886877551 mach_after=978887575910
INTEL_PROBE capture=finite_mtf call=3 exec_before=7828157 exec_after=8296026 reason_before=37 reason=37 rip_before=65543 rip=65546 rax=978885660184 nonce=978885660183 witness=0
INTEL_PROBE phase=verified_retry
INTEL_PROBE phase=prepare_with_transport
INTEL_PROBE phase=finite_retirement
INTEL_LIFECYCLE phase=vcpu_destroy_begin generation=75 owner=70365
INTEL_LIFECYCLE phase=vcpu_destroy_end generation=75 owner=70365
INTEL_LIFECYCLE phase=vm_destroy_begin generation=75 owner=70365
INTEL_LIFECYCLE phase=vm_destroy_end generation=75 owner=70365
INTEL_LIFECYCLE phase=vm_create_begin generation=76 owner=70365
INTEL_LIFECYCLE phase=vm_create_end generation=76 owner=70365
INTEL_LIFECYCLE phase=vcpu_create_begin generation=76 owner=70365
INTEL_LIFECYCLE phase=vcpu_create_end generation=76 owner=70365
[       OK ] HvfIntelProbe.FiniteDeadline (20 ms)
[----------] 1 test from HvfIntelProbe (21 ms total)

[==========] 1 test from 1 test suite ran. (21 ms total)
[  PASSED  ] 1 test.

Repeating all tests (iteration 76) . . .

Note: Google Test filter = HvfIntelProbe.FiniteDeadline
[==========] Running 1 test from 1 test suite.
[----------] 1 test from HvfIntelProbe
[ RUN      ] HvfIntelProbe.FiniteDeadline
INTEL_PROBE phase=executor_initialization
INTEL_PROBE phase=executor_retained
INTEL_PROBE phase=startup_probe
INTEL_PROBE phase=prepare_with_transport
INTEL_PROBE witness_budget mach_start=978899220068 mach_end=980898744507 remaining_ns=1999524439 timebase_numer=1 timebase_denom=1 max_calls=4096
INTEL_PROBE begin=finite_loop call=1 deadline=978904247010 rip=65537 nonce=978898291042 witness=0
INTEL_PROBE end=finite_loop call=1 status=0 mach_before=978899252873 mach_after=978899800942
INTEL_PROBE capture=finite_loop call=1 exec_before=1555251 exec_after=1962005 reason_before=37 reason=1 rip_before=65537 rip=65540 rax=978898291042 nonce=978898291042 witness=978898291042
INTEL_PROBE begin=finite_loop call=2 deadline=978904247010 rip=65540 nonce=978898291042 witness=978898291042
INTEL_PROBE end=finite_loop call=2 status=0 mach_before=978899942912 mach_after=978900192177
INTEL_PROBE capture=finite_loop call=2 exec_before=1962005 exec_after=2157664 reason_before=1 reason=1 rip_before=65540 rip=65540 rax=978898291042 nonce=978898291042 witness=978898291042
INTEL_PROBE begin=finite_loop call=3 deadline=978904247010 rip=65540 nonce=978898291042 witness=978898291042
