Running main() from /Users/runner/work/test_mac_intel/test_mac_intel/source/build-hvf/_deps/googletest-src/googletest/src/gtest_main.cc

Repeating all tests (iteration 1) . . .

Note: Google Test filter = HvfIntelProbe.InstructionOnly
[==========] Running 1 test from 1 test suite.
[----------] Global test environment set-up.
[----------] 1 test from HvfIntelProbe
[ RUN      ] HvfIntelProbe.InstructionOnly
INTEL_PROBE phase=executor_initialization
INTEL_PROBE phase=executor_retained
INTEL_PROBE phase=startup_probe
INTEL_PROBE phase=ordinary_steps
INTEL_PROBE phase=instruction_retirement
INTEL_OWNER phase=replacement_parked vcpu_generation=2 owner_generation=2 owner=215683 vm_generation=1
INTEL_OWNER phase=vcpu_destroy_begin vcpu_generation=1 owner_generation=1 owner=215682 vm_generation=1
INTEL_OWNER phase=vcpu_destroy_end vcpu_generation=1 owner_generation=1 owner=215682 vm_generation=1
INTEL_OWNER phase=lease_release_end vcpu_generation=1 owner_generation=1 owner=215682 vm_generation=1
INTEL_OWNER phase=owner_join_begin vcpu_generation=1 owner_generation=1 owner=215682 vm_generation=1
INTEL_OWNER phase=owner_join_end vcpu_generation=1 owner_generation=1 owner=215682 vm_generation=1
INTEL_OWNER phase=owner_activate vcpu_generation=2 owner_generation=2 owner=215683 vm_generation=1
INTEL_OWNER phase=lease_acquire_end vcpu_generation=2 owner_generation=2 owner=215683 vm_generation=1
INTEL_OWNER phase=vcpu_create_begin vcpu_generation=2 owner_generation=2 owner=215683 vm_generation=1
INTEL_OWNER phase=vcpu_create_end vcpu_generation=2 owner_generation=2 owner=215683 vm_generation=1
[       OK ] HvfIntelProbe.InstructionOnly (20 ms)
[----------] 1 test from HvfIntelProbe (20 ms total)

[==========] 1 test from 1 test suite ran. (20 ms total)
[  PASSED  ] 1 test.

Repeating all tests (iteration 2) . . .

Note: Google Test filter = HvfIntelProbe.InstructionOnly
[==========] Running 1 test from 1 test suite.
[----------] 1 test from HvfIntelProbe
[ RUN      ] HvfIntelProbe.InstructionOnly
INTEL_PROBE phase=executor_initialization
INTEL_PROBE phase=executor_retained
INTEL_PROBE phase=startup_probe
INTEL_PROBE phase=ordinary_steps
INTEL_PROBE phase=instruction_retirement
INTEL_OWNER phase=replacement_parked vcpu_generation=3 owner_generation=3 owner=215699 vm_generation=1
INTEL_OWNER phase=vcpu_destroy_begin vcpu_generation=2 owner_generation=2 owner=215683 vm_generation=1
INTEL_OWNER phase=vcpu_destroy_end vcpu_generation=2 owner_generation=2 owner=215683 vm_generation=1
INTEL_OWNER phase=lease_release_end vcpu_generation=2 owner_generation=2 owner=215683 vm_generation=1
INTEL_OWNER phase=owner_join_begin vcpu_generation=2 owner_generation=2 owner=215683 vm_generation=1
INTEL_OWNER phase=owner_join_end vcpu_generation=2 owner_generation=2 owner=215683 vm_generation=1
INTEL_OWNER phase=owner_activate vcpu_generation=3 owner_generation=3 owner=215699 vm_generation=1
INTEL_OWNER phase=lease_acquire_end vcpu_generation=3 owner_generation=3 owner=215699 vm_generation=1
INTEL_OWNER phase=vcpu_create_begin vcpu_generation=3 owner_generation=3 owner=215699 vm_generation=1
INTEL_OWNER phase=vcpu_create_end vcpu_generation=3 owner_generation=3 owner=215699 vm_generation=1
[       OK ] HvfIntelProbe.InstructionOnly (57 ms)
[----------] 1 test from HvfIntelProbe (57 ms total)

[==========] 1 test from 1 test suite ran. (57 ms total)
[  PASSED  ] 1 test.

Repeating all tests (iteration 3) . . .

Note: Google Test filter = HvfIntelProbe.InstructionOnly
[==========] Running 1 test from 1 test suite.
[----------] 1 test from HvfIntelProbe
[ RUN      ] HvfIntelProbe.InstructionOnly
INTEL_PROBE phase=executor_initialization
INTEL_PROBE phase=executor_retained
INTEL_PROBE phase=startup_probe
INTEL_PROBE phase=ordinary_steps
INTEL_PROBE phase=instruction_retirement
INTEL_OWNER phase=replacement_parked vcpu_generation=4 owner_generation=4 owner=215713 vm_generation=1
INTEL_OWNER phase=vcpu_destroy_begin vcpu_generation=3 owner_generation=3 owner=215699 vm_generation=1
INTEL_OWNER phase=vcpu_destroy_end vcpu_generation=3 owner_generation=3 owner=215699 vm_generation=1
INTEL_OWNER phase=lease_release_end vcpu_generation=3 owner_generation=3 owner=215699 vm_generation=1
INTEL_OWNER phase=owner_join_begin vcpu_generation=3 owner_generation=3 owner=215699 vm_generation=1
INTEL_OWNER phase=owner_join_end vcpu_generation=3 owner_generation=3 owner=215699 vm_generation=1
INTEL_OWNER phase=owner_activate vcpu_generation=4 owner_generation=4 owner=215713 vm_generation=1
INTEL_OWNER phase=lease_acquire_end vcpu_generation=4 owner_generation=4 owner=215713 vm_generation=1
INTEL_OWNER phase=vcpu_create_begin vcpu_generation=4 owner_generation=4 owner=215713 vm_generation=1
INTEL_OWNER phase=vcpu_create_end vcpu_generation=4 owner_generation=4 owner=215713 vm_generation=1
[       OK ] HvfIntelProbe.InstructionOnly (90 ms)
[----------] 1 test from HvfIntelProbe (90 ms total)

[==========] 1 test from 1 test suite ran. (90 ms total)
[  PASSED  ] 1 test.

Repeating all tests (iteration 4) . . .

Note: Google Test filter = HvfIntelProbe.InstructionOnly
[==========] Running 1 test from 1 test suite.
[----------] 1 test from HvfIntelProbe
[ RUN      ] HvfIntelProbe.InstructionOnly
INTEL_PROBE phase=executor_initialization
INTEL_PROBE phase=executor_retained
INTEL_PROBE phase=startup_probe
INTEL_PROBE phase=ordinary_steps
INTEL_PROBE phase=instruction_retirement
INTEL_OWNER phase=replacement_parked vcpu_generation=5 owner_generation=5 owner=215715 vm_generation=1
INTEL_OWNER phase=vcpu_destroy_begin vcpu_generation=4 owner_generation=4 owner=215713 vm_generation=1
INTEL_OWNER phase=vcpu_destroy_end vcpu_generation=4 owner_generation=4 owner=215713 vm_generation=1
INTEL_OWNER phase=lease_release_end vcpu_generation=4 owner_generation=4 owner=215713 vm_generation=1
INTEL_OWNER phase=owner_join_begin vcpu_generation=4 owner_generation=4 owner=215713 vm_generation=1
INTEL_OWNER phase=owner_join_end vcpu_generation=4 owner_generation=4 owner=215713 vm_generation=1
INTEL_OWNER phase=owner_activate vcpu_generation=5 owner_generation=5 owner=215715 vm_generation=1
INTEL_OWNER phase=lease_acquire_end vcpu_generation=5 owner_generation=5 owner=215715 vm_generation=1
INTEL_OWNER phase=vcpu_create_begin vcpu_generation=5 owner_generation=5 owner=215715 vm_generation=1
INTEL_OWNER phase=vcpu_create_end vcpu_generation=5 owner_generation=5 owner=215715 vm_generation=1
[       OK ] HvfIntelProbe.InstructionOnly (20 ms)
[----------] 1 test from HvfIntelProbe (20 ms total)

[==========] 1 test from 1 test suite ran. (20 ms total)
[  PASSED  ] 1 test.

Repeating all tests (iteration 5) . . .

Note: Google Test filter = HvfIntelProbe.InstructionOnly
[==========] Running 1 test from 1 test suite.
[----------] 1 test from HvfIntelProbe
[ RUN      ] HvfIntelProbe.InstructionOnly
INTEL_PROBE phase=executor_initialization
INTEL_PROBE phase=executor_retained
INTEL_PROBE phase=startup_probe
INTEL_PROBE phase=ordinary_steps
INTEL_PROBE phase=instruction_retirement
INTEL_OWNER phase=replacement_parked vcpu_generation=6 owner_generation=6 owner=215716 vm_generation=1
INTEL_OWNER phase=vcpu_destroy_begin vcpu_generation=5 owner_generation=5 owner=215715 vm_generation=1
INTEL_OWNER phase=vcpu_destroy_end vcpu_generation=5 owner_generation=5 owner=215715 vm_generation=1
INTEL_OWNER phase=lease_release_end vcpu_generation=5 owner_generation=5 owner=215715 vm_generation=1
INTEL_OWNER phase=owner_join_begin vcpu_generation=5 owner_generation=5 owner=215715 vm_generation=1
INTEL_OWNER phase=owner_join_end vcpu_generation=5 owner_generation=5 owner=215715 vm_generation=1
INTEL_OWNER phase=owner_activate vcpu_generation=6 owner_generation=6 owner=215716 vm_generation=1
INTEL_OWNER phase=lease_acquire_end vcpu_generation=6 owner_generation=6 owner=215716 vm_generation=1
INTEL_OWNER phase=vcpu_create_begin vcpu_generation=6 owner_generation=6 owner=215716 vm_generation=1
INTEL_OWNER phase=vcpu_create_end vcpu_generation=6 owner_generation=6 owner=215716 vm_generation=1
[       OK ] HvfIntelProbe.InstructionOnly (21 ms)
[----------] 1 test from HvfIntelProbe (21 ms total)

[==========] 1 test from 1 test suite ran. (21 ms total)
[  PASSED  ] 1 test.

Repeating all tests (iteration 6) . . .

Note: Google Test filter = HvfIntelProbe.InstructionOnly
[==========] Running 1 test from 1 test suite.
[----------] 1 test from HvfIntelProbe
[ RUN      ] HvfIntelProbe.InstructionOnly
INTEL_PROBE phase=executor_initialization
INTEL_PROBE phase=executor_retained
INTEL_PROBE phase=startup_probe
INTEL_PROBE phase=ordinary_steps
INTEL_PROBE phase=instruction_retirement
INTEL_OWNER phase=replacement_parked vcpu_generation=7 owner_generation=7 owner=215718 vm_generation=1
INTEL_OWNER phase=vcpu_destroy_begin vcpu_generation=6 owner_generation=6 owner=215716 vm_generation=1
INTEL_OWNER phase=vcpu_destroy_end vcpu_generation=6 owner_generation=6 owner=215716 vm_generation=1
INTEL_OWNER phase=lease_release_end vcpu_generation=6 owner_generation=6 owner=215716 vm_generation=1
INTEL_OWNER phase=owner_join_begin vcpu_generation=6 owner_generation=6 owner=215716 vm_generation=1
INTEL_OWNER phase=owner_join_end vcpu_generation=6 owner_generation=6 owner=215716 vm_generation=1
INTEL_OWNER phase=owner_activate vcpu_generation=7 owner_generation=7 owner=215718 vm_generation=1
INTEL_OWNER phase=lease_acquire_end vcpu_generation=7 owner_generation=7 owner=215718 vm_generation=1
INTEL_OWNER phase=vcpu_create_begin vcpu_generation=7 owner_generation=7 owner=215718 vm_generation=1
INTEL_OWNER phase=vcpu_create_end vcpu_generation=7 owner_generation=7 owner=215718 vm_generation=1
[       OK ] HvfIntelProbe.InstructionOnly (21 ms)
[----------] 1 test from HvfIntelProbe (21 ms total)

[==========] 1 test from 1 test suite ran. (21 ms total)
[  PASSED  ] 1 test.

Repeating all tests (iteration 7) . . .

Note: Google Test filter = HvfIntelProbe.InstructionOnly
[==========] Running 1 test from 1 test suite.
[----------] 1 test from HvfIntelProbe
[ RUN      ] HvfIntelProbe.InstructionOnly
INTEL_PROBE phase=executor_initialization
INTEL_PROBE phase=executor_retained
INTEL_PROBE phase=startup_probe
INTEL_PROBE phase=ordinary_steps
INTEL_PROBE phase=instruction_retirement
INTEL_OWNER phase=replacement_parked vcpu_generation=8 owner_generation=8 owner=215724 vm_generation=1
INTEL_OWNER phase=vcpu_destroy_begin vcpu_generation=7 owner_generation=7 owner=215718 vm_generation=1
INTEL_OWNER phase=vcpu_destroy_end vcpu_generation=7 owner_generation=7 owner=215718 vm_generation=1
INTEL_OWNER phase=lease_release_end vcpu_generation=7 owner_generation=7 owner=215718 vm_generation=1
INTEL_OWNER phase=owner_join_begin vcpu_generation=7 owner_generation=7 owner=215718 vm_generation=1
INTEL_OWNER phase=owner_join_end vcpu_generation=7 owner_generation=7 owner=215718 vm_generation=1
INTEL_OWNER phase=owner_activate vcpu_generation=8 owner_generation=8 owner=215724 vm_generation=1
INTEL_OWNER phase=lease_acquire_end vcpu_generation=8 owner_generation=8 owner=215724 vm_generation=1
INTEL_OWNER phase=vcpu_create_begin vcpu_generation=8 owner_generation=8 owner=215724 vm_generation=1
INTEL_OWNER phase=vcpu_create_end vcpu_generation=8 owner_generation=8 owner=215724 vm_generation=1
[       OK ] HvfIntelProbe.InstructionOnly (19 ms)
[----------] 1 test from HvfIntelProbe (19 ms total)

[==========] 1 test from 1 test suite ran. (19 ms total)
[  PASSED  ] 1 test.

Repeating all tests (iteration 8) . . .

Note: Google Test filter = HvfIntelProbe.InstructionOnly
[==========] Running 1 test from 1 test suite.
[----------] 1 test from HvfIntelProbe
[ RUN      ] HvfIntelProbe.InstructionOnly
INTEL_PROBE phase=executor_initialization
INTEL_PROBE phase=executor_retained
INTEL_PROBE phase=startup_probe
INTEL_PROBE phase=ordinary_steps
INTEL_PROBE phase=instruction_retirement
INTEL_OWNER phase=replacement_parked vcpu_generation=9 owner_generation=9 owner=215725 vm_generation=1
INTEL_OWNER phase=vcpu_destroy_begin vcpu_generation=8 owner_generation=8 owner=215724 vm_generation=1
INTEL_OWNER phase=vcpu_destroy_end vcpu_generation=8 owner_generation=8 owner=215724 vm_generation=1
INTEL_OWNER phase=lease_release_end vcpu_generation=8 owner_generation=8 owner=215724 vm_generation=1
INTEL_OWNER phase=owner_join_begin vcpu_generation=8 owner_generation=8 owner=215724 vm_generation=1
INTEL_OWNER phase=owner_join_end vcpu_generation=8 owner_generation=8 owner=215724 vm_generation=1
INTEL_OWNER phase=owner_activate vcpu_generation=9 owner_generation=9 owner=215725 vm_generation=1
INTEL_OWNER phase=lease_acquire_end vcpu_generation=9 owner_generation=9 owner=215725 vm_generation=1
INTEL_OWNER phase=vcpu_create_begin vcpu_generation=9 owner_generation=9 owner=215725 vm_generation=1
INTEL_OWNER phase=vcpu_create_end vcpu_generation=9 owner_generation=9 owner=215725 vm_generation=1
[       OK ] HvfIntelProbe.InstructionOnly (16 ms)
[----------] 1 test from HvfIntelProbe (16 ms total)

[==========] 1 test from 1 test suite ran. (16 ms total)
[  PASSED  ] 1 test.

Repeating all tests (iteration 9) . . .

Note: Google Test filter = HvfIntelProbe.InstructionOnly
[==========] Running 1 test from 1 test suite.
[----------] 1 test from HvfIntelProbe
[ RUN      ] HvfIntelProbe.InstructionOnly
INTEL_PROBE phase=executor_initialization
INTEL_PROBE phase=executor_retained
INTEL_PROBE phase=startup_probe
INTEL_PROBE phase=ordinary_steps
INTEL_PROBE phase=instruction_retirement
INTEL_OWNER phase=replacement_parked vcpu_generation=10 owner_generation=10 owner=215727 vm_generation=1
INTEL_OWNER phase=vcpu_destroy_begin vcpu_generation=9 owner_generation=9 owner=215725 vm_generation=1
INTEL_OWNER phase=vcpu_destroy_end vcpu_generation=9 owner_generation=9 owner=215725 vm_generation=1
INTEL_OWNER phase=lease_release_end vcpu_generation=9 owner_generation=9 owner=215725 vm_generation=1
INTEL_OWNER phase=owner_join_begin vcpu_generation=9 owner_generation=9 owner=215725 vm_generation=1
INTEL_OWNER phase=owner_join_end vcpu_generation=9 owner_generation=9 owner=215725 vm_generation=1
INTEL_OWNER phase=owner_activate vcpu_generation=10 owner_generation=10 owner=215727 vm_generation=1
INTEL_OWNER phase=lease_acquire_end vcpu_generation=10 owner_generation=10 owner=215727 vm_generation=1
INTEL_OWNER phase=vcpu_create_begin vcpu_generation=10 owner_generation=10 owner=215727 vm_generation=1
INTEL_OWNER phase=vcpu_create_end vcpu_generation=10 owner_generation=10 owner=215727 vm_generation=1
[       OK ] HvfIntelProbe.InstructionOnly (18 ms)
[----------] 1 test from HvfIntelProbe (18 ms total)

[==========] 1 test from 1 test suite ran. (18 ms total)
[  PASSED  ] 1 test.

Repeating all tests (iteration 10) . . .

Note: Google Test filter = HvfIntelProbe.InstructionOnly
[==========] Running 1 test from 1 test suite.
[----------] 1 test from HvfIntelProbe
[ RUN      ] HvfIntelProbe.InstructionOnly
INTEL_PROBE phase=executor_initialization
INTEL_PROBE phase=executor_retained
INTEL_PROBE phase=startup_probe
INTEL_PROBE phase=ordinary_steps
INTEL_PROBE phase=instruction_retirement
INTEL_OWNER phase=replacement_parked vcpu_generation=11 owner_generation=11 owner=215731 vm_generation=1
INTEL_OWNER phase=vcpu_destroy_begin vcpu_generation=10 owner_generation=10 owner=215727 vm_generation=1
INTEL_OWNER phase=vcpu_destroy_end vcpu_generation=10 owner_generation=10 owner=215727 vm_generation=1
INTEL_OWNER phase=lease_release_end vcpu_generation=10 owner_generation=10 owner=215727 vm_generation=1
INTEL_OWNER phase=owner_join_begin vcpu_generation=10 owner_generation=10 owner=215727 vm_generation=1
INTEL_OWNER phase=owner_join_end vcpu_generation=10 owner_generation=10 owner=215727 vm_generation=1
INTEL_OWNER phase=owner_activate vcpu_generation=11 owner_generation=11 owner=215731 vm_generation=1
INTEL_OWNER phase=lease_acquire_end vcpu_generation=11 owner_generation=11 owner=215731 vm_generation=1
INTEL_OWNER phase=vcpu_create_begin vcpu_generation=11 owner_generation=11 owner=215731 vm_generation=1
INTEL_OWNER phase=vcpu_create_end vcpu_generation=11 owner_generation=11 owner=215731 vm_generation=1
[       OK ] HvfIntelProbe.InstructionOnly (22 ms)
[----------] 1 test from HvfIntelProbe (22 ms total)

[==========] 1 test from 1 test suite ran. (22 ms total)
[  PASSED  ] 1 test.

Repeating all tests (iteration 11) . . .

Note: Google Test filter = HvfIntelProbe.InstructionOnly
[==========] Running 1 test from 1 test suite.
[----------] 1 test from HvfIntelProbe
[ RUN      ] HvfIntelProbe.InstructionOnly
INTEL_PROBE phase=executor_initialization
INTEL_PROBE phase=executor_retained
INTEL_PROBE phase=startup_probe
INTEL_PROBE phase=ordinary_steps
INTEL_PROBE phase=instruction_retirement
INTEL_OWNER phase=replacement_parked vcpu_generation=12 owner_generation=12 owner=215734 vm_generation=1
INTEL_OWNER phase=vcpu_destroy_begin vcpu_generation=11 owner_generation=11 owner=215731 vm_generation=1
INTEL_OWNER phase=vcpu_destroy_end vcpu_generation=11 owner_generation=11 owner=215731 vm_generation=1
INTEL_OWNER phase=lease_release_end vcpu_generation=11 owner_generation=11 owner=215731 vm_generation=1
INTEL_OWNER phase=owner_join_begin vcpu_generation=11 owner_generation=11 owner=215731 vm_generation=1
INTEL_OWNER phase=owner_join_end vcpu_generation=11 owner_generation=11 owner=215731 vm_generation=1
INTEL_OWNER phase=owner_activate vcpu_generation=12 owner_generation=12 owner=215734 vm_generation=1
INTEL_OWNER phase=lease_acquire_end vcpu_generation=12 owner_generation=12 owner=215734 vm_generation=1
INTEL_OWNER phase=vcpu_create_begin vcpu_generation=12 owner_generation=12 owner=215734 vm_generation=1
INTEL_OWNER phase=vcpu_create_end vcpu_generation=12 owner_generation=12 owner=215734 vm_generation=1
[       OK ] HvfIntelProbe.InstructionOnly (22 ms)
[----------] 1 test from HvfIntelProbe (22 ms total)

[==========] 1 test from 1 test suite ran. (22 ms total)
[  PASSED  ] 1 test.

Repeating all tests (iteration 12) . . .

Note: Google Test filter = HvfIntelProbe.InstructionOnly
[==========] Running 1 test from 1 test suite.
[----------] 1 test from HvfIntelProbe
[ RUN      ] HvfIntelProbe.InstructionOnly
INTEL_PROBE phase=executor_initialization
INTEL_PROBE phase=executor_retained
INTEL_PROBE phase=startup_probe
INTEL_PROBE phase=ordinary_steps
INTEL_PROBE phase=instruction_retirement
INTEL_OWNER phase=replacement_parked vcpu_generation=13 owner_generation=13 owner=215735 vm_generation=1
INTEL_OWNER phase=vcpu_destroy_begin vcpu_generation=12 owner_generation=12 owner=215734 vm_generation=1
INTEL_OWNER phase=vcpu_destroy_end vcpu_generation=12 owner_generation=12 owner=215734 vm_generation=1
INTEL_OWNER phase=lease_release_end vcpu_generation=12 owner_generation=12 owner=215734 vm_generation=1
INTEL_OWNER phase=owner_join_begin vcpu_generation=12 owner_generation=12 owner=215734 vm_generation=1
INTEL_OWNER phase=owner_join_end vcpu_generation=12 owner_generation=12 owner=215734 vm_generation=1
INTEL_OWNER phase=owner_activate vcpu_generation=13 owner_generation=13 owner=215735 vm_generation=1
INTEL_OWNER phase=lease_acquire_end vcpu_generation=13 owner_generation=13 owner=215735 vm_generation=1
INTEL_OWNER phase=vcpu_create_begin vcpu_generation=13 owner_generation=13 owner=215735 vm_generation=1
INTEL_OWNER phase=vcpu_create_end vcpu_generation=13 owner_generation=13 owner=215735 vm_generation=1
[       OK ] HvfIntelProbe.InstructionOnly (24 ms)
[----------] 1 test from HvfIntelProbe (24 ms total)

[==========] 1 test from 1 test suite ran. (24 ms total)
[  PASSED  ] 1 test.

Repeating all tests (iteration 13) . . .

Note: Google Test filter = HvfIntelProbe.InstructionOnly
[==========] Running 1 test from 1 test suite.
[----------] 1 test from HvfIntelProbe
[ RUN      ] HvfIntelProbe.InstructionOnly
INTEL_PROBE phase=executor_initialization
INTEL_PROBE phase=executor_retained
INTEL_PROBE phase=startup_probe
INTEL_PROBE phase=ordinary_steps
INTEL_PROBE phase=instruction_retirement
INTEL_OWNER phase=replacement_parked vcpu_generation=14 owner_generation=14 owner=215737 vm_generation=1
INTEL_OWNER phase=vcpu_destroy_begin vcpu_generation=13 owner_generation=13 owner=215735 vm_generation=1
INTEL_OWNER phase=vcpu_destroy_end vcpu_generation=13 owner_generation=13 owner=215735 vm_generation=1
INTEL_OWNER phase=lease_release_end vcpu_generation=13 owner_generation=13 owner=215735 vm_generation=1
INTEL_OWNER phase=owner_join_begin vcpu_generation=13 owner_generation=13 owner=215735 vm_generation=1
INTEL_OWNER phase=owner_join_end vcpu_generation=13 owner_generation=13 owner=215735 vm_generation=1
INTEL_OWNER phase=owner_activate vcpu_generation=14 owner_generation=14 owner=215737 vm_generation=1
INTEL_OWNER phase=lease_acquire_end vcpu_generation=14 owner_generation=14 owner=215737 vm_generation=1
INTEL_OWNER phase=vcpu_create_begin vcpu_generation=14 owner_generation=14 owner=215737 vm_generation=1
INTEL_OWNER phase=vcpu_create_end vcpu_generation=14 owner_generation=14 owner=215737 vm_generation=1
[       OK ] HvfIntelProbe.InstructionOnly (21 ms)
[----------] 1 test from HvfIntelProbe (21 ms total)

[==========] 1 test from 1 test suite ran. (21 ms total)
[  PASSED  ] 1 test.

Repeating all tests (iteration 14) . . .

Note: Google Test filter = HvfIntelProbe.InstructionOnly
[==========] Running 1 test from 1 test suite.
[----------] 1 test from HvfIntelProbe
[ RUN      ] HvfIntelProbe.InstructionOnly
INTEL_PROBE phase=executor_initialization
INTEL_PROBE phase=executor_retained
INTEL_PROBE phase=startup_probe
INTEL_PROBE phase=ordinary_steps
INTEL_PROBE phase=instruction_retirement
INTEL_OWNER phase=replacement_parked vcpu_generation=15 owner_generation=15 owner=215738 vm_generation=1
INTEL_OWNER phase=vcpu_destroy_begin vcpu_generation=14 owner_generation=14 owner=215737 vm_generation=1
INTEL_OWNER phase=vcpu_destroy_end vcpu_generation=14 owner_generation=14 owner=215737 vm_generation=1
INTEL_OWNER phase=lease_release_end vcpu_generation=14 owner_generation=14 owner=215737 vm_generation=1
INTEL_OWNER phase=owner_join_begin vcpu_generation=14 owner_generation=14 owner=215737 vm_generation=1
INTEL_OWNER phase=owner_join_end vcpu_generation=14 owner_generation=14 owner=215737 vm_generation=1
INTEL_OWNER phase=owner_activate vcpu_generation=15 owner_generation=15 owner=215738 vm_generation=1
INTEL_OWNER phase=lease_acquire_end vcpu_generation=15 owner_generation=15 owner=215738 vm_generation=1
INTEL_OWNER phase=vcpu_create_begin vcpu_generation=15 owner_generation=15 owner=215738 vm_generation=1
INTEL_OWNER phase=vcpu_create_end vcpu_generation=15 owner_generation=15 owner=215738 vm_generation=1
[       OK ] HvfIntelProbe.InstructionOnly (19 ms)
[----------] 1 test from HvfIntelProbe (19 ms total)

[==========] 1 test from 1 test suite ran. (20 ms total)
[  PASSED  ] 1 test.

Repeating all tests (iteration 15) . . .

Note: Google Test filter = HvfIntelProbe.InstructionOnly
[==========] Running 1 test from 1 test suite.
[----------] 1 test from HvfIntelProbe
[ RUN      ] HvfIntelProbe.InstructionOnly
INTEL_PROBE phase=executor_initialization
INTEL_PROBE phase=executor_retained
INTEL_PROBE phase=startup_probe
INTEL_PROBE phase=ordinary_steps
INTEL_PROBE phase=instruction_retirement
INTEL_OWNER phase=replacement_parked vcpu_generation=16 owner_generation=16 owner=215739 vm_generation=1
INTEL_OWNER phase=vcpu_destroy_begin vcpu_generation=15 owner_generation=15 owner=215738 vm_generation=1
INTEL_OWNER phase=vcpu_destroy_end vcpu_generation=15 owner_generation=15 owner=215738 vm_generation=1
INTEL_OWNER phase=lease_release_end vcpu_generation=15 owner_generation=15 owner=215738 vm_generation=1
INTEL_OWNER phase=owner_join_begin vcpu_generation=15 owner_generation=15 owner=215738 vm_generation=1
INTEL_OWNER phase=owner_join_end vcpu_generation=15 owner_generation=15 owner=215738 vm_generation=1
INTEL_OWNER phase=owner_activate vcpu_generation=16 owner_generation=16 owner=215739 vm_generation=1
INTEL_OWNER phase=lease_acquire_end vcpu_generation=16 owner_generation=16 owner=215739 vm_generation=1
INTEL_OWNER phase=vcpu_create_begin vcpu_generation=16 owner_generation=16 owner=215739 vm_generation=1
INTEL_OWNER phase=vcpu_create_end vcpu_generation=16 owner_generation=16 owner=215739 vm_generation=1
[       OK ] HvfIntelProbe.InstructionOnly (21 ms)
[----------] 1 test from HvfIntelProbe (21 ms total)

[==========] 1 test from 1 test suite ran. (21 ms total)
[  PASSED  ] 1 test.

Repeating all tests (iteration 16) . . .

Note: Google Test filter = HvfIntelProbe.InstructionOnly
[==========] Running 1 test from 1 test suite.
[----------] 1 test from HvfIntelProbe
[ RUN      ] HvfIntelProbe.InstructionOnly
INTEL_PROBE phase=executor_initialization
INTEL_PROBE phase=executor_retained
INTEL_PROBE phase=startup_probe
INTEL_PROBE phase=ordinary_steps
INTEL_PROBE phase=instruction_retirement
INTEL_OWNER phase=replacement_parked vcpu_generation=17 owner_generation=17 owner=215740 vm_generation=1
INTEL_OWNER phase=vcpu_destroy_begin vcpu_generation=16 owner_generation=16 owner=215739 vm_generation=1
INTEL_OWNER phase=vcpu_destroy_end vcpu_generation=16 owner_generation=16 owner=215739 vm_generation=1
INTEL_OWNER phase=lease_release_end vcpu_generation=16 owner_generation=16 owner=215739 vm_generation=1
INTEL_OWNER phase=owner_join_begin vcpu_generation=16 owner_generation=16 owner=215739 vm_generation=1
INTEL_OWNER phase=owner_join_end vcpu_generation=16 owner_generation=16 owner=215739 vm_generation=1
INTEL_OWNER phase=owner_activate vcpu_generation=17 owner_generation=17 owner=215740 vm_generation=1
INTEL_OWNER phase=lease_acquire_end vcpu_generation=17 owner_generation=17 owner=215740 vm_generation=1
INTEL_OWNER phase=vcpu_create_begin vcpu_generation=17 owner_generation=17 owner=215740 vm_generation=1
INTEL_OWNER phase=vcpu_create_end vcpu_generation=17 owner_generation=17 owner=215740 vm_generation=1
[       OK ] HvfIntelProbe.InstructionOnly (22 ms)
[----------] 1 test from HvfIntelProbe (22 ms total)

[==========] 1 test from 1 test suite ran. (22 ms total)
[  PASSED  ] 1 test.

Repeating all tests (iteration 17) . . .

Note: Google Test filter = HvfIntelProbe.InstructionOnly
[==========] Running 1 test from 1 test suite.
[----------] 1 test from HvfIntelProbe
[ RUN      ] HvfIntelProbe.InstructionOnly
INTEL_PROBE phase=executor_initialization
INTEL_PROBE phase=executor_retained
INTEL_PROBE phase=startup_probe
INTEL_PROBE phase=ordinary_steps
INTEL_PROBE phase=instruction_retirement
INTEL_OWNER phase=replacement_parked vcpu_generation=18 owner_generation=18 owner=215741 vm_generation=1
INTEL_OWNER phase=vcpu_destroy_begin vcpu_generation=17 owner_generation=17 owner=215740 vm_generation=1
INTEL_OWNER phase=vcpu_destroy_end vcpu_generation=17 owner_generation=17 owner=215740 vm_generation=1
INTEL_OWNER phase=lease_release_end vcpu_generation=17 owner_generation=17 owner=215740 vm_generation=1
INTEL_OWNER phase=owner_join_begin vcpu_generation=17 owner_generation=17 owner=215740 vm_generation=1
INTEL_OWNER phase=owner_join_end vcpu_generation=17 owner_generation=17 owner=215740 vm_generation=1
INTEL_OWNER phase=owner_activate vcpu_generation=18 owner_generation=18 owner=215741 vm_generation=1
INTEL_OWNER phase=lease_acquire_end vcpu_generation=18 owner_generation=18 owner=215741 vm_generation=1
INTEL_OWNER phase=vcpu_create_begin vcpu_generation=18 owner_generation=18 owner=215741 vm_generation=1
INTEL_OWNER phase=vcpu_create_end vcpu_generation=18 owner_generation=18 owner=215741 vm_generation=1
[       OK ] HvfIntelProbe.InstructionOnly (20 ms)
[----------] 1 test from HvfIntelProbe (20 ms total)

[==========] 1 test from 1 test suite ran. (20 ms total)
[  PASSED  ] 1 test.

Repeating all tests (iteration 18) . . .

Note: Google Test filter = HvfIntelProbe.InstructionOnly
[==========] Running 1 test from 1 test suite.
[----------] 1 test from HvfIntelProbe
[ RUN      ] HvfIntelProbe.InstructionOnly
INTEL_PROBE phase=executor_initialization
INTEL_PROBE phase=executor_retained
INTEL_PROBE phase=startup_probe
INTEL_PROBE phase=ordinary_steps
INTEL_PROBE phase=instruction_retirement
INTEL_OWNER phase=replacement_parked vcpu_generation=19 owner_generation=19 owner=215742 vm_generation=1
INTEL_OWNER phase=vcpu_destroy_begin vcpu_generation=18 owner_generation=18 owner=215741 vm_generation=1
INTEL_OWNER phase=vcpu_destroy_end vcpu_generation=18 owner_generation=18 owner=215741 vm_generation=1
INTEL_OWNER phase=lease_release_end vcpu_generation=18 owner_generation=18 owner=215741 vm_generation=1
INTEL_OWNER phase=owner_join_begin vcpu_generation=18 owner_generation=18 owner=215741 vm_generation=1
INTEL_OWNER phase=owner_join_end vcpu_generation=18 owner_generation=18 owner=215741 vm_generation=1
INTEL_OWNER phase=owner_activate vcpu_generation=19 owner_generation=19 owner=215742 vm_generation=1
INTEL_OWNER phase=lease_acquire_end vcpu_generation=19 owner_generation=19 owner=215742 vm_generation=1
INTEL_OWNER phase=vcpu_create_begin vcpu_generation=19 owner_generation=19 owner=215742 vm_generation=1
INTEL_OWNER phase=vcpu_create_end vcpu_generation=19 owner_generation=19 owner=215742 vm_generation=1
[       OK ] HvfIntelProbe.InstructionOnly (19 ms)
[----------] 1 test from HvfIntelProbe (19 ms total)

[==========] 1 test from 1 test suite ran. (19 ms total)
[  PASSED  ] 1 test.

Repeating all tests (iteration 19) . . .

Note: Google Test filter = HvfIntelProbe.InstructionOnly
[==========] Running 1 test from 1 test suite.
[----------] 1 test from HvfIntelProbe
[ RUN      ] HvfIntelProbe.InstructionOnly
INTEL_PROBE phase=executor_initialization
INTEL_PROBE phase=executor_retained
INTEL_PROBE phase=startup_probe
INTEL_PROBE phase=ordinary_steps
INTEL_PROBE phase=instruction_retirement
INTEL_OWNER phase=replacement_parked vcpu_generation=20 owner_generation=20 owner=215744 vm_generation=1
INTEL_OWNER phase=vcpu_destroy_begin vcpu_generation=19 owner_generation=19 owner=215742 vm_generation=1
INTEL_OWNER phase=vcpu_destroy_end vcpu_generation=19 owner_generation=19 owner=215742 vm_generation=1
INTEL_OWNER phase=lease_release_end vcpu_generation=19 owner_generation=19 owner=215742 vm_generation=1
INTEL_OWNER phase=owner_join_begin vcpu_generation=19 owner_generation=19 owner=215742 vm_generation=1
INTEL_OWNER phase=owner_join_end vcpu_generation=19 owner_generation=19 owner=215742 vm_generation=1
INTEL_OWNER phase=owner_activate vcpu_generation=20 owner_generation=20 owner=215744 vm_generation=1
INTEL_OWNER phase=lease_acquire_end vcpu_generation=20 owner_generation=20 owner=215744 vm_generation=1
INTEL_OWNER phase=vcpu_create_begin vcpu_generation=20 owner_generation=20 owner=215744 vm_generation=1
INTEL_OWNER phase=vcpu_create_end vcpu_generation=20 owner_generation=20 owner=215744 vm_generation=1
[       OK ] HvfIntelProbe.InstructionOnly (22 ms)
[----------] 1 test from HvfIntelProbe (22 ms total)

[==========] 1 test from 1 test suite ran. (22 ms total)
[  PASSED  ] 1 test.

Repeating all tests (iteration 20) . . .

Note: Google Test filter = HvfIntelProbe.InstructionOnly
[==========] Running 1 test from 1 test suite.
[----------] 1 test from HvfIntelProbe
[ RUN      ] HvfIntelProbe.InstructionOnly
INTEL_PROBE phase=executor_initialization
INTEL_PROBE phase=executor_retained
INTEL_PROBE phase=startup_probe
INTEL_PROBE phase=ordinary_steps
INTEL_PROBE phase=instruction_retirement
INTEL_OWNER phase=replacement_parked vcpu_generation=21 owner_generation=21 owner=215746 vm_generation=1
INTEL_OWNER phase=vcpu_destroy_begin vcpu_generation=20 owner_generation=20 owner=215744 vm_generation=1
INTEL_OWNER phase=vcpu_destroy_end vcpu_generation=20 owner_generation=20 owner=215744 vm_generation=1
INTEL_OWNER phase=lease_release_end vcpu_generation=20 owner_generation=20 owner=215744 vm_generation=1
INTEL_OWNER phase=owner_join_begin vcpu_generation=20 owner_generation=20 owner=215744 vm_generation=1
INTEL_OWNER phase=owner_join_end vcpu_generation=20 owner_generation=20 owner=215744 vm_generation=1
INTEL_OWNER phase=owner_activate vcpu_generation=21 owner_generation=21 owner=215746 vm_generation=1
INTEL_OWNER phase=lease_acquire_end vcpu_generation=21 owner_generation=21 owner=215746 vm_generation=1
INTEL_OWNER phase=vcpu_create_begin vcpu_generation=21 owner_generation=21 owner=215746 vm_generation=1
INTEL_OWNER phase=vcpu_create_end vcpu_generation=21 owner_generation=21 owner=215746 vm_generation=1
[       OK ] HvfIntelProbe.InstructionOnly (21 ms)
[----------] 1 test from HvfIntelProbe (21 ms total)

[==========] 1 test from 1 test suite ran. (21 ms total)
[  PASSED  ] 1 test.

Repeating all tests (iteration 21) . . .

Note: Google Test filter = HvfIntelProbe.InstructionOnly
[==========] Running 1 test from 1 test suite.
[----------] 1 test from HvfIntelProbe
[ RUN      ] HvfIntelProbe.InstructionOnly
INTEL_PROBE phase=executor_initialization
INTEL_PROBE phase=executor_retained
INTEL_PROBE phase=startup_probe
INTEL_PROBE phase=ordinary_steps
INTEL_PROBE phase=instruction_retirement
INTEL_OWNER phase=replacement_parked vcpu_generation=22 owner_generation=22 owner=215748 vm_generation=1
INTEL_OWNER phase=vcpu_destroy_begin vcpu_generation=21 owner_generation=21 owner=215746 vm_generation=1
INTEL_OWNER phase=vcpu_destroy_end vcpu_generation=21 owner_generation=21 owner=215746 vm_generation=1
INTEL_OWNER phase=lease_release_end vcpu_generation=21 owner_generation=21 owner=215746 vm_generation=1
INTEL_OWNER phase=owner_join_begin vcpu_generation=21 owner_generation=21 owner=215746 vm_generation=1
INTEL_OWNER phase=owner_join_end vcpu_generation=21 owner_generation=21 owner=215746 vm_generation=1
INTEL_OWNER phase=owner_activate vcpu_generation=22 owner_generation=22 owner=215748 vm_generation=1
INTEL_OWNER phase=lease_acquire_end vcpu_generation=22 owner_generation=22 owner=215748 vm_generation=1
INTEL_OWNER phase=vcpu_create_begin vcpu_generation=22 owner_generation=22 owner=215748 vm_generation=1
INTEL_OWNER phase=vcpu_create_end vcpu_generation=22 owner_generation=22 owner=215748 vm_generation=1
[       OK ] HvfIntelProbe.InstructionOnly (19 ms)
[----------] 1 test from HvfIntelProbe (20 ms total)

[==========] 1 test from 1 test suite ran. (20 ms total)
[  PASSED  ] 1 test.

Repeating all tests (iteration 22) . . .

Note: Google Test filter = HvfIntelProbe.InstructionOnly
[==========] Running 1 test from 1 test suite.
[----------] 1 test from HvfIntelProbe
[ RUN      ] HvfIntelProbe.InstructionOnly
INTEL_PROBE phase=executor_initialization
INTEL_PROBE phase=executor_retained
INTEL_PROBE phase=startup_probe
INTEL_PROBE phase=ordinary_steps
INTEL_PROBE phase=instruction_retirement
INTEL_OWNER phase=replacement_parked vcpu_generation=23 owner_generation=23 owner=215749 vm_generation=1
INTEL_OWNER phase=vcpu_destroy_begin vcpu_generation=22 owner_generation=22 owner=215748 vm_generation=1
INTEL_OWNER phase=vcpu_destroy_end vcpu_generation=22 owner_generation=22 owner=215748 vm_generation=1
INTEL_OWNER phase=lease_release_end vcpu_generation=22 owner_generation=22 owner=215748 vm_generation=1
INTEL_OWNER phase=owner_join_begin vcpu_generation=22 owner_generation=22 owner=215748 vm_generation=1
INTEL_OWNER phase=owner_join_end vcpu_generation=22 owner_generation=22 owner=215748 vm_generation=1
INTEL_OWNER phase=owner_activate vcpu_generation=23 owner_generation=23 owner=215749 vm_generation=1
INTEL_OWNER phase=lease_acquire_end vcpu_generation=23 owner_generation=23 owner=215749 vm_generation=1
INTEL_OWNER phase=vcpu_create_begin vcpu_generation=23 owner_generation=23 owner=215749 vm_generation=1
INTEL_OWNER phase=vcpu_create_end vcpu_generation=23 owner_generation=23 owner=215749 vm_generation=1
[       OK ] HvfIntelProbe.InstructionOnly (20 ms)
[----------] 1 test from HvfIntelProbe (20 ms total)

[==========] 1 test from 1 test suite ran. (21 ms total)
[  PASSED  ] 1 test.

Repeating all tests (iteration 23) . . .

Note: Google Test filter = HvfIntelProbe.InstructionOnly
[==========] Running 1 test from 1 test suite.
[----------] 1 test from HvfIntelProbe
[ RUN      ] HvfIntelProbe.InstructionOnly
INTEL_PROBE phase=executor_initialization
INTEL_PROBE phase=executor_retained
INTEL_PROBE phase=startup_probe
INTEL_PROBE phase=ordinary_steps
INTEL_PROBE phase=instruction_retirement
INTEL_OWNER phase=replacement_parked vcpu_generation=24 owner_generation=24 owner=215750 vm_generation=1
INTEL_OWNER phase=vcpu_destroy_begin vcpu_generation=23 owner_generation=23 owner=215749 vm_generation=1
INTEL_OWNER phase=vcpu_destroy_end vcpu_generation=23 owner_generation=23 owner=215749 vm_generation=1
INTEL_OWNER phase=lease_release_end vcpu_generation=23 owner_generation=23 owner=215749 vm_generation=1
INTEL_OWNER phase=owner_join_begin vcpu_generation=23 owner_generation=23 owner=215749 vm_generation=1
INTEL_OWNER phase=owner_join_end vcpu_generation=23 owner_generation=23 owner=215749 vm_generation=1
INTEL_OWNER phase=owner_activate vcpu_generation=24 owner_generation=24 owner=215750 vm_generation=1
INTEL_OWNER phase=lease_acquire_end vcpu_generation=24 owner_generation=24 owner=215750 vm_generation=1
INTEL_OWNER phase=vcpu_create_begin vcpu_generation=24 owner_generation=24 owner=215750 vm_generation=1
INTEL_OWNER phase=vcpu_create_end vcpu_generation=24 owner_generation=24 owner=215750 vm_generation=1
[       OK ] HvfIntelProbe.InstructionOnly (22 ms)
[----------] 1 test from HvfIntelProbe (22 ms total)

[==========] 1 test from 1 test suite ran. (22 ms total)
[  PASSED  ] 1 test.

Repeating all tests (iteration 24) . . .

Note: Google Test filter = HvfIntelProbe.InstructionOnly
[==========] Running 1 test from 1 test suite.
[----------] 1 test from HvfIntelProbe
[ RUN      ] HvfIntelProbe.InstructionOnly
INTEL_PROBE phase=executor_initialization
INTEL_PROBE phase=executor_retained
INTEL_PROBE phase=startup_probe
INTEL_PROBE phase=ordinary_steps
INTEL_PROBE phase=instruction_retirement
INTEL_OWNER phase=replacement_parked vcpu_generation=25 owner_generation=25 owner=215755 vm_generation=1
INTEL_OWNER phase=vcpu_destroy_begin vcpu_generation=24 owner_generation=24 owner=215750 vm_generation=1
INTEL_OWNER phase=vcpu_destroy_end vcpu_generation=24 owner_generation=24 owner=215750 vm_generation=1
INTEL_OWNER phase=lease_release_end vcpu_generation=24 owner_generation=24 owner=215750 vm_generation=1
INTEL_OWNER phase=owner_join_begin vcpu_generation=24 owner_generation=24 owner=215750 vm_generation=1
INTEL_OWNER phase=owner_join_end vcpu_generation=24 owner_generation=24 owner=215750 vm_generation=1
INTEL_OWNER phase=owner_activate vcpu_generation=25 owner_generation=25 owner=215755 vm_generation=1
INTEL_OWNER phase=lease_acquire_end vcpu_generation=25 owner_generation=25 owner=215755 vm_generation=1
INTEL_OWNER phase=vcpu_create_begin vcpu_generation=25 owner_generation=25 owner=215755 vm_generation=1
INTEL_OWNER phase=vcpu_create_end vcpu_generation=25 owner_generation=25 owner=215755 vm_generation=1
[       OK ] HvfIntelProbe.InstructionOnly (20 ms)
[----------] 1 test from HvfIntelProbe (21 ms total)

[==========] 1 test from 1 test suite ran. (21 ms total)
[  PASSED  ] 1 test.

Repeating all tests (iteration 25) . . .

Note: Google Test filter = HvfIntelProbe.InstructionOnly
[==========] Running 1 test from 1 test suite.
[----------] 1 test from HvfIntelProbe
[ RUN      ] HvfIntelProbe.InstructionOnly
INTEL_PROBE phase=executor_initialization
INTEL_PROBE phase=executor_retained
INTEL_PROBE phase=startup_probe
INTEL_PROBE phase=ordinary_steps
INTEL_PROBE phase=instruction_retirement
INTEL_OWNER phase=replacement_parked vcpu_generation=26 owner_generation=26 owner=215756 vm_generation=1
INTEL_OWNER phase=vcpu_destroy_begin vcpu_generation=25 owner_generation=25 owner=215755 vm_generation=1
INTEL_OWNER phase=vcpu_destroy_end vcpu_generation=25 owner_generation=25 owner=215755 vm_generation=1
INTEL_OWNER phase=lease_release_end vcpu_generation=25 owner_generation=25 owner=215755 vm_generation=1
INTEL_OWNER phase=owner_join_begin vcpu_generation=25 owner_generation=25 owner=215755 vm_generation=1
INTEL_OWNER phase=owner_join_end vcpu_generation=25 owner_generation=25 owner=215755 vm_generation=1
INTEL_OWNER phase=owner_activate vcpu_generation=26 owner_generation=26 owner=215756 vm_generation=1
INTEL_OWNER phase=lease_acquire_end vcpu_generation=26 owner_generation=26 owner=215756 vm_generation=1
INTEL_OWNER phase=vcpu_create_begin vcpu_generation=26 owner_generation=26 owner=215756 vm_generation=1
INTEL_OWNER phase=vcpu_create_end vcpu_generation=26 owner_generation=26 owner=215756 vm_generation=1
[       OK ] HvfIntelProbe.InstructionOnly (19 ms)
[----------] 1 test from HvfIntelProbe (19 ms total)

[==========] 1 test from 1 test suite ran. (19 ms total)
[  PASSED  ] 1 test.

Repeating all tests (iteration 26) . . .

Note: Google Test filter = HvfIntelProbe.InstructionOnly
[==========] Running 1 test from 1 test suite.
[----------] 1 test from HvfIntelProbe
[ RUN      ] HvfIntelProbe.InstructionOnly
INTEL_PROBE phase=executor_initialization
INTEL_PROBE phase=executor_retained
INTEL_PROBE phase=startup_probe
INTEL_PROBE phase=ordinary_steps
INTEL_PROBE phase=instruction_retirement
INTEL_OWNER phase=replacement_parked vcpu_generation=27 owner_generation=27 owner=215757 vm_generation=1
INTEL_OWNER phase=vcpu_destroy_begin vcpu_generation=26 owner_generation=26 owner=215756 vm_generation=1
INTEL_OWNER phase=vcpu_destroy_end vcpu_generation=26 owner_generation=26 owner=215756 vm_generation=1
INTEL_OWNER phase=lease_release_end vcpu_generation=26 owner_generation=26 owner=215756 vm_generation=1
INTEL_OWNER phase=owner_join_begin vcpu_generation=26 owner_generation=26 owner=215756 vm_generation=1
INTEL_OWNER phase=owner_join_end vcpu_generation=26 owner_generation=26 owner=215756 vm_generation=1
INTEL_OWNER phase=owner_activate vcpu_generation=27 owner_generation=27 owner=215757 vm_generation=1
INTEL_OWNER phase=lease_acquire_end vcpu_generation=27 owner_generation=27 owner=215757 vm_generation=1
INTEL_OWNER phase=vcpu_create_begin vcpu_generation=27 owner_generation=27 owner=215757 vm_generation=1
INTEL_OWNER phase=vcpu_create_end vcpu_generation=27 owner_generation=27 owner=215757 vm_generation=1
[       OK ] HvfIntelProbe.InstructionOnly (17 ms)
[----------] 1 test from HvfIntelProbe (17 ms total)

[==========] 1 test from 1 test suite ran. (17 ms total)
[  PASSED  ] 1 test.

Repeating all tests (iteration 27) . . .

Note: Google Test filter = HvfIntelProbe.InstructionOnly
[==========] Running 1 test from 1 test suite.
[----------] 1 test from HvfIntelProbe
[ RUN      ] HvfIntelProbe.InstructionOnly
INTEL_PROBE phase=executor_initialization
INTEL_PROBE phase=executor_retained
INTEL_PROBE phase=startup_probe
INTEL_PROBE phase=ordinary_steps
INTEL_PROBE phase=instruction_retirement
INTEL_OWNER phase=replacement_parked vcpu_generation=28 owner_generation=28 owner=215758 vm_generation=1
INTEL_OWNER phase=vcpu_destroy_begin vcpu_generation=27 owner_generation=27 owner=215757 vm_generation=1
INTEL_OWNER phase=vcpu_destroy_end vcpu_generation=27 owner_generation=27 owner=215757 vm_generation=1
INTEL_OWNER phase=lease_release_end vcpu_generation=27 owner_generation=27 owner=215757 vm_generation=1
INTEL_OWNER phase=owner_join_begin vcpu_generation=27 owner_generation=27 owner=215757 vm_generation=1
INTEL_OWNER phase=owner_join_end vcpu_generation=27 owner_generation=27 owner=215757 vm_generation=1
INTEL_OWNER phase=owner_activate vcpu_generation=28 owner_generation=28 owner=215758 vm_generation=1
INTEL_OWNER phase=lease_acquire_end vcpu_generation=28 owner_generation=28 owner=215758 vm_generation=1
INTEL_OWNER phase=vcpu_create_begin vcpu_generation=28 owner_generation=28 owner=215758 vm_generation=1
INTEL_OWNER phase=vcpu_create_end vcpu_generation=28 owner_generation=28 owner=215758 vm_generation=1
[       OK ] HvfIntelProbe.InstructionOnly (19 ms)
[----------] 1 test from HvfIntelProbe (19 ms total)

[==========] 1 test from 1 test suite ran. (19 ms total)
[  PASSED  ] 1 test.

Repeating all tests (iteration 28) . . .

Note: Google Test filter = HvfIntelProbe.InstructionOnly
[==========] Running 1 test from 1 test suite.
[----------] 1 test from HvfIntelProbe
[ RUN      ] HvfIntelProbe.InstructionOnly
INTEL_PROBE phase=executor_initialization
INTEL_PROBE phase=executor_retained
INTEL_PROBE phase=startup_probe
INTEL_PROBE phase=ordinary_steps
INTEL_PROBE phase=instruction_retirement
INTEL_OWNER phase=replacement_parked vcpu_generation=29 owner_generation=29 owner=215759 vm_generation=1
INTEL_OWNER phase=vcpu_destroy_begin vcpu_generation=28 owner_generation=28 owner=215758 vm_generation=1
INTEL_OWNER phase=vcpu_destroy_end vcpu_generation=28 owner_generation=28 owner=215758 vm_generation=1
INTEL_OWNER phase=lease_release_end vcpu_generation=28 owner_generation=28 owner=215758 vm_generation=1
INTEL_OWNER phase=owner_join_begin vcpu_generation=28 owner_generation=28 owner=215758 vm_generation=1
INTEL_OWNER phase=owner_join_end vcpu_generation=28 owner_generation=28 owner=215758 vm_generation=1
INTEL_OWNER phase=owner_activate vcpu_generation=29 owner_generation=29 owner=215759 vm_generation=1
INTEL_OWNER phase=lease_acquire_end vcpu_generation=29 owner_generation=29 owner=215759 vm_generation=1
INTEL_OWNER phase=vcpu_create_begin vcpu_generation=29 owner_generation=29 owner=215759 vm_generation=1
INTEL_OWNER phase=vcpu_create_end vcpu_generation=29 owner_generation=29 owner=215759 vm_generation=1
[       OK ] HvfIntelProbe.InstructionOnly (21 ms)
[----------] 1 test from HvfIntelProbe (21 ms total)

[==========] 1 test from 1 test suite ran. (21 ms total)
[  PASSED  ] 1 test.

Repeating all tests (iteration 29) . . .

Note: Google Test filter = HvfIntelProbe.InstructionOnly
[==========] Running 1 test from 1 test suite.
[----------] 1 test from HvfIntelProbe
[ RUN      ] HvfIntelProbe.InstructionOnly
INTEL_PROBE phase=executor_initialization
INTEL_PROBE phase=executor_retained
INTEL_PROBE phase=startup_probe
INTEL_PROBE phase=ordinary_steps
INTEL_PROBE phase=instruction_retirement
INTEL_OWNER phase=replacement_parked vcpu_generation=30 owner_generation=30 owner=215760 vm_generation=1
INTEL_OWNER phase=vcpu_destroy_begin vcpu_generation=29 owner_generation=29 owner=215759 vm_generation=1
INTEL_OWNER phase=vcpu_destroy_end vcpu_generation=29 owner_generation=29 owner=215759 vm_generation=1
INTEL_OWNER phase=lease_release_end vcpu_generation=29 owner_generation=29 owner=215759 vm_generation=1
INTEL_OWNER phase=owner_join_begin vcpu_generation=29 owner_generation=29 owner=215759 vm_generation=1
INTEL_OWNER phase=owner_join_end vcpu_generation=29 owner_generation=29 owner=215759 vm_generation=1
INTEL_OWNER phase=owner_activate vcpu_generation=30 owner_generation=30 owner=215760 vm_generation=1
INTEL_OWNER phase=lease_acquire_end vcpu_generation=30 owner_generation=30 owner=215760 vm_generation=1
INTEL_OWNER phase=vcpu_create_begin vcpu_generation=30 owner_generation=30 owner=215760 vm_generation=1
INTEL_OWNER phase=vcpu_create_end vcpu_generation=30 owner_generation=30 owner=215760 vm_generation=1
[       OK ] HvfIntelProbe.InstructionOnly (19 ms)
[----------] 1 test from HvfIntelProbe (19 ms total)

[==========] 1 test from 1 test suite ran. (19 ms total)
[  PASSED  ] 1 test.

Repeating all tests (iteration 30) . . .

Note: Google Test filter = HvfIntelProbe.InstructionOnly
[==========] Running 1 test from 1 test suite.
[----------] 1 test from HvfIntelProbe
[ RUN      ] HvfIntelProbe.InstructionOnly
INTEL_PROBE phase=executor_initialization
INTEL_PROBE phase=executor_retained
INTEL_PROBE phase=startup_probe
INTEL_PROBE phase=ordinary_steps
INTEL_PROBE phase=instruction_retirement
INTEL_OWNER phase=replacement_parked vcpu_generation=31 owner_generation=31 owner=215761 vm_generation=1
INTEL_OWNER phase=vcpu_destroy_begin vcpu_generation=30 owner_generation=30 owner=215760 vm_generation=1
INTEL_OWNER phase=vcpu_destroy_end vcpu_generation=30 owner_generation=30 owner=215760 vm_generation=1
INTEL_OWNER phase=lease_release_end vcpu_generation=30 owner_generation=30 owner=215760 vm_generation=1
INTEL_OWNER phase=owner_join_begin vcpu_generation=30 owner_generation=30 owner=215760 vm_generation=1
INTEL_OWNER phase=owner_join_end vcpu_generation=30 owner_generation=30 owner=215760 vm_generation=1
INTEL_OWNER phase=owner_activate vcpu_generation=31 owner_generation=31 owner=215761 vm_generation=1
INTEL_OWNER phase=lease_acquire_end vcpu_generation=31 owner_generation=31 owner=215761 vm_generation=1
INTEL_OWNER phase=vcpu_create_begin vcpu_generation=31 owner_generation=31 owner=215761 vm_generation=1
INTEL_OWNER phase=vcpu_create_end vcpu_generation=31 owner_generation=31 owner=215761 vm_generation=1
[       OK ] HvfIntelProbe.InstructionOnly (19 ms)
[----------] 1 test from HvfIntelProbe (19 ms total)

[==========] 1 test from 1 test suite ran. (19 ms total)
[  PASSED  ] 1 test.

Repeating all tests (iteration 31) . . .

Note: Google Test filter = HvfIntelProbe.InstructionOnly
[==========] Running 1 test from 1 test suite.
[----------] 1 test from HvfIntelProbe
[ RUN      ] HvfIntelProbe.InstructionOnly
INTEL_PROBE phase=executor_initialization
INTEL_PROBE phase=executor_retained
INTEL_PROBE phase=startup_probe
INTEL_PROBE phase=ordinary_steps
INTEL_PROBE phase=instruction_retirement
INTEL_OWNER phase=replacement_parked vcpu_generation=32 owner_generation=32 owner=215762 vm_generation=1
INTEL_OWNER phase=vcpu_destroy_begin vcpu_generation=31 owner_generation=31 owner=215761 vm_generation=1
INTEL_OWNER phase=vcpu_destroy_end vcpu_generation=31 owner_generation=31 owner=215761 vm_generation=1
INTEL_OWNER phase=lease_release_end vcpu_generation=31 owner_generation=31 owner=215761 vm_generation=1
INTEL_OWNER phase=owner_join_begin vcpu_generation=31 owner_generation=31 owner=215761 vm_generation=1
INTEL_OWNER phase=owner_join_end vcpu_generation=31 owner_generation=31 owner=215761 vm_generation=1
INTEL_OWNER phase=owner_activate vcpu_generation=32 owner_generation=32 owner=215762 vm_generation=1
INTEL_OWNER phase=lease_acquire_end vcpu_generation=32 owner_generation=32 owner=215762 vm_generation=1
INTEL_OWNER phase=vcpu_create_begin vcpu_generation=32 owner_generation=32 owner=215762 vm_generation=1
INTEL_OWNER phase=vcpu_create_end vcpu_generation=32 owner_generation=32 owner=215762 vm_generation=1
[       OK ] HvfIntelProbe.InstructionOnly (18 ms)
[----------] 1 test from HvfIntelProbe (18 ms total)

[==========] 1 test from 1 test suite ran. (18 ms total)
[  PASSED  ] 1 test.

Repeating all tests (iteration 32) . . .

Note: Google Test filter = HvfIntelProbe.InstructionOnly
[==========] Running 1 test from 1 test suite.
[----------] 1 test from HvfIntelProbe
[ RUN      ] HvfIntelProbe.InstructionOnly
INTEL_PROBE phase=executor_initialization
INTEL_PROBE phase=executor_retained
INTEL_PROBE phase=startup_probe
INTEL_PROBE phase=ordinary_steps
INTEL_PROBE phase=instruction_retirement
INTEL_OWNER phase=replacement_parked vcpu_generation=33 owner_generation=33 owner=215763 vm_generation=1
INTEL_OWNER phase=vcpu_destroy_begin vcpu_generation=32 owner_generation=32 owner=215762 vm_generation=1
INTEL_OWNER phase=vcpu_destroy_end vcpu_generation=32 owner_generation=32 owner=215762 vm_generation=1
INTEL_OWNER phase=lease_release_end vcpu_generation=32 owner_generation=32 owner=215762 vm_generation=1
INTEL_OWNER phase=owner_join_begin vcpu_generation=32 owner_generation=32 owner=215762 vm_generation=1
INTEL_OWNER phase=owner_join_end vcpu_generation=32 owner_generation=32 owner=215762 vm_generation=1
INTEL_OWNER phase=owner_activate vcpu_generation=33 owner_generation=33 owner=215763 vm_generation=1
INTEL_OWNER phase=lease_acquire_end vcpu_generation=33 owner_generation=33 owner=215763 vm_generation=1
INTEL_OWNER phase=vcpu_create_begin vcpu_generation=33 owner_generation=33 owner=215763 vm_generation=1
INTEL_OWNER phase=vcpu_create_end vcpu_generation=33 owner_generation=33 owner=215763 vm_generation=1
[       OK ] HvfIntelProbe.InstructionOnly (19 ms)
[----------] 1 test from HvfIntelProbe (19 ms total)

[==========] 1 test from 1 test suite ran. (19 ms total)
[  PASSED  ] 1 test.

Repeating all tests (iteration 33) . . .

Note: Google Test filter = HvfIntelProbe.InstructionOnly
[==========] Running 1 test from 1 test suite.
[----------] 1 test from HvfIntelProbe
[ RUN      ] HvfIntelProbe.InstructionOnly
INTEL_PROBE phase=executor_initialization
INTEL_PROBE phase=executor_retained
INTEL_PROBE phase=startup_probe
INTEL_PROBE phase=ordinary_steps
INTEL_PROBE phase=instruction_retirement
INTEL_OWNER phase=replacement_parked vcpu_generation=34 owner_generation=34 owner=215764 vm_generation=1
INTEL_OWNER phase=vcpu_destroy_begin vcpu_generation=33 owner_generation=33 owner=215763 vm_generation=1
INTEL_OWNER phase=vcpu_destroy_end vcpu_generation=33 owner_generation=33 owner=215763 vm_generation=1
INTEL_OWNER phase=lease_release_end vcpu_generation=33 owner_generation=33 owner=215763 vm_generation=1
INTEL_OWNER phase=owner_join_begin vcpu_generation=33 owner_generation=33 owner=215763 vm_generation=1
INTEL_OWNER phase=owner_join_end vcpu_generation=33 owner_generation=33 owner=215763 vm_generation=1
INTEL_OWNER phase=owner_activate vcpu_generation=34 owner_generation=34 owner=215764 vm_generation=1
INTEL_OWNER phase=lease_acquire_end vcpu_generation=34 owner_generation=34 owner=215764 vm_generation=1
INTEL_OWNER phase=vcpu_create_begin vcpu_generation=34 owner_generation=34 owner=215764 vm_generation=1
INTEL_OWNER phase=vcpu_create_end vcpu_generation=34 owner_generation=34 owner=215764 vm_generation=1
[       OK ] HvfIntelProbe.InstructionOnly (18 ms)
[----------] 1 test from HvfIntelProbe (19 ms total)

[==========] 1 test from 1 test suite ran. (19 ms total)
[  PASSED  ] 1 test.

Repeating all tests (iteration 34) . . .

Note: Google Test filter = HvfIntelProbe.InstructionOnly
[==========] Running 1 test from 1 test suite.
[----------] 1 test from HvfIntelProbe
[ RUN      ] HvfIntelProbe.InstructionOnly
INTEL_PROBE phase=executor_initialization
INTEL_PROBE phase=executor_retained
INTEL_PROBE phase=startup_probe
INTEL_PROBE phase=ordinary_steps
INTEL_PROBE phase=instruction_retirement
INTEL_OWNER phase=replacement_parked vcpu_generation=35 owner_generation=35 owner=215765 vm_generation=1
INTEL_OWNER phase=vcpu_destroy_begin vcpu_generation=34 owner_generation=34 owner=215764 vm_generation=1
INTEL_OWNER phase=vcpu_destroy_end vcpu_generation=34 owner_generation=34 owner=215764 vm_generation=1
INTEL_OWNER phase=lease_release_end vcpu_generation=34 owner_generation=34 owner=215764 vm_generation=1
INTEL_OWNER phase=owner_join_begin vcpu_generation=34 owner_generation=34 owner=215764 vm_generation=1
INTEL_OWNER phase=owner_join_end vcpu_generation=34 owner_generation=34 owner=215764 vm_generation=1
INTEL_OWNER phase=owner_activate vcpu_generation=35 owner_generation=35 owner=215765 vm_generation=1
INTEL_OWNER phase=lease_acquire_end vcpu_generation=35 owner_generation=35 owner=215765 vm_generation=1
INTEL_OWNER phase=vcpu_create_begin vcpu_generation=35 owner_generation=35 owner=215765 vm_generation=1
INTEL_OWNER phase=vcpu_create_end vcpu_generation=35 owner_generation=35 owner=215765 vm_generation=1
[       OK ] HvfIntelProbe.InstructionOnly (22 ms)
[----------] 1 test from HvfIntelProbe (22 ms total)

[==========] 1 test from 1 test suite ran. (22 ms total)
[  PASSED  ] 1 test.

Repeating all tests (iteration 35) . . .

Note: Google Test filter = HvfIntelProbe.InstructionOnly
[==========] Running 1 test from 1 test suite.
[----------] 1 test from HvfIntelProbe
[ RUN      ] HvfIntelProbe.InstructionOnly
INTEL_PROBE phase=executor_initialization
INTEL_PROBE phase=executor_retained
INTEL_PROBE phase=startup_probe
INTEL_PROBE phase=ordinary_steps
INTEL_PROBE phase=instruction_retirement
INTEL_OWNER phase=replacement_parked vcpu_generation=36 owner_generation=36 owner=215766 vm_generation=1
INTEL_OWNER phase=vcpu_destroy_begin vcpu_generation=35 owner_generation=35 owner=215765 vm_generation=1
INTEL_OWNER phase=vcpu_destroy_end vcpu_generation=35 owner_generation=35 owner=215765 vm_generation=1
INTEL_OWNER phase=lease_release_end vcpu_generation=35 owner_generation=35 owner=215765 vm_generation=1
INTEL_OWNER phase=owner_join_begin vcpu_generation=35 owner_generation=35 owner=215765 vm_generation=1
INTEL_OWNER phase=owner_join_end vcpu_generation=35 owner_generation=35 owner=215765 vm_generation=1
INTEL_OWNER phase=owner_activate vcpu_generation=36 owner_generation=36 owner=215766 vm_generation=1
INTEL_OWNER phase=lease_acquire_end vcpu_generation=36 owner_generation=36 owner=215766 vm_generation=1
INTEL_OWNER phase=vcpu_create_begin vcpu_generation=36 owner_generation=36 owner=215766 vm_generation=1
INTEL_OWNER phase=vcpu_create_end vcpu_generation=36 owner_generation=36 owner=215766 vm_generation=1
[       OK ] HvfIntelProbe.InstructionOnly (19 ms)
[----------] 1 test from HvfIntelProbe (19 ms total)

[==========] 1 test from 1 test suite ran. (19 ms total)
[  PASSED  ] 1 test.

Repeating all tests (iteration 36) . . .

Note: Google Test filter = HvfIntelProbe.InstructionOnly
[==========] Running 1 test from 1 test suite.
[----------] 1 test from HvfIntelProbe
[ RUN      ] HvfIntelProbe.InstructionOnly
INTEL_PROBE phase=executor_initialization
INTEL_PROBE phase=executor_retained
INTEL_PROBE phase=startup_probe
INTEL_PROBE phase=ordinary_steps
INTEL_PROBE phase=instruction_retirement
INTEL_OWNER phase=replacement_parked vcpu_generation=37 owner_generation=37 owner=215767 vm_generation=1
INTEL_OWNER phase=vcpu_destroy_begin vcpu_generation=36 owner_generation=36 owner=215766 vm_generation=1
INTEL_OWNER phase=vcpu_destroy_end vcpu_generation=36 owner_generation=36 owner=215766 vm_generation=1
INTEL_OWNER phase=lease_release_end vcpu_generation=36 owner_generation=36 owner=215766 vm_generation=1
INTEL_OWNER phase=owner_join_begin vcpu_generation=36 owner_generation=36 owner=215766 vm_generation=1
INTEL_OWNER phase=owner_join_end vcpu_generation=36 owner_generation=36 owner=215766 vm_generation=1
INTEL_OWNER phase=owner_activate vcpu_generation=37 owner_generation=37 owner=215767 vm_generation=1
INTEL_OWNER phase=lease_acquire_end vcpu_generation=37 owner_generation=37 owner=215767 vm_generation=1
INTEL_OWNER phase=vcpu_create_begin vcpu_generation=37 owner_generation=37 owner=215767 vm_generation=1
INTEL_OWNER phase=vcpu_create_end vcpu_generation=37 owner_generation=37 owner=215767 vm_generation=1
[       OK ] HvfIntelProbe.InstructionOnly (18 ms)
[----------] 1 test from HvfIntelProbe (18 ms total)

[==========] 1 test from 1 test suite ran. (18 ms total)
[  PASSED  ] 1 test.

Repeating all tests (iteration 37) . . .

Note: Google Test filter = HvfIntelProbe.InstructionOnly
[==========] Running 1 test from 1 test suite.
[----------] 1 test from HvfIntelProbe
[ RUN      ] HvfIntelProbe.InstructionOnly
INTEL_PROBE phase=executor_initialization
INTEL_PROBE phase=executor_retained
INTEL_PROBE phase=startup_probe
INTEL_PROBE phase=ordinary_steps
INTEL_PROBE phase=instruction_retirement
INTEL_OWNER phase=replacement_parked vcpu_generation=38 owner_generation=38 owner=215768 vm_generation=1
INTEL_OWNER phase=vcpu_destroy_begin vcpu_generation=37 owner_generation=37 owner=215767 vm_generation=1
INTEL_OWNER phase=vcpu_destroy_end vcpu_generation=37 owner_generation=37 owner=215767 vm_generation=1
INTEL_OWNER phase=lease_release_end vcpu_generation=37 owner_generation=37 owner=215767 vm_generation=1
INTEL_OWNER phase=owner_join_begin vcpu_generation=37 owner_generation=37 owner=215767 vm_generation=1
INTEL_OWNER phase=owner_join_end vcpu_generation=37 owner_generation=37 owner=215767 vm_generation=1
INTEL_OWNER phase=owner_activate vcpu_generation=38 owner_generation=38 owner=215768 vm_generation=1
INTEL_OWNER phase=lease_acquire_end vcpu_generation=38 owner_generation=38 owner=215768 vm_generation=1
INTEL_OWNER phase=vcpu_create_begin vcpu_generation=38 owner_generation=38 owner=215768 vm_generation=1
INTEL_OWNER phase=vcpu_create_end vcpu_generation=38 owner_generation=38 owner=215768 vm_generation=1
[       OK ] HvfIntelProbe.InstructionOnly (18 ms)
[----------] 1 test from HvfIntelProbe (18 ms total)

[==========] 1 test from 1 test suite ran. (18 ms total)
[  PASSED  ] 1 test.

Repeating all tests (iteration 38) . . .

Note: Google Test filter = HvfIntelProbe.InstructionOnly
[==========] Running 1 test from 1 test suite.
[----------] 1 test from HvfIntelProbe
[ RUN      ] HvfIntelProbe.InstructionOnly
INTEL_PROBE phase=executor_initialization
INTEL_PROBE phase=executor_retained
INTEL_PROBE phase=startup_probe
INTEL_PROBE phase=ordinary_steps
INTEL_PROBE phase=instruction_retirement
INTEL_OWNER phase=replacement_parked vcpu_generation=39 owner_generation=39 owner=215769 vm_generation=1
INTEL_OWNER phase=vcpu_destroy_begin vcpu_generation=38 owner_generation=38 owner=215768 vm_generation=1
INTEL_OWNER phase=vcpu_destroy_end vcpu_generation=38 owner_generation=38 owner=215768 vm_generation=1
INTEL_OWNER phase=lease_release_end vcpu_generation=38 owner_generation=38 owner=215768 vm_generation=1
INTEL_OWNER phase=owner_join_begin vcpu_generation=38 owner_generation=38 owner=215768 vm_generation=1
INTEL_OWNER phase=owner_join_end vcpu_generation=38 owner_generation=38 owner=215768 vm_generation=1
INTEL_OWNER phase=owner_activate vcpu_generation=39 owner_generation=39 owner=215769 vm_generation=1
INTEL_OWNER phase=lease_acquire_end vcpu_generation=39 owner_generation=39 owner=215769 vm_generation=1
INTEL_OWNER phase=vcpu_create_begin vcpu_generation=39 owner_generation=39 owner=215769 vm_generation=1
INTEL_OWNER phase=vcpu_create_end vcpu_generation=39 owner_generation=39 owner=215769 vm_generation=1
[       OK ] HvfIntelProbe.InstructionOnly (18 ms)
[----------] 1 test from HvfIntelProbe (18 ms total)

[==========] 1 test from 1 test suite ran. (18 ms total)
[  PASSED  ] 1 test.

Repeating all tests (iteration 39) . . .

Note: Google Test filter = HvfIntelProbe.InstructionOnly
[==========] Running 1 test from 1 test suite.
[----------] 1 test from HvfIntelProbe
[ RUN      ] HvfIntelProbe.InstructionOnly
INTEL_PROBE phase=executor_initialization
INTEL_PROBE phase=executor_retained
INTEL_PROBE phase=startup_probe
INTEL_PROBE phase=ordinary_steps
INTEL_PROBE phase=instruction_retirement
INTEL_OWNER phase=replacement_parked vcpu_generation=40 owner_generation=40 owner=215770 vm_generation=1
INTEL_OWNER phase=vcpu_destroy_begin vcpu_generation=39 owner_generation=39 owner=215769 vm_generation=1
INTEL_OWNER phase=vcpu_destroy_end vcpu_generation=39 owner_generation=39 owner=215769 vm_generation=1
INTEL_OWNER phase=lease_release_end vcpu_generation=39 owner_generation=39 owner=215769 vm_generation=1
INTEL_OWNER phase=owner_join_begin vcpu_generation=39 owner_generation=39 owner=215769 vm_generation=1
INTEL_OWNER phase=owner_join_end vcpu_generation=39 owner_generation=39 owner=215769 vm_generation=1
INTEL_OWNER phase=owner_activate vcpu_generation=40 owner_generation=40 owner=215770 vm_generation=1
INTEL_OWNER phase=lease_acquire_end vcpu_generation=40 owner_generation=40 owner=215770 vm_generation=1
INTEL_OWNER phase=vcpu_create_begin vcpu_generation=40 owner_generation=40 owner=215770 vm_generation=1
INTEL_OWNER phase=vcpu_create_end vcpu_generation=40 owner_generation=40 owner=215770 vm_generation=1
[       OK ] HvfIntelProbe.InstructionOnly (19 ms)
[----------] 1 test from HvfIntelProbe (19 ms total)

[==========] 1 test from 1 test suite ran. (19 ms total)
[  PASSED  ] 1 test.

Repeating all tests (iteration 40) . . .

Note: Google Test filter = HvfIntelProbe.InstructionOnly
[==========] Running 1 test from 1 test suite.
[----------] 1 test from HvfIntelProbe
[ RUN      ] HvfIntelProbe.InstructionOnly
INTEL_PROBE phase=executor_initialization
INTEL_PROBE phase=executor_retained
INTEL_PROBE phase=startup_probe
INTEL_PROBE phase=ordinary_steps
INTEL_PROBE phase=instruction_retirement
INTEL_OWNER phase=replacement_parked vcpu_generation=41 owner_generation=41 owner=215771 vm_generation=1
INTEL_OWNER phase=vcpu_destroy_begin vcpu_generation=40 owner_generation=40 owner=215770 vm_generation=1
INTEL_OWNER phase=vcpu_destroy_end vcpu_generation=40 owner_generation=40 owner=215770 vm_generation=1
INTEL_OWNER phase=lease_release_end vcpu_generation=40 owner_generation=40 owner=215770 vm_generation=1
INTEL_OWNER phase=owner_join_begin vcpu_generation=40 owner_generation=40 owner=215770 vm_generation=1
INTEL_OWNER phase=owner_join_end vcpu_generation=40 owner_generation=40 owner=215770 vm_generation=1
INTEL_OWNER phase=owner_activate vcpu_generation=41 owner_generation=41 owner=215771 vm_generation=1
INTEL_OWNER phase=lease_acquire_end vcpu_generation=41 owner_generation=41 owner=215771 vm_generation=1
INTEL_OWNER phase=vcpu_create_begin vcpu_generation=41 owner_generation=41 owner=215771 vm_generation=1
INTEL_OWNER phase=vcpu_create_end vcpu_generation=41 owner_generation=41 owner=215771 vm_generation=1
[       OK ] HvfIntelProbe.InstructionOnly (19 ms)
[----------] 1 test from HvfIntelProbe (19 ms total)

[==========] 1 test from 1 test suite ran. (19 ms total)
[  PASSED  ] 1 test.

Repeating all tests (iteration 41) . . .

Note: Google Test filter = HvfIntelProbe.InstructionOnly
[==========] Running 1 test from 1 test suite.
[----------] 1 test from HvfIntelProbe
[ RUN      ] HvfIntelProbe.InstructionOnly
INTEL_PROBE phase=executor_initialization
INTEL_PROBE phase=executor_retained
INTEL_PROBE phase=startup_probe
INTEL_PROBE phase=ordinary_steps
INTEL_PROBE phase=instruction_retirement
INTEL_OWNER phase=replacement_parked vcpu_generation=42 owner_generation=42 owner=215772 vm_generation=1
INTEL_OWNER phase=vcpu_destroy_begin vcpu_generation=41 owner_generation=41 owner=215771 vm_generation=1
INTEL_OWNER phase=vcpu_destroy_end vcpu_generation=41 owner_generation=41 owner=215771 vm_generation=1
INTEL_OWNER phase=lease_release_end vcpu_generation=41 owner_generation=41 owner=215771 vm_generation=1
INTEL_OWNER phase=owner_join_begin vcpu_generation=41 owner_generation=41 owner=215771 vm_generation=1
INTEL_OWNER phase=owner_join_end vcpu_generation=41 owner_generation=41 owner=215771 vm_generation=1
INTEL_OWNER phase=owner_activate vcpu_generation=42 owner_generation=42 owner=215772 vm_generation=1
INTEL_OWNER phase=lease_acquire_end vcpu_generation=42 owner_generation=42 owner=215772 vm_generation=1
INTEL_OWNER phase=vcpu_create_begin vcpu_generation=42 owner_generation=42 owner=215772 vm_generation=1
INTEL_OWNER phase=vcpu_create_end vcpu_generation=42 owner_generation=42 owner=215772 vm_generation=1
[       OK ] HvfIntelProbe.InstructionOnly (19 ms)
[----------] 1 test from HvfIntelProbe (19 ms total)

[==========] 1 test from 1 test suite ran. (19 ms total)
[  PASSED  ] 1 test.

Repeating all tests (iteration 42) . . .

Note: Google Test filter = HvfIntelProbe.InstructionOnly
[==========] Running 1 test from 1 test suite.
[----------] 1 test from HvfIntelProbe
[ RUN      ] HvfIntelProbe.InstructionOnly
INTEL_PROBE phase=executor_initialization
INTEL_PROBE phase=executor_retained
INTEL_PROBE phase=startup_probe
INTEL_PROBE phase=ordinary_steps
INTEL_PROBE phase=instruction_retirement
INTEL_OWNER phase=replacement_parked vcpu_generation=43 owner_generation=43 owner=215773 vm_generation=1
INTEL_OWNER phase=vcpu_destroy_begin vcpu_generation=42 owner_generation=42 owner=215772 vm_generation=1
INTEL_OWNER phase=vcpu_destroy_end vcpu_generation=42 owner_generation=42 owner=215772 vm_generation=1
INTEL_OWNER phase=lease_release_end vcpu_generation=42 owner_generation=42 owner=215772 vm_generation=1
INTEL_OWNER phase=owner_join_begin vcpu_generation=42 owner_generation=42 owner=215772 vm_generation=1
INTEL_OWNER phase=owner_join_end vcpu_generation=42 owner_generation=42 owner=215772 vm_generation=1
INTEL_OWNER phase=owner_activate vcpu_generation=43 owner_generation=43 owner=215773 vm_generation=1
INTEL_OWNER phase=lease_acquire_end vcpu_generation=43 owner_generation=43 owner=215773 vm_generation=1
INTEL_OWNER phase=vcpu_create_begin vcpu_generation=43 owner_generation=43 owner=215773 vm_generation=1
INTEL_OWNER phase=vcpu_create_end vcpu_generation=43 owner_generation=43 owner=215773 vm_generation=1
[       OK ] HvfIntelProbe.InstructionOnly (20 ms)
[----------] 1 test from HvfIntelProbe (20 ms total)

[==========] 1 test from 1 test suite ran. (20 ms total)
[  PASSED  ] 1 test.

Repeating all tests (iteration 43) . . .

Note: Google Test filter = HvfIntelProbe.InstructionOnly
[==========] Running 1 test from 1 test suite.
[----------] 1 test from HvfIntelProbe
[ RUN      ] HvfIntelProbe.InstructionOnly
INTEL_PROBE phase=executor_initialization
INTEL_PROBE phase=executor_retained
INTEL_PROBE phase=startup_probe
INTEL_PROBE phase=ordinary_steps
INTEL_PROBE phase=instruction_retirement
INTEL_OWNER phase=replacement_parked vcpu_generation=44 owner_generation=44 owner=215774 vm_generation=1
INTEL_OWNER phase=vcpu_destroy_begin vcpu_generation=43 owner_generation=43 owner=215773 vm_generation=1
INTEL_OWNER phase=vcpu_destroy_end vcpu_generation=43 owner_generation=43 owner=215773 vm_generation=1
INTEL_OWNER phase=lease_release_end vcpu_generation=43 owner_generation=43 owner=215773 vm_generation=1
INTEL_OWNER phase=owner_join_begin vcpu_generation=43 owner_generation=43 owner=215773 vm_generation=1
INTEL_OWNER phase=owner_join_end vcpu_generation=43 owner_generation=43 owner=215773 vm_generation=1
INTEL_OWNER phase=owner_activate vcpu_generation=44 owner_generation=44 owner=215774 vm_generation=1
INTEL_OWNER phase=lease_acquire_end vcpu_generation=44 owner_generation=44 owner=215774 vm_generation=1
INTEL_OWNER phase=vcpu_create_begin vcpu_generation=44 owner_generation=44 owner=215774 vm_generation=1
INTEL_OWNER phase=vcpu_create_end vcpu_generation=44 owner_generation=44 owner=215774 vm_generation=1
[       OK ] HvfIntelProbe.InstructionOnly (21 ms)
[----------] 1 test from HvfIntelProbe (21 ms total)

[==========] 1 test from 1 test suite ran. (21 ms total)
[  PASSED  ] 1 test.

Repeating all tests (iteration 44) . . .

Note: Google Test filter = HvfIntelProbe.InstructionOnly
[==========] Running 1 test from 1 test suite.
[----------] 1 test from HvfIntelProbe
[ RUN      ] HvfIntelProbe.InstructionOnly
INTEL_PROBE phase=executor_initialization
INTEL_PROBE phase=executor_retained
INTEL_PROBE phase=startup_probe
INTEL_PROBE phase=ordinary_steps
INTEL_PROBE phase=instruction_retirement
INTEL_OWNER phase=replacement_parked vcpu_generation=45 owner_generation=45 owner=215775 vm_generation=1
INTEL_OWNER phase=vcpu_destroy_begin vcpu_generation=44 owner_generation=44 owner=215774 vm_generation=1
INTEL_OWNER phase=vcpu_destroy_end vcpu_generation=44 owner_generation=44 owner=215774 vm_generation=1
INTEL_OWNER phase=lease_release_end vcpu_generation=44 owner_generation=44 owner=215774 vm_generation=1
INTEL_OWNER phase=owner_join_begin vcpu_generation=44 owner_generation=44 owner=215774 vm_generation=1
INTEL_OWNER phase=owner_join_end vcpu_generation=44 owner_generation=44 owner=215774 vm_generation=1
INTEL_OWNER phase=owner_activate vcpu_generation=45 owner_generation=45 owner=215775 vm_generation=1
INTEL_OWNER phase=lease_acquire_end vcpu_generation=45 owner_generation=45 owner=215775 vm_generation=1
INTEL_OWNER phase=vcpu_create_begin vcpu_generation=45 owner_generation=45 owner=215775 vm_generation=1
INTEL_OWNER phase=vcpu_create_end vcpu_generation=45 owner_generation=45 owner=215775 vm_generation=1
[       OK ] HvfIntelProbe.InstructionOnly (20 ms)
[----------] 1 test from HvfIntelProbe (20 ms total)

[==========] 1 test from 1 test suite ran. (20 ms total)
[  PASSED  ] 1 test.

Repeating all tests (iteration 45) . . .

Note: Google Test filter = HvfIntelProbe.InstructionOnly
[==========] Running 1 test from 1 test suite.
[----------] 1 test from HvfIntelProbe
[ RUN      ] HvfIntelProbe.InstructionOnly
INTEL_PROBE phase=executor_initialization
INTEL_PROBE phase=executor_retained
INTEL_PROBE phase=startup_probe
INTEL_PROBE phase=ordinary_steps
INTEL_PROBE phase=instruction_retirement
INTEL_OWNER phase=replacement_parked vcpu_generation=46 owner_generation=46 owner=215776 vm_generation=1
INTEL_OWNER phase=vcpu_destroy_begin vcpu_generation=45 owner_generation=45 owner=215775 vm_generation=1
INTEL_OWNER phase=vcpu_destroy_end vcpu_generation=45 owner_generation=45 owner=215775 vm_generation=1
INTEL_OWNER phase=lease_release_end vcpu_generation=45 owner_generation=45 owner=215775 vm_generation=1
INTEL_OWNER phase=owner_join_begin vcpu_generation=45 owner_generation=45 owner=215775 vm_generation=1
INTEL_OWNER phase=owner_join_end vcpu_generation=45 owner_generation=45 owner=215775 vm_generation=1
INTEL_OWNER phase=owner_activate vcpu_generation=46 owner_generation=46 owner=215776 vm_generation=1
INTEL_OWNER phase=lease_acquire_end vcpu_generation=46 owner_generation=46 owner=215776 vm_generation=1
INTEL_OWNER phase=vcpu_create_begin vcpu_generation=46 owner_generation=46 owner=215776 vm_generation=1
INTEL_OWNER phase=vcpu_create_end vcpu_generation=46 owner_generation=46 owner=215776 vm_generation=1
[       OK ] HvfIntelProbe.InstructionOnly (19 ms)
[----------] 1 test from HvfIntelProbe (19 ms total)

[==========] 1 test from 1 test suite ran. (19 ms total)
[  PASSED  ] 1 test.

Repeating all tests (iteration 46) . . .

Note: Google Test filter = HvfIntelProbe.InstructionOnly
[==========] Running 1 test from 1 test suite.
[----------] 1 test from HvfIntelProbe
[ RUN      ] HvfIntelProbe.InstructionOnly
INTEL_PROBE phase=executor_initialization
INTEL_PROBE phase=executor_retained
INTEL_PROBE phase=startup_probe
INTEL_PROBE phase=ordinary_steps
INTEL_PROBE phase=instruction_retirement
INTEL_OWNER phase=replacement_parked vcpu_generation=47 owner_generation=47 owner=215777 vm_generation=1
INTEL_OWNER phase=vcpu_destroy_begin vcpu_generation=46 owner_generation=46 owner=215776 vm_generation=1
INTEL_OWNER phase=vcpu_destroy_end vcpu_generation=46 owner_generation=46 owner=215776 vm_generation=1
INTEL_OWNER phase=lease_release_end vcpu_generation=46 owner_generation=46 owner=215776 vm_generation=1
INTEL_OWNER phase=owner_join_begin vcpu_generation=46 owner_generation=46 owner=215776 vm_generation=1
INTEL_OWNER phase=owner_join_end vcpu_generation=46 owner_generation=46 owner=215776 vm_generation=1
INTEL_OWNER phase=owner_activate vcpu_generation=47 owner_generation=47 owner=215777 vm_generation=1
INTEL_OWNER phase=lease_acquire_end vcpu_generation=47 owner_generation=47 owner=215777 vm_generation=1
INTEL_OWNER phase=vcpu_create_begin vcpu_generation=47 owner_generation=47 owner=215777 vm_generation=1
INTEL_OWNER phase=vcpu_create_end vcpu_generation=47 owner_generation=47 owner=215777 vm_generation=1
[       OK ] HvfIntelProbe.InstructionOnly (19 ms)
[----------] 1 test from HvfIntelProbe (19 ms total)

[==========] 1 test from 1 test suite ran. (19 ms total)
[  PASSED  ] 1 test.

Repeating all tests (iteration 47) . . .

Note: Google Test filter = HvfIntelProbe.InstructionOnly
[==========] Running 1 test from 1 test suite.
[----------] 1 test from HvfIntelProbe
[ RUN      ] HvfIntelProbe.InstructionOnly
INTEL_PROBE phase=executor_initialization
INTEL_PROBE phase=executor_retained
INTEL_PROBE phase=startup_probe
INTEL_PROBE phase=ordinary_steps
INTEL_PROBE phase=instruction_retirement
INTEL_OWNER phase=replacement_parked vcpu_generation=48 owner_generation=48 owner=215778 vm_generation=1
INTEL_OWNER phase=vcpu_destroy_begin vcpu_generation=47 owner_generation=47 owner=215777 vm_generation=1
INTEL_OWNER phase=vcpu_destroy_end vcpu_generation=47 owner_generation=47 owner=215777 vm_generation=1
INTEL_OWNER phase=lease_release_end vcpu_generation=47 owner_generation=47 owner=215777 vm_generation=1
INTEL_OWNER phase=owner_join_begin vcpu_generation=47 owner_generation=47 owner=215777 vm_generation=1
INTEL_OWNER phase=owner_join_end vcpu_generation=47 owner_generation=47 owner=215777 vm_generation=1
INTEL_OWNER phase=owner_activate vcpu_generation=48 owner_generation=48 owner=215778 vm_generation=1
INTEL_OWNER phase=lease_acquire_end vcpu_generation=48 owner_generation=48 owner=215778 vm_generation=1
INTEL_OWNER phase=vcpu_create_begin vcpu_generation=48 owner_generation=48 owner=215778 vm_generation=1
INTEL_OWNER phase=vcpu_create_end vcpu_generation=48 owner_generation=48 owner=215778 vm_generation=1
[       OK ] HvfIntelProbe.InstructionOnly (21 ms)
[----------] 1 test from HvfIntelProbe (21 ms total)

[==========] 1 test from 1 test suite ran. (21 ms total)
[  PASSED  ] 1 test.

Repeating all tests (iteration 48) . . .

Note: Google Test filter = HvfIntelProbe.InstructionOnly
[==========] Running 1 test from 1 test suite.
[----------] 1 test from HvfIntelProbe
[ RUN      ] HvfIntelProbe.InstructionOnly
INTEL_PROBE phase=executor_initialization
INTEL_PROBE phase=executor_retained
INTEL_PROBE phase=startup_probe
INTEL_PROBE phase=ordinary_steps
INTEL_PROBE phase=instruction_retirement
INTEL_OWNER phase=replacement_parked vcpu_generation=49 owner_generation=49 owner=215782 vm_generation=1
INTEL_OWNER phase=vcpu_destroy_begin vcpu_generation=48 owner_generation=48 owner=215778 vm_generation=1
INTEL_OWNER phase=vcpu_destroy_end vcpu_generation=48 owner_generation=48 owner=215778 vm_generation=1
INTEL_OWNER phase=lease_release_end vcpu_generation=48 owner_generation=48 owner=215778 vm_generation=1
INTEL_OWNER phase=owner_join_begin vcpu_generation=48 owner_generation=48 owner=215778 vm_generation=1
INTEL_OWNER phase=owner_join_end vcpu_generation=48 owner_generation=48 owner=215778 vm_generation=1
INTEL_OWNER phase=owner_activate vcpu_generation=49 owner_generation=49 owner=215782 vm_generation=1
INTEL_OWNER phase=lease_acquire_end vcpu_generation=49 owner_generation=49 owner=215782 vm_generation=1
INTEL_OWNER phase=vcpu_create_begin vcpu_generation=49 owner_generation=49 owner=215782 vm_generation=1
INTEL_OWNER phase=vcpu_create_end vcpu_generation=49 owner_generation=49 owner=215782 vm_generation=1
[       OK ] HvfIntelProbe.InstructionOnly (25 ms)
[----------] 1 test from HvfIntelProbe (25 ms total)

[==========] 1 test from 1 test suite ran. (25 ms total)
[  PASSED  ] 1 test.

Repeating all tests (iteration 49) . . .

Note: Google Test filter = HvfIntelProbe.InstructionOnly
[==========] Running 1 test from 1 test suite.
[----------] 1 test from HvfIntelProbe
[ RUN      ] HvfIntelProbe.InstructionOnly
INTEL_PROBE phase=executor_initialization
INTEL_PROBE phase=executor_retained
INTEL_PROBE phase=startup_probe
INTEL_PROBE phase=ordinary_steps
INTEL_PROBE phase=instruction_retirement
INTEL_OWNER phase=replacement_parked vcpu_generation=50 owner_generation=50 owner=215783 vm_generation=1
INTEL_OWNER phase=vcpu_destroy_begin vcpu_generation=49 owner_generation=49 owner=215782 vm_generation=1
INTEL_OWNER phase=vcpu_destroy_end vcpu_generation=49 owner_generation=49 owner=215782 vm_generation=1
INTEL_OWNER phase=lease_release_end vcpu_generation=49 owner_generation=49 owner=215782 vm_generation=1
INTEL_OWNER phase=owner_join_begin vcpu_generation=49 owner_generation=49 owner=215782 vm_generation=1
INTEL_OWNER phase=owner_join_end vcpu_generation=49 owner_generation=49 owner=215782 vm_generation=1
INTEL_OWNER phase=owner_activate vcpu_generation=50 owner_generation=50 owner=215783 vm_generation=1
INTEL_OWNER phase=lease_acquire_end vcpu_generation=50 owner_generation=50 owner=215783 vm_generation=1
INTEL_OWNER phase=vcpu_create_begin vcpu_generation=50 owner_generation=50 owner=215783 vm_generation=1
INTEL_OWNER phase=vcpu_create_end vcpu_generation=50 owner_generation=50 owner=215783 vm_generation=1
[       OK ] HvfIntelProbe.InstructionOnly (19 ms)
[----------] 1 test from HvfIntelProbe (19 ms total)

[==========] 1 test from 1 test suite ran. (19 ms total)
[  PASSED  ] 1 test.

Repeating all tests (iteration 50) . . .

Note: Google Test filter = HvfIntelProbe.InstructionOnly
[==========] Running 1 test from 1 test suite.
[----------] 1 test from HvfIntelProbe
[ RUN      ] HvfIntelProbe.InstructionOnly
INTEL_PROBE phase=executor_initialization
INTEL_PROBE phase=executor_retained
INTEL_PROBE phase=startup_probe
INTEL_PROBE phase=ordinary_steps
INTEL_PROBE phase=instruction_retirement
INTEL_OWNER phase=replacement_parked vcpu_generation=51 owner_generation=51 owner=215784 vm_generation=1
INTEL_OWNER phase=vcpu_destroy_begin vcpu_generation=50 owner_generation=50 owner=215783 vm_generation=1
INTEL_OWNER phase=vcpu_destroy_end vcpu_generation=50 owner_generation=50 owner=215783 vm_generation=1
INTEL_OWNER phase=lease_release_end vcpu_generation=50 owner_generation=50 owner=215783 vm_generation=1
INTEL_OWNER phase=owner_join_begin vcpu_generation=50 owner_generation=50 owner=215783 vm_generation=1
INTEL_OWNER phase=owner_join_end vcpu_generation=50 owner_generation=50 owner=215783 vm_generation=1
INTEL_OWNER phase=owner_activate vcpu_generation=51 owner_generation=51 owner=215784 vm_generation=1
INTEL_OWNER phase=lease_acquire_end vcpu_generation=51 owner_generation=51 owner=215784 vm_generation=1
INTEL_OWNER phase=vcpu_create_begin vcpu_generation=51 owner_generation=51 owner=215784 vm_generation=1
INTEL_OWNER phase=vcpu_create_end vcpu_generation=51 owner_generation=51 owner=215784 vm_generation=1
[       OK ] HvfIntelProbe.InstructionOnly (31 ms)
[----------] 1 test from HvfIntelProbe (31 ms total)

[==========] 1 test from 1 test suite ran. (31 ms total)
[  PASSED  ] 1 test.

Repeating all tests (iteration 51) . . .

Note: Google Test filter = HvfIntelProbe.InstructionOnly
[==========] Running 1 test from 1 test suite.
[----------] 1 test from HvfIntelProbe
[ RUN      ] HvfIntelProbe.InstructionOnly
INTEL_PROBE phase=executor_initialization
INTEL_PROBE phase=executor_retained
INTEL_PROBE phase=startup_probe
INTEL_PROBE phase=ordinary_steps
INTEL_PROBE phase=instruction_retirement
INTEL_OWNER phase=replacement_parked vcpu_generation=52 owner_generation=52 owner=215785 vm_generation=1
INTEL_OWNER phase=vcpu_destroy_begin vcpu_generation=51 owner_generation=51 owner=215784 vm_generation=1
INTEL_OWNER phase=vcpu_destroy_end vcpu_generation=51 owner_generation=51 owner=215784 vm_generation=1
INTEL_OWNER phase=lease_release_end vcpu_generation=51 owner_generation=51 owner=215784 vm_generation=1
INTEL_OWNER phase=owner_join_begin vcpu_generation=51 owner_generation=51 owner=215784 vm_generation=1
INTEL_OWNER phase=owner_join_end vcpu_generation=51 owner_generation=51 owner=215784 vm_generation=1
INTEL_OWNER phase=owner_activate vcpu_generation=52 owner_generation=52 owner=215785 vm_generation=1
INTEL_OWNER phase=lease_acquire_end vcpu_generation=52 owner_generation=52 owner=215785 vm_generation=1
INTEL_OWNER phase=vcpu_create_begin vcpu_generation=52 owner_generation=52 owner=215785 vm_generation=1
INTEL_OWNER phase=vcpu_create_end vcpu_generation=52 owner_generation=52 owner=215785 vm_generation=1
[       OK ] HvfIntelProbe.InstructionOnly (21 ms)
[----------] 1 test from HvfIntelProbe (21 ms total)

[==========] 1 test from 1 test suite ran. (21 ms total)
[  PASSED  ] 1 test.

Repeating all tests (iteration 52) . . .

Note: Google Test filter = HvfIntelProbe.InstructionOnly
[==========] Running 1 test from 1 test suite.
[----------] 1 test from HvfIntelProbe
[ RUN      ] HvfIntelProbe.InstructionOnly
INTEL_PROBE phase=executor_initialization
INTEL_PROBE phase=executor_retained
INTEL_PROBE phase=startup_probe
INTEL_PROBE phase=ordinary_steps
INTEL_PROBE phase=instruction_retirement
INTEL_OWNER phase=replacement_parked vcpu_generation=53 owner_generation=53 owner=215786 vm_generation=1
INTEL_OWNER phase=vcpu_destroy_begin vcpu_generation=52 owner_generation=52 owner=215785 vm_generation=1
INTEL_OWNER phase=vcpu_destroy_end vcpu_generation=52 owner_generation=52 owner=215785 vm_generation=1
INTEL_OWNER phase=lease_release_end vcpu_generation=52 owner_generation=52 owner=215785 vm_generation=1
INTEL_OWNER phase=owner_join_begin vcpu_generation=52 owner_generation=52 owner=215785 vm_generation=1
INTEL_OWNER phase=owner_join_end vcpu_generation=52 owner_generation=52 owner=215785 vm_generation=1
INTEL_OWNER phase=owner_activate vcpu_generation=53 owner_generation=53 owner=215786 vm_generation=1
INTEL_OWNER phase=lease_acquire_end vcpu_generation=53 owner_generation=53 owner=215786 vm_generation=1
INTEL_OWNER phase=vcpu_create_begin vcpu_generation=53 owner_generation=53 owner=215786 vm_generation=1
INTEL_OWNER phase=vcpu_create_end vcpu_generation=53 owner_generation=53 owner=215786 vm_generation=1
[       OK ] HvfIntelProbe.InstructionOnly (21 ms)
[----------] 1 test from HvfIntelProbe (21 ms total)

[==========] 1 test from 1 test suite ran. (21 ms total)
[  PASSED  ] 1 test.

Repeating all tests (iteration 53) . . .

Note: Google Test filter = HvfIntelProbe.InstructionOnly
[==========] Running 1 test from 1 test suite.
[----------] 1 test from HvfIntelProbe
[ RUN      ] HvfIntelProbe.InstructionOnly
INTEL_PROBE phase=executor_initialization
INTEL_PROBE phase=executor_retained
INTEL_PROBE phase=startup_probe
INTEL_PROBE phase=ordinary_steps
INTEL_PROBE phase=instruction_retirement
INTEL_OWNER phase=replacement_parked vcpu_generation=54 owner_generation=54 owner=215787 vm_generation=1
INTEL_OWNER phase=vcpu_destroy_begin vcpu_generation=53 owner_generation=53 owner=215786 vm_generation=1
INTEL_OWNER phase=vcpu_destroy_end vcpu_generation=53 owner_generation=53 owner=215786 vm_generation=1
INTEL_OWNER phase=lease_release_end vcpu_generation=53 owner_generation=53 owner=215786 vm_generation=1
INTEL_OWNER phase=owner_join_begin vcpu_generation=53 owner_generation=53 owner=215786 vm_generation=1
INTEL_OWNER phase=owner_join_end vcpu_generation=53 owner_generation=53 owner=215786 vm_generation=1
INTEL_OWNER phase=owner_activate vcpu_generation=54 owner_generation=54 owner=215787 vm_generation=1
INTEL_OWNER phase=lease_acquire_end vcpu_generation=54 owner_generation=54 owner=215787 vm_generation=1
INTEL_OWNER phase=vcpu_create_begin vcpu_generation=54 owner_generation=54 owner=215787 vm_generation=1
INTEL_OWNER phase=vcpu_create_end vcpu_generation=54 owner_generation=54 owner=215787 vm_generation=1
[       OK ] HvfIntelProbe.InstructionOnly (20 ms)
[----------] 1 test from HvfIntelProbe (21 ms total)

[==========] 1 test from 1 test suite ran. (21 ms total)
[  PASSED  ] 1 test.

Repeating all tests (iteration 54) . . .

Note: Google Test filter = HvfIntelProbe.InstructionOnly
[==========] Running 1 test from 1 test suite.
[----------] 1 test from HvfIntelProbe
[ RUN      ] HvfIntelProbe.InstructionOnly
INTEL_PROBE phase=executor_initialization
INTEL_PROBE phase=executor_retained
INTEL_PROBE phase=startup_probe
INTEL_PROBE phase=ordinary_steps
INTEL_PROBE phase=instruction_retirement
INTEL_OWNER phase=replacement_parked vcpu_generation=55 owner_generation=55 owner=215789 vm_generation=1
INTEL_OWNER phase=vcpu_destroy_begin vcpu_generation=54 owner_generation=54 owner=215787 vm_generation=1
INTEL_OWNER phase=vcpu_destroy_end vcpu_generation=54 owner_generation=54 owner=215787 vm_generation=1
INTEL_OWNER phase=lease_release_end vcpu_generation=54 owner_generation=54 owner=215787 vm_generation=1
INTEL_OWNER phase=owner_join_begin vcpu_generation=54 owner_generation=54 owner=215787 vm_generation=1
INTEL_OWNER phase=owner_join_end vcpu_generation=54 owner_generation=54 owner=215787 vm_generation=1
INTEL_OWNER phase=owner_activate vcpu_generation=55 owner_generation=55 owner=215789 vm_generation=1
INTEL_OWNER phase=lease_acquire_end vcpu_generation=55 owner_generation=55 owner=215789 vm_generation=1
INTEL_OWNER phase=vcpu_create_begin vcpu_generation=55 owner_generation=55 owner=215789 vm_generation=1
INTEL_OWNER phase=vcpu_create_end vcpu_generation=55 owner_generation=55 owner=215789 vm_generation=1
[       OK ] HvfIntelProbe.InstructionOnly (20 ms)
[----------] 1 test from HvfIntelProbe (20 ms total)

[==========] 1 test from 1 test suite ran. (20 ms total)
[  PASSED  ] 1 test.

Repeating all tests (iteration 55) . . .

Note: Google Test filter = HvfIntelProbe.InstructionOnly
[==========] Running 1 test from 1 test suite.
[----------] 1 test from HvfIntelProbe
[ RUN      ] HvfIntelProbe.InstructionOnly
INTEL_PROBE phase=executor_initialization
INTEL_PROBE phase=executor_retained
INTEL_PROBE phase=startup_probe
INTEL_PROBE phase=ordinary_steps
INTEL_PROBE phase=instruction_retirement
INTEL_OWNER phase=replacement_parked vcpu_generation=56 owner_generation=56 owner=215790 vm_generation=1
INTEL_OWNER phase=vcpu_destroy_begin vcpu_generation=55 owner_generation=55 owner=215789 vm_generation=1
INTEL_OWNER phase=vcpu_destroy_end vcpu_generation=55 owner_generation=55 owner=215789 vm_generation=1
INTEL_OWNER phase=lease_release_end vcpu_generation=55 owner_generation=55 owner=215789 vm_generation=1
INTEL_OWNER phase=owner_join_begin vcpu_generation=55 owner_generation=55 owner=215789 vm_generation=1
INTEL_OWNER phase=owner_join_end vcpu_generation=55 owner_generation=55 owner=215789 vm_generation=1
INTEL_OWNER phase=owner_activate vcpu_generation=56 owner_generation=56 owner=215790 vm_generation=1
INTEL_OWNER phase=lease_acquire_end vcpu_generation=56 owner_generation=56 owner=215790 vm_generation=1
INTEL_OWNER phase=vcpu_create_begin vcpu_generation=56 owner_generation=56 owner=215790 vm_generation=1
INTEL_OWNER phase=vcpu_create_end vcpu_generation=56 owner_generation=56 owner=215790 vm_generation=1
[       OK ] HvfIntelProbe.InstructionOnly (17 ms)
[----------] 1 test from HvfIntelProbe (17 ms total)

[==========] 1 test from 1 test suite ran. (17 ms total)
[  PASSED  ] 1 test.

Repeating all tests (iteration 56) . . .

Note: Google Test filter = HvfIntelProbe.InstructionOnly
[==========] Running 1 test from 1 test suite.
[----------] 1 test from HvfIntelProbe
[ RUN      ] HvfIntelProbe.InstructionOnly
INTEL_PROBE phase=executor_initialization
INTEL_PROBE phase=executor_retained
INTEL_PROBE phase=startup_probe
INTEL_PROBE phase=ordinary_steps
INTEL_PROBE phase=instruction_retirement
INTEL_OWNER phase=replacement_parked vcpu_generation=57 owner_generation=57 owner=215791 vm_generation=1
INTEL_OWNER phase=vcpu_destroy_begin vcpu_generation=56 owner_generation=56 owner=215790 vm_generation=1
INTEL_OWNER phase=vcpu_destroy_end vcpu_generation=56 owner_generation=56 owner=215790 vm_generation=1
INTEL_OWNER phase=lease_release_end vcpu_generation=56 owner_generation=56 owner=215790 vm_generation=1
INTEL_OWNER phase=owner_join_begin vcpu_generation=56 owner_generation=56 owner=215790 vm_generation=1
INTEL_OWNER phase=owner_join_end vcpu_generation=56 owner_generation=56 owner=215790 vm_generation=1
INTEL_OWNER phase=owner_activate vcpu_generation=57 owner_generation=57 owner=215791 vm_generation=1
INTEL_OWNER phase=lease_acquire_end vcpu_generation=57 owner_generation=57 owner=215791 vm_generation=1
INTEL_OWNER phase=vcpu_create_begin vcpu_generation=57 owner_generation=57 owner=215791 vm_generation=1
INTEL_OWNER phase=vcpu_create_end vcpu_generation=57 owner_generation=57 owner=215791 vm_generation=1
[       OK ] HvfIntelProbe.InstructionOnly (20 ms)
[----------] 1 test from HvfIntelProbe (20 ms total)

[==========] 1 test from 1 test suite ran. (20 ms total)
[  PASSED  ] 1 test.

Repeating all tests (iteration 57) . . .

Note: Google Test filter = HvfIntelProbe.InstructionOnly
[==========] Running 1 test from 1 test suite.
[----------] 1 test from HvfIntelProbe
[ RUN      ] HvfIntelProbe.InstructionOnly
INTEL_PROBE phase=executor_initialization
INTEL_PROBE phase=executor_retained
INTEL_PROBE phase=startup_probe
INTEL_PROBE phase=ordinary_steps
INTEL_PROBE phase=instruction_retirement
INTEL_OWNER phase=replacement_parked vcpu_generation=58 owner_generation=58 owner=215792 vm_generation=1
INTEL_OWNER phase=vcpu_destroy_begin vcpu_generation=57 owner_generation=57 owner=215791 vm_generation=1
INTEL_OWNER phase=vcpu_destroy_end vcpu_generation=57 owner_generation=57 owner=215791 vm_generation=1
INTEL_OWNER phase=lease_release_end vcpu_generation=57 owner_generation=57 owner=215791 vm_generation=1
INTEL_OWNER phase=owner_join_begin vcpu_generation=57 owner_generation=57 owner=215791 vm_generation=1
INTEL_OWNER phase=owner_join_end vcpu_generation=57 owner_generation=57 owner=215791 vm_generation=1
INTEL_OWNER phase=owner_activate vcpu_generation=58 owner_generation=58 owner=215792 vm_generation=1
INTEL_OWNER phase=lease_acquire_end vcpu_generation=58 owner_generation=58 owner=215792 vm_generation=1
INTEL_OWNER phase=vcpu_create_begin vcpu_generation=58 owner_generation=58 owner=215792 vm_generation=1
INTEL_OWNER phase=vcpu_create_end vcpu_generation=58 owner_generation=58 owner=215792 vm_generation=1
[       OK ] HvfIntelProbe.InstructionOnly (20 ms)
[----------] 1 test from HvfIntelProbe (20 ms total)

[==========] 1 test from 1 test suite ran. (20 ms total)
[  PASSED  ] 1 test.

Repeating all tests (iteration 58) . . .

Note: Google Test filter = HvfIntelProbe.InstructionOnly
[==========] Running 1 test from 1 test suite.
[----------] 1 test from HvfIntelProbe
[ RUN      ] HvfIntelProbe.InstructionOnly
INTEL_PROBE phase=executor_initialization
INTEL_PROBE phase=executor_retained
INTEL_PROBE phase=startup_probe
INTEL_PROBE phase=ordinary_steps
INTEL_PROBE phase=instruction_retirement
INTEL_OWNER phase=replacement_parked vcpu_generation=59 owner_generation=59 owner=215793 vm_generation=1
INTEL_OWNER phase=vcpu_destroy_begin vcpu_generation=58 owner_generation=58 owner=215792 vm_generation=1
INTEL_OWNER phase=vcpu_destroy_end vcpu_generation=58 owner_generation=58 owner=215792 vm_generation=1
INTEL_OWNER phase=lease_release_end vcpu_generation=58 owner_generation=58 owner=215792 vm_generation=1
INTEL_OWNER phase=owner_join_begin vcpu_generation=58 owner_generation=58 owner=215792 vm_generation=1
INTEL_OWNER phase=owner_join_end vcpu_generation=58 owner_generation=58 owner=215792 vm_generation=1
INTEL_OWNER phase=owner_activate vcpu_generation=59 owner_generation=59 owner=215793 vm_generation=1
INTEL_OWNER phase=lease_acquire_end vcpu_generation=59 owner_generation=59 owner=215793 vm_generation=1
INTEL_OWNER phase=vcpu_create_begin vcpu_generation=59 owner_generation=59 owner=215793 vm_generation=1
INTEL_OWNER phase=vcpu_create_end vcpu_generation=59 owner_generation=59 owner=215793 vm_generation=1
[       OK ] HvfIntelProbe.InstructionOnly (18 ms)
[----------] 1 test from HvfIntelProbe (18 ms total)

[==========] 1 test from 1 test suite ran. (18 ms total)
[  PASSED  ] 1 test.

Repeating all tests (iteration 59) . . .

Note: Google Test filter = HvfIntelProbe.InstructionOnly
[==========] Running 1 test from 1 test suite.
[----------] 1 test from HvfIntelProbe
[ RUN      ] HvfIntelProbe.InstructionOnly
INTEL_PROBE phase=executor_initialization
INTEL_PROBE phase=executor_retained
INTEL_PROBE phase=startup_probe
INTEL_PROBE phase=ordinary_steps
INTEL_PROBE phase=instruction_retirement
INTEL_OWNER phase=replacement_parked vcpu_generation=60 owner_generation=60 owner=215794 vm_generation=1
INTEL_OWNER phase=vcpu_destroy_begin vcpu_generation=59 owner_generation=59 owner=215793 vm_generation=1
INTEL_OWNER phase=vcpu_destroy_end vcpu_generation=59 owner_generation=59 owner=215793 vm_generation=1
INTEL_OWNER phase=lease_release_end vcpu_generation=59 owner_generation=59 owner=215793 vm_generation=1
INTEL_OWNER phase=owner_join_begin vcpu_generation=59 owner_generation=59 owner=215793 vm_generation=1
INTEL_OWNER phase=owner_join_end vcpu_generation=59 owner_generation=59 owner=215793 vm_generation=1
INTEL_OWNER phase=owner_activate vcpu_generation=60 owner_generation=60 owner=215794 vm_generation=1
INTEL_OWNER phase=lease_acquire_end vcpu_generation=60 owner_generation=60 owner=215794 vm_generation=1
INTEL_OWNER phase=vcpu_create_begin vcpu_generation=60 owner_generation=60 owner=215794 vm_generation=1
INTEL_OWNER phase=vcpu_create_end vcpu_generation=60 owner_generation=60 owner=215794 vm_generation=1
[       OK ] HvfIntelProbe.InstructionOnly (20 ms)
[----------] 1 test from HvfIntelProbe (20 ms total)

[==========] 1 test from 1 test suite ran. (20 ms total)
[  PASSED  ] 1 test.

Repeating all tests (iteration 60) . . .

Note: Google Test filter = HvfIntelProbe.InstructionOnly
[==========] Running 1 test from 1 test suite.
[----------] 1 test from HvfIntelProbe
[ RUN      ] HvfIntelProbe.InstructionOnly
INTEL_PROBE phase=executor_initialization
INTEL_PROBE phase=executor_retained
INTEL_PROBE phase=startup_probe
INTEL_PROBE phase=ordinary_steps
INTEL_PROBE phase=instruction_retirement
INTEL_OWNER phase=replacement_parked vcpu_generation=61 owner_generation=61 owner=215795 vm_generation=1
INTEL_OWNER phase=vcpu_destroy_begin vcpu_generation=60 owner_generation=60 owner=215794 vm_generation=1
INTEL_OWNER phase=vcpu_destroy_end vcpu_generation=60 owner_generation=60 owner=215794 vm_generation=1
INTEL_OWNER phase=lease_release_end vcpu_generation=60 owner_generation=60 owner=215794 vm_generation=1
INTEL_OWNER phase=owner_join_begin vcpu_generation=60 owner_generation=60 owner=215794 vm_generation=1
INTEL_OWNER phase=owner_join_end vcpu_generation=60 owner_generation=60 owner=215794 vm_generation=1
INTEL_OWNER phase=owner_activate vcpu_generation=61 owner_generation=61 owner=215795 vm_generation=1
INTEL_OWNER phase=lease_acquire_end vcpu_generation=61 owner_generation=61 owner=215795 vm_generation=1
INTEL_OWNER phase=vcpu_create_begin vcpu_generation=61 owner_generation=61 owner=215795 vm_generation=1
INTEL_OWNER phase=vcpu_create_end vcpu_generation=61 owner_generation=61 owner=215795 vm_generation=1
[       OK ] HvfIntelProbe.InstructionOnly (19 ms)
[----------] 1 test from HvfIntelProbe (19 ms total)

[==========] 1 test from 1 test suite ran. (19 ms total)
[  PASSED  ] 1 test.

Repeating all tests (iteration 61) . . .

Note: Google Test filter = HvfIntelProbe.InstructionOnly
[==========] Running 1 test from 1 test suite.
[----------] 1 test from HvfIntelProbe
[ RUN      ] HvfIntelProbe.InstructionOnly
INTEL_PROBE phase=executor_initialization
INTEL_PROBE phase=executor_retained
INTEL_PROBE phase=startup_probe
INTEL_PROBE phase=ordinary_steps
INTEL_PROBE phase=instruction_retirement
INTEL_OWNER phase=replacement_parked vcpu_generation=62 owner_generation=62 owner=215796 vm_generation=1
INTEL_OWNER phase=vcpu_destroy_begin vcpu_generation=61 owner_generation=61 owner=215795 vm_generation=1
INTEL_OWNER phase=vcpu_destroy_end vcpu_generation=61 owner_generation=61 owner=215795 vm_generation=1
INTEL_OWNER phase=lease_release_end vcpu_generation=61 owner_generation=61 owner=215795 vm_generation=1
INTEL_OWNER phase=owner_join_begin vcpu_generation=61 owner_generation=61 owner=215795 vm_generation=1
INTEL_OWNER phase=owner_join_end vcpu_generation=61 owner_generation=61 owner=215795 vm_generation=1
INTEL_OWNER phase=owner_activate vcpu_generation=62 owner_generation=62 owner=215796 vm_generation=1
INTEL_OWNER phase=lease_acquire_end vcpu_generation=62 owner_generation=62 owner=215796 vm_generation=1
INTEL_OWNER phase=vcpu_create_begin vcpu_generation=62 owner_generation=62 owner=215796 vm_generation=1
INTEL_OWNER phase=vcpu_create_end vcpu_generation=62 owner_generation=62 owner=215796 vm_generation=1
[       OK ] HvfIntelProbe.InstructionOnly (20 ms)
[----------] 1 test from HvfIntelProbe (20 ms total)

[==========] 1 test from 1 test suite ran. (20 ms total)
[  PASSED  ] 1 test.

Repeating all tests (iteration 62) . . .

Note: Google Test filter = HvfIntelProbe.InstructionOnly
[==========] Running 1 test from 1 test suite.
[----------] 1 test from HvfIntelProbe
[ RUN      ] HvfIntelProbe.InstructionOnly
INTEL_PROBE phase=executor_initialization
INTEL_PROBE phase=executor_retained
INTEL_PROBE phase=startup_probe
INTEL_PROBE phase=ordinary_steps
INTEL_PROBE phase=instruction_retirement
INTEL_OWNER phase=replacement_parked vcpu_generation=63 owner_generation=63 owner=215797 vm_generation=1
INTEL_OWNER phase=vcpu_destroy_begin vcpu_generation=62 owner_generation=62 owner=215796 vm_generation=1
INTEL_OWNER phase=vcpu_destroy_end vcpu_generation=62 owner_generation=62 owner=215796 vm_generation=1
INTEL_OWNER phase=lease_release_end vcpu_generation=62 owner_generation=62 owner=215796 vm_generation=1
INTEL_OWNER phase=owner_join_begin vcpu_generation=62 owner_generation=62 owner=215796 vm_generation=1
INTEL_OWNER phase=owner_join_end vcpu_generation=62 owner_generation=62 owner=215796 vm_generation=1
INTEL_OWNER phase=owner_activate vcpu_generation=63 owner_generation=63 owner=215797 vm_generation=1
INTEL_OWNER phase=lease_acquire_end vcpu_generation=63 owner_generation=63 owner=215797 vm_generation=1
INTEL_OWNER phase=vcpu_create_begin vcpu_generation=63 owner_generation=63 owner=215797 vm_generation=1
INTEL_OWNER phase=vcpu_create_end vcpu_generation=63 owner_generation=63 owner=215797 vm_generation=1
[       OK ] HvfIntelProbe.InstructionOnly (21 ms)
[----------] 1 test from HvfIntelProbe (21 ms total)

[==========] 1 test from 1 test suite ran. (21 ms total)
[  PASSED  ] 1 test.

Repeating all tests (iteration 63) . . .

Note: Google Test filter = HvfIntelProbe.InstructionOnly
[==========] Running 1 test from 1 test suite.
[----------] 1 test from HvfIntelProbe
[ RUN      ] HvfIntelProbe.InstructionOnly
INTEL_PROBE phase=executor_initialization
INTEL_PROBE phase=executor_retained
INTEL_PROBE phase=startup_probe
INTEL_PROBE phase=ordinary_steps
INTEL_PROBE phase=instruction_retirement
INTEL_OWNER phase=replacement_parked vcpu_generation=64 owner_generation=64 owner=215798 vm_generation=1
INTEL_OWNER phase=vcpu_destroy_begin vcpu_generation=63 owner_generation=63 owner=215797 vm_generation=1
INTEL_OWNER phase=vcpu_destroy_end vcpu_generation=63 owner_generation=63 owner=215797 vm_generation=1
INTEL_OWNER phase=lease_release_end vcpu_generation=63 owner_generation=63 owner=215797 vm_generation=1
INTEL_OWNER phase=owner_join_begin vcpu_generation=63 owner_generation=63 owner=215797 vm_generation=1
INTEL_OWNER phase=owner_join_end vcpu_generation=63 owner_generation=63 owner=215797 vm_generation=1
INTEL_OWNER phase=owner_activate vcpu_generation=64 owner_generation=64 owner=215798 vm_generation=1
INTEL_OWNER phase=lease_acquire_end vcpu_generation=64 owner_generation=64 owner=215798 vm_generation=1
INTEL_OWNER phase=vcpu_create_begin vcpu_generation=64 owner_generation=64 owner=215798 vm_generation=1
INTEL_OWNER phase=vcpu_create_end vcpu_generation=64 owner_generation=64 owner=215798 vm_generation=1
[       OK ] HvfIntelProbe.InstructionOnly (22 ms)
[----------] 1 test from HvfIntelProbe (22 ms total)

[==========] 1 test from 1 test suite ran. (22 ms total)
[  PASSED  ] 1 test.

Repeating all tests (iteration 64) . . .

Note: Google Test filter = HvfIntelProbe.InstructionOnly
[==========] Running 1 test from 1 test suite.
[----------] 1 test from HvfIntelProbe
[ RUN      ] HvfIntelProbe.InstructionOnly
INTEL_PROBE phase=executor_initialization
INTEL_PROBE phase=executor_retained
INTEL_PROBE phase=startup_probe
INTEL_PROBE phase=ordinary_steps
INTEL_PROBE phase=instruction_retirement
INTEL_OWNER phase=replacement_parked vcpu_generation=65 owner_generation=65 owner=215799 vm_generation=1
INTEL_OWNER phase=vcpu_destroy_begin vcpu_generation=64 owner_generation=64 owner=215798 vm_generation=1
INTEL_OWNER phase=vcpu_destroy_end vcpu_generation=64 owner_generation=64 owner=215798 vm_generation=1
INTEL_OWNER phase=lease_release_end vcpu_generation=64 owner_generation=64 owner=215798 vm_generation=1
INTEL_OWNER phase=owner_join_begin vcpu_generation=64 owner_generation=64 owner=215798 vm_generation=1
INTEL_OWNER phase=owner_join_end vcpu_generation=64 owner_generation=64 owner=215798 vm_generation=1
INTEL_OWNER phase=owner_activate vcpu_generation=65 owner_generation=65 owner=215799 vm_generation=1
INTEL_OWNER phase=lease_acquire_end vcpu_generation=65 owner_generation=65 owner=215799 vm_generation=1
INTEL_OWNER phase=vcpu_create_begin vcpu_generation=65 owner_generation=65 owner=215799 vm_generation=1
INTEL_OWNER phase=vcpu_create_end vcpu_generation=65 owner_generation=65 owner=215799 vm_generation=1
[       OK ] HvfIntelProbe.InstructionOnly (20 ms)
[----------] 1 test from HvfIntelProbe (20 ms total)

[==========] 1 test from 1 test suite ran. (20 ms total)
[  PASSED  ] 1 test.

Repeating all tests (iteration 65) . . .

Note: Google Test filter = HvfIntelProbe.InstructionOnly
[==========] Running 1 test from 1 test suite.
[----------] 1 test from HvfIntelProbe
[ RUN      ] HvfIntelProbe.InstructionOnly
INTEL_PROBE phase=executor_initialization
INTEL_PROBE phase=executor_retained
INTEL_PROBE phase=startup_probe
INTEL_PROBE phase=ordinary_steps
INTEL_PROBE phase=instruction_retirement
INTEL_OWNER phase=replacement_parked vcpu_generation=66 owner_generation=66 owner=215800 vm_generation=1
INTEL_OWNER phase=vcpu_destroy_begin vcpu_generation=65 owner_generation=65 owner=215799 vm_generation=1
INTEL_OWNER phase=vcpu_destroy_end vcpu_generation=65 owner_generation=65 owner=215799 vm_generation=1
INTEL_OWNER phase=lease_release_end vcpu_generation=65 owner_generation=65 owner=215799 vm_generation=1
INTEL_OWNER phase=owner_join_begin vcpu_generation=65 owner_generation=65 owner=215799 vm_generation=1
INTEL_OWNER phase=owner_join_end vcpu_generation=65 owner_generation=65 owner=215799 vm_generation=1
INTEL_OWNER phase=owner_activate vcpu_generation=66 owner_generation=66 owner=215800 vm_generation=1
INTEL_OWNER phase=lease_acquire_end vcpu_generation=66 owner_generation=66 owner=215800 vm_generation=1
INTEL_OWNER phase=vcpu_create_begin vcpu_generation=66 owner_generation=66 owner=215800 vm_generation=1
INTEL_OWNER phase=vcpu_create_end vcpu_generation=66 owner_generation=66 owner=215800 vm_generation=1
[       OK ] HvfIntelProbe.InstructionOnly (20 ms)
[----------] 1 test from HvfIntelProbe (20 ms total)

[==========] 1 test from 1 test suite ran. (20 ms total)
[  PASSED  ] 1 test.

Repeating all tests (iteration 66) . . .

Note: Google Test filter = HvfIntelProbe.InstructionOnly
[==========] Running 1 test from 1 test suite.
[----------] 1 test from HvfIntelProbe
[ RUN      ] HvfIntelProbe.InstructionOnly
INTEL_PROBE phase=executor_initialization
INTEL_PROBE phase=executor_retained
INTEL_PROBE phase=startup_probe
INTEL_PROBE phase=ordinary_steps
INTEL_PROBE phase=instruction_retirement
INTEL_OWNER phase=replacement_parked vcpu_generation=67 owner_generation=67 owner=215801 vm_generation=1
INTEL_OWNER phase=vcpu_destroy_begin vcpu_generation=66 owner_generation=66 owner=215800 vm_generation=1
INTEL_OWNER phase=vcpu_destroy_end vcpu_generation=66 owner_generation=66 owner=215800 vm_generation=1
INTEL_OWNER phase=lease_release_end vcpu_generation=66 owner_generation=66 owner=215800 vm_generation=1
INTEL_OWNER phase=owner_join_begin vcpu_generation=66 owner_generation=66 owner=215800 vm_generation=1
INTEL_OWNER phase=owner_join_end vcpu_generation=66 owner_generation=66 owner=215800 vm_generation=1
INTEL_OWNER phase=owner_activate vcpu_generation=67 owner_generation=67 owner=215801 vm_generation=1
INTEL_OWNER phase=lease_acquire_end vcpu_generation=67 owner_generation=67 owner=215801 vm_generation=1
INTEL_OWNER phase=vcpu_create_begin vcpu_generation=67 owner_generation=67 owner=215801 vm_generation=1
INTEL_OWNER phase=vcpu_create_end vcpu_generation=67 owner_generation=67 owner=215801 vm_generation=1
[       OK ] HvfIntelProbe.InstructionOnly (19 ms)
[----------] 1 test from HvfIntelProbe (19 ms total)

[==========] 1 test from 1 test suite ran. (19 ms total)
[  PASSED  ] 1 test.

Repeating all tests (iteration 67) . . .

Note: Google Test filter = HvfIntelProbe.InstructionOnly
[==========] Running 1 test from 1 test suite.
[----------] 1 test from HvfIntelProbe
[ RUN      ] HvfIntelProbe.InstructionOnly
INTEL_PROBE phase=executor_initialization
INTEL_PROBE phase=executor_retained
INTEL_PROBE phase=startup_probe
INTEL_PROBE phase=ordinary_steps
INTEL_PROBE phase=instruction_retirement
INTEL_OWNER phase=replacement_parked vcpu_generation=68 owner_generation=68 owner=215802 vm_generation=1
INTEL_OWNER phase=vcpu_destroy_begin vcpu_generation=67 owner_generation=67 owner=215801 vm_generation=1
INTEL_OWNER phase=vcpu_destroy_end vcpu_generation=67 owner_generation=67 owner=215801 vm_generation=1
INTEL_OWNER phase=lease_release_end vcpu_generation=67 owner_generation=67 owner=215801 vm_generation=1
INTEL_OWNER phase=owner_join_begin vcpu_generation=67 owner_generation=67 owner=215801 vm_generation=1
INTEL_OWNER phase=owner_join_end vcpu_generation=67 owner_generation=67 owner=215801 vm_generation=1
INTEL_OWNER phase=owner_activate vcpu_generation=68 owner_generation=68 owner=215802 vm_generation=1
INTEL_OWNER phase=lease_acquire_end vcpu_generation=68 owner_generation=68 owner=215802 vm_generation=1
INTEL_OWNER phase=vcpu_create_begin vcpu_generation=68 owner_generation=68 owner=215802 vm_generation=1
INTEL_OWNER phase=vcpu_create_end vcpu_generation=68 owner_generation=68 owner=215802 vm_generation=1
[       OK ] HvfIntelProbe.InstructionOnly (21 ms)
[----------] 1 test from HvfIntelProbe (21 ms total)

[==========] 1 test from 1 test suite ran. (21 ms total)
[  PASSED  ] 1 test.

Repeating all tests (iteration 68) . . .

Note: Google Test filter = HvfIntelProbe.InstructionOnly
[==========] Running 1 test from 1 test suite.
[----------] 1 test from HvfIntelProbe
[ RUN      ] HvfIntelProbe.InstructionOnly
INTEL_PROBE phase=executor_initialization
INTEL_PROBE phase=executor_retained
INTEL_PROBE phase=startup_probe
INTEL_PROBE phase=ordinary_steps
INTEL_PROBE phase=instruction_retirement
INTEL_OWNER phase=replacement_parked vcpu_generation=69 owner_generation=69 owner=215803 vm_generation=1
INTEL_OWNER phase=vcpu_destroy_begin vcpu_generation=68 owner_generation=68 owner=215802 vm_generation=1
INTEL_OWNER phase=vcpu_destroy_end vcpu_generation=68 owner_generation=68 owner=215802 vm_generation=1
INTEL_OWNER phase=lease_release_end vcpu_generation=68 owner_generation=68 owner=215802 vm_generation=1
INTEL_OWNER phase=owner_join_begin vcpu_generation=68 owner_generation=68 owner=215802 vm_generation=1
INTEL_OWNER phase=owner_join_end vcpu_generation=68 owner_generation=68 owner=215802 vm_generation=1
INTEL_OWNER phase=owner_activate vcpu_generation=69 owner_generation=69 owner=215803 vm_generation=1
INTEL_OWNER phase=lease_acquire_end vcpu_generation=69 owner_generation=69 owner=215803 vm_generation=1
INTEL_OWNER phase=vcpu_create_begin vcpu_generation=69 owner_generation=69 owner=215803 vm_generation=1
INTEL_OWNER phase=vcpu_create_end vcpu_generation=69 owner_generation=69 owner=215803 vm_generation=1
[       OK ] HvfIntelProbe.InstructionOnly (20 ms)
[----------] 1 test from HvfIntelProbe (20 ms total)

[==========] 1 test from 1 test suite ran. (20 ms total)
[  PASSED  ] 1 test.

Repeating all tests (iteration 69) . . .

Note: Google Test filter = HvfIntelProbe.InstructionOnly
[==========] Running 1 test from 1 test suite.
[----------] 1 test from HvfIntelProbe
[ RUN      ] HvfIntelProbe.InstructionOnly
INTEL_PROBE phase=executor_initialization
INTEL_PROBE phase=executor_retained
INTEL_PROBE phase=startup_probe
INTEL_PROBE phase=ordinary_steps
INTEL_PROBE phase=instruction_retirement
INTEL_OWNER phase=replacement_parked vcpu_generation=70 owner_generation=70 owner=215804 vm_generation=1
INTEL_OWNER phase=vcpu_destroy_begin vcpu_generation=69 owner_generation=69 owner=215803 vm_generation=1
INTEL_OWNER phase=vcpu_destroy_end vcpu_generation=69 owner_generation=69 owner=215803 vm_generation=1
INTEL_OWNER phase=lease_release_end vcpu_generation=69 owner_generation=69 owner=215803 vm_generation=1
INTEL_OWNER phase=owner_join_begin vcpu_generation=69 owner_generation=69 owner=215803 vm_generation=1
INTEL_OWNER phase=owner_join_end vcpu_generation=69 owner_generation=69 owner=215803 vm_generation=1
INTEL_OWNER phase=owner_activate vcpu_generation=70 owner_generation=70 owner=215804 vm_generation=1
INTEL_OWNER phase=lease_acquire_end vcpu_generation=70 owner_generation=70 owner=215804 vm_generation=1
INTEL_OWNER phase=vcpu_create_begin vcpu_generation=70 owner_generation=70 owner=215804 vm_generation=1
INTEL_OWNER phase=vcpu_create_end vcpu_generation=70 owner_generation=70 owner=215804 vm_generation=1
[       OK ] HvfIntelProbe.InstructionOnly (20 ms)
[----------] 1 test from HvfIntelProbe (20 ms total)

[==========] 1 test from 1 test suite ran. (20 ms total)
[  PASSED  ] 1 test.

Repeating all tests (iteration 70) . . .

Note: Google Test filter = HvfIntelProbe.InstructionOnly
[==========] Running 1 test from 1 test suite.
[----------] 1 test from HvfIntelProbe
[ RUN      ] HvfIntelProbe.InstructionOnly
INTEL_PROBE phase=executor_initialization
INTEL_PROBE phase=executor_retained
INTEL_PROBE phase=startup_probe
INTEL_PROBE phase=ordinary_steps
INTEL_PROBE phase=instruction_retirement
INTEL_OWNER phase=replacement_parked vcpu_generation=71 owner_generation=71 owner=215805 vm_generation=1
INTEL_OWNER phase=vcpu_destroy_begin vcpu_generation=70 owner_generation=70 owner=215804 vm_generation=1
INTEL_OWNER phase=vcpu_destroy_end vcpu_generation=70 owner_generation=70 owner=215804 vm_generation=1
INTEL_OWNER phase=lease_release_end vcpu_generation=70 owner_generation=70 owner=215804 vm_generation=1
INTEL_OWNER phase=owner_join_begin vcpu_generation=70 owner_generation=70 owner=215804 vm_generation=1
INTEL_OWNER phase=owner_join_end vcpu_generation=70 owner_generation=70 owner=215804 vm_generation=1
INTEL_OWNER phase=owner_activate vcpu_generation=71 owner_generation=71 owner=215805 vm_generation=1
INTEL_OWNER phase=lease_acquire_end vcpu_generation=71 owner_generation=71 owner=215805 vm_generation=1
INTEL_OWNER phase=vcpu_create_begin vcpu_generation=71 owner_generation=71 owner=215805 vm_generation=1
INTEL_OWNER phase=vcpu_create_end vcpu_generation=71 owner_generation=71 owner=215805 vm_generation=1
[       OK ] HvfIntelProbe.InstructionOnly (23 ms)
[----------] 1 test from HvfIntelProbe (23 ms total)

[==========] 1 test from 1 test suite ran. (23 ms total)
[  PASSED  ] 1 test.

Repeating all tests (iteration 71) . . .

Note: Google Test filter = HvfIntelProbe.InstructionOnly
[==========] Running 1 test from 1 test suite.
[----------] 1 test from HvfIntelProbe
[ RUN      ] HvfIntelProbe.InstructionOnly
INTEL_PROBE phase=executor_initialization
INTEL_PROBE phase=executor_retained
INTEL_PROBE phase=startup_probe
INTEL_PROBE phase=ordinary_steps
INTEL_PROBE phase=instruction_retirement
INTEL_OWNER phase=replacement_parked vcpu_generation=72 owner_generation=72 owner=215806 vm_generation=1
INTEL_OWNER phase=vcpu_destroy_begin vcpu_generation=71 owner_generation=71 owner=215805 vm_generation=1
INTEL_OWNER phase=vcpu_destroy_end vcpu_generation=71 owner_generation=71 owner=215805 vm_generation=1
INTEL_OWNER phase=lease_release_end vcpu_generation=71 owner_generation=71 owner=215805 vm_generation=1
INTEL_OWNER phase=owner_join_begin vcpu_generation=71 owner_generation=71 owner=215805 vm_generation=1
INTEL_OWNER phase=owner_join_end vcpu_generation=71 owner_generation=71 owner=215805 vm_generation=1
INTEL_OWNER phase=owner_activate vcpu_generation=72 owner_generation=72 owner=215806 vm_generation=1
INTEL_OWNER phase=lease_acquire_end vcpu_generation=72 owner_generation=72 owner=215806 vm_generation=1
INTEL_OWNER phase=vcpu_create_begin vcpu_generation=72 owner_generation=72 owner=215806 vm_generation=1
INTEL_OWNER phase=vcpu_create_end vcpu_generation=72 owner_generation=72 owner=215806 vm_generation=1
[       OK ] HvfIntelProbe.InstructionOnly (20 ms)
[----------] 1 test from HvfIntelProbe (20 ms total)

[==========] 1 test from 1 test suite ran. (20 ms total)
[  PASSED  ] 1 test.

Repeating all tests (iteration 72) . . .

Note: Google Test filter = HvfIntelProbe.InstructionOnly
[==========] Running 1 test from 1 test suite.
[----------] 1 test from HvfIntelProbe
[ RUN      ] HvfIntelProbe.InstructionOnly
INTEL_PROBE phase=executor_initialization
INTEL_PROBE phase=executor_retained
INTEL_PROBE phase=startup_probe
INTEL_PROBE phase=ordinary_steps
INTEL_PROBE phase=instruction_retirement
INTEL_OWNER phase=replacement_parked vcpu_generation=73 owner_generation=73 owner=215811 vm_generation=1
INTEL_OWNER phase=vcpu_destroy_begin vcpu_generation=72 owner_generation=72 owner=215806 vm_generation=1
INTEL_OWNER phase=vcpu_destroy_end vcpu_generation=72 owner_generation=72 owner=215806 vm_generation=1
INTEL_OWNER phase=lease_release_end vcpu_generation=72 owner_generation=72 owner=215806 vm_generation=1
INTEL_OWNER phase=owner_join_begin vcpu_generation=72 owner_generation=72 owner=215806 vm_generation=1
INTEL_OWNER phase=owner_join_end vcpu_generation=72 owner_generation=72 owner=215806 vm_generation=1
INTEL_OWNER phase=owner_activate vcpu_generation=73 owner_generation=73 owner=215811 vm_generation=1
INTEL_OWNER phase=lease_acquire_end vcpu_generation=73 owner_generation=73 owner=215811 vm_generation=1
INTEL_OWNER phase=vcpu_create_begin vcpu_generation=73 owner_generation=73 owner=215811 vm_generation=1
INTEL_OWNER phase=vcpu_create_end vcpu_generation=73 owner_generation=73 owner=215811 vm_generation=1
[       OK ] HvfIntelProbe.InstructionOnly (22 ms)
[----------] 1 test from HvfIntelProbe (22 ms total)

[==========] 1 test from 1 test suite ran. (22 ms total)
[  PASSED  ] 1 test.

Repeating all tests (iteration 73) . . .

Note: Google Test filter = HvfIntelProbe.InstructionOnly
[==========] Running 1 test from 1 test suite.
[----------] 1 test from HvfIntelProbe
[ RUN      ] HvfIntelProbe.InstructionOnly
INTEL_PROBE phase=executor_initialization
INTEL_PROBE phase=executor_retained
INTEL_PROBE phase=startup_probe
INTEL_PROBE phase=ordinary_steps
INTEL_PROBE phase=instruction_retirement
INTEL_OWNER phase=replacement_parked vcpu_generation=74 owner_generation=74 owner=215815 vm_generation=1
INTEL_OWNER phase=vcpu_destroy_begin vcpu_generation=73 owner_generation=73 owner=215811 vm_generation=1
INTEL_OWNER phase=vcpu_destroy_end vcpu_generation=73 owner_generation=73 owner=215811 vm_generation=1
INTEL_OWNER phase=lease_release_end vcpu_generation=73 owner_generation=73 owner=215811 vm_generation=1
INTEL_OWNER phase=owner_join_begin vcpu_generation=73 owner_generation=73 owner=215811 vm_generation=1
INTEL_OWNER phase=owner_join_end vcpu_generation=73 owner_generation=73 owner=215811 vm_generation=1
INTEL_OWNER phase=owner_activate vcpu_generation=74 owner_generation=74 owner=215815 vm_generation=1
INTEL_OWNER phase=lease_acquire_end vcpu_generation=74 owner_generation=74 owner=215815 vm_generation=1
INTEL_OWNER phase=vcpu_create_begin vcpu_generation=74 owner_generation=74 owner=215815 vm_generation=1
INTEL_OWNER phase=vcpu_create_end vcpu_generation=74 owner_generation=74 owner=215815 vm_generation=1
[       OK ] HvfIntelProbe.InstructionOnly (37 ms)
[----------] 1 test from HvfIntelProbe (37 ms total)

[==========] 1 test from 1 test suite ran. (37 ms total)
[  PASSED  ] 1 test.

Repeating all tests (iteration 74) . . .

Note: Google Test filter = HvfIntelProbe.InstructionOnly
[==========] Running 1 test from 1 test suite.
[----------] 1 test from HvfIntelProbe
[ RUN      ] HvfIntelProbe.InstructionOnly
INTEL_PROBE phase=executor_initialization
INTEL_PROBE phase=executor_retained
INTEL_PROBE phase=startup_probe
INTEL_PROBE phase=ordinary_steps
INTEL_PROBE phase=instruction_retirement
INTEL_OWNER phase=replacement_parked vcpu_generation=75 owner_generation=75 owner=215822 vm_generation=1
INTEL_OWNER phase=vcpu_destroy_begin vcpu_generation=74 owner_generation=74 owner=215815 vm_generation=1
INTEL_OWNER phase=vcpu_destroy_end vcpu_generation=74 owner_generation=74 owner=215815 vm_generation=1
INTEL_OWNER phase=lease_release_end vcpu_generation=74 owner_generation=74 owner=215815 vm_generation=1
INTEL_OWNER phase=owner_join_begin vcpu_generation=74 owner_generation=74 owner=215815 vm_generation=1
INTEL_OWNER phase=owner_join_end vcpu_generation=74 owner_generation=74 owner=215815 vm_generation=1
INTEL_OWNER phase=owner_activate vcpu_generation=75 owner_generation=75 owner=215822 vm_generation=1
INTEL_OWNER phase=lease_acquire_end vcpu_generation=75 owner_generation=75 owner=215822 vm_generation=1
INTEL_OWNER phase=vcpu_create_begin vcpu_generation=75 owner_generation=75 owner=215822 vm_generation=1
INTEL_OWNER phase=vcpu_create_end vcpu_generation=75 owner_generation=75 owner=215822 vm_generation=1
[       OK ] HvfIntelProbe.InstructionOnly (22 ms)
[----------] 1 test from HvfIntelProbe (22 ms total)

[==========] 1 test from 1 test suite ran. (22 ms total)
[  PASSED  ] 1 test.

Repeating all tests (iteration 75) . . .

Note: Google Test filter = HvfIntelProbe.InstructionOnly
[==========] Running 1 test from 1 test suite.
[----------] 1 test from HvfIntelProbe
[ RUN      ] HvfIntelProbe.InstructionOnly
INTEL_PROBE phase=executor_initialization
INTEL_PROBE phase=executor_retained
INTEL_PROBE phase=startup_probe
INTEL_PROBE phase=ordinary_steps
INTEL_PROBE phase=instruction_retirement
INTEL_OWNER phase=replacement_parked vcpu_generation=76 owner_generation=76 owner=215823 vm_generation=1
INTEL_OWNER phase=vcpu_destroy_begin vcpu_generation=75 owner_generation=75 owner=215822 vm_generation=1
INTEL_OWNER phase=vcpu_destroy_end vcpu_generation=75 owner_generation=75 owner=215822 vm_generation=1
INTEL_OWNER phase=lease_release_end vcpu_generation=75 owner_generation=75 owner=215822 vm_generation=1
INTEL_OWNER phase=owner_join_begin vcpu_generation=75 owner_generation=75 owner=215822 vm_generation=1
INTEL_OWNER phase=owner_join_end vcpu_generation=75 owner_generation=75 owner=215822 vm_generation=1
INTEL_OWNER phase=owner_activate vcpu_generation=76 owner_generation=76 owner=215823 vm_generation=1
INTEL_OWNER phase=lease_acquire_end vcpu_generation=76 owner_generation=76 owner=215823 vm_generation=1
INTEL_OWNER phase=vcpu_create_begin vcpu_generation=76 owner_generation=76 owner=215823 vm_generation=1
INTEL_OWNER phase=vcpu_create_end vcpu_generation=76 owner_generation=76 owner=215823 vm_generation=1
[       OK ] HvfIntelProbe.InstructionOnly (25 ms)
[----------] 1 test from HvfIntelProbe (25 ms total)

[==========] 1 test from 1 test suite ran. (25 ms total)
[  PASSED  ] 1 test.

Repeating all tests (iteration 76) . . .

Note: Google Test filter = HvfIntelProbe.InstructionOnly
[==========] Running 1 test from 1 test suite.
[----------] 1 test from HvfIntelProbe
[ RUN      ] HvfIntelProbe.InstructionOnly
INTEL_PROBE phase=executor_initialization
INTEL_PROBE phase=executor_retained
INTEL_PROBE phase=startup_probe
INTEL_PROBE phase=ordinary_steps
INTEL_PROBE phase=instruction_retirement
INTEL_OWNER phase=replacement_parked vcpu_generation=77 owner_generation=77 owner=215824 vm_generation=1
INTEL_OWNER phase=vcpu_destroy_begin vcpu_generation=76 owner_generation=76 owner=215823 vm_generation=1
INTEL_OWNER phase=vcpu_destroy_end vcpu_generation=76 owner_generation=76 owner=215823 vm_generation=1
INTEL_OWNER phase=lease_release_end vcpu_generation=76 owner_generation=76 owner=215823 vm_generation=1
INTEL_OWNER phase=owner_join_begin vcpu_generation=76 owner_generation=76 owner=215823 vm_generation=1
INTEL_OWNER phase=owner_join_end vcpu_generation=76 owner_generation=76 owner=215823 vm_generation=1
INTEL_OWNER phase=owner_activate vcpu_generation=77 owner_generation=77 owner=215824 vm_generation=1
INTEL_OWNER phase=lease_acquire_end vcpu_generation=77 owner_generation=77 owner=215824 vm_generation=1
INTEL_OWNER phase=vcpu_create_begin vcpu_generation=77 owner_generation=77 owner=215824 vm_generation=1
INTEL_OWNER phase=vcpu_create_end vcpu_generation=77 owner_generation=77 owner=215824 vm_generation=1
[       OK ] HvfIntelProbe.InstructionOnly (18 ms)
[----------] 1 test from HvfIntelProbe (18 ms total)

[==========] 1 test from 1 test suite ran. (18 ms total)
[  PASSED  ] 1 test.

Repeating all tests (iteration 77) . . .

Note: Google Test filter = HvfIntelProbe.InstructionOnly
[==========] Running 1 test from 1 test suite.
[----------] 1 test from HvfIntelProbe
[ RUN      ] HvfIntelProbe.InstructionOnly
INTEL_PROBE phase=executor_initialization
INTEL_PROBE phase=executor_retained
INTEL_PROBE phase=startup_probe
INTEL_PROBE phase=ordinary_steps
INTEL_PROBE phase=instruction_retirement
INTEL_OWNER phase=replacement_parked vcpu_generation=78 owner_generation=78 owner=215829 vm_generation=1
INTEL_OWNER phase=vcpu_destroy_begin vcpu_generation=77 owner_generation=77 owner=215824 vm_generation=1
INTEL_OWNER phase=vcpu_destroy_end vcpu_generation=77 owner_generation=77 owner=215824 vm_generation=1
INTEL_OWNER phase=lease_release_end vcpu_generation=77 owner_generation=77 owner=215824 vm_generation=1
INTEL_OWNER phase=owner_join_begin vcpu_generation=77 owner_generation=77 owner=215824 vm_generation=1
INTEL_OWNER phase=owner_join_end vcpu_generation=77 owner_generation=77 owner=215824 vm_generation=1
INTEL_OWNER phase=owner_activate vcpu_generation=78 owner_generation=78 owner=215829 vm_generation=1
INTEL_OWNER phase=lease_acquire_end vcpu_generation=78 owner_generation=78 owner=215829 vm_generation=1
INTEL_OWNER phase=vcpu_create_begin vcpu_generation=78 owner_generation=78 owner=215829 vm_generation=1
INTEL_OWNER phase=vcpu_create_end vcpu_generation=78 owner_generation=78 owner=215829 vm_generation=1
[       OK ] HvfIntelProbe.InstructionOnly (20 ms)
[----------] 1 test from HvfIntelProbe (20 ms total)

[==========] 1 test from 1 test suite ran. (20 ms total)
[  PASSED  ] 1 test.

Repeating all tests (iteration 78) . . .

Note: Google Test filter = HvfIntelProbe.InstructionOnly
[==========] Running 1 test from 1 test suite.
[----------] 1 test from HvfIntelProbe
[ RUN      ] HvfIntelProbe.InstructionOnly
INTEL_PROBE phase=executor_initialization
INTEL_PROBE phase=executor_retained
INTEL_PROBE phase=startup_probe
INTEL_PROBE phase=ordinary_steps
INTEL_PROBE phase=instruction_retirement
INTEL_OWNER phase=replacement_parked vcpu_generation=79 owner_generation=79 owner=215831 vm_generation=1
INTEL_OWNER phase=vcpu_destroy_begin vcpu_generation=78 owner_generation=78 owner=215829 vm_generation=1
INTEL_OWNER phase=vcpu_destroy_end vcpu_generation=78 owner_generation=78 owner=215829 vm_generation=1
INTEL_OWNER phase=lease_release_end vcpu_generation=78 owner_generation=78 owner=215829 vm_generation=1
INTEL_OWNER phase=owner_join_begin vcpu_generation=78 owner_generation=78 owner=215829 vm_generation=1
INTEL_OWNER phase=owner_join_end vcpu_generation=78 owner_generation=78 owner=215829 vm_generation=1
INTEL_OWNER phase=owner_activate vcpu_generation=79 owner_generation=79 owner=215831 vm_generation=1
INTEL_OWNER phase=lease_acquire_end vcpu_generation=79 owner_generation=79 owner=215831 vm_generation=1
INTEL_OWNER phase=vcpu_create_begin vcpu_generation=79 owner_generation=79 owner=215831 vm_generation=1
INTEL_OWNER phase=vcpu_create_end vcpu_generation=79 owner_generation=79 owner=215831 vm_generation=1
[       OK ] HvfIntelProbe.InstructionOnly (20 ms)
[----------] 1 test from HvfIntelProbe (20 ms total)

[==========] 1 test from 1 test suite ran. (20 ms total)
[  PASSED  ] 1 test.

Repeating all tests (iteration 79) . . .

Note: Google Test filter = HvfIntelProbe.InstructionOnly
[==========] Running 1 test from 1 test suite.
[----------] 1 test from HvfIntelProbe
[ RUN      ] HvfIntelProbe.InstructionOnly
INTEL_PROBE phase=executor_initialization
INTEL_PROBE phase=executor_retained
INTEL_PROBE phase=startup_probe
INTEL_PROBE phase=ordinary_steps
INTEL_PROBE phase=instruction_retirement
INTEL_OWNER phase=replacement_parked vcpu_generation=80 owner_generation=80 owner=215834 vm_generation=1
INTEL_OWNER phase=vcpu_destroy_begin vcpu_generation=79 owner_generation=79 owner=215831 vm_generation=1
INTEL_OWNER phase=vcpu_destroy_end vcpu_generation=79 owner_generation=79 owner=215831 vm_generation=1
INTEL_OWNER phase=lease_release_end vcpu_generation=79 owner_generation=79 owner=215831 vm_generation=1
INTEL_OWNER phase=owner_join_begin vcpu_generation=79 owner_generation=79 owner=215831 vm_generation=1
INTEL_OWNER phase=owner_join_end vcpu_generation=79 owner_generation=79 owner=215831 vm_generation=1
INTEL_OWNER phase=owner_activate vcpu_generation=80 owner_generation=80 owner=215834 vm_generation=1
INTEL_OWNER phase=lease_acquire_end vcpu_generation=80 owner_generation=80 owner=215834 vm_generation=1
INTEL_OWNER phase=vcpu_create_begin vcpu_generation=80 owner_generation=80 owner=215834 vm_generation=1
INTEL_OWNER phase=vcpu_create_end vcpu_generation=80 owner_generation=80 owner=215834 vm_generation=1
[       OK ] HvfIntelProbe.InstructionOnly (17 ms)
[----------] 1 test from HvfIntelProbe (17 ms total)

[==========] 1 test from 1 test suite ran. (17 ms total)
[  PASSED  ] 1 test.

Repeating all tests (iteration 80) . . .

Note: Google Test filter = HvfIntelProbe.InstructionOnly
[==========] Running 1 test from 1 test suite.
[----------] 1 test from HvfIntelProbe
[ RUN      ] HvfIntelProbe.InstructionOnly
INTEL_PROBE phase=executor_initialization
INTEL_PROBE phase=executor_retained
INTEL_PROBE phase=startup_probe
INTEL_PROBE phase=ordinary_steps
INTEL_PROBE phase=instruction_retirement
INTEL_OWNER phase=replacement_parked vcpu_generation=81 owner_generation=81 owner=215837 vm_generation=1
INTEL_OWNER phase=vcpu_destroy_begin vcpu_generation=80 owner_generation=80 owner=215834 vm_generation=1
INTEL_OWNER phase=vcpu_destroy_end vcpu_generation=80 owner_generation=80 owner=215834 vm_generation=1
INTEL_OWNER phase=lease_release_end vcpu_generation=80 owner_generation=80 owner=215834 vm_generation=1
INTEL_OWNER phase=owner_join_begin vcpu_generation=80 owner_generation=80 owner=215834 vm_generation=1
INTEL_OWNER phase=owner_join_end vcpu_generation=80 owner_generation=80 owner=215834 vm_generation=1
INTEL_OWNER phase=owner_activate vcpu_generation=81 owner_generation=81 owner=215837 vm_generation=1
INTEL_OWNER phase=lease_acquire_end vcpu_generation=81 owner_generation=81 owner=215837 vm_generation=1
INTEL_OWNER phase=vcpu_create_begin vcpu_generation=81 owner_generation=81 owner=215837 vm_generation=1
INTEL_OWNER phase=vcpu_create_end vcpu_generation=81 owner_generation=81 owner=215837 vm_generation=1
[       OK ] HvfIntelProbe.InstructionOnly (32 ms)
[----------] 1 test from HvfIntelProbe (32 ms total)

[==========] 1 test from 1 test suite ran. (32 ms total)
[  PASSED  ] 1 test.

Repeating all tests (iteration 81) . . .

Note: Google Test filter = HvfIntelProbe.InstructionOnly
[==========] Running 1 test from 1 test suite.
[----------] 1 test from HvfIntelProbe
[ RUN      ] HvfIntelProbe.InstructionOnly
INTEL_PROBE phase=executor_initialization
INTEL_PROBE phase=executor_retained
INTEL_PROBE phase=startup_probe
INTEL_PROBE phase=ordinary_steps
INTEL_PROBE phase=instruction_retirement
INTEL_OWNER phase=replacement_parked vcpu_generation=82 owner_generation=82 owner=215840 vm_generation=1
INTEL_OWNER phase=vcpu_destroy_begin vcpu_generation=81 owner_generation=81 owner=215837 vm_generation=1
INTEL_OWNER phase=vcpu_destroy_end vcpu_generation=81 owner_generation=81 owner=215837 vm_generation=1
INTEL_OWNER phase=lease_release_end vcpu_generation=81 owner_generation=81 owner=215837 vm_generation=1
INTEL_OWNER phase=owner_join_begin vcpu_generation=81 owner_generation=81 owner=215837 vm_generation=1
INTEL_OWNER phase=owner_join_end vcpu_generation=81 owner_generation=81 owner=215837 vm_generation=1
INTEL_OWNER phase=owner_activate vcpu_generation=82 owner_generation=82 owner=215840 vm_generation=1
INTEL_OWNER phase=lease_acquire_end vcpu_generation=82 owner_generation=82 owner=215840 vm_generation=1
INTEL_OWNER phase=vcpu_create_begin vcpu_generation=82 owner_generation=82 owner=215840 vm_generation=1
INTEL_OWNER phase=vcpu_create_end vcpu_generation=82 owner_generation=82 owner=215840 vm_generation=1
[       OK ] HvfIntelProbe.InstructionOnly (48 ms)
[----------] 1 test from HvfIntelProbe (48 ms total)

[==========] 1 test from 1 test suite ran. (48 ms total)
[  PASSED  ] 1 test.

Repeating all tests (iteration 82) . . .

Note: Google Test filter = HvfIntelProbe.InstructionOnly
[==========] Running 1 test from 1 test suite.
[----------] 1 test from HvfIntelProbe
[ RUN      ] HvfIntelProbe.InstructionOnly
INTEL_PROBE phase=executor_initialization
INTEL_PROBE phase=executor_retained
INTEL_PROBE phase=startup_probe
INTEL_PROBE phase=ordinary_steps
INTEL_PROBE phase=instruction_retirement
INTEL_OWNER phase=replacement_parked vcpu_generation=83 owner_generation=83 owner=215841 vm_generation=1
INTEL_OWNER phase=vcpu_destroy_begin vcpu_generation=82 owner_generation=82 owner=215840 vm_generation=1
INTEL_OWNER phase=vcpu_destroy_end vcpu_generation=82 owner_generation=82 owner=215840 vm_generation=1
INTEL_OWNER phase=lease_release_end vcpu_generation=82 owner_generation=82 owner=215840 vm_generation=1
INTEL_OWNER phase=owner_join_begin vcpu_generation=82 owner_generation=82 owner=215840 vm_generation=1
INTEL_OWNER phase=owner_join_end vcpu_generation=82 owner_generation=82 owner=215840 vm_generation=1
INTEL_OWNER phase=owner_activate vcpu_generation=83 owner_generation=83 owner=215841 vm_generation=1
INTEL_OWNER phase=lease_acquire_end vcpu_generation=83 owner_generation=83 owner=215841 vm_generation=1
INTEL_OWNER phase=vcpu_create_begin vcpu_generation=83 owner_generation=83 owner=215841 vm_generation=1
INTEL_OWNER phase=vcpu_create_end vcpu_generation=83 owner_generation=83 owner=215841 vm_generation=1
[       OK ] HvfIntelProbe.InstructionOnly (104 ms)
[----------] 1 test from HvfIntelProbe (105 ms total)

[==========] 1 test from 1 test suite ran. (106 ms total)
[  PASSED  ] 1 test.

Repeating all tests (iteration 83) . . .

Note: Google Test filter = HvfIntelProbe.InstructionOnly
[==========] Running 1 test from 1 test suite.
[----------] 1 test from HvfIntelProbe
[ RUN      ] HvfIntelProbe.InstructionOnly
INTEL_PROBE phase=executor_initialization
INTEL_PROBE phase=executor_retained
INTEL_PROBE phase=startup_probe
INTEL_PROBE phase=ordinary_steps
INTEL_PROBE phase=instruction_retirement
INTEL_OWNER phase=replacement_parked vcpu_generation=84 owner_generation=84 owner=215842 vm_generation=1
INTEL_OWNER phase=vcpu_destroy_begin vcpu_generation=83 owner_generation=83 owner=215841 vm_generation=1
INTEL_OWNER phase=vcpu_destroy_end vcpu_generation=83 owner_generation=83 owner=215841 vm_generation=1
INTEL_OWNER phase=lease_release_end vcpu_generation=83 owner_generation=83 owner=215841 vm_generation=1
INTEL_OWNER phase=owner_join_begin vcpu_generation=83 owner_generation=83 owner=215841 vm_generation=1
INTEL_OWNER phase=owner_join_end vcpu_generation=83 owner_generation=83 owner=215841 vm_generation=1
INTEL_OWNER phase=owner_activate vcpu_generation=84 owner_generation=84 owner=215842 vm_generation=1
INTEL_OWNER phase=lease_acquire_end vcpu_generation=84 owner_generation=84 owner=215842 vm_generation=1
INTEL_OWNER phase=vcpu_create_begin vcpu_generation=84 owner_generation=84 owner=215842 vm_generation=1
INTEL_OWNER phase=vcpu_create_end vcpu_generation=84 owner_generation=84 owner=215842 vm_generation=1
[       OK ] HvfIntelProbe.InstructionOnly (21 ms)
[----------] 1 test from HvfIntelProbe (21 ms total)

[==========] 1 test from 1 test suite ran. (21 ms total)
[  PASSED  ] 1 test.

Repeating all tests (iteration 84) . . .

Note: Google Test filter = HvfIntelProbe.InstructionOnly
[==========] Running 1 test from 1 test suite.
[----------] 1 test from HvfIntelProbe
[ RUN      ] HvfIntelProbe.InstructionOnly
INTEL_PROBE phase=executor_initialization
INTEL_PROBE phase=executor_retained
INTEL_PROBE phase=startup_probe
INTEL_PROBE phase=ordinary_steps
INTEL_PROBE phase=instruction_retirement
INTEL_OWNER phase=replacement_parked vcpu_generation=85 owner_generation=85 owner=215844 vm_generation=1
INTEL_OWNER phase=vcpu_destroy_begin vcpu_generation=84 owner_generation=84 owner=215842 vm_generation=1
INTEL_OWNER phase=vcpu_destroy_end vcpu_generation=84 owner_generation=84 owner=215842 vm_generation=1
INTEL_OWNER phase=lease_release_end vcpu_generation=84 owner_generation=84 owner=215842 vm_generation=1
INTEL_OWNER phase=owner_join_begin vcpu_generation=84 owner_generation=84 owner=215842 vm_generation=1
INTEL_OWNER phase=owner_join_end vcpu_generation=84 owner_generation=84 owner=215842 vm_generation=1
INTEL_OWNER phase=owner_activate vcpu_generation=85 owner_generation=85 owner=215844 vm_generation=1
INTEL_OWNER phase=lease_acquire_end vcpu_generation=85 owner_generation=85 owner=215844 vm_generation=1
INTEL_OWNER phase=vcpu_create_begin vcpu_generation=85 owner_generation=85 owner=215844 vm_generation=1
INTEL_OWNER phase=vcpu_create_end vcpu_generation=85 owner_generation=85 owner=215844 vm_generation=1
[       OK ] HvfIntelProbe.InstructionOnly (30 ms)
[----------] 1 test from HvfIntelProbe (30 ms total)

[==========] 1 test from 1 test suite ran. (30 ms total)
[  PASSED  ] 1 test.

Repeating all tests (iteration 85) . . .

Note: Google Test filter = HvfIntelProbe.InstructionOnly
[==========] Running 1 test from 1 test suite.
[----------] 1 test from HvfIntelProbe
[ RUN      ] HvfIntelProbe.InstructionOnly
INTEL_PROBE phase=executor_initialization
INTEL_PROBE phase=executor_retained
INTEL_PROBE phase=startup_probe
INTEL_PROBE phase=ordinary_steps
INTEL_PROBE phase=instruction_retirement
INTEL_OWNER phase=replacement_parked vcpu_generation=86 owner_generation=86 owner=215846 vm_generation=1
INTEL_OWNER phase=vcpu_destroy_begin vcpu_generation=85 owner_generation=85 owner=215844 vm_generation=1
INTEL_OWNER phase=vcpu_destroy_end vcpu_generation=85 owner_generation=85 owner=215844 vm_generation=1
INTEL_OWNER phase=lease_release_end vcpu_generation=85 owner_generation=85 owner=215844 vm_generation=1
INTEL_OWNER phase=owner_join_begin vcpu_generation=85 owner_generation=85 owner=215844 vm_generation=1
INTEL_OWNER phase=owner_join_end vcpu_generation=85 owner_generation=85 owner=215844 vm_generation=1
INTEL_OWNER phase=owner_activate vcpu_generation=86 owner_generation=86 owner=215846 vm_generation=1
INTEL_OWNER phase=lease_acquire_end vcpu_generation=86 owner_generation=86 owner=215846 vm_generation=1
INTEL_OWNER phase=vcpu_create_begin vcpu_generation=86 owner_generation=86 owner=215846 vm_generation=1
INTEL_OWNER phase=vcpu_create_end vcpu_generation=86 owner_generation=86 owner=215846 vm_generation=1
[       OK ] HvfIntelProbe.InstructionOnly (30 ms)
[----------] 1 test from HvfIntelProbe (30 ms total)

[==========] 1 test from 1 test suite ran. (31 ms total)
[  PASSED  ] 1 test.

Repeating all tests (iteration 86) . . .

Note: Google Test filter = HvfIntelProbe.InstructionOnly
[==========] Running 1 test from 1 test suite.
[----------] 1 test from HvfIntelProbe
[ RUN      ] HvfIntelProbe.InstructionOnly
INTEL_PROBE phase=executor_initialization
INTEL_PROBE phase=executor_retained
INTEL_PROBE phase=startup_probe
INTEL_PROBE phase=ordinary_steps
INTEL_PROBE phase=instruction_retirement
INTEL_OWNER phase=replacement_parked vcpu_generation=87 owner_generation=87 owner=215847 vm_generation=1
INTEL_OWNER phase=vcpu_destroy_begin vcpu_generation=86 owner_generation=86 owner=215846 vm_generation=1
INTEL_OWNER phase=vcpu_destroy_end vcpu_generation=86 owner_generation=86 owner=215846 vm_generation=1
INTEL_OWNER phase=lease_release_end vcpu_generation=86 owner_generation=86 owner=215846 vm_generation=1
INTEL_OWNER phase=owner_join_begin vcpu_generation=86 owner_generation=86 owner=215846 vm_generation=1
INTEL_OWNER phase=owner_join_end vcpu_generation=86 owner_generation=86 owner=215846 vm_generation=1
INTEL_OWNER phase=owner_activate vcpu_generation=87 owner_generation=87 owner=215847 vm_generation=1
INTEL_OWNER phase=lease_acquire_end vcpu_generation=87 owner_generation=87 owner=215847 vm_generation=1
INTEL_OWNER phase=vcpu_create_begin vcpu_generation=87 owner_generation=87 owner=215847 vm_generation=1
INTEL_OWNER phase=vcpu_create_end vcpu_generation=87 owner_generation=87 owner=215847 vm_generation=1
[       OK ] HvfIntelProbe.InstructionOnly (31 ms)
[----------] 1 test from HvfIntelProbe (31 ms total)

[==========] 1 test from 1 test suite ran. (31 ms total)
[  PASSED  ] 1 test.

Repeating all tests (iteration 87) . . .

Note: Google Test filter = HvfIntelProbe.InstructionOnly
[==========] Running 1 test from 1 test suite.
[----------] 1 test from HvfIntelProbe
[ RUN      ] HvfIntelProbe.InstructionOnly
INTEL_PROBE phase=executor_initialization
INTEL_PROBE phase=executor_retained
INTEL_PROBE phase=startup_probe
INTEL_PROBE phase=ordinary_steps
INTEL_PROBE phase=instruction_retirement
INTEL_OWNER phase=replacement_parked vcpu_generation=88 owner_generation=88 owner=215851 vm_generation=1
INTEL_OWNER phase=vcpu_destroy_begin vcpu_generation=87 owner_generation=87 owner=215847 vm_generation=1
INTEL_OWNER phase=vcpu_destroy_end vcpu_generation=87 owner_generation=87 owner=215847 vm_generation=1
INTEL_OWNER phase=lease_release_end vcpu_generation=87 owner_generation=87 owner=215847 vm_generation=1
INTEL_OWNER phase=owner_join_begin vcpu_generation=87 owner_generation=87 owner=215847 vm_generation=1
INTEL_OWNER phase=owner_join_end vcpu_generation=87 owner_generation=87 owner=215847 vm_generation=1
INTEL_OWNER phase=owner_activate vcpu_generation=88 owner_generation=88 owner=215851 vm_generation=1
INTEL_OWNER phase=lease_acquire_end vcpu_generation=88 owner_generation=88 owner=215851 vm_generation=1
INTEL_OWNER phase=vcpu_create_begin vcpu_generation=88 owner_generation=88 owner=215851 vm_generation=1
INTEL_OWNER phase=vcpu_create_end vcpu_generation=88 owner_generation=88 owner=215851 vm_generation=1
[       OK ] HvfIntelProbe.InstructionOnly (35 ms)
[----------] 1 test from HvfIntelProbe (35 ms total)

[==========] 1 test from 1 test suite ran. (35 ms total)
[  PASSED  ] 1 test.

Repeating all tests (iteration 88) . . .

Note: Google Test filter = HvfIntelProbe.InstructionOnly
[==========] Running 1 test from 1 test suite.
[----------] 1 test from HvfIntelProbe
[ RUN      ] HvfIntelProbe.InstructionOnly
INTEL_PROBE phase=executor_initialization
INTEL_PROBE phase=executor_retained
INTEL_PROBE phase=startup_probe
INTEL_PROBE phase=ordinary_steps
INTEL_PROBE phase=instruction_retirement
INTEL_OWNER phase=replacement_parked vcpu_generation=89 owner_generation=89 owner=215854 vm_generation=1
INTEL_OWNER phase=vcpu_destroy_begin vcpu_generation=88 owner_generation=88 owner=215851 vm_generation=1
INTEL_OWNER phase=vcpu_destroy_end vcpu_generation=88 owner_generation=88 owner=215851 vm_generation=1
INTEL_OWNER phase=lease_release_end vcpu_generation=88 owner_generation=88 owner=215851 vm_generation=1
INTEL_OWNER phase=owner_join_begin vcpu_generation=88 owner_generation=88 owner=215851 vm_generation=1
INTEL_OWNER phase=owner_join_end vcpu_generation=88 owner_generation=88 owner=215851 vm_generation=1
INTEL_OWNER phase=owner_activate vcpu_generation=89 owner_generation=89 owner=215854 vm_generation=1
INTEL_OWNER phase=lease_acquire_end vcpu_generation=89 owner_generation=89 owner=215854 vm_generation=1
INTEL_OWNER phase=vcpu_create_begin vcpu_generation=89 owner_generation=89 owner=215854 vm_generation=1
INTEL_OWNER phase=vcpu_create_end vcpu_generation=89 owner_generation=89 owner=215854 vm_generation=1
[       OK ] HvfIntelProbe.InstructionOnly (24 ms)
[----------] 1 test from HvfIntelProbe (24 ms total)

[==========] 1 test from 1 test suite ran. (24 ms total)
[  PASSED  ] 1 test.

Repeating all tests (iteration 89) . . .

Note: Google Test filter = HvfIntelProbe.InstructionOnly
[==========] Running 1 test from 1 test suite.
[----------] 1 test from HvfIntelProbe
[ RUN      ] HvfIntelProbe.InstructionOnly
INTEL_PROBE phase=executor_initialization
INTEL_PROBE phase=executor_retained
INTEL_PROBE phase=startup_probe
INTEL_PROBE phase=ordinary_steps
INTEL_PROBE phase=instruction_retirement
INTEL_OWNER phase=replacement_parked vcpu_generation=90 owner_generation=90 owner=215855 vm_generation=1
INTEL_OWNER phase=vcpu_destroy_begin vcpu_generation=89 owner_generation=89 owner=215854 vm_generation=1
INTEL_OWNER phase=vcpu_destroy_end vcpu_generation=89 owner_generation=89 owner=215854 vm_generation=1
INTEL_OWNER phase=lease_release_end vcpu_generation=89 owner_generation=89 owner=215854 vm_generation=1
INTEL_OWNER phase=owner_join_begin vcpu_generation=89 owner_generation=89 owner=215854 vm_generation=1
INTEL_OWNER phase=owner_join_end vcpu_generation=89 owner_generation=89 owner=215854 vm_generation=1
INTEL_OWNER phase=owner_activate vcpu_generation=90 owner_generation=90 owner=215855 vm_generation=1
INTEL_OWNER phase=lease_acquire_end vcpu_generation=90 owner_generation=90 owner=215855 vm_generation=1
INTEL_OWNER phase=vcpu_create_begin vcpu_generation=90 owner_generation=90 owner=215855 vm_generation=1
INTEL_OWNER phase=vcpu_create_end vcpu_generation=90 owner_generation=90 owner=215855 vm_generation=1
[       OK ] HvfIntelProbe.InstructionOnly (25 ms)
[----------] 1 test from HvfIntelProbe (25 ms total)

[==========] 1 test from 1 test suite ran. (25 ms total)
[  PASSED  ] 1 test.

Repeating all tests (iteration 90) . . .

Note: Google Test filter = HvfIntelProbe.InstructionOnly
[==========] Running 1 test from 1 test suite.
[----------] 1 test from HvfIntelProbe
[ RUN      ] HvfIntelProbe.InstructionOnly
INTEL_PROBE phase=executor_initialization
INTEL_PROBE phase=executor_retained
INTEL_PROBE phase=startup_probe
INTEL_PROBE phase=ordinary_steps
INTEL_PROBE phase=instruction_retirement
INTEL_OWNER phase=replacement_parked vcpu_generation=91 owner_generation=91 owner=215858 vm_generation=1
INTEL_OWNER phase=vcpu_destroy_begin vcpu_generation=90 owner_generation=90 owner=215855 vm_generation=1
INTEL_OWNER phase=vcpu_destroy_end vcpu_generation=90 owner_generation=90 owner=215855 vm_generation=1
INTEL_OWNER phase=lease_release_end vcpu_generation=90 owner_generation=90 owner=215855 vm_generation=1
INTEL_OWNER phase=owner_join_begin vcpu_generation=90 owner_generation=90 owner=215855 vm_generation=1
INTEL_OWNER phase=owner_join_end vcpu_generation=90 owner_generation=90 owner=215855 vm_generation=1
INTEL_OWNER phase=owner_activate vcpu_generation=91 owner_generation=91 owner=215858 vm_generation=1
INTEL_OWNER phase=lease_acquire_end vcpu_generation=91 owner_generation=91 owner=215858 vm_generation=1
INTEL_OWNER phase=vcpu_create_begin vcpu_generation=91 owner_generation=91 owner=215858 vm_generation=1
INTEL_OWNER phase=vcpu_create_end vcpu_generation=91 owner_generation=91 owner=215858 vm_generation=1
[       OK ] HvfIntelProbe.InstructionOnly (26 ms)
[----------] 1 test from HvfIntelProbe (26 ms total)

[==========] 1 test from 1 test suite ran. (26 ms total)
[  PASSED  ] 1 test.

Repeating all tests (iteration 91) . . .

Note: Google Test filter = HvfIntelProbe.InstructionOnly
[==========] Running 1 test from 1 test suite.
[----------] 1 test from HvfIntelProbe
[ RUN      ] HvfIntelProbe.InstructionOnly
INTEL_PROBE phase=executor_initialization
INTEL_PROBE phase=executor_retained
INTEL_PROBE phase=startup_probe
INTEL_PROBE phase=ordinary_steps
INTEL_PROBE phase=instruction_retirement
INTEL_OWNER phase=replacement_parked vcpu_generation=92 owner_generation=92 owner=215859 vm_generation=1
INTEL_OWNER phase=vcpu_destroy_begin vcpu_generation=91 owner_generation=91 owner=215858 vm_generation=1
INTEL_OWNER phase=vcpu_destroy_end vcpu_generation=91 owner_generation=91 owner=215858 vm_generation=1
INTEL_OWNER phase=lease_release_end vcpu_generation=91 owner_generation=91 owner=215858 vm_generation=1
INTEL_OWNER phase=owner_join_begin vcpu_generation=91 owner_generation=91 owner=215858 vm_generation=1
INTEL_OWNER phase=owner_join_end vcpu_generation=91 owner_generation=91 owner=215858 vm_generation=1
INTEL_OWNER phase=owner_activate vcpu_generation=92 owner_generation=92 owner=215859 vm_generation=1
INTEL_OWNER phase=lease_acquire_end vcpu_generation=92 owner_generation=92 owner=215859 vm_generation=1
INTEL_OWNER phase=vcpu_create_begin vcpu_generation=92 owner_generation=92 owner=215859 vm_generation=1
INTEL_OWNER phase=vcpu_create_end vcpu_generation=92 owner_generation=92 owner=215859 vm_generation=1
[       OK ] HvfIntelProbe.InstructionOnly (23 ms)
[----------] 1 test from HvfIntelProbe (23 ms total)

[==========] 1 test from 1 test suite ran. (23 ms total)
[  PASSED  ] 1 test.

Repeating all tests (iteration 92) . . .

Note: Google Test filter = HvfIntelProbe.InstructionOnly
[==========] Running 1 test from 1 test suite.
[----------] 1 test from HvfIntelProbe
[ RUN      ] HvfIntelProbe.InstructionOnly
INTEL_PROBE phase=executor_initialization
INTEL_PROBE phase=executor_retained
INTEL_PROBE phase=startup_probe
INTEL_PROBE phase=ordinary_steps
INTEL_PROBE phase=instruction_retirement
INTEL_OWNER phase=replacement_parked vcpu_generation=93 owner_generation=93 owner=215865 vm_generation=1
INTEL_OWNER phase=vcpu_destroy_begin vcpu_generation=92 owner_generation=92 owner=215859 vm_generation=1
INTEL_OWNER phase=vcpu_destroy_end vcpu_generation=92 owner_generation=92 owner=215859 vm_generation=1
INTEL_OWNER phase=lease_release_end vcpu_generation=92 owner_generation=92 owner=215859 vm_generation=1
INTEL_OWNER phase=owner_join_begin vcpu_generation=92 owner_generation=92 owner=215859 vm_generation=1
INTEL_OWNER phase=owner_join_end vcpu_generation=92 owner_generation=92 owner=215859 vm_generation=1
INTEL_OWNER phase=owner_activate vcpu_generation=93 owner_generation=93 owner=215865 vm_generation=1
INTEL_OWNER phase=lease_acquire_end vcpu_generation=93 owner_generation=93 owner=215865 vm_generation=1
INTEL_OWNER phase=vcpu_create_begin vcpu_generation=93 owner_generation=93 owner=215865 vm_generation=1
INTEL_OWNER phase=vcpu_create_end vcpu_generation=93 owner_generation=93 owner=215865 vm_generation=1
[       OK ] HvfIntelProbe.InstructionOnly (23 ms)
[----------] 1 test from HvfIntelProbe (23 ms total)

[==========] 1 test from 1 test suite ran. (23 ms total)
[  PASSED  ] 1 test.

Repeating all tests (iteration 93) . . .

Note: Google Test filter = HvfIntelProbe.InstructionOnly
[==========] Running 1 test from 1 test suite.
[----------] 1 test from HvfIntelProbe
[ RUN      ] HvfIntelProbe.InstructionOnly
INTEL_PROBE phase=executor_initialization
INTEL_PROBE phase=executor_retained
INTEL_PROBE phase=startup_probe
INTEL_PROBE phase=ordinary_steps
INTEL_PROBE phase=instruction_retirement
INTEL_OWNER phase=replacement_parked vcpu_generation=94 owner_generation=94 owner=215866 vm_generation=1
INTEL_OWNER phase=vcpu_destroy_begin vcpu_generation=93 owner_generation=93 owner=215865 vm_generation=1
INTEL_OWNER phase=vcpu_destroy_end vcpu_generation=93 owner_generation=93 owner=215865 vm_generation=1
INTEL_OWNER phase=lease_release_end vcpu_generation=93 owner_generation=93 owner=215865 vm_generation=1
INTEL_OWNER phase=owner_join_begin vcpu_generation=93 owner_generation=93 owner=215865 vm_generation=1
INTEL_OWNER phase=owner_join_end vcpu_generation=93 owner_generation=93 owner=215865 vm_generation=1
INTEL_OWNER phase=owner_activate vcpu_generation=94 owner_generation=94 owner=215866 vm_generation=1
INTEL_OWNER phase=lease_acquire_end vcpu_generation=94 owner_generation=94 owner=215866 vm_generation=1
INTEL_OWNER phase=vcpu_create_begin vcpu_generation=94 owner_generation=94 owner=215866 vm_generation=1
INTEL_OWNER phase=vcpu_create_end vcpu_generation=94 owner_generation=94 owner=215866 vm_generation=1
[       OK ] HvfIntelProbe.InstructionOnly (23 ms)
[----------] 1 test from HvfIntelProbe (23 ms total)

[==========] 1 test from 1 test suite ran. (23 ms total)
[  PASSED  ] 1 test.

Repeating all tests (iteration 94) . . .

Note: Google Test filter = HvfIntelProbe.InstructionOnly
[==========] Running 1 test from 1 test suite.
[----------] 1 test from HvfIntelProbe
[ RUN      ] HvfIntelProbe.InstructionOnly
INTEL_PROBE phase=executor_initialization
INTEL_PROBE phase=executor_retained
INTEL_PROBE phase=startup_probe
INTEL_PROBE phase=ordinary_steps
INTEL_PROBE phase=instruction_retirement
INTEL_OWNER phase=replacement_parked vcpu_generation=95 owner_generation=95 owner=215867 vm_generation=1
INTEL_OWNER phase=vcpu_destroy_begin vcpu_generation=94 owner_generation=94 owner=215866 vm_generation=1
INTEL_OWNER phase=vcpu_destroy_end vcpu_generation=94 owner_generation=94 owner=215866 vm_generation=1
INTEL_OWNER phase=lease_release_end vcpu_generation=94 owner_generation=94 owner=215866 vm_generation=1
INTEL_OWNER phase=owner_join_begin vcpu_generation=94 owner_generation=94 owner=215866 vm_generation=1
INTEL_OWNER phase=owner_join_end vcpu_generation=94 owner_generation=94 owner=215866 vm_generation=1
INTEL_OWNER phase=owner_activate vcpu_generation=95 owner_generation=95 owner=215867 vm_generation=1
INTEL_OWNER phase=lease_acquire_end vcpu_generation=95 owner_generation=95 owner=215867 vm_generation=1
INTEL_OWNER phase=vcpu_create_begin vcpu_generation=95 owner_generation=95 owner=215867 vm_generation=1
INTEL_OWNER phase=vcpu_create_end vcpu_generation=95 owner_generation=95 owner=215867 vm_generation=1
[       OK ] HvfIntelProbe.InstructionOnly (25 ms)
[----------] 1 test from HvfIntelProbe (25 ms total)

[==========] 1 test from 1 test suite ran. (26 ms total)
[  PASSED  ] 1 test.

Repeating all tests (iteration 95) . . .

Note: Google Test filter = HvfIntelProbe.InstructionOnly
[==========] Running 1 test from 1 test suite.
[----------] 1 test from HvfIntelProbe
[ RUN      ] HvfIntelProbe.InstructionOnly
INTEL_PROBE phase=executor_initialization
INTEL_PROBE phase=executor_retained
INTEL_PROBE phase=startup_probe
INTEL_PROBE phase=ordinary_steps
INTEL_PROBE phase=instruction_retirement
INTEL_OWNER phase=replacement_parked vcpu_generation=96 owner_generation=96 owner=215869 vm_generation=1
INTEL_OWNER phase=vcpu_destroy_begin vcpu_generation=95 owner_generation=95 owner=215867 vm_generation=1
INTEL_OWNER phase=vcpu_destroy_end vcpu_generation=95 owner_generation=95 owner=215867 vm_generation=1
INTEL_OWNER phase=lease_release_end vcpu_generation=95 owner_generation=95 owner=215867 vm_generation=1
INTEL_OWNER phase=owner_join_begin vcpu_generation=95 owner_generation=95 owner=215867 vm_generation=1
INTEL_OWNER phase=owner_join_end vcpu_generation=95 owner_generation=95 owner=215867 vm_generation=1
INTEL_OWNER phase=owner_activate vcpu_generation=96 owner_generation=96 owner=215869 vm_generation=1
INTEL_OWNER phase=lease_acquire_end vcpu_generation=96 owner_generation=96 owner=215869 vm_generation=1
INTEL_OWNER phase=vcpu_create_begin vcpu_generation=96 owner_generation=96 owner=215869 vm_generation=1
INTEL_OWNER phase=vcpu_create_end vcpu_generation=96 owner_generation=96 owner=215869 vm_generation=1
[       OK ] HvfIntelProbe.InstructionOnly (23 ms)
[----------] 1 test from HvfIntelProbe (23 ms total)

[==========] 1 test from 1 test suite ran. (23 ms total)
[  PASSED  ] 1 test.

Repeating all tests (iteration 96) . . .

Note: Google Test filter = HvfIntelProbe.InstructionOnly
[==========] Running 1 test from 1 test suite.
[----------] 1 test from HvfIntelProbe
[ RUN      ] HvfIntelProbe.InstructionOnly
INTEL_PROBE phase=executor_initialization
INTEL_PROBE phase=executor_retained
INTEL_PROBE phase=startup_probe
INTEL_PROBE phase=ordinary_steps
INTEL_PROBE phase=instruction_retirement
INTEL_OWNER phase=replacement_parked vcpu_generation=97 owner_generation=97 owner=215870 vm_generation=1
INTEL_OWNER phase=vcpu_destroy_begin vcpu_generation=96 owner_generation=96 owner=215869 vm_generation=1
INTEL_OWNER phase=vcpu_destroy_end vcpu_generation=96 owner_generation=96 owner=215869 vm_generation=1
INTEL_OWNER phase=lease_release_end vcpu_generation=96 owner_generation=96 owner=215869 vm_generation=1
INTEL_OWNER phase=owner_join_begin vcpu_generation=96 owner_generation=96 owner=215869 vm_generation=1
INTEL_OWNER phase=owner_join_end vcpu_generation=96 owner_generation=96 owner=215869 vm_generation=1
INTEL_OWNER phase=owner_activate vcpu_generation=97 owner_generation=97 owner=215870 vm_generation=1
INTEL_OWNER phase=lease_acquire_end vcpu_generation=97 owner_generation=97 owner=215870 vm_generation=1
INTEL_OWNER phase=vcpu_create_begin vcpu_generation=97 owner_generation=97 owner=215870 vm_generation=1
INTEL_OWNER phase=vcpu_create_end vcpu_generation=97 owner_generation=97 owner=215870 vm_generation=1
[       OK ] HvfIntelProbe.InstructionOnly (22 ms)
[----------] 1 test from HvfIntelProbe (22 ms total)

[==========] 1 test from 1 test suite ran. (22 ms total)
[  PASSED  ] 1 test.

Repeating all tests (iteration 97) . . .

Note: Google Test filter = HvfIntelProbe.InstructionOnly
[==========] Running 1 test from 1 test suite.
[----------] 1 test from HvfIntelProbe
[ RUN      ] HvfIntelProbe.InstructionOnly
INTEL_PROBE phase=executor_initialization
INTEL_PROBE phase=executor_retained
INTEL_PROBE phase=startup_probe
INTEL_PROBE phase=ordinary_steps
INTEL_PROBE phase=instruction_retirement
INTEL_OWNER phase=replacement_parked vcpu_generation=98 owner_generation=98 owner=215871 vm_generation=1
INTEL_OWNER phase=vcpu_destroy_begin vcpu_generation=97 owner_generation=97 owner=215870 vm_generation=1
INTEL_OWNER phase=vcpu_destroy_end vcpu_generation=97 owner_generation=97 owner=215870 vm_generation=1
INTEL_OWNER phase=lease_release_end vcpu_generation=97 owner_generation=97 owner=215870 vm_generation=1
INTEL_OWNER phase=owner_join_begin vcpu_generation=97 owner_generation=97 owner=215870 vm_generation=1
INTEL_OWNER phase=owner_join_end vcpu_generation=97 owner_generation=97 owner=215870 vm_generation=1
INTEL_OWNER phase=owner_activate vcpu_generation=98 owner_generation=98 owner=215871 vm_generation=1
INTEL_OWNER phase=lease_acquire_end vcpu_generation=98 owner_generation=98 owner=215871 vm_generation=1
INTEL_OWNER phase=vcpu_create_begin vcpu_generation=98 owner_generation=98 owner=215871 vm_generation=1
INTEL_OWNER phase=vcpu_create_end vcpu_generation=98 owner_generation=98 owner=215871 vm_generation=1
[       OK ] HvfIntelProbe.InstructionOnly (22 ms)
[----------] 1 test from HvfIntelProbe (22 ms total)

[==========] 1 test from 1 test suite ran. (22 ms total)
[  PASSED  ] 1 test.

Repeating all tests (iteration 98) . . .

Note: Google Test filter = HvfIntelProbe.InstructionOnly
[==========] Running 1 test from 1 test suite.
[----------] 1 test from HvfIntelProbe
[ RUN      ] HvfIntelProbe.InstructionOnly
INTEL_PROBE phase=executor_initialization
INTEL_PROBE phase=executor_retained
INTEL_PROBE phase=startup_probe
INTEL_PROBE phase=ordinary_steps
INTEL_PROBE phase=instruction_retirement
INTEL_OWNER phase=replacement_parked vcpu_generation=99 owner_generation=99 owner=215872 vm_generation=1
INTEL_OWNER phase=vcpu_destroy_begin vcpu_generation=98 owner_generation=98 owner=215871 vm_generation=1
INTEL_OWNER phase=vcpu_destroy_end vcpu_generation=98 owner_generation=98 owner=215871 vm_generation=1
INTEL_OWNER phase=lease_release_end vcpu_generation=98 owner_generation=98 owner=215871 vm_generation=1
INTEL_OWNER phase=owner_join_begin vcpu_generation=98 owner_generation=98 owner=215871 vm_generation=1
INTEL_OWNER phase=owner_join_end vcpu_generation=98 owner_generation=98 owner=215871 vm_generation=1
INTEL_OWNER phase=owner_activate vcpu_generation=99 owner_generation=99 owner=215872 vm_generation=1
INTEL_OWNER phase=lease_acquire_end vcpu_generation=99 owner_generation=99 owner=215872 vm_generation=1
INTEL_OWNER phase=vcpu_create_begin vcpu_generation=99 owner_generation=99 owner=215872 vm_generation=1
INTEL_OWNER phase=vcpu_create_end vcpu_generation=99 owner_generation=99 owner=215872 vm_generation=1
[       OK ] HvfIntelProbe.InstructionOnly (23 ms)
[----------] 1 test from HvfIntelProbe (23 ms total)

[==========] 1 test from 1 test suite ran. (23 ms total)
[  PASSED  ] 1 test.

Repeating all tests (iteration 99) . . .

Note: Google Test filter = HvfIntelProbe.InstructionOnly
[==========] Running 1 test from 1 test suite.
[----------] 1 test from HvfIntelProbe
[ RUN      ] HvfIntelProbe.InstructionOnly
INTEL_PROBE phase=executor_initialization
INTEL_PROBE phase=executor_retained
INTEL_PROBE phase=startup_probe
INTEL_PROBE phase=ordinary_steps
INTEL_PROBE phase=instruction_retirement
INTEL_OWNER phase=replacement_parked vcpu_generation=100 owner_generation=100 owner=215873 vm_generation=1
INTEL_OWNER phase=vcpu_destroy_begin vcpu_generation=99 owner_generation=99 owner=215872 vm_generation=1
INTEL_OWNER phase=vcpu_destroy_end vcpu_generation=99 owner_generation=99 owner=215872 vm_generation=1
INTEL_OWNER phase=lease_release_end vcpu_generation=99 owner_generation=99 owner=215872 vm_generation=1
INTEL_OWNER phase=owner_join_begin vcpu_generation=99 owner_generation=99 owner=215872 vm_generation=1
INTEL_OWNER phase=owner_join_end vcpu_generation=99 owner_generation=99 owner=215872 vm_generation=1
INTEL_OWNER phase=owner_activate vcpu_generation=100 owner_generation=100 owner=215873 vm_generation=1
INTEL_OWNER phase=lease_acquire_end vcpu_generation=100 owner_generation=100 owner=215873 vm_generation=1
INTEL_OWNER phase=vcpu_create_begin vcpu_generation=100 owner_generation=100 owner=215873 vm_generation=1
INTEL_OWNER phase=vcpu_create_end vcpu_generation=100 owner_generation=100 owner=215873 vm_generation=1
[       OK ] HvfIntelProbe.InstructionOnly (23 ms)
[----------] 1 test from HvfIntelProbe (23 ms total)

[==========] 1 test from 1 test suite ran. (23 ms total)
[  PASSED  ] 1 test.

Repeating all tests (iteration 100) . . .

Note: Google Test filter = HvfIntelProbe.InstructionOnly
[==========] Running 1 test from 1 test suite.
[----------] 1 test from HvfIntelProbe
[ RUN      ] HvfIntelProbe.InstructionOnly
INTEL_PROBE phase=executor_initialization
INTEL_PROBE phase=executor_retained
INTEL_PROBE phase=startup_probe
INTEL_PROBE phase=ordinary_steps
INTEL_PROBE phase=instruction_retirement
INTEL_OWNER phase=replacement_parked vcpu_generation=101 owner_generation=101 owner=215874 vm_generation=1
INTEL_OWNER phase=vcpu_destroy_begin vcpu_generation=100 owner_generation=100 owner=215873 vm_generation=1
INTEL_OWNER phase=vcpu_destroy_end vcpu_generation=100 owner_generation=100 owner=215873 vm_generation=1
INTEL_OWNER phase=lease_release_end vcpu_generation=100 owner_generation=100 owner=215873 vm_generation=1
INTEL_OWNER phase=owner_join_begin vcpu_generation=100 owner_generation=100 owner=215873 vm_generation=1
INTEL_OWNER phase=owner_join_end vcpu_generation=100 owner_generation=100 owner=215873 vm_generation=1
INTEL_OWNER phase=owner_activate vcpu_generation=101 owner_generation=101 owner=215874 vm_generation=1
INTEL_OWNER phase=lease_acquire_end vcpu_generation=101 owner_generation=101 owner=215874 vm_generation=1
INTEL_OWNER phase=vcpu_create_begin vcpu_generation=101 owner_generation=101 owner=215874 vm_generation=1
INTEL_OWNER phase=vcpu_create_end vcpu_generation=101 owner_generation=101 owner=215874 vm_generation=1
[       OK ] HvfIntelProbe.InstructionOnly (21 ms)
[----------] 1 test from HvfIntelProbe (21 ms total)

[==========] 1 test from 1 test suite ran. (21 ms total)
[  PASSED  ] 1 test.

Repeating all tests (iteration 101) . . .

Note: Google Test filter = HvfIntelProbe.InstructionOnly
[==========] Running 1 test from 1 test suite.
[----------] 1 test from HvfIntelProbe
[ RUN      ] HvfIntelProbe.InstructionOnly
INTEL_PROBE phase=executor_initialization
INTEL_PROBE phase=executor_retained
INTEL_PROBE phase=startup_probe
INTEL_PROBE phase=ordinary_steps
INTEL_PROBE phase=instruction_retirement
INTEL_OWNER phase=replacement_parked vcpu_generation=102 owner_generation=102 owner=215875 vm_generation=1
INTEL_OWNER phase=vcpu_destroy_begin vcpu_generation=101 owner_generation=101 owner=215874 vm_generation=1
INTEL_OWNER phase=vcpu_destroy_end vcpu_generation=101 owner_generation=101 owner=215874 vm_generation=1
INTEL_OWNER phase=lease_release_end vcpu_generation=101 owner_generation=101 owner=215874 vm_generation=1
INTEL_OWNER phase=owner_join_begin vcpu_generation=101 owner_generation=101 owner=215874 vm_generation=1
INTEL_OWNER phase=owner_join_end vcpu_generation=101 owner_generation=101 owner=215874 vm_generation=1
INTEL_OWNER phase=owner_activate vcpu_generation=102 owner_generation=102 owner=215875 vm_generation=1
INTEL_OWNER phase=lease_acquire_end vcpu_generation=102 owner_generation=102 owner=215875 vm_generation=1
INTEL_OWNER phase=vcpu_create_begin vcpu_generation=102 owner_generation=102 owner=215875 vm_generation=1
INTEL_OWNER phase=vcpu_create_end vcpu_generation=102 owner_generation=102 owner=215875 vm_generation=1
[       OK ] HvfIntelProbe.InstructionOnly (23 ms)
[----------] 1 test from HvfIntelProbe (23 ms total)

[==========] 1 test from 1 test suite ran. (23 ms total)
[  PASSED  ] 1 test.

Repeating all tests (iteration 102) . . .

Note: Google Test filter = HvfIntelProbe.InstructionOnly
[==========] Running 1 test from 1 test suite.
[----------] 1 test from HvfIntelProbe
[ RUN      ] HvfIntelProbe.InstructionOnly
INTEL_PROBE phase=executor_initialization
INTEL_PROBE phase=executor_retained
INTEL_PROBE phase=startup_probe
INTEL_PROBE phase=ordinary_steps
INTEL_PROBE phase=instruction_retirement
INTEL_OWNER phase=replacement_parked vcpu_generation=103 owner_generation=103 owner=215876 vm_generation=1
INTEL_OWNER phase=vcpu_destroy_begin vcpu_generation=102 owner_generation=102 owner=215875 vm_generation=1
INTEL_OWNER phase=vcpu_destroy_end vcpu_generation=102 owner_generation=102 owner=215875 vm_generation=1
INTEL_OWNER phase=lease_release_end vcpu_generation=102 owner_generation=102 owner=215875 vm_generation=1
INTEL_OWNER phase=owner_join_begin vcpu_generation=102 owner_generation=102 owner=215875 vm_generation=1
INTEL_OWNER phase=owner_join_end vcpu_generation=102 owner_generation=102 owner=215875 vm_generation=1
INTEL_OWNER phase=owner_activate vcpu_generation=103 owner_generation=103 owner=215876 vm_generation=1
INTEL_OWNER phase=lease_acquire_end vcpu_generation=103 owner_generation=103 owner=215876 vm_generation=1
INTEL_OWNER phase=vcpu_create_begin vcpu_generation=103 owner_generation=103 owner=215876 vm_generation=1
INTEL_OWNER phase=vcpu_create_end vcpu_generation=103 owner_generation=103 owner=215876 vm_generation=1
[       OK ] HvfIntelProbe.InstructionOnly (23 ms)
[----------] 1 test from HvfIntelProbe (23 ms total)

[==========] 1 test from 1 test suite ran. (23 ms total)
[  PASSED  ] 1 test.

Repeating all tests (iteration 103) . . .

Note: Google Test filter = HvfIntelProbe.InstructionOnly
[==========] Running 1 test from 1 test suite.
[----------] 1 test from HvfIntelProbe
[ RUN      ] HvfIntelProbe.InstructionOnly
INTEL_PROBE phase=executor_initialization
INTEL_PROBE phase=executor_retained
INTEL_PROBE phase=startup_probe
INTEL_PROBE phase=ordinary_steps
INTEL_PROBE phase=instruction_retirement
INTEL_OWNER phase=replacement_parked vcpu_generation=104 owner_generation=104 owner=215877 vm_generation=1
INTEL_OWNER phase=vcpu_destroy_begin vcpu_generation=103 owner_generation=103 owner=215876 vm_generation=1
INTEL_OWNER phase=vcpu_destroy_end vcpu_generation=103 owner_generation=103 owner=215876 vm_generation=1
INTEL_OWNER phase=lease_release_end vcpu_generation=103 owner_generation=103 owner=215876 vm_generation=1
INTEL_OWNER phase=owner_join_begin vcpu_generation=103 owner_generation=103 owner=215876 vm_generation=1
INTEL_OWNER phase=owner_join_end vcpu_generation=103 owner_generation=103 owner=215876 vm_generation=1
INTEL_OWNER phase=owner_activate vcpu_generation=104 owner_generation=104 owner=215877 vm_generation=1
INTEL_OWNER phase=lease_acquire_end vcpu_generation=104 owner_generation=104 owner=215877 vm_generation=1
INTEL_OWNER phase=vcpu_create_begin vcpu_generation=104 owner_generation=104 owner=215877 vm_generation=1
INTEL_OWNER phase=vcpu_create_end vcpu_generation=104 owner_generation=104 owner=215877 vm_generation=1
[       OK ] HvfIntelProbe.InstructionOnly (22 ms)
[----------] 1 test from HvfIntelProbe (22 ms total)

[==========] 1 test from 1 test suite ran. (22 ms total)
[  PASSED  ] 1 test.

Repeating all tests (iteration 104) . . .

Note: Google Test filter = HvfIntelProbe.InstructionOnly
[==========] Running 1 test from 1 test suite.
[----------] 1 test from HvfIntelProbe
[ RUN      ] HvfIntelProbe.InstructionOnly
INTEL_PROBE phase=executor_initialization
INTEL_PROBE phase=executor_retained
INTEL_PROBE phase=startup_probe
INTEL_PROBE phase=ordinary_steps
INTEL_PROBE phase=instruction_retirement
INTEL_OWNER phase=replacement_parked vcpu_generation=105 owner_generation=105 owner=215879 vm_generation=1
INTEL_OWNER phase=vcpu_destroy_begin vcpu_generation=104 owner_generation=104 owner=215877 vm_generation=1
INTEL_OWNER phase=vcpu_destroy_end vcpu_generation=104 owner_generation=104 owner=215877 vm_generation=1
INTEL_OWNER phase=lease_release_end vcpu_generation=104 owner_generation=104 owner=215877 vm_generation=1
INTEL_OWNER phase=owner_join_begin vcpu_generation=104 owner_generation=104 owner=215877 vm_generation=1
INTEL_OWNER phase=owner_join_end vcpu_generation=104 owner_generation=104 owner=215877 vm_generation=1
INTEL_OWNER phase=owner_activate vcpu_generation=105 owner_generation=105 owner=215879 vm_generation=1
INTEL_OWNER phase=lease_acquire_end vcpu_generation=105 owner_generation=105 owner=215879 vm_generation=1
INTEL_OWNER phase=vcpu_create_begin vcpu_generation=105 owner_generation=105 owner=215879 vm_generation=1
INTEL_OWNER phase=vcpu_create_end vcpu_generation=105 owner_generation=105 owner=215879 vm_generation=1
[       OK ] HvfIntelProbe.InstructionOnly (20 ms)
[----------] 1 test from HvfIntelProbe (20 ms total)

[==========] 1 test from 1 test suite ran. (20 ms total)
[  PASSED  ] 1 test.

Repeating all tests (iteration 105) . . .

Note: Google Test filter = HvfIntelProbe.InstructionOnly
[==========] Running 1 test from 1 test suite.
[----------] 1 test from HvfIntelProbe
[ RUN      ] HvfIntelProbe.InstructionOnly
INTEL_PROBE phase=executor_initialization
INTEL_PROBE phase=executor_retained
INTEL_PROBE phase=startup_probe
INTEL_PROBE phase=ordinary_steps
INTEL_PROBE phase=instruction_retirement
INTEL_OWNER phase=replacement_parked vcpu_generation=106 owner_generation=106 owner=215881 vm_generation=1
INTEL_OWNER phase=vcpu_destroy_begin vcpu_generation=105 owner_generation=105 owner=215879 vm_generation=1
INTEL_OWNER phase=vcpu_destroy_end vcpu_generation=105 owner_generation=105 owner=215879 vm_generation=1
INTEL_OWNER phase=lease_release_end vcpu_generation=105 owner_generation=105 owner=215879 vm_generation=1
INTEL_OWNER phase=owner_join_begin vcpu_generation=105 owner_generation=105 owner=215879 vm_generation=1
INTEL_OWNER phase=owner_join_end vcpu_generation=105 owner_generation=105 owner=215879 vm_generation=1
INTEL_OWNER phase=owner_activate vcpu_generation=106 owner_generation=106 owner=215881 vm_generation=1
INTEL_OWNER phase=lease_acquire_end vcpu_generation=106 owner_generation=106 owner=215881 vm_generation=1
INTEL_OWNER phase=vcpu_create_begin vcpu_generation=106 owner_generation=106 owner=215881 vm_generation=1
INTEL_OWNER phase=vcpu_create_end vcpu_generation=106 owner_generation=106 owner=215881 vm_generation=1
[       OK ] HvfIntelProbe.InstructionOnly (20 ms)
[----------] 1 test from HvfIntelProbe (20 ms total)

[==========] 1 test from 1 test suite ran. (20 ms total)
[  PASSED  ] 1 test.

Repeating all tests (iteration 106) . . .

Note: Google Test filter = HvfIntelProbe.InstructionOnly
[==========] Running 1 test from 1 test suite.
[----------] 1 test from HvfIntelProbe
[ RUN      ] HvfIntelProbe.InstructionOnly
INTEL_PROBE phase=executor_initialization
INTEL_PROBE phase=executor_retained
INTEL_PROBE phase=startup_probe
INTEL_PROBE phase=ordinary_steps
INTEL_PROBE phase=instruction_retirement
INTEL_OWNER phase=replacement_parked vcpu_generation=107 owner_generation=107 owner=215882 vm_generation=1
INTEL_OWNER phase=vcpu_destroy_begin vcpu_generation=106 owner_generation=106 owner=215881 vm_generation=1
INTEL_OWNER phase=vcpu_destroy_end vcpu_generation=106 owner_generation=106 owner=215881 vm_generation=1
INTEL_OWNER phase=lease_release_end vcpu_generation=106 owner_generation=106 owner=215881 vm_generation=1
INTEL_OWNER phase=owner_join_begin vcpu_generation=106 owner_generation=106 owner=215881 vm_generation=1
INTEL_OWNER phase=owner_join_end vcpu_generation=106 owner_generation=106 owner=215881 vm_generation=1
INTEL_OWNER phase=owner_activate vcpu_generation=107 owner_generation=107 owner=215882 vm_generation=1
INTEL_OWNER phase=lease_acquire_end vcpu_generation=107 owner_generation=107 owner=215882 vm_generation=1
INTEL_OWNER phase=vcpu_create_begin vcpu_generation=107 owner_generation=107 owner=215882 vm_generation=1
INTEL_OWNER phase=vcpu_create_end vcpu_generation=107 owner_generation=107 owner=215882 vm_generation=1
[       OK ] HvfIntelProbe.InstructionOnly (18 ms)
[----------] 1 test from HvfIntelProbe (18 ms total)

[==========] 1 test from 1 test suite ran. (18 ms total)
[  PASSED  ] 1 test.

Repeating all tests (iteration 107) . . .

Note: Google Test filter = HvfIntelProbe.InstructionOnly
[==========] Running 1 test from 1 test suite.
[----------] 1 test from HvfIntelProbe
[ RUN      ] HvfIntelProbe.InstructionOnly
INTEL_PROBE phase=executor_initialization
INTEL_PROBE phase=executor_retained
INTEL_PROBE phase=startup_probe
INTEL_PROBE phase=ordinary_steps
INTEL_PROBE phase=instruction_retirement
INTEL_OWNER phase=replacement_parked vcpu_generation=108 owner_generation=108 owner=215883 vm_generation=1
INTEL_OWNER phase=vcpu_destroy_begin vcpu_generation=107 owner_generation=107 owner=215882 vm_generation=1
INTEL_OWNER phase=vcpu_destroy_end vcpu_generation=107 owner_generation=107 owner=215882 vm_generation=1
INTEL_OWNER phase=lease_release_end vcpu_generation=107 owner_generation=107 owner=215882 vm_generation=1
INTEL_OWNER phase=owner_join_begin vcpu_generation=107 owner_generation=107 owner=215882 vm_generation=1
INTEL_OWNER phase=owner_join_end vcpu_generation=107 owner_generation=107 owner=215882 vm_generation=1
INTEL_OWNER phase=owner_activate vcpu_generation=108 owner_generation=108 owner=215883 vm_generation=1
INTEL_OWNER phase=lease_acquire_end vcpu_generation=108 owner_generation=108 owner=215883 vm_generation=1
INTEL_OWNER phase=vcpu_create_begin vcpu_generation=108 owner_generation=108 owner=215883 vm_generation=1
INTEL_OWNER phase=vcpu_create_end vcpu_generation=108 owner_generation=108 owner=215883 vm_generation=1
[       OK ] HvfIntelProbe.InstructionOnly (23 ms)
[----------] 1 test from HvfIntelProbe (23 ms total)

[==========] 1 test from 1 test suite ran. (23 ms total)
[  PASSED  ] 1 test.

Repeating all tests (iteration 108) . . .

Note: Google Test filter = HvfIntelProbe.InstructionOnly
[==========] Running 1 test from 1 test suite.
[----------] 1 test from HvfIntelProbe
[ RUN      ] HvfIntelProbe.InstructionOnly
INTEL_PROBE phase=executor_initialization
INTEL_PROBE phase=executor_retained
INTEL_PROBE phase=startup_probe
INTEL_PROBE phase=ordinary_steps
INTEL_PROBE phase=instruction_retirement
INTEL_OWNER phase=replacement_parked vcpu_generation=109 owner_generation=109 owner=215884 vm_generation=1
INTEL_OWNER phase=vcpu_destroy_begin vcpu_generation=108 owner_generation=108 owner=215883 vm_generation=1
INTEL_OWNER phase=vcpu_destroy_end vcpu_generation=108 owner_generation=108 owner=215883 vm_generation=1
INTEL_OWNER phase=lease_release_end vcpu_generation=108 owner_generation=108 owner=215883 vm_generation=1
INTEL_OWNER phase=owner_join_begin vcpu_generation=108 owner_generation=108 owner=215883 vm_generation=1
INTEL_OWNER phase=owner_join_end vcpu_generation=108 owner_generation=108 owner=215883 vm_generation=1
INTEL_OWNER phase=owner_activate vcpu_generation=109 owner_generation=109 owner=215884 vm_generation=1
INTEL_OWNER phase=lease_acquire_end vcpu_generation=109 owner_generation=109 owner=215884 vm_generation=1
INTEL_OWNER phase=vcpu_create_begin vcpu_generation=109 owner_generation=109 owner=215884 vm_generation=1
INTEL_OWNER phase=vcpu_create_end vcpu_generation=109 owner_generation=109 owner=215884 vm_generation=1
[       OK ] HvfIntelProbe.InstructionOnly (20 ms)
[----------] 1 test from HvfIntelProbe (20 ms total)

[==========] 1 test from 1 test suite ran. (20 ms total)
[  PASSED  ] 1 test.

Repeating all tests (iteration 109) . . .

Note: Google Test filter = HvfIntelProbe.InstructionOnly
[==========] Running 1 test from 1 test suite.
[----------] 1 test from HvfIntelProbe
[ RUN      ] HvfIntelProbe.InstructionOnly
INTEL_PROBE phase=executor_initialization
INTEL_PROBE phase=executor_retained
INTEL_PROBE phase=startup_probe
INTEL_PROBE phase=ordinary_steps
INTEL_PROBE phase=instruction_retirement
INTEL_OWNER phase=replacement_parked vcpu_generation=110 owner_generation=110 owner=215889 vm_generation=1
INTEL_OWNER phase=vcpu_destroy_begin vcpu_generation=109 owner_generation=109 owner=215884 vm_generation=1
INTEL_OWNER phase=vcpu_destroy_end vcpu_generation=109 owner_generation=109 owner=215884 vm_generation=1
INTEL_OWNER phase=lease_release_end vcpu_generation=109 owner_generation=109 owner=215884 vm_generation=1
INTEL_OWNER phase=owner_join_begin vcpu_generation=109 owner_generation=109 owner=215884 vm_generation=1
INTEL_OWNER phase=owner_join_end vcpu_generation=109 owner_generation=109 owner=215884 vm_generation=1
INTEL_OWNER phase=owner_activate vcpu_generation=110 owner_generation=110 owner=215889 vm_generation=1
INTEL_OWNER phase=lease_acquire_end vcpu_generation=110 owner_generation=110 owner=215889 vm_generation=1
INTEL_OWNER phase=vcpu_create_begin vcpu_generation=110 owner_generation=110 owner=215889 vm_generation=1
INTEL_OWNER phase=vcpu_create_end vcpu_generation=110 owner_generation=110 owner=215889 vm_generation=1
[       OK ] HvfIntelProbe.InstructionOnly (19 ms)
[----------] 1 test from HvfIntelProbe (19 ms total)

[==========] 1 test from 1 test suite ran. (19 ms total)
[  PASSED  ] 1 test.

Repeating all tests (iteration 110) . . .

Note: Google Test filter = HvfIntelProbe.InstructionOnly
[==========] Running 1 test from 1 test suite.
[----------] 1 test from HvfIntelProbe
[ RUN      ] HvfIntelProbe.InstructionOnly
INTEL_PROBE phase=executor_initialization
INTEL_PROBE phase=executor_retained
INTEL_PROBE phase=startup_probe
INTEL_PROBE phase=ordinary_steps
INTEL_PROBE phase=instruction_retirement
INTEL_OWNER phase=replacement_parked vcpu_generation=111 owner_generation=111 owner=215890 vm_generation=1
INTEL_OWNER phase=vcpu_destroy_begin vcpu_generation=110 owner_generation=110 owner=215889 vm_generation=1
INTEL_OWNER phase=vcpu_destroy_end vcpu_generation=110 owner_generation=110 owner=215889 vm_generation=1
INTEL_OWNER phase=lease_release_end vcpu_generation=110 owner_generation=110 owner=215889 vm_generation=1
INTEL_OWNER phase=owner_join_begin vcpu_generation=110 owner_generation=110 owner=215889 vm_generation=1
INTEL_OWNER phase=owner_join_end vcpu_generation=110 owner_generation=110 owner=215889 vm_generation=1
INTEL_OWNER phase=owner_activate vcpu_generation=111 owner_generation=111 owner=215890 vm_generation=1
INTEL_OWNER phase=lease_acquire_end vcpu_generation=111 owner_generation=111 owner=215890 vm_generation=1
INTEL_OWNER phase=vcpu_create_begin vcpu_generation=111 owner_generation=111 owner=215890 vm_generation=1
INTEL_OWNER phase=vcpu_create_end vcpu_generation=111 owner_generation=111 owner=215890 vm_generation=1
[       OK ] HvfIntelProbe.InstructionOnly (17 ms)
[----------] 1 test from HvfIntelProbe (17 ms total)

[==========] 1 test from 1 test suite ran. (17 ms total)
[  PASSED  ] 1 test.

Repeating all tests (iteration 111) . . .

Note: Google Test filter = HvfIntelProbe.InstructionOnly
[==========] Running 1 test from 1 test suite.
[----------] 1 test from HvfIntelProbe
[ RUN      ] HvfIntelProbe.InstructionOnly
INTEL_PROBE phase=executor_initialization
INTEL_PROBE phase=executor_retained
INTEL_PROBE phase=startup_probe
INTEL_PROBE phase=ordinary_steps
INTEL_PROBE phase=instruction_retirement
INTEL_OWNER phase=replacement_parked vcpu_generation=112 owner_generation=112 owner=215891 vm_generation=1
INTEL_OWNER phase=vcpu_destroy_begin vcpu_generation=111 owner_generation=111 owner=215890 vm_generation=1
INTEL_OWNER phase=vcpu_destroy_end vcpu_generation=111 owner_generation=111 owner=215890 vm_generation=1
INTEL_OWNER phase=lease_release_end vcpu_generation=111 owner_generation=111 owner=215890 vm_generation=1
INTEL_OWNER phase=owner_join_begin vcpu_generation=111 owner_generation=111 owner=215890 vm_generation=1
INTEL_OWNER phase=owner_join_end vcpu_generation=111 owner_generation=111 owner=215890 vm_generation=1
INTEL_OWNER phase=owner_activate vcpu_generation=112 owner_generation=112 owner=215891 vm_generation=1
INTEL_OWNER phase=lease_acquire_end vcpu_generation=112 owner_generation=112 owner=215891 vm_generation=1
INTEL_OWNER phase=vcpu_create_begin vcpu_generation=112 owner_generation=112 owner=215891 vm_generation=1
INTEL_OWNER phase=vcpu_create_end vcpu_generation=112 owner_generation=112 owner=215891 vm_generation=1
[       OK ] HvfIntelProbe.InstructionOnly (21 ms)
[----------] 1 test from HvfIntelProbe (21 ms total)

[==========] 1 test from 1 test suite ran. (21 ms total)
[  PASSED  ] 1 test.

Repeating all tests (iteration 112) . . .

Note: Google Test filter = HvfIntelProbe.InstructionOnly
[==========] Running 1 test from 1 test suite.
[----------] 1 test from HvfIntelProbe
[ RUN      ] HvfIntelProbe.InstructionOnly
INTEL_PROBE phase=executor_initialization
INTEL_PROBE phase=executor_retained
INTEL_PROBE phase=startup_probe
INTEL_PROBE phase=ordinary_steps
INTEL_PROBE phase=instruction_retirement
INTEL_OWNER phase=replacement_parked vcpu_generation=113 owner_generation=113 owner=215894 vm_generation=1
INTEL_OWNER phase=vcpu_destroy_begin vcpu_generation=112 owner_generation=112 owner=215891 vm_generation=1
INTEL_OWNER phase=vcpu_destroy_end vcpu_generation=112 owner_generation=112 owner=215891 vm_generation=1
INTEL_OWNER phase=lease_release_end vcpu_generation=112 owner_generation=112 owner=215891 vm_generation=1
INTEL_OWNER phase=owner_join_begin vcpu_generation=112 owner_generation=112 owner=215891 vm_generation=1
INTEL_OWNER phase=owner_join_end vcpu_generation=112 owner_generation=112 owner=215891 vm_generation=1
INTEL_OWNER phase=owner_activate vcpu_generation=113 owner_generation=113 owner=215894 vm_generation=1
INTEL_OWNER phase=lease_acquire_end vcpu_generation=113 owner_generation=113 owner=215894 vm_generation=1
INTEL_OWNER phase=vcpu_create_begin vcpu_generation=113 owner_generation=113 owner=215894 vm_generation=1
INTEL_OWNER phase=vcpu_create_end vcpu_generation=113 owner_generation=113 owner=215894 vm_generation=1
[       OK ] HvfIntelProbe.InstructionOnly (21 ms)
[----------] 1 test from HvfIntelProbe (21 ms total)

[==========] 1 test from 1 test suite ran. (21 ms total)
[  PASSED  ] 1 test.

Repeating all tests (iteration 113) . . .

Note: Google Test filter = HvfIntelProbe.InstructionOnly
[==========] Running 1 test from 1 test suite.
[----------] 1 test from HvfIntelProbe
[ RUN      ] HvfIntelProbe.InstructionOnly
INTEL_PROBE phase=executor_initialization
INTEL_PROBE phase=executor_retained
INTEL_PROBE phase=startup_probe
INTEL_PROBE phase=ordinary_steps
INTEL_PROBE phase=instruction_retirement
INTEL_OWNER phase=replacement_parked vcpu_generation=114 owner_generation=114 owner=215896 vm_generation=1
INTEL_OWNER phase=vcpu_destroy_begin vcpu_generation=113 owner_generation=113 owner=215894 vm_generation=1
INTEL_OWNER phase=vcpu_destroy_end vcpu_generation=113 owner_generation=113 owner=215894 vm_generation=1
INTEL_OWNER phase=lease_release_end vcpu_generation=113 owner_generation=113 owner=215894 vm_generation=1
INTEL_OWNER phase=owner_join_begin vcpu_generation=113 owner_generation=113 owner=215894 vm_generation=1
INTEL_OWNER phase=owner_join_end vcpu_generation=113 owner_generation=113 owner=215894 vm_generation=1
INTEL_OWNER phase=owner_activate vcpu_generation=114 owner_generation=114 owner=215896 vm_generation=1
INTEL_OWNER phase=lease_acquire_end vcpu_generation=114 owner_generation=114 owner=215896 vm_generation=1
INTEL_OWNER phase=vcpu_create_begin vcpu_generation=114 owner_generation=114 owner=215896 vm_generation=1
INTEL_OWNER phase=vcpu_create_end vcpu_generation=114 owner_generation=114 owner=215896 vm_generation=1
[       OK ] HvfIntelProbe.InstructionOnly (21 ms)
[----------] 1 test from HvfIntelProbe (21 ms total)

[==========] 1 test from 1 test suite ran. (21 ms total)
[  PASSED  ] 1 test.

Repeating all tests (iteration 114) . . .

Note: Google Test filter = HvfIntelProbe.InstructionOnly
[==========] Running 1 test from 1 test suite.
[----------] 1 test from HvfIntelProbe
[ RUN      ] HvfIntelProbe.InstructionOnly
INTEL_PROBE phase=executor_initialization
INTEL_PROBE phase=executor_retained
INTEL_PROBE phase=startup_probe
INTEL_PROBE phase=ordinary_steps
INTEL_PROBE phase=instruction_retirement
INTEL_OWNER phase=replacement_parked vcpu_generation=115 owner_generation=115 owner=215897 vm_generation=1
INTEL_OWNER phase=vcpu_destroy_begin vcpu_generation=114 owner_generation=114 owner=215896 vm_generation=1
INTEL_OWNER phase=vcpu_destroy_end vcpu_generation=114 owner_generation=114 owner=215896 vm_generation=1
INTEL_OWNER phase=lease_release_end vcpu_generation=114 owner_generation=114 owner=215896 vm_generation=1
INTEL_OWNER phase=owner_join_begin vcpu_generation=114 owner_generation=114 owner=215896 vm_generation=1
INTEL_OWNER phase=owner_join_end vcpu_generation=114 owner_generation=114 owner=215896 vm_generation=1
INTEL_OWNER phase=owner_activate vcpu_generation=115 owner_generation=115 owner=215897 vm_generation=1
INTEL_OWNER phase=lease_acquire_end vcpu_generation=115 owner_generation=115 owner=215897 vm_generation=1
INTEL_OWNER phase=vcpu_create_begin vcpu_generation=115 owner_generation=115 owner=215897 vm_generation=1
INTEL_OWNER phase=vcpu_create_end vcpu_generation=115 owner_generation=115 owner=215897 vm_generation=1
[       OK ] HvfIntelProbe.InstructionOnly (19 ms)
[----------] 1 test from HvfIntelProbe (19 ms total)

[==========] 1 test from 1 test suite ran. (19 ms total)
[  PASSED  ] 1 test.

Repeating all tests (iteration 115) . . .

Note: Google Test filter = HvfIntelProbe.InstructionOnly
[==========] Running 1 test from 1 test suite.
[----------] 1 test from HvfIntelProbe
[ RUN      ] HvfIntelProbe.InstructionOnly
INTEL_PROBE phase=executor_initialization
INTEL_PROBE phase=executor_retained
INTEL_PROBE phase=startup_probe
INTEL_PROBE phase=ordinary_steps
INTEL_PROBE phase=instruction_retirement
INTEL_OWNER phase=replacement_parked vcpu_generation=116 owner_generation=116 owner=215898 vm_generation=1
INTEL_OWNER phase=vcpu_destroy_begin vcpu_generation=115 owner_generation=115 owner=215897 vm_generation=1
INTEL_OWNER phase=vcpu_destroy_end vcpu_generation=115 owner_generation=115 owner=215897 vm_generation=1
INTEL_OWNER phase=lease_release_end vcpu_generation=115 owner_generation=115 owner=215897 vm_generation=1
INTEL_OWNER phase=owner_join_begin vcpu_generation=115 owner_generation=115 owner=215897 vm_generation=1
INTEL_OWNER phase=owner_join_end vcpu_generation=115 owner_generation=115 owner=215897 vm_generation=1
INTEL_OWNER phase=owner_activate vcpu_generation=116 owner_generation=116 owner=215898 vm_generation=1
INTEL_OWNER phase=lease_acquire_end vcpu_generation=116 owner_generation=116 owner=215898 vm_generation=1
INTEL_OWNER phase=vcpu_create_begin vcpu_generation=116 owner_generation=116 owner=215898 vm_generation=1
INTEL_OWNER phase=vcpu_create_end vcpu_generation=116 owner_generation=116 owner=215898 vm_generation=1
[       OK ] HvfIntelProbe.InstructionOnly (19 ms)
[----------] 1 test from HvfIntelProbe (19 ms total)

[==========] 1 test from 1 test suite ran. (19 ms total)
[  PASSED  ] 1 test.

Repeating all tests (iteration 116) . . .

Note: Google Test filter = HvfIntelProbe.InstructionOnly
[==========] Running 1 test from 1 test suite.
[----------] 1 test from HvfIntelProbe
[ RUN      ] HvfIntelProbe.InstructionOnly
INTEL_PROBE phase=executor_initialization
INTEL_PROBE phase=executor_retained
INTEL_PROBE phase=startup_probe
INTEL_PROBE phase=ordinary_steps
INTEL_PROBE phase=instruction_retirement
INTEL_OWNER phase=replacement_parked vcpu_generation=117 owner_generation=117 owner=215899 vm_generation=1
INTEL_OWNER phase=vcpu_destroy_begin vcpu_generation=116 owner_generation=116 owner=215898 vm_generation=1
INTEL_OWNER phase=vcpu_destroy_end vcpu_generation=116 owner_generation=116 owner=215898 vm_generation=1
INTEL_OWNER phase=lease_release_end vcpu_generation=116 owner_generation=116 owner=215898 vm_generation=1
INTEL_OWNER phase=owner_join_begin vcpu_generation=116 owner_generation=116 owner=215898 vm_generation=1
INTEL_OWNER phase=owner_join_end vcpu_generation=116 owner_generation=116 owner=215898 vm_generation=1
INTEL_OWNER phase=owner_activate vcpu_generation=117 owner_generation=117 owner=215899 vm_generation=1
INTEL_OWNER phase=lease_acquire_end vcpu_generation=117 owner_generation=117 owner=215899 vm_generation=1
INTEL_OWNER phase=vcpu_create_begin vcpu_generation=117 owner_generation=117 owner=215899 vm_generation=1
INTEL_OWNER phase=vcpu_create_end vcpu_generation=117 owner_generation=117 owner=215899 vm_generation=1
[       OK ] HvfIntelProbe.InstructionOnly (19 ms)
[----------] 1 test from HvfIntelProbe (19 ms total)

[==========] 1 test from 1 test suite ran. (19 ms total)
[  PASSED  ] 1 test.

Repeating all tests (iteration 117) . . .

Note: Google Test filter = HvfIntelProbe.InstructionOnly
[==========] Running 1 test from 1 test suite.
[----------] 1 test from HvfIntelProbe
[ RUN      ] HvfIntelProbe.InstructionOnly
INTEL_PROBE phase=executor_initialization
INTEL_PROBE phase=executor_retained
INTEL_PROBE phase=startup_probe
INTEL_PROBE phase=ordinary_steps
INTEL_PROBE phase=instruction_retirement
INTEL_OWNER phase=replacement_parked vcpu_generation=118 owner_generation=118 owner=215900 vm_generation=1
INTEL_OWNER phase=vcpu_destroy_begin vcpu_generation=117 owner_generation=117 owner=215899 vm_generation=1
INTEL_OWNER phase=vcpu_destroy_end vcpu_generation=117 owner_generation=117 owner=215899 vm_generation=1
INTEL_OWNER phase=lease_release_end vcpu_generation=117 owner_generation=117 owner=215899 vm_generation=1
INTEL_OWNER phase=owner_join_begin vcpu_generation=117 owner_generation=117 owner=215899 vm_generation=1
INTEL_OWNER phase=owner_join_end vcpu_generation=117 owner_generation=117 owner=215899 vm_generation=1
INTEL_OWNER phase=owner_activate vcpu_generation=118 owner_generation=118 owner=215900 vm_generation=1
INTEL_OWNER phase=lease_acquire_end vcpu_generation=118 owner_generation=118 owner=215900 vm_generation=1
INTEL_OWNER phase=vcpu_create_begin vcpu_generation=118 owner_generation=118 owner=215900 vm_generation=1
INTEL_OWNER phase=vcpu_create_end vcpu_generation=118 owner_generation=118 owner=215900 vm_generation=1
[       OK ] HvfIntelProbe.InstructionOnly (20 ms)
[----------] 1 test from HvfIntelProbe (20 ms total)

[==========] 1 test from 1 test suite ran. (20 ms total)
[  PASSED  ] 1 test.

Repeating all tests (iteration 118) . . .

Note: Google Test filter = HvfIntelProbe.InstructionOnly
[==========] Running 1 test from 1 test suite.
[----------] 1 test from HvfIntelProbe
[ RUN      ] HvfIntelProbe.InstructionOnly
INTEL_PROBE phase=executor_initialization
INTEL_PROBE phase=executor_retained
INTEL_PROBE phase=startup_probe
INTEL_PROBE phase=ordinary_steps
INTEL_PROBE phase=instruction_retirement
INTEL_OWNER phase=replacement_parked vcpu_generation=119 owner_generation=119 owner=215901 vm_generation=1
INTEL_OWNER phase=vcpu_destroy_begin vcpu_generation=118 owner_generation=118 owner=215900 vm_generation=1
INTEL_OWNER phase=vcpu_destroy_end vcpu_generation=118 owner_generation=118 owner=215900 vm_generation=1
INTEL_OWNER phase=lease_release_end vcpu_generation=118 owner_generation=118 owner=215900 vm_generation=1
INTEL_OWNER phase=owner_join_begin vcpu_generation=118 owner_generation=118 owner=215900 vm_generation=1
INTEL_OWNER phase=owner_join_end vcpu_generation=118 owner_generation=118 owner=215900 vm_generation=1
INTEL_OWNER phase=owner_activate vcpu_generation=119 owner_generation=119 owner=215901 vm_generation=1
INTEL_OWNER phase=lease_acquire_end vcpu_generation=119 owner_generation=119 owner=215901 vm_generation=1
INTEL_OWNER phase=vcpu_create_begin vcpu_generation=119 owner_generation=119 owner=215901 vm_generation=1
INTEL_OWNER phase=vcpu_create_end vcpu_generation=119 owner_generation=119 owner=215901 vm_generation=1
[       OK ] HvfIntelProbe.InstructionOnly (21 ms)
[----------] 1 test from HvfIntelProbe (21 ms total)

[==========] 1 test from 1 test suite ran. (21 ms total)
[  PASSED  ] 1 test.

Repeating all tests (iteration 119) . . .

Note: Google Test filter = HvfIntelProbe.InstructionOnly
[==========] Running 1 test from 1 test suite.
[----------] 1 test from HvfIntelProbe
[ RUN      ] HvfIntelProbe.InstructionOnly
INTEL_PROBE phase=executor_initialization
INTEL_PROBE phase=executor_retained
INTEL_PROBE phase=startup_probe
INTEL_PROBE phase=ordinary_steps
INTEL_PROBE phase=instruction_retirement
INTEL_OWNER phase=replacement_parked vcpu_generation=120 owner_generation=120 owner=215902 vm_generation=1
INTEL_OWNER phase=vcpu_destroy_begin vcpu_generation=119 owner_generation=119 owner=215901 vm_generation=1
INTEL_OWNER phase=vcpu_destroy_end vcpu_generation=119 owner_generation=119 owner=215901 vm_generation=1
INTEL_OWNER phase=lease_release_end vcpu_generation=119 owner_generation=119 owner=215901 vm_generation=1
INTEL_OWNER phase=owner_join_begin vcpu_generation=119 owner_generation=119 owner=215901 vm_generation=1
INTEL_OWNER phase=owner_join_end vcpu_generation=119 owner_generation=119 owner=215901 vm_generation=1
INTEL_OWNER phase=owner_activate vcpu_generation=120 owner_generation=120 owner=215902 vm_generation=1
INTEL_OWNER phase=lease_acquire_end vcpu_generation=120 owner_generation=120 owner=215902 vm_generation=1
INTEL_OWNER phase=vcpu_create_begin vcpu_generation=120 owner_generation=120 owner=215902 vm_generation=1
INTEL_OWNER phase=vcpu_create_end vcpu_generation=120 owner_generation=120 owner=215902 vm_generation=1
[       OK ] HvfIntelProbe.InstructionOnly (21 ms)
[----------] 1 test from HvfIntelProbe (21 ms total)

[==========] 1 test from 1 test suite ran. (21 ms total)
[  PASSED  ] 1 test.

Repeating all tests (iteration 120) . . .

Note: Google Test filter = HvfIntelProbe.InstructionOnly
[==========] Running 1 test from 1 test suite.
[----------] 1 test from HvfIntelProbe
[ RUN      ] HvfIntelProbe.InstructionOnly
INTEL_PROBE phase=executor_initialization
INTEL_PROBE phase=executor_retained
INTEL_PROBE phase=startup_probe
INTEL_PROBE phase=ordinary_steps
INTEL_PROBE phase=instruction_retirement
INTEL_OWNER phase=replacement_parked vcpu_generation=121 owner_generation=121 owner=215903 vm_generation=1
INTEL_OWNER phase=vcpu_destroy_begin vcpu_generation=120 owner_generation=120 owner=215902 vm_generation=1
INTEL_OWNER phase=vcpu_destroy_end vcpu_generation=120 owner_generation=120 owner=215902 vm_generation=1
INTEL_OWNER phase=lease_release_end vcpu_generation=120 owner_generation=120 owner=215902 vm_generation=1
INTEL_OWNER phase=owner_join_begin vcpu_generation=120 owner_generation=120 owner=215902 vm_generation=1
INTEL_OWNER phase=owner_join_end vcpu_generation=120 owner_generation=120 owner=215902 vm_generation=1
INTEL_OWNER phase=owner_activate vcpu_generation=121 owner_generation=121 owner=215903 vm_generation=1
INTEL_OWNER phase=lease_acquire_end vcpu_generation=121 owner_generation=121 owner=215903 vm_generation=1
INTEL_OWNER phase=vcpu_create_begin vcpu_generation=121 owner_generation=121 owner=215903 vm_generation=1
INTEL_OWNER phase=vcpu_create_end vcpu_generation=121 owner_generation=121 owner=215903 vm_generation=1
[       OK ] HvfIntelProbe.InstructionOnly (18 ms)
[----------] 1 test from HvfIntelProbe (18 ms total)

[==========] 1 test from 1 test suite ran. (18 ms total)
[  PASSED  ] 1 test.

Repeating all tests (iteration 121) . . .

Note: Google Test filter = HvfIntelProbe.InstructionOnly
[==========] Running 1 test from 1 test suite.
[----------] 1 test from HvfIntelProbe
[ RUN      ] HvfIntelProbe.InstructionOnly
INTEL_PROBE phase=executor_initialization
INTEL_PROBE phase=executor_retained
INTEL_PROBE phase=startup_probe
INTEL_PROBE phase=ordinary_steps
INTEL_PROBE phase=instruction_retirement
INTEL_OWNER phase=replacement_parked vcpu_generation=122 owner_generation=122 owner=215904 vm_generation=1
INTEL_OWNER phase=vcpu_destroy_begin vcpu_generation=121 owner_generation=121 owner=215903 vm_generation=1
INTEL_OWNER phase=vcpu_destroy_end vcpu_generation=121 owner_generation=121 owner=215903 vm_generation=1
INTEL_OWNER phase=lease_release_end vcpu_generation=121 owner_generation=121 owner=215903 vm_generation=1
INTEL_OWNER phase=owner_join_begin vcpu_generation=121 owner_generation=121 owner=215903 vm_generation=1
INTEL_OWNER phase=owner_join_end vcpu_generation=121 owner_generation=121 owner=215903 vm_generation=1
INTEL_OWNER phase=owner_activate vcpu_generation=122 owner_generation=122 owner=215904 vm_generation=1
INTEL_OWNER phase=lease_acquire_end vcpu_generation=122 owner_generation=122 owner=215904 vm_generation=1
INTEL_OWNER phase=vcpu_create_begin vcpu_generation=122 owner_generation=122 owner=215904 vm_generation=1
INTEL_OWNER phase=vcpu_create_end vcpu_generation=122 owner_generation=122 owner=215904 vm_generation=1
[       OK ] HvfIntelProbe.InstructionOnly (21 ms)
[----------] 1 test from HvfIntelProbe (21 ms total)

[==========] 1 test from 1 test suite ran. (21 ms total)
[  PASSED  ] 1 test.

Repeating all tests (iteration 122) . . .

Note: Google Test filter = HvfIntelProbe.InstructionOnly
[==========] Running 1 test from 1 test suite.
[----------] 1 test from HvfIntelProbe
[ RUN      ] HvfIntelProbe.InstructionOnly
INTEL_PROBE phase=executor_initialization
INTEL_PROBE phase=executor_retained
INTEL_PROBE phase=startup_probe
INTEL_PROBE phase=ordinary_steps
INTEL_PROBE phase=instruction_retirement
INTEL_OWNER phase=replacement_parked vcpu_generation=123 owner_generation=123 owner=215905 vm_generation=1
INTEL_OWNER phase=vcpu_destroy_begin vcpu_generation=122 owner_generation=122 owner=215904 vm_generation=1
INTEL_OWNER phase=vcpu_destroy_end vcpu_generation=122 owner_generation=122 owner=215904 vm_generation=1
INTEL_OWNER phase=lease_release_end vcpu_generation=122 owner_generation=122 owner=215904 vm_generation=1
INTEL_OWNER phase=owner_join_begin vcpu_generation=122 owner_generation=122 owner=215904 vm_generation=1
INTEL_OWNER phase=owner_join_end vcpu_generation=122 owner_generation=122 owner=215904 vm_generation=1
INTEL_OWNER phase=owner_activate vcpu_generation=123 owner_generation=123 owner=215905 vm_generation=1
INTEL_OWNER phase=lease_acquire_end vcpu_generation=123 owner_generation=123 owner=215905 vm_generation=1
INTEL_OWNER phase=vcpu_create_begin vcpu_generation=123 owner_generation=123 owner=215905 vm_generation=1
INTEL_OWNER phase=vcpu_create_end vcpu_generation=123 owner_generation=123 owner=215905 vm_generation=1
[       OK ] HvfIntelProbe.InstructionOnly (22 ms)
[----------] 1 test from HvfIntelProbe (22 ms total)

[==========] 1 test from 1 test suite ran. (22 ms total)
[  PASSED  ] 1 test.

Repeating all tests (iteration 123) . . .

Note: Google Test filter = HvfIntelProbe.InstructionOnly
[==========] Running 1 test from 1 test suite.
[----------] 1 test from HvfIntelProbe
[ RUN      ] HvfIntelProbe.InstructionOnly
INTEL_PROBE phase=executor_initialization
INTEL_PROBE phase=executor_retained
INTEL_PROBE phase=startup_probe
INTEL_PROBE phase=ordinary_steps
INTEL_PROBE phase=instruction_retirement
INTEL_OWNER phase=replacement_parked vcpu_generation=124 owner_generation=124 owner=215906 vm_generation=1
INTEL_OWNER phase=vcpu_destroy_begin vcpu_generation=123 owner_generation=123 owner=215905 vm_generation=1
INTEL_OWNER phase=vcpu_destroy_end vcpu_generation=123 owner_generation=123 owner=215905 vm_generation=1
INTEL_OWNER phase=lease_release_end vcpu_generation=123 owner_generation=123 owner=215905 vm_generation=1
INTEL_OWNER phase=owner_join_begin vcpu_generation=123 owner_generation=123 owner=215905 vm_generation=1
INTEL_OWNER phase=owner_join_end vcpu_generation=123 owner_generation=123 owner=215905 vm_generation=1
INTEL_OWNER phase=owner_activate vcpu_generation=124 owner_generation=124 owner=215906 vm_generation=1
INTEL_OWNER phase=lease_acquire_end vcpu_generation=124 owner_generation=124 owner=215906 vm_generation=1
INTEL_OWNER phase=vcpu_create_begin vcpu_generation=124 owner_generation=124 owner=215906 vm_generation=1
INTEL_OWNER phase=vcpu_create_end vcpu_generation=124 owner_generation=124 owner=215906 vm_generation=1
[       OK ] HvfIntelProbe.InstructionOnly (22 ms)
[----------] 1 test from HvfIntelProbe (22 ms total)

[==========] 1 test from 1 test suite ran. (22 ms total)
[  PASSED  ] 1 test.

Repeating all tests (iteration 124) . . .

Note: Google Test filter = HvfIntelProbe.InstructionOnly
[==========] Running 1 test from 1 test suite.
[----------] 1 test from HvfIntelProbe
[ RUN      ] HvfIntelProbe.InstructionOnly
INTEL_PROBE phase=executor_initialization
INTEL_PROBE phase=executor_retained
INTEL_PROBE phase=startup_probe
INTEL_PROBE phase=ordinary_steps
INTEL_PROBE phase=instruction_retirement
INTEL_OWNER phase=replacement_parked vcpu_generation=125 owner_generation=125 owner=215907 vm_generation=1
INTEL_OWNER phase=vcpu_destroy_begin vcpu_generation=124 owner_generation=124 owner=215906 vm_generation=1
INTEL_OWNER phase=vcpu_destroy_end vcpu_generation=124 owner_generation=124 owner=215906 vm_generation=1
INTEL_OWNER phase=lease_release_end vcpu_generation=124 owner_generation=124 owner=215906 vm_generation=1
INTEL_OWNER phase=owner_join_begin vcpu_generation=124 owner_generation=124 owner=215906 vm_generation=1
INTEL_OWNER phase=owner_join_end vcpu_generation=124 owner_generation=124 owner=215906 vm_generation=1
INTEL_OWNER phase=owner_activate vcpu_generation=125 owner_generation=125 owner=215907 vm_generation=1
INTEL_OWNER phase=lease_acquire_end vcpu_generation=125 owner_generation=125 owner=215907 vm_generation=1
INTEL_OWNER phase=vcpu_create_begin vcpu_generation=125 owner_generation=125 owner=215907 vm_generation=1
INTEL_OWNER phase=vcpu_create_end vcpu_generation=125 owner_generation=125 owner=215907 vm_generation=1
[       OK ] HvfIntelProbe.InstructionOnly (66 ms)
[----------] 1 test from HvfIntelProbe (66 ms total)

[==========] 1 test from 1 test suite ran. (66 ms total)
[  PASSED  ] 1 test.

Repeating all tests (iteration 125) . . .

Note: Google Test filter = HvfIntelProbe.InstructionOnly
[==========] Running 1 test from 1 test suite.
[----------] 1 test from HvfIntelProbe
[ RUN      ] HvfIntelProbe.InstructionOnly
INTEL_PROBE phase=executor_initialization
INTEL_PROBE phase=executor_retained
INTEL_PROBE phase=startup_probe
INTEL_PROBE phase=ordinary_steps
INTEL_PROBE phase=instruction_retirement
INTEL_OWNER phase=replacement_parked vcpu_generation=126 owner_generation=126 owner=215908 vm_generation=1
INTEL_OWNER phase=vcpu_destroy_begin vcpu_generation=125 owner_generation=125 owner=215907 vm_generation=1
INTEL_OWNER phase=vcpu_destroy_end vcpu_generation=125 owner_generation=125 owner=215907 vm_generation=1
INTEL_OWNER phase=lease_release_end vcpu_generation=125 owner_generation=125 owner=215907 vm_generation=1
INTEL_OWNER phase=owner_join_begin vcpu_generation=125 owner_generation=125 owner=215907 vm_generation=1
INTEL_OWNER phase=owner_join_end vcpu_generation=125 owner_generation=125 owner=215907 vm_generation=1
INTEL_OWNER phase=owner_activate vcpu_generation=126 owner_generation=126 owner=215908 vm_generation=1
INTEL_OWNER phase=lease_acquire_end vcpu_generation=126 owner_generation=126 owner=215908 vm_generation=1
INTEL_OWNER phase=vcpu_create_begin vcpu_generation=126 owner_generation=126 owner=215908 vm_generation=1
INTEL_OWNER phase=vcpu_create_end vcpu_generation=126 owner_generation=126 owner=215908 vm_generation=1
[       OK ] HvfIntelProbe.InstructionOnly (19 ms)
[----------] 1 test from HvfIntelProbe (19 ms total)

[==========] 1 test from 1 test suite ran. (19 ms total)
[  PASSED  ] 1 test.

Repeating all tests (iteration 126) . . .

Note: Google Test filter = HvfIntelProbe.InstructionOnly
[==========] Running 1 test from 1 test suite.
[----------] 1 test from HvfIntelProbe
[ RUN      ] HvfIntelProbe.InstructionOnly
INTEL_PROBE phase=executor_initialization
INTEL_PROBE phase=executor_retained
INTEL_PROBE phase=startup_probe
INTEL_PROBE phase=ordinary_steps
INTEL_PROBE phase=instruction_retirement
INTEL_OWNER phase=replacement_parked vcpu_generation=127 owner_generation=127 owner=215909 vm_generation=1
INTEL_OWNER phase=vcpu_destroy_begin vcpu_generation=126 owner_generation=126 owner=215908 vm_generation=1
INTEL_OWNER phase=vcpu_destroy_end vcpu_generation=126 owner_generation=126 owner=215908 vm_generation=1
INTEL_OWNER phase=lease_release_end vcpu_generation=126 owner_generation=126 owner=215908 vm_generation=1
INTEL_OWNER phase=owner_join_begin vcpu_generation=126 owner_generation=126 owner=215908 vm_generation=1
INTEL_OWNER phase=owner_join_end vcpu_generation=126 owner_generation=126 owner=215908 vm_generation=1
INTEL_OWNER phase=owner_activate vcpu_generation=127 owner_generation=127 owner=215909 vm_generation=1
INTEL_OWNER phase=lease_acquire_end vcpu_generation=127 owner_generation=127 owner=215909 vm_generation=1
INTEL_OWNER phase=vcpu_create_begin vcpu_generation=127 owner_generation=127 owner=215909 vm_generation=1
INTEL_OWNER phase=vcpu_create_end vcpu_generation=127 owner_generation=127 owner=215909 vm_generation=1
[       OK ] HvfIntelProbe.InstructionOnly (23 ms)
[----------] 1 test from HvfIntelProbe (23 ms total)

[==========] 1 test from 1 test suite ran. (23 ms total)
[  PASSED  ] 1 test.

Repeating all tests (iteration 127) . . .

Note: Google Test filter = HvfIntelProbe.InstructionOnly
[==========] Running 1 test from 1 test suite.
[----------] 1 test from HvfIntelProbe
[ RUN      ] HvfIntelProbe.InstructionOnly
INTEL_PROBE phase=executor_initialization
INTEL_PROBE phase=executor_retained
INTEL_PROBE phase=startup_probe
INTEL_PROBE phase=ordinary_steps
INTEL_PROBE phase=instruction_retirement
INTEL_OWNER phase=replacement_parked vcpu_generation=128 owner_generation=128 owner=215910 vm_generation=1
INTEL_OWNER phase=vcpu_destroy_begin vcpu_generation=127 owner_generation=127 owner=215909 vm_generation=1
INTEL_OWNER phase=vcpu_destroy_end vcpu_generation=127 owner_generation=127 owner=215909 vm_generation=1
INTEL_OWNER phase=lease_release_end vcpu_generation=127 owner_generation=127 owner=215909 vm_generation=1
INTEL_OWNER phase=owner_join_begin vcpu_generation=127 owner_generation=127 owner=215909 vm_generation=1
INTEL_OWNER phase=owner_join_end vcpu_generation=127 owner_generation=127 owner=215909 vm_generation=1
INTEL_OWNER phase=owner_activate vcpu_generation=128 owner_generation=128 owner=215910 vm_generation=1
INTEL_OWNER phase=lease_acquire_end vcpu_generation=128 owner_generation=128 owner=215910 vm_generation=1
INTEL_OWNER phase=vcpu_create_begin vcpu_generation=128 owner_generation=128 owner=215910 vm_generation=1
INTEL_OWNER phase=vcpu_create_end vcpu_generation=128 owner_generation=128 owner=215910 vm_generation=1
[       OK ] HvfIntelProbe.InstructionOnly (22 ms)
[----------] 1 test from HvfIntelProbe (23 ms total)

[==========] 1 test from 1 test suite ran. (23 ms total)
[  PASSED  ] 1 test.

Repeating all tests (iteration 128) . . .

Note: Google Test filter = HvfIntelProbe.InstructionOnly
[==========] Running 1 test from 1 test suite.
[----------] 1 test from HvfIntelProbe
[ RUN      ] HvfIntelProbe.InstructionOnly
INTEL_PROBE phase=executor_initialization
INTEL_PROBE phase=executor_retained
INTEL_PROBE phase=startup_probe
INTEL_PROBE phase=ordinary_steps
INTEL_PROBE phase=instruction_retirement
INTEL_OWNER phase=replacement_parked vcpu_generation=129 owner_generation=129 owner=215911 vm_generation=1
INTEL_OWNER phase=vcpu_destroy_begin vcpu_generation=128 owner_generation=128 owner=215910 vm_generation=1
INTEL_OWNER phase=vcpu_destroy_end vcpu_generation=128 owner_generation=128 owner=215910 vm_generation=1
INTEL_OWNER phase=lease_release_end vcpu_generation=128 owner_generation=128 owner=215910 vm_generation=1
INTEL_OWNER phase=owner_join_begin vcpu_generation=128 owner_generation=128 owner=215910 vm_generation=1
INTEL_OWNER phase=owner_join_end vcpu_generation=128 owner_generation=128 owner=215910 vm_generation=1
INTEL_OWNER phase=owner_activate vcpu_generation=129 owner_generation=129 owner=215911 vm_generation=1
INTEL_OWNER phase=lease_acquire_end vcpu_generation=129 owner_generation=129 owner=215911 vm_generation=1
INTEL_OWNER phase=vcpu_create_begin vcpu_generation=129 owner_generation=129 owner=215911 vm_generation=1
INTEL_OWNER phase=vcpu_create_end vcpu_generation=129 owner_generation=129 owner=215911 vm_generation=1
[       OK ] HvfIntelProbe.InstructionOnly (23 ms)
[----------] 1 test from HvfIntelProbe (23 ms total)

[==========] 1 test from 1 test suite ran. (23 ms total)
[  PASSED  ] 1 test.

Repeating all tests (iteration 129) . . .

Note: Google Test filter = HvfIntelProbe.InstructionOnly
[==========] Running 1 test from 1 test suite.
[----------] 1 test from HvfIntelProbe
[ RUN      ] HvfIntelProbe.InstructionOnly
INTEL_PROBE phase=executor_initialization
INTEL_PROBE phase=executor_retained
INTEL_PROBE phase=startup_probe
INTEL_PROBE phase=ordinary_steps
INTEL_PROBE phase=instruction_retirement
INTEL_OWNER phase=replacement_parked vcpu_generation=130 owner_generation=130 owner=215912 vm_generation=1
INTEL_OWNER phase=vcpu_destroy_begin vcpu_generation=129 owner_generation=129 owner=215911 vm_generation=1
INTEL_OWNER phase=vcpu_destroy_end vcpu_generation=129 owner_generation=129 owner=215911 vm_generation=1
INTEL_OWNER phase=lease_release_end vcpu_generation=129 owner_generation=129 owner=215911 vm_generation=1
INTEL_OWNER phase=owner_join_begin vcpu_generation=129 owner_generation=129 owner=215911 vm_generation=1
INTEL_OWNER phase=owner_join_end vcpu_generation=129 owner_generation=129 owner=215911 vm_generation=1
INTEL_OWNER phase=owner_activate vcpu_generation=130 owner_generation=130 owner=215912 vm_generation=1
INTEL_OWNER phase=lease_acquire_end vcpu_generation=130 owner_generation=130 owner=215912 vm_generation=1
INTEL_OWNER phase=vcpu_create_begin vcpu_generation=130 owner_generation=130 owner=215912 vm_generation=1
INTEL_OWNER phase=vcpu_create_end vcpu_generation=130 owner_generation=130 owner=215912 vm_generation=1
[       OK ] HvfIntelProbe.InstructionOnly (18 ms)
[----------] 1 test from HvfIntelProbe (18 ms total)

[==========] 1 test from 1 test suite ran. (18 ms total)
[  PASSED  ] 1 test.

Repeating all tests (iteration 130) . . .

Note: Google Test filter = HvfIntelProbe.InstructionOnly
[==========] Running 1 test from 1 test suite.
[----------] 1 test from HvfIntelProbe
[ RUN      ] HvfIntelProbe.InstructionOnly
INTEL_PROBE phase=executor_initialization
INTEL_PROBE phase=executor_retained
INTEL_PROBE phase=startup_probe
INTEL_PROBE phase=ordinary_steps
INTEL_PROBE phase=instruction_retirement
INTEL_OWNER phase=replacement_parked vcpu_generation=131 owner_generation=131 owner=215913 vm_generation=1
INTEL_OWNER phase=vcpu_destroy_begin vcpu_generation=130 owner_generation=130 owner=215912 vm_generation=1
INTEL_OWNER phase=vcpu_destroy_end vcpu_generation=130 owner_generation=130 owner=215912 vm_generation=1
INTEL_OWNER phase=lease_release_end vcpu_generation=130 owner_generation=130 owner=215912 vm_generation=1
INTEL_OWNER phase=owner_join_begin vcpu_generation=130 owner_generation=130 owner=215912 vm_generation=1
INTEL_OWNER phase=owner_join_end vcpu_generation=130 owner_generation=130 owner=215912 vm_generation=1
INTEL_OWNER phase=owner_activate vcpu_generation=131 owner_generation=131 owner=215913 vm_generation=1
INTEL_OWNER phase=lease_acquire_end vcpu_generation=131 owner_generation=131 owner=215913 vm_generation=1
INTEL_OWNER phase=vcpu_create_begin vcpu_generation=131 owner_generation=131 owner=215913 vm_generation=1
INTEL_OWNER phase=vcpu_create_end vcpu_generation=131 owner_generation=131 owner=215913 vm_generation=1
[       OK ] HvfIntelProbe.InstructionOnly (18 ms)
[----------] 1 test from HvfIntelProbe (18 ms total)

[==========] 1 test from 1 test suite ran. (18 ms total)
[  PASSED  ] 1 test.

Repeating all tests (iteration 131) . . .

Note: Google Test filter = HvfIntelProbe.InstructionOnly
[==========] Running 1 test from 1 test suite.
[----------] 1 test from HvfIntelProbe
[ RUN      ] HvfIntelProbe.InstructionOnly
INTEL_PROBE phase=executor_initialization
INTEL_PROBE phase=executor_retained
INTEL_PROBE phase=startup_probe
INTEL_PROBE phase=ordinary_steps
INTEL_PROBE phase=instruction_retirement
INTEL_OWNER phase=replacement_parked vcpu_generation=132 owner_generation=132 owner=215914 vm_generation=1
INTEL_OWNER phase=vcpu_destroy_begin vcpu_generation=131 owner_generation=131 owner=215913 vm_generation=1
INTEL_OWNER phase=vcpu_destroy_end vcpu_generation=131 owner_generation=131 owner=215913 vm_generation=1
INTEL_OWNER phase=lease_release_end vcpu_generation=131 owner_generation=131 owner=215913 vm_generation=1
INTEL_OWNER phase=owner_join_begin vcpu_generation=131 owner_generation=131 owner=215913 vm_generation=1
INTEL_OWNER phase=owner_join_end vcpu_generation=131 owner_generation=131 owner=215913 vm_generation=1
INTEL_OWNER phase=owner_activate vcpu_generation=132 owner_generation=132 owner=215914 vm_generation=1
INTEL_OWNER phase=lease_acquire_end vcpu_generation=132 owner_generation=132 owner=215914 vm_generation=1
INTEL_OWNER phase=vcpu_create_begin vcpu_generation=132 owner_generation=132 owner=215914 vm_generation=1
INTEL_OWNER phase=vcpu_create_end vcpu_generation=132 owner_generation=132 owner=215914 vm_generation=1
[       OK ] HvfIntelProbe.InstructionOnly (19 ms)
[----------] 1 test from HvfIntelProbe (19 ms total)

[==========] 1 test from 1 test suite ran. (19 ms total)
[  PASSED  ] 1 test.

Repeating all tests (iteration 132) . . .

Note: Google Test filter = HvfIntelProbe.InstructionOnly
[==========] Running 1 test from 1 test suite.
[----------] 1 test from HvfIntelProbe
[ RUN      ] HvfIntelProbe.InstructionOnly
INTEL_PROBE phase=executor_initialization
INTEL_PROBE phase=executor_retained
INTEL_PROBE phase=startup_probe
INTEL_PROBE phase=ordinary_steps
INTEL_PROBE phase=instruction_retirement
INTEL_OWNER phase=replacement_parked vcpu_generation=133 owner_generation=133 owner=215917 vm_generation=1
INTEL_OWNER phase=vcpu_destroy_begin vcpu_generation=132 owner_generation=132 owner=215914 vm_generation=1
INTEL_OWNER phase=vcpu_destroy_end vcpu_generation=132 owner_generation=132 owner=215914 vm_generation=1
INTEL_OWNER phase=lease_release_end vcpu_generation=132 owner_generation=132 owner=215914 vm_generation=1
INTEL_OWNER phase=owner_join_begin vcpu_generation=132 owner_generation=132 owner=215914 vm_generation=1
INTEL_OWNER phase=owner_join_end vcpu_generation=132 owner_generation=132 owner=215914 vm_generation=1
INTEL_OWNER phase=owner_activate vcpu_generation=133 owner_generation=133 owner=215917 vm_generation=1
INTEL_OWNER phase=lease_acquire_end vcpu_generation=133 owner_generation=133 owner=215917 vm_generation=1
INTEL_OWNER phase=vcpu_create_begin vcpu_generation=133 owner_generation=133 owner=215917 vm_generation=1
INTEL_OWNER phase=vcpu_create_end vcpu_generation=133 owner_generation=133 owner=215917 vm_generation=1
[       OK ] HvfIntelProbe.InstructionOnly (29 ms)
[----------] 1 test from HvfIntelProbe (29 ms total)

[==========] 1 test from 1 test suite ran. (29 ms total)
[  PASSED  ] 1 test.

Repeating all tests (iteration 133) . . .

Note: Google Test filter = HvfIntelProbe.InstructionOnly
[==========] Running 1 test from 1 test suite.
[----------] 1 test from HvfIntelProbe
[ RUN      ] HvfIntelProbe.InstructionOnly
INTEL_PROBE phase=executor_initialization
INTEL_PROBE phase=executor_retained
INTEL_PROBE phase=startup_probe
INTEL_PROBE phase=ordinary_steps
INTEL_PROBE phase=instruction_retirement
INTEL_OWNER phase=replacement_parked vcpu_generation=134 owner_generation=134 owner=215918 vm_generation=1
INTEL_OWNER phase=vcpu_destroy_begin vcpu_generation=133 owner_generation=133 owner=215917 vm_generation=1
INTEL_OWNER phase=vcpu_destroy_end vcpu_generation=133 owner_generation=133 owner=215917 vm_generation=1
INTEL_OWNER phase=lease_release_end vcpu_generation=133 owner_generation=133 owner=215917 vm_generation=1
INTEL_OWNER phase=owner_join_begin vcpu_generation=133 owner_generation=133 owner=215917 vm_generation=1
INTEL_OWNER phase=owner_join_end vcpu_generation=133 owner_generation=133 owner=215917 vm_generation=1
INTEL_OWNER phase=owner_activate vcpu_generation=134 owner_generation=134 owner=215918 vm_generation=1
INTEL_OWNER phase=lease_acquire_end vcpu_generation=134 owner_generation=134 owner=215918 vm_generation=1
INTEL_OWNER phase=vcpu_create_begin vcpu_generation=134 owner_generation=134 owner=215918 vm_generation=1
INTEL_OWNER phase=vcpu_create_end vcpu_generation=134 owner_generation=134 owner=215918 vm_generation=1
[       OK ] HvfIntelProbe.InstructionOnly (27 ms)
[----------] 1 test from HvfIntelProbe (27 ms total)

[==========] 1 test from 1 test suite ran. (27 ms total)
[  PASSED  ] 1 test.

Repeating all tests (iteration 134) . . .

Note: Google Test filter = HvfIntelProbe.InstructionOnly
[==========] Running 1 test from 1 test suite.
[----------] 1 test from HvfIntelProbe
[ RUN      ] HvfIntelProbe.InstructionOnly
INTEL_PROBE phase=executor_initialization
INTEL_PROBE phase=executor_retained
INTEL_PROBE phase=startup_probe
INTEL_PROBE phase=ordinary_steps
INTEL_PROBE phase=instruction_retirement
INTEL_OWNER phase=replacement_parked vcpu_generation=135 owner_generation=135 owner=215919 vm_generation=1
INTEL_OWNER phase=vcpu_destroy_begin vcpu_generation=134 owner_generation=134 owner=215918 vm_generation=1
INTEL_OWNER phase=vcpu_destroy_end vcpu_generation=134 owner_generation=134 owner=215918 vm_generation=1
INTEL_OWNER phase=lease_release_end vcpu_generation=134 owner_generation=134 owner=215918 vm_generation=1
INTEL_OWNER phase=owner_join_begin vcpu_generation=134 owner_generation=134 owner=215918 vm_generation=1
INTEL_OWNER phase=owner_join_end vcpu_generation=134 owner_generation=134 owner=215918 vm_generation=1
INTEL_OWNER phase=owner_activate vcpu_generation=135 owner_generation=135 owner=215919 vm_generation=1
INTEL_OWNER phase=lease_acquire_end vcpu_generation=135 owner_generation=135 owner=215919 vm_generation=1
INTEL_OWNER phase=vcpu_create_begin vcpu_generation=135 owner_generation=135 owner=215919 vm_generation=1
INTEL_OWNER phase=vcpu_create_end vcpu_generation=135 owner_generation=135 owner=215919 vm_generation=1
[       OK ] HvfIntelProbe.InstructionOnly (19 ms)
[----------] 1 test from HvfIntelProbe (19 ms total)

[==========] 1 test from 1 test suite ran. (19 ms total)
[  PASSED  ] 1 test.

Repeating all tests (iteration 135) . . .

Note: Google Test filter = HvfIntelProbe.InstructionOnly
[==========] Running 1 test from 1 test suite.
[----------] 1 test from HvfIntelProbe
[ RUN      ] HvfIntelProbe.InstructionOnly
INTEL_PROBE phase=executor_initialization
INTEL_PROBE phase=executor_retained
INTEL_PROBE phase=startup_probe
INTEL_PROBE phase=ordinary_steps
INTEL_PROBE phase=instruction_retirement
INTEL_OWNER phase=replacement_parked vcpu_generation=136 owner_generation=136 owner=215920 vm_generation=1
INTEL_OWNER phase=vcpu_destroy_begin vcpu_generation=135 owner_generation=135 owner=215919 vm_generation=1
INTEL_OWNER phase=vcpu_destroy_end vcpu_generation=135 owner_generation=135 owner=215919 vm_generation=1
INTEL_OWNER phase=lease_release_end vcpu_generation=135 owner_generation=135 owner=215919 vm_generation=1
INTEL_OWNER phase=owner_join_begin vcpu_generation=135 owner_generation=135 owner=215919 vm_generation=1
INTEL_OWNER phase=owner_join_end vcpu_generation=135 owner_generation=135 owner=215919 vm_generation=1
INTEL_OWNER phase=owner_activate vcpu_generation=136 owner_generation=136 owner=215920 vm_generation=1
INTEL_OWNER phase=lease_acquire_end vcpu_generation=136 owner_generation=136 owner=215920 vm_generation=1
INTEL_OWNER phase=vcpu_create_begin vcpu_generation=136 owner_generation=136 owner=215920 vm_generation=1
INTEL_OWNER phase=vcpu_create_end vcpu_generation=136 owner_generation=136 owner=215920 vm_generation=1
[       OK ] HvfIntelProbe.InstructionOnly (19 ms)
[----------] 1 test from HvfIntelProbe (19 ms total)

[==========] 1 test from 1 test suite ran. (19 ms total)
[  PASSED  ] 1 test.

Repeating all tests (iteration 136) . . .

Note: Google Test filter = HvfIntelProbe.InstructionOnly
[==========] Running 1 test from 1 test suite.
[----------] 1 test from HvfIntelProbe
[ RUN      ] HvfIntelProbe.InstructionOnly
INTEL_PROBE phase=executor_initialization
INTEL_PROBE phase=executor_retained
INTEL_PROBE phase=startup_probe
INTEL_PROBE phase=ordinary_steps
INTEL_PROBE phase=instruction_retirement
INTEL_OWNER phase=replacement_parked vcpu_generation=137 owner_generation=137 owner=215921 vm_generation=1
INTEL_OWNER phase=vcpu_destroy_begin vcpu_generation=136 owner_generation=136 owner=215920 vm_generation=1
INTEL_OWNER phase=vcpu_destroy_end vcpu_generation=136 owner_generation=136 owner=215920 vm_generation=1
INTEL_OWNER phase=lease_release_end vcpu_generation=136 owner_generation=136 owner=215920 vm_generation=1
INTEL_OWNER phase=owner_join_begin vcpu_generation=136 owner_generation=136 owner=215920 vm_generation=1
INTEL_OWNER phase=owner_join_end vcpu_generation=136 owner_generation=136 owner=215920 vm_generation=1
INTEL_OWNER phase=owner_activate vcpu_generation=137 owner_generation=137 owner=215921 vm_generation=1
INTEL_OWNER phase=lease_acquire_end vcpu_generation=137 owner_generation=137 owner=215921 vm_generation=1
INTEL_OWNER phase=vcpu_create_begin vcpu_generation=137 owner_generation=137 owner=215921 vm_generation=1
INTEL_OWNER phase=vcpu_create_end vcpu_generation=137 owner_generation=137 owner=215921 vm_generation=1
[       OK ] HvfIntelProbe.InstructionOnly (17 ms)
[----------] 1 test from HvfIntelProbe (17 ms total)

[==========] 1 test from 1 test suite ran. (17 ms total)
[  PASSED  ] 1 test.

Repeating all tests (iteration 137) . . .

Note: Google Test filter = HvfIntelProbe.InstructionOnly
[==========] Running 1 test from 1 test suite.
[----------] 1 test from HvfIntelProbe
[ RUN      ] HvfIntelProbe.InstructionOnly
INTEL_PROBE phase=executor_initialization
INTEL_PROBE phase=executor_retained
INTEL_PROBE phase=startup_probe
INTEL_PROBE phase=ordinary_steps
INTEL_PROBE phase=instruction_retirement
INTEL_OWNER phase=replacement_parked vcpu_generation=138 owner_generation=138 owner=215922 vm_generation=1
INTEL_OWNER phase=vcpu_destroy_begin vcpu_generation=137 owner_generation=137 owner=215921 vm_generation=1
INTEL_OWNER phase=vcpu_destroy_end vcpu_generation=137 owner_generation=137 owner=215921 vm_generation=1
INTEL_OWNER phase=lease_release_end vcpu_generation=137 owner_generation=137 owner=215921 vm_generation=1
INTEL_OWNER phase=owner_join_begin vcpu_generation=137 owner_generation=137 owner=215921 vm_generation=1
INTEL_OWNER phase=owner_join_end vcpu_generation=137 owner_generation=137 owner=215921 vm_generation=1
INTEL_OWNER phase=owner_activate vcpu_generation=138 owner_generation=138 owner=215922 vm_generation=1
INTEL_OWNER phase=lease_acquire_end vcpu_generation=138 owner_generation=138 owner=215922 vm_generation=1
INTEL_OWNER phase=vcpu_create_begin vcpu_generation=138 owner_generation=138 owner=215922 vm_generation=1
INTEL_OWNER phase=vcpu_create_end vcpu_generation=138 owner_generation=138 owner=215922 vm_generation=1
[       OK ] HvfIntelProbe.InstructionOnly (18 ms)
[----------] 1 test from HvfIntelProbe (18 ms total)

[==========] 1 test from 1 test suite ran. (18 ms total)
[  PASSED  ] 1 test.

Repeating all tests (iteration 138) . . .

Note: Google Test filter = HvfIntelProbe.InstructionOnly
[==========] Running 1 test from 1 test suite.
[----------] 1 test from HvfIntelProbe
[ RUN      ] HvfIntelProbe.InstructionOnly
INTEL_PROBE phase=executor_initialization
INTEL_PROBE phase=executor_retained
INTEL_PROBE phase=startup_probe
INTEL_PROBE phase=ordinary_steps
INTEL_PROBE phase=instruction_retirement
INTEL_OWNER phase=replacement_parked vcpu_generation=139 owner_generation=139 owner=215923 vm_generation=1
INTEL_OWNER phase=vcpu_destroy_begin vcpu_generation=138 owner_generation=138 owner=215922 vm_generation=1
INTEL_OWNER phase=vcpu_destroy_end vcpu_generation=138 owner_generation=138 owner=215922 vm_generation=1
INTEL_OWNER phase=lease_release_end vcpu_generation=138 owner_generation=138 owner=215922 vm_generation=1
INTEL_OWNER phase=owner_join_begin vcpu_generation=138 owner_generation=138 owner=215922 vm_generation=1
INTEL_OWNER phase=owner_join_end vcpu_generation=138 owner_generation=138 owner=215922 vm_generation=1
INTEL_OWNER phase=owner_activate vcpu_generation=139 owner_generation=139 owner=215923 vm_generation=1
INTEL_OWNER phase=lease_acquire_end vcpu_generation=139 owner_generation=139 owner=215923 vm_generation=1
INTEL_OWNER phase=vcpu_create_begin vcpu_generation=139 owner_generation=139 owner=215923 vm_generation=1
INTEL_OWNER phase=vcpu_create_end vcpu_generation=139 owner_generation=139 owner=215923 vm_generation=1
[       OK ] HvfIntelProbe.InstructionOnly (18 ms)
[----------] 1 test from HvfIntelProbe (18 ms total)

[==========] 1 test from 1 test suite ran. (18 ms total)
[  PASSED  ] 1 test.

Repeating all tests (iteration 139) . . .

Note: Google Test filter = HvfIntelProbe.InstructionOnly
[==========] Running 1 test from 1 test suite.
[----------] 1 test from HvfIntelProbe
[ RUN      ] HvfIntelProbe.InstructionOnly
INTEL_PROBE phase=executor_initialization
INTEL_PROBE phase=executor_retained
INTEL_PROBE phase=startup_probe
INTEL_PROBE phase=ordinary_steps
INTEL_PROBE phase=instruction_retirement
INTEL_OWNER phase=replacement_parked vcpu_generation=140 owner_generation=140 owner=215924 vm_generation=1
INTEL_OWNER phase=vcpu_destroy_begin vcpu_generation=139 owner_generation=139 owner=215923 vm_generation=1
INTEL_OWNER phase=vcpu_destroy_end vcpu_generation=139 owner_generation=139 owner=215923 vm_generation=1
INTEL_OWNER phase=lease_release_end vcpu_generation=139 owner_generation=139 owner=215923 vm_generation=1
INTEL_OWNER phase=owner_join_begin vcpu_generation=139 owner_generation=139 owner=215923 vm_generation=1
INTEL_OWNER phase=owner_join_end vcpu_generation=139 owner_generation=139 owner=215923 vm_generation=1
INTEL_OWNER phase=owner_activate vcpu_generation=140 owner_generation=140 owner=215924 vm_generation=1
INTEL_OWNER phase=lease_acquire_end vcpu_generation=140 owner_generation=140 owner=215924 vm_generation=1
INTEL_OWNER phase=vcpu_create_begin vcpu_generation=140 owner_generation=140 owner=215924 vm_generation=1
INTEL_OWNER phase=vcpu_create_end vcpu_generation=140 owner_generation=140 owner=215924 vm_generation=1
[       OK ] HvfIntelProbe.InstructionOnly (19 ms)
[----------] 1 test from HvfIntelProbe (19 ms total)

[==========] 1 test from 1 test suite ran. (19 ms total)
[  PASSED  ] 1 test.

Repeating all tests (iteration 140) . . .

Note: Google Test filter = HvfIntelProbe.InstructionOnly
[==========] Running 1 test from 1 test suite.
[----------] 1 test from HvfIntelProbe
[ RUN      ] HvfIntelProbe.InstructionOnly
INTEL_PROBE phase=executor_initialization
INTEL_PROBE phase=executor_retained
INTEL_PROBE phase=startup_probe
INTEL_PROBE phase=ordinary_steps
INTEL_PROBE phase=instruction_retirement
INTEL_OWNER phase=replacement_parked vcpu_generation=141 owner_generation=141 owner=215925 vm_generation=1
INTEL_OWNER phase=vcpu_destroy_begin vcpu_generation=140 owner_generation=140 owner=215924 vm_generation=1
INTEL_OWNER phase=vcpu_destroy_end vcpu_generation=140 owner_generation=140 owner=215924 vm_generation=1
INTEL_OWNER phase=lease_release_end vcpu_generation=140 owner_generation=140 owner=215924 vm_generation=1
INTEL_OWNER phase=owner_join_begin vcpu_generation=140 owner_generation=140 owner=215924 vm_generation=1
INTEL_OWNER phase=owner_join_end vcpu_generation=140 owner_generation=140 owner=215924 vm_generation=1
INTEL_OWNER phase=owner_activate vcpu_generation=141 owner_generation=141 owner=215925 vm_generation=1
INTEL_OWNER phase=lease_acquire_end vcpu_generation=141 owner_generation=141 owner=215925 vm_generation=1
INTEL_OWNER phase=vcpu_create_begin vcpu_generation=141 owner_generation=141 owner=215925 vm_generation=1
INTEL_OWNER phase=vcpu_create_end vcpu_generation=141 owner_generation=141 owner=215925 vm_generation=1
[       OK ] HvfIntelProbe.InstructionOnly (20 ms)
[----------] 1 test from HvfIntelProbe (20 ms total)

[==========] 1 test from 1 test suite ran. (20 ms total)
[  PASSED  ] 1 test.

Repeating all tests (iteration 141) . . .

Note: Google Test filter = HvfIntelProbe.InstructionOnly
[==========] Running 1 test from 1 test suite.
[----------] 1 test from HvfIntelProbe
[ RUN      ] HvfIntelProbe.InstructionOnly
INTEL_PROBE phase=executor_initialization
INTEL_PROBE phase=executor_retained
INTEL_PROBE phase=startup_probe
INTEL_PROBE phase=ordinary_steps
INTEL_PROBE phase=instruction_retirement
INTEL_OWNER phase=replacement_parked vcpu_generation=142 owner_generation=142 owner=215926 vm_generation=1
INTEL_OWNER phase=vcpu_destroy_begin vcpu_generation=141 owner_generation=141 owner=215925 vm_generation=1
INTEL_OWNER phase=vcpu_destroy_end vcpu_generation=141 owner_generation=141 owner=215925 vm_generation=1
INTEL_OWNER phase=lease_release_end vcpu_generation=141 owner_generation=141 owner=215925 vm_generation=1
INTEL_OWNER phase=owner_join_begin vcpu_generation=141 owner_generation=141 owner=215925 vm_generation=1
INTEL_OWNER phase=owner_join_end vcpu_generation=141 owner_generation=141 owner=215925 vm_generation=1
INTEL_OWNER phase=owner_activate vcpu_generation=142 owner_generation=142 owner=215926 vm_generation=1
INTEL_OWNER phase=lease_acquire_end vcpu_generation=142 owner_generation=142 owner=215926 vm_generation=1
INTEL_OWNER phase=vcpu_create_begin vcpu_generation=142 owner_generation=142 owner=215926 vm_generation=1
INTEL_OWNER phase=vcpu_create_end vcpu_generation=142 owner_generation=142 owner=215926 vm_generation=1
[       OK ] HvfIntelProbe.InstructionOnly (18 ms)
[----------] 1 test from HvfIntelProbe (18 ms total)

[==========] 1 test from 1 test suite ran. (18 ms total)
[  PASSED  ] 1 test.

Repeating all tests (iteration 142) . . .

Note: Google Test filter = HvfIntelProbe.InstructionOnly
[==========] Running 1 test from 1 test suite.
[----------] 1 test from HvfIntelProbe
[ RUN      ] HvfIntelProbe.InstructionOnly
INTEL_PROBE phase=executor_initialization
INTEL_PROBE phase=executor_retained
INTEL_PROBE phase=startup_probe
INTEL_PROBE phase=ordinary_steps
INTEL_PROBE phase=instruction_retirement
INTEL_OWNER phase=replacement_parked vcpu_generation=143 owner_generation=143 owner=215927 vm_generation=1
INTEL_OWNER phase=vcpu_destroy_begin vcpu_generation=142 owner_generation=142 owner=215926 vm_generation=1
INTEL_OWNER phase=vcpu_destroy_end vcpu_generation=142 owner_generation=142 owner=215926 vm_generation=1
INTEL_OWNER phase=lease_release_end vcpu_generation=142 owner_generation=142 owner=215926 vm_generation=1
INTEL_OWNER phase=owner_join_begin vcpu_generation=142 owner_generation=142 owner=215926 vm_generation=1
INTEL_OWNER phase=owner_join_end vcpu_generation=142 owner_generation=142 owner=215926 vm_generation=1
INTEL_OWNER phase=owner_activate vcpu_generation=143 owner_generation=143 owner=215927 vm_generation=1
INTEL_OWNER phase=lease_acquire_end vcpu_generation=143 owner_generation=143 owner=215927 vm_generation=1
INTEL_OWNER phase=vcpu_create_begin vcpu_generation=143 owner_generation=143 owner=215927 vm_generation=1
INTEL_OWNER phase=vcpu_create_end vcpu_generation=143 owner_generation=143 owner=215927 vm_generation=1
[       OK ] HvfIntelProbe.InstructionOnly (19 ms)
[----------] 1 test from HvfIntelProbe (19 ms total)

[==========] 1 test from 1 test suite ran. (19 ms total)
[  PASSED  ] 1 test.

Repeating all tests (iteration 143) . . .

Note: Google Test filter = HvfIntelProbe.InstructionOnly
[==========] Running 1 test from 1 test suite.
[----------] 1 test from HvfIntelProbe
[ RUN      ] HvfIntelProbe.InstructionOnly
INTEL_PROBE phase=executor_initialization
INTEL_PROBE phase=executor_retained
INTEL_PROBE phase=startup_probe
INTEL_PROBE phase=ordinary_steps
INTEL_PROBE phase=instruction_retirement
INTEL_OWNER phase=replacement_parked vcpu_generation=144 owner_generation=144 owner=215928 vm_generation=1
INTEL_OWNER phase=vcpu_destroy_begin vcpu_generation=143 owner_generation=143 owner=215927 vm_generation=1
INTEL_OWNER phase=vcpu_destroy_end vcpu_generation=143 owner_generation=143 owner=215927 vm_generation=1
INTEL_OWNER phase=lease_release_end vcpu_generation=143 owner_generation=143 owner=215927 vm_generation=1
INTEL_OWNER phase=owner_join_begin vcpu_generation=143 owner_generation=143 owner=215927 vm_generation=1
INTEL_OWNER phase=owner_join_end vcpu_generation=143 owner_generation=143 owner=215927 vm_generation=1
INTEL_OWNER phase=owner_activate vcpu_generation=144 owner_generation=144 owner=215928 vm_generation=1
INTEL_OWNER phase=lease_acquire_end vcpu_generation=144 owner_generation=144 owner=215928 vm_generation=1
INTEL_OWNER phase=vcpu_create_begin vcpu_generation=144 owner_generation=144 owner=215928 vm_generation=1
INTEL_OWNER phase=vcpu_create_end vcpu_generation=144 owner_generation=144 owner=215928 vm_generation=1
[       OK ] HvfIntelProbe.InstructionOnly (17 ms)
[----------] 1 test from HvfIntelProbe (17 ms total)

[==========] 1 test from 1 test suite ran. (17 ms total)
[  PASSED  ] 1 test.

Repeating all tests (iteration 144) . . .

Note: Google Test filter = HvfIntelProbe.InstructionOnly
[==========] Running 1 test from 1 test suite.
[----------] 1 test from HvfIntelProbe
[ RUN      ] HvfIntelProbe.InstructionOnly
INTEL_PROBE phase=executor_initialization
INTEL_PROBE phase=executor_retained
INTEL_PROBE phase=startup_probe
INTEL_PROBE phase=ordinary_steps
INTEL_PROBE phase=instruction_retirement
INTEL_OWNER phase=replacement_parked vcpu_generation=145 owner_generation=145 owner=215929 vm_generation=1
INTEL_OWNER phase=vcpu_destroy_begin vcpu_generation=144 owner_generation=144 owner=215928 vm_generation=1
INTEL_OWNER phase=vcpu_destroy_end vcpu_generation=144 owner_generation=144 owner=215928 vm_generation=1
INTEL_OWNER phase=lease_release_end vcpu_generation=144 owner_generation=144 owner=215928 vm_generation=1
INTEL_OWNER phase=owner_join_begin vcpu_generation=144 owner_generation=144 owner=215928 vm_generation=1
INTEL_OWNER phase=owner_join_end vcpu_generation=144 owner_generation=144 owner=215928 vm_generation=1
INTEL_OWNER phase=owner_activate vcpu_generation=145 owner_generation=145 owner=215929 vm_generation=1
INTEL_OWNER phase=lease_acquire_end vcpu_generation=145 owner_generation=145 owner=215929 vm_generation=1
INTEL_OWNER phase=vcpu_create_begin vcpu_generation=145 owner_generation=145 owner=215929 vm_generation=1
INTEL_OWNER phase=vcpu_create_end vcpu_generation=145 owner_generation=145 owner=215929 vm_generation=1
[       OK ] HvfIntelProbe.InstructionOnly (18 ms)
[----------] 1 test from HvfIntelProbe (18 ms total)

[==========] 1 test from 1 test suite ran. (18 ms total)
[  PASSED  ] 1 test.

Repeating all tests (iteration 145) . . .

Note: Google Test filter = HvfIntelProbe.InstructionOnly
[==========] Running 1 test from 1 test suite.
[----------] 1 test from HvfIntelProbe
[ RUN      ] HvfIntelProbe.InstructionOnly
INTEL_PROBE phase=executor_initialization
INTEL_PROBE phase=executor_retained
INTEL_PROBE phase=startup_probe
INTEL_PROBE phase=ordinary_steps
INTEL_PROBE phase=instruction_retirement
INTEL_OWNER phase=replacement_parked vcpu_generation=146 owner_generation=146 owner=215930 vm_generation=1
INTEL_OWNER phase=vcpu_destroy_begin vcpu_generation=145 owner_generation=145 owner=215929 vm_generation=1
INTEL_OWNER phase=vcpu_destroy_end vcpu_generation=145 owner_generation=145 owner=215929 vm_generation=1
INTEL_OWNER phase=lease_release_end vcpu_generation=145 owner_generation=145 owner=215929 vm_generation=1
INTEL_OWNER phase=owner_join_begin vcpu_generation=145 owner_generation=145 owner=215929 vm_generation=1
INTEL_OWNER phase=owner_join_end vcpu_generation=145 owner_generation=145 owner=215929 vm_generation=1
INTEL_OWNER phase=owner_activate vcpu_generation=146 owner_generation=146 owner=215930 vm_generation=1
INTEL_OWNER phase=lease_acquire_end vcpu_generation=146 owner_generation=146 owner=215930 vm_generation=1
INTEL_OWNER phase=vcpu_create_begin vcpu_generation=146 owner_generation=146 owner=215930 vm_generation=1
INTEL_OWNER phase=vcpu_create_end vcpu_generation=146 owner_generation=146 owner=215930 vm_generation=1
[       OK ] HvfIntelProbe.InstructionOnly (18 ms)
[----------] 1 test from HvfIntelProbe (18 ms total)

[==========] 1 test from 1 test suite ran. (18 ms total)
[  PASSED  ] 1 test.

Repeating all tests (iteration 146) . . .

Note: Google Test filter = HvfIntelProbe.InstructionOnly
[==========] Running 1 test from 1 test suite.
[----------] 1 test from HvfIntelProbe
[ RUN      ] HvfIntelProbe.InstructionOnly
INTEL_PROBE phase=executor_initialization
INTEL_PROBE phase=executor_retained
INTEL_PROBE phase=startup_probe
INTEL_PROBE phase=ordinary_steps
INTEL_PROBE phase=instruction_retirement
INTEL_OWNER phase=replacement_parked vcpu_generation=147 owner_generation=147 owner=215931 vm_generation=1
INTEL_OWNER phase=vcpu_destroy_begin vcpu_generation=146 owner_generation=146 owner=215930 vm_generation=1
INTEL_OWNER phase=vcpu_destroy_end vcpu_generation=146 owner_generation=146 owner=215930 vm_generation=1
INTEL_OWNER phase=lease_release_end vcpu_generation=146 owner_generation=146 owner=215930 vm_generation=1
INTEL_OWNER phase=owner_join_begin vcpu_generation=146 owner_generation=146 owner=215930 vm_generation=1
INTEL_OWNER phase=owner_join_end vcpu_generation=146 owner_generation=146 owner=215930 vm_generation=1
INTEL_OWNER phase=owner_activate vcpu_generation=147 owner_generation=147 owner=215931 vm_generation=1
INTEL_OWNER phase=lease_acquire_end vcpu_generation=147 owner_generation=147 owner=215931 vm_generation=1
INTEL_OWNER phase=vcpu_create_begin vcpu_generation=147 owner_generation=147 owner=215931 vm_generation=1
INTEL_OWNER phase=vcpu_create_end vcpu_generation=147 owner_generation=147 owner=215931 vm_generation=1
[       OK ] HvfIntelProbe.InstructionOnly (19 ms)
[----------] 1 test from HvfIntelProbe (19 ms total)

[==========] 1 test from 1 test suite ran. (19 ms total)
[  PASSED  ] 1 test.

Repeating all tests (iteration 147) . . .

Note: Google Test filter = HvfIntelProbe.InstructionOnly
[==========] Running 1 test from 1 test suite.
[----------] 1 test from HvfIntelProbe
[ RUN      ] HvfIntelProbe.InstructionOnly
INTEL_PROBE phase=executor_initialization
INTEL_PROBE phase=executor_retained
INTEL_PROBE phase=startup_probe
INTEL_PROBE phase=ordinary_steps
INTEL_PROBE phase=instruction_retirement
INTEL_OWNER phase=replacement_parked vcpu_generation=148 owner_generation=148 owner=215932 vm_generation=1
INTEL_OWNER phase=vcpu_destroy_begin vcpu_generation=147 owner_generation=147 owner=215931 vm_generation=1
INTEL_OWNER phase=vcpu_destroy_end vcpu_generation=147 owner_generation=147 owner=215931 vm_generation=1
INTEL_OWNER phase=lease_release_end vcpu_generation=147 owner_generation=147 owner=215931 vm_generation=1
INTEL_OWNER phase=owner_join_begin vcpu_generation=147 owner_generation=147 owner=215931 vm_generation=1
INTEL_OWNER phase=owner_join_end vcpu_generation=147 owner_generation=147 owner=215931 vm_generation=1
INTEL_OWNER phase=owner_activate vcpu_generation=148 owner_generation=148 owner=215932 vm_generation=1
INTEL_OWNER phase=lease_acquire_end vcpu_generation=148 owner_generation=148 owner=215932 vm_generation=1
INTEL_OWNER phase=vcpu_create_begin vcpu_generation=148 owner_generation=148 owner=215932 vm_generation=1
INTEL_OWNER phase=vcpu_create_end vcpu_generation=148 owner_generation=148 owner=215932 vm_generation=1
[       OK ] HvfIntelProbe.InstructionOnly (18 ms)
[----------] 1 test from HvfIntelProbe (19 ms total)

[==========] 1 test from 1 test suite ran. (19 ms total)
[  PASSED  ] 1 test.

Repeating all tests (iteration 148) . . .

Note: Google Test filter = HvfIntelProbe.InstructionOnly
[==========] Running 1 test from 1 test suite.
[----------] 1 test from HvfIntelProbe
[ RUN      ] HvfIntelProbe.InstructionOnly
INTEL_PROBE phase=executor_initialization
INTEL_PROBE phase=executor_retained
INTEL_PROBE phase=startup_probe
INTEL_PROBE phase=ordinary_steps
INTEL_PROBE phase=instruction_retirement
INTEL_OWNER phase=replacement_parked vcpu_generation=149 owner_generation=149 owner=215933 vm_generation=1
INTEL_OWNER phase=vcpu_destroy_begin vcpu_generation=148 owner_generation=148 owner=215932 vm_generation=1
INTEL_OWNER phase=vcpu_destroy_end vcpu_generation=148 owner_generation=148 owner=215932 vm_generation=1
INTEL_OWNER phase=lease_release_end vcpu_generation=148 owner_generation=148 owner=215932 vm_generation=1
INTEL_OWNER phase=owner_join_begin vcpu_generation=148 owner_generation=148 owner=215932 vm_generation=1
INTEL_OWNER phase=owner_join_end vcpu_generation=148 owner_generation=148 owner=215932 vm_generation=1
INTEL_OWNER phase=owner_activate vcpu_generation=149 owner_generation=149 owner=215933 vm_generation=1
INTEL_OWNER phase=lease_acquire_end vcpu_generation=149 owner_generation=149 owner=215933 vm_generation=1
INTEL_OWNER phase=vcpu_create_begin vcpu_generation=149 owner_generation=149 owner=215933 vm_generation=1
INTEL_OWNER phase=vcpu_create_end vcpu_generation=149 owner_generation=149 owner=215933 vm_generation=1
[       OK ] HvfIntelProbe.InstructionOnly (19 ms)
[----------] 1 test from HvfIntelProbe (19 ms total)

[==========] 1 test from 1 test suite ran. (19 ms total)
[  PASSED  ] 1 test.

Repeating all tests (iteration 149) . . .

Note: Google Test filter = HvfIntelProbe.InstructionOnly
[==========] Running 1 test from 1 test suite.
[----------] 1 test from HvfIntelProbe
[ RUN      ] HvfIntelProbe.InstructionOnly
INTEL_PROBE phase=executor_initialization
INTEL_PROBE phase=executor_retained
INTEL_PROBE phase=startup_probe
INTEL_PROBE phase=ordinary_steps
INTEL_PROBE phase=instruction_retirement
INTEL_OWNER phase=replacement_parked vcpu_generation=150 owner_generation=150 owner=215934 vm_generation=1
INTEL_OWNER phase=vcpu_destroy_begin vcpu_generation=149 owner_generation=149 owner=215933 vm_generation=1
INTEL_OWNER phase=vcpu_destroy_end vcpu_generation=149 owner_generation=149 owner=215933 vm_generation=1
INTEL_OWNER phase=lease_release_end vcpu_generation=149 owner_generation=149 owner=215933 vm_generation=1
INTEL_OWNER phase=owner_join_begin vcpu_generation=149 owner_generation=149 owner=215933 vm_generation=1
INTEL_OWNER phase=owner_join_end vcpu_generation=149 owner_generation=149 owner=215933 vm_generation=1
INTEL_OWNER phase=owner_activate vcpu_generation=150 owner_generation=150 owner=215934 vm_generation=1
INTEL_OWNER phase=lease_acquire_end vcpu_generation=150 owner_generation=150 owner=215934 vm_generation=1
INTEL_OWNER phase=vcpu_create_begin vcpu_generation=150 owner_generation=150 owner=215934 vm_generation=1
INTEL_OWNER phase=vcpu_create_end vcpu_generation=150 owner_generation=150 owner=215934 vm_generation=1
[       OK ] HvfIntelProbe.InstructionOnly (18 ms)
[----------] 1 test from HvfIntelProbe (18 ms total)

[==========] 1 test from 1 test suite ran. (18 ms total)
[  PASSED  ] 1 test.

Repeating all tests (iteration 150) . . .

Note: Google Test filter = HvfIntelProbe.InstructionOnly
[==========] Running 1 test from 1 test suite.
[----------] 1 test from HvfIntelProbe
[ RUN      ] HvfIntelProbe.InstructionOnly
INTEL_PROBE phase=executor_initialization
INTEL_PROBE phase=executor_retained
INTEL_PROBE phase=startup_probe
INTEL_PROBE phase=ordinary_steps
INTEL_PROBE phase=instruction_retirement
INTEL_OWNER phase=replacement_parked vcpu_generation=151 owner_generation=151 owner=215935 vm_generation=1
INTEL_OWNER phase=vcpu_destroy_begin vcpu_generation=150 owner_generation=150 owner=215934 vm_generation=1
INTEL_OWNER phase=vcpu_destroy_end vcpu_generation=150 owner_generation=150 owner=215934 vm_generation=1
INTEL_OWNER phase=lease_release_end vcpu_generation=150 owner_generation=150 owner=215934 vm_generation=1
INTEL_OWNER phase=owner_join_begin vcpu_generation=150 owner_generation=150 owner=215934 vm_generation=1
INTEL_OWNER phase=owner_join_end vcpu_generation=150 owner_generation=150 owner=215934 vm_generation=1
INTEL_OWNER phase=owner_activate vcpu_generation=151 owner_generation=151 owner=215935 vm_generation=1
INTEL_OWNER phase=lease_acquire_end vcpu_generation=151 owner_generation=151 owner=215935 vm_generation=1
INTEL_OWNER phase=vcpu_create_begin vcpu_generation=151 owner_generation=151 owner=215935 vm_generation=1
INTEL_OWNER phase=vcpu_create_end vcpu_generation=151 owner_generation=151 owner=215935 vm_generation=1
[       OK ] HvfIntelProbe.InstructionOnly (17 ms)
[----------] 1 test from HvfIntelProbe (17 ms total)

[==========] 1 test from 1 test suite ran. (17 ms total)
[  PASSED  ] 1 test.

Repeating all tests (iteration 151) . . .

Note: Google Test filter = HvfIntelProbe.InstructionOnly
[==========] Running 1 test from 1 test suite.
[----------] 1 test from HvfIntelProbe
[ RUN      ] HvfIntelProbe.InstructionOnly
INTEL_PROBE phase=executor_initialization
INTEL_PROBE phase=executor_retained
INTEL_PROBE phase=startup_probe
INTEL_PROBE phase=ordinary_steps
INTEL_PROBE phase=instruction_retirement
INTEL_OWNER phase=replacement_parked vcpu_generation=152 owner_generation=152 owner=215936 vm_generation=1
INTEL_OWNER phase=vcpu_destroy_begin vcpu_generation=151 owner_generation=151 owner=215935 vm_generation=1
INTEL_OWNER phase=vcpu_destroy_end vcpu_generation=151 owner_generation=151 owner=215935 vm_generation=1
INTEL_OWNER phase=lease_release_end vcpu_generation=151 owner_generation=151 owner=215935 vm_generation=1
INTEL_OWNER phase=owner_join_begin vcpu_generation=151 owner_generation=151 owner=215935 vm_generation=1
INTEL_OWNER phase=owner_join_end vcpu_generation=151 owner_generation=151 owner=215935 vm_generation=1
INTEL_OWNER phase=owner_activate vcpu_generation=152 owner_generation=152 owner=215936 vm_generation=1
INTEL_OWNER phase=lease_acquire_end vcpu_generation=152 owner_generation=152 owner=215936 vm_generation=1
INTEL_OWNER phase=vcpu_create_begin vcpu_generation=152 owner_generation=152 owner=215936 vm_generation=1
INTEL_OWNER phase=vcpu_create_end vcpu_generation=152 owner_generation=152 owner=215936 vm_generation=1
[       OK ] HvfIntelProbe.InstructionOnly (19 ms)
[----------] 1 test from HvfIntelProbe (19 ms total)

[==========] 1 test from 1 test suite ran. (19 ms total)
[  PASSED  ] 1 test.

Repeating all tests (iteration 152) . . .

Note: Google Test filter = HvfIntelProbe.InstructionOnly
[==========] Running 1 test from 1 test suite.
[----------] 1 test from HvfIntelProbe
[ RUN      ] HvfIntelProbe.InstructionOnly
INTEL_PROBE phase=executor_initialization
INTEL_PROBE phase=executor_retained
INTEL_PROBE phase=startup_probe
INTEL_PROBE phase=ordinary_steps
INTEL_PROBE phase=instruction_retirement
INTEL_OWNER phase=replacement_parked vcpu_generation=153 owner_generation=153 owner=215939 vm_generation=1
INTEL_OWNER phase=vcpu_destroy_begin vcpu_generation=152 owner_generation=152 owner=215936 vm_generation=1
INTEL_OWNER phase=vcpu_destroy_end vcpu_generation=152 owner_generation=152 owner=215936 vm_generation=1
INTEL_OWNER phase=lease_release_end vcpu_generation=152 owner_generation=152 owner=215936 vm_generation=1
INTEL_OWNER phase=owner_join_begin vcpu_generation=152 owner_generation=152 owner=215936 vm_generation=1
INTEL_OWNER phase=owner_join_end vcpu_generation=152 owner_generation=152 owner=215936 vm_generation=1
INTEL_OWNER phase=owner_activate vcpu_generation=153 owner_generation=153 owner=215939 vm_generation=1
INTEL_OWNER phase=lease_acquire_end vcpu_generation=153 owner_generation=153 owner=215939 vm_generation=1
INTEL_OWNER phase=vcpu_create_begin vcpu_generation=153 owner_generation=153 owner=215939 vm_generation=1
INTEL_OWNER phase=vcpu_create_end vcpu_generation=153 owner_generation=153 owner=215939 vm_generation=1
[       OK ] HvfIntelProbe.InstructionOnly (17 ms)
[----------] 1 test from HvfIntelProbe (17 ms total)

[==========] 1 test from 1 test suite ran. (17 ms total)
[  PASSED  ] 1 test.

Repeating all tests (iteration 153) . . .

Note: Google Test filter = HvfIntelProbe.InstructionOnly
[==========] Running 1 test from 1 test suite.
[----------] 1 test from HvfIntelProbe
[ RUN      ] HvfIntelProbe.InstructionOnly
INTEL_PROBE phase=executor_initialization
INTEL_PROBE phase=executor_retained
INTEL_PROBE phase=startup_probe
INTEL_PROBE phase=ordinary_steps
INTEL_PROBE phase=instruction_retirement
INTEL_OWNER phase=replacement_parked vcpu_generation=154 owner_generation=154 owner=215942 vm_generation=1
INTEL_OWNER phase=vcpu_destroy_begin vcpu_generation=153 owner_generation=153 owner=215939 vm_generation=1
INTEL_OWNER phase=vcpu_destroy_end vcpu_generation=153 owner_generation=153 owner=215939 vm_generation=1
INTEL_OWNER phase=lease_release_end vcpu_generation=153 owner_generation=153 owner=215939 vm_generation=1
INTEL_OWNER phase=owner_join_begin vcpu_generation=153 owner_generation=153 owner=215939 vm_generation=1
INTEL_OWNER phase=owner_join_end vcpu_generation=153 owner_generation=153 owner=215939 vm_generation=1
INTEL_OWNER phase=owner_activate vcpu_generation=154 owner_generation=154 owner=215942 vm_generation=1
INTEL_OWNER phase=lease_acquire_end vcpu_generation=154 owner_generation=154 owner=215942 vm_generation=1
INTEL_OWNER phase=vcpu_create_begin vcpu_generation=154 owner_generation=154 owner=215942 vm_generation=1
INTEL_OWNER phase=vcpu_create_end vcpu_generation=154 owner_generation=154 owner=215942 vm_generation=1
[       OK ] HvfIntelProbe.InstructionOnly (16 ms)
[----------] 1 test from HvfIntelProbe (16 ms total)

[==========] 1 test from 1 test suite ran. (16 ms total)
[  PASSED  ] 1 test.

Repeating all tests (iteration 154) . . .

Note: Google Test filter = HvfIntelProbe.InstructionOnly
[==========] Running 1 test from 1 test suite.
[----------] 1 test from HvfIntelProbe
[ RUN      ] HvfIntelProbe.InstructionOnly
INTEL_PROBE phase=executor_initialization
INTEL_PROBE phase=executor_retained
INTEL_PROBE phase=startup_probe
INTEL_PROBE phase=ordinary_steps
INTEL_PROBE phase=instruction_retirement
INTEL_OWNER phase=replacement_parked vcpu_generation=155 owner_generation=155 owner=215947 vm_generation=1
INTEL_OWNER phase=vcpu_destroy_begin vcpu_generation=154 owner_generation=154 owner=215942 vm_generation=1
INTEL_OWNER phase=vcpu_destroy_end vcpu_generation=154 owner_generation=154 owner=215942 vm_generation=1
INTEL_OWNER phase=lease_release_end vcpu_generation=154 owner_generation=154 owner=215942 vm_generation=1
INTEL_OWNER phase=owner_join_begin vcpu_generation=154 owner_generation=154 owner=215942 vm_generation=1
INTEL_OWNER phase=owner_join_end vcpu_generation=154 owner_generation=154 owner=215942 vm_generation=1
INTEL_OWNER phase=owner_activate vcpu_generation=155 owner_generation=155 owner=215947 vm_generation=1
INTEL_OWNER phase=lease_acquire_end vcpu_generation=155 owner_generation=155 owner=215947 vm_generation=1
INTEL_OWNER phase=vcpu_create_begin vcpu_generation=155 owner_generation=155 owner=215947 vm_generation=1
INTEL_OWNER phase=vcpu_create_end vcpu_generation=155 owner_generation=155 owner=215947 vm_generation=1
[       OK ] HvfIntelProbe.InstructionOnly (17 ms)
[----------] 1 test from HvfIntelProbe (17 ms total)

[==========] 1 test from 1 test suite ran. (17 ms total)
[  PASSED  ] 1 test.

Repeating all tests (iteration 155) . . .

Note: Google Test filter = HvfIntelProbe.InstructionOnly
[==========] Running 1 test from 1 test suite.
[----------] 1 test from HvfIntelProbe
[ RUN      ] HvfIntelProbe.InstructionOnly
INTEL_PROBE phase=executor_initialization
INTEL_PROBE phase=executor_retained
INTEL_PROBE phase=startup_probe
INTEL_PROBE phase=ordinary_steps
INTEL_PROBE phase=instruction_retirement
INTEL_OWNER phase=replacement_parked vcpu_generation=156 owner_generation=156 owner=215948 vm_generation=1
INTEL_OWNER phase=vcpu_destroy_begin vcpu_generation=155 owner_generation=155 owner=215947 vm_generation=1
INTEL_OWNER phase=vcpu_destroy_end vcpu_generation=155 owner_generation=155 owner=215947 vm_generation=1
INTEL_OWNER phase=lease_release_end vcpu_generation=155 owner_generation=155 owner=215947 vm_generation=1
INTEL_OWNER phase=owner_join_begin vcpu_generation=155 owner_generation=155 owner=215947 vm_generation=1
INTEL_OWNER phase=owner_join_end vcpu_generation=155 owner_generation=155 owner=215947 vm_generation=1
INTEL_OWNER phase=owner_activate vcpu_generation=156 owner_generation=156 owner=215948 vm_generation=1
INTEL_OWNER phase=lease_acquire_end vcpu_generation=156 owner_generation=156 owner=215948 vm_generation=1
INTEL_OWNER phase=vcpu_create_begin vcpu_generation=156 owner_generation=156 owner=215948 vm_generation=1
INTEL_OWNER phase=vcpu_create_end vcpu_generation=156 owner_generation=156 owner=215948 vm_generation=1
[       OK ] HvfIntelProbe.InstructionOnly (15 ms)
[----------] 1 test from HvfIntelProbe (15 ms total)

[==========] 1 test from 1 test suite ran. (15 ms total)
[  PASSED  ] 1 test.

Repeating all tests (iteration 156) . . .

Note: Google Test filter = HvfIntelProbe.InstructionOnly
[==========] Running 1 test from 1 test suite.
[----------] 1 test from HvfIntelProbe
[ RUN      ] HvfIntelProbe.InstructionOnly
INTEL_PROBE phase=executor_initialization
INTEL_PROBE phase=executor_retained
INTEL_PROBE phase=startup_probe
INTEL_PROBE phase=ordinary_steps
INTEL_PROBE phase=instruction_retirement
INTEL_OWNER phase=replacement_parked vcpu_generation=157 owner_generation=157 owner=215949 vm_generation=1
INTEL_OWNER phase=vcpu_destroy_begin vcpu_generation=156 owner_generation=156 owner=215948 vm_generation=1
INTEL_OWNER phase=vcpu_destroy_end vcpu_generation=156 owner_generation=156 owner=215948 vm_generation=1
INTEL_OWNER phase=lease_release_end vcpu_generation=156 owner_generation=156 owner=215948 vm_generation=1
INTEL_OWNER phase=owner_join_begin vcpu_generation=156 owner_generation=156 owner=215948 vm_generation=1
INTEL_OWNER phase=owner_join_end vcpu_generation=156 owner_generation=156 owner=215948 vm_generation=1
INTEL_OWNER phase=owner_activate vcpu_generation=157 owner_generation=157 owner=215949 vm_generation=1
INTEL_OWNER phase=lease_acquire_end vcpu_generation=157 owner_generation=157 owner=215949 vm_generation=1
INTEL_OWNER phase=vcpu_create_begin vcpu_generation=157 owner_generation=157 owner=215949 vm_generation=1
INTEL_OWNER phase=vcpu_create_end vcpu_generation=157 owner_generation=157 owner=215949 vm_generation=1
[       OK ] HvfIntelProbe.InstructionOnly (15 ms)
[----------] 1 test from HvfIntelProbe (15 ms total)

[==========] 1 test from 1 test suite ran. (15 ms total)
[  PASSED  ] 1 test.

Repeating all tests (iteration 157) . . .

Note: Google Test filter = HvfIntelProbe.InstructionOnly
[==========] Running 1 test from 1 test suite.
[----------] 1 test from HvfIntelProbe
[ RUN      ] HvfIntelProbe.InstructionOnly
INTEL_PROBE phase=executor_initialization
INTEL_PROBE phase=executor_retained
INTEL_PROBE phase=startup_probe
INTEL_PROBE phase=ordinary_steps
INTEL_PROBE phase=instruction_retirement
INTEL_OWNER phase=replacement_parked vcpu_generation=158 owner_generation=158 owner=215952 vm_generation=1
INTEL_OWNER phase=vcpu_destroy_begin vcpu_generation=157 owner_generation=157 owner=215949 vm_generation=1
INTEL_OWNER phase=vcpu_destroy_end vcpu_generation=157 owner_generation=157 owner=215949 vm_generation=1
INTEL_OWNER phase=lease_release_end vcpu_generation=157 owner_generation=157 owner=215949 vm_generation=1
INTEL_OWNER phase=owner_join_begin vcpu_generation=157 owner_generation=157 owner=215949 vm_generation=1
INTEL_OWNER phase=owner_join_end vcpu_generation=157 owner_generation=157 owner=215949 vm_generation=1
INTEL_OWNER phase=owner_activate vcpu_generation=158 owner_generation=158 owner=215952 vm_generation=1
INTEL_OWNER phase=lease_acquire_end vcpu_generation=158 owner_generation=158 owner=215952 vm_generation=1
INTEL_OWNER phase=vcpu_create_begin vcpu_generation=158 owner_generation=158 owner=215952 vm_generation=1
INTEL_OWNER phase=vcpu_create_end vcpu_generation=158 owner_generation=158 owner=215952 vm_generation=1
[       OK ] HvfIntelProbe.InstructionOnly (18 ms)
[----------] 1 test from HvfIntelProbe (18 ms total)

[==========] 1 test from 1 test suite ran. (18 ms total)
[  PASSED  ] 1 test.

Repeating all tests (iteration 158) . . .

Note: Google Test filter = HvfIntelProbe.InstructionOnly
[==========] Running 1 test from 1 test suite.
[----------] 1 test from HvfIntelProbe
[ RUN      ] HvfIntelProbe.InstructionOnly
INTEL_PROBE phase=executor_initialization
INTEL_PROBE phase=executor_retained
INTEL_PROBE phase=startup_probe
INTEL_PROBE phase=ordinary_steps
INTEL_PROBE phase=instruction_retirement
INTEL_OWNER phase=replacement_parked vcpu_generation=159 owner_generation=159 owner=215953 vm_generation=1
INTEL_OWNER phase=vcpu_destroy_begin vcpu_generation=158 owner_generation=158 owner=215952 vm_generation=1
INTEL_OWNER phase=vcpu_destroy_end vcpu_generation=158 owner_generation=158 owner=215952 vm_generation=1
INTEL_OWNER phase=lease_release_end vcpu_generation=158 owner_generation=158 owner=215952 vm_generation=1
INTEL_OWNER phase=owner_join_begin vcpu_generation=158 owner_generation=158 owner=215952 vm_generation=1
INTEL_OWNER phase=owner_join_end vcpu_generation=158 owner_generation=158 owner=215952 vm_generation=1
INTEL_OWNER phase=owner_activate vcpu_generation=159 owner_generation=159 owner=215953 vm_generation=1
INTEL_OWNER phase=lease_acquire_end vcpu_generation=159 owner_generation=159 owner=215953 vm_generation=1
INTEL_OWNER phase=vcpu_create_begin vcpu_generation=159 owner_generation=159 owner=215953 vm_generation=1
INTEL_OWNER phase=vcpu_create_end vcpu_generation=159 owner_generation=159 owner=215953 vm_generation=1
[       OK ] HvfIntelProbe.InstructionOnly (15 ms)
[----------] 1 test from HvfIntelProbe (15 ms total)

[==========] 1 test from 1 test suite ran. (15 ms total)
[  PASSED  ] 1 test.

Repeating all tests (iteration 159) . . .

Note: Google Test filter = HvfIntelProbe.InstructionOnly
[==========] Running 1 test from 1 test suite.
[----------] 1 test from HvfIntelProbe
[ RUN      ] HvfIntelProbe.InstructionOnly
INTEL_PROBE phase=executor_initialization
INTEL_PROBE phase=executor_retained
INTEL_PROBE phase=startup_probe
INTEL_PROBE phase=ordinary_steps
INTEL_PROBE phase=instruction_retirement
INTEL_OWNER phase=replacement_parked vcpu_generation=160 owner_generation=160 owner=215956 vm_generation=1
INTEL_OWNER phase=vcpu_destroy_begin vcpu_generation=159 owner_generation=159 owner=215953 vm_generation=1
INTEL_OWNER phase=vcpu_destroy_end vcpu_generation=159 owner_generation=159 owner=215953 vm_generation=1
INTEL_OWNER phase=lease_release_end vcpu_generation=159 owner_generation=159 owner=215953 vm_generation=1
INTEL_OWNER phase=owner_join_begin vcpu_generation=159 owner_generation=159 owner=215953 vm_generation=1
INTEL_OWNER phase=owner_join_end vcpu_generation=159 owner_generation=159 owner=215953 vm_generation=1
INTEL_OWNER phase=owner_activate vcpu_generation=160 owner_generation=160 owner=215956 vm_generation=1
INTEL_OWNER phase=lease_acquire_end vcpu_generation=160 owner_generation=160 owner=215956 vm_generation=1
INTEL_OWNER phase=vcpu_create_begin vcpu_generation=160 owner_generation=160 owner=215956 vm_generation=1
INTEL_OWNER phase=vcpu_create_end vcpu_generation=160 owner_generation=160 owner=215956 vm_generation=1
[       OK ] HvfIntelProbe.InstructionOnly (15 ms)
[----------] 1 test from HvfIntelProbe (15 ms total)

[==========] 1 test from 1 test suite ran. (15 ms total)
[  PASSED  ] 1 test.

Repeating all tests (iteration 160) . . .

Note: Google Test filter = HvfIntelProbe.InstructionOnly
[==========] Running 1 test from 1 test suite.
[----------] 1 test from HvfIntelProbe
[ RUN      ] HvfIntelProbe.InstructionOnly
INTEL_PROBE phase=executor_initialization
INTEL_PROBE phase=executor_retained
INTEL_PROBE phase=startup_probe
INTEL_PROBE phase=ordinary_steps
INTEL_PROBE phase=instruction_retirement
INTEL_OWNER phase=replacement_parked vcpu_generation=161 owner_generation=161 owner=215959 vm_generation=1
INTEL_OWNER phase=vcpu_destroy_begin vcpu_generation=160 owner_generation=160 owner=215956 vm_generation=1
INTEL_OWNER phase=vcpu_destroy_end vcpu_generation=160 owner_generation=160 owner=215956 vm_generation=1
INTEL_OWNER phase=lease_release_end vcpu_generation=160 owner_generation=160 owner=215956 vm_generation=1
INTEL_OWNER phase=owner_join_begin vcpu_generation=160 owner_generation=160 owner=215956 vm_generation=1
INTEL_OWNER phase=owner_join_end vcpu_generation=160 owner_generation=160 owner=215956 vm_generation=1
INTEL_OWNER phase=owner_activate vcpu_generation=161 owner_generation=161 owner=215959 vm_generation=1
INTEL_OWNER phase=lease_acquire_end vcpu_generation=161 owner_generation=161 owner=215959 vm_generation=1
INTEL_OWNER phase=vcpu_create_begin vcpu_generation=161 owner_generation=161 owner=215959 vm_generation=1
INTEL_OWNER phase=vcpu_create_end vcpu_generation=161 owner_generation=161 owner=215959 vm_generation=1
[       OK ] HvfIntelProbe.InstructionOnly (15 ms)
[----------] 1 test from HvfIntelProbe (15 ms total)

[==========] 1 test from 1 test suite ran. (15 ms total)
[  PASSED  ] 1 test.

Repeating all tests (iteration 161) . . .

Note: Google Test filter = HvfIntelProbe.InstructionOnly
[==========] Running 1 test from 1 test suite.
[----------] 1 test from HvfIntelProbe
[ RUN      ] HvfIntelProbe.InstructionOnly
INTEL_PROBE phase=executor_initialization
INTEL_PROBE phase=executor_retained
INTEL_PROBE phase=startup_probe
INTEL_PROBE phase=ordinary_steps
INTEL_PROBE phase=instruction_retirement
INTEL_OWNER phase=replacement_parked vcpu_generation=162 owner_generation=162 owner=215963 vm_generation=1
INTEL_OWNER phase=vcpu_destroy_begin vcpu_generation=161 owner_generation=161 owner=215959 vm_generation=1
INTEL_OWNER phase=vcpu_destroy_end vcpu_generation=161 owner_generation=161 owner=215959 vm_generation=1
INTEL_OWNER phase=lease_release_end vcpu_generation=161 owner_generation=161 owner=215959 vm_generation=1
INTEL_OWNER phase=owner_join_begin vcpu_generation=161 owner_generation=161 owner=215959 vm_generation=1
INTEL_OWNER phase=owner_join_end vcpu_generation=161 owner_generation=161 owner=215959 vm_generation=1
INTEL_OWNER phase=owner_activate vcpu_generation=162 owner_generation=162 owner=215963 vm_generation=1
INTEL_OWNER phase=lease_acquire_end vcpu_generation=162 owner_generation=162 owner=215963 vm_generation=1
INTEL_OWNER phase=vcpu_create_begin vcpu_generation=162 owner_generation=162 owner=215963 vm_generation=1
INTEL_OWNER phase=vcpu_create_end vcpu_generation=162 owner_generation=162 owner=215963 vm_generation=1
[       OK ] HvfIntelProbe.InstructionOnly (20 ms)
[----------] 1 test from HvfIntelProbe (20 ms total)

[==========] 1 test from 1 test suite ran. (20 ms total)
[  PASSED  ] 1 test.

Repeating all tests (iteration 162) . . .

Note: Google Test filter = HvfIntelProbe.InstructionOnly
[==========] Running 1 test from 1 test suite.
[----------] 1 test from HvfIntelProbe
[ RUN      ] HvfIntelProbe.InstructionOnly
INTEL_PROBE phase=executor_initialization
INTEL_PROBE phase=executor_retained
INTEL_PROBE phase=startup_probe
INTEL_PROBE phase=ordinary_steps
INTEL_PROBE phase=instruction_retirement
INTEL_OWNER phase=replacement_parked vcpu_generation=163 owner_generation=163 owner=215968 vm_generation=1
INTEL_OWNER phase=vcpu_destroy_begin vcpu_generation=162 owner_generation=162 owner=215963 vm_generation=1
INTEL_OWNER phase=vcpu_destroy_end vcpu_generation=162 owner_generation=162 owner=215963 vm_generation=1
INTEL_OWNER phase=lease_release_end vcpu_generation=162 owner_generation=162 owner=215963 vm_generation=1
INTEL_OWNER phase=owner_join_begin vcpu_generation=162 owner_generation=162 owner=215963 vm_generation=1
INTEL_OWNER phase=owner_join_end vcpu_generation=162 owner_generation=162 owner=215963 vm_generation=1
INTEL_OWNER phase=owner_activate vcpu_generation=163 owner_generation=163 owner=215968 vm_generation=1
INTEL_OWNER phase=lease_acquire_end vcpu_generation=163 owner_generation=163 owner=215968 vm_generation=1
INTEL_OWNER phase=vcpu_create_begin vcpu_generation=163 owner_generation=163 owner=215968 vm_generation=1
INTEL_OWNER phase=vcpu_create_end vcpu_generation=163 owner_generation=163 owner=215968 vm_generation=1
[       OK ] HvfIntelProbe.InstructionOnly (23 ms)
[----------] 1 test from HvfIntelProbe (23 ms total)

[==========] 1 test from 1 test suite ran. (23 ms total)
[  PASSED  ] 1 test.

Repeating all tests (iteration 163) . . .

Note: Google Test filter = HvfIntelProbe.InstructionOnly
[==========] Running 1 test from 1 test suite.
[----------] 1 test from HvfIntelProbe
[ RUN      ] HvfIntelProbe.InstructionOnly
INTEL_PROBE phase=executor_initialization
INTEL_PROBE phase=executor_retained
INTEL_PROBE phase=startup_probe
INTEL_PROBE phase=ordinary_steps
INTEL_PROBE phase=instruction_retirement
INTEL_OWNER phase=replacement_parked vcpu_generation=164 owner_generation=164 owner=215969 vm_generation=1
INTEL_OWNER phase=vcpu_destroy_begin vcpu_generation=163 owner_generation=163 owner=215968 vm_generation=1
INTEL_OWNER phase=vcpu_destroy_end vcpu_generation=163 owner_generation=163 owner=215968 vm_generation=1
INTEL_OWNER phase=lease_release_end vcpu_generation=163 owner_generation=163 owner=215968 vm_generation=1
INTEL_OWNER phase=owner_join_begin vcpu_generation=163 owner_generation=163 owner=215968 vm_generation=1
INTEL_OWNER phase=owner_join_end vcpu_generation=163 owner_generation=163 owner=215968 vm_generation=1
INTEL_OWNER phase=owner_activate vcpu_generation=164 owner_generation=164 owner=215969 vm_generation=1
INTEL_OWNER phase=lease_acquire_end vcpu_generation=164 owner_generation=164 owner=215969 vm_generation=1
INTEL_OWNER phase=vcpu_create_begin vcpu_generation=164 owner_generation=164 owner=215969 vm_generation=1
INTEL_OWNER phase=vcpu_create_end vcpu_generation=164 owner_generation=164 owner=215969 vm_generation=1
[       OK ] HvfIntelProbe.InstructionOnly (20 ms)
[----------] 1 test from HvfIntelProbe (20 ms total)

[==========] 1 test from 1 test suite ran. (20 ms total)
[  PASSED  ] 1 test.

Repeating all tests (iteration 164) . . .

Note: Google Test filter = HvfIntelProbe.InstructionOnly
[==========] Running 1 test from 1 test suite.
[----------] 1 test from HvfIntelProbe
[ RUN      ] HvfIntelProbe.InstructionOnly
INTEL_PROBE phase=executor_initialization
INTEL_PROBE phase=executor_retained
INTEL_PROBE phase=startup_probe
INTEL_PROBE phase=ordinary_steps
INTEL_PROBE phase=instruction_retirement
INTEL_OWNER phase=replacement_parked vcpu_generation=165 owner_generation=165 owner=215970 vm_generation=1
INTEL_OWNER phase=vcpu_destroy_begin vcpu_generation=164 owner_generation=164 owner=215969 vm_generation=1
INTEL_OWNER phase=vcpu_destroy_end vcpu_generation=164 owner_generation=164 owner=215969 vm_generation=1
INTEL_OWNER phase=lease_release_end vcpu_generation=164 owner_generation=164 owner=215969 vm_generation=1
INTEL_OWNER phase=owner_join_begin vcpu_generation=164 owner_generation=164 owner=215969 vm_generation=1
INTEL_OWNER phase=owner_join_end vcpu_generation=164 owner_generation=164 owner=215969 vm_generation=1
INTEL_OWNER phase=owner_activate vcpu_generation=165 owner_generation=165 owner=215970 vm_generation=1
INTEL_OWNER phase=lease_acquire_end vcpu_generation=165 owner_generation=165 owner=215970 vm_generation=1
INTEL_OWNER phase=vcpu_create_begin vcpu_generation=165 owner_generation=165 owner=215970 vm_generation=1
INTEL_OWNER phase=vcpu_create_end vcpu_generation=165 owner_generation=165 owner=215970 vm_generation=1
[       OK ] HvfIntelProbe.InstructionOnly (18 ms)
[----------] 1 test from HvfIntelProbe (18 ms total)

[==========] 1 test from 1 test suite ran. (18 ms total)
[  PASSED  ] 1 test.

Repeating all tests (iteration 165) . . .

Note: Google Test filter = HvfIntelProbe.InstructionOnly
[==========] Running 1 test from 1 test suite.
[----------] 1 test from HvfIntelProbe
[ RUN      ] HvfIntelProbe.InstructionOnly
INTEL_PROBE phase=executor_initialization
INTEL_PROBE phase=executor_retained
INTEL_PROBE phase=startup_probe
INTEL_PROBE phase=ordinary_steps
INTEL_PROBE phase=instruction_retirement
INTEL_OWNER phase=replacement_parked vcpu_generation=166 owner_generation=166 owner=215972 vm_generation=1
INTEL_OWNER phase=vcpu_destroy_begin vcpu_generation=165 owner_generation=165 owner=215970 vm_generation=1
INTEL_OWNER phase=vcpu_destroy_end vcpu_generation=165 owner_generation=165 owner=215970 vm_generation=1
INTEL_OWNER phase=lease_release_end vcpu_generation=165 owner_generation=165 owner=215970 vm_generation=1
INTEL_OWNER phase=owner_join_begin vcpu_generation=165 owner_generation=165 owner=215970 vm_generation=1
INTEL_OWNER phase=owner_join_end vcpu_generation=165 owner_generation=165 owner=215970 vm_generation=1
INTEL_OWNER phase=owner_activate vcpu_generation=166 owner_generation=166 owner=215972 vm_generation=1
INTEL_OWNER phase=lease_acquire_end vcpu_generation=166 owner_generation=166 owner=215972 vm_generation=1
INTEL_OWNER phase=vcpu_create_begin vcpu_generation=166 owner_generation=166 owner=215972 vm_generation=1
INTEL_OWNER phase=vcpu_create_end vcpu_generation=166 owner_generation=166 owner=215972 vm_generation=1
[       OK ] HvfIntelProbe.InstructionOnly (17 ms)
[----------] 1 test from HvfIntelProbe (17 ms total)

[==========] 1 test from 1 test suite ran. (17 ms total)
[  PASSED  ] 1 test.

Repeating all tests (iteration 166) . . .

Note: Google Test filter = HvfIntelProbe.InstructionOnly
[==========] Running 1 test from 1 test suite.
[----------] 1 test from HvfIntelProbe
[ RUN      ] HvfIntelProbe.InstructionOnly
INTEL_PROBE phase=executor_initialization
INTEL_PROBE phase=executor_retained
INTEL_PROBE phase=startup_probe
INTEL_PROBE phase=ordinary_steps
INTEL_PROBE phase=instruction_retirement
INTEL_OWNER phase=replacement_parked vcpu_generation=167 owner_generation=167 owner=215974 vm_generation=1
INTEL_OWNER phase=vcpu_destroy_begin vcpu_generation=166 owner_generation=166 owner=215972 vm_generation=1
INTEL_OWNER phase=vcpu_destroy_end vcpu_generation=166 owner_generation=166 owner=215972 vm_generation=1
INTEL_OWNER phase=lease_release_end vcpu_generation=166 owner_generation=166 owner=215972 vm_generation=1
INTEL_OWNER phase=owner_join_begin vcpu_generation=166 owner_generation=166 owner=215972 vm_generation=1
INTEL_OWNER phase=owner_join_end vcpu_generation=166 owner_generation=166 owner=215972 vm_generation=1
INTEL_OWNER phase=owner_activate vcpu_generation=167 owner_generation=167 owner=215974 vm_generation=1
INTEL_OWNER phase=lease_acquire_end vcpu_generation=167 owner_generation=167 owner=215974 vm_generation=1
INTEL_OWNER phase=vcpu_create_begin vcpu_generation=167 owner_generation=167 owner=215974 vm_generation=1
INTEL_OWNER phase=vcpu_create_end vcpu_generation=167 owner_generation=167 owner=215974 vm_generation=1
[       OK ] HvfIntelProbe.InstructionOnly (17 ms)
[----------] 1 test from HvfIntelProbe (17 ms total)

[==========] 1 test from 1 test suite ran. (17 ms total)
[  PASSED  ] 1 test.

Repeating all tests (iteration 167) . . .

Note: Google Test filter = HvfIntelProbe.InstructionOnly
[==========] Running 1 test from 1 test suite.
[----------] 1 test from HvfIntelProbe
[ RUN      ] HvfIntelProbe.InstructionOnly
INTEL_PROBE phase=executor_initialization
INTEL_PROBE phase=executor_retained
INTEL_PROBE phase=startup_probe
INTEL_PROBE phase=ordinary_steps
INTEL_PROBE phase=instruction_retirement
INTEL_OWNER phase=replacement_parked vcpu_generation=168 owner_generation=168 owner=215975 vm_generation=1
INTEL_OWNER phase=vcpu_destroy_begin vcpu_generation=167 owner_generation=167 owner=215974 vm_generation=1
INTEL_OWNER phase=vcpu_destroy_end vcpu_generation=167 owner_generation=167 owner=215974 vm_generation=1
INTEL_OWNER phase=lease_release_end vcpu_generation=167 owner_generation=167 owner=215974 vm_generation=1
INTEL_OWNER phase=owner_join_begin vcpu_generation=167 owner_generation=167 owner=215974 vm_generation=1
INTEL_OWNER phase=owner_join_end vcpu_generation=167 owner_generation=167 owner=215974 vm_generation=1
INTEL_OWNER phase=owner_activate vcpu_generation=168 owner_generation=168 owner=215975 vm_generation=1
INTEL_OWNER phase=lease_acquire_end vcpu_generation=168 owner_generation=168 owner=215975 vm_generation=1
INTEL_OWNER phase=vcpu_create_begin vcpu_generation=168 owner_generation=168 owner=215975 vm_generation=1
INTEL_OWNER phase=vcpu_create_end vcpu_generation=168 owner_generation=168 owner=215975 vm_generation=1
[       OK ] HvfIntelProbe.InstructionOnly (16 ms)
[----------] 1 test from HvfIntelProbe (16 ms total)

[==========] 1 test from 1 test suite ran. (16 ms total)
[  PASSED  ] 1 test.

Repeating all tests (iteration 168) . . .

Note: Google Test filter = HvfIntelProbe.InstructionOnly
[==========] Running 1 test from 1 test suite.
[----------] 1 test from HvfIntelProbe
[ RUN      ] HvfIntelProbe.InstructionOnly
INTEL_PROBE phase=executor_initialization
INTEL_PROBE phase=executor_retained
INTEL_PROBE phase=startup_probe
INTEL_PROBE phase=ordinary_steps
INTEL_PROBE phase=instruction_retirement
INTEL_OWNER phase=replacement_parked vcpu_generation=169 owner_generation=169 owner=215976 vm_generation=1
INTEL_OWNER phase=vcpu_destroy_begin vcpu_generation=168 owner_generation=168 owner=215975 vm_generation=1
INTEL_OWNER phase=vcpu_destroy_end vcpu_generation=168 owner_generation=168 owner=215975 vm_generation=1
INTEL_OWNER phase=lease_release_end vcpu_generation=168 owner_generation=168 owner=215975 vm_generation=1
INTEL_OWNER phase=owner_join_begin vcpu_generation=168 owner_generation=168 owner=215975 vm_generation=1
INTEL_OWNER phase=owner_join_end vcpu_generation=168 owner_generation=168 owner=215975 vm_generation=1
INTEL_OWNER phase=owner_activate vcpu_generation=169 owner_generation=169 owner=215976 vm_generation=1
INTEL_OWNER phase=lease_acquire_end vcpu_generation=169 owner_generation=169 owner=215976 vm_generation=1
INTEL_OWNER phase=vcpu_create_begin vcpu_generation=169 owner_generation=169 owner=215976 vm_generation=1
INTEL_OWNER phase=vcpu_create_end vcpu_generation=169 owner_generation=169 owner=215976 vm_generation=1
[       OK ] HvfIntelProbe.InstructionOnly (15 ms)
[----------] 1 test from HvfIntelProbe (15 ms total)

[==========] 1 test from 1 test suite ran. (16 ms total)
[  PASSED  ] 1 test.

Repeating all tests (iteration 169) . . .

Note: Google Test filter = HvfIntelProbe.InstructionOnly
[==========] Running 1 test from 1 test suite.
[----------] 1 test from HvfIntelProbe
[ RUN      ] HvfIntelProbe.InstructionOnly
INTEL_PROBE phase=executor_initialization
INTEL_PROBE phase=executor_retained
INTEL_PROBE phase=startup_probe
INTEL_PROBE phase=ordinary_steps
INTEL_PROBE phase=instruction_retirement
INTEL_OWNER phase=replacement_parked vcpu_generation=170 owner_generation=170 owner=215977 vm_generation=1
INTEL_OWNER phase=vcpu_destroy_begin vcpu_generation=169 owner_generation=169 owner=215976 vm_generation=1
INTEL_OWNER phase=vcpu_destroy_end vcpu_generation=169 owner_generation=169 owner=215976 vm_generation=1
INTEL_OWNER phase=lease_release_end vcpu_generation=169 owner_generation=169 owner=215976 vm_generation=1
INTEL_OWNER phase=owner_join_begin vcpu_generation=169 owner_generation=169 owner=215976 vm_generation=1
INTEL_OWNER phase=owner_join_end vcpu_generation=169 owner_generation=169 owner=215976 vm_generation=1
INTEL_OWNER phase=owner_activate vcpu_generation=170 owner_generation=170 owner=215977 vm_generation=1
INTEL_OWNER phase=lease_acquire_end vcpu_generation=170 owner_generation=170 owner=215977 vm_generation=1
INTEL_OWNER phase=vcpu_create_begin vcpu_generation=170 owner_generation=170 owner=215977 vm_generation=1
INTEL_OWNER phase=vcpu_create_end vcpu_generation=170 owner_generation=170 owner=215977 vm_generation=1
[       OK ] HvfIntelProbe.InstructionOnly (14 ms)
[----------] 1 test from HvfIntelProbe (14 ms total)

[==========] 1 test from 1 test suite ran. (15 ms total)
[  PASSED  ] 1 test.

Repeating all tests (iteration 170) . . .

Note: Google Test filter = HvfIntelProbe.InstructionOnly
[==========] Running 1 test from 1 test suite.
[----------] 1 test from HvfIntelProbe
[ RUN      ] HvfIntelProbe.InstructionOnly
INTEL_PROBE phase=executor_initialization
INTEL_PROBE phase=executor_retained
INTEL_PROBE phase=startup_probe
INTEL_PROBE phase=ordinary_steps
INTEL_PROBE phase=instruction_retirement
INTEL_OWNER phase=replacement_parked vcpu_generation=171 owner_generation=171 owner=215979 vm_generation=1
INTEL_OWNER phase=vcpu_destroy_begin vcpu_generation=170 owner_generation=170 owner=215977 vm_generation=1
INTEL_OWNER phase=vcpu_destroy_end vcpu_generation=170 owner_generation=170 owner=215977 vm_generation=1
INTEL_OWNER phase=lease_release_end vcpu_generation=170 owner_generation=170 owner=215977 vm_generation=1
INTEL_OWNER phase=owner_join_begin vcpu_generation=170 owner_generation=170 owner=215977 vm_generation=1
INTEL_OWNER phase=owner_join_end vcpu_generation=170 owner_generation=170 owner=215977 vm_generation=1
INTEL_OWNER phase=owner_activate vcpu_generation=171 owner_generation=171 owner=215979 vm_generation=1
INTEL_OWNER phase=lease_acquire_end vcpu_generation=171 owner_generation=171 owner=215979 vm_generation=1
INTEL_OWNER phase=vcpu_create_begin vcpu_generation=171 owner_generation=171 owner=215979 vm_generation=1
INTEL_OWNER phase=vcpu_create_end vcpu_generation=171 owner_generation=171 owner=215979 vm_generation=1
[       OK ] HvfIntelProbe.InstructionOnly (15 ms)
[----------] 1 test from HvfIntelProbe (15 ms total)

[==========] 1 test from 1 test suite ran. (15 ms total)
[  PASSED  ] 1 test.

Repeating all tests (iteration 171) . . .

Note: Google Test filter = HvfIntelProbe.InstructionOnly
[==========] Running 1 test from 1 test suite.
[----------] 1 test from HvfIntelProbe
[ RUN      ] HvfIntelProbe.InstructionOnly
INTEL_PROBE phase=executor_initialization
INTEL_PROBE phase=executor_retained
INTEL_PROBE phase=startup_probe
INTEL_PROBE phase=ordinary_steps
INTEL_PROBE phase=instruction_retirement
INTEL_OWNER phase=replacement_parked vcpu_generation=172 owner_generation=172 owner=215980 vm_generation=1
INTEL_OWNER phase=vcpu_destroy_begin vcpu_generation=171 owner_generation=171 owner=215979 vm_generation=1
INTEL_OWNER phase=vcpu_destroy_end vcpu_generation=171 owner_generation=171 owner=215979 vm_generation=1
INTEL_OWNER phase=lease_release_end vcpu_generation=171 owner_generation=171 owner=215979 vm_generation=1
INTEL_OWNER phase=owner_join_begin vcpu_generation=171 owner_generation=171 owner=215979 vm_generation=1
INTEL_OWNER phase=owner_join_end vcpu_generation=171 owner_generation=171 owner=215979 vm_generation=1
INTEL_OWNER phase=owner_activate vcpu_generation=172 owner_generation=172 owner=215980 vm_generation=1
INTEL_OWNER phase=lease_acquire_end vcpu_generation=172 owner_generation=172 owner=215980 vm_generation=1
INTEL_OWNER phase=vcpu_create_begin vcpu_generation=172 owner_generation=172 owner=215980 vm_generation=1
INTEL_OWNER phase=vcpu_create_end vcpu_generation=172 owner_generation=172 owner=215980 vm_generation=1
[       OK ] HvfIntelProbe.InstructionOnly (15 ms)
[----------] 1 test from HvfIntelProbe (15 ms total)

[==========] 1 test from 1 test suite ran. (15 ms total)
[  PASSED  ] 1 test.

Repeating all tests (iteration 172) . . .

Note: Google Test filter = HvfIntelProbe.InstructionOnly
[==========] Running 1 test from 1 test suite.
[----------] 1 test from HvfIntelProbe
[ RUN      ] HvfIntelProbe.InstructionOnly
INTEL_PROBE phase=executor_initialization
INTEL_PROBE phase=executor_retained
INTEL_PROBE phase=startup_probe
INTEL_PROBE phase=ordinary_steps
INTEL_PROBE phase=instruction_retirement
INTEL_OWNER phase=replacement_parked vcpu_generation=173 owner_generation=173 owner=215982 vm_generation=1
INTEL_OWNER phase=vcpu_destroy_begin vcpu_generation=172 owner_generation=172 owner=215980 vm_generation=1
INTEL_OWNER phase=vcpu_destroy_end vcpu_generation=172 owner_generation=172 owner=215980 vm_generation=1
INTEL_OWNER phase=lease_release_end vcpu_generation=172 owner_generation=172 owner=215980 vm_generation=1
INTEL_OWNER phase=owner_join_begin vcpu_generation=172 owner_generation=172 owner=215980 vm_generation=1
INTEL_OWNER phase=owner_join_end vcpu_generation=172 owner_generation=172 owner=215980 vm_generation=1
INTEL_OWNER phase=owner_activate vcpu_generation=173 owner_generation=173 owner=215982 vm_generation=1
INTEL_OWNER phase=lease_acquire_end vcpu_generation=173 owner_generation=173 owner=215982 vm_generation=1
INTEL_OWNER phase=vcpu_create_begin vcpu_generation=173 owner_generation=173 owner=215982 vm_generation=1
INTEL_OWNER phase=vcpu_create_end vcpu_generation=173 owner_generation=173 owner=215982 vm_generation=1
[       OK ] HvfIntelProbe.InstructionOnly (16 ms)
[----------] 1 test from HvfIntelProbe (16 ms total)

[==========] 1 test from 1 test suite ran. (16 ms total)
[  PASSED  ] 1 test.

Repeating all tests (iteration 173) . . .

Note: Google Test filter = HvfIntelProbe.InstructionOnly
[==========] Running 1 test from 1 test suite.
[----------] 1 test from HvfIntelProbe
[ RUN      ] HvfIntelProbe.InstructionOnly
INTEL_PROBE phase=executor_initialization
INTEL_PROBE phase=executor_retained
INTEL_PROBE phase=startup_probe
INTEL_PROBE phase=ordinary_steps
INTEL_PROBE phase=instruction_retirement
INTEL_OWNER phase=replacement_parked vcpu_generation=174 owner_generation=174 owner=215983 vm_generation=1
INTEL_OWNER phase=vcpu_destroy_begin vcpu_generation=173 owner_generation=173 owner=215982 vm_generation=1
INTEL_OWNER phase=vcpu_destroy_end vcpu_generation=173 owner_generation=173 owner=215982 vm_generation=1
INTEL_OWNER phase=lease_release_end vcpu_generation=173 owner_generation=173 owner=215982 vm_generation=1
INTEL_OWNER phase=owner_join_begin vcpu_generation=173 owner_generation=173 owner=215982 vm_generation=1
INTEL_OWNER phase=owner_join_end vcpu_generation=173 owner_generation=173 owner=215982 vm_generation=1
INTEL_OWNER phase=owner_activate vcpu_generation=174 owner_generation=174 owner=215983 vm_generation=1
INTEL_OWNER phase=lease_acquire_end vcpu_generation=174 owner_generation=174 owner=215983 vm_generation=1
INTEL_OWNER phase=vcpu_create_begin vcpu_generation=174 owner_generation=174 owner=215983 vm_generation=1
INTEL_OWNER phase=vcpu_create_end vcpu_generation=174 owner_generation=174 owner=215983 vm_generation=1
[       OK ] HvfIntelProbe.InstructionOnly (17 ms)
[----------] 1 test from HvfIntelProbe (17 ms total)

[==========] 1 test from 1 test suite ran. (17 ms total)
[  PASSED  ] 1 test.

Repeating all tests (iteration 174) . . .

Note: Google Test filter = HvfIntelProbe.InstructionOnly
[==========] Running 1 test from 1 test suite.
[----------] 1 test from HvfIntelProbe
[ RUN      ] HvfIntelProbe.InstructionOnly
INTEL_PROBE phase=executor_initialization
INTEL_PROBE phase=executor_retained
INTEL_PROBE phase=startup_probe
INTEL_PROBE phase=ordinary_steps
INTEL_PROBE phase=instruction_retirement
INTEL_OWNER phase=replacement_parked vcpu_generation=175 owner_generation=175 owner=215984 vm_generation=1
INTEL_OWNER phase=vcpu_destroy_begin vcpu_generation=174 owner_generation=174 owner=215983 vm_generation=1
INTEL_OWNER phase=vcpu_destroy_end vcpu_generation=174 owner_generation=174 owner=215983 vm_generation=1
INTEL_OWNER phase=lease_release_end vcpu_generation=174 owner_generation=174 owner=215983 vm_generation=1
INTEL_OWNER phase=owner_join_begin vcpu_generation=174 owner_generation=174 owner=215983 vm_generation=1
INTEL_OWNER phase=owner_join_end vcpu_generation=174 owner_generation=174 owner=215983 vm_generation=1
INTEL_OWNER phase=owner_activate vcpu_generation=175 owner_generation=175 owner=215984 vm_generation=1
INTEL_OWNER phase=lease_acquire_end vcpu_generation=175 owner_generation=175 owner=215984 vm_generation=1
INTEL_OWNER phase=vcpu_create_begin vcpu_generation=175 owner_generation=175 owner=215984 vm_generation=1
INTEL_OWNER phase=vcpu_create_end vcpu_generation=175 owner_generation=175 owner=215984 vm_generation=1
[       OK ] HvfIntelProbe.InstructionOnly (16 ms)
[----------] 1 test from HvfIntelProbe (16 ms total)

[==========] 1 test from 1 test suite ran. (16 ms total)
[  PASSED  ] 1 test.

Repeating all tests (iteration 175) . . .

Note: Google Test filter = HvfIntelProbe.InstructionOnly
[==========] Running 1 test from 1 test suite.
[----------] 1 test from HvfIntelProbe
[ RUN      ] HvfIntelProbe.InstructionOnly
INTEL_PROBE phase=executor_initialization
INTEL_PROBE phase=executor_retained
INTEL_PROBE phase=startup_probe
INTEL_PROBE phase=ordinary_steps
INTEL_PROBE phase=instruction_retirement
INTEL_OWNER phase=replacement_parked vcpu_generation=176 owner_generation=176 owner=215985 vm_generation=1
INTEL_OWNER phase=vcpu_destroy_begin vcpu_generation=175 owner_generation=175 owner=215984 vm_generation=1
INTEL_OWNER phase=vcpu_destroy_end vcpu_generation=175 owner_generation=175 owner=215984 vm_generation=1
INTEL_OWNER phase=lease_release_end vcpu_generation=175 owner_generation=175 owner=215984 vm_generation=1
INTEL_OWNER phase=owner_join_begin vcpu_generation=175 owner_generation=175 owner=215984 vm_generation=1
INTEL_OWNER phase=owner_join_end vcpu_generation=175 owner_generation=175 owner=215984 vm_generation=1
INTEL_OWNER phase=owner_activate vcpu_generation=176 owner_generation=176 owner=215985 vm_generation=1
INTEL_OWNER phase=lease_acquire_end vcpu_generation=176 owner_generation=176 owner=215985 vm_generation=1
INTEL_OWNER phase=vcpu_create_begin vcpu_generation=176 owner_generation=176 owner=215985 vm_generation=1
INTEL_OWNER phase=vcpu_create_end vcpu_generation=176 owner_generation=176 owner=215985 vm_generation=1
[       OK ] HvfIntelProbe.InstructionOnly (19 ms)
[----------] 1 test from HvfIntelProbe (19 ms total)

[==========] 1 test from 1 test suite ran. (19 ms total)
[  PASSED  ] 1 test.

Repeating all tests (iteration 176) . . .

Note: Google Test filter = HvfIntelProbe.InstructionOnly
[==========] Running 1 test from 1 test suite.
[----------] 1 test from HvfIntelProbe
[ RUN      ] HvfIntelProbe.InstructionOnly
INTEL_PROBE phase=executor_initialization
INTEL_PROBE phase=executor_retained
INTEL_PROBE phase=startup_probe
INTEL_PROBE phase=ordinary_steps
INTEL_PROBE phase=instruction_retirement
INTEL_OWNER phase=replacement_parked vcpu_generation=177 owner_generation=177 owner=215986 vm_generation=1
INTEL_OWNER phase=vcpu_destroy_begin vcpu_generation=176 owner_generation=176 owner=215985 vm_generation=1
INTEL_OWNER phase=vcpu_destroy_end vcpu_generation=176 owner_generation=176 owner=215985 vm_generation=1
INTEL_OWNER phase=lease_release_end vcpu_generation=176 owner_generation=176 owner=215985 vm_generation=1
INTEL_OWNER phase=owner_join_begin vcpu_generation=176 owner_generation=176 owner=215985 vm_generation=1
INTEL_OWNER phase=owner_join_end vcpu_generation=176 owner_generation=176 owner=215985 vm_generation=1
INTEL_OWNER phase=owner_activate vcpu_generation=177 owner_generation=177 owner=215986 vm_generation=1
INTEL_OWNER phase=lease_acquire_end vcpu_generation=177 owner_generation=177 owner=215986 vm_generation=1
INTEL_OWNER phase=vcpu_create_begin vcpu_generation=177 owner_generation=177 owner=215986 vm_generation=1
INTEL_OWNER phase=vcpu_create_end vcpu_generation=177 owner_generation=177 owner=215986 vm_generation=1
[       OK ] HvfIntelProbe.InstructionOnly (18 ms)
[----------] 1 test from HvfIntelProbe (18 ms total)

[==========] 1 test from 1 test suite ran. (18 ms total)
[  PASSED  ] 1 test.

Repeating all tests (iteration 177) . . .

Note: Google Test filter = HvfIntelProbe.InstructionOnly
[==========] Running 1 test from 1 test suite.
[----------] 1 test from HvfIntelProbe
[ RUN      ] HvfIntelProbe.InstructionOnly
INTEL_PROBE phase=executor_initialization
INTEL_PROBE phase=executor_retained
INTEL_PROBE phase=startup_probe
INTEL_PROBE phase=ordinary_steps
INTEL_PROBE phase=instruction_retirement
INTEL_OWNER phase=replacement_parked vcpu_generation=178 owner_generation=178 owner=215987 vm_generation=1
INTEL_OWNER phase=vcpu_destroy_begin vcpu_generation=177 owner_generation=177 owner=215986 vm_generation=1
INTEL_OWNER phase=vcpu_destroy_end vcpu_generation=177 owner_generation=177 owner=215986 vm_generation=1
INTEL_OWNER phase=lease_release_end vcpu_generation=177 owner_generation=177 owner=215986 vm_generation=1
INTEL_OWNER phase=owner_join_begin vcpu_generation=177 owner_generation=177 owner=215986 vm_generation=1
INTEL_OWNER phase=owner_join_end vcpu_generation=177 owner_generation=177 owner=215986 vm_generation=1
INTEL_OWNER phase=owner_activate vcpu_generation=178 owner_generation=178 owner=215987 vm_generation=1
INTEL_OWNER phase=lease_acquire_end vcpu_generation=178 owner_generation=178 owner=215987 vm_generation=1
INTEL_OWNER phase=vcpu_create_begin vcpu_generation=178 owner_generation=178 owner=215987 vm_generation=1
INTEL_OWNER phase=vcpu_create_end vcpu_generation=178 owner_generation=178 owner=215987 vm_generation=1
[       OK ] HvfIntelProbe.InstructionOnly (20 ms)
[----------] 1 test from HvfIntelProbe (20 ms total)

[==========] 1 test from 1 test suite ran. (20 ms total)
[  PASSED  ] 1 test.

Repeating all tests (iteration 178) . . .

Note: Google Test filter = HvfIntelProbe.InstructionOnly
[==========] Running 1 test from 1 test suite.
[----------] 1 test from HvfIntelProbe
[ RUN      ] HvfIntelProbe.InstructionOnly
INTEL_PROBE phase=executor_initialization
INTEL_PROBE phase=executor_retained
INTEL_PROBE phase=startup_probe
INTEL_PROBE phase=ordinary_steps
INTEL_PROBE phase=instruction_retirement
INTEL_OWNER phase=replacement_parked vcpu_generation=179 owner_generation=179 owner=215990 vm_generation=1
INTEL_OWNER phase=vcpu_destroy_begin vcpu_generation=178 owner_generation=178 owner=215987 vm_generation=1
INTEL_OWNER phase=vcpu_destroy_end vcpu_generation=178 owner_generation=178 owner=215987 vm_generation=1
INTEL_OWNER phase=lease_release_end vcpu_generation=178 owner_generation=178 owner=215987 vm_generation=1
INTEL_OWNER phase=owner_join_begin vcpu_generation=178 owner_generation=178 owner=215987 vm_generation=1
INTEL_OWNER phase=owner_join_end vcpu_generation=178 owner_generation=178 owner=215987 vm_generation=1
INTEL_OWNER phase=owner_activate vcpu_generation=179 owner_generation=179 owner=215990 vm_generation=1
INTEL_OWNER phase=lease_acquire_end vcpu_generation=179 owner_generation=179 owner=215990 vm_generation=1
INTEL_OWNER phase=vcpu_create_begin vcpu_generation=179 owner_generation=179 owner=215990 vm_generation=1
INTEL_OWNER phase=vcpu_create_end vcpu_generation=179 owner_generation=179 owner=215990 vm_generation=1
[       OK ] HvfIntelProbe.InstructionOnly (19 ms)
[----------] 1 test from HvfIntelProbe (19 ms total)

[==========] 1 test from 1 test suite ran. (20 ms total)
[  PASSED  ] 1 test.

Repeating all tests (iteration 179) . . .

Note: Google Test filter = HvfIntelProbe.InstructionOnly
[==========] Running 1 test from 1 test suite.
[----------] 1 test from HvfIntelProbe
[ RUN      ] HvfIntelProbe.InstructionOnly
INTEL_PROBE phase=executor_initialization
INTEL_PROBE phase=executor_retained
INTEL_PROBE phase=startup_probe
INTEL_PROBE phase=ordinary_steps
INTEL_PROBE phase=instruction_retirement
INTEL_OWNER phase=replacement_parked vcpu_generation=180 owner_generation=180 owner=215991 vm_generation=1
INTEL_OWNER phase=vcpu_destroy_begin vcpu_generation=179 owner_generation=179 owner=215990 vm_generation=1
INTEL_OWNER phase=vcpu_destroy_end vcpu_generation=179 owner_generation=179 owner=215990 vm_generation=1
INTEL_OWNER phase=lease_release_end vcpu_generation=179 owner_generation=179 owner=215990 vm_generation=1
INTEL_OWNER phase=owner_join_begin vcpu_generation=179 owner_generation=179 owner=215990 vm_generation=1
INTEL_OWNER phase=owner_join_end vcpu_generation=179 owner_generation=179 owner=215990 vm_generation=1
INTEL_OWNER phase=owner_activate vcpu_generation=180 owner_generation=180 owner=215991 vm_generation=1
INTEL_OWNER phase=lease_acquire_end vcpu_generation=180 owner_generation=180 owner=215991 vm_generation=1
INTEL_OWNER phase=vcpu_create_begin vcpu_generation=180 owner_generation=180 owner=215991 vm_generation=1
INTEL_OWNER phase=vcpu_create_end vcpu_generation=180 owner_generation=180 owner=215991 vm_generation=1
[       OK ] HvfIntelProbe.InstructionOnly (19 ms)
[----------] 1 test from HvfIntelProbe (19 ms total)

[==========] 1 test from 1 test suite ran. (19 ms total)
[  PASSED  ] 1 test.

Repeating all tests (iteration 180) . . .

Note: Google Test filter = HvfIntelProbe.InstructionOnly
[==========] Running 1 test from 1 test suite.
[----------] 1 test from HvfIntelProbe
[ RUN      ] HvfIntelProbe.InstructionOnly
INTEL_PROBE phase=executor_initialization
INTEL_PROBE phase=executor_retained
INTEL_PROBE phase=startup_probe
INTEL_PROBE phase=ordinary_steps
INTEL_PROBE phase=instruction_retirement
INTEL_OWNER phase=replacement_parked vcpu_generation=181 owner_generation=181 owner=215992 vm_generation=1
INTEL_OWNER phase=vcpu_destroy_begin vcpu_generation=180 owner_generation=180 owner=215991 vm_generation=1
INTEL_OWNER phase=vcpu_destroy_end vcpu_generation=180 owner_generation=180 owner=215991 vm_generation=1
INTEL_OWNER phase=lease_release_end vcpu_generation=180 owner_generation=180 owner=215991 vm_generation=1
INTEL_OWNER phase=owner_join_begin vcpu_generation=180 owner_generation=180 owner=215991 vm_generation=1
INTEL_OWNER phase=owner_join_end vcpu_generation=180 owner_generation=180 owner=215991 vm_generation=1
INTEL_OWNER phase=owner_activate vcpu_generation=181 owner_generation=181 owner=215992 vm_generation=1
INTEL_OWNER phase=lease_acquire_end vcpu_generation=181 owner_generation=181 owner=215992 vm_generation=1
INTEL_OWNER phase=vcpu_create_begin vcpu_generation=181 owner_generation=181 owner=215992 vm_generation=1
INTEL_OWNER phase=vcpu_create_end vcpu_generation=181 owner_generation=181 owner=215992 vm_generation=1
[       OK ] HvfIntelProbe.InstructionOnly (17 ms)
[----------] 1 test from HvfIntelProbe (17 ms total)

[==========] 1 test from 1 test suite ran. (18 ms total)
[  PASSED  ] 1 test.

Repeating all tests (iteration 181) . . .

Note: Google Test filter = HvfIntelProbe.InstructionOnly
[==========] Running 1 test from 1 test suite.
[----------] 1 test from HvfIntelProbe
[ RUN      ] HvfIntelProbe.InstructionOnly
INTEL_PROBE phase=executor_initialization
INTEL_PROBE phase=executor_retained
INTEL_PROBE phase=startup_probe
INTEL_PROBE phase=ordinary_steps
INTEL_PROBE phase=instruction_retirement
INTEL_OWNER phase=replacement_parked vcpu_generation=182 owner_generation=182 owner=215993 vm_generation=1
INTEL_OWNER phase=vcpu_destroy_begin vcpu_generation=181 owner_generation=181 owner=215992 vm_generation=1
INTEL_OWNER phase=vcpu_destroy_end vcpu_generation=181 owner_generation=181 owner=215992 vm_generation=1
INTEL_OWNER phase=lease_release_end vcpu_generation=181 owner_generation=181 owner=215992 vm_generation=1
INTEL_OWNER phase=owner_join_begin vcpu_generation=181 owner_generation=181 owner=215992 vm_generation=1
INTEL_OWNER phase=owner_join_end vcpu_generation=181 owner_generation=181 owner=215992 vm_generation=1
INTEL_OWNER phase=owner_activate vcpu_generation=182 owner_generation=182 owner=215993 vm_generation=1
INTEL_OWNER phase=lease_acquire_end vcpu_generation=182 owner_generation=182 owner=215993 vm_generation=1
INTEL_OWNER phase=vcpu_create_begin vcpu_generation=182 owner_generation=182 owner=215993 vm_generation=1
INTEL_OWNER phase=vcpu_create_end vcpu_generation=182 owner_generation=182 owner=215993 vm_generation=1
[       OK ] HvfIntelProbe.InstructionOnly (18 ms)
[----------] 1 test from HvfIntelProbe (18 ms total)

[==========] 1 test from 1 test suite ran. (18 ms total)
[  PASSED  ] 1 test.

Repeating all tests (iteration 182) . . .

Note: Google Test filter = HvfIntelProbe.InstructionOnly
[==========] Running 1 test from 1 test suite.
[----------] 1 test from HvfIntelProbe
[ RUN      ] HvfIntelProbe.InstructionOnly
INTEL_PROBE phase=executor_initialization
INTEL_PROBE phase=executor_retained
INTEL_PROBE phase=startup_probe
INTEL_PROBE phase=ordinary_steps
INTEL_PROBE phase=instruction_retirement
INTEL_OWNER phase=replacement_parked vcpu_generation=183 owner_generation=183 owner=215999 vm_generation=1
INTEL_OWNER phase=vcpu_destroy_begin vcpu_generation=182 owner_generation=182 owner=215993 vm_generation=1
INTEL_OWNER phase=vcpu_destroy_end vcpu_generation=182 owner_generation=182 owner=215993 vm_generation=1
INTEL_OWNER phase=lease_release_end vcpu_generation=182 owner_generation=182 owner=215993 vm_generation=1
INTEL_OWNER phase=owner_join_begin vcpu_generation=182 owner_generation=182 owner=215993 vm_generation=1
INTEL_OWNER phase=owner_join_end vcpu_generation=182 owner_generation=182 owner=215993 vm_generation=1
INTEL_OWNER phase=owner_activate vcpu_generation=183 owner_generation=183 owner=215999 vm_generation=1
INTEL_OWNER phase=lease_acquire_end vcpu_generation=183 owner_generation=183 owner=215999 vm_generation=1
INTEL_OWNER phase=vcpu_create_begin vcpu_generation=183 owner_generation=183 owner=215999 vm_generation=1
INTEL_OWNER phase=vcpu_create_end vcpu_generation=183 owner_generation=183 owner=215999 vm_generation=1
[       OK ] HvfIntelProbe.InstructionOnly (19 ms)
[----------] 1 test from HvfIntelProbe (19 ms total)

[==========] 1 test from 1 test suite ran. (19 ms total)
[  PASSED  ] 1 test.

Repeating all tests (iteration 183) . . .

Note: Google Test filter = HvfIntelProbe.InstructionOnly
[==========] Running 1 test from 1 test suite.
[----------] 1 test from HvfIntelProbe
[ RUN      ] HvfIntelProbe.InstructionOnly
INTEL_PROBE phase=executor_initialization
INTEL_PROBE phase=executor_retained
INTEL_PROBE phase=startup_probe
INTEL_PROBE phase=ordinary_steps
INTEL_PROBE phase=instruction_retirement
INTEL_OWNER phase=replacement_parked vcpu_generation=184 owner_generation=184 owner=216000 vm_generation=1
INTEL_OWNER phase=vcpu_destroy_begin vcpu_generation=183 owner_generation=183 owner=215999 vm_generation=1
INTEL_OWNER phase=vcpu_destroy_end vcpu_generation=183 owner_generation=183 owner=215999 vm_generation=1
INTEL_OWNER phase=lease_release_end vcpu_generation=183 owner_generation=183 owner=215999 vm_generation=1
INTEL_OWNER phase=owner_join_begin vcpu_generation=183 owner_generation=183 owner=215999 vm_generation=1
INTEL_OWNER phase=owner_join_end vcpu_generation=183 owner_generation=183 owner=215999 vm_generation=1
INTEL_OWNER phase=owner_activate vcpu_generation=184 owner_generation=184 owner=216000 vm_generation=1
INTEL_OWNER phase=lease_acquire_end vcpu_generation=184 owner_generation=184 owner=216000 vm_generation=1
INTEL_OWNER phase=vcpu_create_begin vcpu_generation=184 owner_generation=184 owner=216000 vm_generation=1
INTEL_OWNER phase=vcpu_create_end vcpu_generation=184 owner_generation=184 owner=216000 vm_generation=1
[       OK ] HvfIntelProbe.InstructionOnly (18 ms)
[----------] 1 test from HvfIntelProbe (18 ms total)

[==========] 1 test from 1 test suite ran. (18 ms total)
[  PASSED  ] 1 test.

Repeating all tests (iteration 184) . . .

Note: Google Test filter = HvfIntelProbe.InstructionOnly
[==========] Running 1 test from 1 test suite.
[----------] 1 test from HvfIntelProbe
[ RUN      ] HvfIntelProbe.InstructionOnly
INTEL_PROBE phase=executor_initialization
INTEL_PROBE phase=executor_retained
INTEL_PROBE phase=startup_probe
INTEL_PROBE phase=ordinary_steps
INTEL_PROBE phase=instruction_retirement
INTEL_OWNER phase=replacement_parked vcpu_generation=185 owner_generation=185 owner=216002 vm_generation=1
INTEL_OWNER phase=vcpu_destroy_begin vcpu_generation=184 owner_generation=184 owner=216000 vm_generation=1
INTEL_OWNER phase=vcpu_destroy_end vcpu_generation=184 owner_generation=184 owner=216000 vm_generation=1
INTEL_OWNER phase=lease_release_end vcpu_generation=184 owner_generation=184 owner=216000 vm_generation=1
INTEL_OWNER phase=owner_join_begin vcpu_generation=184 owner_generation=184 owner=216000 vm_generation=1
INTEL_OWNER phase=owner_join_end vcpu_generation=184 owner_generation=184 owner=216000 vm_generation=1
INTEL_OWNER phase=owner_activate vcpu_generation=185 owner_generation=185 owner=216002 vm_generation=1
INTEL_OWNER phase=lease_acquire_end vcpu_generation=185 owner_generation=185 owner=216002 vm_generation=1
INTEL_OWNER phase=vcpu_create_begin vcpu_generation=185 owner_generation=185 owner=216002 vm_generation=1
INTEL_OWNER phase=vcpu_create_end vcpu_generation=185 owner_generation=185 owner=216002 vm_generation=1
[       OK ] HvfIntelProbe.InstructionOnly (18 ms)
[----------] 1 test from HvfIntelProbe (18 ms total)

[==========] 1 test from 1 test suite ran. (18 ms total)
[  PASSED  ] 1 test.

Repeating all tests (iteration 185) . . .

Note: Google Test filter = HvfIntelProbe.InstructionOnly
[==========] Running 1 test from 1 test suite.
[----------] 1 test from HvfIntelProbe
[ RUN      ] HvfIntelProbe.InstructionOnly
INTEL_PROBE phase=executor_initialization
INTEL_PROBE phase=executor_retained
INTEL_PROBE phase=startup_probe
INTEL_PROBE phase=ordinary_steps
INTEL_PROBE phase=instruction_retirement
INTEL_OWNER phase=replacement_parked vcpu_generation=186 owner_generation=186 owner=216003 vm_generation=1
INTEL_OWNER phase=vcpu_destroy_begin vcpu_generation=185 owner_generation=185 owner=216002 vm_generation=1
INTEL_OWNER phase=vcpu_destroy_end vcpu_generation=185 owner_generation=185 owner=216002 vm_generation=1
INTEL_OWNER phase=lease_release_end vcpu_generation=185 owner_generation=185 owner=216002 vm_generation=1
INTEL_OWNER phase=owner_join_begin vcpu_generation=185 owner_generation=185 owner=216002 vm_generation=1
INTEL_OWNER phase=owner_join_end vcpu_generation=185 owner_generation=185 owner=216002 vm_generation=1
INTEL_OWNER phase=owner_activate vcpu_generation=186 owner_generation=186 owner=216003 vm_generation=1
INTEL_OWNER phase=lease_acquire_end vcpu_generation=186 owner_generation=186 owner=216003 vm_generation=1
INTEL_OWNER phase=vcpu_create_begin vcpu_generation=186 owner_generation=186 owner=216003 vm_generation=1
INTEL_OWNER phase=vcpu_create_end vcpu_generation=186 owner_generation=186 owner=216003 vm_generation=1
[       OK ] HvfIntelProbe.InstructionOnly (19 ms)
[----------] 1 test from HvfIntelProbe (19 ms total)

[==========] 1 test from 1 test suite ran. (19 ms total)
[  PASSED  ] 1 test.

Repeating all tests (iteration 186) . . .

Note: Google Test filter = HvfIntelProbe.InstructionOnly
[==========] Running 1 test from 1 test suite.
[----------] 1 test from HvfIntelProbe
[ RUN      ] HvfIntelProbe.InstructionOnly
INTEL_PROBE phase=executor_initialization
INTEL_PROBE phase=executor_retained
INTEL_PROBE phase=startup_probe
INTEL_PROBE phase=ordinary_steps
INTEL_PROBE phase=instruction_retirement
INTEL_OWNER phase=replacement_parked vcpu_generation=187 owner_generation=187 owner=216004 vm_generation=1
INTEL_OWNER phase=vcpu_destroy_begin vcpu_generation=186 owner_generation=186 owner=216003 vm_generation=1
INTEL_OWNER phase=vcpu_destroy_end vcpu_generation=186 owner_generation=186 owner=216003 vm_generation=1
INTEL_OWNER phase=lease_release_end vcpu_generation=186 owner_generation=186 owner=216003 vm_generation=1
INTEL_OWNER phase=owner_join_begin vcpu_generation=186 owner_generation=186 owner=216003 vm_generation=1
INTEL_OWNER phase=owner_join_end vcpu_generation=186 owner_generation=186 owner=216003 vm_generation=1
INTEL_OWNER phase=owner_activate vcpu_generation=187 owner_generation=187 owner=216004 vm_generation=1
INTEL_OWNER phase=lease_acquire_end vcpu_generation=187 owner_generation=187 owner=216004 vm_generation=1
INTEL_OWNER phase=vcpu_create_begin vcpu_generation=187 owner_generation=187 owner=216004 vm_generation=1
INTEL_OWNER phase=vcpu_create_end vcpu_generation=187 owner_generation=187 owner=216004 vm_generation=1
[       OK ] HvfIntelProbe.InstructionOnly (19 ms)
[----------] 1 test from HvfIntelProbe (19 ms total)

[==========] 1 test from 1 test suite ran. (19 ms total)
[  PASSED  ] 1 test.

Repeating all tests (iteration 187) . . .

Note: Google Test filter = HvfIntelProbe.InstructionOnly
[==========] Running 1 test from 1 test suite.
[----------] 1 test from HvfIntelProbe
[ RUN      ] HvfIntelProbe.InstructionOnly
INTEL_PROBE phase=executor_initialization
INTEL_PROBE phase=executor_retained
INTEL_PROBE phase=startup_probe
INTEL_PROBE phase=ordinary_steps
INTEL_PROBE phase=instruction_retirement
INTEL_OWNER phase=replacement_parked vcpu_generation=188 owner_generation=188 owner=216007 vm_generation=1
INTEL_OWNER phase=vcpu_destroy_begin vcpu_generation=187 owner_generation=187 owner=216004 vm_generation=1
INTEL_OWNER phase=vcpu_destroy_end vcpu_generation=187 owner_generation=187 owner=216004 vm_generation=1
INTEL_OWNER phase=lease_release_end vcpu_generation=187 owner_generation=187 owner=216004 vm_generation=1
INTEL_OWNER phase=owner_join_begin vcpu_generation=187 owner_generation=187 owner=216004 vm_generation=1
INTEL_OWNER phase=owner_join_end vcpu_generation=187 owner_generation=187 owner=216004 vm_generation=1
INTEL_OWNER phase=owner_activate vcpu_generation=188 owner_generation=188 owner=216007 vm_generation=1
INTEL_OWNER phase=lease_acquire_end vcpu_generation=188 owner_generation=188 owner=216007 vm_generation=1
INTEL_OWNER phase=vcpu_create_begin vcpu_generation=188 owner_generation=188 owner=216007 vm_generation=1
INTEL_OWNER phase=vcpu_create_end vcpu_generation=188 owner_generation=188 owner=216007 vm_generation=1
[       OK ] HvfIntelProbe.InstructionOnly (19 ms)
[----------] 1 test from HvfIntelProbe (19 ms total)

[==========] 1 test from 1 test suite ran. (19 ms total)
[  PASSED  ] 1 test.

Repeating all tests (iteration 188) . . .

Note: Google Test filter = HvfIntelProbe.InstructionOnly
[==========] Running 1 test from 1 test suite.
[----------] 1 test from HvfIntelProbe
[ RUN      ] HvfIntelProbe.InstructionOnly
INTEL_PROBE phase=executor_initialization
INTEL_PROBE phase=executor_retained
INTEL_PROBE phase=startup_probe
INTEL_PROBE phase=ordinary_steps
INTEL_PROBE phase=instruction_retirement
INTEL_OWNER phase=replacement_parked vcpu_generation=189 owner_generation=189 owner=216009 vm_generation=1
INTEL_OWNER phase=vcpu_destroy_begin vcpu_generation=188 owner_generation=188 owner=216007 vm_generation=1
INTEL_OWNER phase=vcpu_destroy_end vcpu_generation=188 owner_generation=188 owner=216007 vm_generation=1
INTEL_OWNER phase=lease_release_end vcpu_generation=188 owner_generation=188 owner=216007 vm_generation=1
INTEL_OWNER phase=owner_join_begin vcpu_generation=188 owner_generation=188 owner=216007 vm_generation=1
INTEL_OWNER phase=owner_join_end vcpu_generation=188 owner_generation=188 owner=216007 vm_generation=1
INTEL_OWNER phase=owner_activate vcpu_generation=189 owner_generation=189 owner=216009 vm_generation=1
INTEL_OWNER phase=lease_acquire_end vcpu_generation=189 owner_generation=189 owner=216009 vm_generation=1
INTEL_OWNER phase=vcpu_create_begin vcpu_generation=189 owner_generation=189 owner=216009 vm_generation=1
INTEL_OWNER phase=vcpu_create_end vcpu_generation=189 owner_generation=189 owner=216009 vm_generation=1
[       OK ] HvfIntelProbe.InstructionOnly (19 ms)
[----------] 1 test from HvfIntelProbe (19 ms total)

[==========] 1 test from 1 test suite ran. (19 ms total)
[  PASSED  ] 1 test.

Repeating all tests (iteration 189) . . .

Note: Google Test filter = HvfIntelProbe.InstructionOnly
[==========] Running 1 test from 1 test suite.
[----------] 1 test from HvfIntelProbe
[ RUN      ] HvfIntelProbe.InstructionOnly
INTEL_PROBE phase=executor_initialization
INTEL_PROBE phase=executor_retained
INTEL_PROBE phase=startup_probe
INTEL_PROBE phase=ordinary_steps
INTEL_PROBE phase=instruction_retirement
INTEL_OWNER phase=replacement_parked vcpu_generation=190 owner_generation=190 owner=216010 vm_generation=1
INTEL_OWNER phase=vcpu_destroy_begin vcpu_generation=189 owner_generation=189 owner=216009 vm_generation=1
INTEL_OWNER phase=vcpu_destroy_end vcpu_generation=189 owner_generation=189 owner=216009 vm_generation=1
INTEL_OWNER phase=lease_release_end vcpu_generation=189 owner_generation=189 owner=216009 vm_generation=1
INTEL_OWNER phase=owner_join_begin vcpu_generation=189 owner_generation=189 owner=216009 vm_generation=1
INTEL_OWNER phase=owner_join_end vcpu_generation=189 owner_generation=189 owner=216009 vm_generation=1
INTEL_OWNER phase=owner_activate vcpu_generation=190 owner_generation=190 owner=216010 vm_generation=1
INTEL_OWNER phase=lease_acquire_end vcpu_generation=190 owner_generation=190 owner=216010 vm_generation=1
INTEL_OWNER phase=vcpu_create_begin vcpu_generation=190 owner_generation=190 owner=216010 vm_generation=1
INTEL_OWNER phase=vcpu_create_end vcpu_generation=190 owner_generation=190 owner=216010 vm_generation=1
[       OK ] HvfIntelProbe.InstructionOnly (19 ms)
[----------] 1 test from HvfIntelProbe (19 ms total)

[==========] 1 test from 1 test suite ran. (19 ms total)
[  PASSED  ] 1 test.

Repeating all tests (iteration 190) . . .

Note: Google Test filter = HvfIntelProbe.InstructionOnly
[==========] Running 1 test from 1 test suite.
[----------] 1 test from HvfIntelProbe
[ RUN      ] HvfIntelProbe.InstructionOnly
INTEL_PROBE phase=executor_initialization
INTEL_PROBE phase=executor_retained
INTEL_PROBE phase=startup_probe
INTEL_PROBE phase=ordinary_steps
INTEL_PROBE phase=instruction_retirement
INTEL_OWNER phase=replacement_parked vcpu_generation=191 owner_generation=191 owner=216011 vm_generation=1
INTEL_OWNER phase=vcpu_destroy_begin vcpu_generation=190 owner_generation=190 owner=216010 vm_generation=1
INTEL_OWNER phase=vcpu_destroy_end vcpu_generation=190 owner_generation=190 owner=216010 vm_generation=1
INTEL_OWNER phase=lease_release_end vcpu_generation=190 owner_generation=190 owner=216010 vm_generation=1
INTEL_OWNER phase=owner_join_begin vcpu_generation=190 owner_generation=190 owner=216010 vm_generation=1
INTEL_OWNER phase=owner_join_end vcpu_generation=190 owner_generation=190 owner=216010 vm_generation=1
INTEL_OWNER phase=owner_activate vcpu_generation=191 owner_generation=191 owner=216011 vm_generation=1
INTEL_OWNER phase=lease_acquire_end vcpu_generation=191 owner_generation=191 owner=216011 vm_generation=1
INTEL_OWNER phase=vcpu_create_begin vcpu_generation=191 owner_generation=191 owner=216011 vm_generation=1
INTEL_OWNER phase=vcpu_create_end vcpu_generation=191 owner_generation=191 owner=216011 vm_generation=1
[       OK ] HvfIntelProbe.InstructionOnly (19 ms)
[----------] 1 test from HvfIntelProbe (19 ms total)

[==========] 1 test from 1 test suite ran. (19 ms total)
[  PASSED  ] 1 test.

Repeating all tests (iteration 191) . . .

Note: Google Test filter = HvfIntelProbe.InstructionOnly
[==========] Running 1 test from 1 test suite.
[----------] 1 test from HvfIntelProbe
[ RUN      ] HvfIntelProbe.InstructionOnly
INTEL_PROBE phase=executor_initialization
INTEL_PROBE phase=executor_retained
INTEL_PROBE phase=startup_probe
INTEL_PROBE phase=ordinary_steps
INTEL_PROBE phase=instruction_retirement
INTEL_OWNER phase=replacement_parked vcpu_generation=192 owner_generation=192 owner=216012 vm_generation=1
INTEL_OWNER phase=vcpu_destroy_begin vcpu_generation=191 owner_generation=191 owner=216011 vm_generation=1
INTEL_OWNER phase=vcpu_destroy_end vcpu_generation=191 owner_generation=191 owner=216011 vm_generation=1
INTEL_OWNER phase=lease_release_end vcpu_generation=191 owner_generation=191 owner=216011 vm_generation=1
INTEL_OWNER phase=owner_join_begin vcpu_generation=191 owner_generation=191 owner=216011 vm_generation=1
INTEL_OWNER phase=owner_join_end vcpu_generation=191 owner_generation=191 owner=216011 vm_generation=1
INTEL_OWNER phase=owner_activate vcpu_generation=192 owner_generation=192 owner=216012 vm_generation=1
INTEL_OWNER phase=lease_acquire_end vcpu_generation=192 owner_generation=192 owner=216012 vm_generation=1
INTEL_OWNER phase=vcpu_create_begin vcpu_generation=192 owner_generation=192 owner=216012 vm_generation=1
INTEL_OWNER phase=vcpu_create_end vcpu_generation=192 owner_generation=192 owner=216012 vm_generation=1
[       OK ] HvfIntelProbe.InstructionOnly (18 ms)
[----------] 1 test from HvfIntelProbe (18 ms total)

[==========] 1 test from 1 test suite ran. (18 ms total)
[  PASSED  ] 1 test.

Repeating all tests (iteration 192) . . .

Note: Google Test filter = HvfIntelProbe.InstructionOnly
[==========] Running 1 test from 1 test suite.
[----------] 1 test from HvfIntelProbe
[ RUN      ] HvfIntelProbe.InstructionOnly
INTEL_PROBE phase=executor_initialization
INTEL_PROBE phase=executor_retained
INTEL_PROBE phase=startup_probe
INTEL_PROBE phase=ordinary_steps
INTEL_PROBE phase=instruction_retirement
INTEL_OWNER phase=replacement_parked vcpu_generation=193 owner_generation=193 owner=216013 vm_generation=1
INTEL_OWNER phase=vcpu_destroy_begin vcpu_generation=192 owner_generation=192 owner=216012 vm_generation=1
INTEL_OWNER phase=vcpu_destroy_end vcpu_generation=192 owner_generation=192 owner=216012 vm_generation=1
INTEL_OWNER phase=lease_release_end vcpu_generation=192 owner_generation=192 owner=216012 vm_generation=1
INTEL_OWNER phase=owner_join_begin vcpu_generation=192 owner_generation=192 owner=216012 vm_generation=1
INTEL_OWNER phase=owner_join_end vcpu_generation=192 owner_generation=192 owner=216012 vm_generation=1
INTEL_OWNER phase=owner_activate vcpu_generation=193 owner_generation=193 owner=216013 vm_generation=1
INTEL_OWNER phase=lease_acquire_end vcpu_generation=193 owner_generation=193 owner=216013 vm_generation=1
INTEL_OWNER phase=vcpu_create_begin vcpu_generation=193 owner_generation=193 owner=216013 vm_generation=1
INTEL_OWNER phase=vcpu_create_end vcpu_generation=193 owner_generation=193 owner=216013 vm_generation=1
[       OK ] HvfIntelProbe.InstructionOnly (17 ms)
[----------] 1 test from HvfIntelProbe (17 ms total)

[==========] 1 test from 1 test suite ran. (17 ms total)
[  PASSED  ] 1 test.

Repeating all tests (iteration 193) . . .

Note: Google Test filter = HvfIntelProbe.InstructionOnly
[==========] Running 1 test from 1 test suite.
[----------] 1 test from HvfIntelProbe
[ RUN      ] HvfIntelProbe.InstructionOnly
INTEL_PROBE phase=executor_initialization
INTEL_PROBE phase=executor_retained
INTEL_PROBE phase=startup_probe
INTEL_PROBE phase=ordinary_steps
INTEL_PROBE phase=instruction_retirement
INTEL_OWNER phase=replacement_parked vcpu_generation=194 owner_generation=194 owner=216015 vm_generation=1
INTEL_OWNER phase=vcpu_destroy_begin vcpu_generation=193 owner_generation=193 owner=216013 vm_generation=1
INTEL_OWNER phase=vcpu_destroy_end vcpu_generation=193 owner_generation=193 owner=216013 vm_generation=1
INTEL_OWNER phase=lease_release_end vcpu_generation=193 owner_generation=193 owner=216013 vm_generation=1
INTEL_OWNER phase=owner_join_begin vcpu_generation=193 owner_generation=193 owner=216013 vm_generation=1
INTEL_OWNER phase=owner_join_end vcpu_generation=193 owner_generation=193 owner=216013 vm_generation=1
INTEL_OWNER phase=owner_activate vcpu_generation=194 owner_generation=194 owner=216015 vm_generation=1
INTEL_OWNER phase=lease_acquire_end vcpu_generation=194 owner_generation=194 owner=216015 vm_generation=1
INTEL_OWNER phase=vcpu_create_begin vcpu_generation=194 owner_generation=194 owner=216015 vm_generation=1
INTEL_OWNER phase=vcpu_create_end vcpu_generation=194 owner_generation=194 owner=216015 vm_generation=1
[       OK ] HvfIntelProbe.InstructionOnly (19 ms)
[----------] 1 test from HvfIntelProbe (19 ms total)

[==========] 1 test from 1 test suite ran. (19 ms total)
[  PASSED  ] 1 test.

Repeating all tests (iteration 194) . . .

Note: Google Test filter = HvfIntelProbe.InstructionOnly
[==========] Running 1 test from 1 test suite.
[----------] 1 test from HvfIntelProbe
[ RUN      ] HvfIntelProbe.InstructionOnly
INTEL_PROBE phase=executor_initialization
INTEL_PROBE phase=executor_retained
INTEL_PROBE phase=startup_probe
INTEL_PROBE phase=ordinary_steps
INTEL_PROBE phase=instruction_retirement
INTEL_OWNER phase=replacement_parked vcpu_generation=195 owner_generation=195 owner=216017 vm_generation=1
INTEL_OWNER phase=vcpu_destroy_begin vcpu_generation=194 owner_generation=194 owner=216015 vm_generation=1
INTEL_OWNER phase=vcpu_destroy_end vcpu_generation=194 owner_generation=194 owner=216015 vm_generation=1
INTEL_OWNER phase=lease_release_end vcpu_generation=194 owner_generation=194 owner=216015 vm_generation=1
INTEL_OWNER phase=owner_join_begin vcpu_generation=194 owner_generation=194 owner=216015 vm_generation=1
INTEL_OWNER phase=owner_join_end vcpu_generation=194 owner_generation=194 owner=216015 vm_generation=1
INTEL_OWNER phase=owner_activate vcpu_generation=195 owner_generation=195 owner=216017 vm_generation=1
INTEL_OWNER phase=lease_acquire_end vcpu_generation=195 owner_generation=195 owner=216017 vm_generation=1
INTEL_OWNER phase=vcpu_create_begin vcpu_generation=195 owner_generation=195 owner=216017 vm_generation=1
INTEL_OWNER phase=vcpu_create_end vcpu_generation=195 owner_generation=195 owner=216017 vm_generation=1
[       OK ] HvfIntelProbe.InstructionOnly (18 ms)
[----------] 1 test from HvfIntelProbe (18 ms total)

[==========] 1 test from 1 test suite ran. (18 ms total)
[  PASSED  ] 1 test.

Repeating all tests (iteration 195) . . .

Note: Google Test filter = HvfIntelProbe.InstructionOnly
[==========] Running 1 test from 1 test suite.
[----------] 1 test from HvfIntelProbe
[ RUN      ] HvfIntelProbe.InstructionOnly
INTEL_PROBE phase=executor_initialization
INTEL_PROBE phase=executor_retained
INTEL_PROBE phase=startup_probe
INTEL_PROBE phase=ordinary_steps
INTEL_PROBE phase=instruction_retirement
INTEL_OWNER phase=replacement_parked vcpu_generation=196 owner_generation=196 owner=216018 vm_generation=1
INTEL_OWNER phase=vcpu_destroy_begin vcpu_generation=195 owner_generation=195 owner=216017 vm_generation=1
INTEL_OWNER phase=vcpu_destroy_end vcpu_generation=195 owner_generation=195 owner=216017 vm_generation=1
INTEL_OWNER phase=lease_release_end vcpu_generation=195 owner_generation=195 owner=216017 vm_generation=1
INTEL_OWNER phase=owner_join_begin vcpu_generation=195 owner_generation=195 owner=216017 vm_generation=1
INTEL_OWNER phase=owner_join_end vcpu_generation=195 owner_generation=195 owner=216017 vm_generation=1
INTEL_OWNER phase=owner_activate vcpu_generation=196 owner_generation=196 owner=216018 vm_generation=1
INTEL_OWNER phase=lease_acquire_end vcpu_generation=196 owner_generation=196 owner=216018 vm_generation=1
INTEL_OWNER phase=vcpu_create_begin vcpu_generation=196 owner_generation=196 owner=216018 vm_generation=1
INTEL_OWNER phase=vcpu_create_end vcpu_generation=196 owner_generation=196 owner=216018 vm_generation=1
[       OK ] HvfIntelProbe.InstructionOnly (16 ms)
[----------] 1 test from HvfIntelProbe (16 ms total)

[==========] 1 test from 1 test suite ran. (16 ms total)
[  PASSED  ] 1 test.

Repeating all tests (iteration 196) . . .

Note: Google Test filter = HvfIntelProbe.InstructionOnly
[==========] Running 1 test from 1 test suite.
[----------] 1 test from HvfIntelProbe
[ RUN      ] HvfIntelProbe.InstructionOnly
INTEL_PROBE phase=executor_initialization
INTEL_PROBE phase=executor_retained
INTEL_PROBE phase=startup_probe
INTEL_PROBE phase=ordinary_steps
INTEL_PROBE phase=instruction_retirement
INTEL_OWNER phase=replacement_parked vcpu_generation=197 owner_generation=197 owner=216019 vm_generation=1
INTEL_OWNER phase=vcpu_destroy_begin vcpu_generation=196 owner_generation=196 owner=216018 vm_generation=1
INTEL_OWNER phase=vcpu_destroy_end vcpu_generation=196 owner_generation=196 owner=216018 vm_generation=1
INTEL_OWNER phase=lease_release_end vcpu_generation=196 owner_generation=196 owner=216018 vm_generation=1
INTEL_OWNER phase=owner_join_begin vcpu_generation=196 owner_generation=196 owner=216018 vm_generation=1
INTEL_OWNER phase=owner_join_end vcpu_generation=196 owner_generation=196 owner=216018 vm_generation=1
INTEL_OWNER phase=owner_activate vcpu_generation=197 owner_generation=197 owner=216019 vm_generation=1
INTEL_OWNER phase=lease_acquire_end vcpu_generation=197 owner_generation=197 owner=216019 vm_generation=1
INTEL_OWNER phase=vcpu_create_begin vcpu_generation=197 owner_generation=197 owner=216019 vm_generation=1
INTEL_OWNER phase=vcpu_create_end vcpu_generation=197 owner_generation=197 owner=216019 vm_generation=1
[       OK ] HvfIntelProbe.InstructionOnly (18 ms)
[----------] 1 test from HvfIntelProbe (18 ms total)

[==========] 1 test from 1 test suite ran. (19 ms total)
[  PASSED  ] 1 test.

Repeating all tests (iteration 197) . . .

Note: Google Test filter = HvfIntelProbe.InstructionOnly
[==========] Running 1 test from 1 test suite.
[----------] 1 test from HvfIntelProbe
[ RUN      ] HvfIntelProbe.InstructionOnly
INTEL_PROBE phase=executor_initialization
INTEL_PROBE phase=executor_retained
INTEL_PROBE phase=startup_probe
INTEL_PROBE phase=ordinary_steps
INTEL_PROBE phase=instruction_retirement
INTEL_OWNER phase=replacement_parked vcpu_generation=198 owner_generation=198 owner=216020 vm_generation=1
INTEL_OWNER phase=vcpu_destroy_begin vcpu_generation=197 owner_generation=197 owner=216019 vm_generation=1
INTEL_OWNER phase=vcpu_destroy_end vcpu_generation=197 owner_generation=197 owner=216019 vm_generation=1
INTEL_OWNER phase=lease_release_end vcpu_generation=197 owner_generation=197 owner=216019 vm_generation=1
INTEL_OWNER phase=owner_join_begin vcpu_generation=197 owner_generation=197 owner=216019 vm_generation=1
INTEL_OWNER phase=owner_join_end vcpu_generation=197 owner_generation=197 owner=216019 vm_generation=1
INTEL_OWNER phase=owner_activate vcpu_generation=198 owner_generation=198 owner=216020 vm_generation=1
INTEL_OWNER phase=lease_acquire_end vcpu_generation=198 owner_generation=198 owner=216020 vm_generation=1
INTEL_OWNER phase=vcpu_create_begin vcpu_generation=198 owner_generation=198 owner=216020 vm_generation=1
INTEL_OWNER phase=vcpu_create_end vcpu_generation=198 owner_generation=198 owner=216020 vm_generation=1
[       OK ] HvfIntelProbe.InstructionOnly (19 ms)
[----------] 1 test from HvfIntelProbe (19 ms total)

[==========] 1 test from 1 test suite ran. (19 ms total)
[  PASSED  ] 1 test.

Repeating all tests (iteration 198) . . .

Note: Google Test filter = HvfIntelProbe.InstructionOnly
[==========] Running 1 test from 1 test suite.
[----------] 1 test from HvfIntelProbe
[ RUN      ] HvfIntelProbe.InstructionOnly
INTEL_PROBE phase=executor_initialization
INTEL_PROBE phase=executor_retained
INTEL_PROBE phase=startup_probe
INTEL_PROBE phase=ordinary_steps
INTEL_PROBE phase=instruction_retirement
INTEL_OWNER phase=replacement_parked vcpu_generation=199 owner_generation=199 owner=216025 vm_generation=1
INTEL_OWNER phase=vcpu_destroy_begin vcpu_generation=198 owner_generation=198 owner=216020 vm_generation=1
INTEL_OWNER phase=vcpu_destroy_end vcpu_generation=198 owner_generation=198 owner=216020 vm_generation=1
INTEL_OWNER phase=lease_release_end vcpu_generation=198 owner_generation=198 owner=216020 vm_generation=1
INTEL_OWNER phase=owner_join_begin vcpu_generation=198 owner_generation=198 owner=216020 vm_generation=1
INTEL_OWNER phase=owner_join_end vcpu_generation=198 owner_generation=198 owner=216020 vm_generation=1
INTEL_OWNER phase=owner_activate vcpu_generation=199 owner_generation=199 owner=216025 vm_generation=1
INTEL_OWNER phase=lease_acquire_end vcpu_generation=199 owner_generation=199 owner=216025 vm_generation=1
INTEL_OWNER phase=vcpu_create_begin vcpu_generation=199 owner_generation=199 owner=216025 vm_generation=1
INTEL_OWNER phase=vcpu_create_end vcpu_generation=199 owner_generation=199 owner=216025 vm_generation=1
[       OK ] HvfIntelProbe.InstructionOnly (18 ms)
[----------] 1 test from HvfIntelProbe (18 ms total)

[==========] 1 test from 1 test suite ran. (18 ms total)
[  PASSED  ] 1 test.

Repeating all tests (iteration 199) . . .

Note: Google Test filter = HvfIntelProbe.InstructionOnly
[==========] Running 1 test from 1 test suite.
[----------] 1 test from HvfIntelProbe
[ RUN      ] HvfIntelProbe.InstructionOnly
INTEL_PROBE phase=executor_initialization
INTEL_PROBE phase=executor_retained
INTEL_PROBE phase=startup_probe
INTEL_PROBE phase=ordinary_steps
INTEL_PROBE phase=instruction_retirement
INTEL_OWNER phase=replacement_parked vcpu_generation=200 owner_generation=200 owner=216026 vm_generation=1
INTEL_OWNER phase=vcpu_destroy_begin vcpu_generation=199 owner_generation=199 owner=216025 vm_generation=1
INTEL_OWNER phase=vcpu_destroy_end vcpu_generation=199 owner_generation=199 owner=216025 vm_generation=1
INTEL_OWNER phase=lease_release_end vcpu_generation=199 owner_generation=199 owner=216025 vm_generation=1
INTEL_OWNER phase=owner_join_begin vcpu_generation=199 owner_generation=199 owner=216025 vm_generation=1
INTEL_OWNER phase=owner_join_end vcpu_generation=199 owner_generation=199 owner=216025 vm_generation=1
INTEL_OWNER phase=owner_activate vcpu_generation=200 owner_generation=200 owner=216026 vm_generation=1
INTEL_OWNER phase=lease_acquire_end vcpu_generation=200 owner_generation=200 owner=216026 vm_generation=1
INTEL_OWNER phase=vcpu_create_begin vcpu_generation=200 owner_generation=200 owner=216026 vm_generation=1
INTEL_OWNER phase=vcpu_create_end vcpu_generation=200 owner_generation=200 owner=216026 vm_generation=1
[       OK ] HvfIntelProbe.InstructionOnly (19 ms)
[----------] 1 test from HvfIntelProbe (19 ms total)

[==========] 1 test from 1 test suite ran. (19 ms total)
[  PASSED  ] 1 test.

Repeating all tests (iteration 200) . . .

Note: Google Test filter = HvfIntelProbe.InstructionOnly
[==========] Running 1 test from 1 test suite.
[----------] 1 test from HvfIntelProbe
[ RUN      ] HvfIntelProbe.InstructionOnly
INTEL_PROBE phase=executor_initialization
INTEL_PROBE phase=executor_retained
INTEL_PROBE phase=startup_probe
INTEL_PROBE phase=ordinary_steps
INTEL_PROBE phase=instruction_retirement
INTEL_OWNER phase=replacement_parked vcpu_generation=201 owner_generation=201 owner=216027 vm_generation=1
INTEL_OWNER phase=vcpu_destroy_begin vcpu_generation=200 owner_generation=200 owner=216026 vm_generation=1
INTEL_OWNER phase=vcpu_destroy_end vcpu_generation=200 owner_generation=200 owner=216026 vm_generation=1
INTEL_OWNER phase=lease_release_end vcpu_generation=200 owner_generation=200 owner=216026 vm_generation=1
INTEL_OWNER phase=owner_join_begin vcpu_generation=200 owner_generation=200 owner=216026 vm_generation=1
INTEL_OWNER phase=owner_join_end vcpu_generation=200 owner_generation=200 owner=216026 vm_generation=1
INTEL_OWNER phase=owner_activate vcpu_generation=201 owner_generation=201 owner=216027 vm_generation=1
INTEL_OWNER phase=lease_acquire_end vcpu_generation=201 owner_generation=201 owner=216027 vm_generation=1
INTEL_OWNER phase=vcpu_create_begin vcpu_generation=201 owner_generation=201 owner=216027 vm_generation=1
INTEL_OWNER phase=vcpu_create_end vcpu_generation=201 owner_generation=201 owner=216027 vm_generation=1
[       OK ] HvfIntelProbe.InstructionOnly (20 ms)
[----------] 1 test from HvfIntelProbe (20 ms total)

[==========] 1 test from 1 test suite ran. (20 ms total)
[  PASSED  ] 1 test.

Repeating all tests (iteration 201) . . .

Note: Google Test filter = HvfIntelProbe.InstructionOnly
[==========] Running 1 test from 1 test suite.
[----------] 1 test from HvfIntelProbe
[ RUN      ] HvfIntelProbe.InstructionOnly
INTEL_PROBE phase=executor_initialization
INTEL_PROBE phase=executor_retained
INTEL_PROBE phase=startup_probe
INTEL_PROBE phase=ordinary_steps
INTEL_PROBE phase=instruction_retirement
INTEL_OWNER phase=replacement_parked vcpu_generation=202 owner_generation=202 owner=216028 vm_generation=1
INTEL_OWNER phase=vcpu_destroy_begin vcpu_generation=201 owner_generation=201 owner=216027 vm_generation=1
INTEL_OWNER phase=vcpu_destroy_end vcpu_generation=201 owner_generation=201 owner=216027 vm_generation=1
INTEL_OWNER phase=lease_release_end vcpu_generation=201 owner_generation=201 owner=216027 vm_generation=1
INTEL_OWNER phase=owner_join_begin vcpu_generation=201 owner_generation=201 owner=216027 vm_generation=1
INTEL_OWNER phase=owner_join_end vcpu_generation=201 owner_generation=201 owner=216027 vm_generation=1
INTEL_OWNER phase=owner_activate vcpu_generation=202 owner_generation=202 owner=216028 vm_generation=1
INTEL_OWNER phase=lease_acquire_end vcpu_generation=202 owner_generation=202 owner=216028 vm_generation=1
INTEL_OWNER phase=vcpu_create_begin vcpu_generation=202 owner_generation=202 owner=216028 vm_generation=1
INTEL_OWNER phase=vcpu_create_end vcpu_generation=202 owner_generation=202 owner=216028 vm_generation=1
[       OK ] HvfIntelProbe.InstructionOnly (17 ms)
[----------] 1 test from HvfIntelProbe (17 ms total)

[==========] 1 test from 1 test suite ran. (17 ms total)
[  PASSED  ] 1 test.

Repeating all tests (iteration 202) . . .

Note: Google Test filter = HvfIntelProbe.InstructionOnly
[==========] Running 1 test from 1 test suite.
[----------] 1 test from HvfIntelProbe
[ RUN      ] HvfIntelProbe.InstructionOnly
INTEL_PROBE phase=executor_initialization
INTEL_PROBE phase=executor_retained
INTEL_PROBE phase=startup_probe
INTEL_PROBE phase=ordinary_steps
INTEL_PROBE phase=instruction_retirement
INTEL_OWNER phase=replacement_parked vcpu_generation=203 owner_generation=203 owner=216030 vm_generation=1
INTEL_OWNER phase=vcpu_destroy_begin vcpu_generation=202 owner_generation=202 owner=216028 vm_generation=1
INTEL_OWNER phase=vcpu_destroy_end vcpu_generation=202 owner_generation=202 owner=216028 vm_generation=1
INTEL_OWNER phase=lease_release_end vcpu_generation=202 owner_generation=202 owner=216028 vm_generation=1
INTEL_OWNER phase=owner_join_begin vcpu_generation=202 owner_generation=202 owner=216028 vm_generation=1
INTEL_OWNER phase=owner_join_end vcpu_generation=202 owner_generation=202 owner=216028 vm_generation=1
INTEL_OWNER phase=owner_activate vcpu_generation=203 owner_generation=203 owner=216030 vm_generation=1
INTEL_OWNER phase=lease_acquire_end vcpu_generation=203 owner_generation=203 owner=216030 vm_generation=1
INTEL_OWNER phase=vcpu_create_begin vcpu_generation=203 owner_generation=203 owner=216030 vm_generation=1
INTEL_OWNER phase=vcpu_create_end vcpu_generation=203 owner_generation=203 owner=216030 vm_generation=1
[       OK ] HvfIntelProbe.InstructionOnly (20 ms)
[----------] 1 test from HvfIntelProbe (20 ms total)

[==========] 1 test from 1 test suite ran. (20 ms total)
[  PASSED  ] 1 test.

Repeating all tests (iteration 203) . . .

Note: Google Test filter = HvfIntelProbe.InstructionOnly
[==========] Running 1 test from 1 test suite.
[----------] 1 test from HvfIntelProbe
[ RUN      ] HvfIntelProbe.InstructionOnly
INTEL_PROBE phase=executor_initialization
INTEL_PROBE phase=executor_retained
INTEL_PROBE phase=startup_probe
INTEL_PROBE phase=ordinary_steps
INTEL_PROBE phase=instruction_retirement
INTEL_OWNER phase=replacement_parked vcpu_generation=204 owner_generation=204 owner=216031 vm_generation=1
INTEL_OWNER phase=vcpu_destroy_begin vcpu_generation=203 owner_generation=203 owner=216030 vm_generation=1
INTEL_OWNER phase=vcpu_destroy_end vcpu_generation=203 owner_generation=203 owner=216030 vm_generation=1
INTEL_OWNER phase=lease_release_end vcpu_generation=203 owner_generation=203 owner=216030 vm_generation=1
INTEL_OWNER phase=owner_join_begin vcpu_generation=203 owner_generation=203 owner=216030 vm_generation=1
INTEL_OWNER phase=owner_join_end vcpu_generation=203 owner_generation=203 owner=216030 vm_generation=1
INTEL_OWNER phase=owner_activate vcpu_generation=204 owner_generation=204 owner=216031 vm_generation=1
INTEL_OWNER phase=lease_acquire_end vcpu_generation=204 owner_generation=204 owner=216031 vm_generation=1
INTEL_OWNER phase=vcpu_create_begin vcpu_generation=204 owner_generation=204 owner=216031 vm_generation=1
INTEL_OWNER phase=vcpu_create_end vcpu_generation=204 owner_generation=204 owner=216031 vm_generation=1
[       OK ] HvfIntelProbe.InstructionOnly (19 ms)
[----------] 1 test from HvfIntelProbe (19 ms total)

[==========] 1 test from 1 test suite ran. (19 ms total)
[  PASSED  ] 1 test.

Repeating all tests (iteration 204) . . .

Note: Google Test filter = HvfIntelProbe.InstructionOnly
[==========] Running 1 test from 1 test suite.
[----------] 1 test from HvfIntelProbe
[ RUN      ] HvfIntelProbe.InstructionOnly
INTEL_PROBE phase=executor_initialization
INTEL_PROBE phase=executor_retained
INTEL_PROBE phase=startup_probe
INTEL_PROBE phase=ordinary_steps
INTEL_PROBE phase=instruction_retirement
INTEL_OWNER phase=replacement_parked vcpu_generation=205 owner_generation=205 owner=216032 vm_generation=1
INTEL_OWNER phase=vcpu_destroy_begin vcpu_generation=204 owner_generation=204 owner=216031 vm_generation=1
INTEL_OWNER phase=vcpu_destroy_end vcpu_generation=204 owner_generation=204 owner=216031 vm_generation=1
INTEL_OWNER phase=lease_release_end vcpu_generation=204 owner_generation=204 owner=216031 vm_generation=1
INTEL_OWNER phase=owner_join_begin vcpu_generation=204 owner_generation=204 owner=216031 vm_generation=1
INTEL_OWNER phase=owner_join_end vcpu_generation=204 owner_generation=204 owner=216031 vm_generation=1
INTEL_OWNER phase=owner_activate vcpu_generation=205 owner_generation=205 owner=216032 vm_generation=1
INTEL_OWNER phase=lease_acquire_end vcpu_generation=205 owner_generation=205 owner=216032 vm_generation=1
INTEL_OWNER phase=vcpu_create_begin vcpu_generation=205 owner_generation=205 owner=216032 vm_generation=1
INTEL_OWNER phase=vcpu_create_end vcpu_generation=205 owner_generation=205 owner=216032 vm_generation=1
[       OK ] HvfIntelProbe.InstructionOnly (20 ms)
[----------] 1 test from HvfIntelProbe (20 ms total)

[==========] 1 test from 1 test suite ran. (20 ms total)
[  PASSED  ] 1 test.

Repeating all tests (iteration 205) . . .

Note: Google Test filter = HvfIntelProbe.InstructionOnly
[==========] Running 1 test from 1 test suite.
[----------] 1 test from HvfIntelProbe
[ RUN      ] HvfIntelProbe.InstructionOnly
INTEL_PROBE phase=executor_initialization
INTEL_PROBE phase=executor_retained
INTEL_PROBE phase=startup_probe
INTEL_PROBE phase=ordinary_steps
INTEL_PROBE phase=instruction_retirement
INTEL_OWNER phase=replacement_parked vcpu_generation=206 owner_generation=206 owner=216033 vm_generation=1
INTEL_OWNER phase=vcpu_destroy_begin vcpu_generation=205 owner_generation=205 owner=216032 vm_generation=1
INTEL_OWNER phase=vcpu_destroy_end vcpu_generation=205 owner_generation=205 owner=216032 vm_generation=1
INTEL_OWNER phase=lease_release_end vcpu_generation=205 owner_generation=205 owner=216032 vm_generation=1
INTEL_OWNER phase=owner_join_begin vcpu_generation=205 owner_generation=205 owner=216032 vm_generation=1
INTEL_OWNER phase=owner_join_end vcpu_generation=205 owner_generation=205 owner=216032 vm_generation=1
INTEL_OWNER phase=owner_activate vcpu_generation=206 owner_generation=206 owner=216033 vm_generation=1
INTEL_OWNER phase=lease_acquire_end vcpu_generation=206 owner_generation=206 owner=216033 vm_generation=1
INTEL_OWNER phase=vcpu_create_begin vcpu_generation=206 owner_generation=206 owner=216033 vm_generation=1
INTEL_OWNER phase=vcpu_create_end vcpu_generation=206 owner_generation=206 owner=216033 vm_generation=1
[       OK ] HvfIntelProbe.InstructionOnly (18 ms)
[----------] 1 test from HvfIntelProbe (18 ms total)

[==========] 1 test from 1 test suite ran. (18 ms total)
[  PASSED  ] 1 test.

Repeating all tests (iteration 206) . . .

Note: Google Test filter = HvfIntelProbe.InstructionOnly
[==========] Running 1 test from 1 test suite.
[----------] 1 test from HvfIntelProbe
[ RUN      ] HvfIntelProbe.InstructionOnly
INTEL_PROBE phase=executor_initialization
INTEL_PROBE phase=executor_retained
INTEL_PROBE phase=startup_probe
INTEL_PROBE phase=ordinary_steps
INTEL_PROBE phase=instruction_retirement
INTEL_OWNER phase=replacement_parked vcpu_generation=207 owner_generation=207 owner=216034 vm_generation=1
INTEL_OWNER phase=vcpu_destroy_begin vcpu_generation=206 owner_generation=206 owner=216033 vm_generation=1
INTEL_OWNER phase=vcpu_destroy_end vcpu_generation=206 owner_generation=206 owner=216033 vm_generation=1
INTEL_OWNER phase=lease_release_end vcpu_generation=206 owner_generation=206 owner=216033 vm_generation=1
INTEL_OWNER phase=owner_join_begin vcpu_generation=206 owner_generation=206 owner=216033 vm_generation=1
INTEL_OWNER phase=owner_join_end vcpu_generation=206 owner_generation=206 owner=216033 vm_generation=1
INTEL_OWNER phase=owner_activate vcpu_generation=207 owner_generation=207 owner=216034 vm_generation=1
INTEL_OWNER phase=lease_acquire_end vcpu_generation=207 owner_generation=207 owner=216034 vm_generation=1
INTEL_OWNER phase=vcpu_create_begin vcpu_generation=207 owner_generation=207 owner=216034 vm_generation=1
INTEL_OWNER phase=vcpu_create_end vcpu_generation=207 owner_generation=207 owner=216034 vm_generation=1
[       OK ] HvfIntelProbe.InstructionOnly (18 ms)
[----------] 1 test from HvfIntelProbe (18 ms total)

[==========] 1 test from 1 test suite ran. (19 ms total)
[  PASSED  ] 1 test.

Repeating all tests (iteration 207) . . .

Note: Google Test filter = HvfIntelProbe.InstructionOnly
[==========] Running 1 test from 1 test suite.
[----------] 1 test from HvfIntelProbe
[ RUN      ] HvfIntelProbe.InstructionOnly
INTEL_PROBE phase=executor_initialization
INTEL_PROBE phase=executor_retained
INTEL_PROBE phase=startup_probe
INTEL_PROBE phase=ordinary_steps
INTEL_PROBE phase=instruction_retirement
INTEL_OWNER phase=replacement_parked vcpu_generation=208 owner_generation=208 owner=216035 vm_generation=1
INTEL_OWNER phase=vcpu_destroy_begin vcpu_generation=207 owner_generation=207 owner=216034 vm_generation=1
INTEL_OWNER phase=vcpu_destroy_end vcpu_generation=207 owner_generation=207 owner=216034 vm_generation=1
INTEL_OWNER phase=lease_release_end vcpu_generation=207 owner_generation=207 owner=216034 vm_generation=1
INTEL_OWNER phase=owner_join_begin vcpu_generation=207 owner_generation=207 owner=216034 vm_generation=1
INTEL_OWNER phase=owner_join_end vcpu_generation=207 owner_generation=207 owner=216034 vm_generation=1
INTEL_OWNER phase=owner_activate vcpu_generation=208 owner_generation=208 owner=216035 vm_generation=1
INTEL_OWNER phase=lease_acquire_end vcpu_generation=208 owner_generation=208 owner=216035 vm_generation=1
INTEL_OWNER phase=vcpu_create_begin vcpu_generation=208 owner_generation=208 owner=216035 vm_generation=1
INTEL_OWNER phase=vcpu_create_end vcpu_generation=208 owner_generation=208 owner=216035 vm_generation=1
[       OK ] HvfIntelProbe.InstructionOnly (20 ms)
[----------] 1 test from HvfIntelProbe (20 ms total)

[==========] 1 test from 1 test suite ran. (20 ms total)
[  PASSED  ] 1 test.

Repeating all tests (iteration 208) . . .

Note: Google Test filter = HvfIntelProbe.InstructionOnly
[==========] Running 1 test from 1 test suite.
[----------] 1 test from HvfIntelProbe
[ RUN      ] HvfIntelProbe.InstructionOnly
INTEL_PROBE phase=executor_initialization
INTEL_PROBE phase=executor_retained
INTEL_PROBE phase=startup_probe
INTEL_PROBE phase=ordinary_steps
INTEL_PROBE phase=instruction_retirement
INTEL_OWNER phase=replacement_parked vcpu_generation=209 owner_generation=209 owner=216036 vm_generation=1
INTEL_OWNER phase=vcpu_destroy_begin vcpu_generation=208 owner_generation=208 owner=216035 vm_generation=1
INTEL_OWNER phase=vcpu_destroy_end vcpu_generation=208 owner_generation=208 owner=216035 vm_generation=1
INTEL_OWNER phase=lease_release_end vcpu_generation=208 owner_generation=208 owner=216035 vm_generation=1
INTEL_OWNER phase=owner_join_begin vcpu_generation=208 owner_generation=208 owner=216035 vm_generation=1
INTEL_OWNER phase=owner_join_end vcpu_generation=208 owner_generation=208 owner=216035 vm_generation=1
INTEL_OWNER phase=owner_activate vcpu_generation=209 owner_generation=209 owner=216036 vm_generation=1
INTEL_OWNER phase=lease_acquire_end vcpu_generation=209 owner_generation=209 owner=216036 vm_generation=1
INTEL_OWNER phase=vcpu_create_begin vcpu_generation=209 owner_generation=209 owner=216036 vm_generation=1
INTEL_OWNER phase=vcpu_create_end vcpu_generation=209 owner_generation=209 owner=216036 vm_generation=1
[       OK ] HvfIntelProbe.InstructionOnly (17 ms)
[----------] 1 test from HvfIntelProbe (17 ms total)

[==========] 1 test from 1 test suite ran. (17 ms total)
[  PASSED  ] 1 test.

Repeating all tests (iteration 209) . . .

Note: Google Test filter = HvfIntelProbe.InstructionOnly
[==========] Running 1 test from 1 test suite.
[----------] 1 test from HvfIntelProbe
[ RUN      ] HvfIntelProbe.InstructionOnly
INTEL_PROBE phase=executor_initialization
INTEL_PROBE phase=executor_retained
INTEL_PROBE phase=startup_probe
INTEL_PROBE phase=ordinary_steps
INTEL_PROBE phase=instruction_retirement
INTEL_OWNER phase=replacement_parked vcpu_generation=210 owner_generation=210 owner=216037 vm_generation=1
INTEL_OWNER phase=vcpu_destroy_begin vcpu_generation=209 owner_generation=209 owner=216036 vm_generation=1
INTEL_OWNER phase=vcpu_destroy_end vcpu_generation=209 owner_generation=209 owner=216036 vm_generation=1
INTEL_OWNER phase=lease_release_end vcpu_generation=209 owner_generation=209 owner=216036 vm_generation=1
INTEL_OWNER phase=owner_join_begin vcpu_generation=209 owner_generation=209 owner=216036 vm_generation=1
INTEL_OWNER phase=owner_join_end vcpu_generation=209 owner_generation=209 owner=216036 vm_generation=1
INTEL_OWNER phase=owner_activate vcpu_generation=210 owner_generation=210 owner=216037 vm_generation=1
INTEL_OWNER phase=lease_acquire_end vcpu_generation=210 owner_generation=210 owner=216037 vm_generation=1
INTEL_OWNER phase=vcpu_create_begin vcpu_generation=210 owner_generation=210 owner=216037 vm_generation=1
INTEL_OWNER phase=vcpu_create_end vcpu_generation=210 owner_generation=210 owner=216037 vm_generation=1
[       OK ] HvfIntelProbe.InstructionOnly (17 ms)
[----------] 1 test from HvfIntelProbe (17 ms total)

[==========] 1 test from 1 test suite ran. (17 ms total)
[  PASSED  ] 1 test.

Repeating all tests (iteration 210) . . .

Note: Google Test filter = HvfIntelProbe.InstructionOnly
[==========] Running 1 test from 1 test suite.
[----------] 1 test from HvfIntelProbe
[ RUN      ] HvfIntelProbe.InstructionOnly
INTEL_PROBE phase=executor_initialization
INTEL_PROBE phase=executor_retained
INTEL_PROBE phase=startup_probe
INTEL_PROBE phase=ordinary_steps
INTEL_PROBE phase=instruction_retirement
INTEL_OWNER phase=replacement_parked vcpu_generation=211 owner_generation=211 owner=216038 vm_generation=1
INTEL_OWNER phase=vcpu_destroy_begin vcpu_generation=210 owner_generation=210 owner=216037 vm_generation=1
INTEL_OWNER phase=vcpu_destroy_end vcpu_generation=210 owner_generation=210 owner=216037 vm_generation=1
INTEL_OWNER phase=lease_release_end vcpu_generation=210 owner_generation=210 owner=216037 vm_generation=1
INTEL_OWNER phase=owner_join_begin vcpu_generation=210 owner_generation=210 owner=216037 vm_generation=1
INTEL_OWNER phase=owner_join_end vcpu_generation=210 owner_generation=210 owner=216037 vm_generation=1
INTEL_OWNER phase=owner_activate vcpu_generation=211 owner_generation=211 owner=216038 vm_generation=1
INTEL_OWNER phase=lease_acquire_end vcpu_generation=211 owner_generation=211 owner=216038 vm_generation=1
INTEL_OWNER phase=vcpu_create_begin vcpu_generation=211 owner_generation=211 owner=216038 vm_generation=1
INTEL_OWNER phase=vcpu_create_end vcpu_generation=211 owner_generation=211 owner=216038 vm_generation=1
[       OK ] HvfIntelProbe.InstructionOnly (18 ms)
[----------] 1 test from HvfIntelProbe (19 ms total)

[==========] 1 test from 1 test suite ran. (19 ms total)
[  PASSED  ] 1 test.

Repeating all tests (iteration 211) . . .

Note: Google Test filter = HvfIntelProbe.InstructionOnly
[==========] Running 1 test from 1 test suite.
[----------] 1 test from HvfIntelProbe
[ RUN      ] HvfIntelProbe.InstructionOnly
INTEL_PROBE phase=executor_initialization
INTEL_PROBE phase=executor_retained
INTEL_PROBE phase=startup_probe
INTEL_PROBE phase=ordinary_steps
INTEL_PROBE phase=instruction_retirement
INTEL_OWNER phase=replacement_parked vcpu_generation=212 owner_generation=212 owner=216039 vm_generation=1
INTEL_OWNER phase=vcpu_destroy_begin vcpu_generation=211 owner_generation=211 owner=216038 vm_generation=1
INTEL_OWNER phase=vcpu_destroy_end vcpu_generation=211 owner_generation=211 owner=216038 vm_generation=1
INTEL_OWNER phase=lease_release_end vcpu_generation=211 owner_generation=211 owner=216038 vm_generation=1
INTEL_OWNER phase=owner_join_begin vcpu_generation=211 owner_generation=211 owner=216038 vm_generation=1
INTEL_OWNER phase=owner_join_end vcpu_generation=211 owner_generation=211 owner=216038 vm_generation=1
INTEL_OWNER phase=owner_activate vcpu_generation=212 owner_generation=212 owner=216039 vm_generation=1
INTEL_OWNER phase=lease_acquire_end vcpu_generation=212 owner_generation=212 owner=216039 vm_generation=1
INTEL_OWNER phase=vcpu_create_begin vcpu_generation=212 owner_generation=212 owner=216039 vm_generation=1
INTEL_OWNER phase=vcpu_create_end vcpu_generation=212 owner_generation=212 owner=216039 vm_generation=1
[       OK ] HvfIntelProbe.InstructionOnly (17 ms)
[----------] 1 test from HvfIntelProbe (17 ms total)

[==========] 1 test from 1 test suite ran. (17 ms total)
[  PASSED  ] 1 test.

Repeating all tests (iteration 212) . . .

Note: Google Test filter = HvfIntelProbe.InstructionOnly
[==========] Running 1 test from 1 test suite.
[----------] 1 test from HvfIntelProbe
[ RUN      ] HvfIntelProbe.InstructionOnly
INTEL_PROBE phase=executor_initialization
INTEL_PROBE phase=executor_retained
INTEL_PROBE phase=startup_probe
INTEL_PROBE phase=ordinary_steps
INTEL_PROBE phase=instruction_retirement
INTEL_OWNER phase=replacement_parked vcpu_generation=213 owner_generation=213 owner=216040 vm_generation=1
INTEL_OWNER phase=vcpu_destroy_begin vcpu_generation=212 owner_generation=212 owner=216039 vm_generation=1
INTEL_OWNER phase=vcpu_destroy_end vcpu_generation=212 owner_generation=212 owner=216039 vm_generation=1
INTEL_OWNER phase=lease_release_end vcpu_generation=212 owner_generation=212 owner=216039 vm_generation=1
INTEL_OWNER phase=owner_join_begin vcpu_generation=212 owner_generation=212 owner=216039 vm_generation=1
INTEL_OWNER phase=owner_join_end vcpu_generation=212 owner_generation=212 owner=216039 vm_generation=1
INTEL_OWNER phase=owner_activate vcpu_generation=213 owner_generation=213 owner=216040 vm_generation=1
INTEL_OWNER phase=lease_acquire_end vcpu_generation=213 owner_generation=213 owner=216040 vm_generation=1
INTEL_OWNER phase=vcpu_create_begin vcpu_generation=213 owner_generation=213 owner=216040 vm_generation=1
INTEL_OWNER phase=vcpu_create_end vcpu_generation=213 owner_generation=213 owner=216040 vm_generation=1
[       OK ] HvfIntelProbe.InstructionOnly (15 ms)
[----------] 1 test from HvfIntelProbe (15 ms total)

[==========] 1 test from 1 test suite ran. (15 ms total)
[  PASSED  ] 1 test.

Repeating all tests (iteration 213) . . .

Note: Google Test filter = HvfIntelProbe.InstructionOnly
[==========] Running 1 test from 1 test suite.
[----------] 1 test from HvfIntelProbe
[ RUN      ] HvfIntelProbe.InstructionOnly
INTEL_PROBE phase=executor_initialization
INTEL_PROBE phase=executor_retained
INTEL_PROBE phase=startup_probe
INTEL_PROBE phase=ordinary_steps
INTEL_PROBE phase=instruction_retirement
INTEL_OWNER phase=replacement_parked vcpu_generation=214 owner_generation=214 owner=216041 vm_generation=1
INTEL_OWNER phase=vcpu_destroy_begin vcpu_generation=213 owner_generation=213 owner=216040 vm_generation=1
INTEL_OWNER phase=vcpu_destroy_end vcpu_generation=213 owner_generation=213 owner=216040 vm_generation=1
INTEL_OWNER phase=lease_release_end vcpu_generation=213 owner_generation=213 owner=216040 vm_generation=1
INTEL_OWNER phase=owner_join_begin vcpu_generation=213 owner_generation=213 owner=216040 vm_generation=1
INTEL_OWNER phase=owner_join_end vcpu_generation=213 owner_generation=213 owner=216040 vm_generation=1
INTEL_OWNER phase=owner_activate vcpu_generation=214 owner_generation=214 owner=216041 vm_generation=1
INTEL_OWNER phase=lease_acquire_end vcpu_generation=214 owner_generation=214 owner=216041 vm_generation=1
INTEL_OWNER phase=vcpu_create_begin vcpu_generation=214 owner_generation=214 owner=216041 vm_generation=1
INTEL_OWNER phase=vcpu_create_end vcpu_generation=214 owner_generation=214 owner=216041 vm_generation=1
[       OK ] HvfIntelProbe.InstructionOnly (16 ms)
[----------] 1 test from HvfIntelProbe (16 ms total)

[==========] 1 test from 1 test suite ran. (16 ms total)
[  PASSED  ] 1 test.

Repeating all tests (iteration 214) . . .

Note: Google Test filter = HvfIntelProbe.InstructionOnly
[==========] Running 1 test from 1 test suite.
[----------] 1 test from HvfIntelProbe
[ RUN      ] HvfIntelProbe.InstructionOnly
INTEL_PROBE phase=executor_initialization
INTEL_PROBE phase=executor_retained
INTEL_PROBE phase=startup_probe
INTEL_PROBE phase=ordinary_steps
INTEL_PROBE phase=instruction_retirement
INTEL_OWNER phase=replacement_parked vcpu_generation=215 owner_generation=215 owner=216042 vm_generation=1
INTEL_OWNER phase=vcpu_destroy_begin vcpu_generation=214 owner_generation=214 owner=216041 vm_generation=1
INTEL_OWNER phase=vcpu_destroy_end vcpu_generation=214 owner_generation=214 owner=216041 vm_generation=1
INTEL_OWNER phase=lease_release_end vcpu_generation=214 owner_generation=214 owner=216041 vm_generation=1
INTEL_OWNER phase=owner_join_begin vcpu_generation=214 owner_generation=214 owner=216041 vm_generation=1
INTEL_OWNER phase=owner_join_end vcpu_generation=214 owner_generation=214 owner=216041 vm_generation=1
INTEL_OWNER phase=owner_activate vcpu_generation=215 owner_generation=215 owner=216042 vm_generation=1
INTEL_OWNER phase=lease_acquire_end vcpu_generation=215 owner_generation=215 owner=216042 vm_generation=1
INTEL_OWNER phase=vcpu_create_begin vcpu_generation=215 owner_generation=215 owner=216042 vm_generation=1
INTEL_OWNER phase=vcpu_create_end vcpu_generation=215 owner_generation=215 owner=216042 vm_generation=1
[       OK ] HvfIntelProbe.InstructionOnly (16 ms)
[----------] 1 test from HvfIntelProbe (16 ms total)

[==========] 1 test from 1 test suite ran. (16 ms total)
[  PASSED  ] 1 test.

Repeating all tests (iteration 215) . . .

Note: Google Test filter = HvfIntelProbe.InstructionOnly
[==========] Running 1 test from 1 test suite.
[----------] 1 test from HvfIntelProbe
[ RUN      ] HvfIntelProbe.InstructionOnly
INTEL_PROBE phase=executor_initialization
INTEL_PROBE phase=executor_retained
INTEL_PROBE phase=startup_probe
INTEL_PROBE phase=ordinary_steps
INTEL_PROBE phase=instruction_retirement
INTEL_OWNER phase=replacement_parked vcpu_generation=216 owner_generation=216 owner=216044 vm_generation=1
INTEL_OWNER phase=vcpu_destroy_begin vcpu_generation=215 owner_generation=215 owner=216042 vm_generation=1
INTEL_OWNER phase=vcpu_destroy_end vcpu_generation=215 owner_generation=215 owner=216042 vm_generation=1
INTEL_OWNER phase=lease_release_end vcpu_generation=215 owner_generation=215 owner=216042 vm_generation=1
INTEL_OWNER phase=owner_join_begin vcpu_generation=215 owner_generation=215 owner=216042 vm_generation=1
INTEL_OWNER phase=owner_join_end vcpu_generation=215 owner_generation=215 owner=216042 vm_generation=1
INTEL_OWNER phase=owner_activate vcpu_generation=216 owner_generation=216 owner=216044 vm_generation=1
INTEL_OWNER phase=lease_acquire_end vcpu_generation=216 owner_generation=216 owner=216044 vm_generation=1
INTEL_OWNER phase=vcpu_create_begin vcpu_generation=216 owner_generation=216 owner=216044 vm_generation=1
INTEL_OWNER phase=vcpu_create_end vcpu_generation=216 owner_generation=216 owner=216044 vm_generation=1
[       OK ] HvfIntelProbe.InstructionOnly (15 ms)
[----------] 1 test from HvfIntelProbe (15 ms total)

[==========] 1 test from 1 test suite ran. (15 ms total)
[  PASSED  ] 1 test.

Repeating all tests (iteration 216) . . .

Note: Google Test filter = HvfIntelProbe.InstructionOnly
[==========] Running 1 test from 1 test suite.
[----------] 1 test from HvfIntelProbe
[ RUN      ] HvfIntelProbe.InstructionOnly
INTEL_PROBE phase=executor_initialization
INTEL_PROBE phase=executor_retained
INTEL_PROBE phase=startup_probe
INTEL_PROBE phase=ordinary_steps
INTEL_PROBE phase=instruction_retirement
INTEL_OWNER phase=replacement_parked vcpu_generation=217 owner_generation=217 owner=216045 vm_generation=1
INTEL_OWNER phase=vcpu_destroy_begin vcpu_generation=216 owner_generation=216 owner=216044 vm_generation=1
INTEL_OWNER phase=vcpu_destroy_end vcpu_generation=216 owner_generation=216 owner=216044 vm_generation=1
INTEL_OWNER phase=lease_release_end vcpu_generation=216 owner_generation=216 owner=216044 vm_generation=1
INTEL_OWNER phase=owner_join_begin vcpu_generation=216 owner_generation=216 owner=216044 vm_generation=1
INTEL_OWNER phase=owner_join_end vcpu_generation=216 owner_generation=216 owner=216044 vm_generation=1
INTEL_OWNER phase=owner_activate vcpu_generation=217 owner_generation=217 owner=216045 vm_generation=1
INTEL_OWNER phase=lease_acquire_end vcpu_generation=217 owner_generation=217 owner=216045 vm_generation=1
INTEL_OWNER phase=vcpu_create_begin vcpu_generation=217 owner_generation=217 owner=216045 vm_generation=1
INTEL_OWNER phase=vcpu_create_end vcpu_generation=217 owner_generation=217 owner=216045 vm_generation=1
[       OK ] HvfIntelProbe.InstructionOnly (15 ms)
[----------] 1 test from HvfIntelProbe (15 ms total)

[==========] 1 test from 1 test suite ran. (15 ms total)
[  PASSED  ] 1 test.

Repeating all tests (iteration 217) . . .

Note: Google Test filter = HvfIntelProbe.InstructionOnly
[==========] Running 1 test from 1 test suite.
[----------] 1 test from HvfIntelProbe
[ RUN      ] HvfIntelProbe.InstructionOnly
INTEL_PROBE phase=executor_initialization
INTEL_PROBE phase=executor_retained
INTEL_PROBE phase=startup_probe
INTEL_PROBE phase=ordinary_steps
INTEL_PROBE phase=instruction_retirement
INTEL_OWNER phase=replacement_parked vcpu_generation=218 owner_generation=218 owner=216046 vm_generation=1
INTEL_OWNER phase=vcpu_destroy_begin vcpu_generation=217 owner_generation=217 owner=216045 vm_generation=1
INTEL_OWNER phase=vcpu_destroy_end vcpu_generation=217 owner_generation=217 owner=216045 vm_generation=1
INTEL_OWNER phase=lease_release_end vcpu_generation=217 owner_generation=217 owner=216045 vm_generation=1
INTEL_OWNER phase=owner_join_begin vcpu_generation=217 owner_generation=217 owner=216045 vm_generation=1
INTEL_OWNER phase=owner_join_end vcpu_generation=217 owner_generation=217 owner=216045 vm_generation=1
INTEL_OWNER phase=owner_activate vcpu_generation=218 owner_generation=218 owner=216046 vm_generation=1
INTEL_OWNER phase=lease_acquire_end vcpu_generation=218 owner_generation=218 owner=216046 vm_generation=1
INTEL_OWNER phase=vcpu_create_begin vcpu_generation=218 owner_generation=218 owner=216046 vm_generation=1
INTEL_OWNER phase=vcpu_create_end vcpu_generation=218 owner_generation=218 owner=216046 vm_generation=1
[       OK ] HvfIntelProbe.InstructionOnly (14 ms)
[----------] 1 test from HvfIntelProbe (15 ms total)

[==========] 1 test from 1 test suite ran. (15 ms total)
[  PASSED  ] 1 test.

Repeating all tests (iteration 218) . . .

Note: Google Test filter = HvfIntelProbe.InstructionOnly
[==========] Running 1 test from 1 test suite.
[----------] 1 test from HvfIntelProbe
[ RUN      ] HvfIntelProbe.InstructionOnly
INTEL_PROBE phase=executor_initialization
INTEL_PROBE phase=executor_retained
INTEL_PROBE phase=startup_probe
INTEL_PROBE phase=ordinary_steps
INTEL_PROBE phase=instruction_retirement
INTEL_OWNER phase=replacement_parked vcpu_generation=219 owner_generation=219 owner=216047 vm_generation=1
INTEL_OWNER phase=vcpu_destroy_begin vcpu_generation=218 owner_generation=218 owner=216046 vm_generation=1
INTEL_OWNER phase=vcpu_destroy_end vcpu_generation=218 owner_generation=218 owner=216046 vm_generation=1
INTEL_OWNER phase=lease_release_end vcpu_generation=218 owner_generation=218 owner=216046 vm_generation=1
INTEL_OWNER phase=owner_join_begin vcpu_generation=218 owner_generation=218 owner=216046 vm_generation=1
INTEL_OWNER phase=owner_join_end vcpu_generation=218 owner_generation=218 owner=216046 vm_generation=1
INTEL_OWNER phase=owner_activate vcpu_generation=219 owner_generation=219 owner=216047 vm_generation=1
INTEL_OWNER phase=lease_acquire_end vcpu_generation=219 owner_generation=219 owner=216047 vm_generation=1
INTEL_OWNER phase=vcpu_create_begin vcpu_generation=219 owner_generation=219 owner=216047 vm_generation=1
INTEL_OWNER phase=vcpu_create_end vcpu_generation=219 owner_generation=219 owner=216047 vm_generation=1
[       OK ] HvfIntelProbe.InstructionOnly (15 ms)
[----------] 1 test from HvfIntelProbe (15 ms total)

[==========] 1 test from 1 test suite ran. (15 ms total)
[  PASSED  ] 1 test.

Repeating all tests (iteration 219) . . .

Note: Google Test filter = HvfIntelProbe.InstructionOnly
[==========] Running 1 test from 1 test suite.
[----------] 1 test from HvfIntelProbe
[ RUN      ] HvfIntelProbe.InstructionOnly
INTEL_PROBE phase=executor_initialization
INTEL_PROBE phase=executor_retained
INTEL_PROBE phase=startup_probe
INTEL_PROBE phase=ordinary_steps
INTEL_PROBE phase=instruction_retirement
INTEL_OWNER phase=replacement_parked vcpu_generation=220 owner_generation=220 owner=216048 vm_generation=1
INTEL_OWNER phase=vcpu_destroy_begin vcpu_generation=219 owner_generation=219 owner=216047 vm_generation=1
INTEL_OWNER phase=vcpu_destroy_end vcpu_generation=219 owner_generation=219 owner=216047 vm_generation=1
INTEL_OWNER phase=lease_release_end vcpu_generation=219 owner_generation=219 owner=216047 vm_generation=1
INTEL_OWNER phase=owner_join_begin vcpu_generation=219 owner_generation=219 owner=216047 vm_generation=1
INTEL_OWNER phase=owner_join_end vcpu_generation=219 owner_generation=219 owner=216047 vm_generation=1
INTEL_OWNER phase=owner_activate vcpu_generation=220 owner_generation=220 owner=216048 vm_generation=1
INTEL_OWNER phase=lease_acquire_end vcpu_generation=220 owner_generation=220 owner=216048 vm_generation=1
INTEL_OWNER phase=vcpu_create_begin vcpu_generation=220 owner_generation=220 owner=216048 vm_generation=1
INTEL_OWNER phase=vcpu_create_end vcpu_generation=220 owner_generation=220 owner=216048 vm_generation=1
[       OK ] HvfIntelProbe.InstructionOnly (14 ms)
[----------] 1 test from HvfIntelProbe (15 ms total)

[==========] 1 test from 1 test suite ran. (15 ms total)
[  PASSED  ] 1 test.

Repeating all tests (iteration 220) . . .

Note: Google Test filter = HvfIntelProbe.InstructionOnly
[==========] Running 1 test from 1 test suite.
[----------] 1 test from HvfIntelProbe
[ RUN      ] HvfIntelProbe.InstructionOnly
INTEL_PROBE phase=executor_initialization
INTEL_PROBE phase=executor_retained
INTEL_PROBE phase=startup_probe
INTEL_PROBE phase=ordinary_steps
INTEL_PROBE phase=instruction_retirement
INTEL_OWNER phase=replacement_parked vcpu_generation=221 owner_generation=221 owner=216049 vm_generation=1
INTEL_OWNER phase=vcpu_destroy_begin vcpu_generation=220 owner_generation=220 owner=216048 vm_generation=1
INTEL_OWNER phase=vcpu_destroy_end vcpu_generation=220 owner_generation=220 owner=216048 vm_generation=1
INTEL_OWNER phase=lease_release_end vcpu_generation=220 owner_generation=220 owner=216048 vm_generation=1
INTEL_OWNER phase=owner_join_begin vcpu_generation=220 owner_generation=220 owner=216048 vm_generation=1
INTEL_OWNER phase=owner_join_end vcpu_generation=220 owner_generation=220 owner=216048 vm_generation=1
INTEL_OWNER phase=owner_activate vcpu_generation=221 owner_generation=221 owner=216049 vm_generation=1
INTEL_OWNER phase=lease_acquire_end vcpu_generation=221 owner_generation=221 owner=216049 vm_generation=1
INTEL_OWNER phase=vcpu_create_begin vcpu_generation=221 owner_generation=221 owner=216049 vm_generation=1
INTEL_OWNER phase=vcpu_create_end vcpu_generation=221 owner_generation=221 owner=216049 vm_generation=1
[       OK ] HvfIntelProbe.InstructionOnly (15 ms)
[----------] 1 test from HvfIntelProbe (15 ms total)

[==========] 1 test from 1 test suite ran. (15 ms total)
[  PASSED  ] 1 test.

Repeating all tests (iteration 221) . . .

Note: Google Test filter = HvfIntelProbe.InstructionOnly
[==========] Running 1 test from 1 test suite.
[----------] 1 test from HvfIntelProbe
[ RUN      ] HvfIntelProbe.InstructionOnly
INTEL_PROBE phase=executor_initialization
INTEL_PROBE phase=executor_retained
INTEL_PROBE phase=startup_probe
INTEL_PROBE phase=ordinary_steps
INTEL_PROBE phase=instruction_retirement
INTEL_OWNER phase=replacement_parked vcpu_generation=222 owner_generation=222 owner=216050 vm_generation=1
INTEL_OWNER phase=vcpu_destroy_begin vcpu_generation=221 owner_generation=221 owner=216049 vm_generation=1
INTEL_OWNER phase=vcpu_destroy_end vcpu_generation=221 owner_generation=221 owner=216049 vm_generation=1
INTEL_OWNER phase=lease_release_end vcpu_generation=221 owner_generation=221 owner=216049 vm_generation=1
INTEL_OWNER phase=owner_join_begin vcpu_generation=221 owner_generation=221 owner=216049 vm_generation=1
INTEL_OWNER phase=owner_join_end vcpu_generation=221 owner_generation=221 owner=216049 vm_generation=1
INTEL_OWNER phase=owner_activate vcpu_generation=222 owner_generation=222 owner=216050 vm_generation=1
INTEL_OWNER phase=lease_acquire_end vcpu_generation=222 owner_generation=222 owner=216050 vm_generation=1
INTEL_OWNER phase=vcpu_create_begin vcpu_generation=222 owner_generation=222 owner=216050 vm_generation=1
INTEL_OWNER phase=vcpu_create_end vcpu_generation=222 owner_generation=222 owner=216050 vm_generation=1
[       OK ] HvfIntelProbe.InstructionOnly (16 ms)
[----------] 1 test from HvfIntelProbe (16 ms total)

[==========] 1 test from 1 test suite ran. (16 ms total)
[  PASSED  ] 1 test.

Repeating all tests (iteration 222) . . .

Note: Google Test filter = HvfIntelProbe.InstructionOnly
[==========] Running 1 test from 1 test suite.
[----------] 1 test from HvfIntelProbe
[ RUN      ] HvfIntelProbe.InstructionOnly
INTEL_PROBE phase=executor_initialization
INTEL_PROBE phase=executor_retained
INTEL_PROBE phase=startup_probe
INTEL_PROBE phase=ordinary_steps
INTEL_PROBE phase=instruction_retirement
INTEL_OWNER phase=replacement_parked vcpu_generation=223 owner_generation=223 owner=216053 vm_generation=1
INTEL_OWNER phase=vcpu_destroy_begin vcpu_generation=222 owner_generation=222 owner=216050 vm_generation=1
INTEL_OWNER phase=vcpu_destroy_end vcpu_generation=222 owner_generation=222 owner=216050 vm_generation=1
INTEL_OWNER phase=lease_release_end vcpu_generation=222 owner_generation=222 owner=216050 vm_generation=1
INTEL_OWNER phase=owner_join_begin vcpu_generation=222 owner_generation=222 owner=216050 vm_generation=1
INTEL_OWNER phase=owner_join_end vcpu_generation=222 owner_generation=222 owner=216050 vm_generation=1
INTEL_OWNER phase=owner_activate vcpu_generation=223 owner_generation=223 owner=216053 vm_generation=1
INTEL_OWNER phase=lease_acquire_end vcpu_generation=223 owner_generation=223 owner=216053 vm_generation=1
INTEL_OWNER phase=vcpu_create_begin vcpu_generation=223 owner_generation=223 owner=216053 vm_generation=1
INTEL_OWNER phase=vcpu_create_end vcpu_generation=223 owner_generation=223 owner=216053 vm_generation=1
[       OK ] HvfIntelProbe.InstructionOnly (18 ms)
[----------] 1 test from HvfIntelProbe (18 ms total)

[==========] 1 test from 1 test suite ran. (18 ms total)
[  PASSED  ] 1 test.

Repeating all tests (iteration 223) . . .

Note: Google Test filter = HvfIntelProbe.InstructionOnly
[==========] Running 1 test from 1 test suite.
[----------] 1 test from HvfIntelProbe
[ RUN      ] HvfIntelProbe.InstructionOnly
INTEL_PROBE phase=executor_initialization
INTEL_PROBE phase=executor_retained
INTEL_PROBE phase=startup_probe
INTEL_PROBE phase=ordinary_steps
INTEL_PROBE phase=instruction_retirement
INTEL_OWNER phase=replacement_parked vcpu_generation=224 owner_generation=224 owner=216054 vm_generation=1
INTEL_OWNER phase=vcpu_destroy_begin vcpu_generation=223 owner_generation=223 owner=216053 vm_generation=1
INTEL_OWNER phase=vcpu_destroy_end vcpu_generation=223 owner_generation=223 owner=216053 vm_generation=1
INTEL_OWNER phase=lease_release_end vcpu_generation=223 owner_generation=223 owner=216053 vm_generation=1
INTEL_OWNER phase=owner_join_begin vcpu_generation=223 owner_generation=223 owner=216053 vm_generation=1
INTEL_OWNER phase=owner_join_end vcpu_generation=223 owner_generation=223 owner=216053 vm_generation=1
INTEL_OWNER phase=owner_activate vcpu_generation=224 owner_generation=224 owner=216054 vm_generation=1
INTEL_OWNER phase=lease_acquire_end vcpu_generation=224 owner_generation=224 owner=216054 vm_generation=1
INTEL_OWNER phase=vcpu_create_begin vcpu_generation=224 owner_generation=224 owner=216054 vm_generation=1
INTEL_OWNER phase=vcpu_create_end vcpu_generation=224 owner_generation=224 owner=216054 vm_generation=1
[       OK ] HvfIntelProbe.InstructionOnly (16 ms)
[----------] 1 test from HvfIntelProbe (16 ms total)

[==========] 1 test from 1 test suite ran. (16 ms total)
[  PASSED  ] 1 test.

Repeating all tests (iteration 224) . . .

Note: Google Test filter = HvfIntelProbe.InstructionOnly
[==========] Running 1 test from 1 test suite.
[----------] 1 test from HvfIntelProbe
[ RUN      ] HvfIntelProbe.InstructionOnly
INTEL_PROBE phase=executor_initialization
INTEL_PROBE phase=executor_retained
INTEL_PROBE phase=startup_probe
INTEL_PROBE phase=ordinary_steps
INTEL_PROBE phase=instruction_retirement
INTEL_OWNER phase=replacement_parked vcpu_generation=225 owner_generation=225 owner=216055 vm_generation=1
INTEL_OWNER phase=vcpu_destroy_begin vcpu_generation=224 owner_generation=224 owner=216054 vm_generation=1
INTEL_OWNER phase=vcpu_destroy_end vcpu_generation=224 owner_generation=224 owner=216054 vm_generation=1
INTEL_OWNER phase=lease_release_end vcpu_generation=224 owner_generation=224 owner=216054 vm_generation=1
INTEL_OWNER phase=owner_join_begin vcpu_generation=224 owner_generation=224 owner=216054 vm_generation=1
INTEL_OWNER phase=owner_join_end vcpu_generation=224 owner_generation=224 owner=216054 vm_generation=1
INTEL_OWNER phase=owner_activate vcpu_generation=225 owner_generation=225 owner=216055 vm_generation=1
INTEL_OWNER phase=lease_acquire_end vcpu_generation=225 owner_generation=225 owner=216055 vm_generation=1
INTEL_OWNER phase=vcpu_create_begin vcpu_generation=225 owner_generation=225 owner=216055 vm_generation=1
INTEL_OWNER phase=vcpu_create_end vcpu_generation=225 owner_generation=225 owner=216055 vm_generation=1
[       OK ] HvfIntelProbe.InstructionOnly (15 ms)
[----------] 1 test from HvfIntelProbe (15 ms total)

[==========] 1 test from 1 test suite ran. (15 ms total)
[  PASSED  ] 1 test.

Repeating all tests (iteration 225) . . .

Note: Google Test filter = HvfIntelProbe.InstructionOnly
[==========] Running 1 test from 1 test suite.
[----------] 1 test from HvfIntelProbe
[ RUN      ] HvfIntelProbe.InstructionOnly
INTEL_PROBE phase=executor_initialization
INTEL_PROBE phase=executor_retained
INTEL_PROBE phase=startup_probe
INTEL_PROBE phase=ordinary_steps
INTEL_PROBE phase=instruction_retirement
INTEL_OWNER phase=replacement_parked vcpu_generation=226 owner_generation=226 owner=216056 vm_generation=1
INTEL_OWNER phase=vcpu_destroy_begin vcpu_generation=225 owner_generation=225 owner=216055 vm_generation=1
INTEL_OWNER phase=vcpu_destroy_end vcpu_generation=225 owner_generation=225 owner=216055 vm_generation=1
INTEL_OWNER phase=lease_release_end vcpu_generation=225 owner_generation=225 owner=216055 vm_generation=1
INTEL_OWNER phase=owner_join_begin vcpu_generation=225 owner_generation=225 owner=216055 vm_generation=1
INTEL_OWNER phase=owner_join_end vcpu_generation=225 owner_generation=225 owner=216055 vm_generation=1
INTEL_OWNER phase=owner_activate vcpu_generation=226 owner_generation=226 owner=216056 vm_generation=1
INTEL_OWNER phase=lease_acquire_end vcpu_generation=226 owner_generation=226 owner=216056 vm_generation=1
INTEL_OWNER phase=vcpu_create_begin vcpu_generation=226 owner_generation=226 owner=216056 vm_generation=1
INTEL_OWNER phase=vcpu_create_end vcpu_generation=226 owner_generation=226 owner=216056 vm_generation=1
[       OK ] HvfIntelProbe.InstructionOnly (22 ms)
[----------] 1 test from HvfIntelProbe (22 ms total)

[==========] 1 test from 1 test suite ran. (22 ms total)
[  PASSED  ] 1 test.

Repeating all tests (iteration 226) . . .

Note: Google Test filter = HvfIntelProbe.InstructionOnly
[==========] Running 1 test from 1 test suite.
[----------] 1 test from HvfIntelProbe
[ RUN      ] HvfIntelProbe.InstructionOnly
INTEL_PROBE phase=executor_initialization
INTEL_PROBE phase=executor_retained
INTEL_PROBE phase=startup_probe
INTEL_PROBE phase=ordinary_steps
INTEL_PROBE phase=instruction_retirement
INTEL_OWNER phase=replacement_parked vcpu_generation=227 owner_generation=227 owner=216057 vm_generation=1
INTEL_OWNER phase=vcpu_destroy_begin vcpu_generation=226 owner_generation=226 owner=216056 vm_generation=1
INTEL_OWNER phase=vcpu_destroy_end vcpu_generation=226 owner_generation=226 owner=216056 vm_generation=1
INTEL_OWNER phase=lease_release_end vcpu_generation=226 owner_generation=226 owner=216056 vm_generation=1
INTEL_OWNER phase=owner_join_begin vcpu_generation=226 owner_generation=226 owner=216056 vm_generation=1
INTEL_OWNER phase=owner_join_end vcpu_generation=226 owner_generation=226 owner=216056 vm_generation=1
INTEL_OWNER phase=owner_activate vcpu_generation=227 owner_generation=227 owner=216057 vm_generation=1
INTEL_OWNER phase=lease_acquire_end vcpu_generation=227 owner_generation=227 owner=216057 vm_generation=1
INTEL_OWNER phase=vcpu_create_begin vcpu_generation=227 owner_generation=227 owner=216057 vm_generation=1
INTEL_OWNER phase=vcpu_create_end vcpu_generation=227 owner_generation=227 owner=216057 vm_generation=1
[       OK ] HvfIntelProbe.InstructionOnly (15 ms)
[----------] 1 test from HvfIntelProbe (15 ms total)

[==========] 1 test from 1 test suite ran. (15 ms total)
[  PASSED  ] 1 test.

Repeating all tests (iteration 227) . . .

Note: Google Test filter = HvfIntelProbe.InstructionOnly
[==========] Running 1 test from 1 test suite.
[----------] 1 test from HvfIntelProbe
[ RUN      ] HvfIntelProbe.InstructionOnly
INTEL_PROBE phase=executor_initialization
INTEL_PROBE phase=executor_retained
INTEL_PROBE phase=startup_probe
INTEL_PROBE phase=ordinary_steps
INTEL_PROBE phase=instruction_retirement
INTEL_OWNER phase=replacement_parked vcpu_generation=228 owner_generation=228 owner=216059 vm_generation=1
INTEL_OWNER phase=vcpu_destroy_begin vcpu_generation=227 owner_generation=227 owner=216057 vm_generation=1
INTEL_OWNER phase=vcpu_destroy_end vcpu_generation=227 owner_generation=227 owner=216057 vm_generation=1
INTEL_OWNER phase=lease_release_end vcpu_generation=227 owner_generation=227 owner=216057 vm_generation=1
INTEL_OWNER phase=owner_join_begin vcpu_generation=227 owner_generation=227 owner=216057 vm_generation=1
INTEL_OWNER phase=owner_join_end vcpu_generation=227 owner_generation=227 owner=216057 vm_generation=1
INTEL_OWNER phase=owner_activate vcpu_generation=228 owner_generation=228 owner=216059 vm_generation=1
INTEL_OWNER phase=lease_acquire_end vcpu_generation=228 owner_generation=228 owner=216059 vm_generation=1
INTEL_OWNER phase=vcpu_create_begin vcpu_generation=228 owner_generation=228 owner=216059 vm_generation=1
INTEL_OWNER phase=vcpu_create_end vcpu_generation=228 owner_generation=228 owner=216059 vm_generation=1
[       OK ] HvfIntelProbe.InstructionOnly (15 ms)
[----------] 1 test from HvfIntelProbe (15 ms total)

[==========] 1 test from 1 test suite ran. (15 ms total)
[  PASSED  ] 1 test.

Repeating all tests (iteration 228) . . .

Note: Google Test filter = HvfIntelProbe.InstructionOnly
[==========] Running 1 test from 1 test suite.
[----------] 1 test from HvfIntelProbe
[ RUN      ] HvfIntelProbe.InstructionOnly
INTEL_PROBE phase=executor_initialization
INTEL_PROBE phase=executor_retained
INTEL_PROBE phase=startup_probe
INTEL_PROBE phase=ordinary_steps
INTEL_PROBE phase=instruction_retirement
INTEL_OWNER phase=replacement_parked vcpu_generation=229 owner_generation=229 owner=216060 vm_generation=1
INTEL_OWNER phase=vcpu_destroy_begin vcpu_generation=228 owner_generation=228 owner=216059 vm_generation=1
INTEL_OWNER phase=vcpu_destroy_end vcpu_generation=228 owner_generation=228 owner=216059 vm_generation=1
INTEL_OWNER phase=lease_release_end vcpu_generation=228 owner_generation=228 owner=216059 vm_generation=1
INTEL_OWNER phase=owner_join_begin vcpu_generation=228 owner_generation=228 owner=216059 vm_generation=1
INTEL_OWNER phase=owner_join_end vcpu_generation=228 owner_generation=228 owner=216059 vm_generation=1
INTEL_OWNER phase=owner_activate vcpu_generation=229 owner_generation=229 owner=216060 vm_generation=1
INTEL_OWNER phase=lease_acquire_end vcpu_generation=229 owner_generation=229 owner=216060 vm_generation=1
INTEL_OWNER phase=vcpu_create_begin vcpu_generation=229 owner_generation=229 owner=216060 vm_generation=1
INTEL_OWNER phase=vcpu_create_end vcpu_generation=229 owner_generation=229 owner=216060 vm_generation=1
[       OK ] HvfIntelProbe.InstructionOnly (15 ms)
[----------] 1 test from HvfIntelProbe (15 ms total)

[==========] 1 test from 1 test suite ran. (15 ms total)
[  PASSED  ] 1 test.

Repeating all tests (iteration 229) . . .

Note: Google Test filter = HvfIntelProbe.InstructionOnly
[==========] Running 1 test from 1 test suite.
[----------] 1 test from HvfIntelProbe
[ RUN      ] HvfIntelProbe.InstructionOnly
INTEL_PROBE phase=executor_initialization
INTEL_PROBE phase=executor_retained
INTEL_PROBE phase=startup_probe
INTEL_PROBE phase=ordinary_steps
INTEL_PROBE phase=instruction_retirement
INTEL_OWNER phase=replacement_parked vcpu_generation=230 owner_generation=230 owner=216061 vm_generation=1
INTEL_OWNER phase=vcpu_destroy_begin vcpu_generation=229 owner_generation=229 owner=216060 vm_generation=1
INTEL_OWNER phase=vcpu_destroy_end vcpu_generation=229 owner_generation=229 owner=216060 vm_generation=1
INTEL_OWNER phase=lease_release_end vcpu_generation=229 owner_generation=229 owner=216060 vm_generation=1
INTEL_OWNER phase=owner_join_begin vcpu_generation=229 owner_generation=229 owner=216060 vm_generation=1
INTEL_OWNER phase=owner_join_end vcpu_generation=229 owner_generation=229 owner=216060 vm_generation=1
INTEL_OWNER phase=owner_activate vcpu_generation=230 owner_generation=230 owner=216061 vm_generation=1
INTEL_OWNER phase=lease_acquire_end vcpu_generation=230 owner_generation=230 owner=216061 vm_generation=1
INTEL_OWNER phase=vcpu_create_begin vcpu_generation=230 owner_generation=230 owner=216061 vm_generation=1
INTEL_OWNER phase=vcpu_create_end vcpu_generation=230 owner_generation=230 owner=216061 vm_generation=1
[       OK ] HvfIntelProbe.InstructionOnly (14 ms)
[----------] 1 test from HvfIntelProbe (14 ms total)

[==========] 1 test from 1 test suite ran. (14 ms total)
[  PASSED  ] 1 test.

Repeating all tests (iteration 230) . . .

Note: Google Test filter = HvfIntelProbe.InstructionOnly
[==========] Running 1 test from 1 test suite.
[----------] 1 test from HvfIntelProbe
[ RUN      ] HvfIntelProbe.InstructionOnly
INTEL_PROBE phase=executor_initialization
INTEL_PROBE phase=executor_retained
INTEL_PROBE phase=startup_probe
INTEL_PROBE phase=ordinary_steps
INTEL_PROBE phase=instruction_retirement
INTEL_OWNER phase=replacement_parked vcpu_generation=231 owner_generation=231 owner=216062 vm_generation=1
INTEL_OWNER phase=vcpu_destroy_begin vcpu_generation=230 owner_generation=230 owner=216061 vm_generation=1
INTEL_OWNER phase=vcpu_destroy_end vcpu_generation=230 owner_generation=230 owner=216061 vm_generation=1
INTEL_OWNER phase=lease_release_end vcpu_generation=230 owner_generation=230 owner=216061 vm_generation=1
INTEL_OWNER phase=owner_join_begin vcpu_generation=230 owner_generation=230 owner=216061 vm_generation=1
INTEL_OWNER phase=owner_join_end vcpu_generation=230 owner_generation=230 owner=216061 vm_generation=1
INTEL_OWNER phase=owner_activate vcpu_generation=231 owner_generation=231 owner=216062 vm_generation=1
INTEL_OWNER phase=lease_acquire_end vcpu_generation=231 owner_generation=231 owner=216062 vm_generation=1
INTEL_OWNER phase=vcpu_create_begin vcpu_generation=231 owner_generation=231 owner=216062 vm_generation=1
INTEL_OWNER phase=vcpu_create_end vcpu_generation=231 owner_generation=231 owner=216062 vm_generation=1
[       OK ] HvfIntelProbe.InstructionOnly (15 ms)
[----------] 1 test from HvfIntelProbe (15 ms total)

[==========] 1 test from 1 test suite ran. (15 ms total)
[  PASSED  ] 1 test.

Repeating all tests (iteration 231) . . .

Note: Google Test filter = HvfIntelProbe.InstructionOnly
[==========] Running 1 test from 1 test suite.
[----------] 1 test from HvfIntelProbe
[ RUN      ] HvfIntelProbe.InstructionOnly
INTEL_PROBE phase=executor_initialization
INTEL_PROBE phase=executor_retained
INTEL_PROBE phase=startup_probe
INTEL_PROBE phase=ordinary_steps
INTEL_PROBE phase=instruction_retirement
INTEL_OWNER phase=replacement_parked vcpu_generation=232 owner_generation=232 owner=216063 vm_generation=1
INTEL_OWNER phase=vcpu_destroy_begin vcpu_generation=231 owner_generation=231 owner=216062 vm_generation=1
INTEL_OWNER phase=vcpu_destroy_end vcpu_generation=231 owner_generation=231 owner=216062 vm_generation=1
INTEL_OWNER phase=lease_release_end vcpu_generation=231 owner_generation=231 owner=216062 vm_generation=1
INTEL_OWNER phase=owner_join_begin vcpu_generation=231 owner_generation=231 owner=216062 vm_generation=1
INTEL_OWNER phase=owner_join_end vcpu_generation=231 owner_generation=231 owner=216062 vm_generation=1
INTEL_OWNER phase=owner_activate vcpu_generation=232 owner_generation=232 owner=216063 vm_generation=1
INTEL_OWNER phase=lease_acquire_end vcpu_generation=232 owner_generation=232 owner=216063 vm_generation=1
INTEL_OWNER phase=vcpu_create_begin vcpu_generation=232 owner_generation=232 owner=216063 vm_generation=1
INTEL_OWNER phase=vcpu_create_end vcpu_generation=232 owner_generation=232 owner=216063 vm_generation=1
[       OK ] HvfIntelProbe.InstructionOnly (14 ms)
[----------] 1 test from HvfIntelProbe (14 ms total)

[==========] 1 test from 1 test suite ran. (14 ms total)
[  PASSED  ] 1 test.

Repeating all tests (iteration 232) . . .

Note: Google Test filter = HvfIntelProbe.InstructionOnly
[==========] Running 1 test from 1 test suite.
[----------] 1 test from HvfIntelProbe
[ RUN      ] HvfIntelProbe.InstructionOnly
INTEL_PROBE phase=executor_initialization
INTEL_PROBE phase=executor_retained
INTEL_PROBE phase=startup_probe
INTEL_PROBE phase=ordinary_steps
INTEL_PROBE phase=instruction_retirement
INTEL_OWNER phase=replacement_parked vcpu_generation=233 owner_generation=233 owner=216064 vm_generation=1
INTEL_OWNER phase=vcpu_destroy_begin vcpu_generation=232 owner_generation=232 owner=216063 vm_generation=1
INTEL_OWNER phase=vcpu_destroy_end vcpu_generation=232 owner_generation=232 owner=216063 vm_generation=1
INTEL_OWNER phase=lease_release_end vcpu_generation=232 owner_generation=232 owner=216063 vm_generation=1
INTEL_OWNER phase=owner_join_begin vcpu_generation=232 owner_generation=232 owner=216063 vm_generation=1
INTEL_OWNER phase=owner_join_end vcpu_generation=232 owner_generation=232 owner=216063 vm_generation=1
INTEL_OWNER phase=owner_activate vcpu_generation=233 owner_generation=233 owner=216064 vm_generation=1
INTEL_OWNER phase=lease_acquire_end vcpu_generation=233 owner_generation=233 owner=216064 vm_generation=1
INTEL_OWNER phase=vcpu_create_begin vcpu_generation=233 owner_generation=233 owner=216064 vm_generation=1
INTEL_OWNER phase=vcpu_create_end vcpu_generation=233 owner_generation=233 owner=216064 vm_generation=1
[       OK ] HvfIntelProbe.InstructionOnly (14 ms)
[----------] 1 test from HvfIntelProbe (14 ms total)

[==========] 1 test from 1 test suite ran. (14 ms total)
[  PASSED  ] 1 test.

Repeating all tests (iteration 233) . . .

Note: Google Test filter = HvfIntelProbe.InstructionOnly
[==========] Running 1 test from 1 test suite.
[----------] 1 test from HvfIntelProbe
[ RUN      ] HvfIntelProbe.InstructionOnly
INTEL_PROBE phase=executor_initialization
INTEL_PROBE phase=executor_retained
INTEL_PROBE phase=startup_probe
INTEL_PROBE phase=ordinary_steps
INTEL_PROBE phase=instruction_retirement
INTEL_OWNER phase=replacement_parked vcpu_generation=234 owner_generation=234 owner=216065 vm_generation=1
INTEL_OWNER phase=vcpu_destroy_begin vcpu_generation=233 owner_generation=233 owner=216064 vm_generation=1
INTEL_OWNER phase=vcpu_destroy_end vcpu_generation=233 owner_generation=233 owner=216064 vm_generation=1
INTEL_OWNER phase=lease_release_end vcpu_generation=233 owner_generation=233 owner=216064 vm_generation=1
INTEL_OWNER phase=owner_join_begin vcpu_generation=233 owner_generation=233 owner=216064 vm_generation=1
INTEL_OWNER phase=owner_join_end vcpu_generation=233 owner_generation=233 owner=216064 vm_generation=1
INTEL_OWNER phase=owner_activate vcpu_generation=234 owner_generation=234 owner=216065 vm_generation=1
INTEL_OWNER phase=lease_acquire_end vcpu_generation=234 owner_generation=234 owner=216065 vm_generation=1
INTEL_OWNER phase=vcpu_create_begin vcpu_generation=234 owner_generation=234 owner=216065 vm_generation=1
INTEL_OWNER phase=vcpu_create_end vcpu_generation=234 owner_generation=234 owner=216065 vm_generation=1
[       OK ] HvfIntelProbe.InstructionOnly (17 ms)
[----------] 1 test from HvfIntelProbe (17 ms total)

[==========] 1 test from 1 test suite ran. (17 ms total)
[  PASSED  ] 1 test.

Repeating all tests (iteration 234) . . .

Note: Google Test filter = HvfIntelProbe.InstructionOnly
[==========] Running 1 test from 1 test suite.
[----------] 1 test from HvfIntelProbe
[ RUN      ] HvfIntelProbe.InstructionOnly
INTEL_PROBE phase=executor_initialization
INTEL_PROBE phase=executor_retained
INTEL_PROBE phase=startup_probe
INTEL_PROBE phase=ordinary_steps
INTEL_PROBE phase=instruction_retirement
INTEL_OWNER phase=replacement_parked vcpu_generation=235 owner_generation=235 owner=216066 vm_generation=1
INTEL_OWNER phase=vcpu_destroy_begin vcpu_generation=234 owner_generation=234 owner=216065 vm_generation=1
INTEL_OWNER phase=vcpu_destroy_end vcpu_generation=234 owner_generation=234 owner=216065 vm_generation=1
INTEL_OWNER phase=lease_release_end vcpu_generation=234 owner_generation=234 owner=216065 vm_generation=1
INTEL_OWNER phase=owner_join_begin vcpu_generation=234 owner_generation=234 owner=216065 vm_generation=1
INTEL_OWNER phase=owner_join_end vcpu_generation=234 owner_generation=234 owner=216065 vm_generation=1
INTEL_OWNER phase=owner_activate vcpu_generation=235 owner_generation=235 owner=216066 vm_generation=1
INTEL_OWNER phase=lease_acquire_end vcpu_generation=235 owner_generation=235 owner=216066 vm_generation=1
INTEL_OWNER phase=vcpu_create_begin vcpu_generation=235 owner_generation=235 owner=216066 vm_generation=1
INTEL_OWNER phase=vcpu_create_end vcpu_generation=235 owner_generation=235 owner=216066 vm_generation=1
[       OK ] HvfIntelProbe.InstructionOnly (21 ms)
[----------] 1 test from HvfIntelProbe (21 ms total)

[==========] 1 test from 1 test suite ran. (21 ms total)
[  PASSED  ] 1 test.

Repeating all tests (iteration 235) . . .

Note: Google Test filter = HvfIntelProbe.InstructionOnly
[==========] Running 1 test from 1 test suite.
[----------] 1 test from HvfIntelProbe
[ RUN      ] HvfIntelProbe.InstructionOnly
INTEL_PROBE phase=executor_initialization
INTEL_PROBE phase=executor_retained
INTEL_PROBE phase=startup_probe
INTEL_PROBE phase=ordinary_steps
INTEL_PROBE phase=instruction_retirement
INTEL_OWNER phase=replacement_parked vcpu_generation=236 owner_generation=236 owner=216067 vm_generation=1
INTEL_OWNER phase=vcpu_destroy_begin vcpu_generation=235 owner_generation=235 owner=216066 vm_generation=1
INTEL_OWNER phase=vcpu_destroy_end vcpu_generation=235 owner_generation=235 owner=216066 vm_generation=1
INTEL_OWNER phase=lease_release_end vcpu_generation=235 owner_generation=235 owner=216066 vm_generation=1
INTEL_OWNER phase=owner_join_begin vcpu_generation=235 owner_generation=235 owner=216066 vm_generation=1
INTEL_OWNER phase=owner_join_end vcpu_generation=235 owner_generation=235 owner=216066 vm_generation=1
INTEL_OWNER phase=owner_activate vcpu_generation=236 owner_generation=236 owner=216067 vm_generation=1
INTEL_OWNER phase=lease_acquire_end vcpu_generation=236 owner_generation=236 owner=216067 vm_generation=1
INTEL_OWNER phase=vcpu_create_begin vcpu_generation=236 owner_generation=236 owner=216067 vm_generation=1
INTEL_OWNER phase=vcpu_create_end vcpu_generation=236 owner_generation=236 owner=216067 vm_generation=1
[       OK ] HvfIntelProbe.InstructionOnly (18 ms)
[----------] 1 test from HvfIntelProbe (18 ms total)

[==========] 1 test from 1 test suite ran. (18 ms total)
[  PASSED  ] 1 test.

Repeating all tests (iteration 236) . . .

Note: Google Test filter = HvfIntelProbe.InstructionOnly
[==========] Running 1 test from 1 test suite.
[----------] 1 test from HvfIntelProbe
[ RUN      ] HvfIntelProbe.InstructionOnly
INTEL_PROBE phase=executor_initialization
INTEL_PROBE phase=executor_retained
INTEL_PROBE phase=startup_probe
INTEL_PROBE phase=ordinary_steps
INTEL_PROBE phase=instruction_retirement
INTEL_OWNER phase=replacement_parked vcpu_generation=237 owner_generation=237 owner=216068 vm_generation=1
INTEL_OWNER phase=vcpu_destroy_begin vcpu_generation=236 owner_generation=236 owner=216067 vm_generation=1
INTEL_OWNER phase=vcpu_destroy_end vcpu_generation=236 owner_generation=236 owner=216067 vm_generation=1
INTEL_OWNER phase=lease_release_end vcpu_generation=236 owner_generation=236 owner=216067 vm_generation=1
INTEL_OWNER phase=owner_join_begin vcpu_generation=236 owner_generation=236 owner=216067 vm_generation=1
INTEL_OWNER phase=owner_join_end vcpu_generation=236 owner_generation=236 owner=216067 vm_generation=1
INTEL_OWNER phase=owner_activate vcpu_generation=237 owner_generation=237 owner=216068 vm_generation=1
INTEL_OWNER phase=lease_acquire_end vcpu_generation=237 owner_generation=237 owner=216068 vm_generation=1
INTEL_OWNER phase=vcpu_create_begin vcpu_generation=237 owner_generation=237 owner=216068 vm_generation=1
INTEL_OWNER phase=vcpu_create_end vcpu_generation=237 owner_generation=237 owner=216068 vm_generation=1
[       OK ] HvfIntelProbe.InstructionOnly (17 ms)
[----------] 1 test from HvfIntelProbe (17 ms total)

[==========] 1 test from 1 test suite ran. (17 ms total)
[  PASSED  ] 1 test.

Repeating all tests (iteration 237) . . .

Note: Google Test filter = HvfIntelProbe.InstructionOnly
[==========] Running 1 test from 1 test suite.
[----------] 1 test from HvfIntelProbe
[ RUN      ] HvfIntelProbe.InstructionOnly
INTEL_PROBE phase=executor_initialization
INTEL_PROBE phase=executor_retained
INTEL_PROBE phase=startup_probe
INTEL_PROBE phase=ordinary_steps
INTEL_PROBE phase=instruction_retirement
INTEL_OWNER phase=replacement_parked vcpu_generation=238 owner_generation=238 owner=216069 vm_generation=1
INTEL_OWNER phase=vcpu_destroy_begin vcpu_generation=237 owner_generation=237 owner=216068 vm_generation=1
INTEL_OWNER phase=vcpu_destroy_end vcpu_generation=237 owner_generation=237 owner=216068 vm_generation=1
INTEL_OWNER phase=lease_release_end vcpu_generation=237 owner_generation=237 owner=216068 vm_generation=1
INTEL_OWNER phase=owner_join_begin vcpu_generation=237 owner_generation=237 owner=216068 vm_generation=1
INTEL_OWNER phase=owner_join_end vcpu_generation=237 owner_generation=237 owner=216068 vm_generation=1
INTEL_OWNER phase=owner_activate vcpu_generation=238 owner_generation=238 owner=216069 vm_generation=1
INTEL_OWNER phase=lease_acquire_end vcpu_generation=238 owner_generation=238 owner=216069 vm_generation=1
INTEL_OWNER phase=vcpu_create_begin vcpu_generation=238 owner_generation=238 owner=216069 vm_generation=1
INTEL_OWNER phase=vcpu_create_end vcpu_generation=238 owner_generation=238 owner=216069 vm_generation=1
[       OK ] HvfIntelProbe.InstructionOnly (17 ms)
[----------] 1 test from HvfIntelProbe (17 ms total)

[==========] 1 test from 1 test suite ran. (17 ms total)
[  PASSED  ] 1 test.

Repeating all tests (iteration 238) . . .

Note: Google Test filter = HvfIntelProbe.InstructionOnly
[==========] Running 1 test from 1 test suite.
[----------] 1 test from HvfIntelProbe
[ RUN      ] HvfIntelProbe.InstructionOnly
INTEL_PROBE phase=executor_initialization
INTEL_PROBE phase=executor_retained
INTEL_PROBE phase=startup_probe
INTEL_PROBE phase=ordinary_steps
INTEL_PROBE phase=instruction_retirement
INTEL_OWNER phase=replacement_parked vcpu_generation=239 owner_generation=239 owner=216071 vm_generation=1
INTEL_OWNER phase=vcpu_destroy_begin vcpu_generation=238 owner_generation=238 owner=216069 vm_generation=1
INTEL_OWNER phase=vcpu_destroy_end vcpu_generation=238 owner_generation=238 owner=216069 vm_generation=1
INTEL_OWNER phase=lease_release_end vcpu_generation=238 owner_generation=238 owner=216069 vm_generation=1
INTEL_OWNER phase=owner_join_begin vcpu_generation=238 owner_generation=238 owner=216069 vm_generation=1
INTEL_OWNER phase=owner_join_end vcpu_generation=238 owner_generation=238 owner=216069 vm_generation=1
INTEL_OWNER phase=owner_activate vcpu_generation=239 owner_generation=239 owner=216071 vm_generation=1
INTEL_OWNER phase=lease_acquire_end vcpu_generation=239 owner_generation=239 owner=216071 vm_generation=1
INTEL_OWNER phase=vcpu_create_begin vcpu_generation=239 owner_generation=239 owner=216071 vm_generation=1
INTEL_OWNER phase=vcpu_create_end vcpu_generation=239 owner_generation=239 owner=216071 vm_generation=1
[       OK ] HvfIntelProbe.InstructionOnly (19 ms)
[----------] 1 test from HvfIntelProbe (19 ms total)

[==========] 1 test from 1 test suite ran. (19 ms total)
[  PASSED  ] 1 test.

Repeating all tests (iteration 239) . . .

Note: Google Test filter = HvfIntelProbe.InstructionOnly
[==========] Running 1 test from 1 test suite.
[----------] 1 test from HvfIntelProbe
[ RUN      ] HvfIntelProbe.InstructionOnly
INTEL_PROBE phase=executor_initialization
INTEL_PROBE phase=executor_retained
INTEL_PROBE phase=startup_probe
INTEL_PROBE phase=ordinary_steps
INTEL_PROBE phase=instruction_retirement
INTEL_OWNER phase=replacement_parked vcpu_generation=240 owner_generation=240 owner=216075 vm_generation=1
INTEL_OWNER phase=vcpu_destroy_begin vcpu_generation=239 owner_generation=239 owner=216071 vm_generation=1
INTEL_OWNER phase=vcpu_destroy_end vcpu_generation=239 owner_generation=239 owner=216071 vm_generation=1
INTEL_OWNER phase=lease_release_end vcpu_generation=239 owner_generation=239 owner=216071 vm_generation=1
INTEL_OWNER phase=owner_join_begin vcpu_generation=239 owner_generation=239 owner=216071 vm_generation=1
INTEL_OWNER phase=owner_join_end vcpu_generation=239 owner_generation=239 owner=216071 vm_generation=1
INTEL_OWNER phase=owner_activate vcpu_generation=240 owner_generation=240 owner=216075 vm_generation=1
INTEL_OWNER phase=lease_acquire_end vcpu_generation=240 owner_generation=240 owner=216075 vm_generation=1
INTEL_OWNER phase=vcpu_create_begin vcpu_generation=240 owner_generation=240 owner=216075 vm_generation=1
INTEL_OWNER phase=vcpu_create_end vcpu_generation=240 owner_generation=240 owner=216075 vm_generation=1
[       OK ] HvfIntelProbe.InstructionOnly (22 ms)
[----------] 1 test from HvfIntelProbe (22 ms total)

[==========] 1 test from 1 test suite ran. (22 ms total)
[  PASSED  ] 1 test.

Repeating all tests (iteration 240) . . .

Note: Google Test filter = HvfIntelProbe.InstructionOnly
[==========] Running 1 test from 1 test suite.
[----------] 1 test from HvfIntelProbe
[ RUN      ] HvfIntelProbe.InstructionOnly
INTEL_PROBE phase=executor_initialization
INTEL_PROBE phase=executor_retained
INTEL_PROBE phase=startup_probe
INTEL_PROBE phase=ordinary_steps
INTEL_PROBE phase=instruction_retirement
INTEL_OWNER phase=replacement_parked vcpu_generation=241 owner_generation=241 owner=216080 vm_generation=1
INTEL_OWNER phase=vcpu_destroy_begin vcpu_generation=240 owner_generation=240 owner=216075 vm_generation=1
INTEL_OWNER phase=vcpu_destroy_end vcpu_generation=240 owner_generation=240 owner=216075 vm_generation=1
INTEL_OWNER phase=lease_release_end vcpu_generation=240 owner_generation=240 owner=216075 vm_generation=1
INTEL_OWNER phase=owner_join_begin vcpu_generation=240 owner_generation=240 owner=216075 vm_generation=1
INTEL_OWNER phase=owner_join_end vcpu_generation=240 owner_generation=240 owner=216075 vm_generation=1
INTEL_OWNER phase=owner_activate vcpu_generation=241 owner_generation=241 owner=216080 vm_generation=1
INTEL_OWNER phase=lease_acquire_end vcpu_generation=241 owner_generation=241 owner=216080 vm_generation=1
INTEL_OWNER phase=vcpu_create_begin vcpu_generation=241 owner_generation=241 owner=216080 vm_generation=1
INTEL_OWNER phase=vcpu_create_end vcpu_generation=241 owner_generation=241 owner=216080 vm_generation=1
[       OK ] HvfIntelProbe.InstructionOnly (24 ms)
[----------] 1 test from HvfIntelProbe (24 ms total)

[==========] 1 test from 1 test suite ran. (24 ms total)
[  PASSED  ] 1 test.

Repeating all tests (iteration 241) . . .

Note: Google Test filter = HvfIntelProbe.InstructionOnly
[==========] Running 1 test from 1 test suite.
[----------] 1 test from HvfIntelProbe
[ RUN      ] HvfIntelProbe.InstructionOnly
INTEL_PROBE phase=executor_initialization
INTEL_PROBE phase=executor_retained
INTEL_PROBE phase=startup_probe
INTEL_PROBE phase=ordinary_steps
INTEL_PROBE phase=instruction_retirement
INTEL_OWNER phase=replacement_parked vcpu_generation=242 owner_generation=242 owner=216081 vm_generation=1
INTEL_OWNER phase=vcpu_destroy_begin vcpu_generation=241 owner_generation=241 owner=216080 vm_generation=1
INTEL_OWNER phase=vcpu_destroy_end vcpu_generation=241 owner_generation=241 owner=216080 vm_generation=1
INTEL_OWNER phase=lease_release_end vcpu_generation=241 owner_generation=241 owner=216080 vm_generation=1
INTEL_OWNER phase=owner_join_begin vcpu_generation=241 owner_generation=241 owner=216080 vm_generation=1
INTEL_OWNER phase=owner_join_end vcpu_generation=241 owner_generation=241 owner=216080 vm_generation=1
INTEL_OWNER phase=owner_activate vcpu_generation=242 owner_generation=242 owner=216081 vm_generation=1
INTEL_OWNER phase=lease_acquire_end vcpu_generation=242 owner_generation=242 owner=216081 vm_generation=1
INTEL_OWNER phase=vcpu_create_begin vcpu_generation=242 owner_generation=242 owner=216081 vm_generation=1
INTEL_OWNER phase=vcpu_create_end vcpu_generation=242 owner_generation=242 owner=216081 vm_generation=1
[       OK ] HvfIntelProbe.InstructionOnly (20 ms)
[----------] 1 test from HvfIntelProbe (20 ms total)

[==========] 1 test from 1 test suite ran. (20 ms total)
[  PASSED  ] 1 test.

Repeating all tests (iteration 242) . . .

Note: Google Test filter = HvfIntelProbe.InstructionOnly
[==========] Running 1 test from 1 test suite.
[----------] 1 test from HvfIntelProbe
[ RUN      ] HvfIntelProbe.InstructionOnly
INTEL_PROBE phase=executor_initialization
INTEL_PROBE phase=executor_retained
INTEL_PROBE phase=startup_probe
INTEL_PROBE phase=ordinary_steps
INTEL_PROBE phase=instruction_retirement
INTEL_OWNER phase=replacement_parked vcpu_generation=243 owner_generation=243 owner=216082 vm_generation=1
INTEL_OWNER phase=vcpu_destroy_begin vcpu_generation=242 owner_generation=242 owner=216081 vm_generation=1
INTEL_OWNER phase=vcpu_destroy_end vcpu_generation=242 owner_generation=242 owner=216081 vm_generation=1
INTEL_OWNER phase=lease_release_end vcpu_generation=242 owner_generation=242 owner=216081 vm_generation=1
INTEL_OWNER phase=owner_join_begin vcpu_generation=242 owner_generation=242 owner=216081 vm_generation=1
INTEL_OWNER phase=owner_join_end vcpu_generation=242 owner_generation=242 owner=216081 vm_generation=1
INTEL_OWNER phase=owner_activate vcpu_generation=243 owner_generation=243 owner=216082 vm_generation=1
INTEL_OWNER phase=lease_acquire_end vcpu_generation=243 owner_generation=243 owner=216082 vm_generation=1
INTEL_OWNER phase=vcpu_create_begin vcpu_generation=243 owner_generation=243 owner=216082 vm_generation=1
INTEL_OWNER phase=vcpu_create_end vcpu_generation=243 owner_generation=243 owner=216082 vm_generation=1
[       OK ] HvfIntelProbe.InstructionOnly (20 ms)
[----------] 1 test from HvfIntelProbe (20 ms total)

[==========] 1 test from 1 test suite ran. (20 ms total)
[  PASSED  ] 1 test.

Repeating all tests (iteration 243) . . .

Note: Google Test filter = HvfIntelProbe.InstructionOnly
[==========] Running 1 test from 1 test suite.
[----------] 1 test from HvfIntelProbe
[ RUN      ] HvfIntelProbe.InstructionOnly
INTEL_PROBE phase=executor_initialization
INTEL_PROBE phase=executor_retained
INTEL_PROBE phase=startup_probe
INTEL_PROBE phase=ordinary_steps
INTEL_PROBE phase=instruction_retirement
INTEL_OWNER phase=replacement_parked vcpu_generation=244 owner_generation=244 owner=216087 vm_generation=1
INTEL_OWNER phase=vcpu_destroy_begin vcpu_generation=243 owner_generation=243 owner=216082 vm_generation=1
INTEL_OWNER phase=vcpu_destroy_end vcpu_generation=243 owner_generation=243 owner=216082 vm_generation=1
INTEL_OWNER phase=lease_release_end vcpu_generation=243 owner_generation=243 owner=216082 vm_generation=1
INTEL_OWNER phase=owner_join_begin vcpu_generation=243 owner_generation=243 owner=216082 vm_generation=1
INTEL_OWNER phase=owner_join_end vcpu_generation=243 owner_generation=243 owner=216082 vm_generation=1
INTEL_OWNER phase=owner_activate vcpu_generation=244 owner_generation=244 owner=216087 vm_generation=1
INTEL_OWNER phase=lease_acquire_end vcpu_generation=244 owner_generation=244 owner=216087 vm_generation=1
INTEL_OWNER phase=vcpu_create_begin vcpu_generation=244 owner_generation=244 owner=216087 vm_generation=1
INTEL_OWNER phase=vcpu_create_end vcpu_generation=244 owner_generation=244 owner=216087 vm_generation=1
[       OK ] HvfIntelProbe.InstructionOnly (30 ms)
[----------] 1 test from HvfIntelProbe (30 ms total)

[==========] 1 test from 1 test suite ran. (30 ms total)
[  PASSED  ] 1 test.

Repeating all tests (iteration 244) . . .

Note: Google Test filter = HvfIntelProbe.InstructionOnly
[==========] Running 1 test from 1 test suite.
[----------] 1 test from HvfIntelProbe
[ RUN      ] HvfIntelProbe.InstructionOnly
INTEL_PROBE phase=executor_initialization
INTEL_PROBE phase=executor_retained
INTEL_PROBE phase=startup_probe
INTEL_PROBE phase=ordinary_steps
INTEL_PROBE phase=instruction_retirement
INTEL_OWNER phase=replacement_parked vcpu_generation=245 owner_generation=245 owner=216089 vm_generation=1
INTEL_OWNER phase=vcpu_destroy_begin vcpu_generation=244 owner_generation=244 owner=216087 vm_generation=1
INTEL_OWNER phase=vcpu_destroy_end vcpu_generation=244 owner_generation=244 owner=216087 vm_generation=1
INTEL_OWNER phase=lease_release_end vcpu_generation=244 owner_generation=244 owner=216087 vm_generation=1
INTEL_OWNER phase=owner_join_begin vcpu_generation=244 owner_generation=244 owner=216087 vm_generation=1
INTEL_OWNER phase=owner_join_end vcpu_generation=244 owner_generation=244 owner=216087 vm_generation=1
INTEL_OWNER phase=owner_activate vcpu_generation=245 owner_generation=245 owner=216089 vm_generation=1
INTEL_OWNER phase=lease_acquire_end vcpu_generation=245 owner_generation=245 owner=216089 vm_generation=1
INTEL_OWNER phase=vcpu_create_begin vcpu_generation=245 owner_generation=245 owner=216089 vm_generation=1
INTEL_OWNER phase=vcpu_create_end vcpu_generation=245 owner_generation=245 owner=216089 vm_generation=1
[       OK ] HvfIntelProbe.InstructionOnly (23 ms)
[----------] 1 test from HvfIntelProbe (23 ms total)

[==========] 1 test from 1 test suite ran. (23 ms total)
[  PASSED  ] 1 test.

Repeating all tests (iteration 245) . . .

Note: Google Test filter = HvfIntelProbe.InstructionOnly
[==========] Running 1 test from 1 test suite.
[----------] 1 test from HvfIntelProbe
[ RUN      ] HvfIntelProbe.InstructionOnly
INTEL_PROBE phase=executor_initialization
INTEL_PROBE phase=executor_retained
INTEL_PROBE phase=startup_probe
INTEL_PROBE phase=ordinary_steps
INTEL_PROBE phase=instruction_retirement
INTEL_OWNER phase=replacement_parked vcpu_generation=246 owner_generation=246 owner=216090 vm_generation=1
INTEL_OWNER phase=vcpu_destroy_begin vcpu_generation=245 owner_generation=245 owner=216089 vm_generation=1
INTEL_OWNER phase=vcpu_destroy_end vcpu_generation=245 owner_generation=245 owner=216089 vm_generation=1
INTEL_OWNER phase=lease_release_end vcpu_generation=245 owner_generation=245 owner=216089 vm_generation=1
INTEL_OWNER phase=owner_join_begin vcpu_generation=245 owner_generation=245 owner=216089 vm_generation=1
INTEL_OWNER phase=owner_join_end vcpu_generation=245 owner_generation=245 owner=216089 vm_generation=1
INTEL_OWNER phase=owner_activate vcpu_generation=246 owner_generation=246 owner=216090 vm_generation=1
INTEL_OWNER phase=lease_acquire_end vcpu_generation=246 owner_generation=246 owner=216090 vm_generation=1
INTEL_OWNER phase=vcpu_create_begin vcpu_generation=246 owner_generation=246 owner=216090 vm_generation=1
INTEL_OWNER phase=vcpu_create_end vcpu_generation=246 owner_generation=246 owner=216090 vm_generation=1
[       OK ] HvfIntelProbe.InstructionOnly (19 ms)
[----------] 1 test from HvfIntelProbe (19 ms total)

[==========] 1 test from 1 test suite ran. (19 ms total)
[  PASSED  ] 1 test.

Repeating all tests (iteration 246) . . .

Note: Google Test filter = HvfIntelProbe.InstructionOnly
[==========] Running 1 test from 1 test suite.
[----------] 1 test from HvfIntelProbe
[ RUN      ] HvfIntelProbe.InstructionOnly
INTEL_PROBE phase=executor_initialization
INTEL_PROBE phase=executor_retained
INTEL_PROBE phase=startup_probe
INTEL_PROBE phase=ordinary_steps
INTEL_PROBE phase=instruction_retirement
INTEL_OWNER phase=replacement_parked vcpu_generation=247 owner_generation=247 owner=216092 vm_generation=1
INTEL_OWNER phase=vcpu_destroy_begin vcpu_generation=246 owner_generation=246 owner=216090 vm_generation=1
INTEL_OWNER phase=vcpu_destroy_end vcpu_generation=246 owner_generation=246 owner=216090 vm_generation=1
INTEL_OWNER phase=lease_release_end vcpu_generation=246 owner_generation=246 owner=216090 vm_generation=1
INTEL_OWNER phase=owner_join_begin vcpu_generation=246 owner_generation=246 owner=216090 vm_generation=1
INTEL_OWNER phase=owner_join_end vcpu_generation=246 owner_generation=246 owner=216090 vm_generation=1
INTEL_OWNER phase=owner_activate vcpu_generation=247 owner_generation=247 owner=216092 vm_generation=1
INTEL_OWNER phase=lease_acquire_end vcpu_generation=247 owner_generation=247 owner=216092 vm_generation=1
INTEL_OWNER phase=vcpu_create_begin vcpu_generation=247 owner_generation=247 owner=216092 vm_generation=1
INTEL_OWNER phase=vcpu_create_end vcpu_generation=247 owner_generation=247 owner=216092 vm_generation=1
[       OK ] HvfIntelProbe.InstructionOnly (20 ms)
[----------] 1 test from HvfIntelProbe (20 ms total)

[==========] 1 test from 1 test suite ran. (20 ms total)
[  PASSED  ] 1 test.

Repeating all tests (iteration 247) . . .

Note: Google Test filter = HvfIntelProbe.InstructionOnly
[==========] Running 1 test from 1 test suite.
[----------] 1 test from HvfIntelProbe
[ RUN      ] HvfIntelProbe.InstructionOnly
INTEL_PROBE phase=executor_initialization
INTEL_PROBE phase=executor_retained
INTEL_PROBE phase=startup_probe
INTEL_PROBE phase=ordinary_steps
INTEL_PROBE phase=instruction_retirement
INTEL_OWNER phase=replacement_parked vcpu_generation=248 owner_generation=248 owner=216093 vm_generation=1
INTEL_OWNER phase=vcpu_destroy_begin vcpu_generation=247 owner_generation=247 owner=216092 vm_generation=1
INTEL_OWNER phase=vcpu_destroy_end vcpu_generation=247 owner_generation=247 owner=216092 vm_generation=1
INTEL_OWNER phase=lease_release_end vcpu_generation=247 owner_generation=247 owner=216092 vm_generation=1
INTEL_OWNER phase=owner_join_begin vcpu_generation=247 owner_generation=247 owner=216092 vm_generation=1
INTEL_OWNER phase=owner_join_end vcpu_generation=247 owner_generation=247 owner=216092 vm_generation=1
INTEL_OWNER phase=owner_activate vcpu_generation=248 owner_generation=248 owner=216093 vm_generation=1
INTEL_OWNER phase=lease_acquire_end vcpu_generation=248 owner_generation=248 owner=216093 vm_generation=1
INTEL_OWNER phase=vcpu_create_begin vcpu_generation=248 owner_generation=248 owner=216093 vm_generation=1
INTEL_OWNER phase=vcpu_create_end vcpu_generation=248 owner_generation=248 owner=216093 vm_generation=1
[       OK ] HvfIntelProbe.InstructionOnly (17 ms)
[----------] 1 test from HvfIntelProbe (17 ms total)

[==========] 1 test from 1 test suite ran. (17 ms total)
[  PASSED  ] 1 test.

Repeating all tests (iteration 248) . . .

Note: Google Test filter = HvfIntelProbe.InstructionOnly
[==========] Running 1 test from 1 test suite.
[----------] 1 test from HvfIntelProbe
[ RUN      ] HvfIntelProbe.InstructionOnly
INTEL_PROBE phase=executor_initialization
INTEL_PROBE phase=executor_retained
INTEL_PROBE phase=startup_probe
INTEL_PROBE phase=ordinary_steps
INTEL_PROBE phase=instruction_retirement
INTEL_OWNER phase=replacement_parked vcpu_generation=249 owner_generation=249 owner=216094 vm_generation=1
INTEL_OWNER phase=vcpu_destroy_begin vcpu_generation=248 owner_generation=248 owner=216093 vm_generation=1
INTEL_OWNER phase=vcpu_destroy_end vcpu_generation=248 owner_generation=248 owner=216093 vm_generation=1
INTEL_OWNER phase=lease_release_end vcpu_generation=248 owner_generation=248 owner=216093 vm_generation=1
INTEL_OWNER phase=owner_join_begin vcpu_generation=248 owner_generation=248 owner=216093 vm_generation=1
INTEL_OWNER phase=owner_join_end vcpu_generation=248 owner_generation=248 owner=216093 vm_generation=1
INTEL_OWNER phase=owner_activate vcpu_generation=249 owner_generation=249 owner=216094 vm_generation=1
INTEL_OWNER phase=lease_acquire_end vcpu_generation=249 owner_generation=249 owner=216094 vm_generation=1
INTEL_OWNER phase=vcpu_create_begin vcpu_generation=249 owner_generation=249 owner=216094 vm_generation=1
INTEL_OWNER phase=vcpu_create_end vcpu_generation=249 owner_generation=249 owner=216094 vm_generation=1
[       OK ] HvfIntelProbe.InstructionOnly (18 ms)
[----------] 1 test from HvfIntelProbe (18 ms total)

[==========] 1 test from 1 test suite ran. (18 ms total)
[  PASSED  ] 1 test.

Repeating all tests (iteration 249) . . .

Note: Google Test filter = HvfIntelProbe.InstructionOnly
[==========] Running 1 test from 1 test suite.
[----------] 1 test from HvfIntelProbe
[ RUN      ] HvfIntelProbe.InstructionOnly
INTEL_PROBE phase=executor_initialization
INTEL_PROBE phase=executor_retained
INTEL_PROBE phase=startup_probe
INTEL_PROBE phase=ordinary_steps
INTEL_PROBE phase=instruction_retirement
INTEL_OWNER phase=replacement_parked vcpu_generation=250 owner_generation=250 owner=216095 vm_generation=1
INTEL_OWNER phase=vcpu_destroy_begin vcpu_generation=249 owner_generation=249 owner=216094 vm_generation=1
INTEL_OWNER phase=vcpu_destroy_end vcpu_generation=249 owner_generation=249 owner=216094 vm_generation=1
INTEL_OWNER phase=lease_release_end vcpu_generation=249 owner_generation=249 owner=216094 vm_generation=1
INTEL_OWNER phase=owner_join_begin vcpu_generation=249 owner_generation=249 owner=216094 vm_generation=1
INTEL_OWNER phase=owner_join_end vcpu_generation=249 owner_generation=249 owner=216094 vm_generation=1
INTEL_OWNER phase=owner_activate vcpu_generation=250 owner_generation=250 owner=216095 vm_generation=1
INTEL_OWNER phase=lease_acquire_end vcpu_generation=250 owner_generation=250 owner=216095 vm_generation=1
INTEL_OWNER phase=vcpu_create_begin vcpu_generation=250 owner_generation=250 owner=216095 vm_generation=1
INTEL_OWNER phase=vcpu_create_end vcpu_generation=250 owner_generation=250 owner=216095 vm_generation=1
[       OK ] HvfIntelProbe.InstructionOnly (18 ms)
[----------] 1 test from HvfIntelProbe (18 ms total)

[==========] 1 test from 1 test suite ran. (18 ms total)
[  PASSED  ] 1 test.

Repeating all tests (iteration 250) . . .

Note: Google Test filter = HvfIntelProbe.InstructionOnly
[==========] Running 1 test from 1 test suite.
[----------] 1 test from HvfIntelProbe
[ RUN      ] HvfIntelProbe.InstructionOnly
INTEL_PROBE phase=executor_initialization
INTEL_PROBE phase=executor_retained
INTEL_PROBE phase=startup_probe
INTEL_PROBE phase=ordinary_steps
INTEL_PROBE phase=instruction_retirement
INTEL_OWNER phase=replacement_parked vcpu_generation=251 owner_generation=251 owner=216096 vm_generation=1
INTEL_OWNER phase=vcpu_destroy_begin vcpu_generation=250 owner_generation=250 owner=216095 vm_generation=1
INTEL_OWNER phase=vcpu_destroy_end vcpu_generation=250 owner_generation=250 owner=216095 vm_generation=1
INTEL_OWNER phase=lease_release_end vcpu_generation=250 owner_generation=250 owner=216095 vm_generation=1
INTEL_OWNER phase=owner_join_begin vcpu_generation=250 owner_generation=250 owner=216095 vm_generation=1
INTEL_OWNER phase=owner_join_end vcpu_generation=250 owner_generation=250 owner=216095 vm_generation=1
INTEL_OWNER phase=owner_activate vcpu_generation=251 owner_generation=251 owner=216096 vm_generation=1
INTEL_OWNER phase=lease_acquire_end vcpu_generation=251 owner_generation=251 owner=216096 vm_generation=1
INTEL_OWNER phase=vcpu_create_begin vcpu_generation=251 owner_generation=251 owner=216096 vm_generation=1
INTEL_OWNER phase=vcpu_create_end vcpu_generation=251 owner_generation=251 owner=216096 vm_generation=1
[       OK ] HvfIntelProbe.InstructionOnly (17 ms)
[----------] 1 test from HvfIntelProbe (17 ms total)

[==========] 1 test from 1 test suite ran. (17 ms total)
[  PASSED  ] 1 test.

Repeating all tests (iteration 251) . . .

Note: Google Test filter = HvfIntelProbe.InstructionOnly
[==========] Running 1 test from 1 test suite.
[----------] 1 test from HvfIntelProbe
[ RUN      ] HvfIntelProbe.InstructionOnly
INTEL_PROBE phase=executor_initialization
INTEL_PROBE phase=executor_retained
INTEL_PROBE phase=startup_probe
INTEL_PROBE phase=ordinary_steps
INTEL_PROBE phase=instruction_retirement
INTEL_OWNER phase=replacement_parked vcpu_generation=252 owner_generation=252 owner=216097 vm_generation=1
INTEL_OWNER phase=vcpu_destroy_begin vcpu_generation=251 owner_generation=251 owner=216096 vm_generation=1
INTEL_OWNER phase=vcpu_destroy_end vcpu_generation=251 owner_generation=251 owner=216096 vm_generation=1
INTEL_OWNER phase=lease_release_end vcpu_generation=251 owner_generation=251 owner=216096 vm_generation=1
INTEL_OWNER phase=owner_join_begin vcpu_generation=251 owner_generation=251 owner=216096 vm_generation=1
INTEL_OWNER phase=owner_join_end vcpu_generation=251 owner_generation=251 owner=216096 vm_generation=1
INTEL_OWNER phase=owner_activate vcpu_generation=252 owner_generation=252 owner=216097 vm_generation=1
INTEL_OWNER phase=lease_acquire_end vcpu_generation=252 owner_generation=252 owner=216097 vm_generation=1
INTEL_OWNER phase=vcpu_create_begin vcpu_generation=252 owner_generation=252 owner=216097 vm_generation=1
INTEL_OWNER phase=vcpu_create_end vcpu_generation=252 owner_generation=252 owner=216097 vm_generation=1
[       OK ] HvfIntelProbe.InstructionOnly (18 ms)
[----------] 1 test from HvfIntelProbe (18 ms total)

[==========] 1 test from 1 test suite ran. (18 ms total)
[  PASSED  ] 1 test.

Repeating all tests (iteration 252) . . .

Note: Google Test filter = HvfIntelProbe.InstructionOnly
[==========] Running 1 test from 1 test suite.
[----------] 1 test from HvfIntelProbe
[ RUN      ] HvfIntelProbe.InstructionOnly
INTEL_PROBE phase=executor_initialization
INTEL_PROBE phase=executor_retained
INTEL_PROBE phase=startup_probe
INTEL_PROBE phase=ordinary_steps
INTEL_PROBE phase=instruction_retirement
INTEL_OWNER phase=replacement_parked vcpu_generation=253 owner_generation=253 owner=216098 vm_generation=1
INTEL_OWNER phase=vcpu_destroy_begin vcpu_generation=252 owner_generation=252 owner=216097 vm_generation=1
INTEL_OWNER phase=vcpu_destroy_end vcpu_generation=252 owner_generation=252 owner=216097 vm_generation=1
INTEL_OWNER phase=lease_release_end vcpu_generation=252 owner_generation=252 owner=216097 vm_generation=1
INTEL_OWNER phase=owner_join_begin vcpu_generation=252 owner_generation=252 owner=216097 vm_generation=1
INTEL_OWNER phase=owner_join_end vcpu_generation=252 owner_generation=252 owner=216097 vm_generation=1
INTEL_OWNER phase=owner_activate vcpu_generation=253 owner_generation=253 owner=216098 vm_generation=1
INTEL_OWNER phase=lease_acquire_end vcpu_generation=253 owner_generation=253 owner=216098 vm_generation=1
INTEL_OWNER phase=vcpu_create_begin vcpu_generation=253 owner_generation=253 owner=216098 vm_generation=1
INTEL_OWNER phase=vcpu_create_end vcpu_generation=253 owner_generation=253 owner=216098 vm_generation=1
[       OK ] HvfIntelProbe.InstructionOnly (19 ms)
[----------] 1 test from HvfIntelProbe (19 ms total)

[==========] 1 test from 1 test suite ran. (19 ms total)
[  PASSED  ] 1 test.

Repeating all tests (iteration 253) . . .

Note: Google Test filter = HvfIntelProbe.InstructionOnly
[==========] Running 1 test from 1 test suite.
[----------] 1 test from HvfIntelProbe
[ RUN      ] HvfIntelProbe.InstructionOnly
INTEL_PROBE phase=executor_initialization
INTEL_PROBE phase=executor_retained
INTEL_PROBE phase=startup_probe
INTEL_PROBE phase=ordinary_steps
INTEL_PROBE phase=instruction_retirement
INTEL_OWNER phase=replacement_parked vcpu_generation=254 owner_generation=254 owner=216099 vm_generation=1
INTEL_OWNER phase=vcpu_destroy_begin vcpu_generation=253 owner_generation=253 owner=216098 vm_generation=1
INTEL_OWNER phase=vcpu_destroy_end vcpu_generation=253 owner_generation=253 owner=216098 vm_generation=1
INTEL_OWNER phase=lease_release_end vcpu_generation=253 owner_generation=253 owner=216098 vm_generation=1
INTEL_OWNER phase=owner_join_begin vcpu_generation=253 owner_generation=253 owner=216098 vm_generation=1
INTEL_OWNER phase=owner_join_end vcpu_generation=253 owner_generation=253 owner=216098 vm_generation=1
INTEL_OWNER phase=owner_activate vcpu_generation=254 owner_generation=254 owner=216099 vm_generation=1
INTEL_OWNER phase=lease_acquire_end vcpu_generation=254 owner_generation=254 owner=216099 vm_generation=1
INTEL_OWNER phase=vcpu_create_begin vcpu_generation=254 owner_generation=254 owner=216099 vm_generation=1
INTEL_OWNER phase=vcpu_create_end vcpu_generation=254 owner_generation=254 owner=216099 vm_generation=1
[       OK ] HvfIntelProbe.InstructionOnly (19 ms)
[----------] 1 test from HvfIntelProbe (19 ms total)

[==========] 1 test from 1 test suite ran. (19 ms total)
[  PASSED  ] 1 test.

Repeating all tests (iteration 254) . . .

Note: Google Test filter = HvfIntelProbe.InstructionOnly
[==========] Running 1 test from 1 test suite.
[----------] 1 test from HvfIntelProbe
[ RUN      ] HvfIntelProbe.InstructionOnly
INTEL_PROBE phase=executor_initialization
INTEL_PROBE phase=executor_retained
INTEL_PROBE phase=startup_probe
INTEL_PROBE phase=ordinary_steps
INTEL_PROBE phase=instruction_retirement
INTEL_OWNER phase=replacement_parked vcpu_generation=255 owner_generation=255 owner=216100 vm_generation=1
INTEL_OWNER phase=vcpu_destroy_begin vcpu_generation=254 owner_generation=254 owner=216099 vm_generation=1
INTEL_OWNER phase=vcpu_destroy_end vcpu_generation=254 owner_generation=254 owner=216099 vm_generation=1
INTEL_OWNER phase=lease_release_end vcpu_generation=254 owner_generation=254 owner=216099 vm_generation=1
INTEL_OWNER phase=owner_join_begin vcpu_generation=254 owner_generation=254 owner=216099 vm_generation=1
INTEL_OWNER phase=owner_join_end vcpu_generation=254 owner_generation=254 owner=216099 vm_generation=1
INTEL_OWNER phase=owner_activate vcpu_generation=255 owner_generation=255 owner=216100 vm_generation=1
INTEL_OWNER phase=lease_acquire_end vcpu_generation=255 owner_generation=255 owner=216100 vm_generation=1
INTEL_OWNER phase=vcpu_create_begin vcpu_generation=255 owner_generation=255 owner=216100 vm_generation=1
INTEL_OWNER phase=vcpu_create_end vcpu_generation=255 owner_generation=255 owner=216100 vm_generation=1
[       OK ] HvfIntelProbe.InstructionOnly (17 ms)
[----------] 1 test from HvfIntelProbe (17 ms total)

[==========] 1 test from 1 test suite ran. (17 ms total)
[  PASSED  ] 1 test.

Repeating all tests (iteration 255) . . .

Note: Google Test filter = HvfIntelProbe.InstructionOnly
[==========] Running 1 test from 1 test suite.
[----------] 1 test from HvfIntelProbe
[ RUN      ] HvfIntelProbe.InstructionOnly
INTEL_PROBE phase=executor_initialization
INTEL_PROBE phase=executor_retained
INTEL_PROBE phase=startup_probe
INTEL_PROBE phase=ordinary_steps
INTEL_PROBE phase=instruction_retirement
INTEL_OWNER phase=replacement_parked vcpu_generation=256 owner_generation=256 owner=216101 vm_generation=1
INTEL_OWNER phase=vcpu_destroy_begin vcpu_generation=255 owner_generation=255 owner=216100 vm_generation=1
INTEL_OWNER phase=vcpu_destroy_end vcpu_generation=255 owner_generation=255 owner=216100 vm_generation=1
INTEL_OWNER phase=lease_release_end vcpu_generation=255 owner_generation=255 owner=216100 vm_generation=1
INTEL_OWNER phase=owner_join_begin vcpu_generation=255 owner_generation=255 owner=216100 vm_generation=1
INTEL_OWNER phase=owner_join_end vcpu_generation=255 owner_generation=255 owner=216100 vm_generation=1
INTEL_OWNER phase=owner_activate vcpu_generation=256 owner_generation=256 owner=216101 vm_generation=1
INTEL_OWNER phase=lease_acquire_end vcpu_generation=256 owner_generation=256 owner=216101 vm_generation=1
INTEL_OWNER phase=vcpu_create_begin vcpu_generation=256 owner_generation=256 owner=216101 vm_generation=1
INTEL_OWNER phase=vcpu_create_end vcpu_generation=256 owner_generation=256 owner=216101 vm_generation=1
[       OK ] HvfIntelProbe.InstructionOnly (20 ms)
[----------] 1 test from HvfIntelProbe (20 ms total)

[==========] 1 test from 1 test suite ran. (20 ms total)
[  PASSED  ] 1 test.

Repeating all tests (iteration 256) . . .

Note: Google Test filter = HvfIntelProbe.InstructionOnly
[==========] Running 1 test from 1 test suite.
[----------] 1 test from HvfIntelProbe
[ RUN      ] HvfIntelProbe.InstructionOnly
INTEL_PROBE phase=executor_initialization
INTEL_PROBE phase=executor_retained
INTEL_PROBE phase=startup_probe
INTEL_PROBE phase=ordinary_steps
INTEL_PROBE phase=instruction_retirement
INTEL_OWNER phase=replacement_parked vcpu_generation=257 owner_generation=257 owner=216102 vm_generation=1
INTEL_OWNER phase=vcpu_destroy_begin vcpu_generation=256 owner_generation=256 owner=216101 vm_generation=1
INTEL_OWNER phase=vcpu_destroy_end vcpu_generation=256 owner_generation=256 owner=216101 vm_generation=1
INTEL_OWNER phase=lease_release_end vcpu_generation=256 owner_generation=256 owner=216101 vm_generation=1
INTEL_OWNER phase=owner_join_begin vcpu_generation=256 owner_generation=256 owner=216101 vm_generation=1
INTEL_OWNER phase=owner_join_end vcpu_generation=256 owner_generation=256 owner=216101 vm_generation=1
INTEL_OWNER phase=owner_activate vcpu_generation=257 owner_generation=257 owner=216102 vm_generation=1
INTEL_OWNER phase=lease_acquire_end vcpu_generation=257 owner_generation=257 owner=216102 vm_generation=1
INTEL_OWNER phase=vcpu_create_begin vcpu_generation=257 owner_generation=257 owner=216102 vm_generation=1
INTEL_OWNER phase=vcpu_create_end vcpu_generation=257 owner_generation=257 owner=216102 vm_generation=1
[       OK ] HvfIntelProbe.InstructionOnly (18 ms)
[----------] 1 test from HvfIntelProbe (18 ms total)

[==========] 1 test from 1 test suite ran. (18 ms total)
[  PASSED  ] 1 test.

Repeating all tests (iteration 257) . . .

Note: Google Test filter = HvfIntelProbe.InstructionOnly
[==========] Running 1 test from 1 test suite.
[----------] 1 test from HvfIntelProbe
[ RUN      ] HvfIntelProbe.InstructionOnly
INTEL_PROBE phase=executor_initialization
INTEL_PROBE phase=executor_retained
INTEL_PROBE phase=startup_probe
INTEL_PROBE phase=ordinary_steps
INTEL_PROBE phase=instruction_retirement
INTEL_OWNER phase=replacement_parked vcpu_generation=258 owner_generation=258 owner=216103 vm_generation=1
INTEL_OWNER phase=vcpu_destroy_begin vcpu_generation=257 owner_generation=257 owner=216102 vm_generation=1
INTEL_OWNER phase=vcpu_destroy_end vcpu_generation=257 owner_generation=257 owner=216102 vm_generation=1
INTEL_OWNER phase=lease_release_end vcpu_generation=257 owner_generation=257 owner=216102 vm_generation=1
INTEL_OWNER phase=owner_join_begin vcpu_generation=257 owner_generation=257 owner=216102 vm_generation=1
INTEL_OWNER phase=owner_join_end vcpu_generation=257 owner_generation=257 owner=216102 vm_generation=1
INTEL_OWNER phase=owner_activate vcpu_generation=258 owner_generation=258 owner=216103 vm_generation=1
INTEL_OWNER phase=lease_acquire_end vcpu_generation=258 owner_generation=258 owner=216103 vm_generation=1
INTEL_OWNER phase=vcpu_create_begin vcpu_generation=258 owner_generation=258 owner=216103 vm_generation=1
INTEL_OWNER phase=vcpu_create_end vcpu_generation=258 owner_generation=258 owner=216103 vm_generation=1
[       OK ] HvfIntelProbe.InstructionOnly (19 ms)
[----------] 1 test from HvfIntelProbe (19 ms total)

[==========] 1 test from 1 test suite ran. (19 ms total)
[  PASSED  ] 1 test.

Repeating all tests (iteration 258) . . .

Note: Google Test filter = HvfIntelProbe.InstructionOnly
[==========] Running 1 test from 1 test suite.
[----------] 1 test from HvfIntelProbe
[ RUN      ] HvfIntelProbe.InstructionOnly
INTEL_PROBE phase=executor_initialization
INTEL_PROBE phase=executor_retained
INTEL_PROBE phase=startup_probe
INTEL_PROBE phase=ordinary_steps
INTEL_PROBE phase=instruction_retirement
INTEL_OWNER phase=replacement_parked vcpu_generation=259 owner_generation=259 owner=216104 vm_generation=1
INTEL_OWNER phase=vcpu_destroy_begin vcpu_generation=258 owner_generation=258 owner=216103 vm_generation=1
INTEL_OWNER phase=vcpu_destroy_end vcpu_generation=258 owner_generation=258 owner=216103 vm_generation=1
INTEL_OWNER phase=lease_release_end vcpu_generation=258 owner_generation=258 owner=216103 vm_generation=1
INTEL_OWNER phase=owner_join_begin vcpu_generation=258 owner_generation=258 owner=216103 vm_generation=1
INTEL_OWNER phase=owner_join_end vcpu_generation=258 owner_generation=258 owner=216103 vm_generation=1
INTEL_OWNER phase=owner_activate vcpu_generation=259 owner_generation=259 owner=216104 vm_generation=1
INTEL_OWNER phase=lease_acquire_end vcpu_generation=259 owner_generation=259 owner=216104 vm_generation=1
INTEL_OWNER phase=vcpu_create_begin vcpu_generation=259 owner_generation=259 owner=216104 vm_generation=1
INTEL_OWNER phase=vcpu_create_end vcpu_generation=259 owner_generation=259 owner=216104 vm_generation=1
[       OK ] HvfIntelProbe.InstructionOnly (17 ms)
[----------] 1 test from HvfIntelProbe (17 ms total)

[==========] 1 test from 1 test suite ran. (17 ms total)
[  PASSED  ] 1 test.

Repeating all tests (iteration 259) . . .

Note: Google Test filter = HvfIntelProbe.InstructionOnly
[==========] Running 1 test from 1 test suite.
[----------] 1 test from HvfIntelProbe
[ RUN      ] HvfIntelProbe.InstructionOnly
INTEL_PROBE phase=executor_initialization
INTEL_PROBE phase=executor_retained
INTEL_PROBE phase=startup_probe
INTEL_PROBE phase=ordinary_steps
INTEL_PROBE phase=instruction_retirement
INTEL_OWNER phase=replacement_parked vcpu_generation=260 owner_generation=260 owner=216105 vm_generation=1
INTEL_OWNER phase=vcpu_destroy_begin vcpu_generation=259 owner_generation=259 owner=216104 vm_generation=1
INTEL_OWNER phase=vcpu_destroy_end vcpu_generation=259 owner_generation=259 owner=216104 vm_generation=1
INTEL_OWNER phase=lease_release_end vcpu_generation=259 owner_generation=259 owner=216104 vm_generation=1
INTEL_OWNER phase=owner_join_begin vcpu_generation=259 owner_generation=259 owner=216104 vm_generation=1
INTEL_OWNER phase=owner_join_end vcpu_generation=259 owner_generation=259 owner=216104 vm_generation=1
INTEL_OWNER phase=owner_activate vcpu_generation=260 owner_generation=260 owner=216105 vm_generation=1
INTEL_OWNER phase=lease_acquire_end vcpu_generation=260 owner_generation=260 owner=216105 vm_generation=1
INTEL_OWNER phase=vcpu_create_begin vcpu_generation=260 owner_generation=260 owner=216105 vm_generation=1
INTEL_OWNER phase=vcpu_create_end vcpu_generation=260 owner_generation=260 owner=216105 vm_generation=1
[       OK ] HvfIntelProbe.InstructionOnly (18 ms)
[----------] 1 test from HvfIntelProbe (18 ms total)

[==========] 1 test from 1 test suite ran. (18 ms total)
[  PASSED  ] 1 test.

Repeating all tests (iteration 260) . . .

Note: Google Test filter = HvfIntelProbe.InstructionOnly
[==========] Running 1 test from 1 test suite.
[----------] 1 test from HvfIntelProbe
[ RUN      ] HvfIntelProbe.InstructionOnly
INTEL_PROBE phase=executor_initialization
INTEL_PROBE phase=executor_retained
INTEL_PROBE phase=startup_probe
INTEL_PROBE phase=ordinary_steps
INTEL_PROBE phase=instruction_retirement
INTEL_OWNER phase=replacement_parked vcpu_generation=261 owner_generation=261 owner=216106 vm_generation=1
INTEL_OWNER phase=vcpu_destroy_begin vcpu_generation=260 owner_generation=260 owner=216105 vm_generation=1
INTEL_OWNER phase=vcpu_destroy_end vcpu_generation=260 owner_generation=260 owner=216105 vm_generation=1
INTEL_OWNER phase=lease_release_end vcpu_generation=260 owner_generation=260 owner=216105 vm_generation=1
INTEL_OWNER phase=owner_join_begin vcpu_generation=260 owner_generation=260 owner=216105 vm_generation=1
INTEL_OWNER phase=owner_join_end vcpu_generation=260 owner_generation=260 owner=216105 vm_generation=1
INTEL_OWNER phase=owner_activate vcpu_generation=261 owner_generation=261 owner=216106 vm_generation=1
INTEL_OWNER phase=lease_acquire_end vcpu_generation=261 owner_generation=261 owner=216106 vm_generation=1
INTEL_OWNER phase=vcpu_create_begin vcpu_generation=261 owner_generation=261 owner=216106 vm_generation=1
INTEL_OWNER phase=vcpu_create_end vcpu_generation=261 owner_generation=261 owner=216106 vm_generation=1
[       OK ] HvfIntelProbe.InstructionOnly (18 ms)
[----------] 1 test from HvfIntelProbe (18 ms total)

[==========] 1 test from 1 test suite ran. (18 ms total)
[  PASSED  ] 1 test.

Repeating all tests (iteration 261) . . .

Note: Google Test filter = HvfIntelProbe.InstructionOnly
[==========] Running 1 test from 1 test suite.
[----------] 1 test from HvfIntelProbe
[ RUN      ] HvfIntelProbe.InstructionOnly
INTEL_PROBE phase=executor_initialization
INTEL_PROBE phase=executor_retained
INTEL_PROBE phase=startup_probe
INTEL_PROBE phase=ordinary_steps
INTEL_PROBE phase=instruction_retirement
INTEL_OWNER phase=replacement_parked vcpu_generation=262 owner_generation=262 owner=216107 vm_generation=1
INTEL_OWNER phase=vcpu_destroy_begin vcpu_generation=261 owner_generation=261 owner=216106 vm_generation=1
INTEL_OWNER phase=vcpu_destroy_end vcpu_generation=261 owner_generation=261 owner=216106 vm_generation=1
INTEL_OWNER phase=lease_release_end vcpu_generation=261 owner_generation=261 owner=216106 vm_generation=1
INTEL_OWNER phase=owner_join_begin vcpu_generation=261 owner_generation=261 owner=216106 vm_generation=1
INTEL_OWNER phase=owner_join_end vcpu_generation=261 owner_generation=261 owner=216106 vm_generation=1
INTEL_OWNER phase=owner_activate vcpu_generation=262 owner_generation=262 owner=216107 vm_generation=1
INTEL_OWNER phase=lease_acquire_end vcpu_generation=262 owner_generation=262 owner=216107 vm_generation=1
INTEL_OWNER phase=vcpu_create_begin vcpu_generation=262 owner_generation=262 owner=216107 vm_generation=1
INTEL_OWNER phase=vcpu_create_end vcpu_generation=262 owner_generation=262 owner=216107 vm_generation=1
[       OK ] HvfIntelProbe.InstructionOnly (16 ms)
[----------] 1 test from HvfIntelProbe (16 ms total)

[==========] 1 test from 1 test suite ran. (16 ms total)
[  PASSED  ] 1 test.

Repeating all tests (iteration 262) . . .

Note: Google Test filter = HvfIntelProbe.InstructionOnly
[==========] Running 1 test from 1 test suite.
[----------] 1 test from HvfIntelProbe
[ RUN      ] HvfIntelProbe.InstructionOnly
INTEL_PROBE phase=executor_initialization
INTEL_PROBE phase=executor_retained
INTEL_PROBE phase=startup_probe
INTEL_PROBE phase=ordinary_steps
INTEL_PROBE phase=instruction_retirement
INTEL_OWNER phase=replacement_parked vcpu_generation=263 owner_generation=263 owner=216111 vm_generation=1
INTEL_OWNER phase=vcpu_destroy_begin vcpu_generation=262 owner_generation=262 owner=216107 vm_generation=1
INTEL_OWNER phase=vcpu_destroy_end vcpu_generation=262 owner_generation=262 owner=216107 vm_generation=1
INTEL_OWNER phase=lease_release_end vcpu_generation=262 owner_generation=262 owner=216107 vm_generation=1
INTEL_OWNER phase=owner_join_begin vcpu_generation=262 owner_generation=262 owner=216107 vm_generation=1
INTEL_OWNER phase=owner_join_end vcpu_generation=262 owner_generation=262 owner=216107 vm_generation=1
INTEL_OWNER phase=owner_activate vcpu_generation=263 owner_generation=263 owner=216111 vm_generation=1
INTEL_OWNER phase=lease_acquire_end vcpu_generation=263 owner_generation=263 owner=216111 vm_generation=1
INTEL_OWNER phase=vcpu_create_begin vcpu_generation=263 owner_generation=263 owner=216111 vm_generation=1
INTEL_OWNER phase=vcpu_create_end vcpu_generation=263 owner_generation=263 owner=216111 vm_generation=1
[       OK ] HvfIntelProbe.InstructionOnly (18 ms)
[----------] 1 test from HvfIntelProbe (18 ms total)

[==========] 1 test from 1 test suite ran. (18 ms total)
[  PASSED  ] 1 test.

Repeating all tests (iteration 263) . . .

Note: Google Test filter = HvfIntelProbe.InstructionOnly
[==========] Running 1 test from 1 test suite.
[----------] 1 test from HvfIntelProbe
[ RUN      ] HvfIntelProbe.InstructionOnly
INTEL_PROBE phase=executor_initialization
INTEL_PROBE phase=executor_retained
INTEL_PROBE phase=startup_probe
INTEL_PROBE phase=ordinary_steps
INTEL_PROBE phase=instruction_retirement
INTEL_OWNER phase=replacement_parked vcpu_generation=264 owner_generation=264 owner=216112 vm_generation=1
INTEL_OWNER phase=vcpu_destroy_begin vcpu_generation=263 owner_generation=263 owner=216111 vm_generation=1
INTEL_OWNER phase=vcpu_destroy_end vcpu_generation=263 owner_generation=263 owner=216111 vm_generation=1
INTEL_OWNER phase=lease_release_end vcpu_generation=263 owner_generation=263 owner=216111 vm_generation=1
INTEL_OWNER phase=owner_join_begin vcpu_generation=263 owner_generation=263 owner=216111 vm_generation=1
INTEL_OWNER phase=owner_join_end vcpu_generation=263 owner_generation=263 owner=216111 vm_generation=1
INTEL_OWNER phase=owner_activate vcpu_generation=264 owner_generation=264 owner=216112 vm_generation=1
INTEL_OWNER phase=lease_acquire_end vcpu_generation=264 owner_generation=264 owner=216112 vm_generation=1
INTEL_OWNER phase=vcpu_create_begin vcpu_generation=264 owner_generation=264 owner=216112 vm_generation=1
INTEL_OWNER phase=vcpu_create_end vcpu_generation=264 owner_generation=264 owner=216112 vm_generation=1
[       OK ] HvfIntelProbe.InstructionOnly (18 ms)
[----------] 1 test from HvfIntelProbe (18 ms total)

[==========] 1 test from 1 test suite ran. (18 ms total)
[  PASSED  ] 1 test.

Repeating all tests (iteration 264) . . .

Note: Google Test filter = HvfIntelProbe.InstructionOnly
[==========] Running 1 test from 1 test suite.
[----------] 1 test from HvfIntelProbe
[ RUN      ] HvfIntelProbe.InstructionOnly
INTEL_PROBE phase=executor_initialization
INTEL_PROBE phase=executor_retained
INTEL_PROBE phase=startup_probe
INTEL_PROBE phase=ordinary_steps
INTEL_PROBE phase=instruction_retirement
INTEL_OWNER phase=replacement_parked vcpu_generation=265 owner_generation=265 owner=216113 vm_generation=1
INTEL_OWNER phase=vcpu_destroy_begin vcpu_generation=264 owner_generation=264 owner=216112 vm_generation=1
INTEL_OWNER phase=vcpu_destroy_end vcpu_generation=264 owner_generation=264 owner=216112 vm_generation=1
INTEL_OWNER phase=lease_release_end vcpu_generation=264 owner_generation=264 owner=216112 vm_generation=1
INTEL_OWNER phase=owner_join_begin vcpu_generation=264 owner_generation=264 owner=216112 vm_generation=1
INTEL_OWNER phase=owner_join_end vcpu_generation=264 owner_generation=264 owner=216112 vm_generation=1
INTEL_OWNER phase=owner_activate vcpu_generation=265 owner_generation=265 owner=216113 vm_generation=1
INTEL_OWNER phase=lease_acquire_end vcpu_generation=265 owner_generation=265 owner=216113 vm_generation=1
INTEL_OWNER phase=vcpu_create_begin vcpu_generation=265 owner_generation=265 owner=216113 vm_generation=1
INTEL_OWNER phase=vcpu_create_end vcpu_generation=265 owner_generation=265 owner=216113 vm_generation=1
[       OK ] HvfIntelProbe.InstructionOnly (19 ms)
[----------] 1 test from HvfIntelProbe (19 ms total)

[==========] 1 test from 1 test suite ran. (19 ms total)
[  PASSED  ] 1 test.

Repeating all tests (iteration 265) . . .

Note: Google Test filter = HvfIntelProbe.InstructionOnly
[==========] Running 1 test from 1 test suite.
[----------] 1 test from HvfIntelProbe
[ RUN      ] HvfIntelProbe.InstructionOnly
INTEL_PROBE phase=executor_initialization
INTEL_PROBE phase=executor_retained
INTEL_PROBE phase=startup_probe
INTEL_PROBE phase=ordinary_steps
INTEL_PROBE phase=instruction_retirement
INTEL_OWNER phase=replacement_parked vcpu_generation=266 owner_generation=266 owner=216117 vm_generation=1
INTEL_OWNER phase=vcpu_destroy_begin vcpu_generation=265 owner_generation=265 owner=216113 vm_generation=1
INTEL_OWNER phase=vcpu_destroy_end vcpu_generation=265 owner_generation=265 owner=216113 vm_generation=1
INTEL_OWNER phase=lease_release_end vcpu_generation=265 owner_generation=265 owner=216113 vm_generation=1
INTEL_OWNER phase=owner_join_begin vcpu_generation=265 owner_generation=265 owner=216113 vm_generation=1
INTEL_OWNER phase=owner_join_end vcpu_generation=265 owner_generation=265 owner=216113 vm_generation=1
INTEL_OWNER phase=owner_activate vcpu_generation=266 owner_generation=266 owner=216117 vm_generation=1
INTEL_OWNER phase=lease_acquire_end vcpu_generation=266 owner_generation=266 owner=216117 vm_generation=1
INTEL_OWNER phase=vcpu_create_begin vcpu_generation=266 owner_generation=266 owner=216117 vm_generation=1
INTEL_OWNER phase=vcpu_create_end vcpu_generation=266 owner_generation=266 owner=216117 vm_generation=1
[       OK ] HvfIntelProbe.InstructionOnly (20 ms)
[----------] 1 test from HvfIntelProbe (20 ms total)

[==========] 1 test from 1 test suite ran. (20 ms total)
[  PASSED  ] 1 test.

Repeating all tests (iteration 266) . . .

Note: Google Test filter = HvfIntelProbe.InstructionOnly
[==========] Running 1 test from 1 test suite.
[----------] 1 test from HvfIntelProbe
[ RUN      ] HvfIntelProbe.InstructionOnly
INTEL_PROBE phase=executor_initialization
INTEL_PROBE phase=executor_retained
INTEL_PROBE phase=startup_probe
INTEL_PROBE phase=ordinary_steps
INTEL_PROBE phase=instruction_retirement
INTEL_OWNER phase=replacement_parked vcpu_generation=267 owner_generation=267 owner=216118 vm_generation=1
INTEL_OWNER phase=vcpu_destroy_begin vcpu_generation=266 owner_generation=266 owner=216117 vm_generation=1
INTEL_OWNER phase=vcpu_destroy_end vcpu_generation=266 owner_generation=266 owner=216117 vm_generation=1
INTEL_OWNER phase=lease_release_end vcpu_generation=266 owner_generation=266 owner=216117 vm_generation=1
INTEL_OWNER phase=owner_join_begin vcpu_generation=266 owner_generation=266 owner=216117 vm_generation=1
INTEL_OWNER phase=owner_join_end vcpu_generation=266 owner_generation=266 owner=216117 vm_generation=1
INTEL_OWNER phase=owner_activate vcpu_generation=267 owner_generation=267 owner=216118 vm_generation=1
INTEL_OWNER phase=lease_acquire_end vcpu_generation=267 owner_generation=267 owner=216118 vm_generation=1
INTEL_OWNER phase=vcpu_create_begin vcpu_generation=267 owner_generation=267 owner=216118 vm_generation=1
INTEL_OWNER phase=vcpu_create_end vcpu_generation=267 owner_generation=267 owner=216118 vm_generation=1
[       OK ] HvfIntelProbe.InstructionOnly (18 ms)
[----------] 1 test from HvfIntelProbe (18 ms total)

[==========] 1 test from 1 test suite ran. (18 ms total)
[  PASSED  ] 1 test.

Repeating all tests (iteration 267) . . .

Note: Google Test filter = HvfIntelProbe.InstructionOnly
[==========] Running 1 test from 1 test suite.
[----------] 1 test from HvfIntelProbe
[ RUN      ] HvfIntelProbe.InstructionOnly
INTEL_PROBE phase=executor_initialization
INTEL_PROBE phase=executor_retained
INTEL_PROBE phase=startup_probe
INTEL_PROBE phase=ordinary_steps
INTEL_PROBE phase=instruction_retirement
INTEL_OWNER phase=replacement_parked vcpu_generation=268 owner_generation=268 owner=216119 vm_generation=1
INTEL_OWNER phase=vcpu_destroy_begin vcpu_generation=267 owner_generation=267 owner=216118 vm_generation=1
INTEL_OWNER phase=vcpu_destroy_end vcpu_generation=267 owner_generation=267 owner=216118 vm_generation=1
INTEL_OWNER phase=lease_release_end vcpu_generation=267 owner_generation=267 owner=216118 vm_generation=1
INTEL_OWNER phase=owner_join_begin vcpu_generation=267 owner_generation=267 owner=216118 vm_generation=1
INTEL_OWNER phase=owner_join_end vcpu_generation=267 owner_generation=267 owner=216118 vm_generation=1
INTEL_OWNER phase=owner_activate vcpu_generation=268 owner_generation=268 owner=216119 vm_generation=1
INTEL_OWNER phase=lease_acquire_end vcpu_generation=268 owner_generation=268 owner=216119 vm_generation=1
INTEL_OWNER phase=vcpu_create_begin vcpu_generation=268 owner_generation=268 owner=216119 vm_generation=1
INTEL_OWNER phase=vcpu_create_end vcpu_generation=268 owner_generation=268 owner=216119 vm_generation=1
[       OK ] HvfIntelProbe.InstructionOnly (19 ms)
[----------] 1 test from HvfIntelProbe (19 ms total)

[==========] 1 test from 1 test suite ran. (19 ms total)
[  PASSED  ] 1 test.

Repeating all tests (iteration 268) . . .

Note: Google Test filter = HvfIntelProbe.InstructionOnly
[==========] Running 1 test from 1 test suite.
[----------] 1 test from HvfIntelProbe
[ RUN      ] HvfIntelProbe.InstructionOnly
INTEL_PROBE phase=executor_initialization
INTEL_PROBE phase=executor_retained
INTEL_PROBE phase=startup_probe
INTEL_PROBE phase=ordinary_steps
INTEL_PROBE phase=instruction_retirement
INTEL_OWNER phase=replacement_parked vcpu_generation=269 owner_generation=269 owner=216120 vm_generation=1
INTEL_OWNER phase=vcpu_destroy_begin vcpu_generation=268 owner_generation=268 owner=216119 vm_generation=1
INTEL_OWNER phase=vcpu_destroy_end vcpu_generation=268 owner_generation=268 owner=216119 vm_generation=1
INTEL_OWNER phase=lease_release_end vcpu_generation=268 owner_generation=268 owner=216119 vm_generation=1
INTEL_OWNER phase=owner_join_begin vcpu_generation=268 owner_generation=268 owner=216119 vm_generation=1
INTEL_OWNER phase=owner_join_end vcpu_generation=268 owner_generation=268 owner=216119 vm_generation=1
INTEL_OWNER phase=owner_activate vcpu_generation=269 owner_generation=269 owner=216120 vm_generation=1
INTEL_OWNER phase=lease_acquire_end vcpu_generation=269 owner_generation=269 owner=216120 vm_generation=1
INTEL_OWNER phase=vcpu_create_begin vcpu_generation=269 owner_generation=269 owner=216120 vm_generation=1
INTEL_OWNER phase=vcpu_create_end vcpu_generation=269 owner_generation=269 owner=216120 vm_generation=1
[       OK ] HvfIntelProbe.InstructionOnly (17 ms)
[----------] 1 test from HvfIntelProbe (17 ms total)

[==========] 1 test from 1 test suite ran. (17 ms total)
[  PASSED  ] 1 test.

Repeating all tests (iteration 269) . . .

Note: Google Test filter = HvfIntelProbe.InstructionOnly
[==========] Running 1 test from 1 test suite.
[----------] 1 test from HvfIntelProbe
[ RUN      ] HvfIntelProbe.InstructionOnly
INTEL_PROBE phase=executor_initialization
INTEL_PROBE phase=executor_retained
INTEL_PROBE phase=startup_probe
INTEL_PROBE phase=ordinary_steps
INTEL_PROBE phase=instruction_retirement
INTEL_OWNER phase=replacement_parked vcpu_generation=270 owner_generation=270 owner=216121 vm_generation=1
INTEL_OWNER phase=vcpu_destroy_begin vcpu_generation=269 owner_generation=269 owner=216120 vm_generation=1
INTEL_OWNER phase=vcpu_destroy_end vcpu_generation=269 owner_generation=269 owner=216120 vm_generation=1
INTEL_OWNER phase=lease_release_end vcpu_generation=269 owner_generation=269 owner=216120 vm_generation=1
INTEL_OWNER phase=owner_join_begin vcpu_generation=269 owner_generation=269 owner=216120 vm_generation=1
INTEL_OWNER phase=owner_join_end vcpu_generation=269 owner_generation=269 owner=216120 vm_generation=1
INTEL_OWNER phase=owner_activate vcpu_generation=270 owner_generation=270 owner=216121 vm_generation=1
INTEL_OWNER phase=lease_acquire_end vcpu_generation=270 owner_generation=270 owner=216121 vm_generation=1
INTEL_OWNER phase=vcpu_create_begin vcpu_generation=270 owner_generation=270 owner=216121 vm_generation=1
INTEL_OWNER phase=vcpu_create_end vcpu_generation=270 owner_generation=270 owner=216121 vm_generation=1
[       OK ] HvfIntelProbe.InstructionOnly (20 ms)
[----------] 1 test from HvfIntelProbe (20 ms total)

[==========] 1 test from 1 test suite ran. (20 ms total)
[  PASSED  ] 1 test.

Repeating all tests (iteration 270) . . .

Note: Google Test filter = HvfIntelProbe.InstructionOnly
[==========] Running 1 test from 1 test suite.
[----------] 1 test from HvfIntelProbe
[ RUN      ] HvfIntelProbe.InstructionOnly
INTEL_PROBE phase=executor_initialization
INTEL_PROBE phase=executor_retained
INTEL_PROBE phase=startup_probe
INTEL_PROBE phase=ordinary_steps
INTEL_PROBE phase=instruction_retirement
INTEL_OWNER phase=replacement_parked vcpu_generation=271 owner_generation=271 owner=216122 vm_generation=1
INTEL_OWNER phase=vcpu_destroy_begin vcpu_generation=270 owner_generation=270 owner=216121 vm_generation=1
INTEL_OWNER phase=vcpu_destroy_end vcpu_generation=270 owner_generation=270 owner=216121 vm_generation=1
INTEL_OWNER phase=lease_release_end vcpu_generation=270 owner_generation=270 owner=216121 vm_generation=1
INTEL_OWNER phase=owner_join_begin vcpu_generation=270 owner_generation=270 owner=216121 vm_generation=1
INTEL_OWNER phase=owner_join_end vcpu_generation=270 owner_generation=270 owner=216121 vm_generation=1
INTEL_OWNER phase=owner_activate vcpu_generation=271 owner_generation=271 owner=216122 vm_generation=1
INTEL_OWNER phase=lease_acquire_end vcpu_generation=271 owner_generation=271 owner=216122 vm_generation=1
INTEL_OWNER phase=vcpu_create_begin vcpu_generation=271 owner_generation=271 owner=216122 vm_generation=1
INTEL_OWNER phase=vcpu_create_end vcpu_generation=271 owner_generation=271 owner=216122 vm_generation=1
[       OK ] HvfIntelProbe.InstructionOnly (19 ms)
[----------] 1 test from HvfIntelProbe (19 ms total)

[==========] 1 test from 1 test suite ran. (19 ms total)
[  PASSED  ] 1 test.

Repeating all tests (iteration 271) . . .

Note: Google Test filter = HvfIntelProbe.InstructionOnly
[==========] Running 1 test from 1 test suite.
[----------] 1 test from HvfIntelProbe
[ RUN      ] HvfIntelProbe.InstructionOnly
INTEL_PROBE phase=executor_initialization
INTEL_PROBE phase=executor_retained
INTEL_PROBE phase=startup_probe
INTEL_PROBE phase=ordinary_steps
INTEL_PROBE phase=instruction_retirement
INTEL_OWNER phase=replacement_parked vcpu_generation=272 owner_generation=272 owner=216123 vm_generation=1
INTEL_OWNER phase=vcpu_destroy_begin vcpu_generation=271 owner_generation=271 owner=216122 vm_generation=1
INTEL_OWNER phase=vcpu_destroy_end vcpu_generation=271 owner_generation=271 owner=216122 vm_generation=1
INTEL_OWNER phase=lease_release_end vcpu_generation=271 owner_generation=271 owner=216122 vm_generation=1
INTEL_OWNER phase=owner_join_begin vcpu_generation=271 owner_generation=271 owner=216122 vm_generation=1
INTEL_OWNER phase=owner_join_end vcpu_generation=271 owner_generation=271 owner=216122 vm_generation=1
INTEL_OWNER phase=owner_activate vcpu_generation=272 owner_generation=272 owner=216123 vm_generation=1
INTEL_OWNER phase=lease_acquire_end vcpu_generation=272 owner_generation=272 owner=216123 vm_generation=1
INTEL_OWNER phase=vcpu_create_begin vcpu_generation=272 owner_generation=272 owner=216123 vm_generation=1
INTEL_OWNER phase=vcpu_create_end vcpu_generation=272 owner_generation=272 owner=216123 vm_generation=1
[       OK ] HvfIntelProbe.InstructionOnly (17 ms)
[----------] 1 test from HvfIntelProbe (17 ms total)

[==========] 1 test from 1 test suite ran. (17 ms total)
[  PASSED  ] 1 test.

Repeating all tests (iteration 272) . . .

Note: Google Test filter = HvfIntelProbe.InstructionOnly
[==========] Running 1 test from 1 test suite.
[----------] 1 test from HvfIntelProbe
[ RUN      ] HvfIntelProbe.InstructionOnly
INTEL_PROBE phase=executor_initialization
INTEL_PROBE phase=executor_retained
INTEL_PROBE phase=startup_probe
INTEL_PROBE phase=ordinary_steps
INTEL_PROBE phase=instruction_retirement
INTEL_OWNER phase=replacement_parked vcpu_generation=273 owner_generation=273 owner=216125 vm_generation=1
INTEL_OWNER phase=vcpu_destroy_begin vcpu_generation=272 owner_generation=272 owner=216123 vm_generation=1
INTEL_OWNER phase=vcpu_destroy_end vcpu_generation=272 owner_generation=272 owner=216123 vm_generation=1
INTEL_OWNER phase=lease_release_end vcpu_generation=272 owner_generation=272 owner=216123 vm_generation=1
INTEL_OWNER phase=owner_join_begin vcpu_generation=272 owner_generation=272 owner=216123 vm_generation=1
INTEL_OWNER phase=owner_join_end vcpu_generation=272 owner_generation=272 owner=216123 vm_generation=1
INTEL_OWNER phase=owner_activate vcpu_generation=273 owner_generation=273 owner=216125 vm_generation=1
INTEL_OWNER phase=lease_acquire_end vcpu_generation=273 owner_generation=273 owner=216125 vm_generation=1
INTEL_OWNER phase=vcpu_create_begin vcpu_generation=273 owner_generation=273 owner=216125 vm_generation=1
INTEL_OWNER phase=vcpu_create_end vcpu_generation=273 owner_generation=273 owner=216125 vm_generation=1
[       OK ] HvfIntelProbe.InstructionOnly (19 ms)
[----------] 1 test from HvfIntelProbe (19 ms total)

[==========] 1 test from 1 test suite ran. (19 ms total)
[  PASSED  ] 1 test.

Repeating all tests (iteration 273) . . .

Note: Google Test filter = HvfIntelProbe.InstructionOnly
[==========] Running 1 test from 1 test suite.
[----------] 1 test from HvfIntelProbe
[ RUN      ] HvfIntelProbe.InstructionOnly
INTEL_PROBE phase=executor_initialization
INTEL_PROBE phase=executor_retained
INTEL_PROBE phase=startup_probe
INTEL_PROBE phase=ordinary_steps
INTEL_PROBE phase=instruction_retirement
INTEL_OWNER phase=replacement_parked vcpu_generation=274 owner_generation=274 owner=216127 vm_generation=1
INTEL_OWNER phase=vcpu_destroy_begin vcpu_generation=273 owner_generation=273 owner=216125 vm_generation=1
INTEL_OWNER phase=vcpu_destroy_end vcpu_generation=273 owner_generation=273 owner=216125 vm_generation=1
INTEL_OWNER phase=lease_release_end vcpu_generation=273 owner_generation=273 owner=216125 vm_generation=1
INTEL_OWNER phase=owner_join_begin vcpu_generation=273 owner_generation=273 owner=216125 vm_generation=1
INTEL_OWNER phase=owner_join_end vcpu_generation=273 owner_generation=273 owner=216125 vm_generation=1
INTEL_OWNER phase=owner_activate vcpu_generation=274 owner_generation=274 owner=216127 vm_generation=1
INTEL_OWNER phase=lease_acquire_end vcpu_generation=274 owner_generation=274 owner=216127 vm_generation=1
INTEL_OWNER phase=vcpu_create_begin vcpu_generation=274 owner_generation=274 owner=216127 vm_generation=1
INTEL_OWNER phase=vcpu_create_end vcpu_generation=274 owner_generation=274 owner=216127 vm_generation=1
[       OK ] HvfIntelProbe.InstructionOnly (19 ms)
[----------] 1 test from HvfIntelProbe (19 ms total)

[==========] 1 test from 1 test suite ran. (19 ms total)
[  PASSED  ] 1 test.

Repeating all tests (iteration 274) . . .

Note: Google Test filter = HvfIntelProbe.InstructionOnly
[==========] Running 1 test from 1 test suite.
[----------] 1 test from HvfIntelProbe
[ RUN      ] HvfIntelProbe.InstructionOnly
INTEL_PROBE phase=executor_initialization
INTEL_PROBE phase=executor_retained
INTEL_PROBE phase=startup_probe
INTEL_PROBE phase=ordinary_steps
INTEL_PROBE phase=instruction_retirement
INTEL_OWNER phase=replacement_parked vcpu_generation=275 owner_generation=275 owner=216128 vm_generation=1
INTEL_OWNER phase=vcpu_destroy_begin vcpu_generation=274 owner_generation=274 owner=216127 vm_generation=1
INTEL_OWNER phase=vcpu_destroy_end vcpu_generation=274 owner_generation=274 owner=216127 vm_generation=1
INTEL_OWNER phase=lease_release_end vcpu_generation=274 owner_generation=274 owner=216127 vm_generation=1
INTEL_OWNER phase=owner_join_begin vcpu_generation=274 owner_generation=274 owner=216127 vm_generation=1
INTEL_OWNER phase=owner_join_end vcpu_generation=274 owner_generation=274 owner=216127 vm_generation=1
INTEL_OWNER phase=owner_activate vcpu_generation=275 owner_generation=275 owner=216128 vm_generation=1
INTEL_OWNER phase=lease_acquire_end vcpu_generation=275 owner_generation=275 owner=216128 vm_generation=1
INTEL_OWNER phase=vcpu_create_begin vcpu_generation=275 owner_generation=275 owner=216128 vm_generation=1
INTEL_OWNER phase=vcpu_create_end vcpu_generation=275 owner_generation=275 owner=216128 vm_generation=1
[       OK ] HvfIntelProbe.InstructionOnly (17 ms)
[----------] 1 test from HvfIntelProbe (17 ms total)

[==========] 1 test from 1 test suite ran. (17 ms total)
[  PASSED  ] 1 test.

Repeating all tests (iteration 275) . . .

Note: Google Test filter = HvfIntelProbe.InstructionOnly
[==========] Running 1 test from 1 test suite.
[----------] 1 test from HvfIntelProbe
[ RUN      ] HvfIntelProbe.InstructionOnly
INTEL_PROBE phase=executor_initialization
INTEL_PROBE phase=executor_retained
INTEL_PROBE phase=startup_probe
INTEL_PROBE phase=ordinary_steps
INTEL_PROBE phase=instruction_retirement
INTEL_OWNER phase=replacement_parked vcpu_generation=276 owner_generation=276 owner=216129 vm_generation=1
INTEL_OWNER phase=vcpu_destroy_begin vcpu_generation=275 owner_generation=275 owner=216128 vm_generation=1
INTEL_OWNER phase=vcpu_destroy_end vcpu_generation=275 owner_generation=275 owner=216128 vm_generation=1
INTEL_OWNER phase=lease_release_end vcpu_generation=275 owner_generation=275 owner=216128 vm_generation=1
INTEL_OWNER phase=owner_join_begin vcpu_generation=275 owner_generation=275 owner=216128 vm_generation=1
INTEL_OWNER phase=owner_join_end vcpu_generation=275 owner_generation=275 owner=216128 vm_generation=1
INTEL_OWNER phase=owner_activate vcpu_generation=276 owner_generation=276 owner=216129 vm_generation=1
INTEL_OWNER phase=lease_acquire_end vcpu_generation=276 owner_generation=276 owner=216129 vm_generation=1
INTEL_OWNER phase=vcpu_create_begin vcpu_generation=276 owner_generation=276 owner=216129 vm_generation=1
INTEL_OWNER phase=vcpu_create_end vcpu_generation=276 owner_generation=276 owner=216129 vm_generation=1
[       OK ] HvfIntelProbe.InstructionOnly (19 ms)
[----------] 1 test from HvfIntelProbe (19 ms total)

[==========] 1 test from 1 test suite ran. (19 ms total)
[  PASSED  ] 1 test.

Repeating all tests (iteration 276) . . .

Note: Google Test filter = HvfIntelProbe.InstructionOnly
[==========] Running 1 test from 1 test suite.
[----------] 1 test from HvfIntelProbe
[ RUN      ] HvfIntelProbe.InstructionOnly
INTEL_PROBE phase=executor_initialization
INTEL_PROBE phase=executor_retained
INTEL_PROBE phase=startup_probe
INTEL_PROBE phase=ordinary_steps
INTEL_PROBE phase=instruction_retirement
INTEL_OWNER phase=replacement_parked vcpu_generation=277 owner_generation=277 owner=216135 vm_generation=1
INTEL_OWNER phase=vcpu_destroy_begin vcpu_generation=276 owner_generation=276 owner=216129 vm_generation=1
INTEL_OWNER phase=vcpu_destroy_end vcpu_generation=276 owner_generation=276 owner=216129 vm_generation=1
INTEL_OWNER phase=lease_release_end vcpu_generation=276 owner_generation=276 owner=216129 vm_generation=1
INTEL_OWNER phase=owner_join_begin vcpu_generation=276 owner_generation=276 owner=216129 vm_generation=1
INTEL_OWNER phase=owner_join_end vcpu_generation=276 owner_generation=276 owner=216129 vm_generation=1
INTEL_OWNER phase=owner_activate vcpu_generation=277 owner_generation=277 owner=216135 vm_generation=1
INTEL_OWNER phase=lease_acquire_end vcpu_generation=277 owner_generation=277 owner=216135 vm_generation=1
INTEL_OWNER phase=vcpu_create_begin vcpu_generation=277 owner_generation=277 owner=216135 vm_generation=1
INTEL_OWNER phase=vcpu_create_end vcpu_generation=277 owner_generation=277 owner=216135 vm_generation=1
[       OK ] HvfIntelProbe.InstructionOnly (19 ms)
[----------] 1 test from HvfIntelProbe (19 ms total)

[==========] 1 test from 1 test suite ran. (19 ms total)
[  PASSED  ] 1 test.

Repeating all tests (iteration 277) . . .

Note: Google Test filter = HvfIntelProbe.InstructionOnly
[==========] Running 1 test from 1 test suite.
[----------] 1 test from HvfIntelProbe
[ RUN      ] HvfIntelProbe.InstructionOnly
INTEL_PROBE phase=executor_initialization
INTEL_PROBE phase=executor_retained
INTEL_PROBE phase=startup_probe
INTEL_PROBE phase=ordinary_steps
INTEL_PROBE phase=instruction_retirement
INTEL_OWNER phase=replacement_parked vcpu_generation=278 owner_generation=278 owner=216136 vm_generation=1
INTEL_OWNER phase=vcpu_destroy_begin vcpu_generation=277 owner_generation=277 owner=216135 vm_generation=1
INTEL_OWNER phase=vcpu_destroy_end vcpu_generation=277 owner_generation=277 owner=216135 vm_generation=1
INTEL_OWNER phase=lease_release_end vcpu_generation=277 owner_generation=277 owner=216135 vm_generation=1
INTEL_OWNER phase=owner_join_begin vcpu_generation=277 owner_generation=277 owner=216135 vm_generation=1
INTEL_OWNER phase=owner_join_end vcpu_generation=277 owner_generation=277 owner=216135 vm_generation=1
INTEL_OWNER phase=owner_activate vcpu_generation=278 owner_generation=278 owner=216136 vm_generation=1
INTEL_OWNER phase=lease_acquire_end vcpu_generation=278 owner_generation=278 owner=216136 vm_generation=1
INTEL_OWNER phase=vcpu_create_begin vcpu_generation=278 owner_generation=278 owner=216136 vm_generation=1
INTEL_OWNER phase=vcpu_create_end vcpu_generation=278 owner_generation=278 owner=216136 vm_generation=1
[       OK ] HvfIntelProbe.InstructionOnly (18 ms)
[----------] 1 test from HvfIntelProbe (18 ms total)

[==========] 1 test from 1 test suite ran. (18 ms total)
[  PASSED  ] 1 test.

Repeating all tests (iteration 278) . . .

Note: Google Test filter = HvfIntelProbe.InstructionOnly
[==========] Running 1 test from 1 test suite.
[----------] 1 test from HvfIntelProbe
[ RUN      ] HvfIntelProbe.InstructionOnly
INTEL_PROBE phase=executor_initialization
INTEL_PROBE phase=executor_retained
INTEL_PROBE phase=startup_probe
INTEL_PROBE phase=ordinary_steps
INTEL_PROBE phase=instruction_retirement
INTEL_OWNER phase=replacement_parked vcpu_generation=279 owner_generation=279 owner=216138 vm_generation=1
INTEL_OWNER phase=vcpu_destroy_begin vcpu_generation=278 owner_generation=278 owner=216136 vm_generation=1
INTEL_OWNER phase=vcpu_destroy_end vcpu_generation=278 owner_generation=278 owner=216136 vm_generation=1
INTEL_OWNER phase=lease_release_end vcpu_generation=278 owner_generation=278 owner=216136 vm_generation=1
INTEL_OWNER phase=owner_join_begin vcpu_generation=278 owner_generation=278 owner=216136 vm_generation=1
INTEL_OWNER phase=owner_join_end vcpu_generation=278 owner_generation=278 owner=216136 vm_generation=1
INTEL_OWNER phase=owner_activate vcpu_generation=279 owner_generation=279 owner=216138 vm_generation=1
INTEL_OWNER phase=lease_acquire_end vcpu_generation=279 owner_generation=279 owner=216138 vm_generation=1
INTEL_OWNER phase=vcpu_create_begin vcpu_generation=279 owner_generation=279 owner=216138 vm_generation=1
INTEL_OWNER phase=vcpu_create_end vcpu_generation=279 owner_generation=279 owner=216138 vm_generation=1
[       OK ] HvfIntelProbe.InstructionOnly (20 ms)
[----------] 1 test from HvfIntelProbe (20 ms total)

[==========] 1 test from 1 test suite ran. (20 ms total)
[  PASSED  ] 1 test.

Repeating all tests (iteration 279) . . .

Note: Google Test filter = HvfIntelProbe.InstructionOnly
[==========] Running 1 test from 1 test suite.
[----------] 1 test from HvfIntelProbe
[ RUN      ] HvfIntelProbe.InstructionOnly
INTEL_PROBE phase=executor_initialization
INTEL_PROBE phase=executor_retained
INTEL_PROBE phase=startup_probe
INTEL_PROBE phase=ordinary_steps
INTEL_PROBE phase=instruction_retirement
INTEL_OWNER phase=replacement_parked vcpu_generation=280 owner_generation=280 owner=216139 vm_generation=1
INTEL_OWNER phase=vcpu_destroy_begin vcpu_generation=279 owner_generation=279 owner=216138 vm_generation=1
INTEL_OWNER phase=vcpu_destroy_end vcpu_generation=279 owner_generation=279 owner=216138 vm_generation=1
INTEL_OWNER phase=lease_release_end vcpu_generation=279 owner_generation=279 owner=216138 vm_generation=1
INTEL_OWNER phase=owner_join_begin vcpu_generation=279 owner_generation=279 owner=216138 vm_generation=1
INTEL_OWNER phase=owner_join_end vcpu_generation=279 owner_generation=279 owner=216138 vm_generation=1
INTEL_OWNER phase=owner_activate vcpu_generation=280 owner_generation=280 owner=216139 vm_generation=1
INTEL_OWNER phase=lease_acquire_end vcpu_generation=280 owner_generation=280 owner=216139 vm_generation=1
INTEL_OWNER phase=vcpu_create_begin vcpu_generation=280 owner_generation=280 owner=216139 vm_generation=1
INTEL_OWNER phase=vcpu_create_end vcpu_generation=280 owner_generation=280 owner=216139 vm_generation=1
[       OK ] HvfIntelProbe.InstructionOnly (17 ms)
[----------] 1 test from HvfIntelProbe (17 ms total)

[==========] 1 test from 1 test suite ran. (17 ms total)
[  PASSED  ] 1 test.

Repeating all tests (iteration 280) . . .

Note: Google Test filter = HvfIntelProbe.InstructionOnly
[==========] Running 1 test from 1 test suite.
[----------] 1 test from HvfIntelProbe
[ RUN      ] HvfIntelProbe.InstructionOnly
INTEL_PROBE phase=executor_initialization
INTEL_PROBE phase=executor_retained
INTEL_PROBE phase=startup_probe
INTEL_PROBE phase=ordinary_steps
INTEL_PROBE phase=instruction_retirement
INTEL_OWNER phase=replacement_parked vcpu_generation=281 owner_generation=281 owner=216141 vm_generation=1
INTEL_OWNER phase=vcpu_destroy_begin vcpu_generation=280 owner_generation=280 owner=216139 vm_generation=1
INTEL_OWNER phase=vcpu_destroy_end vcpu_generation=280 owner_generation=280 owner=216139 vm_generation=1
INTEL_OWNER phase=lease_release_end vcpu_generation=280 owner_generation=280 owner=216139 vm_generation=1
INTEL_OWNER phase=owner_join_begin vcpu_generation=280 owner_generation=280 owner=216139 vm_generation=1
INTEL_OWNER phase=owner_join_end vcpu_generation=280 owner_generation=280 owner=216139 vm_generation=1
INTEL_OWNER phase=owner_activate vcpu_generation=281 owner_generation=281 owner=216141 vm_generation=1
INTEL_OWNER phase=lease_acquire_end vcpu_generation=281 owner_generation=281 owner=216141 vm_generation=1
INTEL_OWNER phase=vcpu_create_begin vcpu_generation=281 owner_generation=281 owner=216141 vm_generation=1
INTEL_OWNER phase=vcpu_create_end vcpu_generation=281 owner_generation=281 owner=216141 vm_generation=1
[       OK ] HvfIntelProbe.InstructionOnly (19 ms)
[----------] 1 test from HvfIntelProbe (19 ms total)

[==========] 1 test from 1 test suite ran. (19 ms total)
[  PASSED  ] 1 test.

Repeating all tests (iteration 281) . . .

Note: Google Test filter = HvfIntelProbe.InstructionOnly
[==========] Running 1 test from 1 test suite.
[----------] 1 test from HvfIntelProbe
[ RUN      ] HvfIntelProbe.InstructionOnly
INTEL_PROBE phase=executor_initialization
INTEL_PROBE phase=executor_retained
INTEL_PROBE phase=startup_probe
INTEL_PROBE phase=ordinary_steps
INTEL_PROBE phase=instruction_retirement
INTEL_OWNER phase=replacement_parked vcpu_generation=282 owner_generation=282 owner=216143 vm_generation=1
INTEL_OWNER phase=vcpu_destroy_begin vcpu_generation=281 owner_generation=281 owner=216141 vm_generation=1
INTEL_OWNER phase=vcpu_destroy_end vcpu_generation=281 owner_generation=281 owner=216141 vm_generation=1
INTEL_OWNER phase=lease_release_end vcpu_generation=281 owner_generation=281 owner=216141 vm_generation=1
INTEL_OWNER phase=owner_join_begin vcpu_generation=281 owner_generation=281 owner=216141 vm_generation=1
INTEL_OWNER phase=owner_join_end vcpu_generation=281 owner_generation=281 owner=216141 vm_generation=1
INTEL_OWNER phase=owner_activate vcpu_generation=282 owner_generation=282 owner=216143 vm_generation=1
INTEL_OWNER phase=lease_acquire_end vcpu_generation=282 owner_generation=282 owner=216143 vm_generation=1
INTEL_OWNER phase=vcpu_create_begin vcpu_generation=282 owner_generation=282 owner=216143 vm_generation=1
INTEL_OWNER phase=vcpu_create_end vcpu_generation=282 owner_generation=282 owner=216143 vm_generation=1
[       OK ] HvfIntelProbe.InstructionOnly (19 ms)
[----------] 1 test from HvfIntelProbe (19 ms total)

[==========] 1 test from 1 test suite ran. (19 ms total)
[  PASSED  ] 1 test.

Repeating all tests (iteration 282) . . .

Note: Google Test filter = HvfIntelProbe.InstructionOnly
[==========] Running 1 test from 1 test suite.
[----------] 1 test from HvfIntelProbe
[ RUN      ] HvfIntelProbe.InstructionOnly
INTEL_PROBE phase=executor_initialization
INTEL_PROBE phase=executor_retained
INTEL_PROBE phase=startup_probe
INTEL_PROBE phase=ordinary_steps
INTEL_PROBE phase=instruction_retirement
INTEL_OWNER phase=replacement_parked vcpu_generation=283 owner_generation=283 owner=216147 vm_generation=1
INTEL_OWNER phase=vcpu_destroy_begin vcpu_generation=282 owner_generation=282 owner=216143 vm_generation=1
INTEL_OWNER phase=vcpu_destroy_end vcpu_generation=282 owner_generation=282 owner=216143 vm_generation=1
INTEL_OWNER phase=lease_release_end vcpu_generation=282 owner_generation=282 owner=216143 vm_generation=1
INTEL_OWNER phase=owner_join_begin vcpu_generation=282 owner_generation=282 owner=216143 vm_generation=1
INTEL_OWNER phase=owner_join_end vcpu_generation=282 owner_generation=282 owner=216143 vm_generation=1
INTEL_OWNER phase=owner_activate vcpu_generation=283 owner_generation=283 owner=216147 vm_generation=1
INTEL_OWNER phase=lease_acquire_end vcpu_generation=283 owner_generation=283 owner=216147 vm_generation=1
INTEL_OWNER phase=vcpu_create_begin vcpu_generation=283 owner_generation=283 owner=216147 vm_generation=1
INTEL_OWNER phase=vcpu_create_end vcpu_generation=283 owner_generation=283 owner=216147 vm_generation=1
[       OK ] HvfIntelProbe.InstructionOnly (23 ms)
[----------] 1 test from HvfIntelProbe (23 ms total)

[==========] 1 test from 1 test suite ran. (23 ms total)
[  PASSED  ] 1 test.

Repeating all tests (iteration 283) . . .

Note: Google Test filter = HvfIntelProbe.InstructionOnly
[==========] Running 1 test from 1 test suite.
[----------] 1 test from HvfIntelProbe
[ RUN      ] HvfIntelProbe.InstructionOnly
INTEL_PROBE phase=executor_initialization
INTEL_PROBE phase=executor_retained
INTEL_PROBE phase=startup_probe
INTEL_PROBE phase=ordinary_steps
INTEL_PROBE phase=instruction_retirement
INTEL_OWNER phase=replacement_parked vcpu_generation=284 owner_generation=284 owner=216149 vm_generation=1
INTEL_OWNER phase=vcpu_destroy_begin vcpu_generation=283 owner_generation=283 owner=216147 vm_generation=1
INTEL_OWNER phase=vcpu_destroy_end vcpu_generation=283 owner_generation=283 owner=216147 vm_generation=1
INTEL_OWNER phase=lease_release_end vcpu_generation=283 owner_generation=283 owner=216147 vm_generation=1
INTEL_OWNER phase=owner_join_begin vcpu_generation=283 owner_generation=283 owner=216147 vm_generation=1
INTEL_OWNER phase=owner_join_end vcpu_generation=283 owner_generation=283 owner=216147 vm_generation=1
INTEL_OWNER phase=owner_activate vcpu_generation=284 owner_generation=284 owner=216149 vm_generation=1
INTEL_OWNER phase=lease_acquire_end vcpu_generation=284 owner_generation=284 owner=216149 vm_generation=1
INTEL_OWNER phase=vcpu_create_begin vcpu_generation=284 owner_generation=284 owner=216149 vm_generation=1
INTEL_OWNER phase=vcpu_create_end vcpu_generation=284 owner_generation=284 owner=216149 vm_generation=1
[       OK ] HvfIntelProbe.InstructionOnly (19 ms)
[----------] 1 test from HvfIntelProbe (19 ms total)

[==========] 1 test from 1 test suite ran. (19 ms total)
[  PASSED  ] 1 test.

Repeating all tests (iteration 284) . . .

Note: Google Test filter = HvfIntelProbe.InstructionOnly
[==========] Running 1 test from 1 test suite.
[----------] 1 test from HvfIntelProbe
[ RUN      ] HvfIntelProbe.InstructionOnly
INTEL_PROBE phase=executor_initialization
INTEL_PROBE phase=executor_retained
INTEL_PROBE phase=startup_probe
INTEL_PROBE phase=ordinary_steps
INTEL_PROBE phase=instruction_retirement
INTEL_OWNER phase=replacement_parked vcpu_generation=285 owner_generation=285 owner=216152 vm_generation=1
INTEL_OWNER phase=vcpu_destroy_begin vcpu_generation=284 owner_generation=284 owner=216149 vm_generation=1
INTEL_OWNER phase=vcpu_destroy_end vcpu_generation=284 owner_generation=284 owner=216149 vm_generation=1
INTEL_OWNER phase=lease_release_end vcpu_generation=284 owner_generation=284 owner=216149 vm_generation=1
INTEL_OWNER phase=owner_join_begin vcpu_generation=284 owner_generation=284 owner=216149 vm_generation=1
INTEL_OWNER phase=owner_join_end vcpu_generation=284 owner_generation=284 owner=216149 vm_generation=1
INTEL_OWNER phase=owner_activate vcpu_generation=285 owner_generation=285 owner=216152 vm_generation=1
INTEL_OWNER phase=lease_acquire_end vcpu_generation=285 owner_generation=285 owner=216152 vm_generation=1
INTEL_OWNER phase=vcpu_create_begin vcpu_generation=285 owner_generation=285 owner=216152 vm_generation=1
INTEL_OWNER phase=vcpu_create_end vcpu_generation=285 owner_generation=285 owner=216152 vm_generation=1
[       OK ] HvfIntelProbe.InstructionOnly (23 ms)
[----------] 1 test from HvfIntelProbe (23 ms total)

[==========] 1 test from 1 test suite ran. (23 ms total)
[  PASSED  ] 1 test.

Repeating all tests (iteration 285) . . .

Note: Google Test filter = HvfIntelProbe.InstructionOnly
[==========] Running 1 test from 1 test suite.
[----------] 1 test from HvfIntelProbe
[ RUN      ] HvfIntelProbe.InstructionOnly
INTEL_PROBE phase=executor_initialization
INTEL_PROBE phase=executor_retained
INTEL_PROBE phase=startup_probe
INTEL_PROBE phase=ordinary_steps
INTEL_PROBE phase=instruction_retirement
INTEL_OWNER phase=replacement_parked vcpu_generation=286 owner_generation=286 owner=216154 vm_generation=1
INTEL_OWNER phase=vcpu_destroy_begin vcpu_generation=285 owner_generation=285 owner=216152 vm_generation=1
INTEL_OWNER phase=vcpu_destroy_end vcpu_generation=285 owner_generation=285 owner=216152 vm_generation=1
INTEL_OWNER phase=lease_release_end vcpu_generation=285 owner_generation=285 owner=216152 vm_generation=1
INTEL_OWNER phase=owner_join_begin vcpu_generation=285 owner_generation=285 owner=216152 vm_generation=1
INTEL_OWNER phase=owner_join_end vcpu_generation=285 owner_generation=285 owner=216152 vm_generation=1
INTEL_OWNER phase=owner_activate vcpu_generation=286 owner_generation=286 owner=216154 vm_generation=1
INTEL_OWNER phase=lease_acquire_end vcpu_generation=286 owner_generation=286 owner=216154 vm_generation=1
INTEL_OWNER phase=vcpu_create_begin vcpu_generation=286 owner_generation=286 owner=216154 vm_generation=1
INTEL_OWNER phase=vcpu_create_end vcpu_generation=286 owner_generation=286 owner=216154 vm_generation=1
[       OK ] HvfIntelProbe.InstructionOnly (20 ms)
[----------] 1 test from HvfIntelProbe (20 ms total)

[==========] 1 test from 1 test suite ran. (20 ms total)
[  PASSED  ] 1 test.

Repeating all tests (iteration 286) . . .

Note: Google Test filter = HvfIntelProbe.InstructionOnly
[==========] Running 1 test from 1 test suite.
[----------] 1 test from HvfIntelProbe
[ RUN      ] HvfIntelProbe.InstructionOnly
INTEL_PROBE phase=executor_initialization
INTEL_PROBE phase=executor_retained
INTEL_PROBE phase=startup_probe
INTEL_PROBE phase=ordinary_steps
INTEL_PROBE phase=instruction_retirement
INTEL_OWNER phase=replacement_parked vcpu_generation=287 owner_generation=287 owner=216155 vm_generation=1
INTEL_OWNER phase=vcpu_destroy_begin vcpu_generation=286 owner_generation=286 owner=216154 vm_generation=1
INTEL_OWNER phase=vcpu_destroy_end vcpu_generation=286 owner_generation=286 owner=216154 vm_generation=1
INTEL_OWNER phase=lease_release_end vcpu_generation=286 owner_generation=286 owner=216154 vm_generation=1
INTEL_OWNER phase=owner_join_begin vcpu_generation=286 owner_generation=286 owner=216154 vm_generation=1
INTEL_OWNER phase=owner_join_end vcpu_generation=286 owner_generation=286 owner=216154 vm_generation=1
INTEL_OWNER phase=owner_activate vcpu_generation=287 owner_generation=287 owner=216155 vm_generation=1
INTEL_OWNER phase=lease_acquire_end vcpu_generation=287 owner_generation=287 owner=216155 vm_generation=1
INTEL_OWNER phase=vcpu_create_begin vcpu_generation=287 owner_generation=287 owner=216155 vm_generation=1
INTEL_OWNER phase=vcpu_create_end vcpu_generation=287 owner_generation=287 owner=216155 vm_generation=1
[       OK ] HvfIntelProbe.InstructionOnly (22 ms)
[----------] 1 test from HvfIntelProbe (22 ms total)

[==========] 1 test from 1 test suite ran. (23 ms total)
[  PASSED  ] 1 test.

Repeating all tests (iteration 287) . . .

Note: Google Test filter = HvfIntelProbe.InstructionOnly
[==========] Running 1 test from 1 test suite.
[----------] 1 test from HvfIntelProbe
[ RUN      ] HvfIntelProbe.InstructionOnly
INTEL_PROBE phase=executor_initialization
INTEL_PROBE phase=executor_retained
INTEL_PROBE phase=startup_probe
INTEL_PROBE phase=ordinary_steps
INTEL_PROBE phase=instruction_retirement
INTEL_OWNER phase=replacement_parked vcpu_generation=288 owner_generation=288 owner=216157 vm_generation=1
INTEL_OWNER phase=vcpu_destroy_begin vcpu_generation=287 owner_generation=287 owner=216155 vm_generation=1
INTEL_OWNER phase=vcpu_destroy_end vcpu_generation=287 owner_generation=287 owner=216155 vm_generation=1
INTEL_OWNER phase=lease_release_end vcpu_generation=287 owner_generation=287 owner=216155 vm_generation=1
INTEL_OWNER phase=owner_join_begin vcpu_generation=287 owner_generation=287 owner=216155 vm_generation=1
INTEL_OWNER phase=owner_join_end vcpu_generation=287 owner_generation=287 owner=216155 vm_generation=1
INTEL_OWNER phase=owner_activate vcpu_generation=288 owner_generation=288 owner=216157 vm_generation=1
INTEL_OWNER phase=lease_acquire_end vcpu_generation=288 owner_generation=288 owner=216157 vm_generation=1
INTEL_OWNER phase=vcpu_create_begin vcpu_generation=288 owner_generation=288 owner=216157 vm_generation=1
INTEL_OWNER phase=vcpu_create_end vcpu_generation=288 owner_generation=288 owner=216157 vm_generation=1
[       OK ] HvfIntelProbe.InstructionOnly (24 ms)
[----------] 1 test from HvfIntelProbe (24 ms total)

[==========] 1 test from 1 test suite ran. (24 ms total)
[  PASSED  ] 1 test.

Repeating all tests (iteration 288) . . .

Note: Google Test filter = HvfIntelProbe.InstructionOnly
[==========] Running 1 test from 1 test suite.
[----------] 1 test from HvfIntelProbe
[ RUN      ] HvfIntelProbe.InstructionOnly
INTEL_PROBE phase=executor_initialization
INTEL_PROBE phase=executor_retained
INTEL_PROBE phase=startup_probe
INTEL_PROBE phase=ordinary_steps
INTEL_PROBE phase=instruction_retirement
INTEL_OWNER phase=replacement_parked vcpu_generation=289 owner_generation=289 owner=216160 vm_generation=1
INTEL_OWNER phase=vcpu_destroy_begin vcpu_generation=288 owner_generation=288 owner=216157 vm_generation=1
INTEL_OWNER phase=vcpu_destroy_end vcpu_generation=288 owner_generation=288 owner=216157 vm_generation=1
INTEL_OWNER phase=lease_release_end vcpu_generation=288 owner_generation=288 owner=216157 vm_generation=1
INTEL_OWNER phase=owner_join_begin vcpu_generation=288 owner_generation=288 owner=216157 vm_generation=1
INTEL_OWNER phase=owner_join_end vcpu_generation=288 owner_generation=288 owner=216157 vm_generation=1
INTEL_OWNER phase=owner_activate vcpu_generation=289 owner_generation=289 owner=216160 vm_generation=1
INTEL_OWNER phase=lease_acquire_end vcpu_generation=289 owner_generation=289 owner=216160 vm_generation=1
INTEL_OWNER phase=vcpu_create_begin vcpu_generation=289 owner_generation=289 owner=216160 vm_generation=1
INTEL_OWNER phase=vcpu_create_end vcpu_generation=289 owner_generation=289 owner=216160 vm_generation=1
[       OK ] HvfIntelProbe.InstructionOnly (19 ms)
[----------] 1 test from HvfIntelProbe (19 ms total)

[==========] 1 test from 1 test suite ran. (19 ms total)
[  PASSED  ] 1 test.

Repeating all tests (iteration 289) . . .

Note: Google Test filter = HvfIntelProbe.InstructionOnly
[==========] Running 1 test from 1 test suite.
[----------] 1 test from HvfIntelProbe
[ RUN      ] HvfIntelProbe.InstructionOnly
INTEL_PROBE phase=executor_initialization
INTEL_PROBE phase=executor_retained
INTEL_PROBE phase=startup_probe
INTEL_PROBE phase=ordinary_steps
INTEL_PROBE phase=instruction_retirement
INTEL_OWNER phase=replacement_parked vcpu_generation=290 owner_generation=290 owner=216161 vm_generation=1
INTEL_OWNER phase=vcpu_destroy_begin vcpu_generation=289 owner_generation=289 owner=216160 vm_generation=1
INTEL_OWNER phase=vcpu_destroy_end vcpu_generation=289 owner_generation=289 owner=216160 vm_generation=1
INTEL_OWNER phase=lease_release_end vcpu_generation=289 owner_generation=289 owner=216160 vm_generation=1
INTEL_OWNER phase=owner_join_begin vcpu_generation=289 owner_generation=289 owner=216160 vm_generation=1
INTEL_OWNER phase=owner_join_end vcpu_generation=289 owner_generation=289 owner=216160 vm_generation=1
INTEL_OWNER phase=owner_activate vcpu_generation=290 owner_generation=290 owner=216161 vm_generation=1
INTEL_OWNER phase=lease_acquire_end vcpu_generation=290 owner_generation=290 owner=216161 vm_generation=1
INTEL_OWNER phase=vcpu_create_begin vcpu_generation=290 owner_generation=290 owner=216161 vm_generation=1
INTEL_OWNER phase=vcpu_create_end vcpu_generation=290 owner_generation=290 owner=216161 vm_generation=1
[       OK ] HvfIntelProbe.InstructionOnly (17 ms)
[----------] 1 test from HvfIntelProbe (18 ms total)

[==========] 1 test from 1 test suite ran. (18 ms total)
[  PASSED  ] 1 test.

Repeating all tests (iteration 290) . . .

Note: Google Test filter = HvfIntelProbe.InstructionOnly
[==========] Running 1 test from 1 test suite.
[----------] 1 test from HvfIntelProbe
[ RUN      ] HvfIntelProbe.InstructionOnly
INTEL_PROBE phase=executor_initialization
INTEL_PROBE phase=executor_retained
INTEL_PROBE phase=startup_probe
INTEL_PROBE phase=ordinary_steps
INTEL_PROBE phase=instruction_retirement
INTEL_OWNER phase=replacement_parked vcpu_generation=291 owner_generation=291 owner=216164 vm_generation=1
INTEL_OWNER phase=vcpu_destroy_begin vcpu_generation=290 owner_generation=290 owner=216161 vm_generation=1
INTEL_OWNER phase=vcpu_destroy_end vcpu_generation=290 owner_generation=290 owner=216161 vm_generation=1
INTEL_OWNER phase=lease_release_end vcpu_generation=290 owner_generation=290 owner=216161 vm_generation=1
INTEL_OWNER phase=owner_join_begin vcpu_generation=290 owner_generation=290 owner=216161 vm_generation=1
INTEL_OWNER phase=owner_join_end vcpu_generation=290 owner_generation=290 owner=216161 vm_generation=1
INTEL_OWNER phase=owner_activate vcpu_generation=291 owner_generation=291 owner=216164 vm_generation=1
INTEL_OWNER phase=lease_acquire_end vcpu_generation=291 owner_generation=291 owner=216164 vm_generation=1
INTEL_OWNER phase=vcpu_create_begin vcpu_generation=291 owner_generation=291 owner=216164 vm_generation=1
INTEL_OWNER phase=vcpu_create_end vcpu_generation=291 owner_generation=291 owner=216164 vm_generation=1
[       OK ] HvfIntelProbe.InstructionOnly (19 ms)
[----------] 1 test from HvfIntelProbe (19 ms total)

[==========] 1 test from 1 test suite ran. (19 ms total)
[  PASSED  ] 1 test.

Repeating all tests (iteration 291) . . .

Note: Google Test filter = HvfIntelProbe.InstructionOnly
[==========] Running 1 test from 1 test suite.
[----------] 1 test from HvfIntelProbe
[ RUN      ] HvfIntelProbe.InstructionOnly
INTEL_PROBE phase=executor_initialization
INTEL_PROBE phase=executor_retained
INTEL_PROBE phase=startup_probe
INTEL_PROBE phase=ordinary_steps
INTEL_PROBE phase=instruction_retirement
INTEL_OWNER phase=replacement_parked vcpu_generation=292 owner_generation=292 owner=216169 vm_generation=1
INTEL_OWNER phase=vcpu_destroy_begin vcpu_generation=291 owner_generation=291 owner=216164 vm_generation=1
INTEL_OWNER phase=vcpu_destroy_end vcpu_generation=291 owner_generation=291 owner=216164 vm_generation=1
INTEL_OWNER phase=lease_release_end vcpu_generation=291 owner_generation=291 owner=216164 vm_generation=1
INTEL_OWNER phase=owner_join_begin vcpu_generation=291 owner_generation=291 owner=216164 vm_generation=1
INTEL_OWNER phase=owner_join_end vcpu_generation=291 owner_generation=291 owner=216164 vm_generation=1
INTEL_OWNER phase=owner_activate vcpu_generation=292 owner_generation=292 owner=216169 vm_generation=1
INTEL_OWNER phase=lease_acquire_end vcpu_generation=292 owner_generation=292 owner=216169 vm_generation=1
INTEL_OWNER phase=vcpu_create_begin vcpu_generation=292 owner_generation=292 owner=216169 vm_generation=1
INTEL_OWNER phase=vcpu_create_end vcpu_generation=292 owner_generation=292 owner=216169 vm_generation=1
[       OK ] HvfIntelProbe.InstructionOnly (20 ms)
[----------] 1 test from HvfIntelProbe (20 ms total)

[==========] 1 test from 1 test suite ran. (20 ms total)
[  PASSED  ] 1 test.

Repeating all tests (iteration 292) . . .

Note: Google Test filter = HvfIntelProbe.InstructionOnly
[==========] Running 1 test from 1 test suite.
[----------] 1 test from HvfIntelProbe
[ RUN      ] HvfIntelProbe.InstructionOnly
INTEL_PROBE phase=executor_initialization
INTEL_PROBE phase=executor_retained
INTEL_PROBE phase=startup_probe
INTEL_PROBE phase=ordinary_steps
INTEL_PROBE phase=instruction_retirement
INTEL_OWNER phase=replacement_parked vcpu_generation=293 owner_generation=293 owner=216170 vm_generation=1
INTEL_OWNER phase=vcpu_destroy_begin vcpu_generation=292 owner_generation=292 owner=216169 vm_generation=1
INTEL_OWNER phase=vcpu_destroy_end vcpu_generation=292 owner_generation=292 owner=216169 vm_generation=1
INTEL_OWNER phase=lease_release_end vcpu_generation=292 owner_generation=292 owner=216169 vm_generation=1
INTEL_OWNER phase=owner_join_begin vcpu_generation=292 owner_generation=292 owner=216169 vm_generation=1
INTEL_OWNER phase=owner_join_end vcpu_generation=292 owner_generation=292 owner=216169 vm_generation=1
INTEL_OWNER phase=owner_activate vcpu_generation=293 owner_generation=293 owner=216170 vm_generation=1
INTEL_OWNER phase=lease_acquire_end vcpu_generation=293 owner_generation=293 owner=216170 vm_generation=1
INTEL_OWNER phase=vcpu_create_begin vcpu_generation=293 owner_generation=293 owner=216170 vm_generation=1
INTEL_OWNER phase=vcpu_create_end vcpu_generation=293 owner_generation=293 owner=216170 vm_generation=1
[       OK ] HvfIntelProbe.InstructionOnly (20 ms)
[----------] 1 test from HvfIntelProbe (20 ms total)

[==========] 1 test from 1 test suite ran. (20 ms total)
[  PASSED  ] 1 test.

Repeating all tests (iteration 293) . . .

Note: Google Test filter = HvfIntelProbe.InstructionOnly
[==========] Running 1 test from 1 test suite.
[----------] 1 test from HvfIntelProbe
[ RUN      ] HvfIntelProbe.InstructionOnly
INTEL_PROBE phase=executor_initialization
INTEL_PROBE phase=executor_retained
INTEL_PROBE phase=startup_probe
INTEL_PROBE phase=ordinary_steps
INTEL_PROBE phase=instruction_retirement
INTEL_OWNER phase=replacement_parked vcpu_generation=294 owner_generation=294 owner=216171 vm_generation=1
INTEL_OWNER phase=vcpu_destroy_begin vcpu_generation=293 owner_generation=293 owner=216170 vm_generation=1
INTEL_OWNER phase=vcpu_destroy_end vcpu_generation=293 owner_generation=293 owner=216170 vm_generation=1
INTEL_OWNER phase=lease_release_end vcpu_generation=293 owner_generation=293 owner=216170 vm_generation=1
INTEL_OWNER phase=owner_join_begin vcpu_generation=293 owner_generation=293 owner=216170 vm_generation=1
INTEL_OWNER phase=owner_join_end vcpu_generation=293 owner_generation=293 owner=216170 vm_generation=1
INTEL_OWNER phase=owner_activate vcpu_generation=294 owner_generation=294 owner=216171 vm_generation=1
INTEL_OWNER phase=lease_acquire_end vcpu_generation=294 owner_generation=294 owner=216171 vm_generation=1
INTEL_OWNER phase=vcpu_create_begin vcpu_generation=294 owner_generation=294 owner=216171 vm_generation=1
INTEL_OWNER phase=vcpu_create_end vcpu_generation=294 owner_generation=294 owner=216171 vm_generation=1
[       OK ] HvfIntelProbe.InstructionOnly (19 ms)
[----------] 1 test from HvfIntelProbe (19 ms total)

[==========] 1 test from 1 test suite ran. (19 ms total)
[  PASSED  ] 1 test.

Repeating all tests (iteration 294) . . .

Note: Google Test filter = HvfIntelProbe.InstructionOnly
[==========] Running 1 test from 1 test suite.
[----------] 1 test from HvfIntelProbe
[ RUN      ] HvfIntelProbe.InstructionOnly
INTEL_PROBE phase=executor_initialization
INTEL_PROBE phase=executor_retained
INTEL_PROBE phase=startup_probe
INTEL_PROBE phase=ordinary_steps
INTEL_PROBE phase=instruction_retirement
INTEL_OWNER phase=replacement_parked vcpu_generation=295 owner_generation=295 owner=216172 vm_generation=1
INTEL_OWNER phase=vcpu_destroy_begin vcpu_generation=294 owner_generation=294 owner=216171 vm_generation=1
INTEL_OWNER phase=vcpu_destroy_end vcpu_generation=294 owner_generation=294 owner=216171 vm_generation=1
INTEL_OWNER phase=lease_release_end vcpu_generation=294 owner_generation=294 owner=216171 vm_generation=1
INTEL_OWNER phase=owner_join_begin vcpu_generation=294 owner_generation=294 owner=216171 vm_generation=1
INTEL_OWNER phase=owner_join_end vcpu_generation=294 owner_generation=294 owner=216171 vm_generation=1
INTEL_OWNER phase=owner_activate vcpu_generation=295 owner_generation=295 owner=216172 vm_generation=1
INTEL_OWNER phase=lease_acquire_end vcpu_generation=295 owner_generation=295 owner=216172 vm_generation=1
INTEL_OWNER phase=vcpu_create_begin vcpu_generation=295 owner_generation=295 owner=216172 vm_generation=1
INTEL_OWNER phase=vcpu_create_end vcpu_generation=295 owner_generation=295 owner=216172 vm_generation=1
[       OK ] HvfIntelProbe.InstructionOnly (21 ms)
[----------] 1 test from HvfIntelProbe (21 ms total)

[==========] 1 test from 1 test suite ran. (21 ms total)
[  PASSED  ] 1 test.

Repeating all tests (iteration 295) . . .

Note: Google Test filter = HvfIntelProbe.InstructionOnly
[==========] Running 1 test from 1 test suite.
[----------] 1 test from HvfIntelProbe
[ RUN      ] HvfIntelProbe.InstructionOnly
INTEL_PROBE phase=executor_initialization
INTEL_PROBE phase=executor_retained
INTEL_PROBE phase=startup_probe
INTEL_PROBE phase=ordinary_steps
INTEL_PROBE phase=instruction_retirement
INTEL_OWNER phase=replacement_parked vcpu_generation=296 owner_generation=296 owner=216176 vm_generation=1
INTEL_OWNER phase=vcpu_destroy_begin vcpu_generation=295 owner_generation=295 owner=216172 vm_generation=1
INTEL_OWNER phase=vcpu_destroy_end vcpu_generation=295 owner_generation=295 owner=216172 vm_generation=1
INTEL_OWNER phase=lease_release_end vcpu_generation=295 owner_generation=295 owner=216172 vm_generation=1
INTEL_OWNER phase=owner_join_begin vcpu_generation=295 owner_generation=295 owner=216172 vm_generation=1
INTEL_OWNER phase=owner_join_end vcpu_generation=295 owner_generation=295 owner=216172 vm_generation=1
INTEL_OWNER phase=owner_activate vcpu_generation=296 owner_generation=296 owner=216176 vm_generation=1
INTEL_OWNER phase=lease_acquire_end vcpu_generation=296 owner_generation=296 owner=216176 vm_generation=1
INTEL_OWNER phase=vcpu_create_begin vcpu_generation=296 owner_generation=296 owner=216176 vm_generation=1
INTEL_OWNER phase=vcpu_create_end vcpu_generation=296 owner_generation=296 owner=216176 vm_generation=1
[       OK ] HvfIntelProbe.InstructionOnly (19 ms)
[----------] 1 test from HvfIntelProbe (19 ms total)

[==========] 1 test from 1 test suite ran. (19 ms total)
[  PASSED  ] 1 test.

Repeating all tests (iteration 296) . . .

Note: Google Test filter = HvfIntelProbe.InstructionOnly
[==========] Running 1 test from 1 test suite.
[----------] 1 test from HvfIntelProbe
[ RUN      ] HvfIntelProbe.InstructionOnly
INTEL_PROBE phase=executor_initialization
INTEL_PROBE phase=executor_retained
INTEL_PROBE phase=startup_probe
INTEL_PROBE phase=ordinary_steps
INTEL_PROBE phase=instruction_retirement
INTEL_OWNER phase=replacement_parked vcpu_generation=297 owner_generation=297 owner=216177 vm_generation=1
INTEL_OWNER phase=vcpu_destroy_begin vcpu_generation=296 owner_generation=296 owner=216176 vm_generation=1
INTEL_OWNER phase=vcpu_destroy_end vcpu_generation=296 owner_generation=296 owner=216176 vm_generation=1
INTEL_OWNER phase=lease_release_end vcpu_generation=296 owner_generation=296 owner=216176 vm_generation=1
INTEL_OWNER phase=owner_join_begin vcpu_generation=296 owner_generation=296 owner=216176 vm_generation=1
INTEL_OWNER phase=owner_join_end vcpu_generation=296 owner_generation=296 owner=216176 vm_generation=1
INTEL_OWNER phase=owner_activate vcpu_generation=297 owner_generation=297 owner=216177 vm_generation=1
INTEL_OWNER phase=lease_acquire_end vcpu_generation=297 owner_generation=297 owner=216177 vm_generation=1
INTEL_OWNER phase=vcpu_create_begin vcpu_generation=297 owner_generation=297 owner=216177 vm_generation=1
INTEL_OWNER phase=vcpu_create_end vcpu_generation=297 owner_generation=297 owner=216177 vm_generation=1
[       OK ] HvfIntelProbe.InstructionOnly (18 ms)
[----------] 1 test from HvfIntelProbe (18 ms total)

[==========] 1 test from 1 test suite ran. (18 ms total)
[  PASSED  ] 1 test.

Repeating all tests (iteration 297) . . .

Note: Google Test filter = HvfIntelProbe.InstructionOnly
[==========] Running 1 test from 1 test suite.
[----------] 1 test from HvfIntelProbe
[ RUN      ] HvfIntelProbe.InstructionOnly
INTEL_PROBE phase=executor_initialization
INTEL_PROBE phase=executor_retained
INTEL_PROBE phase=startup_probe
INTEL_PROBE phase=ordinary_steps
INTEL_PROBE phase=instruction_retirement
INTEL_OWNER phase=replacement_parked vcpu_generation=298 owner_generation=298 owner=216178 vm_generation=1
INTEL_OWNER phase=vcpu_destroy_begin vcpu_generation=297 owner_generation=297 owner=216177 vm_generation=1
INTEL_OWNER phase=vcpu_destroy_end vcpu_generation=297 owner_generation=297 owner=216177 vm_generation=1
INTEL_OWNER phase=lease_release_end vcpu_generation=297 owner_generation=297 owner=216177 vm_generation=1
INTEL_OWNER phase=owner_join_begin vcpu_generation=297 owner_generation=297 owner=216177 vm_generation=1
INTEL_OWNER phase=owner_join_end vcpu_generation=297 owner_generation=297 owner=216177 vm_generation=1
INTEL_OWNER phase=owner_activate vcpu_generation=298 owner_generation=298 owner=216178 vm_generation=1
INTEL_OWNER phase=lease_acquire_end vcpu_generation=298 owner_generation=298 owner=216178 vm_generation=1
INTEL_OWNER phase=vcpu_create_begin vcpu_generation=298 owner_generation=298 owner=216178 vm_generation=1
INTEL_OWNER phase=vcpu_create_end vcpu_generation=298 owner_generation=298 owner=216178 vm_generation=1
[       OK ] HvfIntelProbe.InstructionOnly (17 ms)
[----------] 1 test from HvfIntelProbe (17 ms total)

[==========] 1 test from 1 test suite ran. (17 ms total)
[  PASSED  ] 1 test.

Repeating all tests (iteration 298) . . .

Note: Google Test filter = HvfIntelProbe.InstructionOnly
[==========] Running 1 test from 1 test suite.
[----------] 1 test from HvfIntelProbe
[ RUN      ] HvfIntelProbe.InstructionOnly
INTEL_PROBE phase=executor_initialization
INTEL_PROBE phase=executor_retained
INTEL_PROBE phase=startup_probe
INTEL_PROBE phase=ordinary_steps
INTEL_PROBE phase=instruction_retirement
INTEL_OWNER phase=replacement_parked vcpu_generation=299 owner_generation=299 owner=216179 vm_generation=1
INTEL_OWNER phase=vcpu_destroy_begin vcpu_generation=298 owner_generation=298 owner=216178 vm_generation=1
INTEL_OWNER phase=vcpu_destroy_end vcpu_generation=298 owner_generation=298 owner=216178 vm_generation=1
INTEL_OWNER phase=lease_release_end vcpu_generation=298 owner_generation=298 owner=216178 vm_generation=1
INTEL_OWNER phase=owner_join_begin vcpu_generation=298 owner_generation=298 owner=216178 vm_generation=1
INTEL_OWNER phase=owner_join_end vcpu_generation=298 owner_generation=298 owner=216178 vm_generation=1
INTEL_OWNER phase=owner_activate vcpu_generation=299 owner_generation=299 owner=216179 vm_generation=1
INTEL_OWNER phase=lease_acquire_end vcpu_generation=299 owner_generation=299 owner=216179 vm_generation=1
INTEL_OWNER phase=vcpu_create_begin vcpu_generation=299 owner_generation=299 owner=216179 vm_generation=1
INTEL_OWNER phase=vcpu_create_end vcpu_generation=299 owner_generation=299 owner=216179 vm_generation=1
[       OK ] HvfIntelProbe.InstructionOnly (16 ms)
[----------] 1 test from HvfIntelProbe (16 ms total)

[==========] 1 test from 1 test suite ran. (16 ms total)
[  PASSED  ] 1 test.

Repeating all tests (iteration 299) . . .

Note: Google Test filter = HvfIntelProbe.InstructionOnly
[==========] Running 1 test from 1 test suite.
[----------] 1 test from HvfIntelProbe
[ RUN      ] HvfIntelProbe.InstructionOnly
INTEL_PROBE phase=executor_initialization
INTEL_PROBE phase=executor_retained
INTEL_PROBE phase=startup_probe
INTEL_PROBE phase=ordinary_steps
INTEL_PROBE phase=instruction_retirement
INTEL_OWNER phase=replacement_parked vcpu_generation=300 owner_generation=300 owner=216180 vm_generation=1
INTEL_OWNER phase=vcpu_destroy_begin vcpu_generation=299 owner_generation=299 owner=216179 vm_generation=1
INTEL_OWNER phase=vcpu_destroy_end vcpu_generation=299 owner_generation=299 owner=216179 vm_generation=1
INTEL_OWNER phase=lease_release_end vcpu_generation=299 owner_generation=299 owner=216179 vm_generation=1
INTEL_OWNER phase=owner_join_begin vcpu_generation=299 owner_generation=299 owner=216179 vm_generation=1
INTEL_OWNER phase=owner_join_end vcpu_generation=299 owner_generation=299 owner=216179 vm_generation=1
INTEL_OWNER phase=owner_activate vcpu_generation=300 owner_generation=300 owner=216180 vm_generation=1
INTEL_OWNER phase=lease_acquire_end vcpu_generation=300 owner_generation=300 owner=216180 vm_generation=1
INTEL_OWNER phase=vcpu_create_begin vcpu_generation=300 owner_generation=300 owner=216180 vm_generation=1
INTEL_OWNER phase=vcpu_create_end vcpu_generation=300 owner_generation=300 owner=216180 vm_generation=1
[       OK ] HvfIntelProbe.InstructionOnly (16 ms)
[----------] 1 test from HvfIntelProbe (16 ms total)

[==========] 1 test from 1 test suite ran. (16 ms total)
[  PASSED  ] 1 test.

Repeating all tests (iteration 300) . . .

Note: Google Test filter = HvfIntelProbe.InstructionOnly
[==========] Running 1 test from 1 test suite.
[----------] 1 test from HvfIntelProbe
[ RUN      ] HvfIntelProbe.InstructionOnly
INTEL_PROBE phase=executor_initialization
INTEL_PROBE phase=executor_retained
INTEL_PROBE phase=startup_probe
INTEL_PROBE phase=ordinary_steps
INTEL_PROBE phase=instruction_retirement
INTEL_OWNER phase=replacement_parked vcpu_generation=301 owner_generation=301 owner=216181 vm_generation=1
INTEL_OWNER phase=vcpu_destroy_begin vcpu_generation=300 owner_generation=300 owner=216180 vm_generation=1
INTEL_OWNER phase=vcpu_destroy_end vcpu_generation=300 owner_generation=300 owner=216180 vm_generation=1
INTEL_OWNER phase=lease_release_end vcpu_generation=300 owner_generation=300 owner=216180 vm_generation=1
INTEL_OWNER phase=owner_join_begin vcpu_generation=300 owner_generation=300 owner=216180 vm_generation=1
INTEL_OWNER phase=owner_join_end vcpu_generation=300 owner_generation=300 owner=216180 vm_generation=1
INTEL_OWNER phase=owner_activate vcpu_generation=301 owner_generation=301 owner=216181 vm_generation=1
INTEL_OWNER phase=lease_acquire_end vcpu_generation=301 owner_generation=301 owner=216181 vm_generation=1
INTEL_OWNER phase=vcpu_create_begin vcpu_generation=301 owner_generation=301 owner=216181 vm_generation=1
INTEL_OWNER phase=vcpu_create_end vcpu_generation=301 owner_generation=301 owner=216181 vm_generation=1
[       OK ] HvfIntelProbe.InstructionOnly (17 ms)
[----------] 1 test from HvfIntelProbe (17 ms total)

[==========] 1 test from 1 test suite ran. (17 ms total)
[  PASSED  ] 1 test.

Repeating all tests (iteration 301) . . .

Note: Google Test filter = HvfIntelProbe.InstructionOnly
[==========] Running 1 test from 1 test suite.
[----------] 1 test from HvfIntelProbe
[ RUN      ] HvfIntelProbe.InstructionOnly
INTEL_PROBE phase=executor_initialization
INTEL_PROBE phase=executor_retained
INTEL_PROBE phase=startup_probe
INTEL_PROBE phase=ordinary_steps
INTEL_PROBE phase=instruction_retirement
INTEL_OWNER phase=replacement_parked vcpu_generation=302 owner_generation=302 owner=216182 vm_generation=1
INTEL_OWNER phase=vcpu_destroy_begin vcpu_generation=301 owner_generation=301 owner=216181 vm_generation=1
INTEL_OWNER phase=vcpu_destroy_end vcpu_generation=301 owner_generation=301 owner=216181 vm_generation=1
INTEL_OWNER phase=lease_release_end vcpu_generation=301 owner_generation=301 owner=216181 vm_generation=1
INTEL_OWNER phase=owner_join_begin vcpu_generation=301 owner_generation=301 owner=216181 vm_generation=1
INTEL_OWNER phase=owner_join_end vcpu_generation=301 owner_generation=301 owner=216181 vm_generation=1
INTEL_OWNER phase=owner_activate vcpu_generation=302 owner_generation=302 owner=216182 vm_generation=1
INTEL_OWNER phase=lease_acquire_end vcpu_generation=302 owner_generation=302 owner=216182 vm_generation=1
INTEL_OWNER phase=vcpu_create_begin vcpu_generation=302 owner_generation=302 owner=216182 vm_generation=1
INTEL_OWNER phase=vcpu_create_end vcpu_generation=302 owner_generation=302 owner=216182 vm_generation=1
[       OK ] HvfIntelProbe.InstructionOnly (27 ms)
[----------] 1 test from HvfIntelProbe (27 ms total)

[==========] 1 test from 1 test suite ran. (27 ms total)
[  PASSED  ] 1 test.

Repeating all tests (iteration 302) . . .

Note: Google Test filter = HvfIntelProbe.InstructionOnly
[==========] Running 1 test from 1 test suite.
[----------] 1 test from HvfIntelProbe
[ RUN      ] HvfIntelProbe.InstructionOnly
INTEL_PROBE phase=executor_initialization
INTEL_PROBE phase=executor_retained
INTEL_PROBE phase=startup_probe
INTEL_PROBE phase=ordinary_steps
INTEL_PROBE phase=instruction_retirement
INTEL_OWNER phase=replacement_parked vcpu_generation=303 owner_generation=303 owner=216183 vm_generation=1
INTEL_OWNER phase=vcpu_destroy_begin vcpu_generation=302 owner_generation=302 owner=216182 vm_generation=1
INTEL_OWNER phase=vcpu_destroy_end vcpu_generation=302 owner_generation=302 owner=216182 vm_generation=1
INTEL_OWNER phase=lease_release_end vcpu_generation=302 owner_generation=302 owner=216182 vm_generation=1
INTEL_OWNER phase=owner_join_begin vcpu_generation=302 owner_generation=302 owner=216182 vm_generation=1
INTEL_OWNER phase=owner_join_end vcpu_generation=302 owner_generation=302 owner=216182 vm_generation=1
INTEL_OWNER phase=owner_activate vcpu_generation=303 owner_generation=303 owner=216183 vm_generation=1
INTEL_OWNER phase=lease_acquire_end vcpu_generation=303 owner_generation=303 owner=216183 vm_generation=1
INTEL_OWNER phase=vcpu_create_begin vcpu_generation=303 owner_generation=303 owner=216183 vm_generation=1
INTEL_OWNER phase=vcpu_create_end vcpu_generation=303 owner_generation=303 owner=216183 vm_generation=1
[       OK ] HvfIntelProbe.InstructionOnly (19 ms)
[----------] 1 test from HvfIntelProbe (19 ms total)

[==========] 1 test from 1 test suite ran. (19 ms total)
[  PASSED  ] 1 test.

Repeating all tests (iteration 303) . . .

Note: Google Test filter = HvfIntelProbe.InstructionOnly
[==========] Running 1 test from 1 test suite.
[----------] 1 test from HvfIntelProbe
[ RUN      ] HvfIntelProbe.InstructionOnly
INTEL_PROBE phase=executor_initialization
INTEL_PROBE phase=executor_retained
INTEL_PROBE phase=startup_probe
INTEL_PROBE phase=ordinary_steps
INTEL_PROBE phase=instruction_retirement
INTEL_OWNER phase=replacement_parked vcpu_generation=304 owner_generation=304 owner=216184 vm_generation=1
INTEL_OWNER phase=vcpu_destroy_begin vcpu_generation=303 owner_generation=303 owner=216183 vm_generation=1
INTEL_OWNER phase=vcpu_destroy_end vcpu_generation=303 owner_generation=303 owner=216183 vm_generation=1
INTEL_OWNER phase=lease_release_end vcpu_generation=303 owner_generation=303 owner=216183 vm_generation=1
INTEL_OWNER phase=owner_join_begin vcpu_generation=303 owner_generation=303 owner=216183 vm_generation=1
INTEL_OWNER phase=owner_join_end vcpu_generation=303 owner_generation=303 owner=216183 vm_generation=1
INTEL_OWNER phase=owner_activate vcpu_generation=304 owner_generation=304 owner=216184 vm_generation=1
INTEL_OWNER phase=lease_acquire_end vcpu_generation=304 owner_generation=304 owner=216184 vm_generation=1
INTEL_OWNER phase=vcpu_create_begin vcpu_generation=304 owner_generation=304 owner=216184 vm_generation=1
INTEL_OWNER phase=vcpu_create_end vcpu_generation=304 owner_generation=304 owner=216184 vm_generation=1
[       OK ] HvfIntelProbe.InstructionOnly (18 ms)
[----------] 1 test from HvfIntelProbe (18 ms total)

[==========] 1 test from 1 test suite ran. (19 ms total)
[  PASSED  ] 1 test.

Repeating all tests (iteration 304) . . .

Note: Google Test filter = HvfIntelProbe.InstructionOnly
[==========] Running 1 test from 1 test suite.
[----------] 1 test from HvfIntelProbe
[ RUN      ] HvfIntelProbe.InstructionOnly
INTEL_PROBE phase=executor_initialization
INTEL_PROBE phase=executor_retained
INTEL_PROBE phase=startup_probe
INTEL_PROBE phase=ordinary_steps
INTEL_PROBE phase=instruction_retirement
INTEL_OWNER phase=replacement_parked vcpu_generation=305 owner_generation=305 owner=216185 vm_generation=1
INTEL_OWNER phase=vcpu_destroy_begin vcpu_generation=304 owner_generation=304 owner=216184 vm_generation=1
INTEL_OWNER phase=vcpu_destroy_end vcpu_generation=304 owner_generation=304 owner=216184 vm_generation=1
INTEL_OWNER phase=lease_release_end vcpu_generation=304 owner_generation=304 owner=216184 vm_generation=1
INTEL_OWNER phase=owner_join_begin vcpu_generation=304 owner_generation=304 owner=216184 vm_generation=1
INTEL_OWNER phase=owner_join_end vcpu_generation=304 owner_generation=304 owner=216184 vm_generation=1
INTEL_OWNER phase=owner_activate vcpu_generation=305 owner_generation=305 owner=216185 vm_generation=1
INTEL_OWNER phase=lease_acquire_end vcpu_generation=305 owner_generation=305 owner=216185 vm_generation=1
INTEL_OWNER phase=vcpu_create_begin vcpu_generation=305 owner_generation=305 owner=216185 vm_generation=1
INTEL_OWNER phase=vcpu_create_end vcpu_generation=305 owner_generation=305 owner=216185 vm_generation=1
[       OK ] HvfIntelProbe.InstructionOnly (19 ms)
[----------] 1 test from HvfIntelProbe (19 ms total)

[==========] 1 test from 1 test suite ran. (19 ms total)
[  PASSED  ] 1 test.

Repeating all tests (iteration 305) . . .

Note: Google Test filter = HvfIntelProbe.InstructionOnly
[==========] Running 1 test from 1 test suite.
[----------] 1 test from HvfIntelProbe
[ RUN      ] HvfIntelProbe.InstructionOnly
INTEL_PROBE phase=executor_initialization
INTEL_PROBE phase=executor_retained
INTEL_PROBE phase=startup_probe
INTEL_PROBE phase=ordinary_steps
INTEL_PROBE phase=instruction_retirement
INTEL_OWNER phase=replacement_parked vcpu_generation=306 owner_generation=306 owner=216186 vm_generation=1
INTEL_OWNER phase=vcpu_destroy_begin vcpu_generation=305 owner_generation=305 owner=216185 vm_generation=1
INTEL_OWNER phase=vcpu_destroy_end vcpu_generation=305 owner_generation=305 owner=216185 vm_generation=1
INTEL_OWNER phase=lease_release_end vcpu_generation=305 owner_generation=305 owner=216185 vm_generation=1
INTEL_OWNER phase=owner_join_begin vcpu_generation=305 owner_generation=305 owner=216185 vm_generation=1
INTEL_OWNER phase=owner_join_end vcpu_generation=305 owner_generation=305 owner=216185 vm_generation=1
INTEL_OWNER phase=owner_activate vcpu_generation=306 owner_generation=306 owner=216186 vm_generation=1
INTEL_OWNER phase=lease_acquire_end vcpu_generation=306 owner_generation=306 owner=216186 vm_generation=1
INTEL_OWNER phase=vcpu_create_begin vcpu_generation=306 owner_generation=306 owner=216186 vm_generation=1
INTEL_OWNER phase=vcpu_create_end vcpu_generation=306 owner_generation=306 owner=216186 vm_generation=1
[       OK ] HvfIntelProbe.InstructionOnly (18 ms)
[----------] 1 test from HvfIntelProbe (18 ms total)

[==========] 1 test from 1 test suite ran. (19 ms total)
[  PASSED  ] 1 test.

Repeating all tests (iteration 306) . . .

Note: Google Test filter = HvfIntelProbe.InstructionOnly
[==========] Running 1 test from 1 test suite.
[----------] 1 test from HvfIntelProbe
[ RUN      ] HvfIntelProbe.InstructionOnly
INTEL_PROBE phase=executor_initialization
INTEL_PROBE phase=executor_retained
INTEL_PROBE phase=startup_probe
INTEL_PROBE phase=ordinary_steps
INTEL_PROBE phase=instruction_retirement
INTEL_OWNER phase=replacement_parked vcpu_generation=307 owner_generation=307 owner=216187 vm_generation=1
INTEL_OWNER phase=vcpu_destroy_begin vcpu_generation=306 owner_generation=306 owner=216186 vm_generation=1
INTEL_OWNER phase=vcpu_destroy_end vcpu_generation=306 owner_generation=306 owner=216186 vm_generation=1
INTEL_OWNER phase=lease_release_end vcpu_generation=306 owner_generation=306 owner=216186 vm_generation=1
INTEL_OWNER phase=owner_join_begin vcpu_generation=306 owner_generation=306 owner=216186 vm_generation=1
INTEL_OWNER phase=owner_join_end vcpu_generation=306 owner_generation=306 owner=216186 vm_generation=1
INTEL_OWNER phase=owner_activate vcpu_generation=307 owner_generation=307 owner=216187 vm_generation=1
INTEL_OWNER phase=lease_acquire_end vcpu_generation=307 owner_generation=307 owner=216187 vm_generation=1
INTEL_OWNER phase=vcpu_create_begin vcpu_generation=307 owner_generation=307 owner=216187 vm_generation=1
INTEL_OWNER phase=vcpu_create_end vcpu_generation=307 owner_generation=307 owner=216187 vm_generation=1
[       OK ] HvfIntelProbe.InstructionOnly (17 ms)
[----------] 1 test from HvfIntelProbe (17 ms total)

[==========] 1 test from 1 test suite ran. (17 ms total)
[  PASSED  ] 1 test.

Repeating all tests (iteration 307) . . .

Note: Google Test filter = HvfIntelProbe.InstructionOnly
[==========] Running 1 test from 1 test suite.
[----------] 1 test from HvfIntelProbe
[ RUN      ] HvfIntelProbe.InstructionOnly
INTEL_PROBE phase=executor_initialization
INTEL_PROBE phase=executor_retained
INTEL_PROBE phase=startup_probe
INTEL_PROBE phase=ordinary_steps
INTEL_PROBE phase=instruction_retirement
INTEL_OWNER phase=replacement_parked vcpu_generation=308 owner_generation=308 owner=216189 vm_generation=1
INTEL_OWNER phase=vcpu_destroy_begin vcpu_generation=307 owner_generation=307 owner=216187 vm_generation=1
INTEL_OWNER phase=vcpu_destroy_end vcpu_generation=307 owner_generation=307 owner=216187 vm_generation=1
INTEL_OWNER phase=lease_release_end vcpu_generation=307 owner_generation=307 owner=216187 vm_generation=1
INTEL_OWNER phase=owner_join_begin vcpu_generation=307 owner_generation=307 owner=216187 vm_generation=1
INTEL_OWNER phase=owner_join_end vcpu_generation=307 owner_generation=307 owner=216187 vm_generation=1
INTEL_OWNER phase=owner_activate vcpu_generation=308 owner_generation=308 owner=216189 vm_generation=1
INTEL_OWNER phase=lease_acquire_end vcpu_generation=308 owner_generation=308 owner=216189 vm_generation=1
INTEL_OWNER phase=vcpu_create_begin vcpu_generation=308 owner_generation=308 owner=216189 vm_generation=1
INTEL_OWNER phase=vcpu_create_end vcpu_generation=308 owner_generation=308 owner=216189 vm_generation=1
[       OK ] HvfIntelProbe.InstructionOnly (19 ms)
[----------] 1 test from HvfIntelProbe (19 ms total)

[==========] 1 test from 1 test suite ran. (19 ms total)
[  PASSED  ] 1 test.

Repeating all tests (iteration 308) . . .

Note: Google Test filter = HvfIntelProbe.InstructionOnly
[==========] Running 1 test from 1 test suite.
[----------] 1 test from HvfIntelProbe
[ RUN      ] HvfIntelProbe.InstructionOnly
INTEL_PROBE phase=executor_initialization
INTEL_PROBE phase=executor_retained
INTEL_PROBE phase=startup_probe
INTEL_PROBE phase=ordinary_steps
INTEL_PROBE phase=instruction_retirement
INTEL_OWNER phase=replacement_parked vcpu_generation=309 owner_generation=309 owner=216191 vm_generation=1
INTEL_OWNER phase=vcpu_destroy_begin vcpu_generation=308 owner_generation=308 owner=216189 vm_generation=1
INTEL_OWNER phase=vcpu_destroy_end vcpu_generation=308 owner_generation=308 owner=216189 vm_generation=1
INTEL_OWNER phase=lease_release_end vcpu_generation=308 owner_generation=308 owner=216189 vm_generation=1
INTEL_OWNER phase=owner_join_begin vcpu_generation=308 owner_generation=308 owner=216189 vm_generation=1
INTEL_OWNER phase=owner_join_end vcpu_generation=308 owner_generation=308 owner=216189 vm_generation=1
INTEL_OWNER phase=owner_activate vcpu_generation=309 owner_generation=309 owner=216191 vm_generation=1
INTEL_OWNER phase=lease_acquire_end vcpu_generation=309 owner_generation=309 owner=216191 vm_generation=1
INTEL_OWNER phase=vcpu_create_begin vcpu_generation=309 owner_generation=309 owner=216191 vm_generation=1
INTEL_OWNER phase=vcpu_create_end vcpu_generation=309 owner_generation=309 owner=216191 vm_generation=1
[       OK ] HvfIntelProbe.InstructionOnly (21 ms)
[----------] 1 test from HvfIntelProbe (21 ms total)

[==========] 1 test from 1 test suite ran. (21 ms total)
[  PASSED  ] 1 test.

Repeating all tests (iteration 309) . . .

Note: Google Test filter = HvfIntelProbe.InstructionOnly
[==========] Running 1 test from 1 test suite.
[----------] 1 test from HvfIntelProbe
[ RUN      ] HvfIntelProbe.InstructionOnly
INTEL_PROBE phase=executor_initialization
INTEL_PROBE phase=executor_retained
INTEL_PROBE phase=startup_probe
INTEL_PROBE phase=ordinary_steps
INTEL_PROBE phase=instruction_retirement
INTEL_OWNER phase=replacement_parked vcpu_generation=310 owner_generation=310 owner=216194 vm_generation=1
INTEL_OWNER phase=vcpu_destroy_begin vcpu_generation=309 owner_generation=309 owner=216191 vm_generation=1
INTEL_OWNER phase=vcpu_destroy_end vcpu_generation=309 owner_generation=309 owner=216191 vm_generation=1
INTEL_OWNER phase=lease_release_end vcpu_generation=309 owner_generation=309 owner=216191 vm_generation=1
INTEL_OWNER phase=owner_join_begin vcpu_generation=309 owner_generation=309 owner=216191 vm_generation=1
INTEL_OWNER phase=owner_join_end vcpu_generation=309 owner_generation=309 owner=216191 vm_generation=1
INTEL_OWNER phase=owner_activate vcpu_generation=310 owner_generation=310 owner=216194 vm_generation=1
INTEL_OWNER phase=lease_acquire_end vcpu_generation=310 owner_generation=310 owner=216194 vm_generation=1
INTEL_OWNER phase=vcpu_create_begin vcpu_generation=310 owner_generation=310 owner=216194 vm_generation=1
INTEL_OWNER phase=vcpu_create_end vcpu_generation=310 owner_generation=310 owner=216194 vm_generation=1
[       OK ] HvfIntelProbe.InstructionOnly (20 ms)
[----------] 1 test from HvfIntelProbe (20 ms total)

[==========] 1 test from 1 test suite ran. (20 ms total)
[  PASSED  ] 1 test.

Repeating all tests (iteration 310) . . .

Note: Google Test filter = HvfIntelProbe.InstructionOnly
[==========] Running 1 test from 1 test suite.
[----------] 1 test from HvfIntelProbe
[ RUN      ] HvfIntelProbe.InstructionOnly
INTEL_PROBE phase=executor_initialization
INTEL_PROBE phase=executor_retained
INTEL_PROBE phase=startup_probe
INTEL_PROBE phase=ordinary_steps
INTEL_PROBE phase=instruction_retirement
INTEL_OWNER phase=replacement_parked vcpu_generation=311 owner_generation=311 owner=216195 vm_generation=1
INTEL_OWNER phase=vcpu_destroy_begin vcpu_generation=310 owner_generation=310 owner=216194 vm_generation=1
INTEL_OWNER phase=vcpu_destroy_end vcpu_generation=310 owner_generation=310 owner=216194 vm_generation=1
INTEL_OWNER phase=lease_release_end vcpu_generation=310 owner_generation=310 owner=216194 vm_generation=1
INTEL_OWNER phase=owner_join_begin vcpu_generation=310 owner_generation=310 owner=216194 vm_generation=1
INTEL_OWNER phase=owner_join_end vcpu_generation=310 owner_generation=310 owner=216194 vm_generation=1
INTEL_OWNER phase=owner_activate vcpu_generation=311 owner_generation=311 owner=216195 vm_generation=1
INTEL_OWNER phase=lease_acquire_end vcpu_generation=311 owner_generation=311 owner=216195 vm_generation=1
INTEL_OWNER phase=vcpu_create_begin vcpu_generation=311 owner_generation=311 owner=216195 vm_generation=1
INTEL_OWNER phase=vcpu_create_end vcpu_generation=311 owner_generation=311 owner=216195 vm_generation=1
[       OK ] HvfIntelProbe.InstructionOnly (19 ms)
[----------] 1 test from HvfIntelProbe (19 ms total)

[==========] 1 test from 1 test suite ran. (19 ms total)
[  PASSED  ] 1 test.

Repeating all tests (iteration 311) . . .

Note: Google Test filter = HvfIntelProbe.InstructionOnly
[==========] Running 1 test from 1 test suite.
[----------] 1 test from HvfIntelProbe
[ RUN      ] HvfIntelProbe.InstructionOnly
INTEL_PROBE phase=executor_initialization
INTEL_PROBE phase=executor_retained
INTEL_PROBE phase=startup_probe
INTEL_PROBE phase=ordinary_steps
INTEL_PROBE phase=instruction_retirement
INTEL_OWNER phase=replacement_parked vcpu_generation=312 owner_generation=312 owner=216196 vm_generation=1
INTEL_OWNER phase=vcpu_destroy_begin vcpu_generation=311 owner_generation=311 owner=216195 vm_generation=1
INTEL_OWNER phase=vcpu_destroy_end vcpu_generation=311 owner_generation=311 owner=216195 vm_generation=1
INTEL_OWNER phase=lease_release_end vcpu_generation=311 owner_generation=311 owner=216195 vm_generation=1
INTEL_OWNER phase=owner_join_begin vcpu_generation=311 owner_generation=311 owner=216195 vm_generation=1
INTEL_OWNER phase=owner_join_end vcpu_generation=311 owner_generation=311 owner=216195 vm_generation=1
INTEL_OWNER phase=owner_activate vcpu_generation=312 owner_generation=312 owner=216196 vm_generation=1
INTEL_OWNER phase=lease_acquire_end vcpu_generation=312 owner_generation=312 owner=216196 vm_generation=1
INTEL_OWNER phase=vcpu_create_begin vcpu_generation=312 owner_generation=312 owner=216196 vm_generation=1
INTEL_OWNER phase=vcpu_create_end vcpu_generation=312 owner_generation=312 owner=216196 vm_generation=1
[       OK ] HvfIntelProbe.InstructionOnly (21 ms)
[----------] 1 test from HvfIntelProbe (21 ms total)

[==========] 1 test from 1 test suite ran. (21 ms total)
[  PASSED  ] 1 test.

Repeating all tests (iteration 312) . . .

Note: Google Test filter = HvfIntelProbe.InstructionOnly
[==========] Running 1 test from 1 test suite.
[----------] 1 test from HvfIntelProbe
[ RUN      ] HvfIntelProbe.InstructionOnly
INTEL_PROBE phase=executor_initialization
INTEL_PROBE phase=executor_retained
INTEL_PROBE phase=startup_probe
INTEL_PROBE phase=ordinary_steps
INTEL_PROBE phase=instruction_retirement
INTEL_OWNER phase=replacement_parked vcpu_generation=313 owner_generation=313 owner=216198 vm_generation=1
INTEL_OWNER phase=vcpu_destroy_begin vcpu_generation=312 owner_generation=312 owner=216196 vm_generation=1
INTEL_OWNER phase=vcpu_destroy_end vcpu_generation=312 owner_generation=312 owner=216196 vm_generation=1
INTEL_OWNER phase=lease_release_end vcpu_generation=312 owner_generation=312 owner=216196 vm_generation=1
INTEL_OWNER phase=owner_join_begin vcpu_generation=312 owner_generation=312 owner=216196 vm_generation=1
INTEL_OWNER phase=owner_join_end vcpu_generation=312 owner_generation=312 owner=216196 vm_generation=1
INTEL_OWNER phase=owner_activate vcpu_generation=313 owner_generation=313 owner=216198 vm_generation=1
INTEL_OWNER phase=lease_acquire_end vcpu_generation=313 owner_generation=313 owner=216198 vm_generation=1
INTEL_OWNER phase=vcpu_create_begin vcpu_generation=313 owner_generation=313 owner=216198 vm_generation=1
INTEL_OWNER phase=vcpu_create_end vcpu_generation=313 owner_generation=313 owner=216198 vm_generation=1
[       OK ] HvfIntelProbe.InstructionOnly (21 ms)
[----------] 1 test from HvfIntelProbe (21 ms total)

[==========] 1 test from 1 test suite ran. (21 ms total)
[  PASSED  ] 1 test.

Repeating all tests (iteration 313) . . .

Note: Google Test filter = HvfIntelProbe.InstructionOnly
[==========] Running 1 test from 1 test suite.
[----------] 1 test from HvfIntelProbe
[ RUN      ] HvfIntelProbe.InstructionOnly
INTEL_PROBE phase=executor_initialization
INTEL_PROBE phase=executor_retained
INTEL_PROBE phase=startup_probe
INTEL_PROBE phase=ordinary_steps
INTEL_PROBE phase=instruction_retirement
INTEL_OWNER phase=replacement_parked vcpu_generation=314 owner_generation=314 owner=216199 vm_generation=1
INTEL_OWNER phase=vcpu_destroy_begin vcpu_generation=313 owner_generation=313 owner=216198 vm_generation=1
INTEL_OWNER phase=vcpu_destroy_end vcpu_generation=313 owner_generation=313 owner=216198 vm_generation=1
INTEL_OWNER phase=lease_release_end vcpu_generation=313 owner_generation=313 owner=216198 vm_generation=1
INTEL_OWNER phase=owner_join_begin vcpu_generation=313 owner_generation=313 owner=216198 vm_generation=1
INTEL_OWNER phase=owner_join_end vcpu_generation=313 owner_generation=313 owner=216198 vm_generation=1
INTEL_OWNER phase=owner_activate vcpu_generation=314 owner_generation=314 owner=216199 vm_generation=1
INTEL_OWNER phase=lease_acquire_end vcpu_generation=314 owner_generation=314 owner=216199 vm_generation=1
INTEL_OWNER phase=vcpu_create_begin vcpu_generation=314 owner_generation=314 owner=216199 vm_generation=1
INTEL_OWNER phase=vcpu_create_end vcpu_generation=314 owner_generation=314 owner=216199 vm_generation=1
[       OK ] HvfIntelProbe.InstructionOnly (19 ms)
[----------] 1 test from HvfIntelProbe (19 ms total)

[==========] 1 test from 1 test suite ran. (19 ms total)
[  PASSED  ] 1 test.

Repeating all tests (iteration 314) . . .

Note: Google Test filter = HvfIntelProbe.InstructionOnly
[==========] Running 1 test from 1 test suite.
[----------] 1 test from HvfIntelProbe
[ RUN      ] HvfIntelProbe.InstructionOnly
INTEL_PROBE phase=executor_initialization
INTEL_PROBE phase=executor_retained
INTEL_PROBE phase=startup_probe
INTEL_PROBE phase=ordinary_steps
INTEL_PROBE phase=instruction_retirement
INTEL_OWNER phase=replacement_parked vcpu_generation=315 owner_generation=315 owner=216200 vm_generation=1
INTEL_OWNER phase=vcpu_destroy_begin vcpu_generation=314 owner_generation=314 owner=216199 vm_generation=1
INTEL_OWNER phase=vcpu_destroy_end vcpu_generation=314 owner_generation=314 owner=216199 vm_generation=1
INTEL_OWNER phase=lease_release_end vcpu_generation=314 owner_generation=314 owner=216199 vm_generation=1
INTEL_OWNER phase=owner_join_begin vcpu_generation=314 owner_generation=314 owner=216199 vm_generation=1
INTEL_OWNER phase=owner_join_end vcpu_generation=314 owner_generation=314 owner=216199 vm_generation=1
INTEL_OWNER phase=owner_activate vcpu_generation=315 owner_generation=315 owner=216200 vm_generation=1
INTEL_OWNER phase=lease_acquire_end vcpu_generation=315 owner_generation=315 owner=216200 vm_generation=1
INTEL_OWNER phase=vcpu_create_begin vcpu_generation=315 owner_generation=315 owner=216200 vm_generation=1
INTEL_OWNER phase=vcpu_create_end vcpu_generation=315 owner_generation=315 owner=216200 vm_generation=1
[       OK ] HvfIntelProbe.InstructionOnly (19 ms)
[----------] 1 test from HvfIntelProbe (19 ms total)

[==========] 1 test from 1 test suite ran. (19 ms total)
[  PASSED  ] 1 test.

Repeating all tests (iteration 315) . . .

Note: Google Test filter = HvfIntelProbe.InstructionOnly
[==========] Running 1 test from 1 test suite.
[----------] 1 test from HvfIntelProbe
[ RUN      ] HvfIntelProbe.InstructionOnly
INTEL_PROBE phase=executor_initialization
INTEL_PROBE phase=executor_retained
INTEL_PROBE phase=startup_probe
INTEL_PROBE phase=ordinary_steps
INTEL_PROBE phase=instruction_retirement
INTEL_OWNER phase=replacement_parked vcpu_generation=316 owner_generation=316 owner=216201 vm_generation=1
INTEL_OWNER phase=vcpu_destroy_begin vcpu_generation=315 owner_generation=315 owner=216200 vm_generation=1
INTEL_OWNER phase=vcpu_destroy_end vcpu_generation=315 owner_generation=315 owner=216200 vm_generation=1
INTEL_OWNER phase=lease_release_end vcpu_generation=315 owner_generation=315 owner=216200 vm_generation=1
INTEL_OWNER phase=owner_join_begin vcpu_generation=315 owner_generation=315 owner=216200 vm_generation=1
INTEL_OWNER phase=owner_join_end vcpu_generation=315 owner_generation=315 owner=216200 vm_generation=1
INTEL_OWNER phase=owner_activate vcpu_generation=316 owner_generation=316 owner=216201 vm_generation=1
INTEL_OWNER phase=lease_acquire_end vcpu_generation=316 owner_generation=316 owner=216201 vm_generation=1
INTEL_OWNER phase=vcpu_create_begin vcpu_generation=316 owner_generation=316 owner=216201 vm_generation=1
INTEL_OWNER phase=vcpu_create_end vcpu_generation=316 owner_generation=316 owner=216201 vm_generation=1
[       OK ] HvfIntelProbe.InstructionOnly (19 ms)
[----------] 1 test from HvfIntelProbe (19 ms total)

[==========] 1 test from 1 test suite ran. (19 ms total)
[  PASSED  ] 1 test.

Repeating all tests (iteration 316) . . .

Note: Google Test filter = HvfIntelProbe.InstructionOnly
[==========] Running 1 test from 1 test suite.
[----------] 1 test from HvfIntelProbe
[ RUN      ] HvfIntelProbe.InstructionOnly
INTEL_PROBE phase=executor_initialization
INTEL_PROBE phase=executor_retained
INTEL_PROBE phase=startup_probe
INTEL_PROBE phase=ordinary_steps
INTEL_PROBE phase=instruction_retirement
INTEL_OWNER phase=replacement_parked vcpu_generation=317 owner_generation=317 owner=216202 vm_generation=1
INTEL_OWNER phase=vcpu_destroy_begin vcpu_generation=316 owner_generation=316 owner=216201 vm_generation=1
INTEL_OWNER phase=vcpu_destroy_end vcpu_generation=316 owner_generation=316 owner=216201 vm_generation=1
INTEL_OWNER phase=lease_release_end vcpu_generation=316 owner_generation=316 owner=216201 vm_generation=1
INTEL_OWNER phase=owner_join_begin vcpu_generation=316 owner_generation=316 owner=216201 vm_generation=1
INTEL_OWNER phase=owner_join_end vcpu_generation=316 owner_generation=316 owner=216201 vm_generation=1
INTEL_OWNER phase=owner_activate vcpu_generation=317 owner_generation=317 owner=216202 vm_generation=1
INTEL_OWNER phase=lease_acquire_end vcpu_generation=317 owner_generation=317 owner=216202 vm_generation=1
INTEL_OWNER phase=vcpu_create_begin vcpu_generation=317 owner_generation=317 owner=216202 vm_generation=1
INTEL_OWNER phase=vcpu_create_end vcpu_generation=317 owner_generation=317 owner=216202 vm_generation=1
[       OK ] HvfIntelProbe.InstructionOnly (28 ms)
[----------] 1 test from HvfIntelProbe (29 ms total)

[==========] 1 test from 1 test suite ran. (29 ms total)
[  PASSED  ] 1 test.

Repeating all tests (iteration 317) . . .

Note: Google Test filter = HvfIntelProbe.InstructionOnly
[==========] Running 1 test from 1 test suite.
[----------] 1 test from HvfIntelProbe
[ RUN      ] HvfIntelProbe.InstructionOnly
INTEL_PROBE phase=executor_initialization
INTEL_PROBE phase=executor_retained
INTEL_PROBE phase=startup_probe
INTEL_PROBE phase=ordinary_steps
INTEL_PROBE phase=instruction_retirement
INTEL_OWNER phase=replacement_parked vcpu_generation=318 owner_generation=318 owner=216203 vm_generation=1
INTEL_OWNER phase=vcpu_destroy_begin vcpu_generation=317 owner_generation=317 owner=216202 vm_generation=1
INTEL_OWNER phase=vcpu_destroy_end vcpu_generation=317 owner_generation=317 owner=216202 vm_generation=1
INTEL_OWNER phase=lease_release_end vcpu_generation=317 owner_generation=317 owner=216202 vm_generation=1
INTEL_OWNER phase=owner_join_begin vcpu_generation=317 owner_generation=317 owner=216202 vm_generation=1
INTEL_OWNER phase=owner_join_end vcpu_generation=317 owner_generation=317 owner=216202 vm_generation=1
INTEL_OWNER phase=owner_activate vcpu_generation=318 owner_generation=318 owner=216203 vm_generation=1
INTEL_OWNER phase=lease_acquire_end vcpu_generation=318 owner_generation=318 owner=216203 vm_generation=1
INTEL_OWNER phase=vcpu_create_begin vcpu_generation=318 owner_generation=318 owner=216203 vm_generation=1
INTEL_OWNER phase=vcpu_create_end vcpu_generation=318 owner_generation=318 owner=216203 vm_generation=1
[       OK ] HvfIntelProbe.InstructionOnly (17 ms)
[----------] 1 test from HvfIntelProbe (17 ms total)

[==========] 1 test from 1 test suite ran. (17 ms total)
[  PASSED  ] 1 test.

Repeating all tests (iteration 318) . . .

Note: Google Test filter = HvfIntelProbe.InstructionOnly
[==========] Running 1 test from 1 test suite.
[----------] 1 test from HvfIntelProbe
[ RUN      ] HvfIntelProbe.InstructionOnly
INTEL_PROBE phase=executor_initialization
INTEL_PROBE phase=executor_retained
INTEL_PROBE phase=startup_probe
INTEL_PROBE phase=ordinary_steps
INTEL_PROBE phase=instruction_retirement
INTEL_OWNER phase=replacement_parked vcpu_generation=319 owner_generation=319 owner=216204 vm_generation=1
INTEL_OWNER phase=vcpu_destroy_begin vcpu_generation=318 owner_generation=318 owner=216203 vm_generation=1
INTEL_OWNER phase=vcpu_destroy_end vcpu_generation=318 owner_generation=318 owner=216203 vm_generation=1
INTEL_OWNER phase=lease_release_end vcpu_generation=318 owner_generation=318 owner=216203 vm_generation=1
INTEL_OWNER phase=owner_join_begin vcpu_generation=318 owner_generation=318 owner=216203 vm_generation=1
INTEL_OWNER phase=owner_join_end vcpu_generation=318 owner_generation=318 owner=216203 vm_generation=1
INTEL_OWNER phase=owner_activate vcpu_generation=319 owner_generation=319 owner=216204 vm_generation=1
INTEL_OWNER phase=lease_acquire_end vcpu_generation=319 owner_generation=319 owner=216204 vm_generation=1
INTEL_OWNER phase=vcpu_create_begin vcpu_generation=319 owner_generation=319 owner=216204 vm_generation=1
INTEL_OWNER phase=vcpu_create_end vcpu_generation=319 owner_generation=319 owner=216204 vm_generation=1
[       OK ] HvfIntelProbe.InstructionOnly (18 ms)
[----------] 1 test from HvfIntelProbe (18 ms total)

[==========] 1 test from 1 test suite ran. (18 ms total)
[  PASSED  ] 1 test.

Repeating all tests (iteration 319) . . .

Note: Google Test filter = HvfIntelProbe.InstructionOnly
[==========] Running 1 test from 1 test suite.
[----------] 1 test from HvfIntelProbe
[ RUN      ] HvfIntelProbe.InstructionOnly
INTEL_PROBE phase=executor_initialization
INTEL_PROBE phase=executor_retained
INTEL_PROBE phase=startup_probe
INTEL_PROBE phase=ordinary_steps
INTEL_PROBE phase=instruction_retirement
INTEL_OWNER phase=replacement_parked vcpu_generation=320 owner_generation=320 owner=216205 vm_generation=1
INTEL_OWNER phase=vcpu_destroy_begin vcpu_generation=319 owner_generation=319 owner=216204 vm_generation=1
INTEL_OWNER phase=vcpu_destroy_end vcpu_generation=319 owner_generation=319 owner=216204 vm_generation=1
INTEL_OWNER phase=lease_release_end vcpu_generation=319 owner_generation=319 owner=216204 vm_generation=1
INTEL_OWNER phase=owner_join_begin vcpu_generation=319 owner_generation=319 owner=216204 vm_generation=1
INTEL_OWNER phase=owner_join_end vcpu_generation=319 owner_generation=319 owner=216204 vm_generation=1
INTEL_OWNER phase=owner_activate vcpu_generation=320 owner_generation=320 owner=216205 vm_generation=1
INTEL_OWNER phase=lease_acquire_end vcpu_generation=320 owner_generation=320 owner=216205 vm_generation=1
INTEL_OWNER phase=vcpu_create_begin vcpu_generation=320 owner_generation=320 owner=216205 vm_generation=1
INTEL_OWNER phase=vcpu_create_end vcpu_generation=320 owner_generation=320 owner=216205 vm_generation=1
[       OK ] HvfIntelProbe.InstructionOnly (17 ms)
[----------] 1 test from HvfIntelProbe (17 ms total)

[==========] 1 test from 1 test suite ran. (17 ms total)
[  PASSED  ] 1 test.

Repeating all tests (iteration 320) . . .

Note: Google Test filter = HvfIntelProbe.InstructionOnly
[==========] Running 1 test from 1 test suite.
[----------] 1 test from HvfIntelProbe
[ RUN      ] HvfIntelProbe.InstructionOnly
INTEL_PROBE phase=executor_initialization
INTEL_PROBE phase=executor_retained
INTEL_PROBE phase=startup_probe
INTEL_PROBE phase=ordinary_steps
INTEL_PROBE phase=instruction_retirement
INTEL_OWNER phase=replacement_parked vcpu_generation=321 owner_generation=321 owner=216206 vm_generation=1
INTEL_OWNER phase=vcpu_destroy_begin vcpu_generation=320 owner_generation=320 owner=216205 vm_generation=1
INTEL_OWNER phase=vcpu_destroy_end vcpu_generation=320 owner_generation=320 owner=216205 vm_generation=1
INTEL_OWNER phase=lease_release_end vcpu_generation=320 owner_generation=320 owner=216205 vm_generation=1
INTEL_OWNER phase=owner_join_begin vcpu_generation=320 owner_generation=320 owner=216205 vm_generation=1
INTEL_OWNER phase=owner_join_end vcpu_generation=320 owner_generation=320 owner=216205 vm_generation=1
INTEL_OWNER phase=owner_activate vcpu_generation=321 owner_generation=321 owner=216206 vm_generation=1
INTEL_OWNER phase=lease_acquire_end vcpu_generation=321 owner_generation=321 owner=216206 vm_generation=1
INTEL_OWNER phase=vcpu_create_begin vcpu_generation=321 owner_generation=321 owner=216206 vm_generation=1
INTEL_OWNER phase=vcpu_create_end vcpu_generation=321 owner_generation=321 owner=216206 vm_generation=1
[       OK ] HvfIntelProbe.InstructionOnly (17 ms)
[----------] 1 test from HvfIntelProbe (18 ms total)

[==========] 1 test from 1 test suite ran. (18 ms total)
[  PASSED  ] 1 test.

Repeating all tests (iteration 321) . . .

Note: Google Test filter = HvfIntelProbe.InstructionOnly
[==========] Running 1 test from 1 test suite.
[----------] 1 test from HvfIntelProbe
[ RUN      ] HvfIntelProbe.InstructionOnly
INTEL_PROBE phase=executor_initialization
INTEL_PROBE phase=executor_retained
INTEL_PROBE phase=startup_probe
INTEL_PROBE phase=ordinary_steps
INTEL_PROBE phase=instruction_retirement
INTEL_OWNER phase=replacement_parked vcpu_generation=322 owner_generation=322 owner=216207 vm_generation=1
INTEL_OWNER phase=vcpu_destroy_begin vcpu_generation=321 owner_generation=321 owner=216206 vm_generation=1
INTEL_OWNER phase=vcpu_destroy_end vcpu_generation=321 owner_generation=321 owner=216206 vm_generation=1
INTEL_OWNER phase=lease_release_end vcpu_generation=321 owner_generation=321 owner=216206 vm_generation=1
INTEL_OWNER phase=owner_join_begin vcpu_generation=321 owner_generation=321 owner=216206 vm_generation=1
INTEL_OWNER phase=owner_join_end vcpu_generation=321 owner_generation=321 owner=216206 vm_generation=1
INTEL_OWNER phase=owner_activate vcpu_generation=322 owner_generation=322 owner=216207 vm_generation=1
INTEL_OWNER phase=lease_acquire_end vcpu_generation=322 owner_generation=322 owner=216207 vm_generation=1
INTEL_OWNER phase=vcpu_create_begin vcpu_generation=322 owner_generation=322 owner=216207 vm_generation=1
INTEL_OWNER phase=vcpu_create_end vcpu_generation=322 owner_generation=322 owner=216207 vm_generation=1
[       OK ] HvfIntelProbe.InstructionOnly (18 ms)
[----------] 1 test from HvfIntelProbe (18 ms total)

[==========] 1 test from 1 test suite ran. (18 ms total)
[  PASSED  ] 1 test.

Repeating all tests (iteration 322) . . .

Note: Google Test filter = HvfIntelProbe.InstructionOnly
[==========] Running 1 test from 1 test suite.
[----------] 1 test from HvfIntelProbe
[ RUN      ] HvfIntelProbe.InstructionOnly
INTEL_PROBE phase=executor_initialization
INTEL_PROBE phase=executor_retained
INTEL_PROBE phase=startup_probe
INTEL_PROBE phase=ordinary_steps
INTEL_PROBE phase=instruction_retirement
INTEL_OWNER phase=replacement_parked vcpu_generation=323 owner_generation=323 owner=216208 vm_generation=1
INTEL_OWNER phase=vcpu_destroy_begin vcpu_generation=322 owner_generation=322 owner=216207 vm_generation=1
INTEL_OWNER phase=vcpu_destroy_end vcpu_generation=322 owner_generation=322 owner=216207 vm_generation=1
INTEL_OWNER phase=lease_release_end vcpu_generation=322 owner_generation=322 owner=216207 vm_generation=1
INTEL_OWNER phase=owner_join_begin vcpu_generation=322 owner_generation=322 owner=216207 vm_generation=1
INTEL_OWNER phase=owner_join_end vcpu_generation=322 owner_generation=322 owner=216207 vm_generation=1
INTEL_OWNER phase=owner_activate vcpu_generation=323 owner_generation=323 owner=216208 vm_generation=1
INTEL_OWNER phase=lease_acquire_end vcpu_generation=323 owner_generation=323 owner=216208 vm_generation=1
INTEL_OWNER phase=vcpu_create_begin vcpu_generation=323 owner_generation=323 owner=216208 vm_generation=1
INTEL_OWNER phase=vcpu_create_end vcpu_generation=323 owner_generation=323 owner=216208 vm_generation=1
[       OK ] HvfIntelProbe.InstructionOnly (18 ms)
[----------] 1 test from HvfIntelProbe (18 ms total)

[==========] 1 test from 1 test suite ran. (18 ms total)
[  PASSED  ] 1 test.

Repeating all tests (iteration 323) . . .

Note: Google Test filter = HvfIntelProbe.InstructionOnly
[==========] Running 1 test from 1 test suite.
[----------] 1 test from HvfIntelProbe
[ RUN      ] HvfIntelProbe.InstructionOnly
INTEL_PROBE phase=executor_initialization
INTEL_PROBE phase=executor_retained
INTEL_PROBE phase=startup_probe
INTEL_PROBE phase=ordinary_steps
INTEL_PROBE phase=instruction_retirement
INTEL_OWNER phase=replacement_parked vcpu_generation=324 owner_generation=324 owner=216209 vm_generation=1
INTEL_OWNER phase=vcpu_destroy_begin vcpu_generation=323 owner_generation=323 owner=216208 vm_generation=1
INTEL_OWNER phase=vcpu_destroy_end vcpu_generation=323 owner_generation=323 owner=216208 vm_generation=1
INTEL_OWNER phase=lease_release_end vcpu_generation=323 owner_generation=323 owner=216208 vm_generation=1
INTEL_OWNER phase=owner_join_begin vcpu_generation=323 owner_generation=323 owner=216208 vm_generation=1
INTEL_OWNER phase=owner_join_end vcpu_generation=323 owner_generation=323 owner=216208 vm_generation=1
INTEL_OWNER phase=owner_activate vcpu_generation=324 owner_generation=324 owner=216209 vm_generation=1
INTEL_OWNER phase=lease_acquire_end vcpu_generation=324 owner_generation=324 owner=216209 vm_generation=1
INTEL_OWNER phase=vcpu_create_begin vcpu_generation=324 owner_generation=324 owner=216209 vm_generation=1
INTEL_OWNER phase=vcpu_create_end vcpu_generation=324 owner_generation=324 owner=216209 vm_generation=1
[       OK ] HvfIntelProbe.InstructionOnly (19 ms)
[----------] 1 test from HvfIntelProbe (19 ms total)

[==========] 1 test from 1 test suite ran. (19 ms total)
[  PASSED  ] 1 test.

Repeating all tests (iteration 324) . . .

Note: Google Test filter = HvfIntelProbe.InstructionOnly
[==========] Running 1 test from 1 test suite.
[----------] 1 test from HvfIntelProbe
[ RUN      ] HvfIntelProbe.InstructionOnly
INTEL_PROBE phase=executor_initialization
INTEL_PROBE phase=executor_retained
INTEL_PROBE phase=startup_probe
INTEL_PROBE phase=ordinary_steps
INTEL_PROBE phase=instruction_retirement
INTEL_OWNER phase=replacement_parked vcpu_generation=325 owner_generation=325 owner=216210 vm_generation=1
INTEL_OWNER phase=vcpu_destroy_begin vcpu_generation=324 owner_generation=324 owner=216209 vm_generation=1
INTEL_OWNER phase=vcpu_destroy_end vcpu_generation=324 owner_generation=324 owner=216209 vm_generation=1
INTEL_OWNER phase=lease_release_end vcpu_generation=324 owner_generation=324 owner=216209 vm_generation=1
INTEL_OWNER phase=owner_join_begin vcpu_generation=324 owner_generation=324 owner=216209 vm_generation=1
INTEL_OWNER phase=owner_join_end vcpu_generation=324 owner_generation=324 owner=216209 vm_generation=1
INTEL_OWNER phase=owner_activate vcpu_generation=325 owner_generation=325 owner=216210 vm_generation=1
INTEL_OWNER phase=lease_acquire_end vcpu_generation=325 owner_generation=325 owner=216210 vm_generation=1
INTEL_OWNER phase=vcpu_create_begin vcpu_generation=325 owner_generation=325 owner=216210 vm_generation=1
INTEL_OWNER phase=vcpu_create_end vcpu_generation=325 owner_generation=325 owner=216210 vm_generation=1
[       OK ] HvfIntelProbe.InstructionOnly (17 ms)
[----------] 1 test from HvfIntelProbe (17 ms total)

[==========] 1 test from 1 test suite ran. (17 ms total)
[  PASSED  ] 1 test.

Repeating all tests (iteration 325) . . .

Note: Google Test filter = HvfIntelProbe.InstructionOnly
[==========] Running 1 test from 1 test suite.
[----------] 1 test from HvfIntelProbe
[ RUN      ] HvfIntelProbe.InstructionOnly
INTEL_PROBE phase=executor_initialization
INTEL_PROBE phase=executor_retained
INTEL_PROBE phase=startup_probe
INTEL_PROBE phase=ordinary_steps
INTEL_PROBE phase=instruction_retirement
INTEL_OWNER phase=replacement_parked vcpu_generation=326 owner_generation=326 owner=216211 vm_generation=1
INTEL_OWNER phase=vcpu_destroy_begin vcpu_generation=325 owner_generation=325 owner=216210 vm_generation=1
INTEL_OWNER phase=vcpu_destroy_end vcpu_generation=325 owner_generation=325 owner=216210 vm_generation=1
INTEL_OWNER phase=lease_release_end vcpu_generation=325 owner_generation=325 owner=216210 vm_generation=1
INTEL_OWNER phase=owner_join_begin vcpu_generation=325 owner_generation=325 owner=216210 vm_generation=1
INTEL_OWNER phase=owner_join_end vcpu_generation=325 owner_generation=325 owner=216210 vm_generation=1
INTEL_OWNER phase=owner_activate vcpu_generation=326 owner_generation=326 owner=216211 vm_generation=1
INTEL_OWNER phase=lease_acquire_end vcpu_generation=326 owner_generation=326 owner=216211 vm_generation=1
INTEL_OWNER phase=vcpu_create_begin vcpu_generation=326 owner_generation=326 owner=216211 vm_generation=1
INTEL_OWNER phase=vcpu_create_end vcpu_generation=326 owner_generation=326 owner=216211 vm_generation=1
[       OK ] HvfIntelProbe.InstructionOnly (19 ms)
[----------] 1 test from HvfIntelProbe (19 ms total)

[==========] 1 test from 1 test suite ran. (19 ms total)
[  PASSED  ] 1 test.

Repeating all tests (iteration 326) . . .

Note: Google Test filter = HvfIntelProbe.InstructionOnly
[==========] Running 1 test from 1 test suite.
[----------] 1 test from HvfIntelProbe
[ RUN      ] HvfIntelProbe.InstructionOnly
INTEL_PROBE phase=executor_initialization
INTEL_PROBE phase=executor_retained
INTEL_PROBE phase=startup_probe
INTEL_PROBE phase=ordinary_steps
INTEL_PROBE phase=instruction_retirement
INTEL_OWNER phase=replacement_parked vcpu_generation=327 owner_generation=327 owner=216212 vm_generation=1
INTEL_OWNER phase=vcpu_destroy_begin vcpu_generation=326 owner_generation=326 owner=216211 vm_generation=1
INTEL_OWNER phase=vcpu_destroy_end vcpu_generation=326 owner_generation=326 owner=216211 vm_generation=1
INTEL_OWNER phase=lease_release_end vcpu_generation=326 owner_generation=326 owner=216211 vm_generation=1
INTEL_OWNER phase=owner_join_begin vcpu_generation=326 owner_generation=326 owner=216211 vm_generation=1
INTEL_OWNER phase=owner_join_end vcpu_generation=326 owner_generation=326 owner=216211 vm_generation=1
INTEL_OWNER phase=owner_activate vcpu_generation=327 owner_generation=327 owner=216212 vm_generation=1
INTEL_OWNER phase=lease_acquire_end vcpu_generation=327 owner_generation=327 owner=216212 vm_generation=1
INTEL_OWNER phase=vcpu_create_begin vcpu_generation=327 owner_generation=327 owner=216212 vm_generation=1
INTEL_OWNER phase=vcpu_create_end vcpu_generation=327 owner_generation=327 owner=216212 vm_generation=1
[       OK ] HvfIntelProbe.InstructionOnly (17 ms)
[----------] 1 test from HvfIntelProbe (17 ms total)

[==========] 1 test from 1 test suite ran. (17 ms total)
[  PASSED  ] 1 test.

Repeating all tests (iteration 327) . . .

Note: Google Test filter = HvfIntelProbe.InstructionOnly
[==========] Running 1 test from 1 test suite.
[----------] 1 test from HvfIntelProbe
[ RUN      ] HvfIntelProbe.InstructionOnly
INTEL_PROBE phase=executor_initialization
INTEL_PROBE phase=executor_retained
INTEL_PROBE phase=startup_probe
INTEL_PROBE phase=ordinary_steps
INTEL_PROBE phase=instruction_retirement
INTEL_OWNER phase=replacement_parked vcpu_generation=328 owner_generation=328 owner=216213 vm_generation=1
INTEL_OWNER phase=vcpu_destroy_begin vcpu_generation=327 owner_generation=327 owner=216212 vm_generation=1
INTEL_OWNER phase=vcpu_destroy_end vcpu_generation=327 owner_generation=327 owner=216212 vm_generation=1
INTEL_OWNER phase=lease_release_end vcpu_generation=327 owner_generation=327 owner=216212 vm_generation=1
INTEL_OWNER phase=owner_join_begin vcpu_generation=327 owner_generation=327 owner=216212 vm_generation=1
INTEL_OWNER phase=owner_join_end vcpu_generation=327 owner_generation=327 owner=216212 vm_generation=1
INTEL_OWNER phase=owner_activate vcpu_generation=328 owner_generation=328 owner=216213 vm_generation=1
INTEL_OWNER phase=lease_acquire_end vcpu_generation=328 owner_generation=328 owner=216213 vm_generation=1
INTEL_OWNER phase=vcpu_create_begin vcpu_generation=328 owner_generation=328 owner=216213 vm_generation=1
INTEL_OWNER phase=vcpu_create_end vcpu_generation=328 owner_generation=328 owner=216213 vm_generation=1
[       OK ] HvfIntelProbe.InstructionOnly (17 ms)
[----------] 1 test from HvfIntelProbe (17 ms total)

[==========] 1 test from 1 test suite ran. (17 ms total)
[  PASSED  ] 1 test.

Repeating all tests (iteration 328) . . .

Note: Google Test filter = HvfIntelProbe.InstructionOnly
[==========] Running 1 test from 1 test suite.
[----------] 1 test from HvfIntelProbe
[ RUN      ] HvfIntelProbe.InstructionOnly
INTEL_PROBE phase=executor_initialization
INTEL_PROBE phase=executor_retained
INTEL_PROBE phase=startup_probe
INTEL_PROBE phase=ordinary_steps
INTEL_PROBE phase=instruction_retirement
INTEL_OWNER phase=replacement_parked vcpu_generation=329 owner_generation=329 owner=216214 vm_generation=1
INTEL_OWNER phase=vcpu_destroy_begin vcpu_generation=328 owner_generation=328 owner=216213 vm_generation=1
INTEL_OWNER phase=vcpu_destroy_end vcpu_generation=328 owner_generation=328 owner=216213 vm_generation=1
INTEL_OWNER phase=lease_release_end vcpu_generation=328 owner_generation=328 owner=216213 vm_generation=1
INTEL_OWNER phase=owner_join_begin vcpu_generation=328 owner_generation=328 owner=216213 vm_generation=1
INTEL_OWNER phase=owner_join_end vcpu_generation=328 owner_generation=328 owner=216213 vm_generation=1
INTEL_OWNER phase=owner_activate vcpu_generation=329 owner_generation=329 owner=216214 vm_generation=1
INTEL_OWNER phase=lease_acquire_end vcpu_generation=329 owner_generation=329 owner=216214 vm_generation=1
INTEL_OWNER phase=vcpu_create_begin vcpu_generation=329 owner_generation=329 owner=216214 vm_generation=1
INTEL_OWNER phase=vcpu_create_end vcpu_generation=329 owner_generation=329 owner=216214 vm_generation=1
[       OK ] HvfIntelProbe.InstructionOnly (15 ms)
[----------] 1 test from HvfIntelProbe (15 ms total)

[==========] 1 test from 1 test suite ran. (15 ms total)
[  PASSED  ] 1 test.

Repeating all tests (iteration 329) . . .

Note: Google Test filter = HvfIntelProbe.InstructionOnly
[==========] Running 1 test from 1 test suite.
[----------] 1 test from HvfIntelProbe
[ RUN      ] HvfIntelProbe.InstructionOnly
INTEL_PROBE phase=executor_initialization
INTEL_PROBE phase=executor_retained
INTEL_PROBE phase=startup_probe
INTEL_PROBE phase=ordinary_steps
INTEL_PROBE phase=instruction_retirement
INTEL_OWNER phase=replacement_parked vcpu_generation=330 owner_generation=330 owner=216215 vm_generation=1
INTEL_OWNER phase=vcpu_destroy_begin vcpu_generation=329 owner_generation=329 owner=216214 vm_generation=1
INTEL_OWNER phase=vcpu_destroy_end vcpu_generation=329 owner_generation=329 owner=216214 vm_generation=1
INTEL_OWNER phase=lease_release_end vcpu_generation=329 owner_generation=329 owner=216214 vm_generation=1
INTEL_OWNER phase=owner_join_begin vcpu_generation=329 owner_generation=329 owner=216214 vm_generation=1
INTEL_OWNER phase=owner_join_end vcpu_generation=329 owner_generation=329 owner=216214 vm_generation=1
INTEL_OWNER phase=owner_activate vcpu_generation=330 owner_generation=330 owner=216215 vm_generation=1
INTEL_OWNER phase=lease_acquire_end vcpu_generation=330 owner_generation=330 owner=216215 vm_generation=1
INTEL_OWNER phase=vcpu_create_begin vcpu_generation=330 owner_generation=330 owner=216215 vm_generation=1
INTEL_OWNER phase=vcpu_create_end vcpu_generation=330 owner_generation=330 owner=216215 vm_generation=1
[       OK ] HvfIntelProbe.InstructionOnly (16 ms)
[----------] 1 test from HvfIntelProbe (16 ms total)

[==========] 1 test from 1 test suite ran. (16 ms total)
[  PASSED  ] 1 test.

Repeating all tests (iteration 330) . . .

Note: Google Test filter = HvfIntelProbe.InstructionOnly
[==========] Running 1 test from 1 test suite.
[----------] 1 test from HvfIntelProbe
[ RUN      ] HvfIntelProbe.InstructionOnly
INTEL_PROBE phase=executor_initialization
INTEL_PROBE phase=executor_retained
INTEL_PROBE phase=startup_probe
INTEL_PROBE phase=ordinary_steps
INTEL_PROBE phase=instruction_retirement
INTEL_OWNER phase=replacement_parked vcpu_generation=331 owner_generation=331 owner=216216 vm_generation=1
INTEL_OWNER phase=vcpu_destroy_begin vcpu_generation=330 owner_generation=330 owner=216215 vm_generation=1
INTEL_OWNER phase=vcpu_destroy_end vcpu_generation=330 owner_generation=330 owner=216215 vm_generation=1
INTEL_OWNER phase=lease_release_end vcpu_generation=330 owner_generation=330 owner=216215 vm_generation=1
INTEL_OWNER phase=owner_join_begin vcpu_generation=330 owner_generation=330 owner=216215 vm_generation=1
INTEL_OWNER phase=owner_join_end vcpu_generation=330 owner_generation=330 owner=216215 vm_generation=1
INTEL_OWNER phase=owner_activate vcpu_generation=331 owner_generation=331 owner=216216 vm_generation=1
INTEL_OWNER phase=lease_acquire_end vcpu_generation=331 owner_generation=331 owner=216216 vm_generation=1
INTEL_OWNER phase=vcpu_create_begin vcpu_generation=331 owner_generation=331 owner=216216 vm_generation=1
INTEL_OWNER phase=vcpu_create_end vcpu_generation=331 owner_generation=331 owner=216216 vm_generation=1
[       OK ] HvfIntelProbe.InstructionOnly (17 ms)
[----------] 1 test from HvfIntelProbe (17 ms total)

[==========] 1 test from 1 test suite ran. (17 ms total)
[  PASSED  ] 1 test.

Repeating all tests (iteration 331) . . .

Note: Google Test filter = HvfIntelProbe.InstructionOnly
[==========] Running 1 test from 1 test suite.
[----------] 1 test from HvfIntelProbe
[ RUN      ] HvfIntelProbe.InstructionOnly
INTEL_PROBE phase=executor_initialization
INTEL_PROBE phase=executor_retained
INTEL_PROBE phase=startup_probe
INTEL_PROBE phase=ordinary_steps
INTEL_PROBE phase=instruction_retirement
INTEL_OWNER phase=replacement_parked vcpu_generation=332 owner_generation=332 owner=216217 vm_generation=1
INTEL_OWNER phase=vcpu_destroy_begin vcpu_generation=331 owner_generation=331 owner=216216 vm_generation=1
INTEL_OWNER phase=vcpu_destroy_end vcpu_generation=331 owner_generation=331 owner=216216 vm_generation=1
INTEL_OWNER phase=lease_release_end vcpu_generation=331 owner_generation=331 owner=216216 vm_generation=1
INTEL_OWNER phase=owner_join_begin vcpu_generation=331 owner_generation=331 owner=216216 vm_generation=1
INTEL_OWNER phase=owner_join_end vcpu_generation=331 owner_generation=331 owner=216216 vm_generation=1
INTEL_OWNER phase=owner_activate vcpu_generation=332 owner_generation=332 owner=216217 vm_generation=1
INTEL_OWNER phase=lease_acquire_end vcpu_generation=332 owner_generation=332 owner=216217 vm_generation=1
INTEL_OWNER phase=vcpu_create_begin vcpu_generation=332 owner_generation=332 owner=216217 vm_generation=1
INTEL_OWNER phase=vcpu_create_end vcpu_generation=332 owner_generation=332 owner=216217 vm_generation=1
[       OK ] HvfIntelProbe.InstructionOnly (18 ms)
[----------] 1 test from HvfIntelProbe (18 ms total)

[==========] 1 test from 1 test suite ran. (18 ms total)
[  PASSED  ] 1 test.

Repeating all tests (iteration 332) . . .

Note: Google Test filter = HvfIntelProbe.InstructionOnly
[==========] Running 1 test from 1 test suite.
[----------] 1 test from HvfIntelProbe
[ RUN      ] HvfIntelProbe.InstructionOnly
INTEL_PROBE phase=executor_initialization
INTEL_PROBE phase=executor_retained
INTEL_PROBE phase=startup_probe
INTEL_PROBE phase=ordinary_steps
INTEL_PROBE phase=instruction_retirement
INTEL_OWNER phase=replacement_parked vcpu_generation=333 owner_generation=333 owner=216218 vm_generation=1
INTEL_OWNER phase=vcpu_destroy_begin vcpu_generation=332 owner_generation=332 owner=216217 vm_generation=1
INTEL_OWNER phase=vcpu_destroy_end vcpu_generation=332 owner_generation=332 owner=216217 vm_generation=1
INTEL_OWNER phase=lease_release_end vcpu_generation=332 owner_generation=332 owner=216217 vm_generation=1
INTEL_OWNER phase=owner_join_begin vcpu_generation=332 owner_generation=332 owner=216217 vm_generation=1
INTEL_OWNER phase=owner_join_end vcpu_generation=332 owner_generation=332 owner=216217 vm_generation=1
INTEL_OWNER phase=owner_activate vcpu_generation=333 owner_generation=333 owner=216218 vm_generation=1
INTEL_OWNER phase=lease_acquire_end vcpu_generation=333 owner_generation=333 owner=216218 vm_generation=1
INTEL_OWNER phase=vcpu_create_begin vcpu_generation=333 owner_generation=333 owner=216218 vm_generation=1
INTEL_OWNER phase=vcpu_create_end vcpu_generation=333 owner_generation=333 owner=216218 vm_generation=1
[       OK ] HvfIntelProbe.InstructionOnly (19 ms)
[----------] 1 test from HvfIntelProbe (19 ms total)

[==========] 1 test from 1 test suite ran. (19 ms total)
[  PASSED  ] 1 test.

Repeating all tests (iteration 333) . . .

Note: Google Test filter = HvfIntelProbe.InstructionOnly
[==========] Running 1 test from 1 test suite.
[----------] 1 test from HvfIntelProbe
[ RUN      ] HvfIntelProbe.InstructionOnly
INTEL_PROBE phase=executor_initialization
INTEL_PROBE phase=executor_retained
INTEL_PROBE phase=startup_probe
INTEL_PROBE phase=ordinary_steps
INTEL_PROBE phase=instruction_retirement
INTEL_OWNER phase=replacement_parked vcpu_generation=334 owner_generation=334 owner=216219 vm_generation=1
INTEL_OWNER phase=vcpu_destroy_begin vcpu_generation=333 owner_generation=333 owner=216218 vm_generation=1
INTEL_OWNER phase=vcpu_destroy_end vcpu_generation=333 owner_generation=333 owner=216218 vm_generation=1
INTEL_OWNER phase=lease_release_end vcpu_generation=333 owner_generation=333 owner=216218 vm_generation=1
INTEL_OWNER phase=owner_join_begin vcpu_generation=333 owner_generation=333 owner=216218 vm_generation=1
INTEL_OWNER phase=owner_join_end vcpu_generation=333 owner_generation=333 owner=216218 vm_generation=1
INTEL_OWNER phase=owner_activate vcpu_generation=334 owner_generation=334 owner=216219 vm_generation=1
INTEL_OWNER phase=lease_acquire_end vcpu_generation=334 owner_generation=334 owner=216219 vm_generation=1
INTEL_OWNER phase=vcpu_create_begin vcpu_generation=334 owner_generation=334 owner=216219 vm_generation=1
INTEL_OWNER phase=vcpu_create_end vcpu_generation=334 owner_generation=334 owner=216219 vm_generation=1
[       OK ] HvfIntelProbe.InstructionOnly (17 ms)
[----------] 1 test from HvfIntelProbe (17 ms total)

[==========] 1 test from 1 test suite ran. (17 ms total)
[  PASSED  ] 1 test.

Repeating all tests (iteration 334) . . .

Note: Google Test filter = HvfIntelProbe.InstructionOnly
[==========] Running 1 test from 1 test suite.
[----------] 1 test from HvfIntelProbe
[ RUN      ] HvfIntelProbe.InstructionOnly
INTEL_PROBE phase=executor_initialization
INTEL_PROBE phase=executor_retained
INTEL_PROBE phase=startup_probe
INTEL_PROBE phase=ordinary_steps
INTEL_PROBE phase=instruction_retirement
INTEL_OWNER phase=replacement_parked vcpu_generation=335 owner_generation=335 owner=216220 vm_generation=1
INTEL_OWNER phase=vcpu_destroy_begin vcpu_generation=334 owner_generation=334 owner=216219 vm_generation=1
INTEL_OWNER phase=vcpu_destroy_end vcpu_generation=334 owner_generation=334 owner=216219 vm_generation=1
INTEL_OWNER phase=lease_release_end vcpu_generation=334 owner_generation=334 owner=216219 vm_generation=1
INTEL_OWNER phase=owner_join_begin vcpu_generation=334 owner_generation=334 owner=216219 vm_generation=1
INTEL_OWNER phase=owner_join_end vcpu_generation=334 owner_generation=334 owner=216219 vm_generation=1
INTEL_OWNER phase=owner_activate vcpu_generation=335 owner_generation=335 owner=216220 vm_generation=1
INTEL_OWNER phase=lease_acquire_end vcpu_generation=335 owner_generation=335 owner=216220 vm_generation=1
INTEL_OWNER phase=vcpu_create_begin vcpu_generation=335 owner_generation=335 owner=216220 vm_generation=1
INTEL_OWNER phase=vcpu_create_end vcpu_generation=335 owner_generation=335 owner=216220 vm_generation=1
[       OK ] HvfIntelProbe.InstructionOnly (16 ms)
[----------] 1 test from HvfIntelProbe (16 ms total)

[==========] 1 test from 1 test suite ran. (16 ms total)
[  PASSED  ] 1 test.

Repeating all tests (iteration 335) . . .

Note: Google Test filter = HvfIntelProbe.InstructionOnly
[==========] Running 1 test from 1 test suite.
[----------] 1 test from HvfIntelProbe
[ RUN      ] HvfIntelProbe.InstructionOnly
INTEL_PROBE phase=executor_initialization
INTEL_PROBE phase=executor_retained
INTEL_PROBE phase=startup_probe
INTEL_PROBE phase=ordinary_steps
INTEL_PROBE phase=instruction_retirement
INTEL_OWNER phase=replacement_parked vcpu_generation=336 owner_generation=336 owner=216221 vm_generation=1
INTEL_OWNER phase=vcpu_destroy_begin vcpu_generation=335 owner_generation=335 owner=216220 vm_generation=1
INTEL_OWNER phase=vcpu_destroy_end vcpu_generation=335 owner_generation=335 owner=216220 vm_generation=1
INTEL_OWNER phase=lease_release_end vcpu_generation=335 owner_generation=335 owner=216220 vm_generation=1
INTEL_OWNER phase=owner_join_begin vcpu_generation=335 owner_generation=335 owner=216220 vm_generation=1
INTEL_OWNER phase=owner_join_end vcpu_generation=335 owner_generation=335 owner=216220 vm_generation=1
INTEL_OWNER phase=owner_activate vcpu_generation=336 owner_generation=336 owner=216221 vm_generation=1
INTEL_OWNER phase=lease_acquire_end vcpu_generation=336 owner_generation=336 owner=216221 vm_generation=1
INTEL_OWNER phase=vcpu_create_begin vcpu_generation=336 owner_generation=336 owner=216221 vm_generation=1
INTEL_OWNER phase=vcpu_create_end vcpu_generation=336 owner_generation=336 owner=216221 vm_generation=1
[       OK ] HvfIntelProbe.InstructionOnly (17 ms)
[----------] 1 test from HvfIntelProbe (17 ms total)

[==========] 1 test from 1 test suite ran. (17 ms total)
[  PASSED  ] 1 test.

Repeating all tests (iteration 336) . . .

Note: Google Test filter = HvfIntelProbe.InstructionOnly
[==========] Running 1 test from 1 test suite.
[----------] 1 test from HvfIntelProbe
[ RUN      ] HvfIntelProbe.InstructionOnly
INTEL_PROBE phase=executor_initialization
INTEL_PROBE phase=executor_retained
INTEL_PROBE phase=startup_probe
INTEL_PROBE phase=ordinary_steps
INTEL_PROBE phase=instruction_retirement
INTEL_OWNER phase=replacement_parked vcpu_generation=337 owner_generation=337 owner=216222 vm_generation=1
INTEL_OWNER phase=vcpu_destroy_begin vcpu_generation=336 owner_generation=336 owner=216221 vm_generation=1
INTEL_OWNER phase=vcpu_destroy_end vcpu_generation=336 owner_generation=336 owner=216221 vm_generation=1
INTEL_OWNER phase=lease_release_end vcpu_generation=336 owner_generation=336 owner=216221 vm_generation=1
INTEL_OWNER phase=owner_join_begin vcpu_generation=336 owner_generation=336 owner=216221 vm_generation=1
INTEL_OWNER phase=owner_join_end vcpu_generation=336 owner_generation=336 owner=216221 vm_generation=1
INTEL_OWNER phase=owner_activate vcpu_generation=337 owner_generation=337 owner=216222 vm_generation=1
INTEL_OWNER phase=lease_acquire_end vcpu_generation=337 owner_generation=337 owner=216222 vm_generation=1
INTEL_OWNER phase=vcpu_create_begin vcpu_generation=337 owner_generation=337 owner=216222 vm_generation=1
INTEL_OWNER phase=vcpu_create_end vcpu_generation=337 owner_generation=337 owner=216222 vm_generation=1
[       OK ] HvfIntelProbe.InstructionOnly (17 ms)
[----------] 1 test from HvfIntelProbe (17 ms total)

[==========] 1 test from 1 test suite ran. (17 ms total)
[  PASSED  ] 1 test.

Repeating all tests (iteration 337) . . .

Note: Google Test filter = HvfIntelProbe.InstructionOnly
[==========] Running 1 test from 1 test suite.
[----------] 1 test from HvfIntelProbe
[ RUN      ] HvfIntelProbe.InstructionOnly
INTEL_PROBE phase=executor_initialization
INTEL_PROBE phase=executor_retained
INTEL_PROBE phase=startup_probe
INTEL_PROBE phase=ordinary_steps
INTEL_PROBE phase=instruction_retirement
INTEL_OWNER phase=replacement_parked vcpu_generation=338 owner_generation=338 owner=216223 vm_generation=1
INTEL_OWNER phase=vcpu_destroy_begin vcpu_generation=337 owner_generation=337 owner=216222 vm_generation=1
INTEL_OWNER phase=vcpu_destroy_end vcpu_generation=337 owner_generation=337 owner=216222 vm_generation=1
INTEL_OWNER phase=lease_release_end vcpu_generation=337 owner_generation=337 owner=216222 vm_generation=1
INTEL_OWNER phase=owner_join_begin vcpu_generation=337 owner_generation=337 owner=216222 vm_generation=1
INTEL_OWNER phase=owner_join_end vcpu_generation=337 owner_generation=337 owner=216222 vm_generation=1
INTEL_OWNER phase=owner_activate vcpu_generation=338 owner_generation=338 owner=216223 vm_generation=1
INTEL_OWNER phase=lease_acquire_end vcpu_generation=338 owner_generation=338 owner=216223 vm_generation=1
INTEL_OWNER phase=vcpu_create_begin vcpu_generation=338 owner_generation=338 owner=216223 vm_generation=1
INTEL_OWNER phase=vcpu_create_end vcpu_generation=338 owner_generation=338 owner=216223 vm_generation=1
[       OK ] HvfIntelProbe.InstructionOnly (18 ms)
[----------] 1 test from HvfIntelProbe (18 ms total)

[==========] 1 test from 1 test suite ran. (18 ms total)
[  PASSED  ] 1 test.

Repeating all tests (iteration 338) . . .

Note: Google Test filter = HvfIntelProbe.InstructionOnly
[==========] Running 1 test from 1 test suite.
[----------] 1 test from HvfIntelProbe
[ RUN      ] HvfIntelProbe.InstructionOnly
INTEL_PROBE phase=executor_initialization
INTEL_PROBE phase=executor_retained
INTEL_PROBE phase=startup_probe
INTEL_PROBE phase=ordinary_steps
INTEL_PROBE phase=instruction_retirement
INTEL_OWNER phase=replacement_parked vcpu_generation=339 owner_generation=339 owner=216224 vm_generation=1
INTEL_OWNER phase=vcpu_destroy_begin vcpu_generation=338 owner_generation=338 owner=216223 vm_generation=1
INTEL_OWNER phase=vcpu_destroy_end vcpu_generation=338 owner_generation=338 owner=216223 vm_generation=1
INTEL_OWNER phase=lease_release_end vcpu_generation=338 owner_generation=338 owner=216223 vm_generation=1
INTEL_OWNER phase=owner_join_begin vcpu_generation=338 owner_generation=338 owner=216223 vm_generation=1
INTEL_OWNER phase=owner_join_end vcpu_generation=338 owner_generation=338 owner=216223 vm_generation=1
INTEL_OWNER phase=owner_activate vcpu_generation=339 owner_generation=339 owner=216224 vm_generation=1
INTEL_OWNER phase=lease_acquire_end vcpu_generation=339 owner_generation=339 owner=216224 vm_generation=1
INTEL_OWNER phase=vcpu_create_begin vcpu_generation=339 owner_generation=339 owner=216224 vm_generation=1
INTEL_OWNER phase=vcpu_create_end vcpu_generation=339 owner_generation=339 owner=216224 vm_generation=1
[       OK ] HvfIntelProbe.InstructionOnly (18 ms)
[----------] 1 test from HvfIntelProbe (18 ms total)

[==========] 1 test from 1 test suite ran. (18 ms total)
[  PASSED  ] 1 test.

Repeating all tests (iteration 339) . . .

Note: Google Test filter = HvfIntelProbe.InstructionOnly
[==========] Running 1 test from 1 test suite.
[----------] 1 test from HvfIntelProbe
[ RUN      ] HvfIntelProbe.InstructionOnly
INTEL_PROBE phase=executor_initialization
INTEL_PROBE phase=executor_retained
INTEL_PROBE phase=startup_probe
INTEL_PROBE phase=ordinary_steps
INTEL_PROBE phase=instruction_retirement
INTEL_OWNER phase=replacement_parked vcpu_generation=340 owner_generation=340 owner=216225 vm_generation=1
INTEL_OWNER phase=vcpu_destroy_begin vcpu_generation=339 owner_generation=339 owner=216224 vm_generation=1
INTEL_OWNER phase=vcpu_destroy_end vcpu_generation=339 owner_generation=339 owner=216224 vm_generation=1
INTEL_OWNER phase=lease_release_end vcpu_generation=339 owner_generation=339 owner=216224 vm_generation=1
INTEL_OWNER phase=owner_join_begin vcpu_generation=339 owner_generation=339 owner=216224 vm_generation=1
INTEL_OWNER phase=owner_join_end vcpu_generation=339 owner_generation=339 owner=216224 vm_generation=1
INTEL_OWNER phase=owner_activate vcpu_generation=340 owner_generation=340 owner=216225 vm_generation=1
INTEL_OWNER phase=lease_acquire_end vcpu_generation=340 owner_generation=340 owner=216225 vm_generation=1
INTEL_OWNER phase=vcpu_create_begin vcpu_generation=340 owner_generation=340 owner=216225 vm_generation=1
INTEL_OWNER phase=vcpu_create_end vcpu_generation=340 owner_generation=340 owner=216225 vm_generation=1
[       OK ] HvfIntelProbe.InstructionOnly (16 ms)
[----------] 1 test from HvfIntelProbe (16 ms total)

[==========] 1 test from 1 test suite ran. (16 ms total)
[  PASSED  ] 1 test.

Repeating all tests (iteration 340) . . .

Note: Google Test filter = HvfIntelProbe.InstructionOnly
[==========] Running 1 test from 1 test suite.
[----------] 1 test from HvfIntelProbe
[ RUN      ] HvfIntelProbe.InstructionOnly
INTEL_PROBE phase=executor_initialization
INTEL_PROBE phase=executor_retained
INTEL_PROBE phase=startup_probe
INTEL_PROBE phase=ordinary_steps
INTEL_PROBE phase=instruction_retirement
INTEL_OWNER phase=replacement_parked vcpu_generation=341 owner_generation=341 owner=216226 vm_generation=1
INTEL_OWNER phase=vcpu_destroy_begin vcpu_generation=340 owner_generation=340 owner=216225 vm_generation=1
INTEL_OWNER phase=vcpu_destroy_end vcpu_generation=340 owner_generation=340 owner=216225 vm_generation=1
INTEL_OWNER phase=lease_release_end vcpu_generation=340 owner_generation=340 owner=216225 vm_generation=1
INTEL_OWNER phase=owner_join_begin vcpu_generation=340 owner_generation=340 owner=216225 vm_generation=1
INTEL_OWNER phase=owner_join_end vcpu_generation=340 owner_generation=340 owner=216225 vm_generation=1
INTEL_OWNER phase=owner_activate vcpu_generation=341 owner_generation=341 owner=216226 vm_generation=1
INTEL_OWNER phase=lease_acquire_end vcpu_generation=341 owner_generation=341 owner=216226 vm_generation=1
INTEL_OWNER phase=vcpu_create_begin vcpu_generation=341 owner_generation=341 owner=216226 vm_generation=1
INTEL_OWNER phase=vcpu_create_end vcpu_generation=341 owner_generation=341 owner=216226 vm_generation=1
[       OK ] HvfIntelProbe.InstructionOnly (18 ms)
[----------] 1 test from HvfIntelProbe (18 ms total)

[==========] 1 test from 1 test suite ran. (18 ms total)
[  PASSED  ] 1 test.

Repeating all tests (iteration 341) . . .

Note: Google Test filter = HvfIntelProbe.InstructionOnly
[==========] Running 1 test from 1 test suite.
[----------] 1 test from HvfIntelProbe
[ RUN      ] HvfIntelProbe.InstructionOnly
INTEL_PROBE phase=executor_initialization
INTEL_PROBE phase=executor_retained
INTEL_PROBE phase=startup_probe
INTEL_PROBE phase=ordinary_steps
INTEL_PROBE phase=instruction_retirement
INTEL_OWNER phase=replacement_parked vcpu_generation=342 owner_generation=342 owner=216227 vm_generation=1
INTEL_OWNER phase=vcpu_destroy_begin vcpu_generation=341 owner_generation=341 owner=216226 vm_generation=1
INTEL_OWNER phase=vcpu_destroy_end vcpu_generation=341 owner_generation=341 owner=216226 vm_generation=1
INTEL_OWNER phase=lease_release_end vcpu_generation=341 owner_generation=341 owner=216226 vm_generation=1
INTEL_OWNER phase=owner_join_begin vcpu_generation=341 owner_generation=341 owner=216226 vm_generation=1
INTEL_OWNER phase=owner_join_end vcpu_generation=341 owner_generation=341 owner=216226 vm_generation=1
INTEL_OWNER phase=owner_activate vcpu_generation=342 owner_generation=342 owner=216227 vm_generation=1
INTEL_OWNER phase=lease_acquire_end vcpu_generation=342 owner_generation=342 owner=216227 vm_generation=1
INTEL_OWNER phase=vcpu_create_begin vcpu_generation=342 owner_generation=342 owner=216227 vm_generation=1
INTEL_OWNER phase=vcpu_create_end vcpu_generation=342 owner_generation=342 owner=216227 vm_generation=1
[       OK ] HvfIntelProbe.InstructionOnly (16 ms)
[----------] 1 test from HvfIntelProbe (16 ms total)

[==========] 1 test from 1 test suite ran. (16 ms total)
[  PASSED  ] 1 test.

Repeating all tests (iteration 342) . . .

Note: Google Test filter = HvfIntelProbe.InstructionOnly
[==========] Running 1 test from 1 test suite.
[----------] 1 test from HvfIntelProbe
[ RUN      ] HvfIntelProbe.InstructionOnly
INTEL_PROBE phase=executor_initialization
INTEL_PROBE phase=executor_retained
INTEL_PROBE phase=startup_probe
INTEL_PROBE phase=ordinary_steps
INTEL_PROBE phase=instruction_retirement
INTEL_OWNER phase=replacement_parked vcpu_generation=343 owner_generation=343 owner=216228 vm_generation=1
INTEL_OWNER phase=vcpu_destroy_begin vcpu_generation=342 owner_generation=342 owner=216227 vm_generation=1
INTEL_OWNER phase=vcpu_destroy_end vcpu_generation=342 owner_generation=342 owner=216227 vm_generation=1
INTEL_OWNER phase=lease_release_end vcpu_generation=342 owner_generation=342 owner=216227 vm_generation=1
INTEL_OWNER phase=owner_join_begin vcpu_generation=342 owner_generation=342 owner=216227 vm_generation=1
INTEL_OWNER phase=owner_join_end vcpu_generation=342 owner_generation=342 owner=216227 vm_generation=1
INTEL_OWNER phase=owner_activate vcpu_generation=343 owner_generation=343 owner=216228 vm_generation=1
INTEL_OWNER phase=lease_acquire_end vcpu_generation=343 owner_generation=343 owner=216228 vm_generation=1
INTEL_OWNER phase=vcpu_create_begin vcpu_generation=343 owner_generation=343 owner=216228 vm_generation=1
INTEL_OWNER phase=vcpu_create_end vcpu_generation=343 owner_generation=343 owner=216228 vm_generation=1
[       OK ] HvfIntelProbe.InstructionOnly (18 ms)
[----------] 1 test from HvfIntelProbe (18 ms total)

[==========] 1 test from 1 test suite ran. (18 ms total)
[  PASSED  ] 1 test.

Repeating all tests (iteration 343) . . .

Note: Google Test filter = HvfIntelProbe.InstructionOnly
[==========] Running 1 test from 1 test suite.
[----------] 1 test from HvfIntelProbe
[ RUN      ] HvfIntelProbe.InstructionOnly
INTEL_PROBE phase=executor_initialization
INTEL_PROBE phase=executor_retained
INTEL_PROBE phase=startup_probe
INTEL_PROBE phase=ordinary_steps
INTEL_PROBE phase=instruction_retirement
INTEL_OWNER phase=replacement_parked vcpu_generation=344 owner_generation=344 owner=216229 vm_generation=1
INTEL_OWNER phase=vcpu_destroy_begin vcpu_generation=343 owner_generation=343 owner=216228 vm_generation=1
INTEL_OWNER phase=vcpu_destroy_end vcpu_generation=343 owner_generation=343 owner=216228 vm_generation=1
INTEL_OWNER phase=lease_release_end vcpu_generation=343 owner_generation=343 owner=216228 vm_generation=1
INTEL_OWNER phase=owner_join_begin vcpu_generation=343 owner_generation=343 owner=216228 vm_generation=1
INTEL_OWNER phase=owner_join_end vcpu_generation=343 owner_generation=343 owner=216228 vm_generation=1
INTEL_OWNER phase=owner_activate vcpu_generation=344 owner_generation=344 owner=216229 vm_generation=1
INTEL_OWNER phase=lease_acquire_end vcpu_generation=344 owner_generation=344 owner=216229 vm_generation=1
INTEL_OWNER phase=vcpu_create_begin vcpu_generation=344 owner_generation=344 owner=216229 vm_generation=1
INTEL_OWNER phase=vcpu_create_end vcpu_generation=344 owner_generation=344 owner=216229 vm_generation=1
[       OK ] HvfIntelProbe.InstructionOnly (17 ms)
[----------] 1 test from HvfIntelProbe (17 ms total)

[==========] 1 test from 1 test suite ran. (17 ms total)
[  PASSED  ] 1 test.

Repeating all tests (iteration 344) . . .

Note: Google Test filter = HvfIntelProbe.InstructionOnly
[==========] Running 1 test from 1 test suite.
[----------] 1 test from HvfIntelProbe
[ RUN      ] HvfIntelProbe.InstructionOnly
INTEL_PROBE phase=executor_initialization
INTEL_PROBE phase=executor_retained
INTEL_PROBE phase=startup_probe
INTEL_PROBE phase=ordinary_steps
INTEL_PROBE phase=instruction_retirement
INTEL_OWNER phase=replacement_parked vcpu_generation=345 owner_generation=345 owner=216234 vm_generation=1
INTEL_OWNER phase=vcpu_destroy_begin vcpu_generation=344 owner_generation=344 owner=216229 vm_generation=1
INTEL_OWNER phase=vcpu_destroy_end vcpu_generation=344 owner_generation=344 owner=216229 vm_generation=1
INTEL_OWNER phase=lease_release_end vcpu_generation=344 owner_generation=344 owner=216229 vm_generation=1
INTEL_OWNER phase=owner_join_begin vcpu_generation=344 owner_generation=344 owner=216229 vm_generation=1
INTEL_OWNER phase=owner_join_end vcpu_generation=344 owner_generation=344 owner=216229 vm_generation=1
INTEL_OWNER phase=owner_activate vcpu_generation=345 owner_generation=345 owner=216234 vm_generation=1
INTEL_OWNER phase=lease_acquire_end vcpu_generation=345 owner_generation=345 owner=216234 vm_generation=1
INTEL_OWNER phase=vcpu_create_begin vcpu_generation=345 owner_generation=345 owner=216234 vm_generation=1
INTEL_OWNER phase=vcpu_create_end vcpu_generation=345 owner_generation=345 owner=216234 vm_generation=1
[       OK ] HvfIntelProbe.InstructionOnly (23 ms)
[----------] 1 test from HvfIntelProbe (23 ms total)

[==========] 1 test from 1 test suite ran. (23 ms total)
[  PASSED  ] 1 test.

Repeating all tests (iteration 345) . . .

Note: Google Test filter = HvfIntelProbe.InstructionOnly
[==========] Running 1 test from 1 test suite.
[----------] 1 test from HvfIntelProbe
[ RUN      ] HvfIntelProbe.InstructionOnly
INTEL_PROBE phase=executor_initialization
INTEL_PROBE phase=executor_retained
INTEL_PROBE phase=startup_probe
INTEL_PROBE phase=ordinary_steps
INTEL_PROBE phase=instruction_retirement
INTEL_OWNER phase=replacement_parked vcpu_generation=346 owner_generation=346 owner=216239 vm_generation=1
INTEL_OWNER phase=vcpu_destroy_begin vcpu_generation=345 owner_generation=345 owner=216234 vm_generation=1
INTEL_OWNER phase=vcpu_destroy_end vcpu_generation=345 owner_generation=345 owner=216234 vm_generation=1
INTEL_OWNER phase=lease_release_end vcpu_generation=345 owner_generation=345 owner=216234 vm_generation=1
INTEL_OWNER phase=owner_join_begin vcpu_generation=345 owner_generation=345 owner=216234 vm_generation=1
INTEL_OWNER phase=owner_join_end vcpu_generation=345 owner_generation=345 owner=216234 vm_generation=1
INTEL_OWNER phase=owner_activate vcpu_generation=346 owner_generation=346 owner=216239 vm_generation=1
INTEL_OWNER phase=lease_acquire_end vcpu_generation=346 owner_generation=346 owner=216239 vm_generation=1
INTEL_OWNER phase=vcpu_create_begin vcpu_generation=346 owner_generation=346 owner=216239 vm_generation=1
INTEL_OWNER phase=vcpu_create_end vcpu_generation=346 owner_generation=346 owner=216239 vm_generation=1
[       OK ] HvfIntelProbe.InstructionOnly (18 ms)
[----------] 1 test from HvfIntelProbe (18 ms total)

[==========] 1 test from 1 test suite ran. (18 ms total)
[  PASSED  ] 1 test.

Repeating all tests (iteration 346) . . .

Note: Google Test filter = HvfIntelProbe.InstructionOnly
[==========] Running 1 test from 1 test suite.
[----------] 1 test from HvfIntelProbe
[ RUN      ] HvfIntelProbe.InstructionOnly
INTEL_PROBE phase=executor_initialization
INTEL_PROBE phase=executor_retained
INTEL_PROBE phase=startup_probe
INTEL_PROBE phase=ordinary_steps
INTEL_PROBE phase=instruction_retirement
INTEL_OWNER phase=replacement_parked vcpu_generation=347 owner_generation=347 owner=216244 vm_generation=1
INTEL_OWNER phase=vcpu_destroy_begin vcpu_generation=346 owner_generation=346 owner=216239 vm_generation=1
INTEL_OWNER phase=vcpu_destroy_end vcpu_generation=346 owner_generation=346 owner=216239 vm_generation=1
INTEL_OWNER phase=lease_release_end vcpu_generation=346 owner_generation=346 owner=216239 vm_generation=1
INTEL_OWNER phase=owner_join_begin vcpu_generation=346 owner_generation=346 owner=216239 vm_generation=1
INTEL_OWNER phase=owner_join_end vcpu_generation=346 owner_generation=346 owner=216239 vm_generation=1
INTEL_OWNER phase=owner_activate vcpu_generation=347 owner_generation=347 owner=216244 vm_generation=1
INTEL_OWNER phase=lease_acquire_end vcpu_generation=347 owner_generation=347 owner=216244 vm_generation=1
INTEL_OWNER phase=vcpu_create_begin vcpu_generation=347 owner_generation=347 owner=216244 vm_generation=1
INTEL_OWNER phase=vcpu_create_end vcpu_generation=347 owner_generation=347 owner=216244 vm_generation=1
[       OK ] HvfIntelProbe.InstructionOnly (19 ms)
[----------] 1 test from HvfIntelProbe (20 ms total)

[==========] 1 test from 1 test suite ran. (20 ms total)
[  PASSED  ] 1 test.

Repeating all tests (iteration 347) . . .

Note: Google Test filter = HvfIntelProbe.InstructionOnly
[==========] Running 1 test from 1 test suite.
[----------] 1 test from HvfIntelProbe
[ RUN      ] HvfIntelProbe.InstructionOnly
INTEL_PROBE phase=executor_initialization
INTEL_PROBE phase=executor_retained
INTEL_PROBE phase=startup_probe
INTEL_PROBE phase=ordinary_steps
INTEL_PROBE phase=instruction_retirement
INTEL_OWNER phase=replacement_parked vcpu_generation=348 owner_generation=348 owner=216249 vm_generation=1
INTEL_OWNER phase=vcpu_destroy_begin vcpu_generation=347 owner_generation=347 owner=216244 vm_generation=1
INTEL_OWNER phase=vcpu_destroy_end vcpu_generation=347 owner_generation=347 owner=216244 vm_generation=1
INTEL_OWNER phase=lease_release_end vcpu_generation=347 owner_generation=347 owner=216244 vm_generation=1
INTEL_OWNER phase=owner_join_begin vcpu_generation=347 owner_generation=347 owner=216244 vm_generation=1
INTEL_OWNER phase=owner_join_end vcpu_generation=347 owner_generation=347 owner=216244 vm_generation=1
INTEL_OWNER phase=owner_activate vcpu_generation=348 owner_generation=348 owner=216249 vm_generation=1
INTEL_OWNER phase=lease_acquire_end vcpu_generation=348 owner_generation=348 owner=216249 vm_generation=1
INTEL_OWNER phase=vcpu_create_begin vcpu_generation=348 owner_generation=348 owner=216249 vm_generation=1
INTEL_OWNER phase=vcpu_create_end vcpu_generation=348 owner_generation=348 owner=216249 vm_generation=1
[       OK ] HvfIntelProbe.InstructionOnly (19 ms)
[----------] 1 test from HvfIntelProbe (19 ms total)

[==========] 1 test from 1 test suite ran. (19 ms total)
[  PASSED  ] 1 test.

Repeating all tests (iteration 348) . . .

Note: Google Test filter = HvfIntelProbe.InstructionOnly
[==========] Running 1 test from 1 test suite.
[----------] 1 test from HvfIntelProbe
[ RUN      ] HvfIntelProbe.InstructionOnly
INTEL_PROBE phase=executor_initialization
INTEL_PROBE phase=executor_retained
INTEL_PROBE phase=startup_probe
INTEL_PROBE phase=ordinary_steps
INTEL_PROBE phase=instruction_retirement
INTEL_OWNER phase=replacement_parked vcpu_generation=349 owner_generation=349 owner=216256 vm_generation=1
INTEL_OWNER phase=vcpu_destroy_begin vcpu_generation=348 owner_generation=348 owner=216249 vm_generation=1
INTEL_OWNER phase=vcpu_destroy_end vcpu_generation=348 owner_generation=348 owner=216249 vm_generation=1
INTEL_OWNER phase=lease_release_end vcpu_generation=348 owner_generation=348 owner=216249 vm_generation=1
INTEL_OWNER phase=owner_join_begin vcpu_generation=348 owner_generation=348 owner=216249 vm_generation=1
INTEL_OWNER phase=owner_join_end vcpu_generation=348 owner_generation=348 owner=216249 vm_generation=1
INTEL_OWNER phase=owner_activate vcpu_generation=349 owner_generation=349 owner=216256 vm_generation=1
INTEL_OWNER phase=lease_acquire_end vcpu_generation=349 owner_generation=349 owner=216256 vm_generation=1
INTEL_OWNER phase=vcpu_create_begin vcpu_generation=349 owner_generation=349 owner=216256 vm_generation=1
INTEL_OWNER phase=vcpu_create_end vcpu_generation=349 owner_generation=349 owner=216256 vm_generation=1
[       OK ] HvfIntelProbe.InstructionOnly (20 ms)
[----------] 1 test from HvfIntelProbe (20 ms total)

[==========] 1 test from 1 test suite ran. (20 ms total)
[  PASSED  ] 1 test.

Repeating all tests (iteration 349) . . .

Note: Google Test filter = HvfIntelProbe.InstructionOnly
[==========] Running 1 test from 1 test suite.
[----------] 1 test from HvfIntelProbe
[ RUN      ] HvfIntelProbe.InstructionOnly
INTEL_PROBE phase=executor_initialization
INTEL_PROBE phase=executor_retained
INTEL_PROBE phase=startup_probe
INTEL_PROBE phase=ordinary_steps
INTEL_PROBE phase=instruction_retirement
INTEL_OWNER phase=replacement_parked vcpu_generation=350 owner_generation=350 owner=216260 vm_generation=1
INTEL_OWNER phase=vcpu_destroy_begin vcpu_generation=349 owner_generation=349 owner=216256 vm_generation=1
INTEL_OWNER phase=vcpu_destroy_end vcpu_generation=349 owner_generation=349 owner=216256 vm_generation=1
INTEL_OWNER phase=lease_release_end vcpu_generation=349 owner_generation=349 owner=216256 vm_generation=1
INTEL_OWNER phase=owner_join_begin vcpu_generation=349 owner_generation=349 owner=216256 vm_generation=1
INTEL_OWNER phase=owner_join_end vcpu_generation=349 owner_generation=349 owner=216256 vm_generation=1
INTEL_OWNER phase=owner_activate vcpu_generation=350 owner_generation=350 owner=216260 vm_generation=1
INTEL_OWNER phase=lease_acquire_end vcpu_generation=350 owner_generation=350 owner=216260 vm_generation=1
INTEL_OWNER phase=vcpu_create_begin vcpu_generation=350 owner_generation=350 owner=216260 vm_generation=1
INTEL_OWNER phase=vcpu_create_end vcpu_generation=350 owner_generation=350 owner=216260 vm_generation=1
[       OK ] HvfIntelProbe.InstructionOnly (19 ms)
[----------] 1 test from HvfIntelProbe (19 ms total)

[==========] 1 test from 1 test suite ran. (19 ms total)
[  PASSED  ] 1 test.

Repeating all tests (iteration 350) . . .

Note: Google Test filter = HvfIntelProbe.InstructionOnly
[==========] Running 1 test from 1 test suite.
[----------] 1 test from HvfIntelProbe
[ RUN      ] HvfIntelProbe.InstructionOnly
INTEL_PROBE phase=executor_initialization
INTEL_PROBE phase=executor_retained
INTEL_PROBE phase=startup_probe
INTEL_PROBE phase=ordinary_steps
INTEL_PROBE phase=instruction_retirement
INTEL_OWNER phase=replacement_parked vcpu_generation=351 owner_generation=351 owner=216266 vm_generation=1
INTEL_OWNER phase=vcpu_destroy_begin vcpu_generation=350 owner_generation=350 owner=216260 vm_generation=1
INTEL_OWNER phase=vcpu_destroy_end vcpu_generation=350 owner_generation=350 owner=216260 vm_generation=1
INTEL_OWNER phase=lease_release_end vcpu_generation=350 owner_generation=350 owner=216260 vm_generation=1
INTEL_OWNER phase=owner_join_begin vcpu_generation=350 owner_generation=350 owner=216260 vm_generation=1
INTEL_OWNER phase=owner_join_end vcpu_generation=350 owner_generation=350 owner=216260 vm_generation=1
INTEL_OWNER phase=owner_activate vcpu_generation=351 owner_generation=351 owner=216266 vm_generation=1
INTEL_OWNER phase=lease_acquire_end vcpu_generation=351 owner_generation=351 owner=216266 vm_generation=1
INTEL_OWNER phase=vcpu_create_begin vcpu_generation=351 owner_generation=351 owner=216266 vm_generation=1
INTEL_OWNER phase=vcpu_create_end vcpu_generation=351 owner_generation=351 owner=216266 vm_generation=1
[       OK ] HvfIntelProbe.InstructionOnly (19 ms)
[----------] 1 test from HvfIntelProbe (19 ms total)

[==========] 1 test from 1 test suite ran. (20 ms total)
[  PASSED  ] 1 test.

Repeating all tests (iteration 351) . . .

Note: Google Test filter = HvfIntelProbe.InstructionOnly
[==========] Running 1 test from 1 test suite.
[----------] 1 test from HvfIntelProbe
[ RUN      ] HvfIntelProbe.InstructionOnly
INTEL_PROBE phase=executor_initialization
INTEL_PROBE phase=executor_retained
INTEL_PROBE phase=startup_probe
INTEL_PROBE phase=ordinary_steps
INTEL_PROBE phase=instruction_retirement
INTEL_OWNER phase=replacement_parked vcpu_generation=352 owner_generation=352 owner=216271 vm_generation=1
INTEL_OWNER phase=vcpu_destroy_begin vcpu_generation=351 owner_generation=351 owner=216266 vm_generation=1
INTEL_OWNER phase=vcpu_destroy_end vcpu_generation=351 owner_generation=351 owner=216266 vm_generation=1
INTEL_OWNER phase=lease_release_end vcpu_generation=351 owner_generation=351 owner=216266 vm_generation=1
INTEL_OWNER phase=owner_join_begin vcpu_generation=351 owner_generation=351 owner=216266 vm_generation=1
INTEL_OWNER phase=owner_join_end vcpu_generation=351 owner_generation=351 owner=216266 vm_generation=1
INTEL_OWNER phase=owner_activate vcpu_generation=352 owner_generation=352 owner=216271 vm_generation=1
INTEL_OWNER phase=lease_acquire_end vcpu_generation=352 owner_generation=352 owner=216271 vm_generation=1
INTEL_OWNER phase=vcpu_create_begin vcpu_generation=352 owner_generation=352 owner=216271 vm_generation=1
INTEL_OWNER phase=vcpu_create_end vcpu_generation=352 owner_generation=352 owner=216271 vm_generation=1
[       OK ] HvfIntelProbe.InstructionOnly (19 ms)
[----------] 1 test from HvfIntelProbe (19 ms total)

[==========] 1 test from 1 test suite ran. (19 ms total)
[  PASSED  ] 1 test.

Repeating all tests (iteration 352) . . .

Note: Google Test filter = HvfIntelProbe.InstructionOnly
[==========] Running 1 test from 1 test suite.
[----------] 1 test from HvfIntelProbe
[ RUN      ] HvfIntelProbe.InstructionOnly
INTEL_PROBE phase=executor_initialization
INTEL_PROBE phase=executor_retained
INTEL_PROBE phase=startup_probe
INTEL_PROBE phase=ordinary_steps
INTEL_PROBE phase=instruction_retirement
INTEL_OWNER phase=replacement_parked vcpu_generation=353 owner_generation=353 owner=216276 vm_generation=1
INTEL_OWNER phase=vcpu_destroy_begin vcpu_generation=352 owner_generation=352 owner=216271 vm_generation=1
INTEL_OWNER phase=vcpu_destroy_end vcpu_generation=352 owner_generation=352 owner=216271 vm_generation=1
INTEL_OWNER phase=lease_release_end vcpu_generation=352 owner_generation=352 owner=216271 vm_generation=1
INTEL_OWNER phase=owner_join_begin vcpu_generation=352 owner_generation=352 owner=216271 vm_generation=1
INTEL_OWNER phase=owner_join_end vcpu_generation=352 owner_generation=352 owner=216271 vm_generation=1
INTEL_OWNER phase=owner_activate vcpu_generation=353 owner_generation=353 owner=216276 vm_generation=1
INTEL_OWNER phase=lease_acquire_end vcpu_generation=353 owner_generation=353 owner=216276 vm_generation=1
INTEL_OWNER phase=vcpu_create_begin vcpu_generation=353 owner_generation=353 owner=216276 vm_generation=1
INTEL_OWNER phase=vcpu_create_end vcpu_generation=353 owner_generation=353 owner=216276 vm_generation=1
[       OK ] HvfIntelProbe.InstructionOnly (18 ms)
[----------] 1 test from HvfIntelProbe (18 ms total)

[==========] 1 test from 1 test suite ran. (18 ms total)
[  PASSED  ] 1 test.

Repeating all tests (iteration 353) . . .

Note: Google Test filter = HvfIntelProbe.InstructionOnly
[==========] Running 1 test from 1 test suite.
[----------] 1 test from HvfIntelProbe
[ RUN      ] HvfIntelProbe.InstructionOnly
INTEL_PROBE phase=executor_initialization
INTEL_PROBE phase=executor_retained
INTEL_PROBE phase=startup_probe
INTEL_PROBE phase=ordinary_steps
INTEL_PROBE phase=instruction_retirement
INTEL_OWNER phase=replacement_parked vcpu_generation=354 owner_generation=354 owner=216281 vm_generation=1
INTEL_OWNER phase=vcpu_destroy_begin vcpu_generation=353 owner_generation=353 owner=216276 vm_generation=1
INTEL_OWNER phase=vcpu_destroy_end vcpu_generation=353 owner_generation=353 owner=216276 vm_generation=1
INTEL_OWNER phase=lease_release_end vcpu_generation=353 owner_generation=353 owner=216276 vm_generation=1
INTEL_OWNER phase=owner_join_begin vcpu_generation=353 owner_generation=353 owner=216276 vm_generation=1
INTEL_OWNER phase=owner_join_end vcpu_generation=353 owner_generation=353 owner=216276 vm_generation=1
INTEL_OWNER phase=owner_activate vcpu_generation=354 owner_generation=354 owner=216281 vm_generation=1
INTEL_OWNER phase=lease_acquire_end vcpu_generation=354 owner_generation=354 owner=216281 vm_generation=1
INTEL_OWNER phase=vcpu_create_begin vcpu_generation=354 owner_generation=354 owner=216281 vm_generation=1
INTEL_OWNER phase=vcpu_create_end vcpu_generation=354 owner_generation=354 owner=216281 vm_generation=1
[       OK ] HvfIntelProbe.InstructionOnly (18 ms)
[----------] 1 test from HvfIntelProbe (18 ms total)

[==========] 1 test from 1 test suite ran. (18 ms total)
[  PASSED  ] 1 test.

Repeating all tests (iteration 354) . . .

Note: Google Test filter = HvfIntelProbe.InstructionOnly
[==========] Running 1 test from 1 test suite.
[----------] 1 test from HvfIntelProbe
[ RUN      ] HvfIntelProbe.InstructionOnly
INTEL_PROBE phase=executor_initialization
INTEL_PROBE phase=executor_retained
INTEL_PROBE phase=startup_probe
INTEL_PROBE phase=ordinary_steps
INTEL_PROBE phase=instruction_retirement
INTEL_OWNER phase=replacement_parked vcpu_generation=355 owner_generation=355 owner=216286 vm_generation=1
INTEL_OWNER phase=vcpu_destroy_begin vcpu_generation=354 owner_generation=354 owner=216281 vm_generation=1
INTEL_OWNER phase=vcpu_destroy_end vcpu_generation=354 owner_generation=354 owner=216281 vm_generation=1
INTEL_OWNER phase=lease_release_end vcpu_generation=354 owner_generation=354 owner=216281 vm_generation=1
INTEL_OWNER phase=owner_join_begin vcpu_generation=354 owner_generation=354 owner=216281 vm_generation=1
INTEL_OWNER phase=owner_join_end vcpu_generation=354 owner_generation=354 owner=216281 vm_generation=1
INTEL_OWNER phase=owner_activate vcpu_generation=355 owner_generation=355 owner=216286 vm_generation=1
INTEL_OWNER phase=lease_acquire_end vcpu_generation=355 owner_generation=355 owner=216286 vm_generation=1
INTEL_OWNER phase=vcpu_create_begin vcpu_generation=355 owner_generation=355 owner=216286 vm_generation=1
INTEL_OWNER phase=vcpu_create_end vcpu_generation=355 owner_generation=355 owner=216286 vm_generation=1
[       OK ] HvfIntelProbe.InstructionOnly (18 ms)
[----------] 1 test from HvfIntelProbe (18 ms total)

[==========] 1 test from 1 test suite ran. (18 ms total)
[  PASSED  ] 1 test.

Repeating all tests (iteration 355) . . .

Note: Google Test filter = HvfIntelProbe.InstructionOnly
[==========] Running 1 test from 1 test suite.
[----------] 1 test from HvfIntelProbe
[ RUN      ] HvfIntelProbe.InstructionOnly
INTEL_PROBE phase=executor_initialization
INTEL_PROBE phase=executor_retained
INTEL_PROBE phase=startup_probe
INTEL_PROBE phase=ordinary_steps
INTEL_PROBE phase=instruction_retirement
INTEL_OWNER phase=replacement_parked vcpu_generation=356 owner_generation=356 owner=216291 vm_generation=1
INTEL_OWNER phase=vcpu_destroy_begin vcpu_generation=355 owner_generation=355 owner=216286 vm_generation=1
INTEL_OWNER phase=vcpu_destroy_end vcpu_generation=355 owner_generation=355 owner=216286 vm_generation=1
INTEL_OWNER phase=lease_release_end vcpu_generation=355 owner_generation=355 owner=216286 vm_generation=1
INTEL_OWNER phase=owner_join_begin vcpu_generation=355 owner_generation=355 owner=216286 vm_generation=1
INTEL_OWNER phase=owner_join_end vcpu_generation=355 owner_generation=355 owner=216286 vm_generation=1
INTEL_OWNER phase=owner_activate vcpu_generation=356 owner_generation=356 owner=216291 vm_generation=1
INTEL_OWNER phase=lease_acquire_end vcpu_generation=356 owner_generation=356 owner=216291 vm_generation=1
INTEL_OWNER phase=vcpu_create_begin vcpu_generation=356 owner_generation=356 owner=216291 vm_generation=1
INTEL_OWNER phase=vcpu_create_end vcpu_generation=356 owner_generation=356 owner=216291 vm_generation=1
[       OK ] HvfIntelProbe.InstructionOnly (17 ms)
[----------] 1 test from HvfIntelProbe (17 ms total)

[==========] 1 test from 1 test suite ran. (17 ms total)
[  PASSED  ] 1 test.

Repeating all tests (iteration 356) . . .

Note: Google Test filter = HvfIntelProbe.InstructionOnly
[==========] Running 1 test from 1 test suite.
[----------] 1 test from HvfIntelProbe
[ RUN      ] HvfIntelProbe.InstructionOnly
INTEL_PROBE phase=executor_initialization
INTEL_PROBE phase=executor_retained
INTEL_PROBE phase=startup_probe
INTEL_PROBE phase=ordinary_steps
INTEL_PROBE phase=instruction_retirement
INTEL_OWNER phase=replacement_parked vcpu_generation=357 owner_generation=357 owner=216296 vm_generation=1
INTEL_OWNER phase=vcpu_destroy_begin vcpu_generation=356 owner_generation=356 owner=216291 vm_generation=1
INTEL_OWNER phase=vcpu_destroy_end vcpu_generation=356 owner_generation=356 owner=216291 vm_generation=1
INTEL_OWNER phase=lease_release_end vcpu_generation=356 owner_generation=356 owner=216291 vm_generation=1
INTEL_OWNER phase=owner_join_begin vcpu_generation=356 owner_generation=356 owner=216291 vm_generation=1
INTEL_OWNER phase=owner_join_end vcpu_generation=356 owner_generation=356 owner=216291 vm_generation=1
INTEL_OWNER phase=owner_activate vcpu_generation=357 owner_generation=357 owner=216296 vm_generation=1
INTEL_OWNER phase=lease_acquire_end vcpu_generation=357 owner_generation=357 owner=216296 vm_generation=1
INTEL_OWNER phase=vcpu_create_begin vcpu_generation=357 owner_generation=357 owner=216296 vm_generation=1
INTEL_OWNER phase=vcpu_create_end vcpu_generation=357 owner_generation=357 owner=216296 vm_generation=1
[       OK ] HvfIntelProbe.InstructionOnly (18 ms)
[----------] 1 test from HvfIntelProbe (18 ms total)

[==========] 1 test from 1 test suite ran. (18 ms total)
[  PASSED  ] 1 test.

Repeating all tests (iteration 357) . . .

Note: Google Test filter = HvfIntelProbe.InstructionOnly
[==========] Running 1 test from 1 test suite.
[----------] 1 test from HvfIntelProbe
[ RUN      ] HvfIntelProbe.InstructionOnly
INTEL_PROBE phase=executor_initialization
INTEL_PROBE phase=executor_retained
INTEL_PROBE phase=startup_probe
INTEL_PROBE phase=ordinary_steps
INTEL_PROBE phase=instruction_retirement
INTEL_OWNER phase=replacement_parked vcpu_generation=358 owner_generation=358 owner=216301 vm_generation=1
INTEL_OWNER phase=vcpu_destroy_begin vcpu_generation=357 owner_generation=357 owner=216296 vm_generation=1
INTEL_OWNER phase=vcpu_destroy_end vcpu_generation=357 owner_generation=357 owner=216296 vm_generation=1
INTEL_OWNER phase=lease_release_end vcpu_generation=357 owner_generation=357 owner=216296 vm_generation=1
INTEL_OWNER phase=owner_join_begin vcpu_generation=357 owner_generation=357 owner=216296 vm_generation=1
INTEL_OWNER phase=owner_join_end vcpu_generation=357 owner_generation=357 owner=216296 vm_generation=1
INTEL_OWNER phase=owner_activate vcpu_generation=358 owner_generation=358 owner=216301 vm_generation=1
INTEL_OWNER phase=lease_acquire_end vcpu_generation=358 owner_generation=358 owner=216301 vm_generation=1
INTEL_OWNER phase=vcpu_create_begin vcpu_generation=358 owner_generation=358 owner=216301 vm_generation=1
INTEL_OWNER phase=vcpu_create_end vcpu_generation=358 owner_generation=358 owner=216301 vm_generation=1
[       OK ] HvfIntelProbe.InstructionOnly (17 ms)
[----------] 1 test from HvfIntelProbe (17 ms total)

[==========] 1 test from 1 test suite ran. (18 ms total)
[  PASSED  ] 1 test.

Repeating all tests (iteration 358) . . .

Note: Google Test filter = HvfIntelProbe.InstructionOnly
[==========] Running 1 test from 1 test suite.
[----------] 1 test from HvfIntelProbe
[ RUN      ] HvfIntelProbe.InstructionOnly
INTEL_PROBE phase=executor_initialization
INTEL_PROBE phase=executor_retained
INTEL_PROBE phase=startup_probe
INTEL_PROBE phase=ordinary_steps
INTEL_PROBE phase=instruction_retirement
INTEL_OWNER phase=replacement_parked vcpu_generation=359 owner_generation=359 owner=216306 vm_generation=1
INTEL_OWNER phase=vcpu_destroy_begin vcpu_generation=358 owner_generation=358 owner=216301 vm_generation=1
INTEL_OWNER phase=vcpu_destroy_end vcpu_generation=358 owner_generation=358 owner=216301 vm_generation=1
INTEL_OWNER phase=lease_release_end vcpu_generation=358 owner_generation=358 owner=216301 vm_generation=1
INTEL_OWNER phase=owner_join_begin vcpu_generation=358 owner_generation=358 owner=216301 vm_generation=1
INTEL_OWNER phase=owner_join_end vcpu_generation=358 owner_generation=358 owner=216301 vm_generation=1
INTEL_OWNER phase=owner_activate vcpu_generation=359 owner_generation=359 owner=216306 vm_generation=1
INTEL_OWNER phase=lease_acquire_end vcpu_generation=359 owner_generation=359 owner=216306 vm_generation=1
INTEL_OWNER phase=vcpu_create_begin vcpu_generation=359 owner_generation=359 owner=216306 vm_generation=1
INTEL_OWNER phase=vcpu_create_end vcpu_generation=359 owner_generation=359 owner=216306 vm_generation=1
[       OK ] HvfIntelProbe.InstructionOnly (20 ms)
[----------] 1 test from HvfIntelProbe (20 ms total)

[==========] 1 test from 1 test suite ran. (20 ms total)
[  PASSED  ] 1 test.

Repeating all tests (iteration 359) . . .

Note: Google Test filter = HvfIntelProbe.InstructionOnly
[==========] Running 1 test from 1 test suite.
[----------] 1 test from HvfIntelProbe
[ RUN      ] HvfIntelProbe.InstructionOnly
INTEL_PROBE phase=executor_initialization
INTEL_PROBE phase=executor_retained
INTEL_PROBE phase=startup_probe
INTEL_PROBE phase=ordinary_steps
INTEL_PROBE phase=instruction_retirement
INTEL_OWNER phase=replacement_parked vcpu_generation=360 owner_generation=360 owner=216310 vm_generation=1
INTEL_OWNER phase=vcpu_destroy_begin vcpu_generation=359 owner_generation=359 owner=216306 vm_generation=1
INTEL_OWNER phase=vcpu_destroy_end vcpu_generation=359 owner_generation=359 owner=216306 vm_generation=1
INTEL_OWNER phase=lease_release_end vcpu_generation=359 owner_generation=359 owner=216306 vm_generation=1
INTEL_OWNER phase=owner_join_begin vcpu_generation=359 owner_generation=359 owner=216306 vm_generation=1
INTEL_OWNER phase=owner_join_end vcpu_generation=359 owner_generation=359 owner=216306 vm_generation=1
INTEL_OWNER phase=owner_activate vcpu_generation=360 owner_generation=360 owner=216310 vm_generation=1
INTEL_OWNER phase=lease_acquire_end vcpu_generation=360 owner_generation=360 owner=216310 vm_generation=1
INTEL_OWNER phase=vcpu_create_begin vcpu_generation=360 owner_generation=360 owner=216310 vm_generation=1
INTEL_OWNER phase=vcpu_create_end vcpu_generation=360 owner_generation=360 owner=216310 vm_generation=1
[       OK ] HvfIntelProbe.InstructionOnly (18 ms)
[----------] 1 test from HvfIntelProbe (18 ms total)

[==========] 1 test from 1 test suite ran. (18 ms total)
[  PASSED  ] 1 test.

Repeating all tests (iteration 360) . . .

Note: Google Test filter = HvfIntelProbe.InstructionOnly
[==========] Running 1 test from 1 test suite.
[----------] 1 test from HvfIntelProbe
[ RUN      ] HvfIntelProbe.InstructionOnly
INTEL_PROBE phase=executor_initialization
INTEL_PROBE phase=executor_retained
INTEL_PROBE phase=startup_probe
INTEL_PROBE phase=ordinary_steps
INTEL_PROBE phase=instruction_retirement
INTEL_OWNER phase=replacement_parked vcpu_generation=361 owner_generation=361 owner=216317 vm_generation=1
INTEL_OWNER phase=vcpu_destroy_begin vcpu_generation=360 owner_generation=360 owner=216310 vm_generation=1
INTEL_OWNER phase=vcpu_destroy_end vcpu_generation=360 owner_generation=360 owner=216310 vm_generation=1
INTEL_OWNER phase=lease_release_end vcpu_generation=360 owner_generation=360 owner=216310 vm_generation=1
INTEL_OWNER phase=owner_join_begin vcpu_generation=360 owner_generation=360 owner=216310 vm_generation=1
INTEL_OWNER phase=owner_join_end vcpu_generation=360 owner_generation=360 owner=216310 vm_generation=1
INTEL_OWNER phase=owner_activate vcpu_generation=361 owner_generation=361 owner=216317 vm_generation=1
INTEL_OWNER phase=lease_acquire_end vcpu_generation=361 owner_generation=361 owner=216317 vm_generation=1
INTEL_OWNER phase=vcpu_create_begin vcpu_generation=361 owner_generation=361 owner=216317 vm_generation=1
INTEL_OWNER phase=vcpu_create_end vcpu_generation=361 owner_generation=361 owner=216317 vm_generation=1
[       OK ] HvfIntelProbe.InstructionOnly (19 ms)
[----------] 1 test from HvfIntelProbe (19 ms total)

[==========] 1 test from 1 test suite ran. (19 ms total)
[  PASSED  ] 1 test.

Repeating all tests (iteration 361) . . .

Note: Google Test filter = HvfIntelProbe.InstructionOnly
[==========] Running 1 test from 1 test suite.
[----------] 1 test from HvfIntelProbe
[ RUN      ] HvfIntelProbe.InstructionOnly
INTEL_PROBE phase=executor_initialization
INTEL_PROBE phase=executor_retained
INTEL_PROBE phase=startup_probe
INTEL_PROBE phase=ordinary_steps
INTEL_PROBE phase=instruction_retirement
INTEL_OWNER phase=replacement_parked vcpu_generation=362 owner_generation=362 owner=216322 vm_generation=1
INTEL_OWNER phase=vcpu_destroy_begin vcpu_generation=361 owner_generation=361 owner=216317 vm_generation=1
INTEL_OWNER phase=vcpu_destroy_end vcpu_generation=361 owner_generation=361 owner=216317 vm_generation=1
INTEL_OWNER phase=lease_release_end vcpu_generation=361 owner_generation=361 owner=216317 vm_generation=1
INTEL_OWNER phase=owner_join_begin vcpu_generation=361 owner_generation=361 owner=216317 vm_generation=1
INTEL_OWNER phase=owner_join_end vcpu_generation=361 owner_generation=361 owner=216317 vm_generation=1
INTEL_OWNER phase=owner_activate vcpu_generation=362 owner_generation=362 owner=216322 vm_generation=1
INTEL_OWNER phase=lease_acquire_end vcpu_generation=362 owner_generation=362 owner=216322 vm_generation=1
INTEL_OWNER phase=vcpu_create_begin vcpu_generation=362 owner_generation=362 owner=216322 vm_generation=1
INTEL_OWNER phase=vcpu_create_end vcpu_generation=362 owner_generation=362 owner=216322 vm_generation=1
[       OK ] HvfIntelProbe.InstructionOnly (17 ms)
[----------] 1 test from HvfIntelProbe (17 ms total)

[==========] 1 test from 1 test suite ran. (17 ms total)
[  PASSED  ] 1 test.

Repeating all tests (iteration 362) . . .

Note: Google Test filter = HvfIntelProbe.InstructionOnly
[==========] Running 1 test from 1 test suite.
[----------] 1 test from HvfIntelProbe
[ RUN      ] HvfIntelProbe.InstructionOnly
INTEL_PROBE phase=executor_initialization
INTEL_PROBE phase=executor_retained
INTEL_PROBE phase=startup_probe
INTEL_PROBE phase=ordinary_steps
INTEL_PROBE phase=instruction_retirement
INTEL_OWNER phase=replacement_parked vcpu_generation=363 owner_generation=363 owner=216327 vm_generation=1
INTEL_OWNER phase=vcpu_destroy_begin vcpu_generation=362 owner_generation=362 owner=216322 vm_generation=1
INTEL_OWNER phase=vcpu_destroy_end vcpu_generation=362 owner_generation=362 owner=216322 vm_generation=1
INTEL_OWNER phase=lease_release_end vcpu_generation=362 owner_generation=362 owner=216322 vm_generation=1
INTEL_OWNER phase=owner_join_begin vcpu_generation=362 owner_generation=362 owner=216322 vm_generation=1
INTEL_OWNER phase=owner_join_end vcpu_generation=362 owner_generation=362 owner=216322 vm_generation=1
INTEL_OWNER phase=owner_activate vcpu_generation=363 owner_generation=363 owner=216327 vm_generation=1
INTEL_OWNER phase=lease_acquire_end vcpu_generation=363 owner_generation=363 owner=216327 vm_generation=1
INTEL_OWNER phase=vcpu_create_begin vcpu_generation=363 owner_generation=363 owner=216327 vm_generation=1
INTEL_OWNER phase=vcpu_create_end vcpu_generation=363 owner_generation=363 owner=216327 vm_generation=1
[       OK ] HvfIntelProbe.InstructionOnly (22 ms)
[----------] 1 test from HvfIntelProbe (22 ms total)

[==========] 1 test from 1 test suite ran. (22 ms total)
[  PASSED  ] 1 test.

Repeating all tests (iteration 363) . . .

Note: Google Test filter = HvfIntelProbe.InstructionOnly
[==========] Running 1 test from 1 test suite.
[----------] 1 test from HvfIntelProbe
[ RUN      ] HvfIntelProbe.InstructionOnly
INTEL_PROBE phase=executor_initialization
INTEL_PROBE phase=executor_retained
INTEL_PROBE phase=startup_probe
INTEL_PROBE phase=ordinary_steps
INTEL_PROBE phase=instruction_retirement
INTEL_OWNER phase=replacement_parked vcpu_generation=364 owner_generation=364 owner=216334 vm_generation=1
INTEL_OWNER phase=vcpu_destroy_begin vcpu_generation=363 owner_generation=363 owner=216327 vm_generation=1
INTEL_OWNER phase=vcpu_destroy_end vcpu_generation=363 owner_generation=363 owner=216327 vm_generation=1
INTEL_OWNER phase=lease_release_end vcpu_generation=363 owner_generation=363 owner=216327 vm_generation=1
INTEL_OWNER phase=owner_join_begin vcpu_generation=363 owner_generation=363 owner=216327 vm_generation=1
INTEL_OWNER phase=owner_join_end vcpu_generation=363 owner_generation=363 owner=216327 vm_generation=1
INTEL_OWNER phase=owner_activate vcpu_generation=364 owner_generation=364 owner=216334 vm_generation=1
INTEL_OWNER phase=lease_acquire_end vcpu_generation=364 owner_generation=364 owner=216334 vm_generation=1
INTEL_OWNER phase=vcpu_create_begin vcpu_generation=364 owner_generation=364 owner=216334 vm_generation=1
INTEL_OWNER phase=vcpu_create_end vcpu_generation=364 owner_generation=364 owner=216334 vm_generation=1
[       OK ] HvfIntelProbe.InstructionOnly (18 ms)
[----------] 1 test from HvfIntelProbe (18 ms total)

[==========] 1 test from 1 test suite ran. (18 ms total)
[  PASSED  ] 1 test.

Repeating all tests (iteration 364) . . .

Note: Google Test filter = HvfIntelProbe.InstructionOnly
[==========] Running 1 test from 1 test suite.
[----------] 1 test from HvfIntelProbe
[ RUN      ] HvfIntelProbe.InstructionOnly
INTEL_PROBE phase=executor_initialization
INTEL_PROBE phase=executor_retained
INTEL_PROBE phase=startup_probe
INTEL_PROBE phase=ordinary_steps
INTEL_PROBE phase=instruction_retirement
INTEL_OWNER phase=replacement_parked vcpu_generation=365 owner_generation=365 owner=216339 vm_generation=1
INTEL_OWNER phase=vcpu_destroy_begin vcpu_generation=364 owner_generation=364 owner=216334 vm_generation=1
INTEL_OWNER phase=vcpu_destroy_end vcpu_generation=364 owner_generation=364 owner=216334 vm_generation=1
INTEL_OWNER phase=lease_release_end vcpu_generation=364 owner_generation=364 owner=216334 vm_generation=1
INTEL_OWNER phase=owner_join_begin vcpu_generation=364 owner_generation=364 owner=216334 vm_generation=1
INTEL_OWNER phase=owner_join_end vcpu_generation=364 owner_generation=364 owner=216334 vm_generation=1
INTEL_OWNER phase=owner_activate vcpu_generation=365 owner_generation=365 owner=216339 vm_generation=1
INTEL_OWNER phase=lease_acquire_end vcpu_generation=365 owner_generation=365 owner=216339 vm_generation=1
INTEL_OWNER phase=vcpu_create_begin vcpu_generation=365 owner_generation=365 owner=216339 vm_generation=1
INTEL_OWNER phase=vcpu_create_end vcpu_generation=365 owner_generation=365 owner=216339 vm_generation=1
[       OK ] HvfIntelProbe.InstructionOnly (21 ms)
[----------] 1 test from HvfIntelProbe (21 ms total)

[==========] 1 test from 1 test suite ran. (21 ms total)
[  PASSED  ] 1 test.

Repeating all tests (iteration 365) . . .

Note: Google Test filter = HvfIntelProbe.InstructionOnly
[==========] Running 1 test from 1 test suite.
[----------] 1 test from HvfIntelProbe
[ RUN      ] HvfIntelProbe.InstructionOnly
INTEL_PROBE phase=executor_initialization
INTEL_PROBE phase=executor_retained
INTEL_PROBE phase=startup_probe
INTEL_PROBE phase=ordinary_steps
INTEL_PROBE phase=instruction_retirement
INTEL_OWNER phase=replacement_parked vcpu_generation=366 owner_generation=366 owner=216344 vm_generation=1
INTEL_OWNER phase=vcpu_destroy_begin vcpu_generation=365 owner_generation=365 owner=216339 vm_generation=1
INTEL_OWNER phase=vcpu_destroy_end vcpu_generation=365 owner_generation=365 owner=216339 vm_generation=1
INTEL_OWNER phase=lease_release_end vcpu_generation=365 owner_generation=365 owner=216339 vm_generation=1
INTEL_OWNER phase=owner_join_begin vcpu_generation=365 owner_generation=365 owner=216339 vm_generation=1
INTEL_OWNER phase=owner_join_end vcpu_generation=365 owner_generation=365 owner=216339 vm_generation=1
INTEL_OWNER phase=owner_activate vcpu_generation=366 owner_generation=366 owner=216344 vm_generation=1
INTEL_OWNER phase=lease_acquire_end vcpu_generation=366 owner_generation=366 owner=216344 vm_generation=1
INTEL_OWNER phase=vcpu_create_begin vcpu_generation=366 owner_generation=366 owner=216344 vm_generation=1
INTEL_OWNER phase=vcpu_create_end vcpu_generation=366 owner_generation=366 owner=216344 vm_generation=1
[       OK ] HvfIntelProbe.InstructionOnly (18 ms)
[----------] 1 test from HvfIntelProbe (18 ms total)

[==========] 1 test from 1 test suite ran. (18 ms total)
[  PASSED  ] 1 test.

Repeating all tests (iteration 366) . . .

Note: Google Test filter = HvfIntelProbe.InstructionOnly
[==========] Running 1 test from 1 test suite.
[----------] 1 test from HvfIntelProbe
[ RUN      ] HvfIntelProbe.InstructionOnly
INTEL_PROBE phase=executor_initialization
INTEL_PROBE phase=executor_retained
INTEL_PROBE phase=startup_probe
INTEL_PROBE phase=ordinary_steps
INTEL_PROBE phase=instruction_retirement
INTEL_OWNER phase=replacement_parked vcpu_generation=367 owner_generation=367 owner=216349 vm_generation=1
INTEL_OWNER phase=vcpu_destroy_begin vcpu_generation=366 owner_generation=366 owner=216344 vm_generation=1
INTEL_OWNER phase=vcpu_destroy_end vcpu_generation=366 owner_generation=366 owner=216344 vm_generation=1
INTEL_OWNER phase=lease_release_end vcpu_generation=366 owner_generation=366 owner=216344 vm_generation=1
INTEL_OWNER phase=owner_join_begin vcpu_generation=366 owner_generation=366 owner=216344 vm_generation=1
INTEL_OWNER phase=owner_join_end vcpu_generation=366 owner_generation=366 owner=216344 vm_generation=1
INTEL_OWNER phase=owner_activate vcpu_generation=367 owner_generation=367 owner=216349 vm_generation=1
INTEL_OWNER phase=lease_acquire_end vcpu_generation=367 owner_generation=367 owner=216349 vm_generation=1
INTEL_OWNER phase=vcpu_create_begin vcpu_generation=367 owner_generation=367 owner=216349 vm_generation=1
INTEL_OWNER phase=vcpu_create_end vcpu_generation=367 owner_generation=367 owner=216349 vm_generation=1
[       OK ] HvfIntelProbe.InstructionOnly (19 ms)
[----------] 1 test from HvfIntelProbe (19 ms total)

[==========] 1 test from 1 test suite ran. (19 ms total)
[  PASSED  ] 1 test.

Repeating all tests (iteration 367) . . .

Note: Google Test filter = HvfIntelProbe.InstructionOnly
[==========] Running 1 test from 1 test suite.
[----------] 1 test from HvfIntelProbe
[ RUN      ] HvfIntelProbe.InstructionOnly
INTEL_PROBE phase=executor_initialization
INTEL_PROBE phase=executor_retained
INTEL_PROBE phase=startup_probe
INTEL_PROBE phase=ordinary_steps
INTEL_PROBE phase=instruction_retirement
INTEL_OWNER phase=replacement_parked vcpu_generation=368 owner_generation=368 owner=216355 vm_generation=1
INTEL_OWNER phase=vcpu_destroy_begin vcpu_generation=367 owner_generation=367 owner=216349 vm_generation=1
INTEL_OWNER phase=vcpu_destroy_end vcpu_generation=367 owner_generation=367 owner=216349 vm_generation=1
INTEL_OWNER phase=lease_release_end vcpu_generation=367 owner_generation=367 owner=216349 vm_generation=1
INTEL_OWNER phase=owner_join_begin vcpu_generation=367 owner_generation=367 owner=216349 vm_generation=1
INTEL_OWNER phase=owner_join_end vcpu_generation=367 owner_generation=367 owner=216349 vm_generation=1
INTEL_OWNER phase=owner_activate vcpu_generation=368 owner_generation=368 owner=216355 vm_generation=1
INTEL_OWNER phase=lease_acquire_end vcpu_generation=368 owner_generation=368 owner=216355 vm_generation=1
INTEL_OWNER phase=vcpu_create_begin vcpu_generation=368 owner_generation=368 owner=216355 vm_generation=1
INTEL_OWNER phase=vcpu_create_end vcpu_generation=368 owner_generation=368 owner=216355 vm_generation=1
[       OK ] HvfIntelProbe.InstructionOnly (20 ms)
[----------] 1 test from HvfIntelProbe (21 ms total)

[==========] 1 test from 1 test suite ran. (21 ms total)
[  PASSED  ] 1 test.

Repeating all tests (iteration 368) . . .

Note: Google Test filter = HvfIntelProbe.InstructionOnly
[==========] Running 1 test from 1 test suite.
[----------] 1 test from HvfIntelProbe
[ RUN      ] HvfIntelProbe.InstructionOnly
INTEL_PROBE phase=executor_initialization
INTEL_PROBE phase=executor_retained
INTEL_PROBE phase=startup_probe
INTEL_PROBE phase=ordinary_steps
INTEL_PROBE phase=instruction_retirement
INTEL_OWNER phase=replacement_parked vcpu_generation=369 owner_generation=369 owner=216361 vm_generation=1
INTEL_OWNER phase=vcpu_destroy_begin vcpu_generation=368 owner_generation=368 owner=216355 vm_generation=1
INTEL_OWNER phase=vcpu_destroy_end vcpu_generation=368 owner_generation=368 owner=216355 vm_generation=1
INTEL_OWNER phase=lease_release_end vcpu_generation=368 owner_generation=368 owner=216355 vm_generation=1
INTEL_OWNER phase=owner_join_begin vcpu_generation=368 owner_generation=368 owner=216355 vm_generation=1
INTEL_OWNER phase=owner_join_end vcpu_generation=368 owner_generation=368 owner=216355 vm_generation=1
INTEL_OWNER phase=owner_activate vcpu_generation=369 owner_generation=369 owner=216361 vm_generation=1
INTEL_OWNER phase=lease_acquire_end vcpu_generation=369 owner_generation=369 owner=216361 vm_generation=1
INTEL_OWNER phase=vcpu_create_begin vcpu_generation=369 owner_generation=369 owner=216361 vm_generation=1
INTEL_OWNER phase=vcpu_create_end vcpu_generation=369 owner_generation=369 owner=216361 vm_generation=1
[       OK ] HvfIntelProbe.InstructionOnly (21 ms)
[----------] 1 test from HvfIntelProbe (21 ms total)

[==========] 1 test from 1 test suite ran. (21 ms total)
[  PASSED  ] 1 test.

Repeating all tests (iteration 369) . . .

Note: Google Test filter = HvfIntelProbe.InstructionOnly
[==========] Running 1 test from 1 test suite.
[----------] 1 test from HvfIntelProbe
[ RUN      ] HvfIntelProbe.InstructionOnly
INTEL_PROBE phase=executor_initialization
INTEL_PROBE phase=executor_retained
INTEL_PROBE phase=startup_probe
INTEL_PROBE phase=ordinary_steps
INTEL_PROBE phase=instruction_retirement
INTEL_OWNER phase=replacement_parked vcpu_generation=370 owner_generation=370 owner=216366 vm_generation=1
INTEL_OWNER phase=vcpu_destroy_begin vcpu_generation=369 owner_generation=369 owner=216361 vm_generation=1
INTEL_OWNER phase=vcpu_destroy_end vcpu_generation=369 owner_generation=369 owner=216361 vm_generation=1
INTEL_OWNER phase=lease_release_end vcpu_generation=369 owner_generation=369 owner=216361 vm_generation=1
INTEL_OWNER phase=owner_join_begin vcpu_generation=369 owner_generation=369 owner=216361 vm_generation=1
INTEL_OWNER phase=owner_join_end vcpu_generation=369 owner_generation=369 owner=216361 vm_generation=1
INTEL_OWNER phase=owner_activate vcpu_generation=370 owner_generation=370 owner=216366 vm_generation=1
INTEL_OWNER phase=lease_acquire_end vcpu_generation=370 owner_generation=370 owner=216366 vm_generation=1
INTEL_OWNER phase=vcpu_create_begin vcpu_generation=370 owner_generation=370 owner=216366 vm_generation=1
INTEL_OWNER phase=vcpu_create_end vcpu_generation=370 owner_generation=370 owner=216366 vm_generation=1
[       OK ] HvfIntelProbe.InstructionOnly (21 ms)
[----------] 1 test from HvfIntelProbe (21 ms total)

[==========] 1 test from 1 test suite ran. (21 ms total)
[  PASSED  ] 1 test.

Repeating all tests (iteration 370) . . .

Note: Google Test filter = HvfIntelProbe.InstructionOnly
[==========] Running 1 test from 1 test suite.
[----------] 1 test from HvfIntelProbe
[ RUN      ] HvfIntelProbe.InstructionOnly
INTEL_PROBE phase=executor_initialization
INTEL_PROBE phase=executor_retained
INTEL_PROBE phase=startup_probe
INTEL_PROBE phase=ordinary_steps
INTEL_PROBE phase=instruction_retirement
INTEL_OWNER phase=replacement_parked vcpu_generation=371 owner_generation=371 owner=216371 vm_generation=1
INTEL_OWNER phase=vcpu_destroy_begin vcpu_generation=370 owner_generation=370 owner=216366 vm_generation=1
INTEL_OWNER phase=vcpu_destroy_end vcpu_generation=370 owner_generation=370 owner=216366 vm_generation=1
INTEL_OWNER phase=lease_release_end vcpu_generation=370 owner_generation=370 owner=216366 vm_generation=1
INTEL_OWNER phase=owner_join_begin vcpu_generation=370 owner_generation=370 owner=216366 vm_generation=1
INTEL_OWNER phase=owner_join_end vcpu_generation=370 owner_generation=370 owner=216366 vm_generation=1
INTEL_OWNER phase=owner_activate vcpu_generation=371 owner_generation=371 owner=216371 vm_generation=1
INTEL_OWNER phase=lease_acquire_end vcpu_generation=371 owner_generation=371 owner=216371 vm_generation=1
INTEL_OWNER phase=vcpu_create_begin vcpu_generation=371 owner_generation=371 owner=216371 vm_generation=1
INTEL_OWNER phase=vcpu_create_end vcpu_generation=371 owner_generation=371 owner=216371 vm_generation=1
[       OK ] HvfIntelProbe.InstructionOnly (20 ms)
[----------] 1 test from HvfIntelProbe (20 ms total)

[==========] 1 test from 1 test suite ran. (20 ms total)
[  PASSED  ] 1 test.

Repeating all tests (iteration 371) . . .

Note: Google Test filter = HvfIntelProbe.InstructionOnly
[==========] Running 1 test from 1 test suite.
[----------] 1 test from HvfIntelProbe
[ RUN      ] HvfIntelProbe.InstructionOnly
INTEL_PROBE phase=executor_initialization
INTEL_PROBE phase=executor_retained
INTEL_PROBE phase=startup_probe
INTEL_PROBE phase=ordinary_steps
INTEL_PROBE phase=instruction_retirement
INTEL_OWNER phase=replacement_parked vcpu_generation=372 owner_generation=372 owner=216383 vm_generation=1
INTEL_OWNER phase=vcpu_destroy_begin vcpu_generation=371 owner_generation=371 owner=216371 vm_generation=1
INTEL_OWNER phase=vcpu_destroy_end vcpu_generation=371 owner_generation=371 owner=216371 vm_generation=1
INTEL_OWNER phase=lease_release_end vcpu_generation=371 owner_generation=371 owner=216371 vm_generation=1
INTEL_OWNER phase=owner_join_begin vcpu_generation=371 owner_generation=371 owner=216371 vm_generation=1
INTEL_OWNER phase=owner_join_end vcpu_generation=371 owner_generation=371 owner=216371 vm_generation=1
INTEL_OWNER phase=owner_activate vcpu_generation=372 owner_generation=372 owner=216383 vm_generation=1
INTEL_OWNER phase=lease_acquire_end vcpu_generation=372 owner_generation=372 owner=216383 vm_generation=1
INTEL_OWNER phase=vcpu_create_begin vcpu_generation=372 owner_generation=372 owner=216383 vm_generation=1
INTEL_OWNER phase=vcpu_create_end vcpu_generation=372 owner_generation=372 owner=216383 vm_generation=1
[       OK ] HvfIntelProbe.InstructionOnly (26 ms)
[----------] 1 test from HvfIntelProbe (26 ms total)

[==========] 1 test from 1 test suite ran. (26 ms total)
[  PASSED  ] 1 test.

Repeating all tests (iteration 372) . . .

Note: Google Test filter = HvfIntelProbe.InstructionOnly
[==========] Running 1 test from 1 test suite.
[----------] 1 test from HvfIntelProbe
[ RUN      ] HvfIntelProbe.InstructionOnly
INTEL_PROBE phase=executor_initialization
INTEL_PROBE phase=executor_retained
INTEL_PROBE phase=startup_probe
INTEL_PROBE phase=ordinary_steps
INTEL_PROBE phase=instruction_retirement
INTEL_OWNER phase=replacement_parked vcpu_generation=373 owner_generation=373 owner=216388 vm_generation=1
INTEL_OWNER phase=vcpu_destroy_begin vcpu_generation=372 owner_generation=372 owner=216383 vm_generation=1
INTEL_OWNER phase=vcpu_destroy_end vcpu_generation=372 owner_generation=372 owner=216383 vm_generation=1
INTEL_OWNER phase=lease_release_end vcpu_generation=372 owner_generation=372 owner=216383 vm_generation=1
INTEL_OWNER phase=owner_join_begin vcpu_generation=372 owner_generation=372 owner=216383 vm_generation=1
INTEL_OWNER phase=owner_join_end vcpu_generation=372 owner_generation=372 owner=216383 vm_generation=1
INTEL_OWNER phase=owner_activate vcpu_generation=373 owner_generation=373 owner=216388 vm_generation=1
INTEL_OWNER phase=lease_acquire_end vcpu_generation=373 owner_generation=373 owner=216388 vm_generation=1
INTEL_OWNER phase=vcpu_create_begin vcpu_generation=373 owner_generation=373 owner=216388 vm_generation=1
INTEL_OWNER phase=vcpu_create_end vcpu_generation=373 owner_generation=373 owner=216388 vm_generation=1
[       OK ] HvfIntelProbe.InstructionOnly (17 ms)
[----------] 1 test from HvfIntelProbe (17 ms total)

[==========] 1 test from 1 test suite ran. (18 ms total)
[  PASSED  ] 1 test.

Repeating all tests (iteration 373) . . .

Note: Google Test filter = HvfIntelProbe.InstructionOnly
[==========] Running 1 test from 1 test suite.
[----------] 1 test from HvfIntelProbe
[ RUN      ] HvfIntelProbe.InstructionOnly
INTEL_PROBE phase=executor_initialization
INTEL_PROBE phase=executor_retained
INTEL_PROBE phase=startup_probe
INTEL_PROBE phase=ordinary_steps
INTEL_PROBE phase=instruction_retirement
INTEL_OWNER phase=replacement_parked vcpu_generation=374 owner_generation=374 owner=216394 vm_generation=1
INTEL_OWNER phase=vcpu_destroy_begin vcpu_generation=373 owner_generation=373 owner=216388 vm_generation=1
INTEL_OWNER phase=vcpu_destroy_end vcpu_generation=373 owner_generation=373 owner=216388 vm_generation=1
INTEL_OWNER phase=lease_release_end vcpu_generation=373 owner_generation=373 owner=216388 vm_generation=1
INTEL_OWNER phase=owner_join_begin vcpu_generation=373 owner_generation=373 owner=216388 vm_generation=1
INTEL_OWNER phase=owner_join_end vcpu_generation=373 owner_generation=373 owner=216388 vm_generation=1
INTEL_OWNER phase=owner_activate vcpu_generation=374 owner_generation=374 owner=216394 vm_generation=1
INTEL_OWNER phase=lease_acquire_end vcpu_generation=374 owner_generation=374 owner=216394 vm_generation=1
INTEL_OWNER phase=vcpu_create_begin vcpu_generation=374 owner_generation=374 owner=216394 vm_generation=1
INTEL_OWNER phase=vcpu_create_end vcpu_generation=374 owner_generation=374 owner=216394 vm_generation=1
[       OK ] HvfIntelProbe.InstructionOnly (22 ms)
[----------] 1 test from HvfIntelProbe (22 ms total)

[==========] 1 test from 1 test suite ran. (22 ms total)
[  PASSED  ] 1 test.

Repeating all tests (iteration 374) . . .

Note: Google Test filter = HvfIntelProbe.InstructionOnly
[==========] Running 1 test from 1 test suite.
[----------] 1 test from HvfIntelProbe
[ RUN      ] HvfIntelProbe.InstructionOnly
INTEL_PROBE phase=executor_initialization
INTEL_PROBE phase=executor_retained
INTEL_PROBE phase=startup_probe
INTEL_PROBE phase=ordinary_steps
INTEL_PROBE phase=instruction_retirement
INTEL_OWNER phase=replacement_parked vcpu_generation=375 owner_generation=375 owner=216400 vm_generation=1
INTEL_OWNER phase=vcpu_destroy_begin vcpu_generation=374 owner_generation=374 owner=216394 vm_generation=1
INTEL_OWNER phase=vcpu_destroy_end vcpu_generation=374 owner_generation=374 owner=216394 vm_generation=1
INTEL_OWNER phase=lease_release_end vcpu_generation=374 owner_generation=374 owner=216394 vm_generation=1
INTEL_OWNER phase=owner_join_begin vcpu_generation=374 owner_generation=374 owner=216394 vm_generation=1
INTEL_OWNER phase=owner_join_end vcpu_generation=374 owner_generation=374 owner=216394 vm_generation=1
INTEL_OWNER phase=owner_activate vcpu_generation=375 owner_generation=375 owner=216400 vm_generation=1
INTEL_OWNER phase=lease_acquire_end vcpu_generation=375 owner_generation=375 owner=216400 vm_generation=1
INTEL_OWNER phase=vcpu_create_begin vcpu_generation=375 owner_generation=375 owner=216400 vm_generation=1
INTEL_OWNER phase=vcpu_create_end vcpu_generation=375 owner_generation=375 owner=216400 vm_generation=1
[       OK ] HvfIntelProbe.InstructionOnly (21 ms)
[----------] 1 test from HvfIntelProbe (21 ms total)

[==========] 1 test from 1 test suite ran. (21 ms total)
[  PASSED  ] 1 test.

Repeating all tests (iteration 375) . . .

Note: Google Test filter = HvfIntelProbe.InstructionOnly
[==========] Running 1 test from 1 test suite.
[----------] 1 test from HvfIntelProbe
[ RUN      ] HvfIntelProbe.InstructionOnly
INTEL_PROBE phase=executor_initialization
INTEL_PROBE phase=executor_retained
INTEL_PROBE phase=startup_probe
INTEL_PROBE phase=ordinary_steps
INTEL_PROBE phase=instruction_retirement
INTEL_OWNER phase=replacement_parked vcpu_generation=376 owner_generation=376 owner=216405 vm_generation=1
INTEL_OWNER phase=vcpu_destroy_begin vcpu_generation=375 owner_generation=375 owner=216400 vm_generation=1
INTEL_OWNER phase=vcpu_destroy_end vcpu_generation=375 owner_generation=375 owner=216400 vm_generation=1
INTEL_OWNER phase=lease_release_end vcpu_generation=375 owner_generation=375 owner=216400 vm_generation=1
INTEL_OWNER phase=owner_join_begin vcpu_generation=375 owner_generation=375 owner=216400 vm_generation=1
INTEL_OWNER phase=owner_join_end vcpu_generation=375 owner_generation=375 owner=216400 vm_generation=1
INTEL_OWNER phase=owner_activate vcpu_generation=376 owner_generation=376 owner=216405 vm_generation=1
INTEL_OWNER phase=lease_acquire_end vcpu_generation=376 owner_generation=376 owner=216405 vm_generation=1
INTEL_OWNER phase=vcpu_create_begin vcpu_generation=376 owner_generation=376 owner=216405 vm_generation=1
INTEL_OWNER phase=vcpu_create_end vcpu_generation=376 owner_generation=376 owner=216405 vm_generation=1
[       OK ] HvfIntelProbe.InstructionOnly (20 ms)
[----------] 1 test from HvfIntelProbe (20 ms total)

[==========] 1 test from 1 test suite ran. (20 ms total)
[  PASSED  ] 1 test.

Repeating all tests (iteration 376) . . .

Note: Google Test filter = HvfIntelProbe.InstructionOnly
[==========] Running 1 test from 1 test suite.
[----------] 1 test from HvfIntelProbe
[ RUN      ] HvfIntelProbe.InstructionOnly
INTEL_PROBE phase=executor_initialization
INTEL_PROBE phase=executor_retained
INTEL_PROBE phase=startup_probe
INTEL_PROBE phase=ordinary_steps
INTEL_PROBE phase=instruction_retirement
INTEL_OWNER phase=replacement_parked vcpu_generation=377 owner_generation=377 owner=216410 vm_generation=1
INTEL_OWNER phase=vcpu_destroy_begin vcpu_generation=376 owner_generation=376 owner=216405 vm_generation=1
INTEL_OWNER phase=vcpu_destroy_end vcpu_generation=376 owner_generation=376 owner=216405 vm_generation=1
INTEL_OWNER phase=lease_release_end vcpu_generation=376 owner_generation=376 owner=216405 vm_generation=1
INTEL_OWNER phase=owner_join_begin vcpu_generation=376 owner_generation=376 owner=216405 vm_generation=1
INTEL_OWNER phase=owner_join_end vcpu_generation=376 owner_generation=376 owner=216405 vm_generation=1
INTEL_OWNER phase=owner_activate vcpu_generation=377 owner_generation=377 owner=216410 vm_generation=1
INTEL_OWNER phase=lease_acquire_end vcpu_generation=377 owner_generation=377 owner=216410 vm_generation=1
INTEL_OWNER phase=vcpu_create_begin vcpu_generation=377 owner_generation=377 owner=216410 vm_generation=1
INTEL_OWNER phase=vcpu_create_end vcpu_generation=377 owner_generation=377 owner=216410 vm_generation=1
[       OK ] HvfIntelProbe.InstructionOnly (19 ms)
[----------] 1 test from HvfIntelProbe (19 ms total)

[==========] 1 test from 1 test suite ran. (19 ms total)
[  PASSED  ] 1 test.

Repeating all tests (iteration 377) . . .

Note: Google Test filter = HvfIntelProbe.InstructionOnly
[==========] Running 1 test from 1 test suite.
[----------] 1 test from HvfIntelProbe
[ RUN      ] HvfIntelProbe.InstructionOnly
INTEL_PROBE phase=executor_initialization
INTEL_PROBE phase=executor_retained
INTEL_PROBE phase=startup_probe
INTEL_PROBE phase=ordinary_steps
INTEL_PROBE phase=instruction_retirement
INTEL_OWNER phase=replacement_parked vcpu_generation=378 owner_generation=378 owner=216415 vm_generation=1
INTEL_OWNER phase=vcpu_destroy_begin vcpu_generation=377 owner_generation=377 owner=216410 vm_generation=1
INTEL_OWNER phase=vcpu_destroy_end vcpu_generation=377 owner_generation=377 owner=216410 vm_generation=1
INTEL_OWNER phase=lease_release_end vcpu_generation=377 owner_generation=377 owner=216410 vm_generation=1
INTEL_OWNER phase=owner_join_begin vcpu_generation=377 owner_generation=377 owner=216410 vm_generation=1
INTEL_OWNER phase=owner_join_end vcpu_generation=377 owner_generation=377 owner=216410 vm_generation=1
INTEL_OWNER phase=owner_activate vcpu_generation=378 owner_generation=378 owner=216415 vm_generation=1
INTEL_OWNER phase=lease_acquire_end vcpu_generation=378 owner_generation=378 owner=216415 vm_generation=1
INTEL_OWNER phase=vcpu_create_begin vcpu_generation=378 owner_generation=378 owner=216415 vm_generation=1
INTEL_OWNER phase=vcpu_create_end vcpu_generation=378 owner_generation=378 owner=216415 vm_generation=1
[       OK ] HvfIntelProbe.InstructionOnly (25 ms)
[----------] 1 test from HvfIntelProbe (25 ms total)

[==========] 1 test from 1 test suite ran. (25 ms total)
[  PASSED  ] 1 test.

Repeating all tests (iteration 378) . . .

Note: Google Test filter = HvfIntelProbe.InstructionOnly
[==========] Running 1 test from 1 test suite.
[----------] 1 test from HvfIntelProbe
[ RUN      ] HvfIntelProbe.InstructionOnly
INTEL_PROBE phase=executor_initialization
INTEL_PROBE phase=executor_retained
INTEL_PROBE phase=startup_probe
INTEL_PROBE phase=ordinary_steps
INTEL_PROBE phase=instruction_retirement
INTEL_OWNER phase=replacement_parked vcpu_generation=379 owner_generation=379 owner=216421 vm_generation=1
INTEL_OWNER phase=vcpu_destroy_begin vcpu_generation=378 owner_generation=378 owner=216415 vm_generation=1
INTEL_OWNER phase=vcpu_destroy_end vcpu_generation=378 owner_generation=378 owner=216415 vm_generation=1
INTEL_OWNER phase=lease_release_end vcpu_generation=378 owner_generation=378 owner=216415 vm_generation=1
INTEL_OWNER phase=owner_join_begin vcpu_generation=378 owner_generation=378 owner=216415 vm_generation=1
INTEL_OWNER phase=owner_join_end vcpu_generation=378 owner_generation=378 owner=216415 vm_generation=1
INTEL_OWNER phase=owner_activate vcpu_generation=379 owner_generation=379 owner=216421 vm_generation=1
INTEL_OWNER phase=lease_acquire_end vcpu_generation=379 owner_generation=379 owner=216421 vm_generation=1
INTEL_OWNER phase=vcpu_create_begin vcpu_generation=379 owner_generation=379 owner=216421 vm_generation=1
INTEL_OWNER phase=vcpu_create_end vcpu_generation=379 owner_generation=379 owner=216421 vm_generation=1
[       OK ] HvfIntelProbe.InstructionOnly (21 ms)
[----------] 1 test from HvfIntelProbe (21 ms total)

[==========] 1 test from 1 test suite ran. (21 ms total)
[  PASSED  ] 1 test.

Repeating all tests (iteration 379) . . .

Note: Google Test filter = HvfIntelProbe.InstructionOnly
[==========] Running 1 test from 1 test suite.
[----------] 1 test from HvfIntelProbe
[ RUN      ] HvfIntelProbe.InstructionOnly
INTEL_PROBE phase=executor_initialization
INTEL_PROBE phase=executor_retained
INTEL_PROBE phase=startup_probe
INTEL_PROBE phase=ordinary_steps
INTEL_PROBE phase=instruction_retirement
INTEL_OWNER phase=replacement_parked vcpu_generation=380 owner_generation=380 owner=216426 vm_generation=1
INTEL_OWNER phase=vcpu_destroy_begin vcpu_generation=379 owner_generation=379 owner=216421 vm_generation=1
INTEL_OWNER phase=vcpu_destroy_end vcpu_generation=379 owner_generation=379 owner=216421 vm_generation=1
INTEL_OWNER phase=lease_release_end vcpu_generation=379 owner_generation=379 owner=216421 vm_generation=1
INTEL_OWNER phase=owner_join_begin vcpu_generation=379 owner_generation=379 owner=216421 vm_generation=1
INTEL_OWNER phase=owner_join_end vcpu_generation=379 owner_generation=379 owner=216421 vm_generation=1
INTEL_OWNER phase=owner_activate vcpu_generation=380 owner_generation=380 owner=216426 vm_generation=1
INTEL_OWNER phase=lease_acquire_end vcpu_generation=380 owner_generation=380 owner=216426 vm_generation=1
INTEL_OWNER phase=vcpu_create_begin vcpu_generation=380 owner_generation=380 owner=216426 vm_generation=1
INTEL_OWNER phase=vcpu_create_end vcpu_generation=380 owner_generation=380 owner=216426 vm_generation=1
[       OK ] HvfIntelProbe.InstructionOnly (20 ms)
[----------] 1 test from HvfIntelProbe (20 ms total)

[==========] 1 test from 1 test suite ran. (20 ms total)
[  PASSED  ] 1 test.

Repeating all tests (iteration 380) . . .

Note: Google Test filter = HvfIntelProbe.InstructionOnly
[==========] Running 1 test from 1 test suite.
[----------] 1 test from HvfIntelProbe
[ RUN      ] HvfIntelProbe.InstructionOnly
INTEL_PROBE phase=executor_initialization
INTEL_PROBE phase=executor_retained
INTEL_PROBE phase=startup_probe
INTEL_PROBE phase=ordinary_steps
INTEL_PROBE phase=instruction_retirement
INTEL_OWNER phase=replacement_parked vcpu_generation=381 owner_generation=381 owner=216431 vm_generation=1
INTEL_OWNER phase=vcpu_destroy_begin vcpu_generation=380 owner_generation=380 owner=216426 vm_generation=1
INTEL_OWNER phase=vcpu_destroy_end vcpu_generation=380 owner_generation=380 owner=216426 vm_generation=1
INTEL_OWNER phase=lease_release_end vcpu_generation=380 owner_generation=380 owner=216426 vm_generation=1
INTEL_OWNER phase=owner_join_begin vcpu_generation=380 owner_generation=380 owner=216426 vm_generation=1
INTEL_OWNER phase=owner_join_end vcpu_generation=380 owner_generation=380 owner=216426 vm_generation=1
INTEL_OWNER phase=owner_activate vcpu_generation=381 owner_generation=381 owner=216431 vm_generation=1
INTEL_OWNER phase=lease_acquire_end vcpu_generation=381 owner_generation=381 owner=216431 vm_generation=1
INTEL_OWNER phase=vcpu_create_begin vcpu_generation=381 owner_generation=381 owner=216431 vm_generation=1
INTEL_OWNER phase=vcpu_create_end vcpu_generation=381 owner_generation=381 owner=216431 vm_generation=1
[       OK ] HvfIntelProbe.InstructionOnly (24 ms)
[----------] 1 test from HvfIntelProbe (24 ms total)

[==========] 1 test from 1 test suite ran. (24 ms total)
[  PASSED  ] 1 test.

Repeating all tests (iteration 381) . . .

Note: Google Test filter = HvfIntelProbe.InstructionOnly
[==========] Running 1 test from 1 test suite.
[----------] 1 test from HvfIntelProbe
[ RUN      ] HvfIntelProbe.InstructionOnly
INTEL_PROBE phase=executor_initialization
INTEL_PROBE phase=executor_retained
INTEL_PROBE phase=startup_probe
INTEL_PROBE phase=ordinary_steps
INTEL_PROBE phase=instruction_retirement
INTEL_OWNER phase=replacement_parked vcpu_generation=382 owner_generation=382 owner=216439 vm_generation=1
INTEL_OWNER phase=vcpu_destroy_begin vcpu_generation=381 owner_generation=381 owner=216431 vm_generation=1
INTEL_OWNER phase=vcpu_destroy_end vcpu_generation=381 owner_generation=381 owner=216431 vm_generation=1
INTEL_OWNER phase=lease_release_end vcpu_generation=381 owner_generation=381 owner=216431 vm_generation=1
INTEL_OWNER phase=owner_join_begin vcpu_generation=381 owner_generation=381 owner=216431 vm_generation=1
INTEL_OWNER phase=owner_join_end vcpu_generation=381 owner_generation=381 owner=216431 vm_generation=1
INTEL_OWNER phase=owner_activate vcpu_generation=382 owner_generation=382 owner=216439 vm_generation=1
INTEL_OWNER phase=lease_acquire_end vcpu_generation=382 owner_generation=382 owner=216439 vm_generation=1
INTEL_OWNER phase=vcpu_create_begin vcpu_generation=382 owner_generation=382 owner=216439 vm_generation=1
INTEL_OWNER phase=vcpu_create_end vcpu_generation=382 owner_generation=382 owner=216439 vm_generation=1
[       OK ] HvfIntelProbe.InstructionOnly (32 ms)
[----------] 1 test from HvfIntelProbe (32 ms total)

[==========] 1 test from 1 test suite ran. (32 ms total)
[  PASSED  ] 1 test.

Repeating all tests (iteration 382) . . .

Note: Google Test filter = HvfIntelProbe.InstructionOnly
[==========] Running 1 test from 1 test suite.
[----------] 1 test from HvfIntelProbe
[ RUN      ] HvfIntelProbe.InstructionOnly
INTEL_PROBE phase=executor_initialization
INTEL_PROBE phase=executor_retained
INTEL_PROBE phase=startup_probe
INTEL_PROBE phase=ordinary_steps
INTEL_PROBE phase=instruction_retirement
INTEL_OWNER phase=replacement_parked vcpu_generation=383 owner_generation=383 owner=216445 vm_generation=1
INTEL_OWNER phase=vcpu_destroy_begin vcpu_generation=382 owner_generation=382 owner=216439 vm_generation=1
INTEL_OWNER phase=vcpu_destroy_end vcpu_generation=382 owner_generation=382 owner=216439 vm_generation=1
INTEL_OWNER phase=lease_release_end vcpu_generation=382 owner_generation=382 owner=216439 vm_generation=1
INTEL_OWNER phase=owner_join_begin vcpu_generation=382 owner_generation=382 owner=216439 vm_generation=1
INTEL_OWNER phase=owner_join_end vcpu_generation=382 owner_generation=382 owner=216439 vm_generation=1
INTEL_OWNER phase=owner_activate vcpu_generation=383 owner_generation=383 owner=216445 vm_generation=1
INTEL_OWNER phase=lease_acquire_end vcpu_generation=383 owner_generation=383 owner=216445 vm_generation=1
INTEL_OWNER phase=vcpu_create_begin vcpu_generation=383 owner_generation=383 owner=216445 vm_generation=1
INTEL_OWNER phase=vcpu_create_end vcpu_generation=383 owner_generation=383 owner=216445 vm_generation=1
[       OK ] HvfIntelProbe.InstructionOnly (21 ms)
[----------] 1 test from HvfIntelProbe (21 ms total)

[==========] 1 test from 1 test suite ran. (22 ms total)
[  PASSED  ] 1 test.

Repeating all tests (iteration 383) . . .

Note: Google Test filter = HvfIntelProbe.InstructionOnly
[==========] Running 1 test from 1 test suite.
[----------] 1 test from HvfIntelProbe
[ RUN      ] HvfIntelProbe.InstructionOnly
INTEL_PROBE phase=executor_initialization
INTEL_PROBE phase=executor_retained
INTEL_PROBE phase=startup_probe
INTEL_PROBE phase=ordinary_steps
INTEL_PROBE phase=instruction_retirement
INTEL_OWNER phase=replacement_parked vcpu_generation=384 owner_generation=384 owner=216450 vm_generation=1
INTEL_OWNER phase=vcpu_destroy_begin vcpu_generation=383 owner_generation=383 owner=216445 vm_generation=1
INTEL_OWNER phase=vcpu_destroy_end vcpu_generation=383 owner_generation=383 owner=216445 vm_generation=1
INTEL_OWNER phase=lease_release_end vcpu_generation=383 owner_generation=383 owner=216445 vm_generation=1
INTEL_OWNER phase=owner_join_begin vcpu_generation=383 owner_generation=383 owner=216445 vm_generation=1
INTEL_OWNER phase=owner_join_end vcpu_generation=383 owner_generation=383 owner=216445 vm_generation=1
INTEL_OWNER phase=owner_activate vcpu_generation=384 owner_generation=384 owner=216450 vm_generation=1
INTEL_OWNER phase=lease_acquire_end vcpu_generation=384 owner_generation=384 owner=216450 vm_generation=1
INTEL_OWNER phase=vcpu_create_begin vcpu_generation=384 owner_generation=384 owner=216450 vm_generation=1
INTEL_OWNER phase=vcpu_create_end vcpu_generation=384 owner_generation=384 owner=216450 vm_generation=1
[       OK ] HvfIntelProbe.InstructionOnly (24 ms)
[----------] 1 test from HvfIntelProbe (24 ms total)

[==========] 1 test from 1 test suite ran. (24 ms total)
[  PASSED  ] 1 test.

Repeating all tests (iteration 384) . . .

Note: Google Test filter = HvfIntelProbe.InstructionOnly
[==========] Running 1 test from 1 test suite.
[----------] 1 test from HvfIntelProbe
[ RUN      ] HvfIntelProbe.InstructionOnly
INTEL_PROBE phase=executor_initialization
INTEL_PROBE phase=executor_retained
INTEL_PROBE phase=startup_probe
INTEL_PROBE phase=ordinary_steps
INTEL_PROBE phase=instruction_retirement
INTEL_OWNER phase=replacement_parked vcpu_generation=385 owner_generation=385 owner=216455 vm_generation=1
INTEL_OWNER phase=vcpu_destroy_begin vcpu_generation=384 owner_generation=384 owner=216450 vm_generation=1
INTEL_OWNER phase=vcpu_destroy_end vcpu_generation=384 owner_generation=384 owner=216450 vm_generation=1
INTEL_OWNER phase=lease_release_end vcpu_generation=384 owner_generation=384 owner=216450 vm_generation=1
INTEL_OWNER phase=owner_join_begin vcpu_generation=384 owner_generation=384 owner=216450 vm_generation=1
INTEL_OWNER phase=owner_join_end vcpu_generation=384 owner_generation=384 owner=216450 vm_generation=1
INTEL_OWNER phase=owner_activate vcpu_generation=385 owner_generation=385 owner=216455 vm_generation=1
INTEL_OWNER phase=lease_acquire_end vcpu_generation=385 owner_generation=385 owner=216455 vm_generation=1
INTEL_OWNER phase=vcpu_create_begin vcpu_generation=385 owner_generation=385 owner=216455 vm_generation=1
INTEL_OWNER phase=vcpu_create_end vcpu_generation=385 owner_generation=385 owner=216455 vm_generation=1
[       OK ] HvfIntelProbe.InstructionOnly (24 ms)
[----------] 1 test from HvfIntelProbe (24 ms total)

[==========] 1 test from 1 test suite ran. (24 ms total)
[  PASSED  ] 1 test.

Repeating all tests (iteration 385) . . .

Note: Google Test filter = HvfIntelProbe.InstructionOnly
[==========] Running 1 test from 1 test suite.
[----------] 1 test from HvfIntelProbe
[ RUN      ] HvfIntelProbe.InstructionOnly
INTEL_PROBE phase=executor_initialization
INTEL_PROBE phase=executor_retained
INTEL_PROBE phase=startup_probe
INTEL_PROBE phase=ordinary_steps
INTEL_PROBE phase=instruction_retirement
INTEL_OWNER phase=replacement_parked vcpu_generation=386 owner_generation=386 owner=216460 vm_generation=1
INTEL_OWNER phase=vcpu_destroy_begin vcpu_generation=385 owner_generation=385 owner=216455 vm_generation=1
INTEL_OWNER phase=vcpu_destroy_end vcpu_generation=385 owner_generation=385 owner=216455 vm_generation=1
INTEL_OWNER phase=lease_release_end vcpu_generation=385 owner_generation=385 owner=216455 vm_generation=1
INTEL_OWNER phase=owner_join_begin vcpu_generation=385 owner_generation=385 owner=216455 vm_generation=1
INTEL_OWNER phase=owner_join_end vcpu_generation=385 owner_generation=385 owner=216455 vm_generation=1
INTEL_OWNER phase=owner_activate vcpu_generation=386 owner_generation=386 owner=216460 vm_generation=1
INTEL_OWNER phase=lease_acquire_end vcpu_generation=386 owner_generation=386 owner=216460 vm_generation=1
INTEL_OWNER phase=vcpu_create_begin vcpu_generation=386 owner_generation=386 owner=216460 vm_generation=1
INTEL_OWNER phase=vcpu_create_end vcpu_generation=386 owner_generation=386 owner=216460 vm_generation=1
[       OK ] HvfIntelProbe.InstructionOnly (22 ms)
[----------] 1 test from HvfIntelProbe (22 ms total)

[==========] 1 test from 1 test suite ran. (22 ms total)
[  PASSED  ] 1 test.

Repeating all tests (iteration 386) . . .

Note: Google Test filter = HvfIntelProbe.InstructionOnly
[==========] Running 1 test from 1 test suite.
[----------] 1 test from HvfIntelProbe
[ RUN      ] HvfIntelProbe.InstructionOnly
INTEL_PROBE phase=executor_initialization
INTEL_PROBE phase=executor_retained
INTEL_PROBE phase=startup_probe
INTEL_PROBE phase=ordinary_steps
INTEL_PROBE phase=instruction_retirement
INTEL_OWNER phase=replacement_parked vcpu_generation=387 owner_generation=387 owner=216469 vm_generation=1
INTEL_OWNER phase=vcpu_destroy_begin vcpu_generation=386 owner_generation=386 owner=216460 vm_generation=1
INTEL_OWNER phase=vcpu_destroy_end vcpu_generation=386 owner_generation=386 owner=216460 vm_generation=1
INTEL_OWNER phase=lease_release_end vcpu_generation=386 owner_generation=386 owner=216460 vm_generation=1
INTEL_OWNER phase=owner_join_begin vcpu_generation=386 owner_generation=386 owner=216460 vm_generation=1
INTEL_OWNER phase=owner_join_end vcpu_generation=386 owner_generation=386 owner=216460 vm_generation=1
INTEL_OWNER phase=owner_activate vcpu_generation=387 owner_generation=387 owner=216469 vm_generation=1
INTEL_OWNER phase=lease_acquire_end vcpu_generation=387 owner_generation=387 owner=216469 vm_generation=1
INTEL_OWNER phase=vcpu_create_begin vcpu_generation=387 owner_generation=387 owner=216469 vm_generation=1
INTEL_OWNER phase=vcpu_create_end vcpu_generation=387 owner_generation=387 owner=216469 vm_generation=1
[       OK ] HvfIntelProbe.InstructionOnly (23 ms)
[----------] 1 test from HvfIntelProbe (23 ms total)

[==========] 1 test from 1 test suite ran. (23 ms total)
[  PASSED  ] 1 test.

Repeating all tests (iteration 387) . . .

Note: Google Test filter = HvfIntelProbe.InstructionOnly
[==========] Running 1 test from 1 test suite.
[----------] 1 test from HvfIntelProbe
[ RUN      ] HvfIntelProbe.InstructionOnly
INTEL_PROBE phase=executor_initialization
INTEL_PROBE phase=executor_retained
INTEL_PROBE phase=startup_probe
INTEL_PROBE phase=ordinary_steps
INTEL_PROBE phase=instruction_retirement
INTEL_OWNER phase=replacement_parked vcpu_generation=388 owner_generation=388 owner=216473 vm_generation=1
INTEL_OWNER phase=vcpu_destroy_begin vcpu_generation=387 owner_generation=387 owner=216469 vm_generation=1
INTEL_OWNER phase=vcpu_destroy_end vcpu_generation=387 owner_generation=387 owner=216469 vm_generation=1
INTEL_OWNER phase=lease_release_end vcpu_generation=387 owner_generation=387 owner=216469 vm_generation=1
INTEL_OWNER phase=owner_join_begin vcpu_generation=387 owner_generation=387 owner=216469 vm_generation=1
INTEL_OWNER phase=owner_join_end vcpu_generation=387 owner_generation=387 owner=216469 vm_generation=1
INTEL_OWNER phase=owner_activate vcpu_generation=388 owner_generation=388 owner=216473 vm_generation=1
INTEL_OWNER phase=lease_acquire_end vcpu_generation=388 owner_generation=388 owner=216473 vm_generation=1
INTEL_OWNER phase=vcpu_create_begin vcpu_generation=388 owner_generation=388 owner=216473 vm_generation=1
INTEL_OWNER phase=vcpu_create_end vcpu_generation=388 owner_generation=388 owner=216473 vm_generation=1
[       OK ] HvfIntelProbe.InstructionOnly (22 ms)
[----------] 1 test from HvfIntelProbe (22 ms total)

[==========] 1 test from 1 test suite ran. (22 ms total)
[  PASSED  ] 1 test.

Repeating all tests (iteration 388) . . .

Note: Google Test filter = HvfIntelProbe.InstructionOnly
[==========] Running 1 test from 1 test suite.
[----------] 1 test from HvfIntelProbe
[ RUN      ] HvfIntelProbe.InstructionOnly
INTEL_PROBE phase=executor_initialization
INTEL_PROBE phase=executor_retained
INTEL_PROBE phase=startup_probe
INTEL_PROBE phase=ordinary_steps
INTEL_PROBE phase=instruction_retirement
INTEL_OWNER phase=replacement_parked vcpu_generation=389 owner_generation=389 owner=216478 vm_generation=1
INTEL_OWNER phase=vcpu_destroy_begin vcpu_generation=388 owner_generation=388 owner=216473 vm_generation=1
INTEL_OWNER phase=vcpu_destroy_end vcpu_generation=388 owner_generation=388 owner=216473 vm_generation=1
INTEL_OWNER phase=lease_release_end vcpu_generation=388 owner_generation=388 owner=216473 vm_generation=1
INTEL_OWNER phase=owner_join_begin vcpu_generation=388 owner_generation=388 owner=216473 vm_generation=1
INTEL_OWNER phase=owner_join_end vcpu_generation=388 owner_generation=388 owner=216473 vm_generation=1
INTEL_OWNER phase=owner_activate vcpu_generation=389 owner_generation=389 owner=216478 vm_generation=1
INTEL_OWNER phase=lease_acquire_end vcpu_generation=389 owner_generation=389 owner=216478 vm_generation=1
INTEL_OWNER phase=vcpu_create_begin vcpu_generation=389 owner_generation=389 owner=216478 vm_generation=1
INTEL_OWNER phase=vcpu_create_end vcpu_generation=389 owner_generation=389 owner=216478 vm_generation=1
[       OK ] HvfIntelProbe.InstructionOnly (22 ms)
[----------] 1 test from HvfIntelProbe (22 ms total)

[==========] 1 test from 1 test suite ran. (22 ms total)
[  PASSED  ] 1 test.

Repeating all tests (iteration 389) . . .

Note: Google Test filter = HvfIntelProbe.InstructionOnly
[==========] Running 1 test from 1 test suite.
[----------] 1 test from HvfIntelProbe
[ RUN      ] HvfIntelProbe.InstructionOnly
INTEL_PROBE phase=executor_initialization
INTEL_PROBE phase=executor_retained
INTEL_PROBE phase=startup_probe
INTEL_PROBE phase=ordinary_steps
INTEL_PROBE phase=instruction_retirement
INTEL_OWNER phase=replacement_parked vcpu_generation=390 owner_generation=390 owner=216482 vm_generation=1
INTEL_OWNER phase=vcpu_destroy_begin vcpu_generation=389 owner_generation=389 owner=216478 vm_generation=1
INTEL_OWNER phase=vcpu_destroy_end vcpu_generation=389 owner_generation=389 owner=216478 vm_generation=1
INTEL_OWNER phase=lease_release_end vcpu_generation=389 owner_generation=389 owner=216478 vm_generation=1
INTEL_OWNER phase=owner_join_begin vcpu_generation=389 owner_generation=389 owner=216478 vm_generation=1
INTEL_OWNER phase=owner_join_end vcpu_generation=389 owner_generation=389 owner=216478 vm_generation=1
INTEL_OWNER phase=owner_activate vcpu_generation=390 owner_generation=390 owner=216482 vm_generation=1
INTEL_OWNER phase=lease_acquire_end vcpu_generation=390 owner_generation=390 owner=216482 vm_generation=1
INTEL_OWNER phase=vcpu_create_begin vcpu_generation=390 owner_generation=390 owner=216482 vm_generation=1
INTEL_OWNER phase=vcpu_create_end vcpu_generation=390 owner_generation=390 owner=216482 vm_generation=1
[       OK ] HvfIntelProbe.InstructionOnly (16 ms)
[----------] 1 test from HvfIntelProbe (16 ms total)

[==========] 1 test from 1 test suite ran. (16 ms total)
[  PASSED  ] 1 test.

Repeating all tests (iteration 390) . . .

Note: Google Test filter = HvfIntelProbe.InstructionOnly
[==========] Running 1 test from 1 test suite.
[----------] 1 test from HvfIntelProbe
[ RUN      ] HvfIntelProbe.InstructionOnly
INTEL_PROBE phase=executor_initialization
INTEL_PROBE phase=executor_retained
INTEL_PROBE phase=startup_probe
INTEL_PROBE phase=ordinary_steps
INTEL_PROBE phase=instruction_retirement
INTEL_OWNER phase=replacement_parked vcpu_generation=391 owner_generation=391 owner=216488 vm_generation=1
INTEL_OWNER phase=vcpu_destroy_begin vcpu_generation=390 owner_generation=390 owner=216482 vm_generation=1
INTEL_OWNER phase=vcpu_destroy_end vcpu_generation=390 owner_generation=390 owner=216482 vm_generation=1
INTEL_OWNER phase=lease_release_end vcpu_generation=390 owner_generation=390 owner=216482 vm_generation=1
INTEL_OWNER phase=owner_join_begin vcpu_generation=390 owner_generation=390 owner=216482 vm_generation=1
INTEL_OWNER phase=owner_join_end vcpu_generation=390 owner_generation=390 owner=216482 vm_generation=1
INTEL_OWNER phase=owner_activate vcpu_generation=391 owner_generation=391 owner=216488 vm_generation=1
INTEL_OWNER phase=lease_acquire_end vcpu_generation=391 owner_generation=391 owner=216488 vm_generation=1
INTEL_OWNER phase=vcpu_create_begin vcpu_generation=391 owner_generation=391 owner=216488 vm_generation=1
INTEL_OWNER phase=vcpu_create_end vcpu_generation=391 owner_generation=391 owner=216488 vm_generation=1
[       OK ] HvfIntelProbe.InstructionOnly (20 ms)
[----------] 1 test from HvfIntelProbe (20 ms total)

[==========] 1 test from 1 test suite ran. (20 ms total)
[  PASSED  ] 1 test.

Repeating all tests (iteration 391) . . .

Note: Google Test filter = HvfIntelProbe.InstructionOnly
[==========] Running 1 test from 1 test suite.
[----------] 1 test from HvfIntelProbe
[ RUN      ] HvfIntelProbe.InstructionOnly
INTEL_PROBE phase=executor_initialization
INTEL_PROBE phase=executor_retained
INTEL_PROBE phase=startup_probe
INTEL_PROBE phase=ordinary_steps
INTEL_PROBE phase=instruction_retirement
INTEL_OWNER phase=replacement_parked vcpu_generation=392 owner_generation=392 owner=216494 vm_generation=1
INTEL_OWNER phase=vcpu_destroy_begin vcpu_generation=391 owner_generation=391 owner=216488 vm_generation=1
INTEL_OWNER phase=vcpu_destroy_end vcpu_generation=391 owner_generation=391 owner=216488 vm_generation=1
INTEL_OWNER phase=lease_release_end vcpu_generation=391 owner_generation=391 owner=216488 vm_generation=1
INTEL_OWNER phase=owner_join_begin vcpu_generation=391 owner_generation=391 owner=216488 vm_generation=1
INTEL_OWNER phase=owner_join_end vcpu_generation=391 owner_generation=391 owner=216488 vm_generation=1
INTEL_OWNER phase=owner_activate vcpu_generation=392 owner_generation=392 owner=216494 vm_generation=1
INTEL_OWNER phase=lease_acquire_end vcpu_generation=392 owner_generation=392 owner=216494 vm_generation=1
INTEL_OWNER phase=vcpu_create_begin vcpu_generation=392 owner_generation=392 owner=216494 vm_generation=1
INTEL_OWNER phase=vcpu_create_end vcpu_generation=392 owner_generation=392 owner=216494 vm_generation=1
[       OK ] HvfIntelProbe.InstructionOnly (21 ms)
[----------] 1 test from HvfIntelProbe (21 ms total)

[==========] 1 test from 1 test suite ran. (21 ms total)
[  PASSED  ] 1 test.

Repeating all tests (iteration 392) . . .

Note: Google Test filter = HvfIntelProbe.InstructionOnly
[==========] Running 1 test from 1 test suite.
[----------] 1 test from HvfIntelProbe
[ RUN      ] HvfIntelProbe.InstructionOnly
INTEL_PROBE phase=executor_initialization
INTEL_PROBE phase=executor_retained
INTEL_PROBE phase=startup_probe
INTEL_PROBE phase=ordinary_steps
INTEL_PROBE phase=instruction_retirement
INTEL_OWNER phase=replacement_parked vcpu_generation=393 owner_generation=393 owner=216499 vm_generation=1
INTEL_OWNER phase=vcpu_destroy_begin vcpu_generation=392 owner_generation=392 owner=216494 vm_generation=1
INTEL_OWNER phase=vcpu_destroy_end vcpu_generation=392 owner_generation=392 owner=216494 vm_generation=1
INTEL_OWNER phase=lease_release_end vcpu_generation=392 owner_generation=392 owner=216494 vm_generation=1
INTEL_OWNER phase=owner_join_begin vcpu_generation=392 owner_generation=392 owner=216494 vm_generation=1
INTEL_OWNER phase=owner_join_end vcpu_generation=392 owner_generation=392 owner=216494 vm_generation=1
INTEL_OWNER phase=owner_activate vcpu_generation=393 owner_generation=393 owner=216499 vm_generation=1
INTEL_OWNER phase=lease_acquire_end vcpu_generation=393 owner_generation=393 owner=216499 vm_generation=1
INTEL_OWNER phase=vcpu_create_begin vcpu_generation=393 owner_generation=393 owner=216499 vm_generation=1
INTEL_OWNER phase=vcpu_create_end vcpu_generation=393 owner_generation=393 owner=216499 vm_generation=1
[       OK ] HvfIntelProbe.InstructionOnly (21 ms)
[----------] 1 test from HvfIntelProbe (21 ms total)

[==========] 1 test from 1 test suite ran. (21 ms total)
[  PASSED  ] 1 test.

Repeating all tests (iteration 393) . . .

Note: Google Test filter = HvfIntelProbe.InstructionOnly
[==========] Running 1 test from 1 test suite.
[----------] 1 test from HvfIntelProbe
[ RUN      ] HvfIntelProbe.InstructionOnly
INTEL_PROBE phase=executor_initialization
INTEL_PROBE phase=executor_retained
INTEL_PROBE phase=startup_probe
INTEL_PROBE phase=ordinary_steps
INTEL_PROBE phase=instruction_retirement
INTEL_OWNER phase=replacement_parked vcpu_generation=394 owner_generation=394 owner=216505 vm_generation=1
INTEL_OWNER phase=vcpu_destroy_begin vcpu_generation=393 owner_generation=393 owner=216499 vm_generation=1
INTEL_OWNER phase=vcpu_destroy_end vcpu_generation=393 owner_generation=393 owner=216499 vm_generation=1
INTEL_OWNER phase=lease_release_end vcpu_generation=393 owner_generation=393 owner=216499 vm_generation=1
INTEL_OWNER phase=owner_join_begin vcpu_generation=393 owner_generation=393 owner=216499 vm_generation=1
INTEL_OWNER phase=owner_join_end vcpu_generation=393 owner_generation=393 owner=216499 vm_generation=1
INTEL_OWNER phase=owner_activate vcpu_generation=394 owner_generation=394 owner=216505 vm_generation=1
INTEL_OWNER phase=lease_acquire_end vcpu_generation=394 owner_generation=394 owner=216505 vm_generation=1
INTEL_OWNER phase=vcpu_create_begin vcpu_generation=394 owner_generation=394 owner=216505 vm_generation=1
INTEL_OWNER phase=vcpu_create_end vcpu_generation=394 owner_generation=394 owner=216505 vm_generation=1
[       OK ] HvfIntelProbe.InstructionOnly (20 ms)
[----------] 1 test from HvfIntelProbe (20 ms total)

[==========] 1 test from 1 test suite ran. (20 ms total)
[  PASSED  ] 1 test.

Repeating all tests (iteration 394) . . .

Note: Google Test filter = HvfIntelProbe.InstructionOnly
[==========] Running 1 test from 1 test suite.
[----------] 1 test from HvfIntelProbe
[ RUN      ] HvfIntelProbe.InstructionOnly
INTEL_PROBE phase=executor_initialization
INTEL_PROBE phase=executor_retained
INTEL_PROBE phase=startup_probe
INTEL_PROBE phase=ordinary_steps
INTEL_PROBE phase=instruction_retirement
INTEL_OWNER phase=replacement_parked vcpu_generation=395 owner_generation=395 owner=216510 vm_generation=1
INTEL_OWNER phase=vcpu_destroy_begin vcpu_generation=394 owner_generation=394 owner=216505 vm_generation=1
INTEL_OWNER phase=vcpu_destroy_end vcpu_generation=394 owner_generation=394 owner=216505 vm_generation=1
INTEL_OWNER phase=lease_release_end vcpu_generation=394 owner_generation=394 owner=216505 vm_generation=1
INTEL_OWNER phase=owner_join_begin vcpu_generation=394 owner_generation=394 owner=216505 vm_generation=1
INTEL_OWNER phase=owner_join_end vcpu_generation=394 owner_generation=394 owner=216505 vm_generation=1
INTEL_OWNER phase=owner_activate vcpu_generation=395 owner_generation=395 owner=216510 vm_generation=1
INTEL_OWNER phase=lease_acquire_end vcpu_generation=395 owner_generation=395 owner=216510 vm_generation=1
INTEL_OWNER phase=vcpu_create_begin vcpu_generation=395 owner_generation=395 owner=216510 vm_generation=1
INTEL_OWNER phase=vcpu_create_end vcpu_generation=395 owner_generation=395 owner=216510 vm_generation=1
[       OK ] HvfIntelProbe.InstructionOnly (22 ms)
[----------] 1 test from HvfIntelProbe (22 ms total)

[==========] 1 test from 1 test suite ran. (22 ms total)
[  PASSED  ] 1 test.

Repeating all tests (iteration 395) . . .

Note: Google Test filter = HvfIntelProbe.InstructionOnly
[==========] Running 1 test from 1 test suite.
[----------] 1 test from HvfIntelProbe
[ RUN      ] HvfIntelProbe.InstructionOnly
INTEL_PROBE phase=executor_initialization
INTEL_PROBE phase=executor_retained
INTEL_PROBE phase=startup_probe
INTEL_PROBE phase=ordinary_steps
INTEL_PROBE phase=instruction_retirement
INTEL_OWNER phase=replacement_parked vcpu_generation=396 owner_generation=396 owner=216515 vm_generation=1
INTEL_OWNER phase=vcpu_destroy_begin vcpu_generation=395 owner_generation=395 owner=216510 vm_generation=1
INTEL_OWNER phase=vcpu_destroy_end vcpu_generation=395 owner_generation=395 owner=216510 vm_generation=1
INTEL_OWNER phase=lease_release_end vcpu_generation=395 owner_generation=395 owner=216510 vm_generation=1
INTEL_OWNER phase=owner_join_begin vcpu_generation=395 owner_generation=395 owner=216510 vm_generation=1
INTEL_OWNER phase=owner_join_end vcpu_generation=395 owner_generation=395 owner=216510 vm_generation=1
INTEL_OWNER phase=owner_activate vcpu_generation=396 owner_generation=396 owner=216515 vm_generation=1
INTEL_OWNER phase=lease_acquire_end vcpu_generation=396 owner_generation=396 owner=216515 vm_generation=1
INTEL_OWNER phase=vcpu_create_begin vcpu_generation=396 owner_generation=396 owner=216515 vm_generation=1
INTEL_OWNER phase=vcpu_create_end vcpu_generation=396 owner_generation=396 owner=216515 vm_generation=1
[       OK ] HvfIntelProbe.InstructionOnly (23 ms)
[----------] 1 test from HvfIntelProbe (23 ms total)

[==========] 1 test from 1 test suite ran. (23 ms total)
[  PASSED  ] 1 test.

Repeating all tests (iteration 396) . . .

Note: Google Test filter = HvfIntelProbe.InstructionOnly
[==========] Running 1 test from 1 test suite.
[----------] 1 test from HvfIntelProbe
[ RUN      ] HvfIntelProbe.InstructionOnly
INTEL_PROBE phase=executor_initialization
INTEL_PROBE phase=executor_retained
INTEL_PROBE phase=startup_probe
INTEL_PROBE phase=ordinary_steps
INTEL_PROBE phase=instruction_retirement
INTEL_OWNER phase=replacement_parked vcpu_generation=397 owner_generation=397 owner=216522 vm_generation=1
INTEL_OWNER phase=vcpu_destroy_begin vcpu_generation=396 owner_generation=396 owner=216515 vm_generation=1
INTEL_OWNER phase=vcpu_destroy_end vcpu_generation=396 owner_generation=396 owner=216515 vm_generation=1
INTEL_OWNER phase=lease_release_end vcpu_generation=396 owner_generation=396 owner=216515 vm_generation=1
INTEL_OWNER phase=owner_join_begin vcpu_generation=396 owner_generation=396 owner=216515 vm_generation=1
INTEL_OWNER phase=owner_join_end vcpu_generation=396 owner_generation=396 owner=216515 vm_generation=1
INTEL_OWNER phase=owner_activate vcpu_generation=397 owner_generation=397 owner=216522 vm_generation=1
INTEL_OWNER phase=lease_acquire_end vcpu_generation=397 owner_generation=397 owner=216522 vm_generation=1
INTEL_OWNER phase=vcpu_create_begin vcpu_generation=397 owner_generation=397 owner=216522 vm_generation=1
INTEL_OWNER phase=vcpu_create_end vcpu_generation=397 owner_generation=397 owner=216522 vm_generation=1
[       OK ] HvfIntelProbe.InstructionOnly (22 ms)
[----------] 1 test from HvfIntelProbe (22 ms total)

[==========] 1 test from 1 test suite ran. (22 ms total)
[  PASSED  ] 1 test.

Repeating all tests (iteration 397) . . .

Note: Google Test filter = HvfIntelProbe.InstructionOnly
[==========] Running 1 test from 1 test suite.
[----------] 1 test from HvfIntelProbe
[ RUN      ] HvfIntelProbe.InstructionOnly
INTEL_PROBE phase=executor_initialization
INTEL_PROBE phase=executor_retained
INTEL_PROBE phase=startup_probe
INTEL_PROBE phase=ordinary_steps
INTEL_PROBE phase=instruction_retirement
INTEL_OWNER phase=replacement_parked vcpu_generation=398 owner_generation=398 owner=216526 vm_generation=1
INTEL_OWNER phase=vcpu_destroy_begin vcpu_generation=397 owner_generation=397 owner=216522 vm_generation=1
INTEL_OWNER phase=vcpu_destroy_end vcpu_generation=397 owner_generation=397 owner=216522 vm_generation=1
INTEL_OWNER phase=lease_release_end vcpu_generation=397 owner_generation=397 owner=216522 vm_generation=1
INTEL_OWNER phase=owner_join_begin vcpu_generation=397 owner_generation=397 owner=216522 vm_generation=1
INTEL_OWNER phase=owner_join_end vcpu_generation=397 owner_generation=397 owner=216522 vm_generation=1
INTEL_OWNER phase=owner_activate vcpu_generation=398 owner_generation=398 owner=216526 vm_generation=1
INTEL_OWNER phase=lease_acquire_end vcpu_generation=398 owner_generation=398 owner=216526 vm_generation=1
INTEL_OWNER phase=vcpu_create_begin vcpu_generation=398 owner_generation=398 owner=216526 vm_generation=1
INTEL_OWNER phase=vcpu_create_end vcpu_generation=398 owner_generation=398 owner=216526 vm_generation=1
[       OK ] HvfIntelProbe.InstructionOnly (20 ms)
[----------] 1 test from HvfIntelProbe (20 ms total)

[==========] 1 test from 1 test suite ran. (20 ms total)
[  PASSED  ] 1 test.

Repeating all tests (iteration 398) . . .

Note: Google Test filter = HvfIntelProbe.InstructionOnly
[==========] Running 1 test from 1 test suite.
[----------] 1 test from HvfIntelProbe
[ RUN      ] HvfIntelProbe.InstructionOnly
INTEL_PROBE phase=executor_initialization
INTEL_PROBE phase=executor_retained
INTEL_PROBE phase=startup_probe
INTEL_PROBE phase=ordinary_steps
INTEL_PROBE phase=instruction_retirement
INTEL_OWNER phase=replacement_parked vcpu_generation=399 owner_generation=399 owner=216530 vm_generation=1
INTEL_OWNER phase=vcpu_destroy_begin vcpu_generation=398 owner_generation=398 owner=216526 vm_generation=1
INTEL_OWNER phase=vcpu_destroy_end vcpu_generation=398 owner_generation=398 owner=216526 vm_generation=1
INTEL_OWNER phase=lease_release_end vcpu_generation=398 owner_generation=398 owner=216526 vm_generation=1
INTEL_OWNER phase=owner_join_begin vcpu_generation=398 owner_generation=398 owner=216526 vm_generation=1
INTEL_OWNER phase=owner_join_end vcpu_generation=398 owner_generation=398 owner=216526 vm_generation=1
INTEL_OWNER phase=owner_activate vcpu_generation=399 owner_generation=399 owner=216530 vm_generation=1
INTEL_OWNER phase=lease_acquire_end vcpu_generation=399 owner_generation=399 owner=216530 vm_generation=1
INTEL_OWNER phase=vcpu_create_begin vcpu_generation=399 owner_generation=399 owner=216530 vm_generation=1
INTEL_OWNER phase=vcpu_create_end vcpu_generation=399 owner_generation=399 owner=216530 vm_generation=1
[       OK ] HvfIntelProbe.InstructionOnly (20 ms)
[----------] 1 test from HvfIntelProbe (20 ms total)

[==========] 1 test from 1 test suite ran. (20 ms total)
[  PASSED  ] 1 test.

Repeating all tests (iteration 399) . . .

Note: Google Test filter = HvfIntelProbe.InstructionOnly
[==========] Running 1 test from 1 test suite.
[----------] 1 test from HvfIntelProbe
[ RUN      ] HvfIntelProbe.InstructionOnly
INTEL_PROBE phase=executor_initialization
INTEL_PROBE phase=executor_retained
INTEL_PROBE phase=startup_probe
INTEL_PROBE phase=ordinary_steps
INTEL_PROBE phase=instruction_retirement
INTEL_OWNER phase=replacement_parked vcpu_generation=400 owner_generation=400 owner=216540 vm_generation=1
INTEL_OWNER phase=vcpu_destroy_begin vcpu_generation=399 owner_generation=399 owner=216530 vm_generation=1
INTEL_OWNER phase=vcpu_destroy_end vcpu_generation=399 owner_generation=399 owner=216530 vm_generation=1
INTEL_OWNER phase=lease_release_end vcpu_generation=399 owner_generation=399 owner=216530 vm_generation=1
INTEL_OWNER phase=owner_join_begin vcpu_generation=399 owner_generation=399 owner=216530 vm_generation=1
INTEL_OWNER phase=owner_join_end vcpu_generation=399 owner_generation=399 owner=216530 vm_generation=1
INTEL_OWNER phase=owner_activate vcpu_generation=400 owner_generation=400 owner=216540 vm_generation=1
INTEL_OWNER phase=lease_acquire_end vcpu_generation=400 owner_generation=400 owner=216540 vm_generation=1
INTEL_OWNER phase=vcpu_create_begin vcpu_generation=400 owner_generation=400 owner=216540 vm_generation=1
INTEL_OWNER phase=vcpu_create_end vcpu_generation=400 owner_generation=400 owner=216540 vm_generation=1
[       OK ] HvfIntelProbe.InstructionOnly (20 ms)
[----------] 1 test from HvfIntelProbe (20 ms total)

[==========] 1 test from 1 test suite ran. (20 ms total)
[  PASSED  ] 1 test.

Repeating all tests (iteration 400) . . .

Note: Google Test filter = HvfIntelProbe.InstructionOnly
[==========] Running 1 test from 1 test suite.
[----------] 1 test from HvfIntelProbe
[ RUN      ] HvfIntelProbe.InstructionOnly
INTEL_PROBE phase=executor_initialization
INTEL_PROBE phase=executor_retained
INTEL_PROBE phase=startup_probe
INTEL_PROBE phase=ordinary_steps
INTEL_PROBE phase=instruction_retirement
INTEL_OWNER phase=replacement_parked vcpu_generation=401 owner_generation=401 owner=216548 vm_generation=1
INTEL_OWNER phase=vcpu_destroy_begin vcpu_generation=400 owner_generation=400 owner=216540 vm_generation=1
INTEL_OWNER phase=vcpu_destroy_end vcpu_generation=400 owner_generation=400 owner=216540 vm_generation=1
INTEL_OWNER phase=lease_release_end vcpu_generation=400 owner_generation=400 owner=216540 vm_generation=1
INTEL_OWNER phase=owner_join_begin vcpu_generation=400 owner_generation=400 owner=216540 vm_generation=1
INTEL_OWNER phase=owner_join_end vcpu_generation=400 owner_generation=400 owner=216540 vm_generation=1
INTEL_OWNER phase=owner_activate vcpu_generation=401 owner_generation=401 owner=216548 vm_generation=1
INTEL_OWNER phase=lease_acquire_end vcpu_generation=401 owner_generation=401 owner=216548 vm_generation=1
INTEL_OWNER phase=vcpu_create_begin vcpu_generation=401 owner_generation=401 owner=216548 vm_generation=1
INTEL_OWNER phase=vcpu_create_end vcpu_generation=401 owner_generation=401 owner=216548 vm_generation=1
[       OK ] HvfIntelProbe.InstructionOnly (19 ms)
[----------] 1 test from HvfIntelProbe (19 ms total)

[==========] 1 test from 1 test suite ran. (19 ms total)
[  PASSED  ] 1 test.

Repeating all tests (iteration 401) . . .

Note: Google Test filter = HvfIntelProbe.InstructionOnly
[==========] Running 1 test from 1 test suite.
[----------] 1 test from HvfIntelProbe
[ RUN      ] HvfIntelProbe.InstructionOnly
INTEL_PROBE phase=executor_initialization
INTEL_PROBE phase=executor_retained
INTEL_PROBE phase=startup_probe
INTEL_PROBE phase=ordinary_steps
INTEL_PROBE phase=instruction_retirement
INTEL_OWNER phase=replacement_parked vcpu_generation=402 owner_generation=402 owner=216554 vm_generation=1
INTEL_OWNER phase=vcpu_destroy_begin vcpu_generation=401 owner_generation=401 owner=216548 vm_generation=1
INTEL_OWNER phase=vcpu_destroy_end vcpu_generation=401 owner_generation=401 owner=216548 vm_generation=1
INTEL_OWNER phase=lease_release_end vcpu_generation=401 owner_generation=401 owner=216548 vm_generation=1
INTEL_OWNER phase=owner_join_begin vcpu_generation=401 owner_generation=401 owner=216548 vm_generation=1
INTEL_OWNER phase=owner_join_end vcpu_generation=401 owner_generation=401 owner=216548 vm_generation=1
INTEL_OWNER phase=owner_activate vcpu_generation=402 owner_generation=402 owner=216554 vm_generation=1
INTEL_OWNER phase=lease_acquire_end vcpu_generation=402 owner_generation=402 owner=216554 vm_generation=1
INTEL_OWNER phase=vcpu_create_begin vcpu_generation=402 owner_generation=402 owner=216554 vm_generation=1
INTEL_OWNER phase=vcpu_create_end vcpu_generation=402 owner_generation=402 owner=216554 vm_generation=1
[       OK ] HvfIntelProbe.InstructionOnly (16 ms)
[----------] 1 test from HvfIntelProbe (16 ms total)

[==========] 1 test from 1 test suite ran. (16 ms total)
[  PASSED  ] 1 test.

Repeating all tests (iteration 402) . . .

Note: Google Test filter = HvfIntelProbe.InstructionOnly
[==========] Running 1 test from 1 test suite.
[----------] 1 test from HvfIntelProbe
[ RUN      ] HvfIntelProbe.InstructionOnly
INTEL_PROBE phase=executor_initialization
INTEL_PROBE phase=executor_retained
INTEL_PROBE phase=startup_probe
INTEL_PROBE phase=ordinary_steps
INTEL_PROBE phase=instruction_retirement
INTEL_OWNER phase=replacement_parked vcpu_generation=403 owner_generation=403 owner=216560 vm_generation=1
INTEL_OWNER phase=vcpu_destroy_begin vcpu_generation=402 owner_generation=402 owner=216554 vm_generation=1
INTEL_OWNER phase=vcpu_destroy_end vcpu_generation=402 owner_generation=402 owner=216554 vm_generation=1
INTEL_OWNER phase=lease_release_end vcpu_generation=402 owner_generation=402 owner=216554 vm_generation=1
INTEL_OWNER phase=owner_join_begin vcpu_generation=402 owner_generation=402 owner=216554 vm_generation=1
INTEL_OWNER phase=owner_join_end vcpu_generation=402 owner_generation=402 owner=216554 vm_generation=1
INTEL_OWNER phase=owner_activate vcpu_generation=403 owner_generation=403 owner=216560 vm_generation=1
INTEL_OWNER phase=lease_acquire_end vcpu_generation=403 owner_generation=403 owner=216560 vm_generation=1
INTEL_OWNER phase=vcpu_create_begin vcpu_generation=403 owner_generation=403 owner=216560 vm_generation=1
INTEL_OWNER phase=vcpu_create_end vcpu_generation=403 owner_generation=403 owner=216560 vm_generation=1
[       OK ] HvfIntelProbe.InstructionOnly (20 ms)
[----------] 1 test from HvfIntelProbe (20 ms total)

[==========] 1 test from 1 test suite ran. (20 ms total)
[  PASSED  ] 1 test.

Repeating all tests (iteration 403) . . .

Note: Google Test filter = HvfIntelProbe.InstructionOnly
[==========] Running 1 test from 1 test suite.
[----------] 1 test from HvfIntelProbe
[ RUN      ] HvfIntelProbe.InstructionOnly
INTEL_PROBE phase=executor_initialization
INTEL_PROBE phase=executor_retained
INTEL_PROBE phase=startup_probe
INTEL_PROBE phase=ordinary_steps
INTEL_PROBE phase=instruction_retirement
INTEL_OWNER phase=replacement_parked vcpu_generation=404 owner_generation=404 owner=216565 vm_generation=1
INTEL_OWNER phase=vcpu_destroy_begin vcpu_generation=403 owner_generation=403 owner=216560 vm_generation=1
INTEL_OWNER phase=vcpu_destroy_end vcpu_generation=403 owner_generation=403 owner=216560 vm_generation=1
INTEL_OWNER phase=lease_release_end vcpu_generation=403 owner_generation=403 owner=216560 vm_generation=1
INTEL_OWNER phase=owner_join_begin vcpu_generation=403 owner_generation=403 owner=216560 vm_generation=1
INTEL_OWNER phase=owner_join_end vcpu_generation=403 owner_generation=403 owner=216560 vm_generation=1
INTEL_OWNER phase=owner_activate vcpu_generation=404 owner_generation=404 owner=216565 vm_generation=1
INTEL_OWNER phase=lease_acquire_end vcpu_generation=404 owner_generation=404 owner=216565 vm_generation=1
INTEL_OWNER phase=vcpu_create_begin vcpu_generation=404 owner_generation=404 owner=216565 vm_generation=1
INTEL_OWNER phase=vcpu_create_end vcpu_generation=404 owner_generation=404 owner=216565 vm_generation=1
[       OK ] HvfIntelProbe.InstructionOnly (26 ms)
[----------] 1 test from HvfIntelProbe (26 ms total)

[==========] 1 test from 1 test suite ran. (26 ms total)
[  PASSED  ] 1 test.

Repeating all tests (iteration 404) . . .

Note: Google Test filter = HvfIntelProbe.InstructionOnly
[==========] Running 1 test from 1 test suite.
[----------] 1 test from HvfIntelProbe
[ RUN      ] HvfIntelProbe.InstructionOnly
INTEL_PROBE phase=executor_initialization
INTEL_PROBE phase=executor_retained
INTEL_PROBE phase=startup_probe
INTEL_PROBE phase=ordinary_steps
INTEL_PROBE phase=instruction_retirement
INTEL_OWNER phase=replacement_parked vcpu_generation=405 owner_generation=405 owner=216570 vm_generation=1
INTEL_OWNER phase=vcpu_destroy_begin vcpu_generation=404 owner_generation=404 owner=216565 vm_generation=1
INTEL_OWNER phase=vcpu_destroy_end vcpu_generation=404 owner_generation=404 owner=216565 vm_generation=1
INTEL_OWNER phase=lease_release_end vcpu_generation=404 owner_generation=404 owner=216565 vm_generation=1
INTEL_OWNER phase=owner_join_begin vcpu_generation=404 owner_generation=404 owner=216565 vm_generation=1
INTEL_OWNER phase=owner_join_end vcpu_generation=404 owner_generation=404 owner=216565 vm_generation=1
INTEL_OWNER phase=owner_activate vcpu_generation=405 owner_generation=405 owner=216570 vm_generation=1
INTEL_OWNER phase=lease_acquire_end vcpu_generation=405 owner_generation=405 owner=216570 vm_generation=1
INTEL_OWNER phase=vcpu_create_begin vcpu_generation=405 owner_generation=405 owner=216570 vm_generation=1
INTEL_OWNER phase=vcpu_create_end vcpu_generation=405 owner_generation=405 owner=216570 vm_generation=1
[       OK ] HvfIntelProbe.InstructionOnly (21 ms)
[----------] 1 test from HvfIntelProbe (21 ms total)

[==========] 1 test from 1 test suite ran. (22 ms total)
[  PASSED  ] 1 test.

Repeating all tests (iteration 405) . . .

Note: Google Test filter = HvfIntelProbe.InstructionOnly
[==========] Running 1 test from 1 test suite.
[----------] 1 test from HvfIntelProbe
[ RUN      ] HvfIntelProbe.InstructionOnly
INTEL_PROBE phase=executor_initialization
INTEL_PROBE phase=executor_retained
INTEL_PROBE phase=startup_probe
INTEL_PROBE phase=ordinary_steps
INTEL_PROBE phase=instruction_retirement
INTEL_OWNER phase=replacement_parked vcpu_generation=406 owner_generation=406 owner=216575 vm_generation=1
INTEL_OWNER phase=vcpu_destroy_begin vcpu_generation=405 owner_generation=405 owner=216570 vm_generation=1
INTEL_OWNER phase=vcpu_destroy_end vcpu_generation=405 owner_generation=405 owner=216570 vm_generation=1
INTEL_OWNER phase=lease_release_end vcpu_generation=405 owner_generation=405 owner=216570 vm_generation=1
INTEL_OWNER phase=owner_join_begin vcpu_generation=405 owner_generation=405 owner=216570 vm_generation=1
INTEL_OWNER phase=owner_join_end vcpu_generation=405 owner_generation=405 owner=216570 vm_generation=1
INTEL_OWNER phase=owner_activate vcpu_generation=406 owner_generation=406 owner=216575 vm_generation=1
INTEL_OWNER phase=lease_acquire_end vcpu_generation=406 owner_generation=406 owner=216575 vm_generation=1
INTEL_OWNER phase=vcpu_create_begin vcpu_generation=406 owner_generation=406 owner=216575 vm_generation=1
INTEL_OWNER phase=vcpu_create_end vcpu_generation=406 owner_generation=406 owner=216575 vm_generation=1
[       OK ] HvfIntelProbe.InstructionOnly (20 ms)
[----------] 1 test from HvfIntelProbe (20 ms total)

[==========] 1 test from 1 test suite ran. (20 ms total)
[  PASSED  ] 1 test.

Repeating all tests (iteration 406) . . .

Note: Google Test filter = HvfIntelProbe.InstructionOnly
[==========] Running 1 test from 1 test suite.
[----------] 1 test from HvfIntelProbe
[ RUN      ] HvfIntelProbe.InstructionOnly
INTEL_PROBE phase=executor_initialization
INTEL_PROBE phase=executor_retained
INTEL_PROBE phase=startup_probe
INTEL_PROBE phase=ordinary_steps
INTEL_PROBE phase=instruction_retirement
INTEL_OWNER phase=replacement_parked vcpu_generation=407 owner_generation=407 owner=216581 vm_generation=1
INTEL_OWNER phase=vcpu_destroy_begin vcpu_generation=406 owner_generation=406 owner=216575 vm_generation=1
INTEL_OWNER phase=vcpu_destroy_end vcpu_generation=406 owner_generation=406 owner=216575 vm_generation=1
INTEL_OWNER phase=lease_release_end vcpu_generation=406 owner_generation=406 owner=216575 vm_generation=1
INTEL_OWNER phase=owner_join_begin vcpu_generation=406 owner_generation=406 owner=216575 vm_generation=1
INTEL_OWNER phase=owner_join_end vcpu_generation=406 owner_generation=406 owner=216575 vm_generation=1
INTEL_OWNER phase=owner_activate vcpu_generation=407 owner_generation=407 owner=216581 vm_generation=1
INTEL_OWNER phase=lease_acquire_end vcpu_generation=407 owner_generation=407 owner=216581 vm_generation=1
INTEL_OWNER phase=vcpu_create_begin vcpu_generation=407 owner_generation=407 owner=216581 vm_generation=1
INTEL_OWNER phase=vcpu_create_end vcpu_generation=407 owner_generation=407 owner=216581 vm_generation=1
[       OK ] HvfIntelProbe.InstructionOnly (24 ms)
[----------] 1 test from HvfIntelProbe (24 ms total)

[==========] 1 test from 1 test suite ran. (24 ms total)
[  PASSED  ] 1 test.

Repeating all tests (iteration 407) . . .

Note: Google Test filter = HvfIntelProbe.InstructionOnly
[==========] Running 1 test from 1 test suite.
[----------] 1 test from HvfIntelProbe
[ RUN      ] HvfIntelProbe.InstructionOnly
INTEL_PROBE phase=executor_initialization
INTEL_PROBE phase=executor_retained
INTEL_PROBE phase=startup_probe
INTEL_PROBE phase=ordinary_steps
INTEL_PROBE phase=instruction_retirement
INTEL_OWNER phase=replacement_parked vcpu_generation=408 owner_generation=408 owner=216586 vm_generation=1
INTEL_OWNER phase=vcpu_destroy_begin vcpu_generation=407 owner_generation=407 owner=216581 vm_generation=1
INTEL_OWNER phase=vcpu_destroy_end vcpu_generation=407 owner_generation=407 owner=216581 vm_generation=1
INTEL_OWNER phase=lease_release_end vcpu_generation=407 owner_generation=407 owner=216581 vm_generation=1
INTEL_OWNER phase=owner_join_begin vcpu_generation=407 owner_generation=407 owner=216581 vm_generation=1
INTEL_OWNER phase=owner_join_end vcpu_generation=407 owner_generation=407 owner=216581 vm_generation=1
INTEL_OWNER phase=owner_activate vcpu_generation=408 owner_generation=408 owner=216586 vm_generation=1
INTEL_OWNER phase=lease_acquire_end vcpu_generation=408 owner_generation=408 owner=216586 vm_generation=1
INTEL_OWNER phase=vcpu_create_begin vcpu_generation=408 owner_generation=408 owner=216586 vm_generation=1
INTEL_OWNER phase=vcpu_create_end vcpu_generation=408 owner_generation=408 owner=216586 vm_generation=1
[       OK ] HvfIntelProbe.InstructionOnly (21 ms)
[----------] 1 test from HvfIntelProbe (21 ms total)

[==========] 1 test from 1 test suite ran. (21 ms total)
[  PASSED  ] 1 test.

Repeating all tests (iteration 408) . . .

Note: Google Test filter = HvfIntelProbe.InstructionOnly
[==========] Running 1 test from 1 test suite.
[----------] 1 test from HvfIntelProbe
[ RUN      ] HvfIntelProbe.InstructionOnly
INTEL_PROBE phase=executor_initialization
INTEL_PROBE phase=executor_retained
INTEL_PROBE phase=startup_probe
INTEL_PROBE phase=ordinary_steps
INTEL_PROBE phase=instruction_retirement
INTEL_OWNER phase=replacement_parked vcpu_generation=409 owner_generation=409 owner=216593 vm_generation=1
INTEL_OWNER phase=vcpu_destroy_begin vcpu_generation=408 owner_generation=408 owner=216586 vm_generation=1
INTEL_OWNER phase=vcpu_destroy_end vcpu_generation=408 owner_generation=408 owner=216586 vm_generation=1
INTEL_OWNER phase=lease_release_end vcpu_generation=408 owner_generation=408 owner=216586 vm_generation=1
INTEL_OWNER phase=owner_join_begin vcpu_generation=408 owner_generation=408 owner=216586 vm_generation=1
INTEL_OWNER phase=owner_join_end vcpu_generation=408 owner_generation=408 owner=216586 vm_generation=1
INTEL_OWNER phase=owner_activate vcpu_generation=409 owner_generation=409 owner=216593 vm_generation=1
INTEL_OWNER phase=lease_acquire_end vcpu_generation=409 owner_generation=409 owner=216593 vm_generation=1
INTEL_OWNER phase=vcpu_create_begin vcpu_generation=409 owner_generation=409 owner=216593 vm_generation=1
INTEL_OWNER phase=vcpu_create_end vcpu_generation=409 owner_generation=409 owner=216593 vm_generation=1
[       OK ] HvfIntelProbe.InstructionOnly (36 ms)
[----------] 1 test from HvfIntelProbe (37 ms total)

[==========] 1 test from 1 test suite ran. (37 ms total)
[  PASSED  ] 1 test.

Repeating all tests (iteration 409) . . .

Note: Google Test filter = HvfIntelProbe.InstructionOnly
[==========] Running 1 test from 1 test suite.
[----------] 1 test from HvfIntelProbe
[ RUN      ] HvfIntelProbe.InstructionOnly
INTEL_PROBE phase=executor_initialization
INTEL_PROBE phase=executor_retained
INTEL_PROBE phase=startup_probe
INTEL_PROBE phase=ordinary_steps
INTEL_PROBE phase=instruction_retirement
INTEL_OWNER phase=replacement_parked vcpu_generation=410 owner_generation=410 owner=216600 vm_generation=1
INTEL_OWNER phase=vcpu_destroy_begin vcpu_generation=409 owner_generation=409 owner=216593 vm_generation=1
INTEL_OWNER phase=vcpu_destroy_end vcpu_generation=409 owner_generation=409 owner=216593 vm_generation=1
INTEL_OWNER phase=lease_release_end vcpu_generation=409 owner_generation=409 owner=216593 vm_generation=1
INTEL_OWNER phase=owner_join_begin vcpu_generation=409 owner_generation=409 owner=216593 vm_generation=1
INTEL_OWNER phase=owner_join_end vcpu_generation=409 owner_generation=409 owner=216593 vm_generation=1
INTEL_OWNER phase=owner_activate vcpu_generation=410 owner_generation=410 owner=216600 vm_generation=1
INTEL_OWNER phase=lease_acquire_end vcpu_generation=410 owner_generation=410 owner=216600 vm_generation=1
INTEL_OWNER phase=vcpu_create_begin vcpu_generation=410 owner_generation=410 owner=216600 vm_generation=1
INTEL_OWNER phase=vcpu_create_end vcpu_generation=410 owner_generation=410 owner=216600 vm_generation=1
[       OK ] HvfIntelProbe.InstructionOnly (26 ms)
[----------] 1 test from HvfIntelProbe (26 ms total)

[==========] 1 test from 1 test suite ran. (27 ms total)
[  PASSED  ] 1 test.

Repeating all tests (iteration 410) . . .

Note: Google Test filter = HvfIntelProbe.InstructionOnly
[==========] Running 1 test from 1 test suite.
[----------] 1 test from HvfIntelProbe
[ RUN      ] HvfIntelProbe.InstructionOnly
INTEL_PROBE phase=executor_initialization
INTEL_PROBE phase=executor_retained
INTEL_PROBE phase=startup_probe
INTEL_PROBE phase=ordinary_steps
INTEL_PROBE phase=instruction_retirement
INTEL_OWNER phase=replacement_parked vcpu_generation=411 owner_generation=411 owner=216607 vm_generation=1
INTEL_OWNER phase=vcpu_destroy_begin vcpu_generation=410 owner_generation=410 owner=216600 vm_generation=1
INTEL_OWNER phase=vcpu_destroy_end vcpu_generation=410 owner_generation=410 owner=216600 vm_generation=1
INTEL_OWNER phase=lease_release_end vcpu_generation=410 owner_generation=410 owner=216600 vm_generation=1
INTEL_OWNER phase=owner_join_begin vcpu_generation=410 owner_generation=410 owner=216600 vm_generation=1
INTEL_OWNER phase=owner_join_end vcpu_generation=410 owner_generation=410 owner=216600 vm_generation=1
INTEL_OWNER phase=owner_activate vcpu_generation=411 owner_generation=411 owner=216607 vm_generation=1
INTEL_OWNER phase=lease_acquire_end vcpu_generation=411 owner_generation=411 owner=216607 vm_generation=1
INTEL_OWNER phase=vcpu_create_begin vcpu_generation=411 owner_generation=411 owner=216607 vm_generation=1
INTEL_OWNER phase=vcpu_create_end vcpu_generation=411 owner_generation=411 owner=216607 vm_generation=1
[       OK ] HvfIntelProbe.InstructionOnly (32 ms)
[----------] 1 test from HvfIntelProbe (33 ms total)

[==========] 1 test from 1 test suite ran. (33 ms total)
[  PASSED  ] 1 test.

Repeating all tests (iteration 411) . . .

Note: Google Test filter = HvfIntelProbe.InstructionOnly
[==========] Running 1 test from 1 test suite.
[----------] 1 test from HvfIntelProbe
[ RUN      ] HvfIntelProbe.InstructionOnly
INTEL_PROBE phase=executor_initialization
INTEL_PROBE phase=executor_retained
INTEL_PROBE phase=startup_probe
INTEL_PROBE phase=ordinary_steps
INTEL_PROBE phase=instruction_retirement
INTEL_OWNER phase=replacement_parked vcpu_generation=412 owner_generation=412 owner=216612 vm_generation=1
INTEL_OWNER phase=vcpu_destroy_begin vcpu_generation=411 owner_generation=411 owner=216607 vm_generation=1
INTEL_OWNER phase=vcpu_destroy_end vcpu_generation=411 owner_generation=411 owner=216607 vm_generation=1
INTEL_OWNER phase=lease_release_end vcpu_generation=411 owner_generation=411 owner=216607 vm_generation=1
INTEL_OWNER phase=owner_join_begin vcpu_generation=411 owner_generation=411 owner=216607 vm_generation=1
INTEL_OWNER phase=owner_join_end vcpu_generation=411 owner_generation=411 owner=216607 vm_generation=1
INTEL_OWNER phase=owner_activate vcpu_generation=412 owner_generation=412 owner=216612 vm_generation=1
INTEL_OWNER phase=lease_acquire_end vcpu_generation=412 owner_generation=412 owner=216612 vm_generation=1
INTEL_OWNER phase=vcpu_create_begin vcpu_generation=412 owner_generation=412 owner=216612 vm_generation=1
INTEL_OWNER phase=vcpu_create_end vcpu_generation=412 owner_generation=412 owner=216612 vm_generation=1
[       OK ] HvfIntelProbe.InstructionOnly (18 ms)
[----------] 1 test from HvfIntelProbe (18 ms total)

[==========] 1 test from 1 test suite ran. (18 ms total)
[  PASSED  ] 1 test.

Repeating all tests (iteration 412) . . .

Note: Google Test filter = HvfIntelProbe.InstructionOnly
[==========] Running 1 test from 1 test suite.
[----------] 1 test from HvfIntelProbe
[ RUN      ] HvfIntelProbe.InstructionOnly
INTEL_PROBE phase=executor_initialization
INTEL_PROBE phase=executor_retained
INTEL_PROBE phase=startup_probe
INTEL_PROBE phase=ordinary_steps
INTEL_PROBE phase=instruction_retirement
INTEL_OWNER phase=replacement_parked vcpu_generation=413 owner_generation=413 owner=216617 vm_generation=1
INTEL_OWNER phase=vcpu_destroy_begin vcpu_generation=412 owner_generation=412 owner=216612 vm_generation=1
INTEL_OWNER phase=vcpu_destroy_end vcpu_generation=412 owner_generation=412 owner=216612 vm_generation=1
INTEL_OWNER phase=lease_release_end vcpu_generation=412 owner_generation=412 owner=216612 vm_generation=1
INTEL_OWNER phase=owner_join_begin vcpu_generation=412 owner_generation=412 owner=216612 vm_generation=1
INTEL_OWNER phase=owner_join_end vcpu_generation=412 owner_generation=412 owner=216612 vm_generation=1
INTEL_OWNER phase=owner_activate vcpu_generation=413 owner_generation=413 owner=216617 vm_generation=1
INTEL_OWNER phase=lease_acquire_end vcpu_generation=413 owner_generation=413 owner=216617 vm_generation=1
INTEL_OWNER phase=vcpu_create_begin vcpu_generation=413 owner_generation=413 owner=216617 vm_generation=1
INTEL_OWNER phase=vcpu_create_end vcpu_generation=413 owner_generation=413 owner=216617 vm_generation=1
[       OK ] HvfIntelProbe.InstructionOnly (20 ms)
[----------] 1 test from HvfIntelProbe (21 ms total)

[==========] 1 test from 1 test suite ran. (21 ms total)
[  PASSED  ] 1 test.

Repeating all tests (iteration 413) . . .

Note: Google Test filter = HvfIntelProbe.InstructionOnly
[==========] Running 1 test from 1 test suite.
[----------] 1 test from HvfIntelProbe
[ RUN      ] HvfIntelProbe.InstructionOnly
INTEL_PROBE phase=executor_initialization
INTEL_PROBE phase=executor_retained
INTEL_PROBE phase=startup_probe
INTEL_PROBE phase=ordinary_steps
INTEL_PROBE phase=instruction_retirement
INTEL_OWNER phase=replacement_parked vcpu_generation=414 owner_generation=414 owner=216622 vm_generation=1
INTEL_OWNER phase=vcpu_destroy_begin vcpu_generation=413 owner_generation=413 owner=216617 vm_generation=1
INTEL_OWNER phase=vcpu_destroy_end vcpu_generation=413 owner_generation=413 owner=216617 vm_generation=1
INTEL_OWNER phase=lease_release_end vcpu_generation=413 owner_generation=413 owner=216617 vm_generation=1
INTEL_OWNER phase=owner_join_begin vcpu_generation=413 owner_generation=413 owner=216617 vm_generation=1
INTEL_OWNER phase=owner_join_end vcpu_generation=413 owner_generation=413 owner=216617 vm_generation=1
INTEL_OWNER phase=owner_activate vcpu_generation=414 owner_generation=414 owner=216622 vm_generation=1
INTEL_OWNER phase=lease_acquire_end vcpu_generation=414 owner_generation=414 owner=216622 vm_generation=1
INTEL_OWNER phase=vcpu_create_begin vcpu_generation=414 owner_generation=414 owner=216622 vm_generation=1
INTEL_OWNER phase=vcpu_create_end vcpu_generation=414 owner_generation=414 owner=216622 vm_generation=1
[       OK ] HvfIntelProbe.InstructionOnly (18 ms)
[----------] 1 test from HvfIntelProbe (18 ms total)

[==========] 1 test from 1 test suite ran. (18 ms total)
[  PASSED  ] 1 test.

Repeating all tests (iteration 414) . . .

Note: Google Test filter = HvfIntelProbe.InstructionOnly
[==========] Running 1 test from 1 test suite.
[----------] 1 test from HvfIntelProbe
[ RUN      ] HvfIntelProbe.InstructionOnly
INTEL_PROBE phase=executor_initialization
INTEL_PROBE phase=executor_retained
INTEL_PROBE phase=startup_probe
INTEL_PROBE phase=ordinary_steps
INTEL_PROBE phase=instruction_retirement
INTEL_OWNER phase=replacement_parked vcpu_generation=415 owner_generation=415 owner=216627 vm_generation=1
INTEL_OWNER phase=vcpu_destroy_begin vcpu_generation=414 owner_generation=414 owner=216622 vm_generation=1
INTEL_OWNER phase=vcpu_destroy_end vcpu_generation=414 owner_generation=414 owner=216622 vm_generation=1
INTEL_OWNER phase=lease_release_end vcpu_generation=414 owner_generation=414 owner=216622 vm_generation=1
INTEL_OWNER phase=owner_join_begin vcpu_generation=414 owner_generation=414 owner=216622 vm_generation=1
INTEL_OWNER phase=owner_join_end vcpu_generation=414 owner_generation=414 owner=216622 vm_generation=1
INTEL_OWNER phase=owner_activate vcpu_generation=415 owner_generation=415 owner=216627 vm_generation=1
INTEL_OWNER phase=lease_acquire_end vcpu_generation=415 owner_generation=415 owner=216627 vm_generation=1
INTEL_OWNER phase=vcpu_create_begin vcpu_generation=415 owner_generation=415 owner=216627 vm_generation=1
INTEL_OWNER phase=vcpu_create_end vcpu_generation=415 owner_generation=415 owner=216627 vm_generation=1
[       OK ] HvfIntelProbe.InstructionOnly (19 ms)
[----------] 1 test from HvfIntelProbe (19 ms total)

[==========] 1 test from 1 test suite ran. (19 ms total)
[  PASSED  ] 1 test.

Repeating all tests (iteration 415) . . .

Note: Google Test filter = HvfIntelProbe.InstructionOnly
[==========] Running 1 test from 1 test suite.
[----------] 1 test from HvfIntelProbe
[ RUN      ] HvfIntelProbe.InstructionOnly
INTEL_PROBE phase=executor_initialization
INTEL_PROBE phase=executor_retained
INTEL_PROBE phase=startup_probe
INTEL_PROBE phase=ordinary_steps
INTEL_PROBE phase=instruction_retirement
INTEL_OWNER phase=replacement_parked vcpu_generation=416 owner_generation=416 owner=216632 vm_generation=1
INTEL_OWNER phase=vcpu_destroy_begin vcpu_generation=415 owner_generation=415 owner=216627 vm_generation=1
INTEL_OWNER phase=vcpu_destroy_end vcpu_generation=415 owner_generation=415 owner=216627 vm_generation=1
INTEL_OWNER phase=lease_release_end vcpu_generation=415 owner_generation=415 owner=216627 vm_generation=1
INTEL_OWNER phase=owner_join_begin vcpu_generation=415 owner_generation=415 owner=216627 vm_generation=1
INTEL_OWNER phase=owner_join_end vcpu_generation=415 owner_generation=415 owner=216627 vm_generation=1
INTEL_OWNER phase=owner_activate vcpu_generation=416 owner_generation=416 owner=216632 vm_generation=1
INTEL_OWNER phase=lease_acquire_end vcpu_generation=416 owner_generation=416 owner=216632 vm_generation=1
INTEL_OWNER phase=vcpu_create_begin vcpu_generation=416 owner_generation=416 owner=216632 vm_generation=1
INTEL_OWNER phase=vcpu_create_end vcpu_generation=416 owner_generation=416 owner=216632 vm_generation=1
[       OK ] HvfIntelProbe.InstructionOnly (19 ms)
[----------] 1 test from HvfIntelProbe (19 ms total)

[==========] 1 test from 1 test suite ran. (19 ms total)
[  PASSED  ] 1 test.

Repeating all tests (iteration 416) . . .

Note: Google Test filter = HvfIntelProbe.InstructionOnly
[==========] Running 1 test from 1 test suite.
[----------] 1 test from HvfIntelProbe
[ RUN      ] HvfIntelProbe.InstructionOnly
INTEL_PROBE phase=executor_initialization
INTEL_PROBE phase=executor_retained
INTEL_PROBE phase=startup_probe
INTEL_PROBE phase=ordinary_steps
INTEL_PROBE phase=instruction_retirement
INTEL_OWNER phase=replacement_parked vcpu_generation=417 owner_generation=417 owner=216636 vm_generation=1
INTEL_OWNER phase=vcpu_destroy_begin vcpu_generation=416 owner_generation=416 owner=216632 vm_generation=1
INTEL_OWNER phase=vcpu_destroy_end vcpu_generation=416 owner_generation=416 owner=216632 vm_generation=1
INTEL_OWNER phase=lease_release_end vcpu_generation=416 owner_generation=416 owner=216632 vm_generation=1
INTEL_OWNER phase=owner_join_begin vcpu_generation=416 owner_generation=416 owner=216632 vm_generation=1
INTEL_OWNER phase=owner_join_end vcpu_generation=416 owner_generation=416 owner=216632 vm_generation=1
INTEL_OWNER phase=owner_activate vcpu_generation=417 owner_generation=417 owner=216636 vm_generation=1
INTEL_OWNER phase=lease_acquire_end vcpu_generation=417 owner_generation=417 owner=216636 vm_generation=1
INTEL_OWNER phase=vcpu_create_begin vcpu_generation=417 owner_generation=417 owner=216636 vm_generation=1
INTEL_OWNER phase=vcpu_create_end vcpu_generation=417 owner_generation=417 owner=216636 vm_generation=1
[       OK ] HvfIntelProbe.InstructionOnly (16 ms)
[----------] 1 test from HvfIntelProbe (16 ms total)

[==========] 1 test from 1 test suite ran. (16 ms total)
[  PASSED  ] 1 test.

Repeating all tests (iteration 417) . . .

Note: Google Test filter = HvfIntelProbe.InstructionOnly
[==========] Running 1 test from 1 test suite.
[----------] 1 test from HvfIntelProbe
[ RUN      ] HvfIntelProbe.InstructionOnly
INTEL_PROBE phase=executor_initialization
INTEL_PROBE phase=executor_retained
INTEL_PROBE phase=startup_probe
INTEL_PROBE phase=ordinary_steps
INTEL_PROBE phase=instruction_retirement
INTEL_OWNER phase=replacement_parked vcpu_generation=418 owner_generation=418 owner=216641 vm_generation=1
INTEL_OWNER phase=vcpu_destroy_begin vcpu_generation=417 owner_generation=417 owner=216636 vm_generation=1
INTEL_OWNER phase=vcpu_destroy_end vcpu_generation=417 owner_generation=417 owner=216636 vm_generation=1
INTEL_OWNER phase=lease_release_end vcpu_generation=417 owner_generation=417 owner=216636 vm_generation=1
INTEL_OWNER phase=owner_join_begin vcpu_generation=417 owner_generation=417 owner=216636 vm_generation=1
INTEL_OWNER phase=owner_join_end vcpu_generation=417 owner_generation=417 owner=216636 vm_generation=1
INTEL_OWNER phase=owner_activate vcpu_generation=418 owner_generation=418 owner=216641 vm_generation=1
INTEL_OWNER phase=lease_acquire_end vcpu_generation=418 owner_generation=418 owner=216641 vm_generation=1
INTEL_OWNER phase=vcpu_create_begin vcpu_generation=418 owner_generation=418 owner=216641 vm_generation=1
INTEL_OWNER phase=vcpu_create_end vcpu_generation=418 owner_generation=418 owner=216641 vm_generation=1
[       OK ] HvfIntelProbe.InstructionOnly (19 ms)
[----------] 1 test from HvfIntelProbe (19 ms total)

[==========] 1 test from 1 test suite ran. (19 ms total)
[  PASSED  ] 1 test.

Repeating all tests (iteration 418) . . .

Note: Google Test filter = HvfIntelProbe.InstructionOnly
[==========] Running 1 test from 1 test suite.
[----------] 1 test from HvfIntelProbe
[ RUN      ] HvfIntelProbe.InstructionOnly
INTEL_PROBE phase=executor_initialization
INTEL_PROBE phase=executor_retained
INTEL_PROBE phase=startup_probe
INTEL_PROBE phase=ordinary_steps
INTEL_PROBE phase=instruction_retirement
INTEL_OWNER phase=replacement_parked vcpu_generation=419 owner_generation=419 owner=216646 vm_generation=1
INTEL_OWNER phase=vcpu_destroy_begin vcpu_generation=418 owner_generation=418 owner=216641 vm_generation=1
INTEL_OWNER phase=vcpu_destroy_end vcpu_generation=418 owner_generation=418 owner=216641 vm_generation=1
INTEL_OWNER phase=lease_release_end vcpu_generation=418 owner_generation=418 owner=216641 vm_generation=1
INTEL_OWNER phase=owner_join_begin vcpu_generation=418 owner_generation=418 owner=216641 vm_generation=1
INTEL_OWNER phase=owner_join_end vcpu_generation=418 owner_generation=418 owner=216641 vm_generation=1
INTEL_OWNER phase=owner_activate vcpu_generation=419 owner_generation=419 owner=216646 vm_generation=1
INTEL_OWNER phase=lease_acquire_end vcpu_generation=419 owner_generation=419 owner=216646 vm_generation=1
INTEL_OWNER phase=vcpu_create_begin vcpu_generation=419 owner_generation=419 owner=216646 vm_generation=1
INTEL_OWNER phase=vcpu_create_end vcpu_generation=419 owner_generation=419 owner=216646 vm_generation=1
[       OK ] HvfIntelProbe.InstructionOnly (20 ms)
[----------] 1 test from HvfIntelProbe (21 ms total)

[==========] 1 test from 1 test suite ran. (21 ms total)
[  PASSED  ] 1 test.

Repeating all tests (iteration 419) . . .

Note: Google Test filter = HvfIntelProbe.InstructionOnly
[==========] Running 1 test from 1 test suite.
[----------] 1 test from HvfIntelProbe
[ RUN      ] HvfIntelProbe.InstructionOnly
INTEL_PROBE phase=executor_initialization
INTEL_PROBE phase=executor_retained
INTEL_PROBE phase=startup_probe
INTEL_PROBE phase=ordinary_steps
INTEL_PROBE phase=instruction_retirement
INTEL_OWNER phase=replacement_parked vcpu_generation=420 owner_generation=420 owner=216652 vm_generation=1
INTEL_OWNER phase=vcpu_destroy_begin vcpu_generation=419 owner_generation=419 owner=216646 vm_generation=1
INTEL_OWNER phase=vcpu_destroy_end vcpu_generation=419 owner_generation=419 owner=216646 vm_generation=1
INTEL_OWNER phase=lease_release_end vcpu_generation=419 owner_generation=419 owner=216646 vm_generation=1
INTEL_OWNER phase=owner_join_begin vcpu_generation=419 owner_generation=419 owner=216646 vm_generation=1
INTEL_OWNER phase=owner_join_end vcpu_generation=419 owner_generation=419 owner=216646 vm_generation=1
INTEL_OWNER phase=owner_activate vcpu_generation=420 owner_generation=420 owner=216652 vm_generation=1
INTEL_OWNER phase=lease_acquire_end vcpu_generation=420 owner_generation=420 owner=216652 vm_generation=1
INTEL_OWNER phase=vcpu_create_begin vcpu_generation=420 owner_generation=420 owner=216652 vm_generation=1
INTEL_OWNER phase=vcpu_create_end vcpu_generation=420 owner_generation=420 owner=216652 vm_generation=1
[       OK ] HvfIntelProbe.InstructionOnly (21 ms)
[----------] 1 test from HvfIntelProbe (21 ms total)

[==========] 1 test from 1 test suite ran. (21 ms total)
[  PASSED  ] 1 test.

Repeating all tests (iteration 420) . . .

Note: Google Test filter = HvfIntelProbe.InstructionOnly
[==========] Running 1 test from 1 test suite.
[----------] 1 test from HvfIntelProbe
[ RUN      ] HvfIntelProbe.InstructionOnly
INTEL_PROBE phase=executor_initialization
INTEL_PROBE phase=executor_retained
INTEL_PROBE phase=startup_probe
INTEL_PROBE phase=ordinary_steps
INTEL_PROBE phase=instruction_retirement
INTEL_OWNER phase=replacement_parked vcpu_generation=421 owner_generation=421 owner=216657 vm_generation=1
INTEL_OWNER phase=vcpu_destroy_begin vcpu_generation=420 owner_generation=420 owner=216652 vm_generation=1
INTEL_OWNER phase=vcpu_destroy_end vcpu_generation=420 owner_generation=420 owner=216652 vm_generation=1
INTEL_OWNER phase=lease_release_end vcpu_generation=420 owner_generation=420 owner=216652 vm_generation=1
INTEL_OWNER phase=owner_join_begin vcpu_generation=420 owner_generation=420 owner=216652 vm_generation=1
INTEL_OWNER phase=owner_join_end vcpu_generation=420 owner_generation=420 owner=216652 vm_generation=1
INTEL_OWNER phase=owner_activate vcpu_generation=421 owner_generation=421 owner=216657 vm_generation=1
INTEL_OWNER phase=lease_acquire_end vcpu_generation=421 owner_generation=421 owner=216657 vm_generation=1
INTEL_OWNER phase=vcpu_create_begin vcpu_generation=421 owner_generation=421 owner=216657 vm_generation=1
INTEL_OWNER phase=vcpu_create_end vcpu_generation=421 owner_generation=421 owner=216657 vm_generation=1
[       OK ] HvfIntelProbe.InstructionOnly (20 ms)
[----------] 1 test from HvfIntelProbe (20 ms total)

[==========] 1 test from 1 test suite ran. (20 ms total)
[  PASSED  ] 1 test.

Repeating all tests (iteration 421) . . .

Note: Google Test filter = HvfIntelProbe.InstructionOnly
[==========] Running 1 test from 1 test suite.
[----------] 1 test from HvfIntelProbe
[ RUN      ] HvfIntelProbe.InstructionOnly
INTEL_PROBE phase=executor_initialization
INTEL_PROBE phase=executor_retained
INTEL_PROBE phase=startup_probe
INTEL_PROBE phase=ordinary_steps
INTEL_PROBE phase=instruction_retirement
INTEL_OWNER phase=replacement_parked vcpu_generation=422 owner_generation=422 owner=216661 vm_generation=1
INTEL_OWNER phase=vcpu_destroy_begin vcpu_generation=421 owner_generation=421 owner=216657 vm_generation=1
INTEL_OWNER phase=vcpu_destroy_end vcpu_generation=421 owner_generation=421 owner=216657 vm_generation=1
INTEL_OWNER phase=lease_release_end vcpu_generation=421 owner_generation=421 owner=216657 vm_generation=1
INTEL_OWNER phase=owner_join_begin vcpu_generation=421 owner_generation=421 owner=216657 vm_generation=1
INTEL_OWNER phase=owner_join_end vcpu_generation=421 owner_generation=421 owner=216657 vm_generation=1
INTEL_OWNER phase=owner_activate vcpu_generation=422 owner_generation=422 owner=216661 vm_generation=1
INTEL_OWNER phase=lease_acquire_end vcpu_generation=422 owner_generation=422 owner=216661 vm_generation=1
INTEL_OWNER phase=vcpu_create_begin vcpu_generation=422 owner_generation=422 owner=216661 vm_generation=1
INTEL_OWNER phase=vcpu_create_end vcpu_generation=422 owner_generation=422 owner=216661 vm_generation=1
[       OK ] HvfIntelProbe.InstructionOnly (18 ms)
[----------] 1 test from HvfIntelProbe (18 ms total)

[==========] 1 test from 1 test suite ran. (18 ms total)
[  PASSED  ] 1 test.

Repeating all tests (iteration 422) . . .

Note: Google Test filter = HvfIntelProbe.InstructionOnly
[==========] Running 1 test from 1 test suite.
[----------] 1 test from HvfIntelProbe
[ RUN      ] HvfIntelProbe.InstructionOnly
INTEL_PROBE phase=executor_initialization
INTEL_PROBE phase=executor_retained
INTEL_PROBE phase=startup_probe
INTEL_PROBE phase=ordinary_steps
INTEL_PROBE phase=instruction_retirement
INTEL_OWNER phase=replacement_parked vcpu_generation=423 owner_generation=423 owner=216667 vm_generation=1
INTEL_OWNER phase=vcpu_destroy_begin vcpu_generation=422 owner_generation=422 owner=216661 vm_generation=1
INTEL_OWNER phase=vcpu_destroy_end vcpu_generation=422 owner_generation=422 owner=216661 vm_generation=1
INTEL_OWNER phase=lease_release_end vcpu_generation=422 owner_generation=422 owner=216661 vm_generation=1
INTEL_OWNER phase=owner_join_begin vcpu_generation=422 owner_generation=422 owner=216661 vm_generation=1
INTEL_OWNER phase=owner_join_end vcpu_generation=422 owner_generation=422 owner=216661 vm_generation=1
INTEL_OWNER phase=owner_activate vcpu_generation=423 owner_generation=423 owner=216667 vm_generation=1
INTEL_OWNER phase=lease_acquire_end vcpu_generation=423 owner_generation=423 owner=216667 vm_generation=1
INTEL_OWNER phase=vcpu_create_begin vcpu_generation=423 owner_generation=423 owner=216667 vm_generation=1
INTEL_OWNER phase=vcpu_create_end vcpu_generation=423 owner_generation=423 owner=216667 vm_generation=1
[       OK ] HvfIntelProbe.InstructionOnly (22 ms)
[----------] 1 test from HvfIntelProbe (22 ms total)

[==========] 1 test from 1 test suite ran. (22 ms total)
[  PASSED  ] 1 test.

Repeating all tests (iteration 423) . . .

Note: Google Test filter = HvfIntelProbe.InstructionOnly
[==========] Running 1 test from 1 test suite.
[----------] 1 test from HvfIntelProbe
[ RUN      ] HvfIntelProbe.InstructionOnly
INTEL_PROBE phase=executor_initialization
INTEL_PROBE phase=executor_retained
INTEL_PROBE phase=startup_probe
INTEL_PROBE phase=ordinary_steps
INTEL_PROBE phase=instruction_retirement
INTEL_OWNER phase=replacement_parked vcpu_generation=424 owner_generation=424 owner=216672 vm_generation=1
INTEL_OWNER phase=vcpu_destroy_begin vcpu_generation=423 owner_generation=423 owner=216667 vm_generation=1
INTEL_OWNER phase=vcpu_destroy_end vcpu_generation=423 owner_generation=423 owner=216667 vm_generation=1
INTEL_OWNER phase=lease_release_end vcpu_generation=423 owner_generation=423 owner=216667 vm_generation=1
INTEL_OWNER phase=owner_join_begin vcpu_generation=423 owner_generation=423 owner=216667 vm_generation=1
INTEL_OWNER phase=owner_join_end vcpu_generation=423 owner_generation=423 owner=216667 vm_generation=1
INTEL_OWNER phase=owner_activate vcpu_generation=424 owner_generation=424 owner=216672 vm_generation=1
INTEL_OWNER phase=lease_acquire_end vcpu_generation=424 owner_generation=424 owner=216672 vm_generation=1
INTEL_OWNER phase=vcpu_create_begin vcpu_generation=424 owner_generation=424 owner=216672 vm_generation=1
INTEL_OWNER phase=vcpu_create_end vcpu_generation=424 owner_generation=424 owner=216672 vm_generation=1
[       OK ] HvfIntelProbe.InstructionOnly (19 ms)
[----------] 1 test from HvfIntelProbe (19 ms total)

[==========] 1 test from 1 test suite ran. (19 ms total)
[  PASSED  ] 1 test.

Repeating all tests (iteration 424) . . .

Note: Google Test filter = HvfIntelProbe.InstructionOnly
[==========] Running 1 test from 1 test suite.
[----------] 1 test from HvfIntelProbe
[ RUN      ] HvfIntelProbe.InstructionOnly
INTEL_PROBE phase=executor_initialization
INTEL_PROBE phase=executor_retained
INTEL_PROBE phase=startup_probe
INTEL_PROBE phase=ordinary_steps
INTEL_PROBE phase=instruction_retirement
INTEL_OWNER phase=replacement_parked vcpu_generation=425 owner_generation=425 owner=216677 vm_generation=1
INTEL_OWNER phase=vcpu_destroy_begin vcpu_generation=424 owner_generation=424 owner=216672 vm_generation=1
INTEL_OWNER phase=vcpu_destroy_end vcpu_generation=424 owner_generation=424 owner=216672 vm_generation=1
INTEL_OWNER phase=lease_release_end vcpu_generation=424 owner_generation=424 owner=216672 vm_generation=1
INTEL_OWNER phase=owner_join_begin vcpu_generation=424 owner_generation=424 owner=216672 vm_generation=1
INTEL_OWNER phase=owner_join_end vcpu_generation=424 owner_generation=424 owner=216672 vm_generation=1
INTEL_OWNER phase=owner_activate vcpu_generation=425 owner_generation=425 owner=216677 vm_generation=1
INTEL_OWNER phase=lease_acquire_end vcpu_generation=425 owner_generation=425 owner=216677 vm_generation=1
INTEL_OWNER phase=vcpu_create_begin vcpu_generation=425 owner_generation=425 owner=216677 vm_generation=1
INTEL_OWNER phase=vcpu_create_end vcpu_generation=425 owner_generation=425 owner=216677 vm_generation=1
[       OK ] HvfIntelProbe.InstructionOnly (18 ms)
[----------] 1 test from HvfIntelProbe (18 ms total)

[==========] 1 test from 1 test suite ran. (18 ms total)
[  PASSED  ] 1 test.

Repeating all tests (iteration 425) . . .

Note: Google Test filter = HvfIntelProbe.InstructionOnly
[==========] Running 1 test from 1 test suite.
[----------] 1 test from HvfIntelProbe
[ RUN      ] HvfIntelProbe.InstructionOnly
INTEL_PROBE phase=executor_initialization
INTEL_PROBE phase=executor_retained
INTEL_PROBE phase=startup_probe
INTEL_PROBE phase=ordinary_steps
INTEL_PROBE phase=instruction_retirement
INTEL_OWNER phase=replacement_parked vcpu_generation=426 owner_generation=426 owner=216682 vm_generation=1
INTEL_OWNER phase=vcpu_destroy_begin vcpu_generation=425 owner_generation=425 owner=216677 vm_generation=1
INTEL_OWNER phase=vcpu_destroy_end vcpu_generation=425 owner_generation=425 owner=216677 vm_generation=1
INTEL_OWNER phase=lease_release_end vcpu_generation=425 owner_generation=425 owner=216677 vm_generation=1
INTEL_OWNER phase=owner_join_begin vcpu_generation=425 owner_generation=425 owner=216677 vm_generation=1
INTEL_OWNER phase=owner_join_end vcpu_generation=425 owner_generation=425 owner=216677 vm_generation=1
INTEL_OWNER phase=owner_activate vcpu_generation=426 owner_generation=426 owner=216682 vm_generation=1
INTEL_OWNER phase=lease_acquire_end vcpu_generation=426 owner_generation=426 owner=216682 vm_generation=1
INTEL_OWNER phase=vcpu_create_begin vcpu_generation=426 owner_generation=426 owner=216682 vm_generation=1
INTEL_OWNER phase=vcpu_create_end vcpu_generation=426 owner_generation=426 owner=216682 vm_generation=1
[       OK ] HvfIntelProbe.InstructionOnly (20 ms)
[----------] 1 test from HvfIntelProbe (20 ms total)

[==========] 1 test from 1 test suite ran. (20 ms total)
[  PASSED  ] 1 test.

Repeating all tests (iteration 426) . . .

Note: Google Test filter = HvfIntelProbe.InstructionOnly
[==========] Running 1 test from 1 test suite.
[----------] 1 test from HvfIntelProbe
[ RUN      ] HvfIntelProbe.InstructionOnly
INTEL_PROBE phase=executor_initialization
INTEL_PROBE phase=executor_retained
INTEL_PROBE phase=startup_probe
INTEL_PROBE phase=ordinary_steps
INTEL_PROBE phase=instruction_retirement
INTEL_OWNER phase=replacement_parked vcpu_generation=427 owner_generation=427 owner=216687 vm_generation=1
INTEL_OWNER phase=vcpu_destroy_begin vcpu_generation=426 owner_generation=426 owner=216682 vm_generation=1
INTEL_OWNER phase=vcpu_destroy_end vcpu_generation=426 owner_generation=426 owner=216682 vm_generation=1
INTEL_OWNER phase=lease_release_end vcpu_generation=426 owner_generation=426 owner=216682 vm_generation=1
INTEL_OWNER phase=owner_join_begin vcpu_generation=426 owner_generation=426 owner=216682 vm_generation=1
INTEL_OWNER phase=owner_join_end vcpu_generation=426 owner_generation=426 owner=216682 vm_generation=1
INTEL_OWNER phase=owner_activate vcpu_generation=427 owner_generation=427 owner=216687 vm_generation=1
INTEL_OWNER phase=lease_acquire_end vcpu_generation=427 owner_generation=427 owner=216687 vm_generation=1
INTEL_OWNER phase=vcpu_create_begin vcpu_generation=427 owner_generation=427 owner=216687 vm_generation=1
INTEL_OWNER phase=vcpu_create_end vcpu_generation=427 owner_generation=427 owner=216687 vm_generation=1
[       OK ] HvfIntelProbe.InstructionOnly (18 ms)
[----------] 1 test from HvfIntelProbe (18 ms total)

[==========] 1 test from 1 test suite ran. (18 ms total)
[  PASSED  ] 1 test.

Repeating all tests (iteration 427) . . .

Note: Google Test filter = HvfIntelProbe.InstructionOnly
[==========] Running 1 test from 1 test suite.
[----------] 1 test from HvfIntelProbe
[ RUN      ] HvfIntelProbe.InstructionOnly
INTEL_PROBE phase=executor_initialization
INTEL_PROBE phase=executor_retained
INTEL_PROBE phase=startup_probe
INTEL_PROBE phase=ordinary_steps
INTEL_PROBE phase=instruction_retirement
INTEL_OWNER phase=replacement_parked vcpu_generation=428 owner_generation=428 owner=216692 vm_generation=1
INTEL_OWNER phase=vcpu_destroy_begin vcpu_generation=427 owner_generation=427 owner=216687 vm_generation=1
INTEL_OWNER phase=vcpu_destroy_end vcpu_generation=427 owner_generation=427 owner=216687 vm_generation=1
INTEL_OWNER phase=lease_release_end vcpu_generation=427 owner_generation=427 owner=216687 vm_generation=1
INTEL_OWNER phase=owner_join_begin vcpu_generation=427 owner_generation=427 owner=216687 vm_generation=1
INTEL_OWNER phase=owner_join_end vcpu_generation=427 owner_generation=427 owner=216687 vm_generation=1
INTEL_OWNER phase=owner_activate vcpu_generation=428 owner_generation=428 owner=216692 vm_generation=1
INTEL_OWNER phase=lease_acquire_end vcpu_generation=428 owner_generation=428 owner=216692 vm_generation=1
INTEL_OWNER phase=vcpu_create_begin vcpu_generation=428 owner_generation=428 owner=216692 vm_generation=1
INTEL_OWNER phase=vcpu_create_end vcpu_generation=428 owner_generation=428 owner=216692 vm_generation=1
[       OK ] HvfIntelProbe.InstructionOnly (19 ms)
[----------] 1 test from HvfIntelProbe (20 ms total)

[==========] 1 test from 1 test suite ran. (20 ms total)
[  PASSED  ] 1 test.

Repeating all tests (iteration 428) . . .

Note: Google Test filter = HvfIntelProbe.InstructionOnly
[==========] Running 1 test from 1 test suite.
[----------] 1 test from HvfIntelProbe
[ RUN      ] HvfIntelProbe.InstructionOnly
INTEL_PROBE phase=executor_initialization
INTEL_PROBE phase=executor_retained
INTEL_PROBE phase=startup_probe
INTEL_PROBE phase=ordinary_steps
INTEL_PROBE phase=instruction_retirement
INTEL_OWNER phase=replacement_parked vcpu_generation=429 owner_generation=429 owner=216698 vm_generation=1
INTEL_OWNER phase=vcpu_destroy_begin vcpu_generation=428 owner_generation=428 owner=216692 vm_generation=1
INTEL_OWNER phase=vcpu_destroy_end vcpu_generation=428 owner_generation=428 owner=216692 vm_generation=1
INTEL_OWNER phase=lease_release_end vcpu_generation=428 owner_generation=428 owner=216692 vm_generation=1
INTEL_OWNER phase=owner_join_begin vcpu_generation=428 owner_generation=428 owner=216692 vm_generation=1
INTEL_OWNER phase=owner_join_end vcpu_generation=428 owner_generation=428 owner=216692 vm_generation=1
INTEL_OWNER phase=owner_activate vcpu_generation=429 owner_generation=429 owner=216698 vm_generation=1
INTEL_OWNER phase=lease_acquire_end vcpu_generation=429 owner_generation=429 owner=216698 vm_generation=1
INTEL_OWNER phase=vcpu_create_begin vcpu_generation=429 owner_generation=429 owner=216698 vm_generation=1
INTEL_OWNER phase=vcpu_create_end vcpu_generation=429 owner_generation=429 owner=216698 vm_generation=1
[       OK ] HvfIntelProbe.InstructionOnly (20 ms)
[----------] 1 test from HvfIntelProbe (20 ms total)

[==========] 1 test from 1 test suite ran. (20 ms total)
[  PASSED  ] 1 test.

Repeating all tests (iteration 429) . . .

Note: Google Test filter = HvfIntelProbe.InstructionOnly
[==========] Running 1 test from 1 test suite.
[----------] 1 test from HvfIntelProbe
[ RUN      ] HvfIntelProbe.InstructionOnly
INTEL_PROBE phase=executor_initialization
INTEL_PROBE phase=executor_retained
INTEL_PROBE phase=startup_probe
INTEL_PROBE phase=ordinary_steps
INTEL_PROBE phase=instruction_retirement
INTEL_OWNER phase=replacement_parked vcpu_generation=430 owner_generation=430 owner=216705 vm_generation=1
INTEL_OWNER phase=vcpu_destroy_begin vcpu_generation=429 owner_generation=429 owner=216698 vm_generation=1
INTEL_OWNER phase=vcpu_destroy_end vcpu_generation=429 owner_generation=429 owner=216698 vm_generation=1
INTEL_OWNER phase=lease_release_end vcpu_generation=429 owner_generation=429 owner=216698 vm_generation=1
INTEL_OWNER phase=owner_join_begin vcpu_generation=429 owner_generation=429 owner=216698 vm_generation=1
INTEL_OWNER phase=owner_join_end vcpu_generation=429 owner_generation=429 owner=216698 vm_generation=1
INTEL_OWNER phase=owner_activate vcpu_generation=430 owner_generation=430 owner=216705 vm_generation=1
INTEL_OWNER phase=lease_acquire_end vcpu_generation=430 owner_generation=430 owner=216705 vm_generation=1
INTEL_OWNER phase=vcpu_create_begin vcpu_generation=430 owner_generation=430 owner=216705 vm_generation=1
INTEL_OWNER phase=vcpu_create_end vcpu_generation=430 owner_generation=430 owner=216705 vm_generation=1
[       OK ] HvfIntelProbe.InstructionOnly (24 ms)
[----------] 1 test from HvfIntelProbe (24 ms total)

[==========] 1 test from 1 test suite ran. (24 ms total)
[  PASSED  ] 1 test.

Repeating all tests (iteration 430) . . .

Note: Google Test filter = HvfIntelProbe.InstructionOnly
[==========] Running 1 test from 1 test suite.
[----------] 1 test from HvfIntelProbe
[ RUN      ] HvfIntelProbe.InstructionOnly
INTEL_PROBE phase=executor_initialization
INTEL_PROBE phase=executor_retained
INTEL_PROBE phase=startup_probe
INTEL_PROBE phase=ordinary_steps
INTEL_PROBE phase=instruction_retirement
INTEL_OWNER phase=replacement_parked vcpu_generation=431 owner_generation=431 owner=216710 vm_generation=1
INTEL_OWNER phase=vcpu_destroy_begin vcpu_generation=430 owner_generation=430 owner=216705 vm_generation=1
INTEL_OWNER phase=vcpu_destroy_end vcpu_generation=430 owner_generation=430 owner=216705 vm_generation=1
INTEL_OWNER phase=lease_release_end vcpu_generation=430 owner_generation=430 owner=216705 vm_generation=1
INTEL_OWNER phase=owner_join_begin vcpu_generation=430 owner_generation=430 owner=216705 vm_generation=1
INTEL_OWNER phase=owner_join_end vcpu_generation=430 owner_generation=430 owner=216705 vm_generation=1
INTEL_OWNER phase=owner_activate vcpu_generation=431 owner_generation=431 owner=216710 vm_generation=1
INTEL_OWNER phase=lease_acquire_end vcpu_generation=431 owner_generation=431 owner=216710 vm_generation=1
INTEL_OWNER phase=vcpu_create_begin vcpu_generation=431 owner_generation=431 owner=216710 vm_generation=1
INTEL_OWNER phase=vcpu_create_end vcpu_generation=431 owner_generation=431 owner=216710 vm_generation=1
[       OK ] HvfIntelProbe.InstructionOnly (19 ms)
[----------] 1 test from HvfIntelProbe (19 ms total)

[==========] 1 test from 1 test suite ran. (19 ms total)
[  PASSED  ] 1 test.

Repeating all tests (iteration 431) . . .

Note: Google Test filter = HvfIntelProbe.InstructionOnly
[==========] Running 1 test from 1 test suite.
[----------] 1 test from HvfIntelProbe
[ RUN      ] HvfIntelProbe.InstructionOnly
INTEL_PROBE phase=executor_initialization
INTEL_PROBE phase=executor_retained
INTEL_PROBE phase=startup_probe
INTEL_PROBE phase=ordinary_steps
INTEL_PROBE phase=instruction_retirement
INTEL_OWNER phase=replacement_parked vcpu_generation=432 owner_generation=432 owner=216715 vm_generation=1
INTEL_OWNER phase=vcpu_destroy_begin vcpu_generation=431 owner_generation=431 owner=216710 vm_generation=1
INTEL_OWNER phase=vcpu_destroy_end vcpu_generation=431 owner_generation=431 owner=216710 vm_generation=1
INTEL_OWNER phase=lease_release_end vcpu_generation=431 owner_generation=431 owner=216710 vm_generation=1
INTEL_OWNER phase=owner_join_begin vcpu_generation=431 owner_generation=431 owner=216710 vm_generation=1
INTEL_OWNER phase=owner_join_end vcpu_generation=431 owner_generation=431 owner=216710 vm_generation=1
INTEL_OWNER phase=owner_activate vcpu_generation=432 owner_generation=432 owner=216715 vm_generation=1
INTEL_OWNER phase=lease_acquire_end vcpu_generation=432 owner_generation=432 owner=216715 vm_generation=1
INTEL_OWNER phase=vcpu_create_begin vcpu_generation=432 owner_generation=432 owner=216715 vm_generation=1
INTEL_OWNER phase=vcpu_create_end vcpu_generation=432 owner_generation=432 owner=216715 vm_generation=1
[       OK ] HvfIntelProbe.InstructionOnly (20 ms)
[----------] 1 test from HvfIntelProbe (20 ms total)

[==========] 1 test from 1 test suite ran. (20 ms total)
[  PASSED  ] 1 test.

Repeating all tests (iteration 432) . . .

Note: Google Test filter = HvfIntelProbe.InstructionOnly
[==========] Running 1 test from 1 test suite.
[----------] 1 test from HvfIntelProbe
[ RUN      ] HvfIntelProbe.InstructionOnly
INTEL_PROBE phase=executor_initialization
INTEL_PROBE phase=executor_retained
INTEL_PROBE phase=startup_probe
INTEL_PROBE phase=ordinary_steps
INTEL_PROBE phase=instruction_retirement
INTEL_OWNER phase=replacement_parked vcpu_generation=433 owner_generation=433 owner=216720 vm_generation=1
INTEL_OWNER phase=vcpu_destroy_begin vcpu_generation=432 owner_generation=432 owner=216715 vm_generation=1
INTEL_OWNER phase=vcpu_destroy_end vcpu_generation=432 owner_generation=432 owner=216715 vm_generation=1
INTEL_OWNER phase=lease_release_end vcpu_generation=432 owner_generation=432 owner=216715 vm_generation=1
INTEL_OWNER phase=owner_join_begin vcpu_generation=432 owner_generation=432 owner=216715 vm_generation=1
INTEL_OWNER phase=owner_join_end vcpu_generation=432 owner_generation=432 owner=216715 vm_generation=1
INTEL_OWNER phase=owner_activate vcpu_generation=433 owner_generation=433 owner=216720 vm_generation=1
INTEL_OWNER phase=lease_acquire_end vcpu_generation=433 owner_generation=433 owner=216720 vm_generation=1
INTEL_OWNER phase=vcpu_create_begin vcpu_generation=433 owner_generation=433 owner=216720 vm_generation=1
INTEL_OWNER phase=vcpu_create_end vcpu_generation=433 owner_generation=433 owner=216720 vm_generation=1
[       OK ] HvfIntelProbe.InstructionOnly (23 ms)
[----------] 1 test from HvfIntelProbe (23 ms total)

[==========] 1 test from 1 test suite ran. (23 ms total)
[  PASSED  ] 1 test.

Repeating all tests (iteration 433) . . .

Note: Google Test filter = HvfIntelProbe.InstructionOnly
[==========] Running 1 test from 1 test suite.
[----------] 1 test from HvfIntelProbe
[ RUN      ] HvfIntelProbe.InstructionOnly
INTEL_PROBE phase=executor_initialization
INTEL_PROBE phase=executor_retained
INTEL_PROBE phase=startup_probe
INTEL_PROBE phase=ordinary_steps
INTEL_PROBE phase=instruction_retirement
INTEL_OWNER phase=replacement_parked vcpu_generation=434 owner_generation=434 owner=216725 vm_generation=1
INTEL_OWNER phase=vcpu_destroy_begin vcpu_generation=433 owner_generation=433 owner=216720 vm_generation=1
INTEL_OWNER phase=vcpu_destroy_end vcpu_generation=433 owner_generation=433 owner=216720 vm_generation=1
INTEL_OWNER phase=lease_release_end vcpu_generation=433 owner_generation=433 owner=216720 vm_generation=1
INTEL_OWNER phase=owner_join_begin vcpu_generation=433 owner_generation=433 owner=216720 vm_generation=1
INTEL_OWNER phase=owner_join_end vcpu_generation=433 owner_generation=433 owner=216720 vm_generation=1
INTEL_OWNER phase=owner_activate vcpu_generation=434 owner_generation=434 owner=216725 vm_generation=1
INTEL_OWNER phase=lease_acquire_end vcpu_generation=434 owner_generation=434 owner=216725 vm_generation=1
INTEL_OWNER phase=vcpu_create_begin vcpu_generation=434 owner_generation=434 owner=216725 vm_generation=1
INTEL_OWNER phase=vcpu_create_end vcpu_generation=434 owner_generation=434 owner=216725 vm_generation=1
[       OK ] HvfIntelProbe.InstructionOnly (20 ms)
[----------] 1 test from HvfIntelProbe (20 ms total)

[==========] 1 test from 1 test suite ran. (20 ms total)
[  PASSED  ] 1 test.

Repeating all tests (iteration 434) . . .

Note: Google Test filter = HvfIntelProbe.InstructionOnly
[==========] Running 1 test from 1 test suite.
[----------] 1 test from HvfIntelProbe
[ RUN      ] HvfIntelProbe.InstructionOnly
INTEL_PROBE phase=executor_initialization
INTEL_PROBE phase=executor_retained
INTEL_PROBE phase=startup_probe
INTEL_PROBE phase=ordinary_steps
INTEL_PROBE phase=instruction_retirement
INTEL_OWNER phase=replacement_parked vcpu_generation=435 owner_generation=435 owner=216730 vm_generation=1
INTEL_OWNER phase=vcpu_destroy_begin vcpu_generation=434 owner_generation=434 owner=216725 vm_generation=1
INTEL_OWNER phase=vcpu_destroy_end vcpu_generation=434 owner_generation=434 owner=216725 vm_generation=1
INTEL_OWNER phase=lease_release_end vcpu_generation=434 owner_generation=434 owner=216725 vm_generation=1
INTEL_OWNER phase=owner_join_begin vcpu_generation=434 owner_generation=434 owner=216725 vm_generation=1
INTEL_OWNER phase=owner_join_end vcpu_generation=434 owner_generation=434 owner=216725 vm_generation=1
INTEL_OWNER phase=owner_activate vcpu_generation=435 owner_generation=435 owner=216730 vm_generation=1
INTEL_OWNER phase=lease_acquire_end vcpu_generation=435 owner_generation=435 owner=216730 vm_generation=1
INTEL_OWNER phase=vcpu_create_begin vcpu_generation=435 owner_generation=435 owner=216730 vm_generation=1
INTEL_OWNER phase=vcpu_create_end vcpu_generation=435 owner_generation=435 owner=216730 vm_generation=1
[       OK ] HvfIntelProbe.InstructionOnly (19 ms)
[----------] 1 test from HvfIntelProbe (19 ms total)

[==========] 1 test from 1 test suite ran. (19 ms total)
[  PASSED  ] 1 test.

Repeating all tests (iteration 435) . . .

Note: Google Test filter = HvfIntelProbe.InstructionOnly
[==========] Running 1 test from 1 test suite.
[----------] 1 test from HvfIntelProbe
[ RUN      ] HvfIntelProbe.InstructionOnly
INTEL_PROBE phase=executor_initialization
INTEL_PROBE phase=executor_retained
INTEL_PROBE phase=startup_probe
INTEL_PROBE phase=ordinary_steps
INTEL_PROBE phase=instruction_retirement
INTEL_OWNER phase=replacement_parked vcpu_generation=436 owner_generation=436 owner=216744 vm_generation=1
INTEL_OWNER phase=vcpu_destroy_begin vcpu_generation=435 owner_generation=435 owner=216730 vm_generation=1
INTEL_OWNER phase=vcpu_destroy_end vcpu_generation=435 owner_generation=435 owner=216730 vm_generation=1
INTEL_OWNER phase=lease_release_end vcpu_generation=435 owner_generation=435 owner=216730 vm_generation=1
INTEL_OWNER phase=owner_join_begin vcpu_generation=435 owner_generation=435 owner=216730 vm_generation=1
INTEL_OWNER phase=owner_join_end vcpu_generation=435 owner_generation=435 owner=216730 vm_generation=1
INTEL_OWNER phase=owner_activate vcpu_generation=436 owner_generation=436 owner=216744 vm_generation=1
INTEL_OWNER phase=lease_acquire_end vcpu_generation=436 owner_generation=436 owner=216744 vm_generation=1
INTEL_OWNER phase=vcpu_create_begin vcpu_generation=436 owner_generation=436 owner=216744 vm_generation=1
INTEL_OWNER phase=vcpu_create_end vcpu_generation=436 owner_generation=436 owner=216744 vm_generation=1
[       OK ] HvfIntelProbe.InstructionOnly (22 ms)
[----------] 1 test from HvfIntelProbe (22 ms total)

[==========] 1 test from 1 test suite ran. (22 ms total)
[  PASSED  ] 1 test.

Repeating all tests (iteration 436) . . .

Note: Google Test filter = HvfIntelProbe.InstructionOnly
[==========] Running 1 test from 1 test suite.
[----------] 1 test from HvfIntelProbe
[ RUN      ] HvfIntelProbe.InstructionOnly
INTEL_PROBE phase=executor_initialization
INTEL_PROBE phase=executor_retained
INTEL_PROBE phase=startup_probe
INTEL_PROBE phase=ordinary_steps
INTEL_PROBE phase=instruction_retirement
INTEL_OWNER phase=replacement_parked vcpu_generation=437 owner_generation=437 owner=216751 vm_generation=1
INTEL_OWNER phase=vcpu_destroy_begin vcpu_generation=436 owner_generation=436 owner=216744 vm_generation=1
INTEL_OWNER phase=vcpu_destroy_end vcpu_generation=436 owner_generation=436 owner=216744 vm_generation=1
INTEL_OWNER phase=lease_release_end vcpu_generation=436 owner_generation=436 owner=216744 vm_generation=1
INTEL_OWNER phase=owner_join_begin vcpu_generation=436 owner_generation=436 owner=216744 vm_generation=1
INTEL_OWNER phase=owner_join_end vcpu_generation=436 owner_generation=436 owner=216744 vm_generation=1
INTEL_OWNER phase=owner_activate vcpu_generation=437 owner_generation=437 owner=216751 vm_generation=1
INTEL_OWNER phase=lease_acquire_end vcpu_generation=437 owner_generation=437 owner=216751 vm_generation=1
INTEL_OWNER phase=vcpu_create_begin vcpu_generation=437 owner_generation=437 owner=216751 vm_generation=1
INTEL_OWNER phase=vcpu_create_end vcpu_generation=437 owner_generation=437 owner=216751 vm_generation=1
[       OK ] HvfIntelProbe.InstructionOnly (20 ms)
[----------] 1 test from HvfIntelProbe (20 ms total)

[==========] 1 test from 1 test suite ran. (20 ms total)
[  PASSED  ] 1 test.

Repeating all tests (iteration 437) . . .

Note: Google Test filter = HvfIntelProbe.InstructionOnly
[==========] Running 1 test from 1 test suite.
[----------] 1 test from HvfIntelProbe
[ RUN      ] HvfIntelProbe.InstructionOnly
INTEL_PROBE phase=executor_initialization
INTEL_PROBE phase=executor_retained
INTEL_PROBE phase=startup_probe
INTEL_PROBE phase=ordinary_steps
INTEL_PROBE phase=instruction_retirement
INTEL_OWNER phase=replacement_parked vcpu_generation=438 owner_generation=438 owner=216756 vm_generation=1
INTEL_OWNER phase=vcpu_destroy_begin vcpu_generation=437 owner_generation=437 owner=216751 vm_generation=1
INTEL_OWNER phase=vcpu_destroy_end vcpu_generation=437 owner_generation=437 owner=216751 vm_generation=1
INTEL_OWNER phase=lease_release_end vcpu_generation=437 owner_generation=437 owner=216751 vm_generation=1
INTEL_OWNER phase=owner_join_begin vcpu_generation=437 owner_generation=437 owner=216751 vm_generation=1
INTEL_OWNER phase=owner_join_end vcpu_generation=437 owner_generation=437 owner=216751 vm_generation=1
INTEL_OWNER phase=owner_activate vcpu_generation=438 owner_generation=438 owner=216756 vm_generation=1
INTEL_OWNER phase=lease_acquire_end vcpu_generation=438 owner_generation=438 owner=216756 vm_generation=1
INTEL_OWNER phase=vcpu_create_begin vcpu_generation=438 owner_generation=438 owner=216756 vm_generation=1
INTEL_OWNER phase=vcpu_create_end vcpu_generation=438 owner_generation=438 owner=216756 vm_generation=1
[       OK ] HvfIntelProbe.InstructionOnly (22 ms)
[----------] 1 test from HvfIntelProbe (22 ms total)

[==========] 1 test from 1 test suite ran. (22 ms total)
[  PASSED  ] 1 test.

Repeating all tests (iteration 438) . . .

Note: Google Test filter = HvfIntelProbe.InstructionOnly
[==========] Running 1 test from 1 test suite.
[----------] 1 test from HvfIntelProbe
[ RUN      ] HvfIntelProbe.InstructionOnly
INTEL_PROBE phase=executor_initialization
INTEL_PROBE phase=executor_retained
INTEL_PROBE phase=startup_probe
INTEL_PROBE phase=ordinary_steps
INTEL_PROBE phase=instruction_retirement
INTEL_OWNER phase=replacement_parked vcpu_generation=439 owner_generation=439 owner=216760 vm_generation=1
INTEL_OWNER phase=vcpu_destroy_begin vcpu_generation=438 owner_generation=438 owner=216756 vm_generation=1
INTEL_OWNER phase=vcpu_destroy_end vcpu_generation=438 owner_generation=438 owner=216756 vm_generation=1
INTEL_OWNER phase=lease_release_end vcpu_generation=438 owner_generation=438 owner=216756 vm_generation=1
INTEL_OWNER phase=owner_join_begin vcpu_generation=438 owner_generation=438 owner=216756 vm_generation=1
INTEL_OWNER phase=owner_join_end vcpu_generation=438 owner_generation=438 owner=216756 vm_generation=1
INTEL_OWNER phase=owner_activate vcpu_generation=439 owner_generation=439 owner=216760 vm_generation=1
INTEL_OWNER phase=lease_acquire_end vcpu_generation=439 owner_generation=439 owner=216760 vm_generation=1
INTEL_OWNER phase=vcpu_create_begin vcpu_generation=439 owner_generation=439 owner=216760 vm_generation=1
INTEL_OWNER phase=vcpu_create_end vcpu_generation=439 owner_generation=439 owner=216760 vm_generation=1
[       OK ] HvfIntelProbe.InstructionOnly (20 ms)
[----------] 1 test from HvfIntelProbe (20 ms total)

[==========] 1 test from 1 test suite ran. (20 ms total)
[  PASSED  ] 1 test.

Repeating all tests (iteration 439) . . .

Note: Google Test filter = HvfIntelProbe.InstructionOnly
[==========] Running 1 test from 1 test suite.
[----------] 1 test from HvfIntelProbe
[ RUN      ] HvfIntelProbe.InstructionOnly
INTEL_PROBE phase=executor_initialization
INTEL_PROBE phase=executor_retained
INTEL_PROBE phase=startup_probe
INTEL_PROBE phase=ordinary_steps
INTEL_PROBE phase=instruction_retirement
INTEL_OWNER phase=replacement_parked vcpu_generation=440 owner_generation=440 owner=216765 vm_generation=1
INTEL_OWNER phase=vcpu_destroy_begin vcpu_generation=439 owner_generation=439 owner=216760 vm_generation=1
INTEL_OWNER phase=vcpu_destroy_end vcpu_generation=439 owner_generation=439 owner=216760 vm_generation=1
INTEL_OWNER phase=lease_release_end vcpu_generation=439 owner_generation=439 owner=216760 vm_generation=1
INTEL_OWNER phase=owner_join_begin vcpu_generation=439 owner_generation=439 owner=216760 vm_generation=1
INTEL_OWNER phase=owner_join_end vcpu_generation=439 owner_generation=439 owner=216760 vm_generation=1
INTEL_OWNER phase=owner_activate vcpu_generation=440 owner_generation=440 owner=216765 vm_generation=1
INTEL_OWNER phase=lease_acquire_end vcpu_generation=440 owner_generation=440 owner=216765 vm_generation=1
INTEL_OWNER phase=vcpu_create_begin vcpu_generation=440 owner_generation=440 owner=216765 vm_generation=1
INTEL_OWNER phase=vcpu_create_end vcpu_generation=440 owner_generation=440 owner=216765 vm_generation=1
[       OK ] HvfIntelProbe.InstructionOnly (20 ms)
[----------] 1 test from HvfIntelProbe (20 ms total)

[==========] 1 test from 1 test suite ran. (20 ms total)
[  PASSED  ] 1 test.

Repeating all tests (iteration 440) . . .

Note: Google Test filter = HvfIntelProbe.InstructionOnly
[==========] Running 1 test from 1 test suite.
[----------] 1 test from HvfIntelProbe
[ RUN      ] HvfIntelProbe.InstructionOnly
INTEL_PROBE phase=executor_initialization
INTEL_PROBE phase=executor_retained
INTEL_PROBE phase=startup_probe
INTEL_PROBE phase=ordinary_steps
INTEL_PROBE phase=instruction_retirement
INTEL_OWNER phase=replacement_parked vcpu_generation=441 owner_generation=441 owner=216769 vm_generation=1
INTEL_OWNER phase=vcpu_destroy_begin vcpu_generation=440 owner_generation=440 owner=216765 vm_generation=1
INTEL_OWNER phase=vcpu_destroy_end vcpu_generation=440 owner_generation=440 owner=216765 vm_generation=1
INTEL_OWNER phase=lease_release_end vcpu_generation=440 owner_generation=440 owner=216765 vm_generation=1
INTEL_OWNER phase=owner_join_begin vcpu_generation=440 owner_generation=440 owner=216765 vm_generation=1
INTEL_OWNER phase=owner_join_end vcpu_generation=440 owner_generation=440 owner=216765 vm_generation=1
INTEL_OWNER phase=owner_activate vcpu_generation=441 owner_generation=441 owner=216769 vm_generation=1
INTEL_OWNER phase=lease_acquire_end vcpu_generation=441 owner_generation=441 owner=216769 vm_generation=1
INTEL_OWNER phase=vcpu_create_begin vcpu_generation=441 owner_generation=441 owner=216769 vm_generation=1
INTEL_OWNER phase=vcpu_create_end vcpu_generation=441 owner_generation=441 owner=216769 vm_generation=1
[       OK ] HvfIntelProbe.InstructionOnly (20 ms)
[----------] 1 test from HvfIntelProbe (20 ms total)

[==========] 1 test from 1 test suite ran. (20 ms total)
[  PASSED  ] 1 test.

Repeating all tests (iteration 441) . . .

Note: Google Test filter = HvfIntelProbe.InstructionOnly
[==========] Running 1 test from 1 test suite.
[----------] 1 test from HvfIntelProbe
[ RUN      ] HvfIntelProbe.InstructionOnly
INTEL_PROBE phase=executor_initialization
INTEL_PROBE phase=executor_retained
INTEL_PROBE phase=startup_probe
INTEL_PROBE phase=ordinary_steps
INTEL_PROBE phase=instruction_retirement
INTEL_OWNER phase=replacement_parked vcpu_generation=442 owner_generation=442 owner=216774 vm_generation=1
INTEL_OWNER phase=vcpu_destroy_begin vcpu_generation=441 owner_generation=441 owner=216769 vm_generation=1
INTEL_OWNER phase=vcpu_destroy_end vcpu_generation=441 owner_generation=441 owner=216769 vm_generation=1
INTEL_OWNER phase=lease_release_end vcpu_generation=441 owner_generation=441 owner=216769 vm_generation=1
INTEL_OWNER phase=owner_join_begin vcpu_generation=441 owner_generation=441 owner=216769 vm_generation=1
INTEL_OWNER phase=owner_join_end vcpu_generation=441 owner_generation=441 owner=216769 vm_generation=1
INTEL_OWNER phase=owner_activate vcpu_generation=442 owner_generation=442 owner=216774 vm_generation=1
INTEL_OWNER phase=lease_acquire_end vcpu_generation=442 owner_generation=442 owner=216774 vm_generation=1
INTEL_OWNER phase=vcpu_create_begin vcpu_generation=442 owner_generation=442 owner=216774 vm_generation=1
INTEL_OWNER phase=vcpu_create_end vcpu_generation=442 owner_generation=442 owner=216774 vm_generation=1
[       OK ] HvfIntelProbe.InstructionOnly (22 ms)
[----------] 1 test from HvfIntelProbe (22 ms total)

[==========] 1 test from 1 test suite ran. (22 ms total)
[  PASSED  ] 1 test.

Repeating all tests (iteration 442) . . .

Note: Google Test filter = HvfIntelProbe.InstructionOnly
[==========] Running 1 test from 1 test suite.
[----------] 1 test from HvfIntelProbe
[ RUN      ] HvfIntelProbe.InstructionOnly
INTEL_PROBE phase=executor_initialization
INTEL_PROBE phase=executor_retained
INTEL_PROBE phase=startup_probe
INTEL_PROBE phase=ordinary_steps
INTEL_PROBE phase=instruction_retirement
INTEL_OWNER phase=replacement_parked vcpu_generation=443 owner_generation=443 owner=216779 vm_generation=1
INTEL_OWNER phase=vcpu_destroy_begin vcpu_generation=442 owner_generation=442 owner=216774 vm_generation=1
INTEL_OWNER phase=vcpu_destroy_end vcpu_generation=442 owner_generation=442 owner=216774 vm_generation=1
INTEL_OWNER phase=lease_release_end vcpu_generation=442 owner_generation=442 owner=216774 vm_generation=1
INTEL_OWNER phase=owner_join_begin vcpu_generation=442 owner_generation=442 owner=216774 vm_generation=1
INTEL_OWNER phase=owner_join_end vcpu_generation=442 owner_generation=442 owner=216774 vm_generation=1
INTEL_OWNER phase=owner_activate vcpu_generation=443 owner_generation=443 owner=216779 vm_generation=1
INTEL_OWNER phase=lease_acquire_end vcpu_generation=443 owner_generation=443 owner=216779 vm_generation=1
INTEL_OWNER phase=vcpu_create_begin vcpu_generation=443 owner_generation=443 owner=216779 vm_generation=1
INTEL_OWNER phase=vcpu_create_end vcpu_generation=443 owner_generation=443 owner=216779 vm_generation=1
[       OK ] HvfIntelProbe.InstructionOnly (19 ms)
[----------] 1 test from HvfIntelProbe (20 ms total)

[==========] 1 test from 1 test suite ran. (20 ms total)
[  PASSED  ] 1 test.

Repeating all tests (iteration 443) . . .

Note: Google Test filter = HvfIntelProbe.InstructionOnly
[==========] Running 1 test from 1 test suite.
[----------] 1 test from HvfIntelProbe
[ RUN      ] HvfIntelProbe.InstructionOnly
INTEL_PROBE phase=executor_initialization
INTEL_PROBE phase=executor_retained
INTEL_PROBE phase=startup_probe
INTEL_PROBE phase=ordinary_steps
INTEL_PROBE phase=instruction_retirement
INTEL_OWNER phase=replacement_parked vcpu_generation=444 owner_generation=444 owner=216785 vm_generation=1
INTEL_OWNER phase=vcpu_destroy_begin vcpu_generation=443 owner_generation=443 owner=216779 vm_generation=1
INTEL_OWNER phase=vcpu_destroy_end vcpu_generation=443 owner_generation=443 owner=216779 vm_generation=1
INTEL_OWNER phase=lease_release_end vcpu_generation=443 owner_generation=443 owner=216779 vm_generation=1
INTEL_OWNER phase=owner_join_begin vcpu_generation=443 owner_generation=443 owner=216779 vm_generation=1
INTEL_OWNER phase=owner_join_end vcpu_generation=443 owner_generation=443 owner=216779 vm_generation=1
INTEL_OWNER phase=owner_activate vcpu_generation=444 owner_generation=444 owner=216785 vm_generation=1
INTEL_OWNER phase=lease_acquire_end vcpu_generation=444 owner_generation=444 owner=216785 vm_generation=1
INTEL_OWNER phase=vcpu_create_begin vcpu_generation=444 owner_generation=444 owner=216785 vm_generation=1
INTEL_OWNER phase=vcpu_create_end vcpu_generation=444 owner_generation=444 owner=216785 vm_generation=1
[       OK ] HvfIntelProbe.InstructionOnly (26 ms)
[----------] 1 test from HvfIntelProbe (26 ms total)

[==========] 1 test from 1 test suite ran. (26 ms total)
[  PASSED  ] 1 test.

Repeating all tests (iteration 444) . . .

Note: Google Test filter = HvfIntelProbe.InstructionOnly
[==========] Running 1 test from 1 test suite.
[----------] 1 test from HvfIntelProbe
[ RUN      ] HvfIntelProbe.InstructionOnly
INTEL_PROBE phase=executor_initialization
INTEL_PROBE phase=executor_retained
INTEL_PROBE phase=startup_probe
INTEL_PROBE phase=ordinary_steps
INTEL_PROBE phase=instruction_retirement
INTEL_OWNER phase=replacement_parked vcpu_generation=445 owner_generation=445 owner=216790 vm_generation=1
INTEL_OWNER phase=vcpu_destroy_begin vcpu_generation=444 owner_generation=444 owner=216785 vm_generation=1
INTEL_OWNER phase=vcpu_destroy_end vcpu_generation=444 owner_generation=444 owner=216785 vm_generation=1
INTEL_OWNER phase=lease_release_end vcpu_generation=444 owner_generation=444 owner=216785 vm_generation=1
INTEL_OWNER phase=owner_join_begin vcpu_generation=444 owner_generation=444 owner=216785 vm_generation=1
INTEL_OWNER phase=owner_join_end vcpu_generation=444 owner_generation=444 owner=216785 vm_generation=1
INTEL_OWNER phase=owner_activate vcpu_generation=445 owner_generation=445 owner=216790 vm_generation=1
INTEL_OWNER phase=lease_acquire_end vcpu_generation=445 owner_generation=445 owner=216790 vm_generation=1
INTEL_OWNER phase=vcpu_create_begin vcpu_generation=445 owner_generation=445 owner=216790 vm_generation=1
INTEL_OWNER phase=vcpu_create_end vcpu_generation=445 owner_generation=445 owner=216790 vm_generation=1
[       OK ] HvfIntelProbe.InstructionOnly (23 ms)
[----------] 1 test from HvfIntelProbe (24 ms total)

[==========] 1 test from 1 test suite ran. (24 ms total)
[  PASSED  ] 1 test.

Repeating all tests (iteration 445) . . .

Note: Google Test filter = HvfIntelProbe.InstructionOnly
[==========] Running 1 test from 1 test suite.
[----------] 1 test from HvfIntelProbe
[ RUN      ] HvfIntelProbe.InstructionOnly
INTEL_PROBE phase=executor_initialization
INTEL_PROBE phase=executor_retained
INTEL_PROBE phase=startup_probe
INTEL_PROBE phase=ordinary_steps
INTEL_PROBE phase=instruction_retirement
INTEL_OWNER phase=replacement_parked vcpu_generation=446 owner_generation=446 owner=216794 vm_generation=1
INTEL_OWNER phase=vcpu_destroy_begin vcpu_generation=445 owner_generation=445 owner=216790 vm_generation=1
INTEL_OWNER phase=vcpu_destroy_end vcpu_generation=445 owner_generation=445 owner=216790 vm_generation=1
INTEL_OWNER phase=lease_release_end vcpu_generation=445 owner_generation=445 owner=216790 vm_generation=1
INTEL_OWNER phase=owner_join_begin vcpu_generation=445 owner_generation=445 owner=216790 vm_generation=1
INTEL_OWNER phase=owner_join_end vcpu_generation=445 owner_generation=445 owner=216790 vm_generation=1
INTEL_OWNER phase=owner_activate vcpu_generation=446 owner_generation=446 owner=216794 vm_generation=1
INTEL_OWNER phase=lease_acquire_end vcpu_generation=446 owner_generation=446 owner=216794 vm_generation=1
INTEL_OWNER phase=vcpu_create_begin vcpu_generation=446 owner_generation=446 owner=216794 vm_generation=1
INTEL_OWNER phase=vcpu_create_end vcpu_generation=446 owner_generation=446 owner=216794 vm_generation=1
[       OK ] HvfIntelProbe.InstructionOnly (20 ms)
[----------] 1 test from HvfIntelProbe (20 ms total)

[==========] 1 test from 1 test suite ran. (20 ms total)
[  PASSED  ] 1 test.

Repeating all tests (iteration 446) . . .

Note: Google Test filter = HvfIntelProbe.InstructionOnly
[==========] Running 1 test from 1 test suite.
[----------] 1 test from HvfIntelProbe
[ RUN      ] HvfIntelProbe.InstructionOnly
INTEL_PROBE phase=executor_initialization
INTEL_PROBE phase=executor_retained
INTEL_PROBE phase=startup_probe
INTEL_PROBE phase=ordinary_steps
INTEL_PROBE phase=instruction_retirement
INTEL_OWNER phase=replacement_parked vcpu_generation=447 owner_generation=447 owner=216799 vm_generation=1
INTEL_OWNER phase=vcpu_destroy_begin vcpu_generation=446 owner_generation=446 owner=216794 vm_generation=1
INTEL_OWNER phase=vcpu_destroy_end vcpu_generation=446 owner_generation=446 owner=216794 vm_generation=1
INTEL_OWNER phase=lease_release_end vcpu_generation=446 owner_generation=446 owner=216794 vm_generation=1
INTEL_OWNER phase=owner_join_begin vcpu_generation=446 owner_generation=446 owner=216794 vm_generation=1
INTEL_OWNER phase=owner_join_end vcpu_generation=446 owner_generation=446 owner=216794 vm_generation=1
INTEL_OWNER phase=owner_activate vcpu_generation=447 owner_generation=447 owner=216799 vm_generation=1
INTEL_OWNER phase=lease_acquire_end vcpu_generation=447 owner_generation=447 owner=216799 vm_generation=1
INTEL_OWNER phase=vcpu_create_begin vcpu_generation=447 owner_generation=447 owner=216799 vm_generation=1
INTEL_OWNER phase=vcpu_create_end vcpu_generation=447 owner_generation=447 owner=216799 vm_generation=1
[       OK ] HvfIntelProbe.InstructionOnly (20 ms)
[----------] 1 test from HvfIntelProbe (20 ms total)

[==========] 1 test from 1 test suite ran. (20 ms total)
[  PASSED  ] 1 test.

Repeating all tests (iteration 447) . . .

Note: Google Test filter = HvfIntelProbe.InstructionOnly
[==========] Running 1 test from 1 test suite.
[----------] 1 test from HvfIntelProbe
[ RUN      ] HvfIntelProbe.InstructionOnly
INTEL_PROBE phase=executor_initialization
INTEL_PROBE phase=executor_retained
INTEL_PROBE phase=startup_probe
INTEL_PROBE phase=ordinary_steps
INTEL_PROBE phase=instruction_retirement
INTEL_OWNER phase=replacement_parked vcpu_generation=448 owner_generation=448 owner=216804 vm_generation=1
INTEL_OWNER phase=vcpu_destroy_begin vcpu_generation=447 owner_generation=447 owner=216799 vm_generation=1
INTEL_OWNER phase=vcpu_destroy_end vcpu_generation=447 owner_generation=447 owner=216799 vm_generation=1
INTEL_OWNER phase=lease_release_end vcpu_generation=447 owner_generation=447 owner=216799 vm_generation=1
INTEL_OWNER phase=owner_join_begin vcpu_generation=447 owner_generation=447 owner=216799 vm_generation=1
INTEL_OWNER phase=owner_join_end vcpu_generation=447 owner_generation=447 owner=216799 vm_generation=1
INTEL_OWNER phase=owner_activate vcpu_generation=448 owner_generation=448 owner=216804 vm_generation=1
INTEL_OWNER phase=lease_acquire_end vcpu_generation=448 owner_generation=448 owner=216804 vm_generation=1
INTEL_OWNER phase=vcpu_create_begin vcpu_generation=448 owner_generation=448 owner=216804 vm_generation=1
INTEL_OWNER phase=vcpu_create_end vcpu_generation=448 owner_generation=448 owner=216804 vm_generation=1
[       OK ] HvfIntelProbe.InstructionOnly (20 ms)
[----------] 1 test from HvfIntelProbe (20 ms total)

[==========] 1 test from 1 test suite ran. (20 ms total)
[  PASSED  ] 1 test.

Repeating all tests (iteration 448) . . .

Note: Google Test filter = HvfIntelProbe.InstructionOnly
[==========] Running 1 test from 1 test suite.
[----------] 1 test from HvfIntelProbe
[ RUN      ] HvfIntelProbe.InstructionOnly
INTEL_PROBE phase=executor_initialization
INTEL_PROBE phase=executor_retained
INTEL_PROBE phase=startup_probe
INTEL_PROBE phase=ordinary_steps
INTEL_PROBE phase=instruction_retirement
INTEL_OWNER phase=replacement_parked vcpu_generation=449 owner_generation=449 owner=216809 vm_generation=1
INTEL_OWNER phase=vcpu_destroy_begin vcpu_generation=448 owner_generation=448 owner=216804 vm_generation=1
INTEL_OWNER phase=vcpu_destroy_end vcpu_generation=448 owner_generation=448 owner=216804 vm_generation=1
INTEL_OWNER phase=lease_release_end vcpu_generation=448 owner_generation=448 owner=216804 vm_generation=1
INTEL_OWNER phase=owner_join_begin vcpu_generation=448 owner_generation=448 owner=216804 vm_generation=1
INTEL_OWNER phase=owner_join_end vcpu_generation=448 owner_generation=448 owner=216804 vm_generation=1
INTEL_OWNER phase=owner_activate vcpu_generation=449 owner_generation=449 owner=216809 vm_generation=1
INTEL_OWNER phase=lease_acquire_end vcpu_generation=449 owner_generation=449 owner=216809 vm_generation=1
INTEL_OWNER phase=vcpu_create_begin vcpu_generation=449 owner_generation=449 owner=216809 vm_generation=1
INTEL_OWNER phase=vcpu_create_end vcpu_generation=449 owner_generation=449 owner=216809 vm_generation=1
[       OK ] HvfIntelProbe.InstructionOnly (21 ms)
[----------] 1 test from HvfIntelProbe (21 ms total)

[==========] 1 test from 1 test suite ran. (21 ms total)
[  PASSED  ] 1 test.

Repeating all tests (iteration 449) . . .

Note: Google Test filter = HvfIntelProbe.InstructionOnly
[==========] Running 1 test from 1 test suite.
[----------] 1 test from HvfIntelProbe
[ RUN      ] HvfIntelProbe.InstructionOnly
INTEL_PROBE phase=executor_initialization
INTEL_PROBE phase=executor_retained
INTEL_PROBE phase=startup_probe
INTEL_PROBE phase=ordinary_steps
INTEL_PROBE phase=instruction_retirement
INTEL_OWNER phase=replacement_parked vcpu_generation=450 owner_generation=450 owner=216815 vm_generation=1
INTEL_OWNER phase=vcpu_destroy_begin vcpu_generation=449 owner_generation=449 owner=216809 vm_generation=1
INTEL_OWNER phase=vcpu_destroy_end vcpu_generation=449 owner_generation=449 owner=216809 vm_generation=1
INTEL_OWNER phase=lease_release_end vcpu_generation=449 owner_generation=449 owner=216809 vm_generation=1
INTEL_OWNER phase=owner_join_begin vcpu_generation=449 owner_generation=449 owner=216809 vm_generation=1
INTEL_OWNER phase=owner_join_end vcpu_generation=449 owner_generation=449 owner=216809 vm_generation=1
INTEL_OWNER phase=owner_activate vcpu_generation=450 owner_generation=450 owner=216815 vm_generation=1
INTEL_OWNER phase=lease_acquire_end vcpu_generation=450 owner_generation=450 owner=216815 vm_generation=1
INTEL_OWNER phase=vcpu_create_begin vcpu_generation=450 owner_generation=450 owner=216815 vm_generation=1
INTEL_OWNER phase=vcpu_create_end vcpu_generation=450 owner_generation=450 owner=216815 vm_generation=1
[       OK ] HvfIntelProbe.InstructionOnly (59 ms)
[----------] 1 test from HvfIntelProbe (59 ms total)

[==========] 1 test from 1 test suite ran. (59 ms total)
[  PASSED  ] 1 test.

Repeating all tests (iteration 450) . . .

Note: Google Test filter = HvfIntelProbe.InstructionOnly
[==========] Running 1 test from 1 test suite.
[----------] 1 test from HvfIntelProbe
[ RUN      ] HvfIntelProbe.InstructionOnly
INTEL_PROBE phase=executor_initialization
INTEL_PROBE phase=executor_retained
INTEL_PROBE phase=startup_probe
INTEL_PROBE phase=ordinary_steps
INTEL_PROBE phase=instruction_retirement
INTEL_OWNER phase=replacement_parked vcpu_generation=451 owner_generation=451 owner=216820 vm_generation=1
INTEL_OWNER phase=vcpu_destroy_begin vcpu_generation=450 owner_generation=450 owner=216815 vm_generation=1
INTEL_OWNER phase=vcpu_destroy_end vcpu_generation=450 owner_generation=450 owner=216815 vm_generation=1
INTEL_OWNER phase=lease_release_end vcpu_generation=450 owner_generation=450 owner=216815 vm_generation=1
INTEL_OWNER phase=owner_join_begin vcpu_generation=450 owner_generation=450 owner=216815 vm_generation=1
INTEL_OWNER phase=owner_join_end vcpu_generation=450 owner_generation=450 owner=216815 vm_generation=1
INTEL_OWNER phase=owner_activate vcpu_generation=451 owner_generation=451 owner=216820 vm_generation=1
INTEL_OWNER phase=lease_acquire_end vcpu_generation=451 owner_generation=451 owner=216820 vm_generation=1
INTEL_OWNER phase=vcpu_create_begin vcpu_generation=451 owner_generation=451 owner=216820 vm_generation=1
INTEL_OWNER phase=vcpu_create_end vcpu_generation=451 owner_generation=451 owner=216820 vm_generation=1
[       OK ] HvfIntelProbe.InstructionOnly (27 ms)
[----------] 1 test from HvfIntelProbe (28 ms total)

[==========] 1 test from 1 test suite ran. (28 ms total)
[  PASSED  ] 1 test.

Repeating all tests (iteration 451) . . .

Note: Google Test filter = HvfIntelProbe.InstructionOnly
[==========] Running 1 test from 1 test suite.
[----------] 1 test from HvfIntelProbe
[ RUN      ] HvfIntelProbe.InstructionOnly
INTEL_PROBE phase=executor_initialization
INTEL_PROBE phase=executor_retained
INTEL_PROBE phase=startup_probe
INTEL_PROBE phase=ordinary_steps
INTEL_PROBE phase=instruction_retirement
INTEL_OWNER phase=replacement_parked vcpu_generation=452 owner_generation=452 owner=216825 vm_generation=1
INTEL_OWNER phase=vcpu_destroy_begin vcpu_generation=451 owner_generation=451 owner=216820 vm_generation=1
INTEL_OWNER phase=vcpu_destroy_end vcpu_generation=451 owner_generation=451 owner=216820 vm_generation=1
INTEL_OWNER phase=lease_release_end vcpu_generation=451 owner_generation=451 owner=216820 vm_generation=1
INTEL_OWNER phase=owner_join_begin vcpu_generation=451 owner_generation=451 owner=216820 vm_generation=1
INTEL_OWNER phase=owner_join_end vcpu_generation=451 owner_generation=451 owner=216820 vm_generation=1
INTEL_OWNER phase=owner_activate vcpu_generation=452 owner_generation=452 owner=216825 vm_generation=1
INTEL_OWNER phase=lease_acquire_end vcpu_generation=452 owner_generation=452 owner=216825 vm_generation=1
INTEL_OWNER phase=vcpu_create_begin vcpu_generation=452 owner_generation=452 owner=216825 vm_generation=1
INTEL_OWNER phase=vcpu_create_end vcpu_generation=452 owner_generation=452 owner=216825 vm_generation=1
[       OK ] HvfIntelProbe.InstructionOnly (22 ms)
[----------] 1 test from HvfIntelProbe (22 ms total)

[==========] 1 test from 1 test suite ran. (22 ms total)
[  PASSED  ] 1 test.

Repeating all tests (iteration 452) . . .

Note: Google Test filter = HvfIntelProbe.InstructionOnly
[==========] Running 1 test from 1 test suite.
[----------] 1 test from HvfIntelProbe
[ RUN      ] HvfIntelProbe.InstructionOnly
INTEL_PROBE phase=executor_initialization
INTEL_PROBE phase=executor_retained
INTEL_PROBE phase=startup_probe
INTEL_PROBE phase=ordinary_steps
