Running main() from /Users/runner/work/test_mac_intel/test_mac_intel/source/build-hvf/_deps/googletest-src/googletest/src/gtest_main.cc

Repeating all tests (iteration 1) . . .

Note: Google Test filter = HvfIntelProbe.FiniteDeadline
[==========] Running 1 test from 1 test suite.
[----------] Global test environment set-up.
[----------] 1 test from HvfIntelProbe
[ RUN      ] HvfIntelProbe.FiniteDeadline
INTEL_PROBE phase=executor_initialization
INTEL_PROBE phase=executor_retained
INTEL_PROBE phase=startup_probe
INTEL_PROBE phase=prepare_with_transport
INTEL_PROBE witness_budget mach_start=977068068778 mach_end=979067090887 remaining_ns=1999022109 timebase_numer=1 timebase_denom=1 max_calls=4096
INTEL_PROBE begin=finite_loop call=1 deadline=977073121347 rip=65537 nonce=977066731936 witness=0
INTEL_PROBE end=finite_loop call=1 status=0 mach_before=977068131465 mach_after=977069536442
INTEL_PROBE capture=finite_loop call=1 exec_before=1101053 exec_after=2332779 reason_before=37 reason=1 rip_before=65537 rip=65540 rax=977066731936 nonce=977066731936 witness=977066731936
INTEL_PROBE begin=finite_loop call=2 deadline=977073121347 rip=65540 nonce=977066731936 witness=977066731936
INTEL_PROBE end=finite_loop call=2 status=0 mach_before=977069617160 mach_after=977075812956
INTEL_PROBE capture=finite_loop call=2 exec_before=2332779 exec_after=8522385 reason_before=1 reason=52 rip_before=65540 rip=65540 rax=977066731936 nonce=977066731936 witness=977066731936
INTEL_PROBE phase=prepare_with_transport
INTEL_PROBE begin=expired_mtf call=3 deadline=0 rip=65543 nonce=977075897691 witness=0
INTEL_PROBE end=expired_mtf call=3 status=0 mach_before=977077515399 mach_after=977077560479
INTEL_PROBE capture=expired_mtf call=3 exec_before=8960323 exec_after=9002700 reason_before=37 reason=52 rip_before=65543 rip=65543 rax=977075897691 nonce=977075897691 witness=0
INTEL_PROBE phase=prepare_with_transport
INTEL_PROBE begin=finite_mtf call=4 deadline=977083469575 rip=65543 nonce=977077627600 witness=0
INTEL_PROBE end=finite_mtf call=4 status=0 mach_before=977078491806 mach_after=977078923911
INTEL_PROBE capture=finite_mtf call=4 exec_before=9340191 exec_after=9679698 reason_before=37 reason=37 rip_before=65543 rip=65546 rax=977077627601 nonce=977077627600 witness=0
INTEL_PROBE phase=verified_retry
INTEL_PROBE phase=prepare_with_transport
INTEL_PROBE phase=finite_retirement
INTEL_LIFECYCLE phase=vcpu_destroy_begin generation=1 owner=70365
INTEL_LIFECYCLE phase=vcpu_destroy_end generation=1 owner=70365
INTEL_LIFECYCLE phase=vm_destroy_begin generation=1 owner=70365
INTEL_LIFECYCLE phase=vm_destroy_end generation=1 owner=70365
INTEL_LIFECYCLE phase=vm_create_begin generation=2 owner=70365
INTEL_LIFECYCLE phase=vm_create_end generation=2 owner=70365
INTEL_LIFECYCLE phase=vcpu_create_begin generation=2 owner=70365
INTEL_LIFECYCLE phase=vcpu_create_end generation=2 owner=70365
[       OK ] HvfIntelProbe.FiniteDeadline (22 ms)
[----------] 1 test from HvfIntelProbe (22 ms total)

[==========] 1 test from 1 test suite ran. (22 ms total)
[  PASSED  ] 1 test.

Repeating all tests (iteration 2) . . .

Note: Google Test filter = HvfIntelProbe.FiniteDeadline
[==========] Running 1 test from 1 test suite.
[----------] 1 test from HvfIntelProbe
[ RUN      ] HvfIntelProbe.FiniteDeadline
INTEL_PROBE phase=executor_initialization
INTEL_PROBE phase=executor_retained
INTEL_PROBE phase=startup_probe
INTEL_PROBE phase=prepare_with_transport
INTEL_PROBE witness_budget mach_start=977088902569 mach_end=979088466328 remaining_ns=1999563759 timebase_numer=1 timebase_denom=1 max_calls=4096
INTEL_PROBE begin=finite_loop call=1 deadline=977093929527 rip=65537 nonce=977088105548 witness=0
INTEL_PROBE end=finite_loop call=1 status=0 mach_before=977088937463 mach_after=977094564176
INTEL_PROBE capture=finite_loop call=1 exec_before=1123517 exec_after=6562254 reason_before=37 reason=52 rip_before=65537 rip=65540 rax=977088105548 nonce=977088105548 witness=977088105548
INTEL_PROBE phase=prepare_with_transport
INTEL_PROBE begin=expired_mtf call=2 deadline=0 rip=65543 nonce=977094654423 witness=0
INTEL_PROBE end=expired_mtf call=2 status=0 mach_before=977096006602 mach_after=977096051486
INTEL_PROBE capture=expired_mtf call=2 exec_before=6938446 exec_after=6980758 reason_before=37 reason=52 rip_before=65543 rip=65543 rax=977094654423 nonce=977094654423 witness=0
INTEL_PROBE phase=prepare_with_transport
INTEL_PROBE begin=finite_mtf call=3 deadline=977101950338 rip=65543 nonce=977096115881 witness=0
INTEL_PROBE end=finite_mtf call=3 status=0 mach_before=977096965588 mach_after=977097385295
INTEL_PROBE capture=finite_mtf call=3 exec_before=7315546 exec_after=7647087 reason_before=37 reason=37 rip_before=65543 rip=65546 rax=977096115882 nonce=977096115881 witness=0
INTEL_PROBE phase=verified_retry
INTEL_PROBE phase=prepare_with_transport
INTEL_PROBE phase=finite_retirement
INTEL_LIFECYCLE phase=vcpu_destroy_begin generation=2 owner=70365
INTEL_LIFECYCLE phase=vcpu_destroy_end generation=2 owner=70365
INTEL_LIFECYCLE phase=vm_destroy_begin generation=2 owner=70365
INTEL_LIFECYCLE phase=vm_destroy_end generation=2 owner=70365
INTEL_LIFECYCLE phase=vm_create_begin generation=3 owner=70365
INTEL_LIFECYCLE phase=vm_create_end generation=3 owner=70365
INTEL_LIFECYCLE phase=vcpu_create_begin generation=3 owner=70365
INTEL_LIFECYCLE phase=vcpu_create_end generation=3 owner=70365
[       OK ] HvfIntelProbe.FiniteDeadline (18 ms)
[----------] 1 test from HvfIntelProbe (18 ms total)

[==========] 1 test from 1 test suite ran. (18 ms total)
[  PASSED  ] 1 test.

Repeating all tests (iteration 3) . . .

Note: Google Test filter = HvfIntelProbe.FiniteDeadline
[==========] Running 1 test from 1 test suite.
[----------] 1 test from HvfIntelProbe
[ RUN      ] HvfIntelProbe.FiniteDeadline
INTEL_PROBE phase=executor_initialization
INTEL_PROBE phase=executor_retained
INTEL_PROBE phase=startup_probe
INTEL_PROBE phase=prepare_with_transport
INTEL_PROBE witness_budget mach_start=977106784178 mach_end=979106281145 remaining_ns=1999496967 timebase_numer=1 timebase_denom=1 max_calls=4096
INTEL_PROBE begin=finite_loop call=1 deadline=977111805951 rip=65537 nonce=977105926823 witness=0
INTEL_PROBE end=finite_loop call=1 status=0 mach_before=977106812203 mach_after=977113918666
INTEL_PROBE capture=finite_loop call=1 exec_before=1004974 exec_after=7940634 reason_before=37 reason=52 rip_before=65537 rip=65540 rax=977105926823 nonce=977105926823 witness=977105926823
INTEL_PROBE phase=prepare_with_transport
INTEL_PROBE begin=expired_mtf call=2 deadline=0 rip=65543 nonce=977114002973 witness=0
INTEL_PROBE end=expired_mtf call=2 status=0 mach_before=977115345686 mach_after=977115388974
INTEL_PROBE capture=expired_mtf call=2 exec_before=8332590 exec_after=8373381 reason_before=37 reason=52 rip_before=65543 rip=65543 rax=977114002973 nonce=977114002973 witness=0
INTEL_PROBE phase=prepare_with_transport
INTEL_PROBE begin=finite_mtf call=3 deadline=977121266855 rip=65543 nonce=977115450401 witness=0
INTEL_PROBE end=finite_mtf call=3 status=0 mach_before=977116281160 mach_after=977116691686
INTEL_PROBE capture=finite_mtf call=3 exec_before=8698310 exec_after=9023838 reason_before=37 reason=37 rip_before=65543 rip=65546 rax=977115450402 nonce=977115450401 witness=0
INTEL_PROBE phase=verified_retry
INTEL_PROBE phase=prepare_with_transport
INTEL_PROBE phase=finite_retirement
INTEL_LIFECYCLE phase=vcpu_destroy_begin generation=3 owner=70365
INTEL_LIFECYCLE phase=vcpu_destroy_end generation=3 owner=70365
INTEL_LIFECYCLE phase=vm_destroy_begin generation=3 owner=70365
INTEL_LIFECYCLE phase=vm_destroy_end generation=3 owner=70365
INTEL_LIFECYCLE phase=vm_create_begin generation=4 owner=70365
INTEL_LIFECYCLE phase=vm_create_end generation=4 owner=70365
INTEL_LIFECYCLE phase=vcpu_create_begin generation=4 owner=70365
INTEL_LIFECYCLE phase=vcpu_create_end generation=4 owner=70365
[       OK ] HvfIntelProbe.FiniteDeadline (19 ms)
[----------] 1 test from HvfIntelProbe (19 ms total)

[==========] 1 test from 1 test suite ran. (19 ms total)
[  PASSED  ] 1 test.

Repeating all tests (iteration 4) . . .

Note: Google Test filter = HvfIntelProbe.FiniteDeadline
[==========] Running 1 test from 1 test suite.
[----------] 1 test from HvfIntelProbe
[ RUN      ] HvfIntelProbe.FiniteDeadline
INTEL_PROBE phase=executor_initialization
INTEL_PROBE phase=executor_retained
INTEL_PROBE phase=startup_probe
INTEL_PROBE phase=prepare_with_transport
INTEL_PROBE witness_budget mach_start=977126097303 mach_end=979125367613 remaining_ns=1999270310 timebase_numer=1 timebase_denom=1 max_calls=4096
INTEL_PROBE begin=finite_loop call=1 deadline=977131118530 rip=65537 nonce=977124998844 witness=0
INTEL_PROBE end=finite_loop call=1 status=0 mach_before=977126124628 mach_after=977131930569
INTEL_PROBE capture=finite_loop call=1 exec_before=976421 exec_after=6655164 reason_before=37 reason=52 rip_before=65537 rip=65540 rax=977124998844 nonce=977124998844 witness=977124998844
INTEL_PROBE phase=prepare_with_transport
INTEL_PROBE begin=expired_mtf call=2 deadline=0 rip=65543 nonce=977132021012 witness=0
INTEL_PROBE end=expired_mtf call=2 status=0 mach_before=977133436541 mach_after=977133481492
INTEL_PROBE capture=expired_mtf call=2 exec_before=7079598 exec_after=7121866 reason_before=37 reason=52 rip_before=65543 rip=65543 rax=977132021012 nonce=977132021012 witness=0
INTEL_PROBE phase=prepare_with_transport
INTEL_PROBE begin=finite_mtf call=3 deadline=977139558271 rip=65543 nonce=977133545914 witness=0
INTEL_PROBE end=finite_mtf call=3 status=0 mach_before=977134577456 mach_after=977134996991
INTEL_PROBE capture=finite_mtf call=3 exec_before=7517671 exec_after=7847586 reason_before=37 reason=37 rip_before=65543 rip=65546 rax=977133545915 nonce=977133545914 witness=0
INTEL_PROBE phase=verified_retry
INTEL_PROBE phase=prepare_with_transport
INTEL_PROBE phase=finite_retirement
INTEL_LIFECYCLE phase=vcpu_destroy_begin generation=4 owner=70365
INTEL_LIFECYCLE phase=vcpu_destroy_end generation=4 owner=70365
INTEL_LIFECYCLE phase=vm_destroy_begin generation=4 owner=70365
INTEL_LIFECYCLE phase=vm_destroy_end generation=4 owner=70365
INTEL_LIFECYCLE phase=vm_create_begin generation=5 owner=70365
INTEL_LIFECYCLE phase=vm_create_end generation=5 owner=70365
INTEL_LIFECYCLE phase=vcpu_create_begin generation=5 owner=70365
INTEL_LIFECYCLE phase=vcpu_create_end generation=5 owner=70365
[       OK ] HvfIntelProbe.FiniteDeadline (18 ms)
[----------] 1 test from HvfIntelProbe (18 ms total)

[==========] 1 test from 1 test suite ran. (18 ms total)
[  PASSED  ] 1 test.

Repeating all tests (iteration 5) . . .

Note: Google Test filter = HvfIntelProbe.FiniteDeadline
[==========] Running 1 test from 1 test suite.
[----------] 1 test from HvfIntelProbe
[ RUN      ] HvfIntelProbe.FiniteDeadline
INTEL_PROBE phase=executor_initialization
INTEL_PROBE phase=executor_retained
INTEL_PROBE phase=startup_probe
INTEL_PROBE phase=prepare_with_transport
INTEL_PROBE witness_budget mach_start=977144731224 mach_end=979144175192 remaining_ns=1999443968 timebase_numer=1 timebase_denom=1 max_calls=4096
INTEL_PROBE begin=finite_loop call=1 deadline=977149754977 rip=65537 nonce=977143809413 witness=0
INTEL_PROBE end=finite_loop call=1 status=0 mach_before=977144762064 mach_after=977151768884
INTEL_PROBE capture=finite_loop call=1 exec_before=1084086 exec_after=7881207 reason_before=37 reason=52 rip_before=65537 rip=65540 rax=977143809413 nonce=977143809413 witness=977143809413
INTEL_PROBE phase=prepare_with_transport
INTEL_PROBE begin=expired_mtf call=2 deadline=0 rip=65543 nonce=977151860057 witness=0
INTEL_PROBE end=expired_mtf call=2 status=0 mach_before=977153531957 mach_after=977153575081
INTEL_PROBE capture=expired_mtf call=2 exec_before=8317175 exec_after=8357829 reason_before=37 reason=52 rip_before=65543 rip=65543 rax=977151860057 nonce=977151860057 witness=0
INTEL_PROBE phase=prepare_with_transport
INTEL_PROBE begin=finite_mtf call=3 deadline=977159484299 rip=65543 nonce=977153639276 witness=0
INTEL_PROBE end=finite_mtf call=3 status=0 mach_before=977154502179 mach_after=977154931540
INTEL_PROBE capture=finite_mtf call=3 exec_before=8686285 exec_after=9025365 reason_before=37 reason=37 rip_before=65543 rip=65546 rax=977153639277 nonce=977153639276 witness=0
INTEL_PROBE phase=verified_retry
INTEL_PROBE phase=prepare_with_transport
INTEL_PROBE phase=finite_retirement
INTEL_LIFECYCLE phase=vcpu_destroy_begin generation=5 owner=70365
INTEL_LIFECYCLE phase=vcpu_destroy_end generation=5 owner=70365
INTEL_LIFECYCLE phase=vm_destroy_begin generation=5 owner=70365
INTEL_LIFECYCLE phase=vm_destroy_end generation=5 owner=70365
INTEL_LIFECYCLE phase=vm_create_begin generation=6 owner=70365
INTEL_LIFECYCLE phase=vm_create_end generation=6 owner=70365
INTEL_LIFECYCLE phase=vcpu_create_begin generation=6 owner=70365
INTEL_LIFECYCLE phase=vcpu_create_end generation=6 owner=70365
[       OK ] HvfIntelProbe.FiniteDeadline (19 ms)
[----------] 1 test from HvfIntelProbe (19 ms total)

[==========] 1 test from 1 test suite ran. (19 ms total)
[  PASSED  ] 1 test.

Repeating all tests (iteration 6) . . .

Note: Google Test filter = HvfIntelProbe.FiniteDeadline
[==========] Running 1 test from 1 test suite.
[----------] 1 test from HvfIntelProbe
[ RUN      ] HvfIntelProbe.FiniteDeadline
INTEL_PROBE phase=executor_initialization
INTEL_PROBE phase=executor_retained
INTEL_PROBE phase=startup_probe
INTEL_PROBE phase=prepare_with_transport
INTEL_PROBE witness_budget mach_start=977164794465 mach_end=979163898775 remaining_ns=1999104310 timebase_numer=1 timebase_denom=1 max_calls=4096
INTEL_PROBE begin=finite_loop call=1 deadline=977169816971 rip=65537 nonce=977163557725 witness=0
INTEL_PROBE end=finite_loop call=1 status=0 mach_before=977164823829 mach_after=977169881691
INTEL_PROBE capture=finite_loop call=1 exec_before=977648 exec_after=5923588 reason_before=37 reason=52 rip_before=65537 rip=65540 rax=977163557725 nonce=977163557725 witness=977163557725
INTEL_PROBE phase=prepare_with_transport
INTEL_PROBE begin=expired_mtf call=2 deadline=0 rip=65543 nonce=977169961302 witness=0
INTEL_PROBE end=expired_mtf call=2 status=0 mach_before=977171155576 mach_after=977171199824
INTEL_PROBE capture=expired_mtf call=2 exec_before=6254573 exec_after=6296455 reason_before=37 reason=52 rip_before=65543 rip=65543 rax=977169961302 nonce=977169961302 witness=0
INTEL_PROBE phase=prepare_with_transport
INTEL_PROBE begin=finite_mtf call=3 deadline=977177114098 rip=65543 nonce=977171261581 witness=0
INTEL_PROBE end=finite_mtf call=3 status=0 mach_before=977172127846 mach_after=977172543583
INTEL_PROBE capture=finite_mtf call=3 exec_before=6640318 exec_after=6969337 reason_before=37 reason=37 rip_before=65543 rip=65546 rax=977171261582 nonce=977171261581 witness=0
INTEL_PROBE phase=verified_retry
INTEL_PROBE phase=prepare_with_transport
INTEL_PROBE phase=finite_retirement
INTEL_LIFECYCLE phase=vcpu_destroy_begin generation=6 owner=70365
INTEL_LIFECYCLE phase=vcpu_destroy_end generation=6 owner=70365
INTEL_LIFECYCLE phase=vm_destroy_begin generation=6 owner=70365
INTEL_LIFECYCLE phase=vm_destroy_end generation=6 owner=70365
INTEL_LIFECYCLE phase=vm_create_begin generation=7 owner=70365
INTEL_LIFECYCLE phase=vm_create_end generation=7 owner=70365
INTEL_LIFECYCLE phase=vcpu_create_begin generation=7 owner=70365
INTEL_LIFECYCLE phase=vcpu_create_end generation=7 owner=70365
[       OK ] HvfIntelProbe.FiniteDeadline (17 ms)
[----------] 1 test from HvfIntelProbe (17 ms total)

[==========] 1 test from 1 test suite ran. (17 ms total)
[  PASSED  ] 1 test.

Repeating all tests (iteration 7) . . .

Note: Google Test filter = HvfIntelProbe.FiniteDeadline
[==========] Running 1 test from 1 test suite.
[----------] 1 test from HvfIntelProbe
[ RUN      ] HvfIntelProbe.FiniteDeadline
INTEL_PROBE phase=executor_initialization
INTEL_PROBE phase=executor_retained
INTEL_PROBE phase=startup_probe
INTEL_PROBE phase=prepare_with_transport
INTEL_PROBE witness_budget mach_start=977182088023 mach_end=979181539739 remaining_ns=1999451716 timebase_numer=1 timebase_denom=1 max_calls=4096
INTEL_PROBE begin=finite_loop call=1 deadline=977187107484 rip=65537 nonce=977181122008 witness=0
INTEL_PROBE end=finite_loop call=1 status=0 mach_before=977182113027 mach_after=977187173472
INTEL_PROBE capture=finite_loop call=1 exec_before=1058171 exec_after=6008270 reason_before=37 reason=52 rip_before=65537 rip=65540 rax=977181122008 nonce=977181122008 witness=977181122008
INTEL_PROBE phase=prepare_with_transport
INTEL_PROBE begin=expired_mtf call=2 deadline=0 rip=65543 nonce=977187267706 witness=0
INTEL_PROBE end=expired_mtf call=2 status=0 mach_before=977188644499 mach_after=977188729623
INTEL_PROBE capture=expired_mtf call=2 exec_before=6432455 exec_after=6501578 reason_before=37 reason=52 rip_before=65543 rip=65543 rax=977187267706 nonce=977187267706 witness=0
INTEL_PROBE phase=prepare_with_transport
INTEL_PROBE begin=finite_mtf call=3 deadline=977194669695 rip=65543 nonce=977188796614 witness=0
INTEL_PROBE end=finite_mtf call=3 status=0 mach_before=977189683383 mach_after=977190095375
INTEL_PROBE capture=finite_mtf call=3 exec_before=6836227 exec_after=7162813 reason_before=37 reason=37 rip_before=65543 rip=65546 rax=977188796615 nonce=977188796614 witness=0
INTEL_PROBE phase=verified_retry
INTEL_PROBE phase=prepare_with_transport
INTEL_PROBE phase=finite_retirement
INTEL_LIFECYCLE phase=vcpu_destroy_begin generation=7 owner=70365
INTEL_LIFECYCLE phase=vcpu_destroy_end generation=7 owner=70365
INTEL_LIFECYCLE phase=vm_destroy_begin generation=7 owner=70365
INTEL_LIFECYCLE phase=vm_destroy_end generation=7 owner=70365
INTEL_LIFECYCLE phase=vm_create_begin generation=8 owner=70365
INTEL_LIFECYCLE phase=vm_create_end generation=8 owner=70365
INTEL_LIFECYCLE phase=vcpu_create_begin generation=8 owner=70365
INTEL_LIFECYCLE phase=vcpu_create_end generation=8 owner=70365
[       OK ] HvfIntelProbe.FiniteDeadline (17 ms)
[----------] 1 test from HvfIntelProbe (17 ms total)

[==========] 1 test from 1 test suite ran. (17 ms total)
[  PASSED  ] 1 test.

Repeating all tests (iteration 8) . . .

Note: Google Test filter = HvfIntelProbe.FiniteDeadline
[==========] Running 1 test from 1 test suite.
[----------] 1 test from HvfIntelProbe
[ RUN      ] HvfIntelProbe.FiniteDeadline
INTEL_PROBE phase=executor_initialization
INTEL_PROBE phase=executor_retained
INTEL_PROBE phase=startup_probe
INTEL_PROBE phase=prepare_with_transport
INTEL_PROBE witness_budget mach_start=977199765639 mach_end=979199166387 remaining_ns=1999400748 timebase_numer=1 timebase_denom=1 max_calls=4096
INTEL_PROBE begin=finite_loop call=1 deadline=977204786251 rip=65537 nonce=977198814266 witness=0
INTEL_PROBE end=finite_loop call=1 status=0 mach_before=977199792542 mach_after=977207929225
INTEL_PROBE capture=finite_loop call=1 exec_before=1043698 exec_after=8975313 reason_before=37 reason=52 rip_before=65537 rip=65540 rax=977198814266 nonce=977198814266 witness=977198814266
INTEL_PROBE phase=prepare_with_transport
INTEL_PROBE begin=expired_mtf call=2 deadline=0 rip=65543 nonce=977208014095 witness=0
INTEL_PROBE end=expired_mtf call=2 status=0 mach_before=977209338119 mach_after=977209381376
INTEL_PROBE capture=expired_mtf call=2 exec_before=9346547 exec_after=9387247 reason_before=37 reason=52 rip_before=65543 rip=65543 rax=977208014095 nonce=977208014095 witness=0
INTEL_PROBE phase=prepare_with_transport
INTEL_PROBE begin=finite_mtf call=3 deadline=977215260901 rip=65543 nonce=977209443128 witness=0
INTEL_PROBE end=finite_mtf call=3 status=0 mach_before=977210278497 mach_after=977210695333
INTEL_PROBE capture=finite_mtf call=3 exec_before=9711835 exec_after=10043073 reason_before=37 reason=37 rip_before=65543 rip=65546 rax=977209443129 nonce=977209443128 witness=0
INTEL_PROBE phase=verified_retry
INTEL_PROBE phase=prepare_with_transport
INTEL_PROBE phase=finite_retirement
INTEL_LIFECYCLE phase=vcpu_destroy_begin generation=8 owner=70365
INTEL_LIFECYCLE phase=vcpu_destroy_end generation=8 owner=70365
INTEL_LIFECYCLE phase=vm_destroy_begin generation=8 owner=70365
INTEL_LIFECYCLE phase=vm_destroy_end generation=8 owner=70365
INTEL_LIFECYCLE phase=vm_create_begin generation=9 owner=70365
INTEL_LIFECYCLE phase=vm_create_end generation=9 owner=70365
INTEL_LIFECYCLE phase=vcpu_create_begin generation=9 owner=70365
INTEL_LIFECYCLE phase=vcpu_create_end generation=9 owner=70365
[       OK ] HvfIntelProbe.FiniteDeadline (20 ms)
[----------] 1 test from HvfIntelProbe (21 ms total)

[==========] 1 test from 1 test suite ran. (21 ms total)
[  PASSED  ] 1 test.

Repeating all tests (iteration 9) . . .

Note: Google Test filter = HvfIntelProbe.FiniteDeadline
[==========] Running 1 test from 1 test suite.
[----------] 1 test from HvfIntelProbe
[ RUN      ] HvfIntelProbe.FiniteDeadline
INTEL_PROBE phase=executor_initialization
INTEL_PROBE phase=executor_retained
INTEL_PROBE phase=startup_probe
INTEL_PROBE phase=prepare_with_transport
INTEL_PROBE witness_budget mach_start=977222048610 mach_end=979220841127 remaining_ns=1998792517 timebase_numer=1 timebase_denom=1 max_calls=4096
INTEL_PROBE begin=finite_loop call=1 deadline=977227068022 rip=65537 nonce=977220431773 witness=0
INTEL_PROBE end=finite_loop call=1 status=0 mach_before=977222073825 mach_after=977223839520
INTEL_PROBE capture=finite_loop call=1 exec_before=1024532 exec_after=2579043 reason_before=37 reason=1 rip_before=65537 rip=65540 rax=977220431773 nonce=977220431773 witness=977220431773
INTEL_PROBE begin=finite_loop call=2 deadline=977227068022 rip=65540 nonce=977220431773 witness=977220431773
INTEL_PROBE end=finite_loop call=2 status=0 mach_before=977223896153 mach_after=977224011041
INTEL_PROBE capture=finite_loop call=2 exec_before=2579043 exec_after=2665259 reason_before=1 reason=1 rip_before=65540 rip=65540 rax=977220431773 nonce=977220431773 witness=977220431773
INTEL_PROBE begin=finite_loop call=3 deadline=977227068022 rip=65540 nonce=977220431773 witness=977220431773
INTEL_PROBE end=finite_loop call=3 status=0 mach_before=977224054460 mach_after=977229613999
INTEL_PROBE capture=finite_loop call=3 exec_before=2665259 exec_after=8087446 reason_before=1 reason=52 rip_before=65540 rip=65540 rax=977220431773 nonce=977220431773 witness=977220431773
INTEL_PROBE phase=prepare_with_transport
INTEL_PROBE begin=expired_mtf call=4 deadline=0 rip=65543 nonce=977229699802 witness=0
INTEL_PROBE end=expired_mtf call=4 status=0 mach_before=977231654002 mach_after=977231729640
INTEL_PROBE capture=expired_mtf call=4 exec_before=8538549 exec_after=8610923 reason_before=37 reason=52 rip_before=65543 rip=65543 rax=977229699802 nonce=977229699802 witness=0
INTEL_PROBE phase=prepare_with_transport
INTEL_PROBE begin=finite_mtf call=5 deadline=977238176935 rip=65543 nonce=977231795766 witness=0
INTEL_PROBE end=finite_mtf call=5 status=0 mach_before=977233198099 mach_after=977233878079
INTEL_PROBE capture=finite_mtf call=5 exec_before=8997558 exec_after=9495320 reason_before=37 reason=37 rip_before=65543 rip=65546 rax=977231795767 nonce=977231795766 witness=0
INTEL_PROBE phase=verified_retry
INTEL_PROBE phase=prepare_with_transport
INTEL_PROBE phase=finite_retirement
INTEL_LIFECYCLE phase=vcpu_destroy_begin generation=9 owner=70365
INTEL_LIFECYCLE phase=vcpu_destroy_end generation=9 owner=70365
INTEL_LIFECYCLE phase=vm_destroy_begin generation=9 owner=70365
INTEL_LIFECYCLE phase=vm_destroy_end generation=9 owner=70365
INTEL_LIFECYCLE phase=vm_create_begin generation=10 owner=70365
INTEL_LIFECYCLE phase=vm_create_end generation=10 owner=70365
INTEL_LIFECYCLE phase=vcpu_create_begin generation=10 owner=70365
INTEL_LIFECYCLE phase=vcpu_create_end generation=10 owner=70365
[       OK ] HvfIntelProbe.FiniteDeadline (23 ms)
[----------] 1 test from HvfIntelProbe (23 ms total)

[==========] 1 test from 1 test suite ran. (23 ms total)
[  PASSED  ] 1 test.

Repeating all tests (iteration 10) . . .

Note: Google Test filter = HvfIntelProbe.FiniteDeadline
[==========] Running 1 test from 1 test suite.
[----------] 1 test from HvfIntelProbe
[ RUN      ] HvfIntelProbe.FiniteDeadline
INTEL_PROBE phase=executor_initialization
INTEL_PROBE phase=executor_retained
INTEL_PROBE phase=startup_probe
INTEL_PROBE phase=prepare_with_transport
INTEL_PROBE witness_budget mach_start=977244837648 mach_end=979243351631 remaining_ns=1998513983 timebase_numer=1 timebase_denom=1 max_calls=4096
INTEL_PROBE begin=finite_loop call=1 deadline=977249861249 rip=65537 nonce=977243039414 witness=0
INTEL_PROBE end=finite_loop call=1 status=0 mach_before=977244867429 mach_after=977245157604
INTEL_PROBE capture=finite_loop call=1 exec_before=1034089 exec_after=1215275 reason_before=37 reason=1 rip_before=65537 rip=65537 rax=977243039414 nonce=977243039414 witness=0
INTEL_PROBE begin=finite_loop call=2 deadline=977249861249 rip=65537 nonce=977243039414 witness=0
INTEL_PROBE end=finite_loop call=2 status=0 mach_before=977245214602 mach_after=977247112255
INTEL_PROBE capture=finite_loop call=2 exec_before=1215275 exec_after=2965317 reason_before=1 reason=1 rip_before=65537 rip=65540 rax=977243039414 nonce=977243039414 witness=977243039414
INTEL_PROBE begin=finite_loop call=3 deadline=977249861249 rip=65540 nonce=977243039414 witness=977243039414
INTEL_PROBE end=finite_loop call=3 status=0 mach_before=977247141720 mach_after=977247403801
INTEL_PROBE capture=finite_loop call=3 exec_before=2965317 exec_after=3189914 reason_before=1 reason=1 rip_before=65540 rip=65540 rax=977243039414 nonce=977243039414 witness=977243039414
INTEL_PROBE begin=finite_loop call=4 deadline=977249861249 rip=65540 nonce=977243039414 witness=977243039414
INTEL_PROBE end=finite_loop call=4 status=0 mach_before=977247422468 mach_after=977247706220
INTEL_PROBE capture=finite_loop call=4 exec_before=3189914 exec_after=3426553 reason_before=1 reason=1 rip_before=65540 rip=65540 rax=977243039414 nonce=977243039414 witness=977243039414
INTEL_PROBE begin=finite_loop call=5 deadline=977249861249 rip=65540 nonce=977243039414 witness=977243039414
INTEL_PROBE end=finite_loop call=5 status=0 mach_before=977247724384 mach_after=977248003940
INTEL_PROBE capture=finite_loop call=5 exec_before=3426553 exec_after=3659040 reason_before=1 reason=1 rip_before=65540 rip=65540 rax=977243039414 nonce=977243039414 witness=977243039414
INTEL_PROBE begin=finite_loop call=6 deadline=977249861249 rip=65540 nonce=977243039414 witness=977243039414
INTEL_PROBE end=finite_loop call=6 status=0 mach_before=977248021114 mach_after=977248297505
INTEL_PROBE capture=finite_loop call=6 exec_before=3659040 exec_after=3888555 reason_before=1 reason=1 rip_before=65540 rip=65540 rax=977243039414 nonce=977243039414 witness=977243039414
INTEL_PROBE begin=finite_loop call=7 deadline=977249861249 rip=65540 nonce=977243039414 witness=977243039414
INTEL_PROBE end=finite_loop call=7 status=0 mach_before=977248314907 mach_after=977248588739
INTEL_PROBE capture=finite_loop call=7 exec_before=3888555 exec_after=4115490 reason_before=1 reason=1 rip_before=65540 rip=65540 rax=977243039414 nonce=977243039414 witness=977243039414
INTEL_PROBE begin=finite_loop call=8 deadline=977249861249 rip=65540 nonce=977243039414 witness=977243039414
INTEL_PROBE end=finite_loop call=8 status=0 mach_before=977248605911 mach_after=977248879538
INTEL_PROBE capture=finite_loop call=8 exec_before=4115490 exec_after=4342337 reason_before=1 reason=1 rip_before=65540 rip=65540 rax=977243039414 nonce=977243039414 witness=977243039414
INTEL_PROBE begin=finite_loop call=9 deadline=977249861249 rip=65540 nonce=977243039414 witness=977243039414
INTEL_PROBE end=finite_loop call=9 status=0 mach_before=977248896936 mach_after=977249175763
INTEL_PROBE capture=finite_loop call=9 exec_before=4342337 exec_after=4574342 reason_before=1 reason=1 rip_before=65540 rip=65540 rax=977243039414 nonce=977243039414 witness=977243039414
INTEL_PROBE begin=finite_loop call=10 deadline=977249861249 rip=65540 nonce=977243039414 witness=977243039414
INTEL_PROBE end=finite_loop call=10 status=0 mach_before=977249193316 mach_after=977249437552
INTEL_PROBE capture=finite_loop call=10 exec_before=4574342 exec_after=4771790 reason_before=1 reason=1 rip_before=65540 rip=65540 rax=977243039414 nonce=977243039414 witness=977243039414
INTEL_PROBE begin=finite_loop call=11 deadline=977249861249 rip=65540 nonce=977243039414 witness=977243039414
INTEL_PROBE end=finite_loop call=11 status=0 mach_before=977249454973 mach_after=977249699967
INTEL_PROBE capture=finite_loop call=11 exec_before=4771790 exec_after=4970025 reason_before=1 reason=1 rip_before=65540 rip=65540 rax=977243039414 nonce=977243039414 witness=977243039414
INTEL_PROBE begin=finite_loop call=12 deadline=977249861249 rip=65540 nonce=977243039414 witness=977243039414
INTEL_PROBE end=finite_loop call=12 status=0 mach_before=977249731857 mach_after=977249930791
INTEL_PROBE capture=finite_loop call=12 exec_before=4970025 exec_after=5144685 reason_before=1 reason=52 rip_before=65540 rip=65540 rax=977243039414 nonce=977243039414 witness=977243039414
INTEL_PROBE phase=prepare_with_transport
INTEL_PROBE begin=expired_mtf call=13 deadline=0 rip=65543 nonce=977250360156 witness=0
INTEL_PROBE end=expired_mtf call=13 status=0 mach_before=977252465024 mach_after=977252509223
INTEL_PROBE capture=expired_mtf call=13 exec_before=5588158 exec_after=5629933 reason_before=37 reason=52 rip_before=65543 rip=65543 rax=977250360156 nonce=977250360156 witness=0
INTEL_PROBE phase=prepare_with_transport
INTEL_PROBE begin=finite_mtf call=14 deadline=977259413292 rip=65543 nonce=977252569115 witness=0
INTEL_PROBE end=finite_mtf call=14 status=0 mach_before=977254430649 mach_after=977255273528
INTEL_PROBE capture=finite_mtf call=14 exec_before=6240767 exec_after=6729961 reason_before=37 reason=1 rip_before=65543 rip=65543 rax=977252569115 nonce=977252569115 witness=0
INTEL_PROBE phase=verified_retry
INTEL_PROBE phase=prepare_with_transport
INTEL_PROBE phase=finite_retirement
INTEL_LIFECYCLE phase=vcpu_destroy_begin generation=10 owner=70365
INTEL_LIFECYCLE phase=vcpu_destroy_end generation=10 owner=70365
INTEL_LIFECYCLE phase=vm_destroy_begin generation=10 owner=70365
INTEL_LIFECYCLE phase=vm_destroy_end generation=10 owner=70365
INTEL_LIFECYCLE phase=vm_create_begin generation=11 owner=70365
INTEL_LIFECYCLE phase=vm_create_end generation=11 owner=70365
INTEL_LIFECYCLE phase=vcpu_create_begin generation=11 owner=70365
INTEL_LIFECYCLE phase=vcpu_create_end generation=11 owner=70365
[       OK ] HvfIntelProbe.FiniteDeadline (21 ms)
[----------] 1 test from HvfIntelProbe (21 ms total)

[==========] 1 test from 1 test suite ran. (21 ms total)
[  PASSED  ] 1 test.

Repeating all tests (iteration 11) . . .

Note: Google Test filter = HvfIntelProbe.FiniteDeadline
[==========] Running 1 test from 1 test suite.
[----------] 1 test from HvfIntelProbe
[ RUN      ] HvfIntelProbe.FiniteDeadline
INTEL_PROBE phase=executor_initialization
INTEL_PROBE phase=executor_retained
INTEL_PROBE phase=startup_probe
INTEL_PROBE phase=prepare_with_transport
INTEL_PROBE witness_budget mach_start=977266357850 mach_end=979265100522 remaining_ns=1998742672 timebase_numer=1 timebase_denom=1 max_calls=4096
INTEL_PROBE begin=finite_loop call=1 deadline=977271380029 rip=65537 nonce=977264778385 witness=0
INTEL_PROBE end=finite_loop call=1 status=0 mach_before=977266386459 mach_after=977272464283
INTEL_PROBE capture=finite_loop call=1 exec_before=1079104 exec_after=7028872 reason_before=37 reason=52 rip_before=65537 rip=65540 rax=977264778385 nonce=977264778385 witness=977264778385
INTEL_PROBE phase=prepare_with_transport
INTEL_PROBE begin=expired_mtf call=2 deadline=0 rip=65543 nonce=977272545037 witness=0
INTEL_PROBE end=expired_mtf call=2 status=0 mach_before=977274562720 mach_after=977274606886
INTEL_PROBE capture=expired_mtf call=2 exec_before=7484455 exec_after=7526109 reason_before=37 reason=52 rip_before=65543 rip=65543 rax=977272545037 nonce=977272545037 witness=0
INTEL_PROBE phase=prepare_with_transport
INTEL_PROBE begin=finite_mtf call=3 deadline=977280718448 rip=65543 nonce=977274667771 witness=0
INTEL_PROBE end=finite_mtf call=3 status=0 mach_before=977275736544 mach_after=977276244302
INTEL_PROBE capture=finite_mtf call=3 exec_before=7862955 exec_after=8256958 reason_before=37 reason=37 rip_before=65543 rip=65546 rax=977274667772 nonce=977274667771 witness=0
INTEL_PROBE phase=verified_retry
INTEL_PROBE phase=prepare_with_transport
INTEL_PROBE phase=finite_retirement
INTEL_LIFECYCLE phase=vcpu_destroy_begin generation=11 owner=70365
INTEL_LIFECYCLE phase=vcpu_destroy_end generation=11 owner=70365
INTEL_LIFECYCLE phase=vm_destroy_begin generation=11 owner=70365
INTEL_LIFECYCLE phase=vm_destroy_end generation=11 owner=70365
INTEL_LIFECYCLE phase=vm_create_begin generation=12 owner=70365
INTEL_LIFECYCLE phase=vm_create_end generation=12 owner=70365
INTEL_LIFECYCLE phase=vcpu_create_begin generation=12 owner=70365
INTEL_LIFECYCLE phase=vcpu_create_end generation=12 owner=70365
[       OK ] HvfIntelProbe.FiniteDeadline (21 ms)
[----------] 1 test from HvfIntelProbe (21 ms total)

[==========] 1 test from 1 test suite ran. (21 ms total)
[  PASSED  ] 1 test.

Repeating all tests (iteration 12) . . .

Note: Google Test filter = HvfIntelProbe.FiniteDeadline
[==========] Running 1 test from 1 test suite.
[----------] 1 test from HvfIntelProbe
[ RUN      ] HvfIntelProbe.FiniteDeadline
INTEL_PROBE phase=executor_initialization
INTEL_PROBE phase=executor_retained
INTEL_PROBE phase=startup_probe
INTEL_PROBE phase=prepare_with_transport
INTEL_PROBE witness_budget mach_start=977287506874 mach_end=979286205226 remaining_ns=1998698352 timebase_numer=1 timebase_denom=1 max_calls=4096
INTEL_PROBE begin=finite_loop call=1 deadline=977292528791 rip=65537 nonce=977285864003 witness=0
INTEL_PROBE end=finite_loop call=1 status=0 mach_before=977287534133 mach_after=977296707742
INTEL_PROBE capture=finite_loop call=1 exec_before=1011923 exec_after=10071710 reason_before=37 reason=52 rip_before=65537 rip=65540 rax=977285864003 nonce=977285864003 witness=977285864003
INTEL_PROBE phase=prepare_with_transport
INTEL_PROBE begin=expired_mtf call=2 deadline=0 rip=65543 nonce=977296792281 witness=0
INTEL_PROBE end=expired_mtf call=2 status=0 mach_before=977298682452 mach_after=977298733704
INTEL_PROBE capture=expired_mtf call=2 exec_before=10480553 exec_after=10528575 reason_before=37 reason=52 rip_before=65543 rip=65543 rax=977296792281 nonce=977296792281 witness=0
INTEL_PROBE phase=prepare_with_transport
INTEL_PROBE begin=finite_mtf call=3 deadline=977304935445 rip=65543 nonce=977298800006 witness=0
INTEL_PROBE end=finite_mtf call=3 status=0 mach_before=977299959013 mach_after=977300477613
INTEL_PROBE capture=finite_mtf call=3 exec_before=10876775 exec_after=11283246 reason_before=37 reason=37 rip_before=65543 rip=65546 rax=977298800007 nonce=977298800006 witness=0
INTEL_PROBE phase=verified_retry
INTEL_PROBE phase=prepare_with_transport
INTEL_PROBE phase=finite_retirement
INTEL_LIFECYCLE phase=vcpu_destroy_begin generation=12 owner=70365
INTEL_LIFECYCLE phase=vcpu_destroy_end generation=12 owner=70365
INTEL_LIFECYCLE phase=vm_destroy_begin generation=12 owner=70365
INTEL_LIFECYCLE phase=vm_destroy_end generation=12 owner=70365
INTEL_LIFECYCLE phase=vm_create_begin generation=13 owner=70365
INTEL_LIFECYCLE phase=vm_create_end generation=13 owner=70365
INTEL_LIFECYCLE phase=vcpu_create_begin generation=13 owner=70365
INTEL_LIFECYCLE phase=vcpu_create_end generation=13 owner=70365
[       OK ] HvfIntelProbe.FiniteDeadline (23 ms)
[----------] 1 test from HvfIntelProbe (24 ms total)

[==========] 1 test from 1 test suite ran. (24 ms total)
[  PASSED  ] 1 test.

Repeating all tests (iteration 13) . . .

Note: Google Test filter = HvfIntelProbe.FiniteDeadline
[==========] Running 1 test from 1 test suite.
[----------] 1 test from HvfIntelProbe
[ RUN      ] HvfIntelProbe.FiniteDeadline
INTEL_PROBE phase=executor_initialization
INTEL_PROBE phase=executor_retained
INTEL_PROBE phase=startup_probe
INTEL_PROBE phase=prepare_with_transport
INTEL_PROBE witness_budget mach_start=977311076967 mach_end=979310462691 remaining_ns=1999385724 timebase_numer=1 timebase_denom=1 max_calls=4096
INTEL_PROBE begin=finite_loop call=1 deadline=977316107351 rip=65537 nonce=977310031844 witness=0
INTEL_PROBE end=finite_loop call=1 status=0 mach_before=977311116451 mach_after=977313486716
INTEL_PROBE capture=finite_loop call=1 exec_before=1110216 exec_after=3283550 reason_before=37 reason=1 rip_before=65537 rip=65540 rax=977310031844 nonce=977310031844 witness=977310031844
INTEL_PROBE begin=finite_loop call=2 deadline=977316107351 rip=65540 nonce=977310031844 witness=977310031844
INTEL_PROBE end=finite_loop call=2 status=0 mach_before=977313519602 mach_after=977317544888
INTEL_PROBE capture=finite_loop call=2 exec_before=3283550 exec_after=7288574 reason_before=1 reason=52 rip_before=65540 rip=65540 rax=977310031844 nonce=977310031844 witness=977310031844
INTEL_PROBE phase=prepare_with_transport
INTEL_PROBE begin=expired_mtf call=3 deadline=0 rip=65543 nonce=977317641186 witness=0
INTEL_PROBE end=expired_mtf call=3 status=0 mach_before=977319653850 mach_after=977319698551
INTEL_PROBE capture=expired_mtf call=3 exec_before=7636297 exec_after=7678424 reason_before=37 reason=52 rip_before=65543 rip=65543 rax=977317641186 nonce=977317641186 witness=0
INTEL_PROBE phase=prepare_with_transport
INTEL_PROBE begin=finite_mtf call=4 deadline=977325614222 rip=65543 nonce=977319758436 witness=0
INTEL_PROBE end=finite_mtf call=4 status=0 mach_before=977320632563 mach_after=977321056662
INTEL_PROBE capture=finite_mtf call=4 exec_before=8013621 exec_after=8347078 reason_before=37 reason=37 rip_before=65543 rip=65546 rax=977319758437 nonce=977319758436 witness=0
INTEL_PROBE phase=verified_retry
INTEL_PROBE phase=prepare_with_transport
INTEL_PROBE phase=finite_retirement
INTEL_LIFECYCLE phase=vcpu_destroy_begin generation=13 owner=70365
INTEL_LIFECYCLE phase=vcpu_destroy_end generation=13 owner=70365
INTEL_LIFECYCLE phase=vm_destroy_begin generation=13 owner=70365
INTEL_LIFECYCLE phase=vm_destroy_end generation=13 owner=70365
INTEL_LIFECYCLE phase=vm_create_begin generation=14 owner=70365
INTEL_LIFECYCLE phase=vm_create_end generation=14 owner=70365
INTEL_LIFECYCLE phase=vcpu_create_begin generation=14 owner=70365
INTEL_LIFECYCLE phase=vcpu_create_end generation=14 owner=70365
[       OK ] HvfIntelProbe.FiniteDeadline (19 ms)
[----------] 1 test from HvfIntelProbe (19 ms total)

[==========] 1 test from 1 test suite ran. (19 ms total)
[  PASSED  ] 1 test.

Repeating all tests (iteration 14) . . .

Note: Google Test filter = HvfIntelProbe.FiniteDeadline
[==========] Running 1 test from 1 test suite.
[----------] 1 test from HvfIntelProbe
[ RUN      ] HvfIntelProbe.FiniteDeadline
INTEL_PROBE phase=executor_initialization
INTEL_PROBE phase=executor_retained
INTEL_PROBE phase=startup_probe
INTEL_PROBE phase=prepare_with_transport
INTEL_PROBE witness_budget mach_start=977330905086 mach_end=979330254872 remaining_ns=1999349786 timebase_numer=1 timebase_denom=1 max_calls=4096
INTEL_PROBE begin=finite_loop call=1 deadline=977335932708 rip=65537 nonce=977329891795 witness=0
INTEL_PROBE end=finite_loop call=1 status=0 mach_before=977330938884 mach_after=977336714391
INTEL_PROBE capture=finite_loop call=1 exec_before=1129447 exec_after=6761279 reason_before=37 reason=52 rip_before=65537 rip=65540 rax=977329891795 nonce=977329891795 witness=977329891795
INTEL_PROBE phase=prepare_with_transport
INTEL_PROBE begin=expired_mtf call=2 deadline=0 rip=65543 nonce=977336794329 witness=0
INTEL_PROBE end=expired_mtf call=2 status=0 mach_before=977338747327 mach_after=977338799399
INTEL_PROBE capture=expired_mtf call=2 exec_before=7141621 exec_after=7184448 reason_before=37 reason=52 rip_before=65543 rip=65543 rax=977336794329 nonce=977336794329 witness=0
INTEL_PROBE phase=prepare_with_transport
INTEL_PROBE begin=finite_mtf call=3 deadline=977344865697 rip=65543 nonce=977338878273 witness=0
INTEL_PROBE end=finite_mtf call=3 status=0 mach_before=977339887243 mach_after=977340322468
INTEL_PROBE capture=finite_mtf call=3 exec_before=7525312 exec_after=7867549 reason_before=37 reason=37 rip_before=65543 rip=65546 rax=977338878274 nonce=977338878273 witness=0
INTEL_PROBE phase=verified_retry
INTEL_PROBE phase=prepare_with_transport
INTEL_PROBE phase=finite_retirement
INTEL_LIFECYCLE phase=vcpu_destroy_begin generation=14 owner=70365
INTEL_LIFECYCLE phase=vcpu_destroy_end generation=14 owner=70365
INTEL_LIFECYCLE phase=vm_destroy_begin generation=14 owner=70365
INTEL_LIFECYCLE phase=vm_destroy_end generation=14 owner=70365
INTEL_LIFECYCLE phase=vm_create_begin generation=15 owner=70365
INTEL_LIFECYCLE phase=vm_create_end generation=15 owner=70365
INTEL_LIFECYCLE phase=vcpu_create_begin generation=15 owner=70365
INTEL_LIFECYCLE phase=vcpu_create_end generation=15 owner=70365
[       OK ] HvfIntelProbe.FiniteDeadline (20 ms)
[----------] 1 test from HvfIntelProbe (20 ms total)

[==========] 1 test from 1 test suite ran. (20 ms total)
[  PASSED  ] 1 test.

Repeating all tests (iteration 15) . . .

Note: Google Test filter = HvfIntelProbe.FiniteDeadline
[==========] Running 1 test from 1 test suite.
[----------] 1 test from HvfIntelProbe
[ RUN      ] HvfIntelProbe.FiniteDeadline
INTEL_PROBE phase=executor_initialization
INTEL_PROBE phase=executor_retained
INTEL_PROBE phase=startup_probe
INTEL_PROBE phase=prepare_with_transport
INTEL_PROBE witness_budget mach_start=977351080011 mach_end=979350374917 remaining_ns=1999294906 timebase_numer=1 timebase_denom=1 max_calls=4096
INTEL_PROBE begin=finite_loop call=1 deadline=977356110024 rip=65537 nonce=977349970504 witness=0
INTEL_PROBE end=finite_loop call=1 status=0 mach_before=977351118556 mach_after=977356206668
INTEL_PROBE capture=finite_loop call=1 exec_before=1118652 exec_after=5936138 reason_before=37 reason=52 rip_before=65537 rip=65540 rax=977349970504 nonce=977349970504 witness=977349970504
INTEL_PROBE phase=prepare_with_transport
INTEL_PROBE begin=expired_mtf call=2 deadline=0 rip=65543 nonce=977356305031 witness=0
INTEL_PROBE end=expired_mtf call=2 status=0 mach_before=977357764136 mach_after=977357849337
INTEL_PROBE capture=expired_mtf call=2 exec_before=6297029 exec_after=6378329 reason_before=37 reason=52 rip_before=65543 rip=65543 rax=977356305031 nonce=977356305031 witness=0
INTEL_PROBE phase=prepare_with_transport
INTEL_PROBE begin=finite_mtf call=3 deadline=977364095376 rip=65543 nonce=977357933514 witness=0
INTEL_PROBE end=finite_mtf call=3 status=0 mach_before=977359115651 mach_after=977359627949
INTEL_PROBE capture=finite_mtf call=3 exec_before=6777541 exec_after=7163814 reason_before=37 reason=37 rip_before=65543 rip=65546 rax=977357933515 nonce=977357933514 witness=0
INTEL_PROBE phase=verified_retry
INTEL_PROBE phase=prepare_with_transport
INTEL_PROBE phase=finite_retirement
INTEL_LIFECYCLE phase=vcpu_destroy_begin generation=15 owner=70365
INTEL_LIFECYCLE phase=vcpu_destroy_end generation=15 owner=70365
INTEL_LIFECYCLE phase=vm_destroy_begin generation=15 owner=70365
INTEL_LIFECYCLE phase=vm_destroy_end generation=15 owner=70365
INTEL_LIFECYCLE phase=vm_create_begin generation=16 owner=70365
INTEL_LIFECYCLE phase=vm_create_end generation=16 owner=70365
INTEL_LIFECYCLE phase=vcpu_create_begin generation=16 owner=70365
INTEL_LIFECYCLE phase=vcpu_create_end generation=16 owner=70365
[       OK ] HvfIntelProbe.FiniteDeadline (19 ms)
[----------] 1 test from HvfIntelProbe (19 ms total)

[==========] 1 test from 1 test suite ran. (19 ms total)
[  PASSED  ] 1 test.

Repeating all tests (iteration 16) . . .

Note: Google Test filter = HvfIntelProbe.FiniteDeadline
[==========] Running 1 test from 1 test suite.
[----------] 1 test from HvfIntelProbe
[ RUN      ] HvfIntelProbe.FiniteDeadline
INTEL_PROBE phase=executor_initialization
INTEL_PROBE phase=executor_retained
INTEL_PROBE phase=startup_probe
INTEL_PROBE phase=prepare_with_transport
INTEL_PROBE witness_budget mach_start=977371012597 mach_end=979369817000 remaining_ns=1998804403 timebase_numer=1 timebase_denom=1 max_calls=4096
INTEL_PROBE begin=finite_loop call=1 deadline=977376039935 rip=65537 nonce=977369441922 witness=0
INTEL_PROBE end=finite_loop call=1 status=0 mach_before=977371046532 mach_after=977376086877
INTEL_PROBE capture=finite_loop call=1 exec_before=1112668 exec_after=5933464 reason_before=37 reason=52 rip_before=65537 rip=65540 rax=977369441922 nonce=977369441922 witness=977369441922
INTEL_PROBE phase=prepare_with_transport
INTEL_PROBE begin=expired_mtf call=2 deadline=0 rip=65543 nonce=977376172408 witness=0
INTEL_PROBE end=expired_mtf call=2 status=0 mach_before=977377536514 mach_after=977377581588
INTEL_PROBE capture=expired_mtf call=2 exec_before=6273680 exec_after=6316332 reason_before=37 reason=52 rip_before=65543 rip=65543 rax=977376172408 nonce=977376172408 witness=0
INTEL_PROBE phase=prepare_with_transport
INTEL_PROBE begin=finite_mtf call=3 deadline=977383459186 rip=65543 nonce=977377647162 witness=0
INTEL_PROBE end=finite_mtf call=3 status=0 mach_before=977378491564 mach_after=977378919478
INTEL_PROBE capture=finite_mtf call=3 exec_before=6646653 exec_after=6981036 reason_before=37 reason=37 rip_before=65543 rip=65546 rax=977377647163 nonce=977377647162 witness=0
INTEL_PROBE phase=verified_retry
INTEL_PROBE phase=prepare_with_transport
INTEL_PROBE phase=finite_retirement
INTEL_LIFECYCLE phase=vcpu_destroy_begin generation=16 owner=70365
INTEL_LIFECYCLE phase=vcpu_destroy_end generation=16 owner=70365
INTEL_LIFECYCLE phase=vm_destroy_begin generation=16 owner=70365
INTEL_LIFECYCLE phase=vm_destroy_end generation=16 owner=70365
INTEL_LIFECYCLE phase=vm_create_begin generation=17 owner=70365
INTEL_LIFECYCLE phase=vm_create_end generation=17 owner=70365
INTEL_LIFECYCLE phase=vcpu_create_begin generation=17 owner=70365
INTEL_LIFECYCLE phase=vcpu_create_end generation=17 owner=70365
[       OK ] HvfIntelProbe.FiniteDeadline (18 ms)
[----------] 1 test from HvfIntelProbe (18 ms total)

[==========] 1 test from 1 test suite ran. (18 ms total)
[  PASSED  ] 1 test.

Repeating all tests (iteration 17) . . .

Note: Google Test filter = HvfIntelProbe.FiniteDeadline
[==========] Running 1 test from 1 test suite.
[----------] 1 test from HvfIntelProbe
[ RUN      ] HvfIntelProbe.FiniteDeadline
INTEL_PROBE phase=executor_initialization
INTEL_PROBE phase=executor_retained
INTEL_PROBE phase=startup_probe
INTEL_PROBE phase=prepare_with_transport
INTEL_PROBE witness_budget mach_start=977389311946 mach_end=979388717234 remaining_ns=1999405288 timebase_numer=1 timebase_denom=1 max_calls=4096
INTEL_PROBE begin=finite_loop call=1 deadline=977394333064 rip=65537 nonce=977388110720 witness=0
INTEL_PROBE end=finite_loop call=1 status=0 mach_before=977389339128 mach_after=977396007968
INTEL_PROBE capture=finite_loop call=1 exec_before=1271013 exec_after=7753085 reason_before=37 reason=52 rip_before=65537 rip=65540 rax=977388110720 nonce=977388110720 witness=977388110720
INTEL_PROBE phase=prepare_with_transport
INTEL_PROBE begin=expired_mtf call=2 deadline=0 rip=65543 nonce=977396085209 witness=0
INTEL_PROBE end=expired_mtf call=2 status=0 mach_before=977398043998 mach_after=977398089264
INTEL_PROBE capture=expired_mtf call=2 exec_before=8117460 exec_after=8160013 reason_before=37 reason=52 rip_before=65543 rip=65543 rax=977396085209 nonce=977396085209 witness=0
INTEL_PROBE phase=prepare_with_transport
INTEL_PROBE begin=finite_mtf call=3 deadline=977404058552 rip=65543 nonce=977398151996 witness=0
INTEL_PROBE end=finite_mtf call=3 status=0 mach_before=977399076885 mach_after=977399583751
INTEL_PROBE capture=finite_mtf call=3 exec_before=8500717 exec_after=8873588 reason_before=37 reason=37 rip_before=65543 rip=65546 rax=977398151997 nonce=977398151996 witness=0
INTEL_PROBE phase=verified_retry
INTEL_PROBE phase=prepare_with_transport
INTEL_PROBE phase=finite_retirement
INTEL_LIFECYCLE phase=vcpu_destroy_begin generation=17 owner=70365
INTEL_LIFECYCLE phase=vcpu_destroy_end generation=17 owner=70365
INTEL_LIFECYCLE phase=vm_destroy_begin generation=17 owner=70365
INTEL_LIFECYCLE phase=vm_destroy_end generation=17 owner=70365
INTEL_LIFECYCLE phase=vm_create_begin generation=18 owner=70365
INTEL_LIFECYCLE phase=vm_create_end generation=18 owner=70365
INTEL_LIFECYCLE phase=vcpu_create_begin generation=18 owner=70365
INTEL_LIFECYCLE phase=vcpu_create_end generation=18 owner=70365
[       OK ] HvfIntelProbe.FiniteDeadline (20 ms)
[----------] 1 test from HvfIntelProbe (20 ms total)

[==========] 1 test from 1 test suite ran. (20 ms total)
[  PASSED  ] 1 test.

Repeating all tests (iteration 18) . . .

Note: Google Test filter = HvfIntelProbe.FiniteDeadline
[==========] Running 1 test from 1 test suite.
[----------] 1 test from HvfIntelProbe
[ RUN      ] HvfIntelProbe.FiniteDeadline
INTEL_PROBE phase=executor_initialization
INTEL_PROBE phase=executor_retained
INTEL_PROBE phase=startup_probe
INTEL_PROBE phase=prepare_with_transport
INTEL_PROBE witness_budget mach_start=977410262124 mach_end=979409251050 remaining_ns=1998988926 timebase_numer=1 timebase_denom=1 max_calls=4096
INTEL_PROBE begin=finite_loop call=1 deadline=977415300503 rip=65537 nonce=977408846949 witness=0
INTEL_PROBE end=finite_loop call=1 status=0 mach_before=977410307178 mach_after=977415392610
INTEL_PROBE capture=finite_loop call=1 exec_before=1054812 exec_after=5970713 reason_before=37 reason=1 rip_before=65537 rip=65540 rax=977408846949 nonce=977408846949 witness=977408846949
INTEL_PROBE begin=finite_loop call=2 deadline=977415300503 rip=65540 nonce=977408846949 witness=977408846949
INTEL_PROBE end=finite_loop call=2 status=0 mach_before=977415429199 mach_after=977415500685
INTEL_PROBE capture=finite_loop call=2 exec_before=5970713 exec_after=6017218 reason_before=1 reason=52 rip_before=65540 rip=65540 rax=977408846949 nonce=977408846949 witness=977408846949
INTEL_PROBE phase=prepare_with_transport
INTEL_PROBE begin=expired_mtf call=3 deadline=0 rip=65543 nonce=977415653079 witness=0
INTEL_PROBE end=expired_mtf call=3 status=0 mach_before=977417532123 mach_after=977417575995
INTEL_PROBE capture=expired_mtf call=3 exec_before=6370407 exec_after=6411775 reason_before=37 reason=52 rip_before=65543 rip=65543 rax=977415653079 nonce=977415653079 witness=0
INTEL_PROBE phase=prepare_with_transport
INTEL_PROBE begin=finite_mtf call=4 deadline=977423461247 rip=65543 nonce=977417636066 witness=0
INTEL_PROBE end=finite_mtf call=4 status=0 mach_before=977418479692 mach_after=977418900877
INTEL_PROBE capture=finite_mtf call=4 exec_before=6742120 exec_after=7074979 reason_before=37 reason=37 rip_before=65543 rip=65546 rax=977417636067 nonce=977417636066 witness=0
INTEL_PROBE phase=verified_retry
INTEL_PROBE phase=prepare_with_transport
INTEL_PROBE phase=finite_retirement
INTEL_LIFECYCLE phase=vcpu_destroy_begin generation=18 owner=70365
INTEL_LIFECYCLE phase=vcpu_destroy_end generation=18 owner=70365
INTEL_LIFECYCLE phase=vm_destroy_begin generation=18 owner=70365
INTEL_LIFECYCLE phase=vm_destroy_end generation=18 owner=70365
INTEL_LIFECYCLE phase=vm_create_begin generation=19 owner=70365
INTEL_LIFECYCLE phase=vm_create_end generation=19 owner=70365
INTEL_LIFECYCLE phase=vcpu_create_begin generation=19 owner=70365
INTEL_LIFECYCLE phase=vcpu_create_end generation=19 owner=70365
[       OK ] HvfIntelProbe.FiniteDeadline (19 ms)
[----------] 1 test from HvfIntelProbe (19 ms total)

[==========] 1 test from 1 test suite ran. (20 ms total)
[  PASSED  ] 1 test.

Repeating all tests (iteration 19) . . .

Note: Google Test filter = HvfIntelProbe.FiniteDeadline
[==========] Running 1 test from 1 test suite.
[----------] 1 test from HvfIntelProbe
[ RUN      ] HvfIntelProbe.FiniteDeadline
INTEL_PROBE phase=executor_initialization
INTEL_PROBE phase=executor_retained
INTEL_PROBE phase=startup_probe
INTEL_PROBE phase=prepare_with_transport
INTEL_PROBE witness_budget mach_start=977431801536 mach_end=979430683297 remaining_ns=1998881761 timebase_numer=1 timebase_denom=1 max_calls=4096
INTEL_PROBE begin=finite_loop call=1 deadline=977436824454 rip=65537 nonce=977430250530 witness=0
INTEL_PROBE end=finite_loop call=1 status=0 mach_before=977431829918 mach_after=977446287026
INTEL_PROBE capture=finite_loop call=1 exec_before=1095707 exec_after=15372572 reason_before=37 reason=52 rip_before=65537 rip=65540 rax=977430250530 nonce=977430250530 witness=977430250530
INTEL_PROBE phase=prepare_with_transport
INTEL_PROBE begin=expired_mtf call=2 deadline=0 rip=65543 nonce=977446419734 witness=0
INTEL_PROBE end=expired_mtf call=2 status=0 mach_before=977448587247 mach_after=977448632512
INTEL_PROBE capture=expired_mtf call=2 exec_before=15764044 exec_after=15806685 reason_before=37 reason=52 rip_before=65543 rip=65543 rax=977446419734 nonce=977446419734 witness=0
INTEL_PROBE phase=prepare_with_transport
INTEL_PROBE begin=finite_mtf call=3 deadline=977454552716 rip=65543 nonce=977448693970 witness=0
INTEL_PROBE end=finite_mtf call=3 status=0 mach_before=977449572832 mach_after=977450007207
INTEL_PROBE capture=finite_mtf call=3 exec_before=16142194 exec_after=16480010 reason_before=37 reason=37 rip_before=65543 rip=65546 rax=977448693971 nonce=977448693970 witness=0
INTEL_PROBE phase=verified_retry
INTEL_PROBE phase=prepare_with_transport
INTEL_PROBE phase=finite_retirement
INTEL_LIFECYCLE phase=vcpu_destroy_begin generation=19 owner=70365
INTEL_LIFECYCLE phase=vcpu_destroy_end generation=19 owner=70365
INTEL_LIFECYCLE phase=vm_destroy_begin generation=19 owner=70365
INTEL_LIFECYCLE phase=vm_destroy_end generation=19 owner=70365
INTEL_LIFECYCLE phase=vm_create_begin generation=20 owner=70365
INTEL_LIFECYCLE phase=vm_create_end generation=20 owner=70365
INTEL_LIFECYCLE phase=vcpu_create_begin generation=20 owner=70365
INTEL_LIFECYCLE phase=vcpu_create_end generation=20 owner=70365
[       OK ] HvfIntelProbe.FiniteDeadline (30 ms)
[----------] 1 test from HvfIntelProbe (30 ms total)

[==========] 1 test from 1 test suite ran. (31 ms total)
[  PASSED  ] 1 test.

Repeating all tests (iteration 20) . . .

Note: Google Test filter = HvfIntelProbe.FiniteDeadline
[==========] Running 1 test from 1 test suite.
[----------] 1 test from HvfIntelProbe
[ RUN      ] HvfIntelProbe.FiniteDeadline
INTEL_PROBE phase=executor_initialization
INTEL_PROBE phase=executor_retained
INTEL_PROBE phase=startup_probe
INTEL_PROBE phase=prepare_with_transport
INTEL_PROBE witness_budget mach_start=977460622034 mach_end=979459917737 remaining_ns=1999295703 timebase_numer=1 timebase_denom=1 max_calls=4096
INTEL_PROBE begin=finite_loop call=1 deadline=977465645825 rip=65537 nonce=977459474617 witness=0
INTEL_PROBE end=finite_loop call=1 status=0 mach_before=977460652539 mach_after=977461994167
INTEL_PROBE capture=finite_loop call=1 exec_before=1050650 exec_after=2124015 reason_before=37 reason=1 rip_before=65537 rip=65540 rax=977459474617 nonce=977459474617 witness=977459474617
INTEL_PROBE begin=finite_loop call=2 deadline=977465645825 rip=65540 nonce=977459474617 witness=977459474617
INTEL_PROBE end=finite_loop call=2 status=0 mach_before=977462027925 mach_after=977464881024
INTEL_PROBE capture=finite_loop call=2 exec_before=2124015 exec_after=4933820 reason_before=1 reason=1 rip_before=65540 rip=65540 rax=977459474617 nonce=977459474617 witness=977459474617
INTEL_PROBE begin=finite_loop call=3 deadline=977465645825 rip=65540 nonce=977459474617 witness=977459474617
INTEL_PROBE end=finite_loop call=3 status=0 mach_before=977464947249 mach_after=977465688976
INTEL_PROBE capture=finite_loop call=3 exec_before=4933820 exec_after=5673041 reason_before=1 reason=52 rip_before=65540 rip=65540 rax=977459474617 nonce=977459474617 witness=977459474617
INTEL_PROBE phase=prepare_with_transport
INTEL_PROBE begin=expired_mtf call=4 deadline=0 rip=65543 nonce=977465755242 witness=0
INTEL_PROBE end=expired_mtf call=4 status=0 mach_before=977467718903 mach_after=977467815352
INTEL_PROBE capture=expired_mtf call=4 exec_before=6072790 exec_after=6166000 reason_before=37 reason=52 rip_before=65543 rip=65543 rax=977465755242 nonce=977465755242 witness=0
INTEL_PROBE phase=prepare_with_transport
INTEL_PROBE begin=finite_mtf call=5 deadline=977474130452 rip=65543 nonce=977467925740 witness=0
INTEL_PROBE end=finite_mtf call=5 status=0 mach_before=977469148907 mach_after=977469730219
INTEL_PROBE capture=finite_mtf call=5 exec_before=6585042 exec_after=6998103 reason_before=37 reason=37 rip_before=65543 rip=65546 rax=977467925741 nonce=977467925740 witness=0
INTEL_PROBE phase=verified_retry
INTEL_PROBE phase=prepare_with_transport
INTEL_PROBE phase=finite_retirement
INTEL_LIFECYCLE phase=vcpu_destroy_begin generation=20 owner=70365
INTEL_LIFECYCLE phase=vcpu_destroy_end generation=20 owner=70365
INTEL_LIFECYCLE phase=vm_destroy_begin generation=20 owner=70365
INTEL_LIFECYCLE phase=vm_destroy_end generation=20 owner=70365
INTEL_LIFECYCLE phase=vm_create_begin generation=21 owner=70365
INTEL_LIFECYCLE phase=vm_create_end generation=21 owner=70365
INTEL_LIFECYCLE phase=vcpu_create_begin generation=21 owner=70365
INTEL_LIFECYCLE phase=vcpu_create_end generation=21 owner=70365
[       OK ] HvfIntelProbe.FiniteDeadline (19 ms)
[----------] 1 test from HvfIntelProbe (19 ms total)

[==========] 1 test from 1 test suite ran. (19 ms total)
[  PASSED  ] 1 test.

Repeating all tests (iteration 21) . . .

Note: Google Test filter = HvfIntelProbe.FiniteDeadline
[==========] Running 1 test from 1 test suite.
[----------] 1 test from HvfIntelProbe
[ RUN      ] HvfIntelProbe.FiniteDeadline
INTEL_PROBE phase=executor_initialization
INTEL_PROBE phase=executor_retained
INTEL_PROBE phase=startup_probe
INTEL_PROBE phase=prepare_with_transport
INTEL_PROBE witness_budget mach_start=977480732567 mach_end=979479793618 remaining_ns=1999061051 timebase_numer=1 timebase_denom=1 max_calls=4096
INTEL_PROBE begin=finite_loop call=1 deadline=977485754544 rip=65537 nonce=977479447492 witness=0
INTEL_PROBE end=finite_loop call=1 status=0 mach_before=977480774857 mach_after=977488233747
INTEL_PROBE capture=finite_loop call=1 exec_before=960075 exec_after=8145555 reason_before=37 reason=52 rip_before=65537 rip=65540 rax=977479447492 nonce=977479447492 witness=977479447492
INTEL_PROBE phase=prepare_with_transport
INTEL_PROBE begin=expired_mtf call=2 deadline=0 rip=65543 nonce=977488338177 witness=0
INTEL_PROBE end=expired_mtf call=2 status=0 mach_before=977490038555 mach_after=977490083881
INTEL_PROBE capture=expired_mtf call=2 exec_before=8582451 exec_after=8625288 reason_before=37 reason=52 rip_before=65543 rip=65543 rax=977488338177 nonce=977488338177 witness=0
INTEL_PROBE phase=prepare_with_transport
INTEL_PROBE begin=finite_mtf call=3 deadline=977496036577 rip=65543 nonce=977490150668 witness=0
INTEL_PROBE end=finite_mtf call=3 status=0 mach_before=977491051916 mach_after=977491584840
INTEL_PROBE capture=finite_mtf call=3 exec_before=8969808 exec_after=9353973 reason_before=37 reason=37 rip_before=65543 rip=65546 rax=977490150669 nonce=977490150668 witness=0
INTEL_PROBE phase=verified_retry
INTEL_PROBE phase=prepare_with_transport
INTEL_PROBE phase=finite_retirement
INTEL_LIFECYCLE phase=vcpu_destroy_begin generation=21 owner=70365
INTEL_LIFECYCLE phase=vcpu_destroy_end generation=21 owner=70365
INTEL_LIFECYCLE phase=vm_destroy_begin generation=21 owner=70365
INTEL_LIFECYCLE phase=vm_destroy_end generation=21 owner=70365
INTEL_LIFECYCLE phase=vm_create_begin generation=22 owner=70365
INTEL_LIFECYCLE phase=vm_create_end generation=22 owner=70365
INTEL_LIFECYCLE phase=vcpu_create_begin generation=22 owner=70365
INTEL_LIFECYCLE phase=vcpu_create_end generation=22 owner=70365
[       OK ] HvfIntelProbe.FiniteDeadline (21 ms)
[----------] 1 test from HvfIntelProbe (21 ms total)

[==========] 1 test from 1 test suite ran. (21 ms total)
[  PASSED  ] 1 test.

Repeating all tests (iteration 22) . . .

Note: Google Test filter = HvfIntelProbe.FiniteDeadline
[==========] Running 1 test from 1 test suite.
[----------] 1 test from HvfIntelProbe
[ RUN      ] HvfIntelProbe.FiniteDeadline
INTEL_PROBE phase=executor_initialization
INTEL_PROBE phase=executor_retained
INTEL_PROBE phase=startup_probe
INTEL_PROBE phase=prepare_with_transport
INTEL_PROBE witness_budget mach_start=977501643526 mach_end=979500691889 remaining_ns=1999048363 timebase_numer=1 timebase_denom=1 max_calls=4096
INTEL_PROBE begin=finite_loop call=1 deadline=977506667365 rip=65537 nonce=977500230963 witness=0
INTEL_PROBE end=finite_loop call=1 status=0 mach_before=977501673582 mach_after=977507881636
INTEL_PROBE capture=finite_loop call=1 exec_before=1055845 exec_after=6995329 reason_before=37 reason=52 rip_before=65537 rip=65540 rax=977500230963 nonce=977500230963 witness=977500230963
INTEL_PROBE phase=prepare_with_transport
INTEL_PROBE begin=expired_mtf call=2 deadline=0 rip=65543 nonce=977507969039 witness=0
INTEL_PROBE end=expired_mtf call=2 status=0 mach_before=977509971619 mach_after=977510015759
INTEL_PROBE capture=expired_mtf call=2 exec_before=7615982 exec_after=7657402 reason_before=37 reason=52 rip_before=65543 rip=65543 rax=977507969039 nonce=977507969039 witness=0
INTEL_PROBE phase=prepare_with_transport
INTEL_PROBE begin=finite_mtf call=3 deadline=977516217923 rip=65543 nonce=977510080321 witness=0
INTEL_PROBE end=finite_mtf call=3 status=0 mach_before=977511238512 mach_after=977511827389
INTEL_PROBE capture=finite_mtf call=3 exec_before=8052801 exec_after=8493485 reason_before=37 reason=37 rip_before=65543 rip=65546 rax=977510080322 nonce=977510080321 witness=0
INTEL_PROBE phase=verified_retry
INTEL_PROBE phase=prepare_with_transport
INTEL_PROBE phase=finite_retirement
INTEL_LIFECYCLE phase=vcpu_destroy_begin generation=22 owner=70365
INTEL_LIFECYCLE phase=vcpu_destroy_end generation=22 owner=70365
INTEL_LIFECYCLE phase=vm_destroy_begin generation=22 owner=70365
INTEL_LIFECYCLE phase=vm_destroy_end generation=22 owner=70365
INTEL_LIFECYCLE phase=vm_create_begin generation=23 owner=70365
INTEL_LIFECYCLE phase=vm_create_end generation=23 owner=70365
INTEL_LIFECYCLE phase=vcpu_create_begin generation=23 owner=70365
INTEL_LIFECYCLE phase=vcpu_create_end generation=23 owner=70365
[       OK ] HvfIntelProbe.FiniteDeadline (20 ms)
[----------] 1 test from HvfIntelProbe (20 ms total)

[==========] 1 test from 1 test suite ran. (20 ms total)
[  PASSED  ] 1 test.

Repeating all tests (iteration 23) . . .

Note: Google Test filter = HvfIntelProbe.FiniteDeadline
[==========] Running 1 test from 1 test suite.
[----------] 1 test from HvfIntelProbe
[ RUN      ] HvfIntelProbe.FiniteDeadline
INTEL_PROBE phase=executor_initialization
INTEL_PROBE phase=executor_retained
INTEL_PROBE phase=startup_probe
INTEL_PROBE phase=prepare_with_transport
INTEL_PROBE witness_budget mach_start=977522353278 mach_end=979521592778 remaining_ns=1999239500 timebase_numer=1 timebase_denom=1 max_calls=4096
INTEL_PROBE begin=finite_loop call=1 deadline=977527385883 rip=65537 nonce=977521238446 witness=0
INTEL_PROBE end=finite_loop call=1 status=0 mach_before=977522396249 mach_after=977526235825
INTEL_PROBE capture=finite_loop call=1 exec_before=1060701 exec_after=4656492 reason_before=37 reason=1 rip_before=65537 rip=65540 rax=977521238446 nonce=977521238446 witness=977521238446
INTEL_PROBE begin=finite_loop call=2 deadline=977527385883 rip=65540 nonce=977521238446 witness=977521238446
INTEL_PROBE end=finite_loop call=2 status=0 mach_before=977526275230 mach_after=977527467398
INTEL_PROBE capture=finite_loop call=2 exec_before=4656492 exec_after=5843548 reason_before=1 reason=52 rip_before=65540 rip=65540 rax=977521238446 nonce=977521238446 witness=977521238446
INTEL_PROBE phase=prepare_with_transport
INTEL_PROBE begin=expired_mtf call=3 deadline=0 rip=65543 nonce=977527540600 witness=0
INTEL_PROBE end=expired_mtf call=3 status=0 mach_before=977529426932 mach_after=977529478477
INTEL_PROBE capture=expired_mtf call=3 exec_before=6306447 exec_after=6354873 reason_before=37 reason=52 rip_before=65543 rip=65543 rax=977527540600 nonce=977527540600 witness=0
INTEL_PROBE phase=prepare_with_transport
INTEL_PROBE begin=finite_mtf call=4 deadline=977535449940 rip=65543 nonce=977529542821 witness=0
INTEL_PROBE end=finite_mtf call=4 status=0 mach_before=977530469636 mach_after=977530894603
INTEL_PROBE capture=finite_mtf call=4 exec_before=6714451 exec_after=7048350 reason_before=37 reason=37 rip_before=65543 rip=65546 rax=977529542822 nonce=977529542821 witness=0
INTEL_PROBE phase=verified_retry
INTEL_PROBE phase=prepare_with_transport
INTEL_PROBE phase=finite_retirement
INTEL_LIFECYCLE phase=vcpu_destroy_begin generation=23 owner=70365
INTEL_LIFECYCLE phase=vcpu_destroy_end generation=23 owner=70365
INTEL_LIFECYCLE phase=vm_destroy_begin generation=23 owner=70365
INTEL_LIFECYCLE phase=vm_destroy_end generation=23 owner=70365
INTEL_LIFECYCLE phase=vm_create_begin generation=24 owner=70365
INTEL_LIFECYCLE phase=vm_create_end generation=24 owner=70365
INTEL_LIFECYCLE phase=vcpu_create_begin generation=24 owner=70365
INTEL_LIFECYCLE phase=vcpu_create_end generation=24 owner=70365
[       OK ] HvfIntelProbe.FiniteDeadline (18 ms)
[----------] 1 test from HvfIntelProbe (18 ms total)

[==========] 1 test from 1 test suite ran. (18 ms total)
[  PASSED  ] 1 test.

Repeating all tests (iteration 24) . . .

Note: Google Test filter = HvfIntelProbe.FiniteDeadline
[==========] Running 1 test from 1 test suite.
[----------] 1 test from HvfIntelProbe
[ RUN      ] HvfIntelProbe.FiniteDeadline
INTEL_PROBE phase=executor_initialization
INTEL_PROBE phase=executor_retained
INTEL_PROBE phase=startup_probe
INTEL_PROBE phase=prepare_with_transport
INTEL_PROBE witness_budget mach_start=977541720445 mach_end=979541017355 remaining_ns=1999296910 timebase_numer=1 timebase_denom=1 max_calls=4096
INTEL_PROBE begin=finite_loop call=1 deadline=977546742775 rip=65537 nonce=977540665543 witness=0
INTEL_PROBE end=finite_loop call=1 status=0 mach_before=977541748916 mach_after=977546973253
INTEL_PROBE capture=finite_loop call=1 exec_before=1038731 exec_after=6043357 reason_before=37 reason=52 rip_before=65537 rip=65540 rax=977540665543 nonce=977540665543 witness=977540665543
INTEL_PROBE phase=prepare_with_transport
INTEL_PROBE begin=expired_mtf call=2 deadline=0 rip=65543 nonce=977547129837 witness=0
INTEL_PROBE end=expired_mtf call=2 status=0 mach_before=977548964868 mach_after=977549037488
INTEL_PROBE capture=expired_mtf call=2 exec_before=6457504 exec_after=6526747 reason_before=37 reason=52 rip_before=65543 rip=65543 rax=977547129837 nonce=977547129837 witness=0
INTEL_PROBE phase=prepare_with_transport
INTEL_PROBE begin=finite_mtf call=3 deadline=977555435560 rip=65543 nonce=977549104929 witness=0
INTEL_PROBE end=finite_mtf call=3 status=0 mach_before=977550455988 mach_after=977550889585
INTEL_PROBE capture=finite_mtf call=3 exec_before=6944475 exec_after=7283934 reason_before=37 reason=37 rip_before=65543 rip=65546 rax=977549104930 nonce=977549104929 witness=0
INTEL_PROBE phase=verified_retry
INTEL_PROBE phase=prepare_with_transport
INTEL_PROBE phase=finite_retirement
INTEL_LIFECYCLE phase=vcpu_destroy_begin generation=24 owner=70365
INTEL_LIFECYCLE phase=vcpu_destroy_end generation=24 owner=70365
INTEL_LIFECYCLE phase=vm_destroy_begin generation=24 owner=70365
INTEL_LIFECYCLE phase=vm_destroy_end generation=24 owner=70365
INTEL_LIFECYCLE phase=vm_create_begin generation=25 owner=70365
INTEL_LIFECYCLE phase=vm_create_end generation=25 owner=70365
INTEL_LIFECYCLE phase=vcpu_create_begin generation=25 owner=70365
INTEL_LIFECYCLE phase=vcpu_create_end generation=25 owner=70365
[       OK ] HvfIntelProbe.FiniteDeadline (20 ms)
[----------] 1 test from HvfIntelProbe (20 ms total)

[==========] 1 test from 1 test suite ran. (20 ms total)
[  PASSED  ] 1 test.

Repeating all tests (iteration 25) . . .

Note: Google Test filter = HvfIntelProbe.FiniteDeadline
[==========] Running 1 test from 1 test suite.
[----------] 1 test from HvfIntelProbe
[ RUN      ] HvfIntelProbe.FiniteDeadline
INTEL_PROBE phase=executor_initialization
INTEL_PROBE phase=executor_retained
INTEL_PROBE phase=startup_probe
INTEL_PROBE phase=prepare_with_transport
INTEL_PROBE witness_budget mach_start=977561809959 mach_end=979560804159 remaining_ns=1998994200 timebase_numer=1 timebase_denom=1 max_calls=4096
INTEL_PROBE begin=finite_loop call=1 deadline=977566838199 rip=65537 nonce=977560210069 witness=0
INTEL_PROBE end=finite_loop call=1 status=0 mach_before=977561844689 mach_after=977568765273
INTEL_PROBE capture=finite_loop call=1 exec_before=1198003 exec_after=7961162 reason_before=37 reason=52 rip_before=65537 rip=65540 rax=977560210069 nonce=977560210069 witness=977560210069
INTEL_PROBE phase=prepare_with_transport
INTEL_PROBE begin=expired_mtf call=2 deadline=0 rip=65543 nonce=977568850743 witness=0
INTEL_PROBE end=expired_mtf call=2 status=0 mach_before=977570947505 mach_after=977570992411
INTEL_PROBE capture=expired_mtf call=2 exec_before=8402434 exec_after=8444934 reason_before=37 reason=52 rip_before=65543 rip=65543 rax=977568850743 nonce=977568850743 witness=0
INTEL_PROBE phase=prepare_with_transport
INTEL_PROBE begin=finite_mtf call=3 deadline=977576972558 rip=65543 nonce=977571053719 witness=0
INTEL_PROBE end=finite_mtf call=3 status=0 mach_before=977571991697 mach_after=977572438022
INTEL_PROBE capture=finite_mtf call=3 exec_before=8778693 exec_after=9125540 reason_before=37 reason=37 rip_before=65543 rip=65546 rax=977571053720 nonce=977571053719 witness=0
INTEL_PROBE phase=verified_retry
INTEL_PROBE phase=prepare_with_transport
INTEL_PROBE phase=finite_retirement
INTEL_LIFECYCLE phase=vcpu_destroy_begin generation=25 owner=70365
INTEL_LIFECYCLE phase=vcpu_destroy_end generation=25 owner=70365
INTEL_LIFECYCLE phase=vm_destroy_begin generation=25 owner=70365
INTEL_LIFECYCLE phase=vm_destroy_end generation=25 owner=70365
INTEL_LIFECYCLE phase=vm_create_begin generation=26 owner=70365
INTEL_LIFECYCLE phase=vm_create_end generation=26 owner=70365
INTEL_LIFECYCLE phase=vcpu_create_begin generation=26 owner=70365
INTEL_LIFECYCLE phase=vcpu_create_end generation=26 owner=70365
[       OK ] HvfIntelProbe.FiniteDeadline (21 ms)
[----------] 1 test from HvfIntelProbe (21 ms total)

[==========] 1 test from 1 test suite ran. (21 ms total)
[  PASSED  ] 1 test.

Repeating all tests (iteration 26) . . .

Note: Google Test filter = HvfIntelProbe.FiniteDeadline
[==========] Running 1 test from 1 test suite.
[----------] 1 test from HvfIntelProbe
[ RUN      ] HvfIntelProbe.FiniteDeadline
INTEL_PROBE phase=executor_initialization
INTEL_PROBE phase=executor_retained
INTEL_PROBE phase=startup_probe
INTEL_PROBE phase=prepare_with_transport
INTEL_PROBE witness_budget mach_start=977582900473 mach_end=979581738962 remaining_ns=1998838489 timebase_numer=1 timebase_denom=1 max_calls=4096
INTEL_PROBE begin=finite_loop call=1 deadline=977587938185 rip=65537 nonce=977581399544 witness=0
INTEL_PROBE end=finite_loop call=1 status=0 mach_before=977582950121 mach_after=977588639545
INTEL_PROBE capture=finite_loop call=1 exec_before=1043007 exec_after=6582552 reason_before=37 reason=52 rip_before=65537 rip=65540 rax=977581399544 nonce=977581399544 witness=977581399544
INTEL_PROBE phase=prepare_with_transport
INTEL_PROBE begin=expired_mtf call=2 deadline=0 rip=65543 nonce=977588730982 witness=0
INTEL_PROBE end=expired_mtf call=2 status=0 mach_before=977590672044 mach_after=977590717633
INTEL_PROBE capture=expired_mtf call=2 exec_before=7076985 exec_after=7120025 reason_before=37 reason=52 rip_before=65543 rip=65543 rax=977588730982 nonce=977588730982 witness=0
INTEL_PROBE phase=prepare_with_transport
INTEL_PROBE begin=finite_mtf call=3 deadline=977596712000 rip=65543 nonce=977590784324 witness=0
INTEL_PROBE end=finite_mtf call=3 status=0 mach_before=977591730982 mach_after=977592206064
INTEL_PROBE capture=finite_mtf call=3 exec_before=7461982 exec_after=7829107 reason_before=37 reason=37 rip_before=65543 rip=65546 rax=977590784325 nonce=977590784324 witness=0
INTEL_PROBE phase=verified_retry
INTEL_PROBE phase=prepare_with_transport
INTEL_PROBE phase=finite_retirement
INTEL_LIFECYCLE phase=vcpu_destroy_begin generation=26 owner=70365
INTEL_LIFECYCLE phase=vcpu_destroy_end generation=26 owner=70365
INTEL_LIFECYCLE phase=vm_destroy_begin generation=26 owner=70365
INTEL_LIFECYCLE phase=vm_destroy_end generation=26 owner=70365
INTEL_LIFECYCLE phase=vm_create_begin generation=27 owner=70365
INTEL_LIFECYCLE phase=vm_create_end generation=27 owner=70365
INTEL_LIFECYCLE phase=vcpu_create_begin generation=27 owner=70365
INTEL_LIFECYCLE phase=vcpu_create_end generation=27 owner=70365
[       OK ] HvfIntelProbe.FiniteDeadline (19 ms)
[----------] 1 test from HvfIntelProbe (19 ms total)

[==========] 1 test from 1 test suite ran. (19 ms total)
[  PASSED  ] 1 test.

Repeating all tests (iteration 27) . . .

Note: Google Test filter = HvfIntelProbe.FiniteDeadline
[==========] Running 1 test from 1 test suite.
[----------] 1 test from HvfIntelProbe
[ RUN      ] HvfIntelProbe.FiniteDeadline
INTEL_PROBE phase=executor_initialization
INTEL_PROBE phase=executor_retained
INTEL_PROBE phase=startup_probe
INTEL_PROBE phase=prepare_with_transport
INTEL_PROBE witness_budget mach_start=977603208522 mach_end=979602015987 remaining_ns=1998807465 timebase_numer=1 timebase_denom=1 max_calls=4096
INTEL_PROBE begin=finite_loop call=1 deadline=977608233960 rip=65537 nonce=977601618132 witness=0
INTEL_PROBE end=finite_loop call=1 status=0 mach_before=977603240788 mach_after=977609673689
INTEL_PROBE capture=finite_loop call=1 exec_before=1034554 exec_after=7345138 reason_before=37 reason=52 rip_before=65537 rip=65540 rax=977601618132 nonce=977601618132 witness=977601618132
INTEL_PROBE phase=prepare_with_transport
INTEL_PROBE begin=expired_mtf call=2 deadline=0 rip=65543 nonce=977609781006 witness=0
INTEL_PROBE end=expired_mtf call=2 status=0 mach_before=977611544694 mach_after=977611587704
INTEL_PROBE capture=expired_mtf call=2 exec_before=7775950 exec_after=7816616 reason_before=37 reason=52 rip_before=65543 rip=65543 rax=977609781006 nonce=977609781006 witness=0
INTEL_PROBE phase=prepare_with_transport
INTEL_PROBE begin=finite_mtf call=3 deadline=977617571646 rip=65543 nonce=977611639595 witness=0
INTEL_PROBE end=finite_mtf call=3 status=0 mach_before=977612586177 mach_after=977613007759
INTEL_PROBE capture=finite_mtf call=3 exec_before=8146827 exec_after=8479712 reason_before=37 reason=37 rip_before=65543 rip=65546 rax=977611639596 nonce=977611639595 witness=0
INTEL_PROBE phase=verified_retry
INTEL_PROBE phase=prepare_with_transport
INTEL_PROBE phase=finite_retirement
INTEL_LIFECYCLE phase=vcpu_destroy_begin generation=27 owner=70365
INTEL_LIFECYCLE phase=vcpu_destroy_end generation=27 owner=70365
INTEL_LIFECYCLE phase=vm_destroy_begin generation=27 owner=70365
INTEL_LIFECYCLE phase=vm_destroy_end generation=27 owner=70365
INTEL_LIFECYCLE phase=vm_create_begin generation=28 owner=70365
INTEL_LIFECYCLE phase=vm_create_end generation=28 owner=70365
INTEL_LIFECYCLE phase=vcpu_create_begin generation=28 owner=70365
INTEL_LIFECYCLE phase=vcpu_create_end generation=28 owner=70365
[       OK ] HvfIntelProbe.FiniteDeadline (20 ms)
[----------] 1 test from HvfIntelProbe (20 ms total)

[==========] 1 test from 1 test suite ran. (20 ms total)
[  PASSED  ] 1 test.

Repeating all tests (iteration 28) . . .

Note: Google Test filter = HvfIntelProbe.FiniteDeadline
[==========] Running 1 test from 1 test suite.
[----------] 1 test from HvfIntelProbe
[ RUN      ] HvfIntelProbe.FiniteDeadline
INTEL_PROBE phase=executor_initialization
INTEL_PROBE phase=executor_retained
INTEL_PROBE phase=startup_probe
INTEL_PROBE phase=prepare_with_transport
INTEL_PROBE witness_budget mach_start=977623283891 mach_end=979622609877 remaining_ns=1999325986 timebase_numer=1 timebase_denom=1 max_calls=4096
INTEL_PROBE begin=finite_loop call=1 deadline=977628305409 rip=65537 nonce=977622279171 witness=0
INTEL_PROBE end=finite_loop call=1 status=0 mach_before=977623310994 mach_after=977625589778
INTEL_PROBE capture=finite_loop call=1 exec_before=1038296 exec_after=3123170 reason_before=37 reason=1 rip_before=65537 rip=65540 rax=977622279171 nonce=977622279171 witness=977622279171
INTEL_PROBE begin=finite_loop call=2 deadline=977628305409 rip=65540 nonce=977622279171 witness=977622279171
INTEL_PROBE end=finite_loop call=2 status=0 mach_before=977625621442 mach_after=977628389404
INTEL_PROBE capture=finite_loop call=2 exec_before=3123170 exec_after=5850515 reason_before=1 reason=52 rip_before=65540 rip=65540 rax=977622279171 nonce=977622279171 witness=977622279171
INTEL_PROBE phase=prepare_with_transport
INTEL_PROBE begin=expired_mtf call=3 deadline=0 rip=65543 nonce=977628459101 witness=0
INTEL_PROBE end=expired_mtf call=3 status=0 mach_before=977630008159 mach_after=977630051879
INTEL_PROBE capture=expired_mtf call=3 exec_before=6192868 exec_after=6233824 reason_before=37 reason=52 rip_before=65543 rip=65543 rax=977628459101 nonce=977628459101 witness=0
INTEL_PROBE phase=prepare_with_transport
INTEL_PROBE begin=finite_mtf call=4 deadline=977636137379 rip=65543 nonce=977630104007 witness=0
INTEL_PROBE end=finite_mtf call=4 status=0 mach_before=977631156579 mach_after=977631622016
INTEL_PROBE capture=finite_mtf call=4 exec_before=6593504 exec_after=6936653 reason_before=37 reason=37 rip_before=65543 rip=65546 rax=977630104008 nonce=977630104007 witness=0
INTEL_PROBE phase=verified_retry
INTEL_PROBE phase=prepare_with_transport
INTEL_PROBE phase=finite_retirement
INTEL_LIFECYCLE phase=vcpu_destroy_begin generation=28 owner=70365
INTEL_LIFECYCLE phase=vcpu_destroy_end generation=28 owner=70365
INTEL_LIFECYCLE phase=vm_destroy_begin generation=28 owner=70365
INTEL_LIFECYCLE phase=vm_destroy_end generation=28 owner=70365
INTEL_LIFECYCLE phase=vm_create_begin generation=29 owner=70365
INTEL_LIFECYCLE phase=vm_create_end generation=29 owner=70365
INTEL_LIFECYCLE phase=vcpu_create_begin generation=29 owner=70365
INTEL_LIFECYCLE phase=vcpu_create_end generation=29 owner=70365
[       OK ] HvfIntelProbe.FiniteDeadline (18 ms)
[----------] 1 test from HvfIntelProbe (18 ms total)

[==========] 1 test from 1 test suite ran. (18 ms total)
[  PASSED  ] 1 test.

Repeating all tests (iteration 29) . . .

Note: Google Test filter = HvfIntelProbe.FiniteDeadline
[==========] Running 1 test from 1 test suite.
[----------] 1 test from HvfIntelProbe
[ RUN      ] HvfIntelProbe.FiniteDeadline
INTEL_PROBE phase=executor_initialization
INTEL_PROBE phase=executor_retained
INTEL_PROBE phase=startup_probe
INTEL_PROBE phase=prepare_with_transport
INTEL_PROBE witness_budget mach_start=977642416034 mach_end=979641271171 remaining_ns=1998855137 timebase_numer=1 timebase_denom=1 max_calls=4096
INTEL_PROBE begin=finite_loop call=1 deadline=977647437483 rip=65537 nonce=977640913927 witness=0
INTEL_PROBE end=finite_loop call=1 status=0 mach_before=977642443216 mach_after=977643684552
INTEL_PROBE capture=finite_loop call=1 exec_before=1063162 exec_after=2142517 reason_before=37 reason=1 rip_before=65537 rip=65540 rax=977640913927 nonce=977640913927 witness=977640913927
INTEL_PROBE begin=finite_loop call=2 deadline=977647437483 rip=65540 nonce=977640913927 witness=977640913927
INTEL_PROBE end=finite_loop call=2 status=0 mach_before=977643712947 mach_after=977647717428
INTEL_PROBE capture=finite_loop call=2 exec_before=2142517 exec_after=6038230 reason_before=1 reason=1 rip_before=65540 rip=65540 rax=977640913927 nonce=977640913927 witness=977640913927
INTEL_PROBE begin=finite_loop call=3 deadline=977647437483 rip=65540 nonce=977640913927 witness=977640913927
INTEL_PROBE end=finite_loop call=3 status=0 mach_before=977647754397 mach_after=977647842259
INTEL_PROBE capture=finite_loop call=3 exec_before=6038230 exec_after=6121732 reason_before=1 reason=52 rip_before=65540 rip=65540 rax=977640913927 nonce=977640913927 witness=977640913927
INTEL_PROBE phase=prepare_with_transport
INTEL_PROBE begin=expired_mtf call=4 deadline=0 rip=65543 nonce=977647903601 witness=0
INTEL_PROBE end=expired_mtf call=4 status=0 mach_before=977649548639 mach_after=977649594066
INTEL_PROBE capture=expired_mtf call=4 exec_before=6573457 exec_after=6616379 reason_before=37 reason=52 rip_before=65543 rip=65543 rax=977647903601 nonce=977647903601 witness=0
INTEL_PROBE phase=prepare_with_transport
INTEL_PROBE begin=finite_mtf call=5 deadline=977655763881 rip=65543 nonce=977649652129 witness=0
INTEL_PROBE end=finite_mtf call=5 status=0 mach_before=977650780630 mach_after=977651215870
INTEL_PROBE capture=finite_mtf call=5 exec_before=7013310 exec_after=7346739 reason_before=37 reason=37 rip_before=65543 rip=65546 rax=977649652130 nonce=977649652129 witness=0
INTEL_PROBE phase=verified_retry
INTEL_PROBE phase=prepare_with_transport
INTEL_PROBE phase=finite_retirement
INTEL_LIFECYCLE phase=vcpu_destroy_begin generation=29 owner=70365
INTEL_LIFECYCLE phase=vcpu_destroy_end generation=29 owner=70365
INTEL_LIFECYCLE phase=vm_destroy_begin generation=29 owner=70365
INTEL_LIFECYCLE phase=vm_destroy_end generation=29 owner=70365
INTEL_LIFECYCLE phase=vm_create_begin generation=30 owner=70365
INTEL_LIFECYCLE phase=vm_create_end generation=30 owner=70365
INTEL_LIFECYCLE phase=vcpu_create_begin generation=30 owner=70365
INTEL_LIFECYCLE phase=vcpu_create_end generation=30 owner=70365
[       OK ] HvfIntelProbe.FiniteDeadline (19 ms)
[----------] 1 test from HvfIntelProbe (19 ms total)

[==========] 1 test from 1 test suite ran. (19 ms total)
[  PASSED  ] 1 test.

Repeating all tests (iteration 30) . . .

Note: Google Test filter = HvfIntelProbe.FiniteDeadline
[==========] Running 1 test from 1 test suite.
[----------] 1 test from HvfIntelProbe
[ RUN      ] HvfIntelProbe.FiniteDeadline
INTEL_PROBE phase=executor_initialization
INTEL_PROBE phase=executor_retained
INTEL_PROBE phase=startup_probe
INTEL_PROBE phase=prepare_with_transport
INTEL_PROBE witness_budget mach_start=977661719081 mach_end=979660800936 remaining_ns=1999081855 timebase_numer=1 timebase_denom=1 max_calls=4096
INTEL_PROBE begin=finite_loop call=1 deadline=977666740182 rip=65537 nonce=977660462428 witness=0
INTEL_PROBE end=finite_loop call=1 status=0 mach_before=977661745946 mach_after=977662620277
INTEL_PROBE capture=finite_loop call=1 exec_before=1021220 exec_after=1532855 reason_before=37 reason=1 rip_before=65537 rip=65540 rax=977660462428 nonce=977660462428 witness=977660462428
INTEL_PROBE begin=finite_loop call=2 deadline=977666740182 rip=65540 nonce=977660462428 witness=977660462428
INTEL_PROBE end=finite_loop call=2 status=0 mach_before=977662653708 mach_after=977666716854
INTEL_PROBE capture=finite_loop call=2 exec_before=1532855 exec_after=5375409 reason_before=1 reason=1 rip_before=65540 rip=65540 rax=977660462428 nonce=977660462428 witness=977660462428
INTEL_PROBE begin=finite_loop call=3 deadline=977666740182 rip=65540 nonce=977660462428 witness=977660462428
INTEL_PROBE end=finite_loop call=3 status=0 mach_before=977667824793 mach_after=977667943284
INTEL_PROBE capture=finite_loop call=3 exec_before=5375409 exec_after=5466224 reason_before=1 reason=52 rip_before=65540 rip=65540 rax=977660462428 nonce=977660462428 witness=977660462428
INTEL_PROBE phase=prepare_with_transport
INTEL_PROBE begin=expired_mtf call=4 deadline=0 rip=65543 nonce=977668007405 witness=0
INTEL_PROBE end=expired_mtf call=4 status=0 mach_before=977669659191 mach_after=977669704130
INTEL_PROBE capture=expired_mtf call=4 exec_before=5926461 exec_after=5968705 reason_before=37 reason=52 rip_before=65543 rip=65543 rax=977668007405 nonce=977668007405 witness=0
INTEL_PROBE phase=prepare_with_transport
INTEL_PROBE begin=finite_mtf call=5 deadline=977675866117 rip=65543 nonce=977669760498 witness=0
INTEL_PROBE end=finite_mtf call=5 status=0 mach_before=977670882394 mach_after=977671072814
INTEL_PROBE capture=finite_mtf call=5 exec_before=6367129 exec_after=6490042 reason_before=37 reason=1 rip_before=65543 rip=65543 rax=977669760498 nonce=977669760498 witness=0
INTEL_PROBE phase=verified_retry
INTEL_PROBE phase=prepare_with_transport
INTEL_PROBE phase=finite_retirement
INTEL_LIFECYCLE phase=vcpu_destroy_begin generation=30 owner=70365
INTEL_LIFECYCLE phase=vcpu_destroy_end generation=30 owner=70365
INTEL_LIFECYCLE phase=vm_destroy_begin generation=30 owner=70365
INTEL_LIFECYCLE phase=vm_destroy_end generation=30 owner=70365
INTEL_LIFECYCLE phase=vm_create_begin generation=31 owner=70365
INTEL_LIFECYCLE phase=vm_create_end generation=31 owner=70365
INTEL_LIFECYCLE phase=vcpu_create_begin generation=31 owner=70365
INTEL_LIFECYCLE phase=vcpu_create_end generation=31 owner=70365
[       OK ] HvfIntelProbe.FiniteDeadline (19 ms)
[----------] 1 test from HvfIntelProbe (19 ms total)

[==========] 1 test from 1 test suite ran. (19 ms total)
[  PASSED  ] 1 test.

Repeating all tests (iteration 31) . . .

Note: Google Test filter = HvfIntelProbe.FiniteDeadline
[==========] Running 1 test from 1 test suite.
[----------] 1 test from HvfIntelProbe
[ RUN      ] HvfIntelProbe.FiniteDeadline
INTEL_PROBE phase=executor_initialization
INTEL_PROBE phase=executor_retained
INTEL_PROBE phase=startup_probe
INTEL_PROBE phase=prepare_with_transport
INTEL_PROBE witness_budget mach_start=977681777111 mach_end=979680360964 remaining_ns=1998583853 timebase_numer=1 timebase_denom=1 max_calls=4096
INTEL_PROBE begin=finite_loop call=1 deadline=977686802794 rip=65537 nonce=977680037240 witness=0
INTEL_PROBE end=finite_loop call=1 status=0 mach_before=977681808639 mach_after=977684675096
INTEL_PROBE capture=finite_loop call=1 exec_before=1093963 exec_after=3191159 reason_before=37 reason=1 rip_before=65537 rip=65540 rax=977680037240 nonce=977680037240 witness=977680037240
INTEL_PROBE begin=finite_loop call=2 deadline=977686802794 rip=65540 nonce=977680037240 witness=977680037240
INTEL_PROBE end=finite_loop call=2 status=0 mach_before=977684715545 mach_after=977686101156
INTEL_PROBE capture=finite_loop call=2 exec_before=3191159 exec_after=4441673 reason_before=1 reason=1 rip_before=65540 rip=65540 rax=977680037240 nonce=977680037240 witness=977680037240
INTEL_PROBE begin=finite_loop call=3 deadline=977686802794 rip=65540 nonce=977680037240 witness=977680037240
INTEL_PROBE end=finite_loop call=3 status=0 mach_before=977686155452 mach_after=977686903731
INTEL_PROBE capture=finite_loop call=3 exec_before=4441673 exec_after=5185177 reason_before=1 reason=52 rip_before=65540 rip=65540 rax=977680037240 nonce=977680037240 witness=977680037240
INTEL_PROBE phase=prepare_with_transport
INTEL_PROBE begin=expired_mtf call=4 deadline=0 rip=65543 nonce=977686969053 witness=0
INTEL_PROBE end=expired_mtf call=4 status=0 mach_before=977689538458 mach_after=977689587272
INTEL_PROBE capture=expired_mtf call=4 exec_before=5819570 exec_after=5865828 reason_before=37 reason=52 rip_before=65543 rip=65543 rax=977686969053 nonce=977686969053 witness=0
INTEL_PROBE phase=prepare_with_transport
INTEL_PROBE begin=finite_mtf call=5 deadline=977696372458 rip=65543 nonce=977689644968 witness=0
INTEL_PROBE end=finite_mtf call=5 status=0 mach_before=977691396916 mach_after=977691835766
INTEL_PROBE capture=finite_mtf call=5 exec_before=6329931 exec_after=6678388 reason_before=37 reason=37 rip_before=65543 rip=65546 rax=977689644969 nonce=977689644968 witness=0
INTEL_PROBE phase=verified_retry
INTEL_PROBE phase=prepare_with_transport
INTEL_PROBE phase=finite_retirement
INTEL_LIFECYCLE phase=vcpu_destroy_begin generation=31 owner=70365
INTEL_LIFECYCLE phase=vcpu_destroy_end generation=31 owner=70365
INTEL_LIFECYCLE phase=vm_destroy_begin generation=31 owner=70365
INTEL_LIFECYCLE phase=vm_destroy_end generation=31 owner=70365
INTEL_LIFECYCLE phase=vm_create_begin generation=32 owner=70365
INTEL_LIFECYCLE phase=vm_create_end generation=32 owner=70365
INTEL_LIFECYCLE phase=vcpu_create_begin generation=32 owner=70365
INTEL_LIFECYCLE phase=vcpu_create_end generation=32 owner=70365
[       OK ] HvfIntelProbe.FiniteDeadline (21 ms)
[----------] 1 test from HvfIntelProbe (21 ms total)

[==========] 1 test from 1 test suite ran. (21 ms total)
[  PASSED  ] 1 test.

Repeating all tests (iteration 32) . . .

Note: Google Test filter = HvfIntelProbe.FiniteDeadline
[==========] Running 1 test from 1 test suite.
[----------] 1 test from HvfIntelProbe
[ RUN      ] HvfIntelProbe.FiniteDeadline
INTEL_PROBE phase=executor_initialization
INTEL_PROBE phase=executor_retained
INTEL_PROBE phase=startup_probe
INTEL_PROBE phase=prepare_with_transport
INTEL_PROBE witness_budget mach_start=977704616527 mach_end=979703208830 remaining_ns=1998592303 timebase_numer=1 timebase_denom=1 max_calls=4096
INTEL_PROBE begin=finite_loop call=1 deadline=977709640603 rip=65537 nonce=977702105298 witness=0
INTEL_PROBE end=finite_loop call=1 status=0 mach_before=977704646406 mach_after=977705482958
INTEL_PROBE capture=finite_loop call=1 exec_before=1284739 exec_after=1854939 reason_before=37 reason=1 rip_before=65537 rip=65540 rax=977702105298 nonce=977702105298 witness=977702105298
INTEL_PROBE begin=finite_loop call=2 deadline=977709640603 rip=65540 nonce=977702105298 witness=977702105298
INTEL_PROBE end=finite_loop call=2 status=0 mach_before=977705514966 mach_after=977706674368
INTEL_PROBE capture=finite_loop call=2 exec_before=1854939 exec_after=2731120 reason_before=1 reason=1 rip_before=65540 rip=65540 rax=977702105298 nonce=977702105298 witness=977702105298
INTEL_PROBE begin=finite_loop call=3 deadline=977709640603 rip=65540 nonce=977702105298 witness=977702105298
INTEL_PROBE end=finite_loop call=3 status=0 mach_before=977706704135 mach_after=977709691834
INTEL_PROBE capture=finite_loop call=3 exec_before=2731120 exec_after=5677084 reason_before=1 reason=52 rip_before=65540 rip=65540 rax=977702105298 nonce=977702105298 witness=977702105298
INTEL_PROBE phase=prepare_with_transport
INTEL_PROBE begin=expired_mtf call=4 deadline=0 rip=65543 nonce=977709764542 witness=0
INTEL_PROBE end=expired_mtf call=4 status=0 mach_before=977711683422 mach_after=977711754757
INTEL_PROBE capture=expired_mtf call=4 exec_before=6162959 exec_after=6230874 reason_before=37 reason=52 rip_before=65543 rip=65543 rax=977709764542 nonce=977709764542 witness=0
INTEL_PROBE phase=prepare_with_transport
INTEL_PROBE begin=finite_mtf call=5 deadline=977717867111 rip=65543 nonce=977711833164 witness=0
INTEL_PROBE end=finite_mtf call=5 status=0 mach_before=977712885007 mach_after=977713318923
INTEL_PROBE capture=finite_mtf call=5 exec_before=6676414 exec_after=7017995 reason_before=37 reason=37 rip_before=65543 rip=65546 rax=977711833165 nonce=977711833164 witness=0
INTEL_PROBE phase=verified_retry
INTEL_PROBE phase=prepare_with_transport
INTEL_PROBE phase=finite_retirement
INTEL_LIFECYCLE phase=vcpu_destroy_begin generation=32 owner=70365
INTEL_LIFECYCLE phase=vcpu_destroy_end generation=32 owner=70365
INTEL_LIFECYCLE phase=vm_destroy_begin generation=32 owner=70365
INTEL_LIFECYCLE phase=vm_destroy_end generation=32 owner=70365
INTEL_LIFECYCLE phase=vm_create_begin generation=33 owner=70365
INTEL_LIFECYCLE phase=vm_create_end generation=33 owner=70365
INTEL_LIFECYCLE phase=vcpu_create_begin generation=33 owner=70365
INTEL_LIFECYCLE phase=vcpu_create_end generation=33 owner=70365
[       OK ] HvfIntelProbe.FiniteDeadline (20 ms)
[----------] 1 test from HvfIntelProbe (20 ms total)

[==========] 1 test from 1 test suite ran. (20 ms total)
[  PASSED  ] 1 test.

Repeating all tests (iteration 33) . . .

Note: Google Test filter = HvfIntelProbe.FiniteDeadline
[==========] Running 1 test from 1 test suite.
[----------] 1 test from HvfIntelProbe
[ RUN      ] HvfIntelProbe.FiniteDeadline
INTEL_PROBE phase=executor_initialization
INTEL_PROBE phase=executor_retained
INTEL_PROBE phase=startup_probe
INTEL_PROBE phase=prepare_with_transport
INTEL_PROBE witness_budget mach_start=977729752861 mach_end=979728513536 remaining_ns=1998760675 timebase_numer=1 timebase_denom=1 max_calls=4096
INTEL_PROBE begin=finite_loop call=1 deadline=977734779493 rip=65537 nonce=977728185502 witness=0
INTEL_PROBE end=finite_loop call=1 status=0 mach_before=977729785541 mach_after=977730320933
INTEL_PROBE capture=finite_loop call=1 exec_before=1303485 exec_after=1407410 reason_before=37 reason=1 rip_before=65537 rip=65537 rax=977728185502 nonce=977728185502 witness=0
INTEL_PROBE begin=finite_loop call=2 deadline=977734779493 rip=65537 nonce=977728185502 witness=0
INTEL_PROBE end=finite_loop call=2 status=0 mach_before=977730350145 mach_after=977733636219
INTEL_PROBE capture=finite_loop call=2 exec_before=1407410 exec_after=3329853 reason_before=1 reason=1 rip_before=65537 rip=65540 rax=977728185502 nonce=977728185502 witness=977728185502
INTEL_PROBE begin=finite_loop call=3 deadline=977734779493 rip=65540 nonce=977728185502 witness=977728185502
INTEL_PROBE end=finite_loop call=3 status=0 mach_before=977733677687 mach_after=977734825604
INTEL_PROBE capture=finite_loop call=3 exec_before=3329853 exec_after=4447255 reason_before=1 reason=52 rip_before=65540 rip=65540 rax=977728185502 nonce=977728185502 witness=977728185502
INTEL_PROBE phase=prepare_with_transport
INTEL_PROBE begin=expired_mtf call=4 deadline=0 rip=65543 nonce=977734896340 witness=0
INTEL_PROBE end=expired_mtf call=4 status=0 mach_before=977859338841 mach_after=977859383928
INTEL_PROBE capture=expired_mtf call=4 exec_before=4966288 exec_after=5008636 reason_before=37 reason=52 rip_before=65543 rip=65543 rax=977734896340 nonce=977734896340 witness=0
INTEL_PROBE phase=prepare_with_transport
INTEL_PROBE begin=finite_mtf call=5 deadline=977865418716 rip=65543 nonce=977859450734 witness=0
INTEL_PROBE end=finite_mtf call=5 status=0 mach_before=977860436921 mach_after=977860907298
INTEL_PROBE capture=finite_mtf call=5 exec_before=5380073 exec_after=5740773 reason_before=37 reason=37 rip_before=65543 rip=65546 rax=977859450735 nonce=977859450734 witness=0
INTEL_PROBE phase=verified_retry
INTEL_PROBE phase=prepare_with_transport
INTEL_PROBE phase=finite_retirement
INTEL_LIFECYCLE phase=vcpu_destroy_begin generation=33 owner=70365
INTEL_LIFECYCLE phase=vcpu_destroy_end generation=33 owner=70365
INTEL_LIFECYCLE phase=vm_destroy_begin generation=33 owner=70365
INTEL_LIFECYCLE phase=vm_destroy_end generation=33 owner=70365
INTEL_LIFECYCLE phase=vm_create_begin generation=34 owner=70365
INTEL_LIFECYCLE phase=vm_create_end generation=34 owner=70365
INTEL_LIFECYCLE phase=vcpu_create_begin generation=34 owner=70365
INTEL_LIFECYCLE phase=vcpu_create_end generation=34 owner=70365
[       OK ] HvfIntelProbe.FiniteDeadline (147 ms)
[----------] 1 test from HvfIntelProbe (147 ms total)

[==========] 1 test from 1 test suite ran. (147 ms total)
[  PASSED  ] 1 test.

Repeating all tests (iteration 34) . . .

Note: Google Test filter = HvfIntelProbe.FiniteDeadline
[==========] Running 1 test from 1 test suite.
[----------] 1 test from HvfIntelProbe
[ RUN      ] HvfIntelProbe.FiniteDeadline
INTEL_PROBE phase=executor_initialization
INTEL_PROBE phase=executor_retained
INTEL_PROBE phase=startup_probe
INTEL_PROBE phase=prepare_with_transport
INTEL_PROBE witness_budget mach_start=977871309116 mach_end=979870425757 remaining_ns=1999116641 timebase_numer=1 timebase_denom=1 max_calls=4096
INTEL_PROBE begin=finite_loop call=1 deadline=977876330900 rip=65537 nonce=977869978300 witness=0
INTEL_PROBE end=finite_loop call=1 status=0 mach_before=977871336838 mach_after=977876904344
INTEL_PROBE capture=finite_loop call=1 exec_before=1194011 exec_after=6600795 reason_before=37 reason=52 rip_before=65537 rip=65540 rax=977869978300 nonce=977869978300 witness=977869978300
INTEL_PROBE phase=prepare_with_transport
INTEL_PROBE begin=expired_mtf call=2 deadline=0 rip=65543 nonce=977876976644 witness=0
INTEL_PROBE end=expired_mtf call=2 status=0 mach_before=977878863287 mach_after=977878933835
INTEL_PROBE capture=expired_mtf call=2 exec_before=6958195 exec_after=7025562 reason_before=37 reason=52 rip_before=65543 rip=65543 rax=977876976644 nonce=977876976644 witness=0
INTEL_PROBE phase=prepare_with_transport
INTEL_PROBE begin=finite_mtf call=3 deadline=977884875364 rip=65543 nonce=977878991497 witness=0
INTEL_PROBE end=finite_mtf call=3 status=0 mach_before=977879895573 mach_after=977880450609
INTEL_PROBE capture=finite_mtf call=3 exec_before=7362136 exec_after=7755193 reason_before=37 reason=37 rip_before=65543 rip=65546 rax=977878991498 nonce=977878991497 witness=0
INTEL_PROBE phase=verified_retry
INTEL_PROBE phase=prepare_with_transport
INTEL_PROBE phase=finite_retirement
INTEL_LIFECYCLE phase=vcpu_destroy_begin generation=34 owner=70365
INTEL_LIFECYCLE phase=vcpu_destroy_end generation=34 owner=70365
INTEL_LIFECYCLE phase=vm_destroy_begin generation=34 owner=70365
INTEL_LIFECYCLE phase=vm_destroy_end generation=34 owner=70365
INTEL_LIFECYCLE phase=vm_create_begin generation=35 owner=70365
INTEL_LIFECYCLE phase=vm_create_end generation=35 owner=70365
INTEL_LIFECYCLE phase=vcpu_create_begin generation=35 owner=70365
INTEL_LIFECYCLE phase=vcpu_create_end generation=35 owner=70365
[       OK ] HvfIntelProbe.FiniteDeadline (20 ms)
[----------] 1 test from HvfIntelProbe (20 ms total)

[==========] 1 test from 1 test suite ran. (20 ms total)
[  PASSED  ] 1 test.

Repeating all tests (iteration 35) . . .

Note: Google Test filter = HvfIntelProbe.FiniteDeadline
[==========] Running 1 test from 1 test suite.
[----------] 1 test from HvfIntelProbe
[ RUN      ] HvfIntelProbe.FiniteDeadline
INTEL_PROBE phase=executor_initialization
INTEL_PROBE phase=executor_retained
INTEL_PROBE phase=startup_probe
INTEL_PROBE phase=prepare_with_transport
INTEL_PROBE witness_budget mach_start=977892001751 mach_end=979890909739 remaining_ns=1998907988 timebase_numer=1 timebase_denom=1 max_calls=4096
INTEL_PROBE begin=finite_loop call=1 deadline=977897025613 rip=65537 nonce=977890586858 witness=0
INTEL_PROBE end=finite_loop call=1 status=0 mach_before=977892032086 mach_after=977894057743
INTEL_PROBE capture=finite_loop call=1 exec_before=1149273 exec_after=2938344 reason_before=37 reason=1 rip_before=65537 rip=65540 rax=977890586858 nonce=977890586858 witness=977890586858
INTEL_PROBE begin=finite_loop call=2 deadline=977897025613 rip=65540 nonce=977890586858 witness=977890586858
INTEL_PROBE end=finite_loop call=2 status=0 mach_before=977894138816 mach_after=977897134395
INTEL_PROBE capture=finite_loop call=2 exec_before=2938344 exec_after=5868093 reason_before=1 reason=52 rip_before=65540 rip=65540 rax=977890586858 nonce=977890586858 witness=977890586858
INTEL_PROBE phase=prepare_with_transport
INTEL_PROBE begin=expired_mtf call=3 deadline=0 rip=65543 nonce=977897229811 witness=0
INTEL_PROBE end=expired_mtf call=3 status=0 mach_before=977898946455 mach_after=977898989431
INTEL_PROBE capture=expired_mtf call=3 exec_before=6336626 exec_after=6377181 reason_before=37 reason=52 rip_before=65543 rip=65543 rax=977897229811 nonce=977897229811 witness=0
INTEL_PROBE phase=prepare_with_transport
INTEL_PROBE begin=finite_mtf call=4 deadline=977905200389 rip=65543 nonce=977899052367 witness=0
INTEL_PROBE end=finite_mtf call=4 status=0 mach_before=977900216501 mach_after=977900646872
INTEL_PROBE capture=finite_mtf call=4 exec_before=6853522 exec_after=7184594 reason_before=37 reason=37 rip_before=65543 rip=65546 rax=977899052368 nonce=977899052367 witness=0
INTEL_PROBE phase=verified_retry
INTEL_PROBE phase=prepare_with_transport
INTEL_PROBE phase=finite_retirement
INTEL_LIFECYCLE phase=vcpu_destroy_begin generation=35 owner=70365
INTEL_LIFECYCLE phase=vcpu_destroy_end generation=35 owner=70365
INTEL_LIFECYCLE phase=vm_destroy_begin generation=35 owner=70365
INTEL_LIFECYCLE phase=vm_destroy_end generation=35 owner=70365
INTEL_LIFECYCLE phase=vm_create_begin generation=36 owner=70365
INTEL_LIFECYCLE phase=vm_create_end generation=36 owner=70365
INTEL_LIFECYCLE phase=vcpu_create_begin generation=36 owner=70365
INTEL_LIFECYCLE phase=vcpu_create_end generation=36 owner=70365
[       OK ] HvfIntelProbe.FiniteDeadline (19 ms)
[----------] 1 test from HvfIntelProbe (19 ms total)

[==========] 1 test from 1 test suite ran. (19 ms total)
[  PASSED  ] 1 test.

Repeating all tests (iteration 36) . . .

Note: Google Test filter = HvfIntelProbe.FiniteDeadline
[==========] Running 1 test from 1 test suite.
[----------] 1 test from HvfIntelProbe
[ RUN      ] HvfIntelProbe.FiniteDeadline
INTEL_PROBE phase=executor_initialization
INTEL_PROBE phase=executor_retained
INTEL_PROBE phase=startup_probe
INTEL_PROBE phase=prepare_with_transport
INTEL_PROBE witness_budget mach_start=977911888737 mach_end=979910649638 remaining_ns=1998760901 timebase_numer=1 timebase_denom=1 max_calls=4096
INTEL_PROBE begin=finite_loop call=1 deadline=977916911453 rip=65537 nonce=977910333731 witness=0
INTEL_PROBE end=finite_loop call=1 status=0 mach_before=977911917751 mach_after=977912456677
INTEL_PROBE capture=finite_loop call=1 exec_before=1194294 exec_after=1468634 reason_before=37 reason=1 rip_before=65537 rip=65537 rax=977910333731 nonce=977910333731 witness=0
INTEL_PROBE begin=finite_loop call=2 deadline=977916911453 rip=65537 nonce=977910333731 witness=0
INTEL_PROBE end=finite_loop call=2 status=0 mach_before=977912487527 mach_after=977916976417
INTEL_PROBE capture=finite_loop call=2 exec_before=1468634 exec_after=5801945 reason_before=1 reason=1 rip_before=65537 rip=65540 rax=977910333731 nonce=977910333731 witness=977910333731
INTEL_PROBE begin=finite_loop call=3 deadline=977916911453 rip=65540 nonce=977910333731 witness=977910333731
INTEL_PROBE end=finite_loop call=3 status=0 mach_before=977917015674 mach_after=977917100790
INTEL_PROBE capture=finite_loop call=3 exec_before=5801945 exec_after=5883224 reason_before=1 reason=52 rip_before=65540 rip=65540 rax=977910333731 nonce=977910333731 witness=977910333731
INTEL_PROBE phase=prepare_with_transport
INTEL_PROBE begin=expired_mtf call=4 deadline=0 rip=65543 nonce=977917162361 witness=0
INTEL_PROBE end=expired_mtf call=4 status=0 mach_before=977918725663 mach_after=977918768918
INTEL_PROBE capture=expired_mtf call=4 exec_before=6326704 exec_after=6367405 reason_before=37 reason=52 rip_before=65543 rip=65543 rax=977917162361 nonce=977917162361 witness=0
INTEL_PROBE phase=prepare_with_transport
INTEL_PROBE begin=finite_mtf call=5 deadline=977924733582 rip=65543 nonce=977918820143 witness=0
INTEL_PROBE end=finite_mtf call=5 status=0 mach_before=977919768165 mach_after=977920197306
INTEL_PROBE capture=finite_mtf call=5 exec_before=6765072 exec_after=7102241 reason_before=37 reason=37 rip_before=65543 rip=65546 rax=977918820144 nonce=977918820143 witness=0
INTEL_PROBE phase=verified_retry
INTEL_PROBE phase=prepare_with_transport
INTEL_PROBE phase=finite_retirement
INTEL_LIFECYCLE phase=vcpu_destroy_begin generation=36 owner=70365
INTEL_LIFECYCLE phase=vcpu_destroy_end generation=36 owner=70365
INTEL_LIFECYCLE phase=vm_destroy_begin generation=36 owner=70365
INTEL_LIFECYCLE phase=vm_destroy_end generation=36 owner=70365
INTEL_LIFECYCLE phase=vm_create_begin generation=37 owner=70365
INTEL_LIFECYCLE phase=vm_create_end generation=37 owner=70365
INTEL_LIFECYCLE phase=vcpu_create_begin generation=37 owner=70365
INTEL_LIFECYCLE phase=vcpu_create_end generation=37 owner=70365
[       OK ] HvfIntelProbe.FiniteDeadline (19 ms)
[----------] 1 test from HvfIntelProbe (19 ms total)

[==========] 1 test from 1 test suite ran. (19 ms total)
[  PASSED  ] 1 test.

Repeating all tests (iteration 37) . . .

Note: Google Test filter = HvfIntelProbe.FiniteDeadline
[==========] Running 1 test from 1 test suite.
[----------] 1 test from HvfIntelProbe
[ RUN      ] HvfIntelProbe.FiniteDeadline
INTEL_PROBE phase=executor_initialization
INTEL_PROBE phase=executor_retained
INTEL_PROBE phase=startup_probe
INTEL_PROBE phase=prepare_with_transport
INTEL_PROBE witness_budget mach_start=977931087315 mach_end=979930092334 remaining_ns=1999005019 timebase_numer=1 timebase_denom=1 max_calls=4096
INTEL_PROBE begin=finite_loop call=1 deadline=977936114328 rip=65537 nonce=977929753597 witness=0
INTEL_PROBE end=finite_loop call=1 status=0 mach_before=977931124383 mach_after=977937768578
INTEL_PROBE capture=finite_loop call=1 exec_before=1105817 exec_after=7567900 reason_before=37 reason=52 rip_before=65537 rip=65540 rax=977929753597 nonce=977929753597 witness=977929753597
INTEL_PROBE phase=prepare_with_transport
INTEL_PROBE begin=expired_mtf call=2 deadline=0 rip=65543 nonce=977937845907 witness=0
INTEL_PROBE end=expired_mtf call=2 status=0 mach_before=977939717525 mach_after=977939763792
INTEL_PROBE capture=expired_mtf call=2 exec_before=8017151 exec_after=8060554 reason_before=37 reason=52 rip_before=65543 rip=65543 rax=977937845907 nonce=977937845907 witness=0
INTEL_PROBE phase=prepare_with_transport
INTEL_PROBE begin=finite_mtf call=3 deadline=977946151450 rip=65543 nonce=977939835082 witness=0
INTEL_PROBE end=finite_mtf call=3 status=0 mach_before=977941170601 mach_after=977941731056
INTEL_PROBE capture=finite_mtf call=3 exec_before=8597526 exec_after=9017955 reason_before=37 reason=37 rip_before=65543 rip=65546 rax=977939835083 nonce=977939835082 witness=0
INTEL_PROBE phase=verified_retry
INTEL_PROBE phase=prepare_with_transport
INTEL_PROBE phase=finite_retirement
INTEL_LIFECYCLE phase=vcpu_destroy_begin generation=37 owner=70365
INTEL_LIFECYCLE phase=vcpu_destroy_end generation=37 owner=70365
INTEL_LIFECYCLE phase=vm_destroy_begin generation=37 owner=70365
INTEL_LIFECYCLE phase=vm_destroy_end generation=37 owner=70365
INTEL_LIFECYCLE phase=vm_create_begin generation=38 owner=70365
INTEL_LIFECYCLE phase=vm_create_end generation=38 owner=70365
INTEL_LIFECYCLE phase=vcpu_create_begin generation=38 owner=70365
INTEL_LIFECYCLE phase=vcpu_create_end generation=38 owner=70365
[       OK ] HvfIntelProbe.FiniteDeadline (21 ms)
[----------] 1 test from HvfIntelProbe (22 ms total)

[==========] 1 test from 1 test suite ran. (22 ms total)
[  PASSED  ] 1 test.

Repeating all tests (iteration 38) . . .

Note: Google Test filter = HvfIntelProbe.FiniteDeadline
[==========] Running 1 test from 1 test suite.
[----------] 1 test from HvfIntelProbe
[ RUN      ] HvfIntelProbe.FiniteDeadline
INTEL_PROBE phase=executor_initialization
INTEL_PROBE phase=executor_retained
INTEL_PROBE phase=startup_probe
INTEL_PROBE phase=prepare_with_transport
INTEL_PROBE witness_budget mach_start=977954273400 mach_end=979953460548 remaining_ns=1999187148 timebase_numer=1 timebase_denom=1 max_calls=4096
INTEL_PROBE begin=finite_loop call=1 deadline=977959322124 rip=65537 nonce=977953129773 witness=0
INTEL_PROBE end=finite_loop call=1 status=0 mach_before=977954334398 mach_after=977955110910
INTEL_PROBE capture=finite_loop call=1 exec_before=1186892 exec_after=1658108 reason_before=37 reason=1 rip_before=65537 rip=65540 rax=977953129773 nonce=977953129773 witness=977953129773
INTEL_PROBE begin=finite_loop call=2 deadline=977959322124 rip=65540 nonce=977953129773 witness=977953129773
INTEL_PROBE end=finite_loop call=2 status=0 mach_before=977955145149 mach_after=977958082883
INTEL_PROBE capture=finite_loop call=2 exec_before=1658108 exec_after=4539681 reason_before=1 reason=1 rip_before=65540 rip=65540 rax=977953129773 nonce=977953129773 witness=977953129773
INTEL_PROBE begin=finite_loop call=3 deadline=977959322124 rip=65540 nonce=977953129773 witness=977953129773
INTEL_PROBE end=finite_loop call=3 status=0 mach_before=977958155015 mach_after=977959376224
INTEL_PROBE capture=finite_loop call=3 exec_before=4539681 exec_after=5754965 reason_before=1 reason=52 rip_before=65540 rip=65540 rax=977953129773 nonce=977953129773 witness=977953129773
INTEL_PROBE phase=prepare_with_transport
INTEL_PROBE begin=expired_mtf call=4 deadline=0 rip=65543 nonce=977959452609 witness=0
INTEL_PROBE end=expired_mtf call=4 status=0 mach_before=977961358152 mach_after=977961404428
INTEL_PROBE capture=expired_mtf call=4 exec_before=6201521 exec_after=6244888 reason_before=37 reason=52 rip_before=65543 rip=65543 rax=977959452609 nonce=977959452609 witness=0
INTEL_PROBE phase=prepare_with_transport
INTEL_PROBE begin=finite_mtf call=5 deadline=977967408467 rip=65543 nonce=977961460143 witness=0
INTEL_PROBE end=finite_mtf call=5 status=0 mach_before=977962429775 mach_after=977962959651
INTEL_PROBE capture=finite_mtf call=5 exec_before=6620805 exec_after=6982231 reason_before=37 reason=37 rip_before=65543 rip=65546 rax=977961460144 nonce=977961460143 witness=0
INTEL_PROBE phase=verified_retry
INTEL_PROBE phase=prepare_with_transport
INTEL_PROBE phase=finite_retirement
INTEL_LIFECYCLE phase=vcpu_destroy_begin generation=38 owner=70365
INTEL_LIFECYCLE phase=vcpu_destroy_end generation=38 owner=70365
INTEL_LIFECYCLE phase=vm_destroy_begin generation=38 owner=70365
INTEL_LIFECYCLE phase=vm_destroy_end generation=38 owner=70365
INTEL_LIFECYCLE phase=vm_create_begin generation=39 owner=70365
INTEL_LIFECYCLE phase=vm_create_end generation=39 owner=70365
INTEL_LIFECYCLE phase=vcpu_create_begin generation=39 owner=70365
INTEL_LIFECYCLE phase=vcpu_create_end generation=39 owner=70365
[       OK ] HvfIntelProbe.FiniteDeadline (20 ms)
[----------] 1 test from HvfIntelProbe (20 ms total)

[==========] 1 test from 1 test suite ran. (20 ms total)
[  PASSED  ] 1 test.

Repeating all tests (iteration 39) . . .

Note: Google Test filter = HvfIntelProbe.FiniteDeadline
[==========] Running 1 test from 1 test suite.
[----------] 1 test from HvfIntelProbe
[ RUN      ] HvfIntelProbe.FiniteDeadline
INTEL_PROBE phase=executor_initialization
INTEL_PROBE phase=executor_retained
INTEL_PROBE phase=startup_probe
INTEL_PROBE phase=prepare_with_transport
INTEL_PROBE witness_budget mach_start=977973489148 mach_end=979972472291 remaining_ns=1998983143 timebase_numer=1 timebase_denom=1 max_calls=4096
INTEL_PROBE begin=finite_loop call=1 deadline=977978517584 rip=65537 nonce=977972130092 witness=0
INTEL_PROBE end=finite_loop call=1 status=0 mach_before=977973528239 mach_after=977978569851
INTEL_PROBE capture=finite_loop call=1 exec_before=1022633 exec_after=5720232 reason_before=37 reason=52 rip_before=65537 rip=65540 rax=977972130092 nonce=977972130092 witness=977972130092
INTEL_PROBE phase=prepare_with_transport
INTEL_PROBE begin=expired_mtf call=2 deadline=0 rip=65543 nonce=977978688203 witness=0
INTEL_PROBE end=expired_mtf call=2 status=0 mach_before=977980362414 mach_after=977980418308
INTEL_PROBE capture=expired_mtf call=2 exec_before=6108507 exec_after=6161086 reason_before=37 reason=52 rip_before=65543 rip=65543 rax=977978688203 nonce=977978688203 witness=0
INTEL_PROBE phase=prepare_with_transport
INTEL_PROBE begin=finite_mtf call=3 deadline=977986584443 rip=65543 nonce=977980507929 witness=0
INTEL_PROBE end=finite_mtf call=3 status=0 mach_before=977981610886 mach_after=977982155770
INTEL_PROBE capture=finite_mtf call=3 exec_before=6563389 exec_after=6987151 reason_before=37 reason=37 rip_before=65543 rip=65546 rax=977980507930 nonce=977980507929 witness=0
INTEL_PROBE phase=verified_retry
INTEL_PROBE phase=prepare_with_transport
INTEL_PROBE phase=finite_retirement
INTEL_LIFECYCLE phase=vcpu_destroy_begin generation=39 owner=70365
INTEL_LIFECYCLE phase=vcpu_destroy_end generation=39 owner=70365
INTEL_LIFECYCLE phase=vm_destroy_begin generation=39 owner=70365
INTEL_LIFECYCLE phase=vm_destroy_end generation=39 owner=70365
INTEL_LIFECYCLE phase=vm_create_begin generation=40 owner=70365
INTEL_LIFECYCLE phase=vm_create_end generation=40 owner=70365
INTEL_LIFECYCLE phase=vcpu_create_begin generation=40 owner=70365
INTEL_LIFECYCLE phase=vcpu_create_end generation=40 owner=70365
[       OK ] HvfIntelProbe.FiniteDeadline (19 ms)
[----------] 1 test from HvfIntelProbe (19 ms total)

[==========] 1 test from 1 test suite ran. (19 ms total)
[  PASSED  ] 1 test.

Repeating all tests (iteration 40) . . .

Note: Google Test filter = HvfIntelProbe.FiniteDeadline
[==========] Running 1 test from 1 test suite.
[----------] 1 test from HvfIntelProbe
[ RUN      ] HvfIntelProbe.FiniteDeadline
INTEL_PROBE phase=executor_initialization
INTEL_PROBE phase=executor_retained
INTEL_PROBE phase=startup_probe
INTEL_PROBE phase=prepare_with_transport
INTEL_PROBE witness_budget mach_start=977995950989 mach_end=979994386921 remaining_ns=1998435932 timebase_numer=1 timebase_denom=1 max_calls=4096
INTEL_PROBE begin=finite_loop call=1 deadline=978001054172 rip=65537 nonce=977993666245 witness=0
INTEL_PROBE end=finite_loop call=1 status=0 mach_before=977996066274 mach_after=977998539707
INTEL_PROBE capture=finite_loop call=1 exec_before=1310619 exec_after=3499002 reason_before=37 reason=1 rip_before=65537 rip=65540 rax=977993666245 nonce=977993666245 witness=977993666245
INTEL_PROBE begin=finite_loop call=2 deadline=978001054172 rip=65540 nonce=977993666245 witness=977993666245
INTEL_PROBE end=finite_loop call=2 status=0 mach_before=977998579360 mach_after=977999200719
INTEL_PROBE capture=finite_loop call=2 exec_before=3499002 exec_after=3814842 reason_before=1 reason=1 rip_before=65540 rip=65540 rax=977993666245 nonce=977993666245 witness=977993666245
INTEL_PROBE begin=finite_loop call=3 deadline=978001054172 rip=65540 nonce=977993666245 witness=977993666245
INTEL_PROBE end=finite_loop call=3 status=0 mach_before=977999231691 mach_after=978003043077
INTEL_PROBE capture=finite_loop call=3 exec_before=3814842 exec_after=7290286 reason_before=1 reason=52 rip_before=65540 rip=65540 rax=977993666245 nonce=977993666245 witness=977993666245
INTEL_PROBE phase=prepare_with_transport
INTEL_PROBE begin=expired_mtf call=4 deadline=0 rip=65543 nonce=978003282290 witness=0
INTEL_PROBE end=expired_mtf call=4 status=0 mach_before=978005556841 mach_after=978005602166
INTEL_PROBE capture=expired_mtf call=4 exec_before=7673403 exec_after=7716156 reason_before=37 reason=52 rip_before=65543 rip=65543 rax=978003282290 nonce=978003282290 witness=0
INTEL_PROBE phase=prepare_with_transport
INTEL_PROBE begin=finite_mtf call=5 deadline=978011767451 rip=65543 nonce=978005661229 witness=0
INTEL_PROBE end=finite_mtf call=5 status=0 mach_before=978006783783 mach_after=978007327731
INTEL_PROBE capture=finite_mtf call=5 exec_before=8053399 exec_after=8437721 reason_before=37 reason=37 rip_before=65543 rip=65546 rax=978005661230 nonce=978005661229 witness=0
INTEL_PROBE phase=verified_retry
INTEL_PROBE phase=prepare_with_transport
INTEL_PROBE phase=finite_retirement
INTEL_LIFECYCLE phase=vcpu_destroy_begin generation=40 owner=70365
INTEL_LIFECYCLE phase=vcpu_destroy_end generation=40 owner=70365
INTEL_LIFECYCLE phase=vm_destroy_begin generation=40 owner=70365
INTEL_LIFECYCLE phase=vm_destroy_end generation=40 owner=70365
INTEL_LIFECYCLE phase=vm_create_begin generation=41 owner=70365
INTEL_LIFECYCLE phase=vm_create_end generation=41 owner=70365
INTEL_LIFECYCLE phase=vcpu_create_begin generation=41 owner=70365
INTEL_LIFECYCLE phase=vcpu_create_end generation=41 owner=70365
