Running main() from /Users/runner/work/test_mac_intel/test_mac_intel/source/build-hvf/_deps/googletest-src/googletest/src/gtest_main.cc

Repeating all tests (iteration 1) . . .

Note: Google Test filter = HvfIntelProbe.FiniteDeadline
[==========] Running 1 test from 1 test suite.
[----------] Global test environment set-up.
[----------] 1 test from HvfIntelProbe
[ RUN      ] HvfIntelProbe.FiniteDeadline
INTEL_PROBE phase=executor_initialization
INTEL_PROBE phase=startup_probe
INTEL_PROBE phase=prepare_with_watchdog
INTEL_PROBE begin=finite_loop call=1 deadline=1022052801284 rip=65537 nonce=1022046475128 witness=0
INTEL_PROBE end=finite_loop call=1 status=0 mach_before=1022047852952 mach_after=1022052896569
INTEL_PROBE capture=finite_loop call=1 exec_before=2498774 exec_after=7403299 reason_before=37 reason=52 rip_before=65537 rip=65540 rax=1022046475128 nonce=1022046475128 witness=1022046475128
INTEL_PROBE phase=prepare_with_watchdog
INTEL_PROBE begin=expired_mtf call=2 deadline=0 rip=65543 nonce=1022053084808 witness=0
INTEL_PROBE end=expired_mtf call=2 status=0 mach_before=1022054936641 mach_after=1022055001873
INTEL_PROBE capture=expired_mtf call=2 exec_before=7882595 exec_after=7943512 reason_before=37 reason=52 rip_before=65543 rip=65543 rax=1022053084808 nonce=1022053084808 witness=0
INTEL_PROBE phase=prepare_with_watchdog
INTEL_PROBE begin=finite_mtf call=3 deadline=1022061439336 rip=65543 nonce=1022055117509 witness=0
INTEL_PROBE end=finite_mtf call=3 status=0 mach_before=1022056478500 mach_after=1022057118627
INTEL_PROBE capture=finite_mtf call=3 exec_before=8428348 exec_after=8902635 reason_before=37 reason=37 rip_before=65543 rip=65546 rax=1022055117510 nonce=1022055117509 witness=0
INTEL_PROBE phase=verified_retry
INTEL_PROBE phase=prepare_with_watchdog
INTEL_PROBE phase=finite_retirement
[       OK ] HvfIntelProbe.FiniteDeadline (25 ms)
[----------] 1 test from HvfIntelProbe (25 ms total)

[==========] 1 test from 1 test suite ran. (25 ms total)
[  PASSED  ] 1 test.

Repeating all tests (iteration 2) . . .

Note: Google Test filter = HvfIntelProbe.FiniteDeadline
[==========] Running 1 test from 1 test suite.
[----------] 1 test from HvfIntelProbe
[ RUN      ] HvfIntelProbe.FiniteDeadline
INTEL_PROBE phase=executor_initialization
INTEL_PROBE phase=startup_probe
INTEL_PROBE phase=prepare_with_watchdog
INTEL_PROBE begin=finite_loop call=1 deadline=1022077983415 rip=65537 nonce=1022071628173 witness=0
INTEL_PROBE end=finite_loop call=1 status=0 mach_before=1022073017556 mach_after=1022075610083
INTEL_PROBE capture=finite_loop call=1 exec_before=1446531 exec_after=3696074 reason_before=37 reason=1 rip_before=65537 rip=65540 rax=1022071628173 nonce=1022071628173 witness=1022071628173
INTEL_PROBE begin=finite_loop call=2 deadline=1022077983415 rip=65540 nonce=1022071628173 witness=1022071628173
INTEL_PROBE end=finite_loop call=2 status=0 mach_before=1022075679012 mach_after=1022076491808
INTEL_PROBE capture=finite_loop call=2 exec_before=3696074 exec_after=4353264 reason_before=1 reason=1 rip_before=65540 rip=65540 rax=1022071628173 nonce=1022071628173 witness=1022071628173
INTEL_PROBE begin=finite_loop call=3 deadline=1022077983415 rip=65540 nonce=1022071628173 witness=1022071628173
INTEL_PROBE end=finite_loop call=3 status=0 mach_before=1022076538716 mach_after=1022078049551
INTEL_PROBE capture=finite_loop call=3 exec_before=4353264 exec_after=5857817 reason_before=1 reason=52 rip_before=65540 rip=65540 rax=1022071628173 nonce=1022071628173 witness=1022071628173
INTEL_PROBE phase=prepare_with_watchdog
INTEL_PROBE begin=expired_mtf call=4 deadline=0 rip=65543 nonce=1022078165895 witness=0
INTEL_PROBE end=expired_mtf call=4 status=0 mach_before=1022080126905 mach_after=1022080199009
INTEL_PROBE capture=expired_mtf call=4 exec_before=6356462 exec_after=6424618 reason_before=37 reason=52 rip_before=65543 rip=65543 rax=1022078165895 nonce=1022078165895 witness=0
INTEL_PROBE phase=prepare_with_watchdog
INTEL_PROBE begin=finite_mtf call=5 deadline=1022086700689 rip=65543 nonce=1022080320278 witness=0
INTEL_PROBE end=finite_mtf call=5 status=0 mach_before=1022081739821 mach_after=1022082386509
INTEL_PROBE capture=finite_mtf call=5 exec_before=6953645 exec_after=7445836 reason_before=37 reason=37 rip_before=65543 rip=65546 rax=1022080320279 nonce=1022080320278 witness=0
INTEL_PROBE phase=verified_retry
INTEL_PROBE phase=prepare_with_watchdog
INTEL_PROBE phase=finite_retirement
[       OK ] HvfIntelProbe.FiniteDeadline (25 ms)
[----------] 1 test from HvfIntelProbe (25 ms total)

[==========] 1 test from 1 test suite ran. (25 ms total)
[  PASSED  ] 1 test.

Repeating all tests (iteration 3) . . .

Note: Google Test filter = HvfIntelProbe.FiniteDeadline
[==========] Running 1 test from 1 test suite.
[----------] 1 test from HvfIntelProbe
[ RUN      ] HvfIntelProbe.FiniteDeadline
INTEL_PROBE phase=executor_initialization
INTEL_PROBE phase=startup_probe
INTEL_PROBE phase=prepare_with_watchdog
INTEL_PROBE begin=finite_loop call=1 deadline=1022101568850 rip=65537 nonce=1022095163423 witness=0
INTEL_PROBE end=finite_loop call=1 status=0 mach_before=1022096609518 mach_after=1022101642898
INTEL_PROBE capture=finite_loop call=1 exec_before=1595357 exec_after=6449233 reason_before=37 reason=52 rip_before=65537 rip=65540 rax=1022095163423 nonce=1022095163423 witness=1022095163423
INTEL_PROBE phase=prepare_with_watchdog
INTEL_PROBE begin=expired_mtf call=2 deadline=0 rip=65543 nonce=1022101783487 witness=0
INTEL_PROBE end=expired_mtf call=2 status=0 mach_before=1022103829991 mach_after=1022103901224
INTEL_PROBE capture=expired_mtf call=2 exec_before=6986774 exec_after=7053930 reason_before=37 reason=52 rip_before=65543 rip=65543 rax=1022101783487 nonce=1022101783487 witness=0
INTEL_PROBE phase=prepare_with_watchdog
INTEL_PROBE begin=finite_mtf call=3 deadline=1022110342242 rip=65543 nonce=1022103992469 witness=0
INTEL_PROBE end=finite_mtf call=3 status=0 mach_before=1022105369871 mach_after=1022106037766
INTEL_PROBE capture=finite_mtf call=3 exec_before=7582710 exec_after=8114281 reason_before=37 reason=37 rip_before=65543 rip=65546 rax=1022103992470 nonce=1022103992469 witness=0
INTEL_PROBE phase=verified_retry
INTEL_PROBE phase=prepare_with_watchdog
INTEL_PROBE phase=finite_retirement
[       OK ] HvfIntelProbe.FiniteDeadline (23 ms)
[----------] 1 test from HvfIntelProbe (23 ms total)

[==========] 1 test from 1 test suite ran. (23 ms total)
[  PASSED  ] 1 test.

Repeating all tests (iteration 4) . . .

Note: Google Test filter = HvfIntelProbe.FiniteDeadline
[==========] Running 1 test from 1 test suite.
[----------] 1 test from HvfIntelProbe
[ RUN      ] HvfIntelProbe.FiniteDeadline
INTEL_PROBE phase=executor_initialization
INTEL_PROBE phase=startup_probe
INTEL_PROBE phase=prepare_with_watchdog
INTEL_PROBE begin=finite_loop call=1 deadline=1022125935611 rip=65537 nonce=1022119450278 witness=0
INTEL_PROBE end=finite_loop call=1 status=0 mach_before=1022120967142 mach_after=1022129192871
INTEL_PROBE capture=finite_loop call=1 exec_before=1738975 exec_after=9760511 reason_before=37 reason=52 rip_before=65537 rip=65540 rax=1022119450278 nonce=1022119450278 witness=1022119450278
INTEL_PROBE phase=prepare_with_watchdog
INTEL_PROBE begin=expired_mtf call=2 deadline=0 rip=65543 nonce=1022129323381 witness=0
INTEL_PROBE end=expired_mtf call=2 status=0 mach_before=1022131259680 mach_after=1022131332518
INTEL_PROBE capture=expired_mtf call=2 exec_before=10330762 exec_after=10399188 reason_before=37 reason=52 rip_before=65543 rip=65543 rax=1022129323381 nonce=1022129323381 witness=0
INTEL_PROBE phase=prepare_with_watchdog
INTEL_PROBE begin=finite_mtf call=3 deadline=1022138005813 rip=65543 nonce=1022131416879 witness=0
INTEL_PROBE end=finite_mtf call=3 status=0 mach_before=1022133039882 mach_after=1022133578545
INTEL_PROBE capture=finite_mtf call=3 exec_before=10952361 exec_after=11373712 reason_before=37 reason=37 rip_before=65543 rip=65546 rax=1022131416880 nonce=1022131416879 witness=0
INTEL_PROBE phase=verified_retry
INTEL_PROBE phase=prepare_with_watchdog
INTEL_PROBE phase=finite_retirement
[       OK ] HvfIntelProbe.FiniteDeadline (27 ms)
[----------] 1 test from HvfIntelProbe (27 ms total)

[==========] 1 test from 1 test suite ran. (27 ms total)
[  PASSED  ] 1 test.

Repeating all tests (iteration 5) . . .

Note: Google Test filter = HvfIntelProbe.FiniteDeadline
[==========] Running 1 test from 1 test suite.
[----------] 1 test from HvfIntelProbe
[ RUN      ] HvfIntelProbe.FiniteDeadline
INTEL_PROBE phase=executor_initialization
INTEL_PROBE phase=startup_probe
INTEL_PROBE phase=prepare_with_watchdog
INTEL_PROBE begin=finite_loop call=1 deadline=1022153461581 rip=65537 nonce=1022147102128 witness=0
INTEL_PROBE end=finite_loop call=1 status=0 mach_before=1022148514784 mach_after=1022154809319
INTEL_PROBE capture=finite_loop call=1 exec_before=1444881 exec_after=7557195 reason_before=37 reason=52 rip_before=65537 rip=65540 rax=1022147102128 nonce=1022147102128 witness=1022147102128
INTEL_PROBE phase=prepare_with_watchdog
INTEL_PROBE begin=expired_mtf call=2 deadline=0 rip=65543 nonce=1022154952111 witness=0
INTEL_PROBE end=expired_mtf call=2 status=0 mach_before=1022156865459 mach_after=1022156941489
INTEL_PROBE capture=expired_mtf call=2 exec_before=8069251 exec_after=8141247 reason_before=37 reason=52 rip_before=65543 rip=65543 rax=1022154952111 nonce=1022154952111 witness=0
INTEL_PROBE phase=prepare_with_watchdog
INTEL_PROBE begin=finite_mtf call=3 deadline=1022163510751 rip=65543 nonce=1022157047287 witness=0
INTEL_PROBE end=finite_mtf call=3 status=0 mach_before=1022158543543 mach_after=1022159292314
INTEL_PROBE capture=finite_mtf call=3 exec_before=8711724 exec_after=9244744 reason_before=37 reason=37 rip_before=65543 rip=65546 rax=1022157047288 nonce=1022157047287 witness=0
INTEL_PROBE phase=verified_retry
INTEL_PROBE phase=prepare_with_watchdog
INTEL_PROBE phase=finite_retirement
[       OK ] HvfIntelProbe.FiniteDeadline (25 ms)
[----------] 1 test from HvfIntelProbe (25 ms total)

[==========] 1 test from 1 test suite ran. (25 ms total)
[  PASSED  ] 1 test.

Repeating all tests (iteration 6) . . .

Note: Google Test filter = HvfIntelProbe.FiniteDeadline
[==========] Running 1 test from 1 test suite.
[----------] 1 test from HvfIntelProbe
[ RUN      ] HvfIntelProbe.FiniteDeadline
INTEL_PROBE phase=executor_initialization
INTEL_PROBE phase=startup_probe
INTEL_PROBE phase=prepare_with_watchdog
INTEL_PROBE begin=finite_loop call=1 deadline=1022179511268 rip=65537 nonce=1022173171165 witness=0
INTEL_PROBE end=finite_loop call=1 status=0 mach_before=1022174549604 mach_after=1022182220162
INTEL_PROBE capture=finite_loop call=1 exec_before=1687309 exec_after=9148165 reason_before=37 reason=52 rip_before=65537 rip=65540 rax=1022173171165 nonce=1022173171165 witness=1022173171165
INTEL_PROBE phase=prepare_with_watchdog
INTEL_PROBE begin=expired_mtf call=2 deadline=0 rip=65543 nonce=1022182373345 witness=0
INTEL_PROBE end=expired_mtf call=2 status=0 mach_before=1022184484996 mach_after=1022184561730
INTEL_PROBE capture=expired_mtf call=2 exec_before=9722714 exec_after=9795058 reason_before=37 reason=52 rip_before=65543 rip=65543 rax=1022182373345 nonce=1022182373345 witness=0
INTEL_PROBE phase=prepare_with_watchdog
INTEL_PROBE begin=finite_mtf call=3 deadline=1022191131482 rip=65543 nonce=1022184661373 witness=0
INTEL_PROBE end=finite_mtf call=3 status=0 mach_before=1022186167806 mach_after=1022186963741
INTEL_PROBE capture=finite_mtf call=3 exec_before=10370477 exec_after=10985868 reason_before=37 reason=37 rip_before=65543 rip=65546 rax=1022184661374 nonce=1022184661373 witness=0
INTEL_PROBE phase=verified_retry
INTEL_PROBE phase=prepare_with_watchdog
INTEL_PROBE phase=finite_retirement
[       OK ] HvfIntelProbe.FiniteDeadline (27 ms)
[----------] 1 test from HvfIntelProbe (27 ms total)

[==========] 1 test from 1 test suite ran. (27 ms total)
[  PASSED  ] 1 test.

Repeating all tests (iteration 7) . . .

Note: Google Test filter = HvfIntelProbe.FiniteDeadline
[==========] Running 1 test from 1 test suite.
[----------] 1 test from HvfIntelProbe
[ RUN      ] HvfIntelProbe.FiniteDeadline
INTEL_PROBE phase=executor_initialization
INTEL_PROBE phase=startup_probe
INTEL_PROBE phase=prepare_with_watchdog
INTEL_PROBE begin=finite_loop call=1 deadline=1022207960690 rip=65537 nonce=1022201690818 witness=0
INTEL_PROBE end=finite_loop call=1 status=0 mach_before=1022202994440 mach_after=1022217240171
INTEL_PROBE capture=finite_loop call=1 exec_before=1666558 exec_after=15728078 reason_before=37 reason=52 rip_before=65537 rip=65540 rax=1022201690818 nonce=1022201690818 witness=1022201690818
INTEL_PROBE phase=prepare_with_watchdog
INTEL_PROBE begin=expired_mtf call=2 deadline=0 rip=65543 nonce=1022217389530 witness=0
INTEL_PROBE end=expired_mtf call=2 status=0 mach_before=1022219329393 mach_after=1022219393207
INTEL_PROBE capture=expired_mtf call=2 exec_before=16287431 exec_after=16346702 reason_before=37 reason=52 rip_before=65543 rip=65543 rax=1022217389530 nonce=1022217389530 witness=0
INTEL_PROBE phase=prepare_with_watchdog
INTEL_PROBE begin=finite_mtf call=3 deadline=1022225855616 rip=65543 nonce=1022219494191 witness=0
INTEL_PROBE end=finite_mtf call=3 status=0 mach_before=1022220892788 mach_after=1022221649016
INTEL_PROBE capture=finite_mtf call=3 exec_before=16842692 exec_after=17436524 reason_before=37 reason=37 rip_before=65543 rip=65546 rax=1022219494192 nonce=1022219494191 witness=0
INTEL_PROBE phase=verified_retry
INTEL_PROBE phase=prepare_with_watchdog
INTEL_PROBE phase=finite_retirement
[       OK ] HvfIntelProbe.FiniteDeadline (34 ms)
[----------] 1 test from HvfIntelProbe (34 ms total)

[==========] 1 test from 1 test suite ran. (34 ms total)
[  PASSED  ] 1 test.

Repeating all tests (iteration 8) . . .

Note: Google Test filter = HvfIntelProbe.FiniteDeadline
[==========] Running 1 test from 1 test suite.
[----------] 1 test from HvfIntelProbe
[ RUN      ] HvfIntelProbe.FiniteDeadline
INTEL_PROBE phase=executor_initialization
INTEL_PROBE phase=startup_probe
INTEL_PROBE phase=prepare_with_watchdog
INTEL_PROBE begin=finite_loop call=1 deadline=1022242343401 rip=65537 nonce=1022235912467 witness=0
INTEL_PROBE end=finite_loop call=1 status=0 mach_before=1022237382159 mach_after=1022251602421
INTEL_PROBE capture=finite_loop call=1 exec_before=1713946 exec_after=15743261 reason_before=37 reason=52 rip_before=65537 rip=65540 rax=1022235912467 nonce=1022235912467 witness=1022235912467
INTEL_PROBE phase=prepare_with_watchdog
INTEL_PROBE begin=expired_mtf call=2 deadline=0 rip=65543 nonce=1022251754095 witness=0
INTEL_PROBE end=expired_mtf call=2 status=0 mach_before=1022253775031 mach_after=1022253848360
INTEL_PROBE capture=expired_mtf call=2 exec_before=16319814 exec_after=16388949 reason_before=37 reason=52 rip_before=65543 rip=65543 rax=1022251754095 nonce=1022251754095 witness=0
INTEL_PROBE phase=prepare_with_watchdog
INTEL_PROBE begin=finite_mtf call=3 deadline=1022260440414 rip=65543 nonce=1022253952827 witness=0
INTEL_PROBE end=finite_mtf call=3 status=0 mach_before=1022255476621 mach_after=1022256427038
INTEL_PROBE capture=finite_mtf call=3 exec_before=16970800 exec_after=17621142 reason_before=37 reason=37 rip_before=65543 rip=65546 rax=1022253952828 nonce=1022253952827 witness=0
INTEL_PROBE phase=verified_retry
INTEL_PROBE phase=prepare_with_watchdog
INTEL_PROBE phase=finite_retirement
[       OK ] HvfIntelProbe.FiniteDeadline (34 ms)
[----------] 1 test from HvfIntelProbe (34 ms total)

[==========] 1 test from 1 test suite ran. (34 ms total)
[  PASSED  ] 1 test.

Repeating all tests (iteration 9) . . .

Note: Google Test filter = HvfIntelProbe.FiniteDeadline
[==========] Running 1 test from 1 test suite.
[----------] 1 test from HvfIntelProbe
[ RUN      ] HvfIntelProbe.FiniteDeadline
INTEL_PROBE phase=executor_initialization
INTEL_PROBE phase=startup_probe
INTEL_PROBE phase=prepare_with_watchdog
INTEL_PROBE begin=finite_loop call=1 deadline=1022277612978 rip=65537 nonce=1022270967443 witness=0
INTEL_PROBE end=finite_loop call=1 status=0 mach_before=1022272648385 mach_after=1022277711905
INTEL_PROBE capture=finite_loop call=1 exec_before=1597954 exec_after=6245073 reason_before=37 reason=52 rip_before=65537 rip=65540 rax=1022270967443 nonce=1022270967443 witness=1022270967443
INTEL_PROBE phase=prepare_with_watchdog
INTEL_PROBE begin=expired_mtf call=2 deadline=0 rip=65543 nonce=1022277893062 witness=0
INTEL_PROBE end=expired_mtf call=2 status=0 mach_before=1022279854811 mach_after=1022279964240
INTEL_PROBE capture=expired_mtf call=2 exec_before=6730201 exec_after=6834471 reason_before=37 reason=52 rip_before=65543 rip=65543 rax=1022277893062 nonce=1022277893062 witness=0
INTEL_PROBE phase=prepare_with_watchdog
INTEL_PROBE begin=finite_mtf call=3 deadline=1022286687320 rip=65543 nonce=1022280093661 witness=0
INTEL_PROBE end=finite_mtf call=3 status=0 mach_before=1022281718643 mach_after=1022282360309
INTEL_PROBE capture=finite_mtf call=3 exec_before=7386232 exec_after=7897340 reason_before=37 reason=37 rip_before=65543 rip=65546 rax=1022280093662 nonce=1022280093661 witness=0
INTEL_PROBE phase=verified_retry
INTEL_PROBE phase=prepare_with_watchdog
INTEL_PROBE phase=finite_retirement
[       OK ] HvfIntelProbe.FiniteDeadline (26 ms)
[----------] 1 test from HvfIntelProbe (26 ms total)

[==========] 1 test from 1 test suite ran. (26 ms total)
[  PASSED  ] 1 test.

Repeating all tests (iteration 10) . . .

Note: Google Test filter = HvfIntelProbe.FiniteDeadline
[==========] Running 1 test from 1 test suite.
[----------] 1 test from HvfIntelProbe
[ RUN      ] HvfIntelProbe.FiniteDeadline
INTEL_PROBE phase=executor_initialization
INTEL_PROBE phase=startup_probe
INTEL_PROBE phase=prepare_with_watchdog
INTEL_PROBE begin=finite_loop call=1 deadline=1022302831231 rip=65537 nonce=1022296400505 witness=0
INTEL_PROBE end=finite_loop call=1 status=0 mach_before=1022297872006 mach_after=1022303553014
INTEL_PROBE capture=finite_loop call=1 exec_before=1564581 exec_after=7034393 reason_before=37 reason=52 rip_before=65537 rip=65540 rax=1022296400505 nonce=1022296400505 witness=1022296400505
INTEL_PROBE phase=prepare_with_watchdog
INTEL_PROBE begin=expired_mtf call=2 deadline=0 rip=65543 nonce=1022303699576 witness=0
INTEL_PROBE end=expired_mtf call=2 status=0 mach_before=1022305754011 mach_after=1022305888360
INTEL_PROBE capture=expired_mtf call=2 exec_before=7578240 exec_after=7707410 reason_before=37 reason=52 rip_before=65543 rip=65543 rax=1022303699576 nonce=1022303699576 witness=0
INTEL_PROBE phase=prepare_with_watchdog
INTEL_PROBE begin=finite_mtf call=3 deadline=1022312394248 rip=65543 nonce=1022306008095 witness=0
INTEL_PROBE end=finite_mtf call=3 status=0 mach_before=1022307422817 mach_after=1022308125474
INTEL_PROBE capture=finite_mtf call=3 exec_before=8241502 exec_after=8794673 reason_before=37 reason=37 rip_before=65543 rip=65546 rax=1022306008096 nonce=1022306008095 witness=0
INTEL_PROBE phase=verified_retry
INTEL_PROBE phase=prepare_with_watchdog
INTEL_PROBE phase=finite_retirement
[       OK ] HvfIntelProbe.FiniteDeadline (25 ms)
[----------] 1 test from HvfIntelProbe (25 ms total)

[==========] 1 test from 1 test suite ran. (25 ms total)
[  PASSED  ] 1 test.

Repeating all tests (iteration 11) . . .

Note: Google Test filter = HvfIntelProbe.FiniteDeadline
[==========] Running 1 test from 1 test suite.
[----------] 1 test from HvfIntelProbe
[ RUN      ] HvfIntelProbe.FiniteDeadline
INTEL_PROBE phase=executor_initialization
INTEL_PROBE phase=startup_probe
INTEL_PROBE phase=prepare_with_watchdog
INTEL_PROBE begin=finite_loop call=1 deadline=1022329399551 rip=65537 nonce=1022322935490 witness=0
INTEL_PROBE end=finite_loop call=1 status=0 mach_before=1022324433939 mach_after=1022329488967
INTEL_PROBE capture=finite_loop call=1 exec_before=1788613 exec_after=6663842 reason_before=37 reason=52 rip_before=65537 rip=65540 rax=1022322935490 nonce=1022322935490 witness=1022322935490
INTEL_PROBE phase=prepare_with_watchdog
INTEL_PROBE begin=expired_mtf call=2 deadline=0 rip=65543 nonce=1022329624941 witness=0
INTEL_PROBE end=expired_mtf call=2 status=0 mach_before=1022331901310 mach_after=1022331966689
INTEL_PROBE capture=expired_mtf call=2 exec_before=7211169 exec_after=7272477 reason_before=37 reason=52 rip_before=65543 rip=65543 rax=1022329624941 nonce=1022329624941 witness=0
INTEL_PROBE phase=prepare_with_watchdog
INTEL_PROBE begin=finite_mtf call=3 deadline=1022338498230 rip=65543 nonce=1022332090791 witness=0
INTEL_PROBE end=finite_mtf call=3 status=0 mach_before=1022333545859 mach_after=1022334248731
INTEL_PROBE capture=finite_mtf call=3 exec_before=7766278 exec_after=8312150 reason_before=37 reason=37 rip_before=65543 rip=65546 rax=1022332090792 nonce=1022332090791 witness=0
INTEL_PROBE phase=verified_retry
INTEL_PROBE phase=prepare_with_watchdog
INTEL_PROBE phase=finite_retirement
[       OK ] HvfIntelProbe.FiniteDeadline (25 ms)
[----------] 1 test from HvfIntelProbe (25 ms total)

[==========] 1 test from 1 test suite ran. (25 ms total)
[  PASSED  ] 1 test.

Repeating all tests (iteration 12) . . .

Note: Google Test filter = HvfIntelProbe.FiniteDeadline
[==========] Running 1 test from 1 test suite.
[----------] 1 test from HvfIntelProbe
[ RUN      ] HvfIntelProbe.FiniteDeadline
INTEL_PROBE phase=executor_initialization
INTEL_PROBE phase=startup_probe
INTEL_PROBE phase=prepare_with_watchdog
INTEL_PROBE begin=finite_loop call=1 deadline=1022355679434 rip=65537 nonce=1022349121376 witness=0
INTEL_PROBE end=finite_loop call=1 status=0 mach_before=1022350723073 mach_after=1022357946798
INTEL_PROBE capture=finite_loop call=1 exec_before=1841208 exec_after=8857086 reason_before=37 reason=52 rip_before=65537 rip=65540 rax=1022349121376 nonce=1022349121376 witness=1022349121376
INTEL_PROBE phase=prepare_with_watchdog
INTEL_PROBE begin=expired_mtf call=2 deadline=0 rip=65543 nonce=1022358103853 witness=0
INTEL_PROBE end=expired_mtf call=2 status=0 mach_before=1022360093344 mach_after=1022360166576
INTEL_PROBE capture=expired_mtf call=2 exec_before=9402058 exec_after=9471756 reason_before=37 reason=52 rip_before=65543 rip=65543 rax=1022358103853 nonce=1022358103853 witness=0
INTEL_PROBE phase=prepare_with_watchdog
INTEL_PROBE begin=finite_mtf call=3 deadline=1022366696407 rip=65543 nonce=1022360257112 witness=0
INTEL_PROBE end=finite_mtf call=3 status=0 mach_before=1022361722161 mach_after=1022362449755
INTEL_PROBE capture=finite_mtf call=3 exec_before=10048222 exec_after=10617805 reason_before=37 reason=37 rip_before=65543 rip=65546 rax=1022360257113 nonce=1022360257112 witness=0
INTEL_PROBE phase=verified_retry
INTEL_PROBE phase=prepare_with_watchdog
INTEL_PROBE phase=finite_retirement
[       OK ] HvfIntelProbe.FiniteDeadline (28 ms)
[----------] 1 test from HvfIntelProbe (28 ms total)

[==========] 1 test from 1 test suite ran. (28 ms total)
[  PASSED  ] 1 test.

Repeating all tests (iteration 13) . . .

Note: Google Test filter = HvfIntelProbe.FiniteDeadline
[==========] Running 1 test from 1 test suite.
[----------] 1 test from HvfIntelProbe
[ RUN      ] HvfIntelProbe.FiniteDeadline
INTEL_PROBE phase=executor_initialization
INTEL_PROBE phase=startup_probe
INTEL_PROBE phase=prepare_with_watchdog
INTEL_PROBE begin=finite_loop call=1 deadline=1022383385696 rip=65537 nonce=1022376853883 witness=0
INTEL_PROBE end=finite_loop call=1 status=0 mach_before=1022378416567 mach_after=1022382037863
INTEL_PROBE capture=finite_loop call=1 exec_before=1726356 exec_after=5051796 reason_before=37 reason=1 rip_before=65537 rip=65540 rax=1022376853883 nonce=1022376853883 witness=1022376853883
INTEL_PROBE begin=finite_loop call=2 deadline=1022383385696 rip=65540 nonce=1022376853883 witness=1022376853883
INTEL_PROBE end=finite_loop call=2 status=0 mach_before=1022382082331 mach_after=1022383493949
INTEL_PROBE capture=finite_loop call=2 exec_before=5051796 exec_after=6439240 reason_before=1 reason=52 rip_before=65540 rip=65540 rax=1022376853883 nonce=1022376853883 witness=1022376853883
INTEL_PROBE phase=prepare_with_watchdog
INTEL_PROBE begin=expired_mtf call=3 deadline=0 rip=65543 nonce=1022383587400 witness=0
INTEL_PROBE end=expired_mtf call=3 status=0 mach_before=1022385820496 mach_after=1022385912086
INTEL_PROBE capture=expired_mtf call=3 exec_before=7061274 exec_after=7148067 reason_before=37 reason=52 rip_before=65543 rip=65543 rax=1022383587400 nonce=1022383587400 witness=0
INTEL_PROBE phase=prepare_with_watchdog
INTEL_PROBE begin=finite_mtf call=4 deadline=1022392637718 rip=65543 nonce=1022386051343 witness=0
INTEL_PROBE end=finite_mtf call=4 status=0 mach_before=1022387710133 mach_after=1022388422037
INTEL_PROBE capture=finite_mtf call=4 exec_before=7696577 exec_after=8264016 reason_before=37 reason=37 rip_before=65543 rip=65546 rax=1022386051344 nonce=1022386051343 witness=0
INTEL_PROBE phase=verified_retry
INTEL_PROBE phase=prepare_with_watchdog
INTEL_PROBE phase=finite_retirement
[       OK ] HvfIntelProbe.FiniteDeadline (26 ms)
[----------] 1 test from HvfIntelProbe (26 ms total)

[==========] 1 test from 1 test suite ran. (26 ms total)
[  PASSED  ] 1 test.

Repeating all tests (iteration 14) . . .

Note: Google Test filter = HvfIntelProbe.FiniteDeadline
[==========] Running 1 test from 1 test suite.
[----------] 1 test from HvfIntelProbe
[ RUN      ] HvfIntelProbe.FiniteDeadline
INTEL_PROBE phase=executor_initialization
INTEL_PROBE phase=startup_probe
INTEL_PROBE phase=prepare_with_watchdog
INTEL_PROBE begin=finite_loop call=1 deadline=1022409575624 rip=65537 nonce=1022402839181 witness=0
INTEL_PROBE end=finite_loop call=1 status=0 mach_before=1022404622049 mach_after=1022412412083
INTEL_PROBE capture=finite_loop call=1 exec_before=1689448 exec_after=9309774 reason_before=37 reason=52 rip_before=65537 rip=65540 rax=1022402839181 nonce=1022402839181 witness=1022402839181
INTEL_PROBE phase=prepare_with_watchdog
INTEL_PROBE begin=expired_mtf call=2 deadline=0 rip=65543 nonce=1022412553041 witness=0
INTEL_PROBE end=expired_mtf call=2 status=0 mach_before=1022414887387 mach_after=1022415042764
INTEL_PROBE capture=expired_mtf call=2 exec_before=9858300 exec_after=10006155 reason_before=37 reason=52 rip_before=65543 rip=65543 rax=1022412553041 nonce=1022412553041 witness=0
INTEL_PROBE phase=prepare_with_watchdog
INTEL_PROBE begin=finite_mtf call=3 deadline=1022421764251 rip=65543 nonce=1022415179193 witness=0
INTEL_PROBE end=finite_mtf call=3 status=0 mach_before=1022416808668 mach_after=1022417631556
INTEL_PROBE capture=finite_mtf call=3 exec_before=10576688 exec_after=11210368 reason_before=37 reason=37 rip_before=65543 rip=65546 rax=1022415179194 nonce=1022415179193 witness=0
INTEL_PROBE phase=verified_retry
INTEL_PROBE phase=prepare_with_watchdog
INTEL_PROBE phase=finite_retirement
[       OK ] HvfIntelProbe.FiniteDeadline (28 ms)
[----------] 1 test from HvfIntelProbe (28 ms total)

[==========] 1 test from 1 test suite ran. (28 ms total)
[  PASSED  ] 1 test.

Repeating all tests (iteration 15) . . .

Note: Google Test filter = HvfIntelProbe.FiniteDeadline
[==========] Running 1 test from 1 test suite.
[----------] 1 test from HvfIntelProbe
[ RUN      ] HvfIntelProbe.FiniteDeadline
INTEL_PROBE phase=executor_initialization
INTEL_PROBE phase=startup_probe
INTEL_PROBE phase=prepare_with_watchdog
INTEL_PROBE begin=finite_loop call=1 deadline=1022438825005 rip=65537 nonce=1022432482092 witness=0
INTEL_PROBE end=finite_loop call=1 status=0 mach_before=1022433857924 mach_after=1022439492534
INTEL_PROBE capture=finite_loop call=1 exec_before=1744268 exec_after=7164579 reason_before=37 reason=52 rip_before=65537 rip=65540 rax=1022432482092 nonce=1022432482092 witness=1022432482092
INTEL_PROBE phase=prepare_with_watchdog
INTEL_PROBE begin=expired_mtf call=2 deadline=0 rip=65543 nonce=1022439606071 witness=0
INTEL_PROBE end=expired_mtf call=2 status=0 mach_before=1022441427800 mach_after=1022441539757
INTEL_PROBE capture=expired_mtf call=2 exec_before=7596939 exec_after=7703185 reason_before=37 reason=52 rip_before=65543 rip=65543 rax=1022439606071 nonce=1022439606071 witness=0
INTEL_PROBE phase=prepare_with_watchdog
INTEL_PROBE begin=finite_mtf call=3 deadline=1022448257240 rip=65543 nonce=1022441638127 witness=0
INTEL_PROBE end=finite_mtf call=3 status=0 mach_before=1022443288874 mach_after=1022444058574
INTEL_PROBE capture=finite_mtf call=3 exec_before=8268047 exec_after=8865758 reason_before=37 reason=37 rip_before=65543 rip=65546 rax=1022441638128 nonce=1022441638127 witness=0
INTEL_PROBE phase=verified_retry
INTEL_PROBE phase=prepare_with_watchdog
INTEL_PROBE phase=finite_retirement
[       OK ] HvfIntelProbe.FiniteDeadline (26 ms)
[----------] 1 test from HvfIntelProbe (26 ms total)

[==========] 1 test from 1 test suite ran. (26 ms total)
[  PASSED  ] 1 test.

Repeating all tests (iteration 16) . . .

Note: Google Test filter = HvfIntelProbe.FiniteDeadline
[==========] Running 1 test from 1 test suite.
[----------] 1 test from HvfIntelProbe
[ RUN      ] HvfIntelProbe.FiniteDeadline
INTEL_PROBE phase=executor_initialization
INTEL_PROBE phase=startup_probe
INTEL_PROBE phase=prepare_with_watchdog
INTEL_PROBE begin=finite_loop call=1 deadline=1022463756772 rip=65537 nonce=1022457401617 witness=0
INTEL_PROBE end=finite_loop call=1 status=0 mach_before=1022458802656 mach_after=1022464382998
INTEL_PROBE capture=finite_loop call=1 exec_before=1643226 exec_after=7020020 reason_before=37 reason=52 rip_before=65537 rip=65540 rax=1022457401617 nonce=1022457401617 witness=1022457401617
INTEL_PROBE phase=prepare_with_watchdog
INTEL_PROBE begin=expired_mtf call=2 deadline=0 rip=65543 nonce=1022464524914 witness=0
INTEL_PROBE end=expired_mtf call=2 status=0 mach_before=1022466570788 mach_after=1022466676598
INTEL_PROBE capture=expired_mtf call=2 exec_before=7554982 exec_after=7655330 reason_before=37 reason=52 rip_before=65543 rip=65543 rax=1022464524914 nonce=1022464524914 witness=0
INTEL_PROBE phase=prepare_with_watchdog
INTEL_PROBE begin=finite_mtf call=3 deadline=1022473765332 rip=65543 nonce=1022466767424 witness=0
INTEL_PROBE end=finite_mtf call=3 status=0 mach_before=1022468810367 mach_after=1022469471331
INTEL_PROBE capture=finite_mtf call=3 exec_before=8169473 exec_after=8675734 reason_before=37 reason=37 rip_before=65543 rip=65546 rax=1022466767425 nonce=1022466767424 witness=0
INTEL_PROBE phase=verified_retry
INTEL_PROBE phase=prepare_with_watchdog
INTEL_PROBE phase=finite_retirement
[       OK ] HvfIntelProbe.FiniteDeadline (25 ms)
[----------] 1 test from HvfIntelProbe (25 ms total)

[==========] 1 test from 1 test suite ran. (25 ms total)
[  PASSED  ] 1 test.

Repeating all tests (iteration 17) . . .

Note: Google Test filter = HvfIntelProbe.FiniteDeadline
[==========] Running 1 test from 1 test suite.
[----------] 1 test from HvfIntelProbe
[ RUN      ] HvfIntelProbe.FiniteDeadline
INTEL_PROBE phase=executor_initialization
INTEL_PROBE phase=startup_probe
INTEL_PROBE phase=prepare_with_watchdog
INTEL_PROBE begin=finite_loop call=1 deadline=1022491246233 rip=65537 nonce=1022484788654 witness=0
INTEL_PROBE end=finite_loop call=1 status=0 mach_before=1022486282355 mach_after=1022491315218
INTEL_PROBE capture=finite_loop call=1 exec_before=1670429 exec_after=6449754 reason_before=37 reason=52 rip_before=65537 rip=65540 rax=1022484788654 nonce=1022484788654 witness=1022484788654
INTEL_PROBE phase=prepare_with_watchdog
INTEL_PROBE begin=expired_mtf call=2 deadline=0 rip=65543 nonce=1022491436180 witness=0
INTEL_PROBE end=expired_mtf call=2 status=0 mach_before=1022493743549 mach_after=1022493856040
INTEL_PROBE capture=expired_mtf call=2 exec_before=7022881 exec_after=7130068 reason_before=37 reason=52 rip_before=65543 rip=65543 rax=1022491436180 nonce=1022491436180 witness=0
INTEL_PROBE phase=prepare_with_watchdog
INTEL_PROBE begin=finite_mtf call=3 deadline=1022500423696 rip=65543 nonce=1022493944584 witness=0
INTEL_PROBE end=finite_mtf call=3 status=0 mach_before=1022495446809 mach_after=1022496132685
INTEL_PROBE capture=finite_mtf call=3 exec_before=7673606 exec_after=8195008 reason_before=37 reason=37 rip_before=65543 rip=65546 rax=1022493944585 nonce=1022493944584 witness=0
INTEL_PROBE phase=verified_retry
INTEL_PROBE phase=prepare_with_watchdog
INTEL_PROBE phase=finite_retirement
[       OK ] HvfIntelProbe.FiniteDeadline (26 ms)
[----------] 1 test from HvfIntelProbe (26 ms total)

[==========] 1 test from 1 test suite ran. (26 ms total)
[  PASSED  ] 1 test.

Repeating all tests (iteration 18) . . .

Note: Google Test filter = HvfIntelProbe.FiniteDeadline
[==========] Running 1 test from 1 test suite.
[----------] 1 test from HvfIntelProbe
[ RUN      ] HvfIntelProbe.FiniteDeadline
INTEL_PROBE phase=executor_initialization
INTEL_PROBE phase=startup_probe
INTEL_PROBE phase=prepare_with_watchdog
INTEL_PROBE begin=finite_loop call=1 deadline=1022515822373 rip=65537 nonce=1022509631745 witness=0
INTEL_PROBE end=finite_loop call=1 status=0 mach_before=1022510852983 mach_after=1022516767656
INTEL_PROBE capture=finite_loop call=1 exec_before=1573013 exec_after=7267712 reason_before=37 reason=52 rip_before=65537 rip=65540 rax=1022509631745 nonce=1022509631745 witness=1022509631745
INTEL_PROBE phase=prepare_with_watchdog
INTEL_PROBE begin=expired_mtf call=2 deadline=0 rip=65543 nonce=1022516929374 witness=0
INTEL_PROBE end=expired_mtf call=2 status=0 mach_before=1022518887605 mach_after=1022518983128
INTEL_PROBE capture=expired_mtf call=2 exec_before=7764336 exec_after=7854402 reason_before=37 reason=52 rip_before=65543 rip=65543 rax=1022516929374 nonce=1022516929374 witness=0
INTEL_PROBE phase=prepare_with_watchdog
INTEL_PROBE begin=finite_mtf call=3 deadline=1022525412180 rip=65543 nonce=1022519060847 witness=0
INTEL_PROBE end=finite_mtf call=3 status=0 mach_before=1022520451304 mach_after=1022521088356
INTEL_PROBE capture=finite_mtf call=3 exec_before=8355989 exec_after=8855302 reason_before=37 reason=37 rip_before=65543 rip=65546 rax=1022519060848 nonce=1022519060847 witness=0
INTEL_PROBE phase=verified_retry
INTEL_PROBE phase=prepare_with_watchdog
INTEL_PROBE phase=finite_retirement
[       OK ] HvfIntelProbe.FiniteDeadline (24 ms)
[----------] 1 test from HvfIntelProbe (24 ms total)

[==========] 1 test from 1 test suite ran. (24 ms total)
[  PASSED  ] 1 test.

Repeating all tests (iteration 19) . . .

Note: Google Test filter = HvfIntelProbe.FiniteDeadline
[==========] Running 1 test from 1 test suite.
[----------] 1 test from HvfIntelProbe
[ RUN      ] HvfIntelProbe.FiniteDeadline
INTEL_PROBE phase=executor_initialization
INTEL_PROBE phase=startup_probe
INTEL_PROBE phase=prepare_with_watchdog
INTEL_PROBE begin=finite_loop call=1 deadline=1022543087593 rip=65537 nonce=1022536347617 witness=0
INTEL_PROBE end=finite_loop call=1 status=0 mach_before=1022538142394 mach_after=1022546606930
INTEL_PROBE capture=finite_loop call=1 exec_before=2257618 exec_after=10511763 reason_before=37 reason=52 rip_before=65537 rip=65540 rax=1022536347617 nonce=1022536347617 witness=1022536347617
INTEL_PROBE phase=prepare_with_watchdog
INTEL_PROBE begin=expired_mtf call=2 deadline=0 rip=65543 nonce=1022546759924 witness=0
INTEL_PROBE end=expired_mtf call=2 status=0 mach_before=1022549128687 mach_after=1022549226374
INTEL_PROBE capture=expired_mtf call=2 exec_before=11114467 exec_after=11206552 reason_before=37 reason=52 rip_before=65543 rip=65543 rax=1022546759924 nonce=1022546759924 witness=0
INTEL_PROBE phase=prepare_with_watchdog
INTEL_PROBE begin=finite_mtf call=3 deadline=1022555673398 rip=65543 nonce=1022549323060 witness=0
INTEL_PROBE end=finite_mtf call=3 status=0 mach_before=1022550707971 mach_after=1022551410988
INTEL_PROBE capture=finite_mtf call=3 exec_before=11701350 exec_after=12248817 reason_before=37 reason=37 rip_before=65543 rip=65546 rax=1022549323061 nonce=1022549323060 witness=0
INTEL_PROBE phase=verified_retry
INTEL_PROBE phase=prepare_with_watchdog
INTEL_PROBE phase=finite_retirement
[       OK ] HvfIntelProbe.FiniteDeadline (30 ms)
[----------] 1 test from HvfIntelProbe (30 ms total)

[==========] 1 test from 1 test suite ran. (30 ms total)
[  PASSED  ] 1 test.

Repeating all tests (iteration 20) . . .

Note: Google Test filter = HvfIntelProbe.FiniteDeadline
[==========] Running 1 test from 1 test suite.
[----------] 1 test from HvfIntelProbe
[ RUN      ] HvfIntelProbe.FiniteDeadline
INTEL_PROBE phase=executor_initialization
INTEL_PROBE phase=startup_probe
INTEL_PROBE phase=prepare_with_watchdog
INTEL_PROBE begin=finite_loop call=1 deadline=1022574287958 rip=65537 nonce=1022567962172 witness=0
INTEL_PROBE end=finite_loop call=1 status=0 mach_before=1022569322669 mach_after=1022577820204
INTEL_PROBE capture=finite_loop call=1 exec_before=1737941 exec_after=10003726 reason_before=37 reason=52 rip_before=65537 rip=65540 rax=1022567962172 nonce=1022567962172 witness=1022567962172
INTEL_PROBE phase=prepare_with_watchdog
INTEL_PROBE begin=expired_mtf call=2 deadline=0 rip=65543 nonce=1022577977331 witness=0
INTEL_PROBE end=expired_mtf call=2 status=0 mach_before=1022580056743 mach_after=1022580116992
INTEL_PROBE capture=expired_mtf call=2 exec_before=10580632 exec_after=10637724 reason_before=37 reason=52 rip_before=65543 rip=65543 rax=1022577977331 nonce=1022577977331 witness=0
INTEL_PROBE phase=prepare_with_watchdog
INTEL_PROBE begin=finite_mtf call=3 deadline=1022586554681 rip=65543 nonce=1022580184379 witness=0
INTEL_PROBE end=finite_mtf call=3 status=0 mach_before=1022581579186 mach_after=1022582273480
INTEL_PROBE capture=finite_mtf call=3 exec_before=11117666 exec_after=11638145 reason_before=37 reason=37 rip_before=65543 rip=65546 rax=1022580184380 nonce=1022580184379 witness=0
INTEL_PROBE phase=verified_retry
INTEL_PROBE phase=prepare_with_watchdog
INTEL_PROBE phase=finite_retirement
[       OK ] HvfIntelProbe.FiniteDeadline (30 ms)
[----------] 1 test from HvfIntelProbe (30 ms total)

[==========] 1 test from 1 test suite ran. (30 ms total)
[  PASSED  ] 1 test.

Repeating all tests (iteration 21) . . .

Note: Google Test filter = HvfIntelProbe.FiniteDeadline
[==========] Running 1 test from 1 test suite.
[----------] 1 test from HvfIntelProbe
[ RUN      ] HvfIntelProbe.FiniteDeadline
INTEL_PROBE phase=executor_initialization
INTEL_PROBE phase=startup_probe
INTEL_PROBE phase=prepare_with_watchdog
INTEL_PROBE begin=finite_loop call=1 deadline=1022604183805 rip=65537 nonce=1022597818011 witness=0
INTEL_PROBE end=finite_loop call=1 status=0 mach_before=1022599213226 mach_after=1022605210133
INTEL_PROBE capture=finite_loop call=1 exec_before=1653262 exec_after=7456384 reason_before=37 reason=52 rip_before=65537 rip=65540 rax=1022597818011 nonce=1022597818011 witness=1022597818011
INTEL_PROBE phase=prepare_with_watchdog
INTEL_PROBE begin=expired_mtf call=2 deadline=0 rip=65543 nonce=1022605408740 witness=0
INTEL_PROBE end=expired_mtf call=2 status=0 mach_before=1022607470891 mach_after=1022607560810
INTEL_PROBE capture=expired_mtf call=2 exec_before=7988001 exec_after=8073738 reason_before=37 reason=52 rip_before=65543 rip=65543 rax=1022605408740 nonce=1022605408740 witness=0
INTEL_PROBE phase=prepare_with_watchdog
INTEL_PROBE begin=finite_mtf call=3 deadline=1022614300807 rip=65543 nonce=1022607629322 witness=0
INTEL_PROBE end=finite_mtf call=3 status=0 mach_before=1022609339258 mach_after=1022610098514
INTEL_PROBE capture=finite_mtf call=3 exec_before=8495381 exec_after=9085439 reason_before=37 reason=37 rip_before=65543 rip=65546 rax=1022607629323 nonce=1022607629322 witness=0
INTEL_PROBE phase=verified_retry
INTEL_PROBE phase=prepare_with_watchdog
INTEL_PROBE phase=finite_retirement
[       OK ] HvfIntelProbe.FiniteDeadline (27 ms)
[----------] 1 test from HvfIntelProbe (28 ms total)

[==========] 1 test from 1 test suite ran. (28 ms total)
[  PASSED  ] 1 test.

Repeating all tests (iteration 22) . . .

Note: Google Test filter = HvfIntelProbe.FiniteDeadline
[==========] Running 1 test from 1 test suite.
[----------] 1 test from HvfIntelProbe
[ RUN      ] HvfIntelProbe.FiniteDeadline
INTEL_PROBE phase=executor_initialization
INTEL_PROBE phase=startup_probe
INTEL_PROBE phase=prepare_with_watchdog
INTEL_PROBE begin=finite_loop call=1 deadline=1022631996002 rip=65537 nonce=1022625565179 witness=0
INTEL_PROBE end=finite_loop call=1 status=0 mach_before=1022627032688 mach_after=1022637034575
INTEL_PROBE capture=finite_loop call=1 exec_before=1906522 exec_after=11678953 reason_before=37 reason=52 rip_before=65537 rip=65540 rax=1022625565179 nonce=1022625565179 witness=1022625565179
INTEL_PROBE phase=prepare_with_watchdog
INTEL_PROBE begin=expired_mtf call=2 deadline=0 rip=65543 nonce=1022637290521 witness=0
INTEL_PROBE end=expired_mtf call=2 status=0 mach_before=1022639952688 mach_after=1022640029798
INTEL_PROBE capture=expired_mtf call=2 exec_before=12284131 exec_after=12357814 reason_before=37 reason=52 rip_before=65543 rip=65543 rax=1022637290521 nonce=1022637290521 witness=0
INTEL_PROBE phase=prepare_with_watchdog
INTEL_PROBE begin=finite_mtf call=3 deadline=1022647213575 rip=65543 nonce=1022640154842 witness=0
INTEL_PROBE end=finite_mtf call=3 status=0 mach_before=1022642240432 mach_after=1022642942599
INTEL_PROBE capture=finite_mtf call=3 exec_before=13097176 exec_after=13636415 reason_before=37 reason=37 rip_before=65543 rip=65546 rax=1022640154843 nonce=1022640154842 witness=0
INTEL_PROBE phase=verified_retry
INTEL_PROBE phase=prepare_with_watchdog
INTEL_PROBE phase=finite_retirement
[       OK ] HvfIntelProbe.FiniteDeadline (32 ms)
[----------] 1 test from HvfIntelProbe (32 ms total)

[==========] 1 test from 1 test suite ran. (32 ms total)
[  PASSED  ] 1 test.

Repeating all tests (iteration 23) . . .

Note: Google Test filter = HvfIntelProbe.FiniteDeadline
[==========] Running 1 test from 1 test suite.
[----------] 1 test from HvfIntelProbe
[ RUN      ] HvfIntelProbe.FiniteDeadline
INTEL_PROBE phase=executor_initialization
INTEL_PROBE phase=startup_probe
INTEL_PROBE phase=prepare_with_watchdog
INTEL_PROBE begin=finite_loop call=1 deadline=1022663626000 rip=65537 nonce=1022657170588 witness=0
INTEL_PROBE end=finite_loop call=1 status=0 mach_before=1022658665616 mach_after=1022662121925
INTEL_PROBE capture=finite_loop call=1 exec_before=1930555 exec_after=4983466 reason_before=37 reason=1 rip_before=65537 rip=65540 rax=1022657170588 nonce=1022657170588 witness=1022657170588
INTEL_PROBE begin=finite_loop call=2 deadline=1022663626000 rip=65540 nonce=1022657170588 witness=1022657170588
INTEL_PROBE end=finite_loop call=2 status=0 mach_before=1022662299065 mach_after=1022663903974
INTEL_PROBE capture=finite_loop call=2 exec_before=4983466 exec_after=6578591 reason_before=1 reason=52 rip_before=65540 rip=65540 rax=1022657170588 nonce=1022657170588 witness=1022657170588
INTEL_PROBE phase=prepare_with_watchdog
INTEL_PROBE begin=expired_mtf call=3 deadline=0 rip=65543 nonce=1022664034012 witness=0
INTEL_PROBE end=expired_mtf call=3 status=0 mach_before=1022666324995 mach_after=1022666467244
INTEL_PROBE capture=expired_mtf call=3 exec_before=7268021 exec_after=7405002 reason_before=37 reason=52 rip_before=65543 rip=65543 rax=1022664034012 nonce=1022664034012 witness=0
INTEL_PROBE phase=prepare_with_watchdog
INTEL_PROBE begin=finite_mtf call=4 deadline=1022673020524 rip=65543 nonce=1022666551730 witness=0
INTEL_PROBE end=finite_mtf call=4 status=0 mach_before=1022668065280 mach_after=1022668875777
INTEL_PROBE capture=finite_mtf call=4 exec_before=7948284 exec_after=8570001 reason_before=37 reason=37 rip_before=65543 rip=65546 rax=1022666551731 nonce=1022666551730 witness=0
INTEL_PROBE phase=verified_retry
INTEL_PROBE phase=prepare_with_watchdog
INTEL_PROBE phase=finite_retirement
[       OK ] HvfIntelProbe.FiniteDeadline (26 ms)
[----------] 1 test from HvfIntelProbe (26 ms total)

[==========] 1 test from 1 test suite ran. (26 ms total)
[  PASSED  ] 1 test.

Repeating all tests (iteration 24) . . .

Note: Google Test filter = HvfIntelProbe.FiniteDeadline
[==========] Running 1 test from 1 test suite.
[----------] 1 test from HvfIntelProbe
[ RUN      ] HvfIntelProbe.FiniteDeadline
INTEL_PROBE phase=executor_initialization
INTEL_PROBE phase=startup_probe
INTEL_PROBE phase=prepare_with_watchdog
INTEL_PROBE begin=finite_loop call=1 deadline=1022690908699 rip=65537 nonce=1022684663955 witness=0
INTEL_PROBE end=finite_loop call=1 status=0 mach_before=1022685935157 mach_after=1022700335938
INTEL_PROBE capture=finite_loop call=1 exec_before=1511984 exec_after=15746643 reason_before=37 reason=52 rip_before=65537 rip=65540 rax=1022684663955 nonce=1022684663955 witness=1022684663955
INTEL_PROBE phase=prepare_with_watchdog
INTEL_PROBE begin=expired_mtf call=2 deadline=0 rip=65543 nonce=1022700427439 witness=0
INTEL_PROBE end=expired_mtf call=2 status=0 mach_before=1022702535157 mach_after=1022702646275
INTEL_PROBE capture=expired_mtf call=2 exec_before=16309896 exec_after=16415778 reason_before=37 reason=52 rip_before=65543 rip=65543 rax=1022700427439 nonce=1022700427439 witness=0
INTEL_PROBE phase=prepare_with_watchdog
INTEL_PROBE begin=finite_mtf call=3 deadline=1022709219928 rip=65543 nonce=1022702759047 witness=0
INTEL_PROBE end=finite_mtf call=3 status=0 mach_before=1022704250350 mach_after=1022704927158
INTEL_PROBE capture=finite_mtf call=3 exec_before=16936062 exec_after=17450853 reason_before=37 reason=37 rip_before=65543 rip=65546 rax=1022702759048 nonce=1022702759047 witness=0
INTEL_PROBE phase=verified_retry
INTEL_PROBE phase=prepare_with_watchdog
INTEL_PROBE phase=finite_retirement
[       OK ] HvfIntelProbe.FiniteDeadline (35 ms)
[----------] 1 test from HvfIntelProbe (35 ms total)

[==========] 1 test from 1 test suite ran. (35 ms total)
[  PASSED  ] 1 test.

Repeating all tests (iteration 25) . . .

Note: Google Test filter = HvfIntelProbe.FiniteDeadline
[==========] Running 1 test from 1 test suite.
[----------] 1 test from HvfIntelProbe
[ RUN      ] HvfIntelProbe.FiniteDeadline
INTEL_PROBE phase=executor_initialization
INTEL_PROBE phase=startup_probe
INTEL_PROBE phase=prepare_with_watchdog
INTEL_PROBE begin=finite_loop call=1 deadline=1022724563402 rip=65537 nonce=1022718185969 witness=0
INTEL_PROBE end=finite_loop call=1 status=0 mach_before=1022719602116 mach_after=1022724701843
INTEL_PROBE capture=finite_loop call=1 exec_before=1558797 exec_after=6491186 reason_before=37 reason=52 rip_before=65537 rip=65540 rax=1022718185969 nonce=1022718185969 witness=1022718185969
INTEL_PROBE phase=prepare_with_watchdog
INTEL_PROBE begin=expired_mtf call=2 deadline=0 rip=65543 nonce=1022724872818 witness=0
INTEL_PROBE end=expired_mtf call=2 status=0 mach_before=1022727025888 mach_after=1022727138532
INTEL_PROBE capture=expired_mtf call=2 exec_before=7020207 exec_after=7127825 reason_before=37 reason=52 rip_before=65543 rip=65543 rax=1022724872818 nonce=1022724872818 witness=0
INTEL_PROBE phase=prepare_with_watchdog
INTEL_PROBE begin=finite_mtf call=3 deadline=1022733737095 rip=65543 nonce=1022727236447 witness=0
INTEL_PROBE end=finite_mtf call=3 status=0 mach_before=1022728767618 mach_after=1022729603201
INTEL_PROBE capture=finite_mtf call=3 exec_before=7679470 exec_after=8368591 reason_before=37 reason=37 rip_before=65543 rip=65546 rax=1022727236448 nonce=1022727236447 witness=0
INTEL_PROBE phase=verified_retry
INTEL_PROBE phase=prepare_with_watchdog
INTEL_PROBE phase=finite_retirement
[       OK ] HvfIntelProbe.FiniteDeadline (24 ms)
[----------] 1 test from HvfIntelProbe (24 ms total)

[==========] 1 test from 1 test suite ran. (24 ms total)
[  PASSED  ] 1 test.

Repeating all tests (iteration 26) . . .

Note: Google Test filter = HvfIntelProbe.FiniteDeadline
[==========] Running 1 test from 1 test suite.
[----------] 1 test from HvfIntelProbe
[ RUN      ] HvfIntelProbe.FiniteDeadline
INTEL_PROBE phase=executor_initialization
INTEL_PROBE phase=startup_probe
INTEL_PROBE phase=prepare_with_watchdog
INTEL_PROBE begin=finite_loop call=1 deadline=1022751034202 rip=65537 nonce=1022744615439 witness=0
INTEL_PROBE end=finite_loop call=1 status=0 mach_before=1022746077538 mach_after=1022751543834
INTEL_PROBE capture=finite_loop call=1 exec_before=1538528 exec_after=6840883 reason_before=37 reason=52 rip_before=65537 rip=65540 rax=1022744615439 nonce=1022744615439 witness=1022744615439
INTEL_PROBE phase=prepare_with_watchdog
INTEL_PROBE begin=expired_mtf call=2 deadline=0 rip=65543 nonce=1022751700606 witness=0
INTEL_PROBE end=expired_mtf call=2 status=0 mach_before=1022753929899 mach_after=1022753999401
INTEL_PROBE capture=expired_mtf call=2 exec_before=7426511 exec_after=7491877 reason_before=37 reason=52 rip_before=65543 rip=65543 rax=1022751700606 nonce=1022751700606 witness=0
INTEL_PROBE phase=prepare_with_watchdog
INTEL_PROBE begin=finite_mtf call=3 deadline=1022760482188 rip=65543 nonce=1022754096349 witness=0
INTEL_PROBE end=finite_mtf call=3 status=0 mach_before=1022755513046 mach_after=1022756145282
INTEL_PROBE capture=finite_mtf call=3 exec_before=8064810 exec_after=8582493 reason_before=37 reason=37 rip_before=65543 rip=65546 rax=1022754096350 nonce=1022754096349 witness=0
INTEL_PROBE phase=verified_retry
INTEL_PROBE phase=prepare_with_watchdog
INTEL_PROBE phase=finite_retirement
[       OK ] HvfIntelProbe.FiniteDeadline (25 ms)
[----------] 1 test from HvfIntelProbe (25 ms total)

[==========] 1 test from 1 test suite ran. (25 ms total)
[  PASSED  ] 1 test.

Repeating all tests (iteration 27) . . .

Note: Google Test filter = HvfIntelProbe.FiniteDeadline
[==========] Running 1 test from 1 test suite.
[----------] 1 test from HvfIntelProbe
[ RUN      ] HvfIntelProbe.FiniteDeadline
INTEL_PROBE phase=executor_initialization
INTEL_PROBE phase=startup_probe
INTEL_PROBE phase=prepare_with_watchdog
INTEL_PROBE begin=finite_loop call=1 deadline=1022775506701 rip=65537 nonce=1022769084853 witness=0
INTEL_PROBE end=finite_loop call=1 status=0 mach_before=1022770545067 mach_after=1022781811515
INTEL_PROBE capture=finite_loop call=1 exec_before=1479391 exec_after=12517219 reason_before=37 reason=52 rip_before=65537 rip=65540 rax=1022769084853 nonce=1022769084853 witness=1022769084853
INTEL_PROBE phase=prepare_with_watchdog
INTEL_PROBE begin=expired_mtf call=2 deadline=0 rip=65543 nonce=1022781952917 witness=0
INTEL_PROBE end=expired_mtf call=2 status=0 mach_before=1022783782372 mach_after=1022783835249
INTEL_PROBE capture=expired_mtf call=2 exec_before=12981391 exec_after=13031495 reason_before=37 reason=52 rip_before=65543 rip=65543 rax=1022781952917 nonce=1022781952917 witness=0
INTEL_PROBE phase=prepare_with_watchdog
INTEL_PROBE begin=finite_mtf call=3 deadline=1022790258432 rip=65543 nonce=1022783906750 witness=0
INTEL_PROBE end=finite_mtf call=3 status=0 mach_before=1022785285193 mach_after=1022785891187
INTEL_PROBE capture=finite_mtf call=3 exec_before=13557406 exec_after=14034292 reason_before=37 reason=37 rip_before=65543 rip=65546 rax=1022783906751 nonce=1022783906750 witness=0
INTEL_PROBE phase=verified_retry
INTEL_PROBE phase=prepare_with_watchdog
INTEL_PROBE phase=finite_retirement
[       OK ] HvfIntelProbe.FiniteDeadline (29 ms)
[----------] 1 test from HvfIntelProbe (29 ms total)

[==========] 1 test from 1 test suite ran. (29 ms total)
[  PASSED  ] 1 test.

Repeating all tests (iteration 28) . . .

Note: Google Test filter = HvfIntelProbe.FiniteDeadline
[==========] Running 1 test from 1 test suite.
[----------] 1 test from HvfIntelProbe
[ RUN      ] HvfIntelProbe.FiniteDeadline
INTEL_PROBE phase=executor_initialization
INTEL_PROBE phase=startup_probe
INTEL_PROBE phase=prepare_with_watchdog
INTEL_PROBE begin=finite_loop call=1 deadline=1022804772453 rip=65537 nonce=1022798380862 witness=0
INTEL_PROBE end=finite_loop call=1 status=0 mach_before=1022799805276 mach_after=1022804888514
INTEL_PROBE capture=finite_loop call=1 exec_before=1390737 exec_after=6328588 reason_before=37 reason=52 rip_before=65537 rip=65540 rax=1022798380862 nonce=1022798380862 witness=1022798380862
INTEL_PROBE phase=prepare_with_watchdog
INTEL_PROBE begin=expired_mtf call=2 deadline=0 rip=65543 nonce=1022805003595 witness=0
INTEL_PROBE end=expired_mtf call=2 status=0 mach_before=1022807136836 mach_after=1022807192397
INTEL_PROBE capture=expired_mtf call=2 exec_before=6870297 exec_after=6922291 reason_before=37 reason=52 rip_before=65543 rip=65543 rax=1022805003595 nonce=1022805003595 witness=0
INTEL_PROBE phase=prepare_with_watchdog
INTEL_PROBE begin=finite_mtf call=3 deadline=1022813528005 rip=65543 nonce=1022807277015 witness=0
INTEL_PROBE end=finite_mtf call=3 status=0 mach_before=1022808553831 mach_after=1022809215061
INTEL_PROBE capture=finite_mtf call=3 exec_before=7342487 exec_after=7869284 reason_before=37 reason=37 rip_before=65543 rip=65546 rax=1022807277016 nonce=1022807277015 witness=0
INTEL_PROBE phase=verified_retry
INTEL_PROBE phase=prepare_with_watchdog
INTEL_PROBE phase=finite_retirement
[       OK ] HvfIntelProbe.FiniteDeadline (23 ms)
[----------] 1 test from HvfIntelProbe (23 ms total)

[==========] 1 test from 1 test suite ran. (23 ms total)
[  PASSED  ] 1 test.

Repeating all tests (iteration 29) . . .

Note: Google Test filter = HvfIntelProbe.FiniteDeadline
[==========] Running 1 test from 1 test suite.
[----------] 1 test from HvfIntelProbe
[ RUN      ] HvfIntelProbe.FiniteDeadline
INTEL_PROBE phase=executor_initialization
INTEL_PROBE phase=startup_probe
INTEL_PROBE phase=prepare_with_watchdog
INTEL_PROBE begin=finite_loop call=1 deadline=1022830058234 rip=65537 nonce=1022823399241 witness=0
INTEL_PROBE end=finite_loop call=1 status=0 mach_before=1022825097367 mach_after=1022839165625
INTEL_PROBE capture=finite_loop call=1 exec_before=2570911 exec_after=16465230 reason_before=37 reason=52 rip_before=65537 rip=65540 rax=1022823399241 nonce=1022823399241 witness=1022823399241
INTEL_PROBE phase=prepare_with_watchdog
INTEL_PROBE begin=expired_mtf call=2 deadline=0 rip=65543 nonce=1022839278274 witness=0
INTEL_PROBE end=expired_mtf call=2 status=0 mach_before=1022841374403 mach_after=1022841533071
INTEL_PROBE capture=expired_mtf call=2 exec_before=17012244 exec_after=17131827 reason_before=37 reason=52 rip_before=65543 rip=65543 rax=1022839278274 nonce=1022839278274 witness=0
INTEL_PROBE phase=prepare_with_watchdog
INTEL_PROBE begin=finite_mtf call=3 deadline=1022848203851 rip=65543 nonce=1022841641969 witness=0
INTEL_PROBE end=finite_mtf call=3 status=0 mach_before=1022843233638 mach_after=1022843975490
INTEL_PROBE capture=finite_mtf call=3 exec_before=17670076 exec_after=18245099 reason_before=37 reason=37 rip_before=65543 rip=65546 rax=1022841641970 nonce=1022841641969 witness=0
INTEL_PROBE phase=verified_retry
INTEL_PROBE phase=prepare_with_watchdog
INTEL_PROBE phase=finite_retirement
[       OK ] HvfIntelProbe.FiniteDeadline (34 ms)
[----------] 1 test from HvfIntelProbe (35 ms total)

[==========] 1 test from 1 test suite ran. (35 ms total)
[  PASSED  ] 1 test.

Repeating all tests (iteration 30) . . .

Note: Google Test filter = HvfIntelProbe.FiniteDeadline
[==========] Running 1 test from 1 test suite.
[----------] 1 test from HvfIntelProbe
[ RUN      ] HvfIntelProbe.FiniteDeadline
INTEL_PROBE phase=executor_initialization
INTEL_PROBE phase=startup_probe
INTEL_PROBE phase=prepare_with_watchdog
INTEL_PROBE begin=finite_loop call=1 deadline=1022864810202 rip=65537 nonce=1022858436093 witness=0
INTEL_PROBE end=finite_loop call=1 status=0 mach_before=1022859846852 mach_after=1022868492381
INTEL_PROBE capture=finite_loop call=1 exec_before=1597544 exec_after=10069953 reason_before=37 reason=52 rip_before=65537 rip=65540 rax=1022858436093 nonce=1022858436093 witness=1022858436093
INTEL_PROBE phase=prepare_with_watchdog
INTEL_PROBE begin=expired_mtf call=2 deadline=0 rip=65543 nonce=1022868631688 witness=0
INTEL_PROBE end=expired_mtf call=2 status=0 mach_before=1022870709105 mach_after=1022870773880
INTEL_PROBE capture=expired_mtf call=2 exec_before=10610081 exec_after=10670872 reason_before=37 reason=52 rip_before=65543 rip=65543 rax=1022868631688 nonce=1022868631688 witness=0
INTEL_PROBE phase=prepare_with_watchdog
INTEL_PROBE begin=finite_mtf call=3 deadline=1022877310020 rip=65543 nonce=1022870883331 witness=0
INTEL_PROBE end=finite_mtf call=3 status=0 mach_before=1022872332824 mach_after=1022873018618
INTEL_PROBE capture=finite_mtf call=3 exec_before=11229195 exec_after=11719051 reason_before=37 reason=37 rip_before=65543 rip=65546 rax=1022870883332 nonce=1022870883331 witness=0
INTEL_PROBE phase=verified_retry
INTEL_PROBE phase=prepare_with_watchdog
INTEL_PROBE phase=finite_retirement
[       OK ] HvfIntelProbe.FiniteDeadline (28 ms)
[----------] 1 test from HvfIntelProbe (28 ms total)

[==========] 1 test from 1 test suite ran. (28 ms total)
[  PASSED  ] 1 test.

Repeating all tests (iteration 31) . . .

Note: Google Test filter = HvfIntelProbe.FiniteDeadline
[==========] Running 1 test from 1 test suite.
[----------] 1 test from HvfIntelProbe
[ RUN      ] HvfIntelProbe.FiniteDeadline
INTEL_PROBE phase=executor_initialization
INTEL_PROBE phase=startup_probe
INTEL_PROBE phase=prepare_with_watchdog
INTEL_PROBE begin=finite_loop call=1 deadline=1022893576754 rip=65537 nonce=1022886800228 witness=0
INTEL_PROBE end=finite_loop call=1 status=0 mach_before=1022888624218 mach_after=1022894996149
INTEL_PROBE capture=finite_loop call=1 exec_before=1624738 exec_after=7746056 reason_before=37 reason=52 rip_before=65537 rip=65540 rax=1022886800228 nonce=1022886800228 witness=1022886800228
INTEL_PROBE phase=prepare_with_watchdog
INTEL_PROBE begin=expired_mtf call=2 deadline=0 rip=65543 nonce=1022895160827 witness=0
INTEL_PROBE end=expired_mtf call=2 status=0 mach_before=1022897113684 mach_after=1022897178510
INTEL_PROBE capture=expired_mtf call=2 exec_before=8240616 exec_after=8301667 reason_before=37 reason=52 rip_before=65543 rip=65543 rax=1022895160827 nonce=1022895160827 witness=0
INTEL_PROBE phase=prepare_with_watchdog
INTEL_PROBE begin=finite_mtf call=3 deadline=1022904005617 rip=65543 nonce=1022897281998 witness=0
INTEL_PROBE end=finite_mtf call=3 status=0 mach_before=1022899029050 mach_after=1022899646806
INTEL_PROBE capture=finite_mtf call=3 exec_before=8912076 exec_after=9399356 reason_before=37 reason=37 rip_before=65543 rip=65546 rax=1022897281999 nonce=1022897281998 witness=0
INTEL_PROBE phase=verified_retry
INTEL_PROBE phase=prepare_with_watchdog
INTEL_PROBE phase=finite_retirement
[       OK ] HvfIntelProbe.FiniteDeadline (26 ms)
[----------] 1 test from HvfIntelProbe (26 ms total)

[==========] 1 test from 1 test suite ran. (26 ms total)
[  PASSED  ] 1 test.

Repeating all tests (iteration 32) . . .

Note: Google Test filter = HvfIntelProbe.FiniteDeadline
[==========] Running 1 test from 1 test suite.
[----------] 1 test from HvfIntelProbe
[ RUN      ] HvfIntelProbe.FiniteDeadline
INTEL_PROBE phase=executor_initialization
INTEL_PROBE phase=startup_probe
INTEL_PROBE phase=prepare_with_watchdog
INTEL_PROBE begin=finite_loop call=1 deadline=1022920598574 rip=65537 nonce=1022914144831 witness=0
INTEL_PROBE end=finite_loop call=1 status=0 mach_before=1022915637143 mach_after=1022922996053
INTEL_PROBE capture=finite_loop call=1 exec_before=2600807 exec_after=9776854 reason_before=37 reason=52 rip_before=65537 rip=65540 rax=1022914144831 nonce=1022914144831 witness=1022914144831
INTEL_PROBE phase=prepare_with_watchdog
INTEL_PROBE begin=expired_mtf call=2 deadline=0 rip=65543 nonce=1022923160905 witness=0
INTEL_PROBE end=expired_mtf call=2 status=0 mach_before=1022925137215 mach_after=1022925209195
INTEL_PROBE capture=expired_mtf call=2 exec_before=10277477 exec_after=10345674 reason_before=37 reason=52 rip_before=65543 rip=65543 rax=1022923160905 nonce=1022923160905 witness=0
INTEL_PROBE phase=prepare_with_watchdog
INTEL_PROBE begin=finite_mtf call=3 deadline=1022931814625 rip=65543 nonce=1022925306935 witness=0
INTEL_PROBE end=finite_mtf call=3 status=0 mach_before=1022926845368 mach_after=1022927454377
INTEL_PROBE capture=finite_mtf call=3 exec_before=10832050 exec_after=11309771 reason_before=37 reason=37 rip_before=65543 rip=65546 rax=1022925306936 nonce=1022925306935 witness=0
INTEL_PROBE phase=verified_retry
INTEL_PROBE phase=prepare_with_watchdog
INTEL_PROBE phase=finite_retirement
[       OK ] HvfIntelProbe.FiniteDeadline (27 ms)
[----------] 1 test from HvfIntelProbe (27 ms total)

[==========] 1 test from 1 test suite ran. (27 ms total)
[  PASSED  ] 1 test.

Repeating all tests (iteration 33) . . .

Note: Google Test filter = HvfIntelProbe.FiniteDeadline
[==========] Running 1 test from 1 test suite.
[----------] 1 test from HvfIntelProbe
[ RUN      ] HvfIntelProbe.FiniteDeadline
INTEL_PROBE phase=executor_initialization
INTEL_PROBE phase=startup_probe
INTEL_PROBE phase=prepare_with_watchdog
INTEL_PROBE begin=finite_loop call=1 deadline=1022947794661 rip=65537 nonce=1022941186137 witness=0
INTEL_PROBE end=finite_loop call=1 status=0 mach_before=1022942833540 mach_after=1022949731518
INTEL_PROBE capture=finite_loop call=1 exec_before=1643308 exec_after=8347426 reason_before=37 reason=52 rip_before=65537 rip=65540 rax=1022941186137 nonce=1022941186137 witness=1022941186137
INTEL_PROBE phase=prepare_with_watchdog
INTEL_PROBE begin=expired_mtf call=2 deadline=0 rip=65543 nonce=1022949849586 witness=0
INTEL_PROBE end=expired_mtf call=2 status=0 mach_before=1022952078040 mach_after=1022952193678
INTEL_PROBE capture=expired_mtf call=2 exec_before=8932217 exec_after=9042534 reason_before=37 reason=52 rip_before=65543 rip=65543 rax=1022949849586 nonce=1022949849586 witness=0
INTEL_PROBE phase=prepare_with_watchdog
INTEL_PROBE begin=finite_mtf call=3 deadline=1022958750286 rip=65543 nonce=1022952319304 witness=0
INTEL_PROBE end=finite_mtf call=3 status=0 mach_before=1022953777602 mach_after=1022954551231
INTEL_PROBE capture=finite_mtf call=3 exec_before=9605006 exec_after=10197167 reason_before=37 reason=37 rip_before=65543 rip=65546 rax=1022952319305 nonce=1022952319304 witness=0
INTEL_PROBE phase=verified_retry
INTEL_PROBE phase=prepare_with_watchdog
INTEL_PROBE phase=finite_retirement
[       OK ] HvfIntelProbe.FiniteDeadline (27 ms)
[----------] 1 test from HvfIntelProbe (27 ms total)

[==========] 1 test from 1 test suite ran. (27 ms total)
[  PASSED  ] 1 test.

Repeating all tests (iteration 34) . . .

Note: Google Test filter = HvfIntelProbe.FiniteDeadline
[==========] Running 1 test from 1 test suite.
[----------] 1 test from HvfIntelProbe
[ RUN      ] HvfIntelProbe.FiniteDeadline
INTEL_PROBE phase=executor_initialization
INTEL_PROBE phase=startup_probe
INTEL_PROBE phase=prepare_with_watchdog
INTEL_PROBE begin=finite_loop call=1 deadline=1022975662262 rip=65537 nonce=1022969027331 witness=0
INTEL_PROBE end=finite_loop call=1 status=0 mach_before=1022970704642 mach_after=1022978645225
INTEL_PROBE capture=finite_loop call=1 exec_before=1669116 exec_after=9441271 reason_before=37 reason=52 rip_before=65537 rip=65540 rax=1022969027331 nonce=1022969027331 witness=1022969027331
INTEL_PROBE phase=prepare_with_watchdog
INTEL_PROBE begin=expired_mtf call=2 deadline=0 rip=65543 nonce=1022978770611 witness=0
INTEL_PROBE end=expired_mtf call=2 status=0 mach_before=1022981041332 mach_after=1022981147178
INTEL_PROBE capture=expired_mtf call=2 exec_before=10074096 exec_after=10174394 reason_before=37 reason=52 rip_before=65543 rip=65543 rax=1022978770611 nonce=1022978770611 witness=0
INTEL_PROBE phase=prepare_with_watchdog
INTEL_PROBE begin=finite_mtf call=3 deadline=1022987606582 rip=65543 nonce=1022981248250 witness=0
INTEL_PROBE end=finite_mtf call=3 status=0 mach_before=1022982627844 mach_after=1022983237514
INTEL_PROBE capture=finite_mtf call=3 exec_before=10681941 exec_after=11157648 reason_before=37 reason=37 rip_before=65543 rip=65546 rax=1022981248251 nonce=1022981248250 witness=0
INTEL_PROBE phase=verified_retry
INTEL_PROBE phase=prepare_with_watchdog
INTEL_PROBE phase=finite_retirement
[       OK ] HvfIntelProbe.FiniteDeadline (27 ms)
[----------] 1 test from HvfIntelProbe (27 ms total)

[==========] 1 test from 1 test suite ran. (27 ms total)
[  PASSED  ] 1 test.

Repeating all tests (iteration 35) . . .

Note: Google Test filter = HvfIntelProbe.FiniteDeadline
[==========] Running 1 test from 1 test suite.
[----------] 1 test from HvfIntelProbe
[ RUN      ] HvfIntelProbe.FiniteDeadline
INTEL_PROBE phase=executor_initialization
INTEL_PROBE phase=startup_probe
INTEL_PROBE phase=prepare_with_watchdog
INTEL_PROBE begin=finite_loop call=1 deadline=1023004623029 rip=65537 nonce=1022997820617 witness=0
INTEL_PROBE end=finite_loop call=1 status=0 mach_before=1022999659412 mach_after=1023006091352
INTEL_PROBE capture=finite_loop call=1 exec_before=1919161 exec_after=8146055 reason_before=37 reason=52 rip_before=65537 rip=65540 rax=1022997820617 nonce=1022997820617 witness=1022997820617
INTEL_PROBE phase=prepare_with_watchdog
INTEL_PROBE begin=expired_mtf call=2 deadline=0 rip=65543 nonce=1023006227106 witness=0
INTEL_PROBE end=expired_mtf call=2 status=0 mach_before=1023008253471 mach_after=1023008309912
INTEL_PROBE capture=expired_mtf call=2 exec_before=8760658 exec_after=8813663 reason_before=37 reason=52 rip_before=65543 rip=65543 rax=1023006227106 nonce=1023006227106 witness=0
INTEL_PROBE phase=prepare_with_watchdog
INTEL_PROBE begin=finite_mtf call=3 deadline=1023014641376 rip=65543 nonce=1023008388964 witness=0
INTEL_PROBE end=finite_mtf call=3 status=0 mach_before=1023009667022 mach_after=1023010256697
INTEL_PROBE capture=finite_mtf call=3 exec_before=9244460 exec_after=9697670 reason_before=37 reason=37 rip_before=65543 rip=65546 rax=1023008388965 nonce=1023008388964 witness=0
INTEL_PROBE phase=verified_retry
INTEL_PROBE phase=prepare_with_watchdog
INTEL_PROBE phase=finite_retirement
[       OK ] HvfIntelProbe.FiniteDeadline (27 ms)
[----------] 1 test from HvfIntelProbe (27 ms total)

[==========] 1 test from 1 test suite ran. (27 ms total)
[  PASSED  ] 1 test.

Repeating all tests (iteration 36) . . .

Note: Google Test filter = HvfIntelProbe.FiniteDeadline
[==========] Running 1 test from 1 test suite.
[----------] 1 test from HvfIntelProbe
[ RUN      ] HvfIntelProbe.FiniteDeadline
INTEL_PROBE phase=executor_initialization
INTEL_PROBE phase=startup_probe
INTEL_PROBE phase=prepare_with_watchdog
INTEL_PROBE begin=finite_loop call=1 deadline=1023030062700 rip=65537 nonce=1023023779869 witness=0
INTEL_PROBE end=finite_loop call=1 status=0 mach_before=1023025093169 mach_after=1023034832982
INTEL_PROBE capture=finite_loop call=1 exec_before=1689495 exec_after=11195229 reason_before=37 reason=52 rip_before=65537 rip=65540 rax=1023023779869 nonce=1023023779869 witness=1023023779869
INTEL_PROBE phase=prepare_with_watchdog
INTEL_PROBE begin=expired_mtf call=2 deadline=0 rip=65543 nonce=1023034966313 witness=0
INTEL_PROBE end=expired_mtf call=2 status=0 mach_before=1023037072747 mach_after=1023037145748
INTEL_PROBE capture=expired_mtf call=2 exec_before=11739204 exec_after=11807365 reason_before=37 reason=52 rip_before=65543 rip=65543 rax=1023034966313 nonce=1023034966313 witness=0
INTEL_PROBE phase=prepare_with_watchdog
INTEL_PROBE begin=finite_mtf call=3 deadline=1023043795946 rip=65543 nonce=1023037247671 witness=0
INTEL_PROBE end=finite_mtf call=3 status=0 mach_before=1023038829289 mach_after=1023039546848
INTEL_PROBE capture=finite_mtf call=3 exec_before=12414138 exec_after=12988244 reason_before=37 reason=37 rip_before=65543 rip=65546 rax=1023037247672 nonce=1023037247671 witness=0
INTEL_PROBE phase=verified_retry
INTEL_PROBE phase=prepare_with_watchdog
INTEL_PROBE phase=finite_retirement
[       OK ] HvfIntelProbe.FiniteDeadline (28 ms)
[----------] 1 test from HvfIntelProbe (28 ms total)

[==========] 1 test from 1 test suite ran. (28 ms total)
[  PASSED  ] 1 test.

Repeating all tests (iteration 37) . . .

Note: Google Test filter = HvfIntelProbe.FiniteDeadline
[==========] Running 1 test from 1 test suite.
[----------] 1 test from HvfIntelProbe
[ RUN      ] HvfIntelProbe.FiniteDeadline
INTEL_PROBE phase=executor_initialization
INTEL_PROBE phase=startup_probe
INTEL_PROBE phase=prepare_with_watchdog
INTEL_PROBE begin=finite_loop call=1 deadline=1023066449281 rip=65537 nonce=1023058756404 witness=0
INTEL_PROBE end=finite_loop call=1 status=0 mach_before=1023061494435 mach_after=1023068063842
INTEL_PROBE capture=finite_loop call=1 exec_before=1645653 exec_after=8059638 reason_before=37 reason=52 rip_before=65537 rip=65540 rax=1023058756404 nonce=1023058756404 witness=1023058756404
INTEL_PROBE phase=prepare_with_watchdog
INTEL_PROBE begin=expired_mtf call=2 deadline=0 rip=65543 nonce=1023068215991 witness=0
INTEL_PROBE end=expired_mtf call=2 status=0 mach_before=1023070211196 mach_after=1023070277988
INTEL_PROBE capture=expired_mtf call=2 exec_before=8628834 exec_after=8691494 reason_before=37 reason=52 rip_before=65543 rip=65543 rax=1023068215991 nonce=1023068215991 witness=0
INTEL_PROBE phase=prepare_with_watchdog
INTEL_PROBE begin=finite_mtf call=3 deadline=1023076826159 rip=65543 nonce=1023070366889 witness=0
INTEL_PROBE end=finite_mtf call=3 status=0 mach_before=1023071862791 mach_after=1023072670402
INTEL_PROBE capture=finite_mtf call=3 exec_before=9197221 exec_after=9826347 reason_before=37 reason=37 rip_before=65543 rip=65546 rax=1023070366890 nonce=1023070366889 witness=0
INTEL_PROBE phase=verified_retry
INTEL_PROBE phase=prepare_with_watchdog
INTEL_PROBE phase=finite_retirement
[       OK ] HvfIntelProbe.FiniteDeadline (33 ms)
[----------] 1 test from HvfIntelProbe (33 ms total)

[==========] 1 test from 1 test suite ran. (33 ms total)
[  PASSED  ] 1 test.

Repeating all tests (iteration 38) . . .

Note: Google Test filter = HvfIntelProbe.FiniteDeadline
[==========] Running 1 test from 1 test suite.
[----------] 1 test from HvfIntelProbe
[ RUN      ] HvfIntelProbe.FiniteDeadline
INTEL_PROBE phase=executor_initialization
INTEL_PROBE phase=startup_probe
INTEL_PROBE phase=prepare_with_watchdog
INTEL_PROBE begin=finite_loop call=1 deadline=1023092258944 rip=65537 nonce=1023085933693 witness=0
INTEL_PROBE end=finite_loop call=1 status=0 mach_before=1023087289681 mach_after=1023092373725
INTEL_PROBE capture=finite_loop call=1 exec_before=1389049 exec_after=6293326 reason_before=37 reason=52 rip_before=65537 rip=65540 rax=1023085933693 nonce=1023085933693 witness=1023085933693
INTEL_PROBE phase=prepare_with_watchdog
INTEL_PROBE begin=expired_mtf call=2 deadline=0 rip=65543 nonce=1023092533234 witness=0
INTEL_PROBE end=expired_mtf call=2 status=0 mach_before=1023094521287 mach_after=1023094578457
INTEL_PROBE capture=expired_mtf call=2 exec_before=6780230 exec_after=6834059 reason_before=37 reason=52 rip_before=65543 rip=65543 rax=1023092533234 nonce=1023092533234 witness=0
INTEL_PROBE phase=prepare_with_watchdog
INTEL_PROBE begin=finite_mtf call=3 deadline=1023101032362 rip=65543 nonce=1023094656199 witness=0
INTEL_PROBE end=finite_mtf call=3 status=0 mach_before=1023096057108 mach_after=1023096647857
INTEL_PROBE capture=finite_mtf call=3 exec_before=7303525 exec_after=7757514 reason_before=37 reason=37 rip_before=65543 rip=65546 rax=1023094656200 nonce=1023094656199 witness=0
INTEL_PROBE phase=verified_retry
INTEL_PROBE phase=prepare_with_watchdog
INTEL_PROBE phase=finite_retirement
[       OK ] HvfIntelProbe.FiniteDeadline (23 ms)
[----------] 1 test from HvfIntelProbe (23 ms total)

[==========] 1 test from 1 test suite ran. (23 ms total)
[  PASSED  ] 1 test.

Repeating all tests (iteration 39) . . .

Note: Google Test filter = HvfIntelProbe.FiniteDeadline
[==========] Running 1 test from 1 test suite.
[----------] 1 test from HvfIntelProbe
[ RUN      ] HvfIntelProbe.FiniteDeadline
INTEL_PROBE phase=executor_initialization
INTEL_PROBE phase=startup_probe
INTEL_PROBE phase=prepare_with_watchdog
INTEL_PROBE begin=finite_loop call=1 deadline=1023117504260 rip=65537 nonce=1023110943502 witness=0
INTEL_PROBE end=finite_loop call=1 status=0 mach_before=1023112535378 mach_after=1023117576909
INTEL_PROBE capture=finite_loop call=1 exec_before=1789250 exec_after=6582012 reason_before=37 reason=52 rip_before=65537 rip=65540 rax=1023110943502 nonce=1023110943502 witness=1023110943502
INTEL_PROBE phase=prepare_with_watchdog
INTEL_PROBE begin=expired_mtf call=2 deadline=0 rip=65543 nonce=1023118348408 witness=0
INTEL_PROBE end=expired_mtf call=2 status=0 mach_before=1023120540280 mach_after=1023120659889
INTEL_PROBE capture=expired_mtf call=2 exec_before=7198087 exec_after=7278148 reason_before=37 reason=52 rip_before=65543 rip=65543 rax=1023118348408 nonce=1023118348408 witness=0
INTEL_PROBE phase=prepare_with_watchdog
INTEL_PROBE begin=finite_mtf call=3 deadline=1023127313674 rip=65543 nonce=1023120779453 witness=0
INTEL_PROBE end=finite_mtf call=3 status=0 mach_before=1023122346200 mach_after=1023123072949
INTEL_PROBE capture=finite_mtf call=3 exec_before=7842409 exec_after=8364215 reason_before=37 reason=37 rip_before=65543 rip=65546 rax=1023120779454 nonce=1023120779453 witness=0
INTEL_PROBE phase=verified_retry
INTEL_PROBE phase=prepare_with_watchdog
INTEL_PROBE phase=finite_retirement
[       OK ] HvfIntelProbe.FiniteDeadline (26 ms)
[----------] 1 test from HvfIntelProbe (26 ms total)

[==========] 1 test from 1 test suite ran. (26 ms total)
[  PASSED  ] 1 test.

Repeating all tests (iteration 40) . . .

Note: Google Test filter = HvfIntelProbe.FiniteDeadline
[==========] Running 1 test from 1 test suite.
[----------] 1 test from HvfIntelProbe
[ RUN      ] HvfIntelProbe.FiniteDeadline
INTEL_PROBE phase=executor_initialization
INTEL_PROBE phase=startup_probe
INTEL_PROBE phase=prepare_with_watchdog
INTEL_PROBE begin=finite_loop call=1 deadline=1023144192161 rip=65537 nonce=1023137820736 witness=0
INTEL_PROBE end=finite_loop call=1 status=0 mach_before=1023139230455 mach_after=1023144341474
INTEL_PROBE capture=finite_loop call=1 exec_before=1610569 exec_after=6507295 reason_before=37 reason=52 rip_before=65537 rip=65540 rax=1023137820736 nonce=1023137820736 witness=1023137820736
INTEL_PROBE phase=prepare_with_watchdog
INTEL_PROBE begin=expired_mtf call=2 deadline=0 rip=65543 nonce=1023144523003 witness=0
INTEL_PROBE end=expired_mtf call=2 status=0 mach_before=1023146410861 mach_after=1023146481925
INTEL_PROBE capture=expired_mtf call=2 exec_before=7011872 exec_after=7078521 reason_before=37 reason=52 rip_before=65543 rip=65543 rax=1023144523003 nonce=1023144523003 witness=0
INTEL_PROBE phase=prepare_with_watchdog
INTEL_PROBE begin=finite_mtf call=3 deadline=1023153030362 rip=65543 nonce=1023146632520 witness=0
INTEL_PROBE end=finite_mtf call=3 status=0 mach_before=1023148060131 mach_after=1023148779961
INTEL_PROBE capture=finite_mtf call=3 exec_before=7614695 exec_after=8163498 reason_before=37 reason=37 rip_before=65543 rip=65546 rax=1023146632521 nonce=1023146632520 witness=0
INTEL_PROBE phase=verified_retry
INTEL_PROBE phase=prepare_with_watchdog
INTEL_PROBE phase=finite_retirement
[       OK ] HvfIntelProbe.FiniteDeadline (25 ms)
[----------] 1 test from HvfIntelProbe (25 ms total)

[==========] 1 test from 1 test suite ran. (25 ms total)
[  PASSED  ] 1 test.

Repeating all tests (iteration 41) . . .

Note: Google Test filter = HvfIntelProbe.FiniteDeadline
[==========] Running 1 test from 1 test suite.
[----------] 1 test from HvfIntelProbe
[ RUN      ] HvfIntelProbe.FiniteDeadline
INTEL_PROBE phase=executor_initialization
INTEL_PROBE phase=startup_probe
INTEL_PROBE phase=prepare_with_watchdog
INTEL_PROBE begin=finite_loop call=1 deadline=1023170941928 rip=65537 nonce=1023164451674 witness=0
INTEL_PROBE end=finite_loop call=1 status=0 mach_before=1023165983755 mach_after=1023171018305
INTEL_PROBE capture=finite_loop call=1 exec_before=3019930 exec_after=7824610 reason_before=37 reason=52 rip_before=65537 rip=65540 rax=1023164451674 nonce=1023164451674 witness=1023164451674
INTEL_PROBE phase=prepare_with_watchdog
INTEL_PROBE begin=expired_mtf call=2 deadline=0 rip=65543 nonce=1023171184558 witness=0
INTEL_PROBE end=expired_mtf call=2 status=0 mach_before=1023173438840 mach_after=1023173629831
INTEL_PROBE capture=expired_mtf call=2 exec_before=8397436 exec_after=8549313 reason_before=37 reason=52 rip_before=65543 rip=65543 rax=1023171184558 nonce=1023171184558 witness=0
INTEL_PROBE phase=prepare_with_watchdog
INTEL_PROBE begin=finite_mtf call=3 deadline=1023180297237 rip=65543 nonce=1023173754664 witness=0
INTEL_PROBE end=finite_mtf call=3 status=0 mach_before=1023175337648 mach_after=1023176226163
INTEL_PROBE capture=finite_mtf call=3 exec_before=9098575 exec_after=9762921 reason_before=37 reason=37 rip_before=65543 rip=65546 rax=1023173754665 nonce=1023173754664 witness=0
INTEL_PROBE phase=verified_retry
INTEL_PROBE phase=prepare_with_watchdog
INTEL_PROBE phase=finite_retirement
[       OK ] HvfIntelProbe.FiniteDeadline (27 ms)
[----------] 1 test from HvfIntelProbe (27 ms total)

[==========] 1 test from 1 test suite ran. (27 ms total)
[  PASSED  ] 1 test.

Repeating all tests (iteration 42) . . .

Note: Google Test filter = HvfIntelProbe.FiniteDeadline
[==========] Running 1 test from 1 test suite.
[----------] 1 test from HvfIntelProbe
[ RUN      ] HvfIntelProbe.FiniteDeadline
INTEL_PROBE phase=executor_initialization
INTEL_PROBE phase=startup_probe
INTEL_PROBE phase=prepare_with_watchdog
INTEL_PROBE begin=finite_loop call=1 deadline=1023196573790 rip=65537 nonce=1023190131480 witness=0
INTEL_PROBE end=finite_loop call=1 status=0 mach_before=1023191617117 mach_after=1023196695390
INTEL_PROBE capture=finite_loop call=1 exec_before=1620356 exec_after=6504942 reason_before=37 reason=52 rip_before=65537 rip=65540 rax=1023190131480 nonce=1023190131480 witness=1023190131480
INTEL_PROBE phase=prepare_with_watchdog
INTEL_PROBE begin=expired_mtf call=2 deadline=0 rip=65543 nonce=1023196893499 witness=0
INTEL_PROBE end=expired_mtf call=2 status=0 mach_before=1023199024734 mach_after=1023199101206
INTEL_PROBE capture=expired_mtf call=2 exec_before=7059202 exec_after=7131673 reason_before=37 reason=52 rip_before=65543 rip=65543 rax=1023196893499 nonce=1023196893499 witness=0
INTEL_PROBE phase=prepare_with_watchdog
INTEL_PROBE begin=finite_mtf call=3 deadline=1023205825994 rip=65543 nonce=1023199217370 witness=0
INTEL_PROBE end=finite_mtf call=3 status=0 mach_before=1023200857205 mach_after=1023201504502
INTEL_PROBE capture=finite_mtf call=3 exec_before=7720654 exec_after=8217393 reason_before=37 reason=37 rip_before=65543 rip=65546 rax=1023199217371 nonce=1023199217370 witness=0
INTEL_PROBE phase=verified_retry
INTEL_PROBE phase=prepare_with_watchdog
INTEL_PROBE phase=finite_retirement
[       OK ] HvfIntelProbe.FiniteDeadline (24 ms)
[----------] 1 test from HvfIntelProbe (24 ms total)

[==========] 1 test from 1 test suite ran. (24 ms total)
[  PASSED  ] 1 test.

Repeating all tests (iteration 43) . . .

Note: Google Test filter = HvfIntelProbe.FiniteDeadline
[==========] Running 1 test from 1 test suite.
[----------] 1 test from HvfIntelProbe
[ RUN      ] HvfIntelProbe.FiniteDeadline
INTEL_PROBE phase=executor_initialization
INTEL_PROBE phase=startup_probe
INTEL_PROBE phase=prepare_with_watchdog
INTEL_PROBE begin=finite_loop call=1 deadline=1023222639042 rip=65537 nonce=1023215875652 witness=0
INTEL_PROBE end=finite_loop call=1 status=0 mach_before=1023217670531 mach_after=1023228994304
INTEL_PROBE capture=finite_loop call=1 exec_before=2048363 exec_after=13184582 reason_before=37 reason=52 rip_before=65537 rip=65540 rax=1023215875652 nonce=1023215875652 witness=1023215875652
INTEL_PROBE phase=prepare_with_watchdog
INTEL_PROBE begin=expired_mtf call=2 deadline=0 rip=65543 nonce=1023229119558 witness=0
INTEL_PROBE end=expired_mtf call=2 status=0 mach_before=1023231476712 mach_after=1023231588737
INTEL_PROBE capture=expired_mtf call=2 exec_before=13748127 exec_after=13854592 reason_before=37 reason=52 rip_before=65543 rip=65543 rax=1023229119558 nonce=1023229119558 witness=0
INTEL_PROBE phase=prepare_with_watchdog
INTEL_PROBE begin=finite_mtf call=3 deadline=1023238848765 rip=65543 nonce=1023231721376 witness=0
INTEL_PROBE end=finite_mtf call=3 status=0 mach_before=1023237986835 mach_after=1023238922284
INTEL_PROBE capture=finite_mtf call=3 exec_before=14554655 exec_after=15281601 reason_before=37 reason=37 rip_before=65543 rip=65546 rax=1023231721377 nonce=1023231721376 witness=0
INTEL_PROBE phase=verified_retry
INTEL_PROBE phase=prepare_with_watchdog
INTEL_PROBE phase=finite_retirement
[       OK ] HvfIntelProbe.FiniteDeadline (68 ms)
[----------] 1 test from HvfIntelProbe (69 ms total)

[==========] 1 test from 1 test suite ran. (76 ms total)
[  PASSED  ] 1 test.

Repeating all tests (iteration 44) . . .

Note: Google Test filter = HvfIntelProbe.FiniteDeadline
[==========] Running 1 test from 1 test suite.
[----------] 1 test from HvfIntelProbe
[ RUN      ] HvfIntelProbe.FiniteDeadline
INTEL_PROBE phase=executor_initialization
INTEL_PROBE phase=startup_probe
INTEL_PROBE phase=prepare_with_watchdog
INTEL_PROBE begin=finite_loop call=1 deadline=1023314661880 rip=65537 nonce=1023308006016 witness=0
INTEL_PROBE end=finite_loop call=1 status=0 mach_before=1023309713326 mach_after=1023314770181
INTEL_PROBE capture=finite_loop call=1 exec_before=2036624 exec_after=6935759 reason_before=37 reason=52 rip_before=65537 rip=65540 rax=1023308006016 nonce=1023308006016 witness=1023308006016
INTEL_PROBE phase=prepare_with_watchdog
INTEL_PROBE begin=expired_mtf call=2 deadline=0 rip=65543 nonce=1023315002299 witness=0
INTEL_PROBE end=expired_mtf call=2 status=0 mach_before=1023317664425 mach_after=1023317742788
INTEL_PROBE capture=expired_mtf call=2 exec_before=7386222 exec_after=7459583 reason_before=37 reason=52 rip_before=65543 rip=65543 rax=1023315002299 nonce=1023315002299 witness=0
INTEL_PROBE phase=prepare_with_watchdog
INTEL_PROBE begin=finite_mtf call=3 deadline=1023324627146 rip=65543 nonce=1023317846214 witness=0
INTEL_PROBE end=finite_mtf call=3 status=0 mach_before=1023319687692 mach_after=1023320497021
INTEL_PROBE capture=finite_mtf call=3 exec_before=8041439 exec_after=8657984 reason_before=37 reason=37 rip_before=65543 rip=65546 rax=1023317846215 nonce=1023317846214 witness=0
INTEL_PROBE phase=verified_retry
INTEL_PROBE phase=prepare_with_watchdog
INTEL_PROBE phase=finite_retirement
[       OK ] HvfIntelProbe.FiniteDeadline (42 ms)
[----------] 1 test from HvfIntelProbe (42 ms total)

[==========] 1 test from 1 test suite ran. (42 ms total)
[  PASSED  ] 1 test.

Repeating all tests (iteration 45) . . .

Note: Google Test filter = HvfIntelProbe.FiniteDeadline
[==========] Running 1 test from 1 test suite.
[----------] 1 test from HvfIntelProbe
[ RUN      ] HvfIntelProbe.FiniteDeadline
INTEL_PROBE phase=executor_initialization
INTEL_PROBE phase=startup_probe
INTEL_PROBE phase=prepare_with_watchdog
INTEL_PROBE begin=finite_loop call=1 deadline=1023342507986 rip=65537 nonce=1023335793761 witness=0
INTEL_PROBE end=finite_loop call=1 status=0 mach_before=1023337553317 mach_after=1023344475057
INTEL_PROBE capture=finite_loop call=1 exec_before=1522951 exec_after=8259909 reason_before=37 reason=52 rip_before=65537 rip=65540 rax=1023335793761 nonce=1023335793761 witness=1023335793761
INTEL_PROBE phase=prepare_with_watchdog
INTEL_PROBE begin=expired_mtf call=2 deadline=0 rip=65543 nonce=1023344639064 witness=0
INTEL_PROBE end=expired_mtf call=2 status=0 mach_before=1023346917932 mach_after=1023347006543
INTEL_PROBE capture=expired_mtf call=2 exec_before=8847686 exec_after=8932260 reason_before=37 reason=52 rip_before=65543 rip=65543 rax=1023344639064 nonce=1023344639064 witness=0
INTEL_PROBE phase=prepare_with_watchdog
INTEL_PROBE begin=finite_mtf call=3 deadline=1023354006040 rip=65543 nonce=1023347150357 witness=0
INTEL_PROBE end=finite_mtf call=3 status=0 mach_before=1023349048374 mach_after=1023350381899
INTEL_PROBE capture=finite_mtf call=3 exec_before=9519198 exec_after=10209996 reason_before=37 reason=37 rip_before=65543 rip=65546 rax=1023347150358 nonce=1023347150357 witness=0
INTEL_PROBE phase=verified_retry
INTEL_PROBE phase=prepare_with_watchdog
INTEL_PROBE phase=finite_retirement
[       OK ] HvfIntelProbe.FiniteDeadline (29 ms)
[----------] 1 test from HvfIntelProbe (29 ms total)

[==========] 1 test from 1 test suite ran. (29 ms total)
[  PASSED  ] 1 test.

Repeating all tests (iteration 46) . . .

Note: Google Test filter = HvfIntelProbe.FiniteDeadline
[==========] Running 1 test from 1 test suite.
[----------] 1 test from HvfIntelProbe
[ RUN      ] HvfIntelProbe.FiniteDeadline
INTEL_PROBE phase=executor_initialization
INTEL_PROBE phase=startup_probe
INTEL_PROBE phase=prepare_with_watchdog
INTEL_PROBE begin=finite_loop call=1 deadline=1023374668629 rip=65537 nonce=1023366080700 witness=0
INTEL_PROBE end=finite_loop call=1 status=0 mach_before=1023369746628 mach_after=1023371699554
INTEL_PROBE capture=finite_loop call=1 exec_before=1680434 exec_after=3403029 reason_before=37 reason=1 rip_before=65537 rip=65540 rax=1023366080700 nonce=1023366080700 witness=1023366080700
INTEL_PROBE begin=finite_loop call=2 deadline=1023374668629 rip=65540 nonce=1023366080700 witness=1023366080700
INTEL_PROBE end=finite_loop call=2 status=0 mach_before=1023371777416 mach_after=1023372837553
INTEL_PROBE capture=finite_loop call=2 exec_before=3403029 exec_after=4342153 reason_before=1 reason=1 rip_before=65540 rip=65540 rax=1023366080700 nonce=1023366080700 witness=1023366080700
INTEL_PROBE begin=finite_loop call=3 deadline=1023374668629 rip=65540 nonce=1023366080700 witness=1023366080700
INTEL_PROBE end=finite_loop call=3 status=0 mach_before=1023372890787 mach_after=1023374214879
INTEL_PROBE capture=finite_loop call=3 exec_before=4342153 exec_after=5583482 reason_before=1 reason=1 rip_before=65540 rip=65540 rax=1023366080700 nonce=1023366080700 witness=1023366080700
INTEL_PROBE begin=finite_loop call=4 deadline=1023374668629 rip=65540 nonce=1023366080700 witness=1023366080700
INTEL_PROBE end=finite_loop call=4 status=0 mach_before=1023374262025 mach_after=1023375328289
INTEL_PROBE capture=finite_loop call=4 exec_before=5583482 exec_after=6644184 reason_before=1 reason=52 rip_before=65540 rip=65540 rax=1023366080700 nonce=1023366080700 witness=1023366080700
INTEL_PROBE phase=prepare_with_watchdog
INTEL_PROBE begin=expired_mtf call=5 deadline=0 rip=65543 nonce=1023375425441 witness=0
INTEL_PROBE end=expired_mtf call=5 status=0 mach_before=1023377613923 mach_after=1023377767787
INTEL_PROBE capture=expired_mtf call=5 exec_before=7118760 exec_after=7258742 reason_before=37 reason=52 rip_before=65543 rip=65543 rax=1023375425441 nonce=1023375425441 witness=0
INTEL_PROBE phase=prepare_with_watchdog
INTEL_PROBE begin=finite_mtf call=6 deadline=1023384695497 rip=65543 nonce=1023377876636 witness=0
INTEL_PROBE end=finite_mtf call=6 status=0 mach_before=1023379727224 mach_after=1023380569057
INTEL_PROBE capture=finite_mtf call=6 exec_before=7844138 exec_after=8506071 reason_before=37 reason=37 rip_before=65543 rip=65546 rax=1023377876637 nonce=1023377876636 witness=0
INTEL_PROBE phase=verified_retry
INTEL_PROBE phase=prepare_with_watchdog
INTEL_PROBE phase=finite_retirement
[       OK ] HvfIntelProbe.FiniteDeadline (30 ms)
[----------] 1 test from HvfIntelProbe (30 ms total)

[==========] 1 test from 1 test suite ran. (30 ms total)
[  PASSED  ] 1 test.

Repeating all tests (iteration 47) . . .

Note: Google Test filter = HvfIntelProbe.FiniteDeadline
[==========] Running 1 test from 1 test suite.
[----------] 1 test from HvfIntelProbe
[ RUN      ] HvfIntelProbe.FiniteDeadline
INTEL_PROBE phase=executor_initialization
INTEL_PROBE phase=startup_probe
INTEL_PROBE phase=prepare_with_watchdog
INTEL_PROBE begin=finite_loop call=1 deadline=1023404725557 rip=65537 nonce=1023397969694 witness=0
INTEL_PROBE end=finite_loop call=1 status=0 mach_before=1023399781691 mach_after=1023407319365
INTEL_PROBE capture=finite_loop call=1 exec_before=2310213 exec_after=9653997 reason_before=37 reason=52 rip_before=65537 rip=65540 rax=1023397969694 nonce=1023397969694 witness=1023397969694
INTEL_PROBE phase=prepare_with_watchdog
INTEL_PROBE begin=expired_mtf call=2 deadline=0 rip=65543 nonce=1023407465610 witness=0
INTEL_PROBE end=expired_mtf call=2 status=0 mach_before=1023409886634 mach_after=1023409948092
INTEL_PROBE capture=expired_mtf call=2 exec_before=10296293 exec_after=10354052 reason_before=37 reason=52 rip_before=65543 rip=65543 rax=1023407465610 nonce=1023407465610 witness=0
INTEL_PROBE phase=prepare_with_watchdog
INTEL_PROBE begin=finite_mtf call=3 deadline=1023416432199 rip=65543 nonce=1023410036343 witness=0
INTEL_PROBE end=finite_mtf call=3 status=0 mach_before=1023411481131 mach_after=1023412238196
INTEL_PROBE capture=finite_mtf call=3 exec_before=10825365 exec_after=11433715 reason_before=37 reason=37 rip_before=65543 rip=65546 rax=1023410036344 nonce=1023410036343 witness=0
INTEL_PROBE phase=verified_retry
INTEL_PROBE phase=prepare_with_watchdog
INTEL_PROBE phase=finite_retirement
[       OK ] HvfIntelProbe.FiniteDeadline (31 ms)
[----------] 1 test from HvfIntelProbe (31 ms total)

[==========] 1 test from 1 test suite ran. (31 ms total)
[  PASSED  ] 1 test.

Repeating all tests (iteration 48) . . .

Note: Google Test filter = HvfIntelProbe.FiniteDeadline
[==========] Running 1 test from 1 test suite.
[----------] 1 test from HvfIntelProbe
[ RUN      ] HvfIntelProbe.FiniteDeadline
INTEL_PROBE phase=executor_initialization
INTEL_PROBE phase=startup_probe
INTEL_PROBE phase=prepare_with_watchdog
INTEL_PROBE begin=finite_loop call=1 deadline=1023436048958 rip=65537 nonce=1023428975513 witness=0
INTEL_PROBE end=finite_loop call=1 status=0 mach_before=1023431128577 mach_after=1023436312183
INTEL_PROBE capture=finite_loop call=1 exec_before=1899628 exec_after=6806098 reason_before=37 reason=52 rip_before=65537 rip=65540 rax=1023428975513 nonce=1023428975513 witness=1023428975513
INTEL_PROBE phase=prepare_with_watchdog
INTEL_PROBE begin=expired_mtf call=2 deadline=0 rip=65543 nonce=1023436471763 witness=0
INTEL_PROBE end=expired_mtf call=2 status=0 mach_before=1023438556579 mach_after=1023438634169
INTEL_PROBE capture=expired_mtf call=2 exec_before=7394552 exec_after=7467544 reason_before=37 reason=52 rip_before=65543 rip=65543 rax=1023436471763 nonce=1023436471763 witness=0
INTEL_PROBE phase=prepare_with_watchdog
INTEL_PROBE begin=finite_mtf call=3 deadline=1023445253658 rip=65543 nonce=1023438758508 witness=0
INTEL_PROBE end=finite_mtf call=3 status=0 mach_before=1023440296794 mach_after=1023441081828
INTEL_PROBE capture=finite_mtf call=3 exec_before=8055588 exec_after=8681722 reason_before=37 reason=37 rip_before=65543 rip=65546 rax=1023438758509 nonce=1023438758508 witness=0
INTEL_PROBE phase=verified_retry
INTEL_PROBE phase=prepare_with_watchdog
INTEL_PROBE phase=finite_retirement
[       OK ] HvfIntelProbe.FiniteDeadline (28 ms)
[----------] 1 test from HvfIntelProbe (28 ms total)

[==========] 1 test from 1 test suite ran. (28 ms total)
[  PASSED  ] 1 test.

Repeating all tests (iteration 49) . . .

Note: Google Test filter = HvfIntelProbe.FiniteDeadline
[==========] Running 1 test from 1 test suite.
[----------] 1 test from HvfIntelProbe
[ RUN      ] HvfIntelProbe.FiniteDeadline
INTEL_PROBE phase=executor_initialization
INTEL_PROBE phase=startup_probe
INTEL_PROBE phase=prepare_with_watchdog
INTEL_PROBE begin=finite_loop call=1 deadline=1023463299983 rip=65537 nonce=1023456545267 witness=0
INTEL_PROBE end=finite_loop call=1 status=0 mach_before=1023458355497 mach_after=1023466560914
INTEL_PROBE capture=finite_loop call=1 exec_before=2356701 exec_after=10215267 reason_before=37 reason=52 rip_before=65537 rip=65540 rax=1023456545267 nonce=1023456545267 witness=1023456545267
INTEL_PROBE phase=prepare_with_watchdog
INTEL_PROBE begin=expired_mtf call=2 deadline=0 rip=65543 nonce=1023466734299 witness=0
INTEL_PROBE end=expired_mtf call=2 status=0 mach_before=1023469494455 mach_after=1023469569197
INTEL_PROBE capture=expired_mtf call=2 exec_before=10951684 exec_after=11022589 reason_before=37 reason=52 rip_before=65543 rip=65543 rax=1023466734299 nonce=1023466734299 witness=0
INTEL_PROBE phase=prepare_with_watchdog
INTEL_PROBE begin=finite_mtf call=3 deadline=1023476318274 rip=65543 nonce=1023469665643 witness=0
INTEL_PROBE end=finite_mtf call=3 status=0 mach_before=1023471362143 mach_after=1023472166870
INTEL_PROBE capture=finite_mtf call=3 exec_before=11662320 exec_after=12281302 reason_before=37 reason=37 rip_before=65543 rip=65546 rax=1023469665644 nonce=1023469665643 witness=0
INTEL_PROBE phase=verified_retry
INTEL_PROBE phase=prepare_with_watchdog
INTEL_PROBE phase=finite_retirement
[       OK ] HvfIntelProbe.FiniteDeadline (30 ms)
[----------] 1 test from HvfIntelProbe (30 ms total)

[==========] 1 test from 1 test suite ran. (30 ms total)
[  PASSED  ] 1 test.

Repeating all tests (iteration 50) . . .

Note: Google Test filter = HvfIntelProbe.FiniteDeadline
[==========] Running 1 test from 1 test suite.
[----------] 1 test from HvfIntelProbe
[ RUN      ] HvfIntelProbe.FiniteDeadline
INTEL_PROBE phase=executor_initialization
INTEL_PROBE phase=startup_probe
INTEL_PROBE phase=prepare_with_watchdog
INTEL_PROBE begin=finite_loop call=1 deadline=1023493895202 rip=65537 nonce=1023487225865 witness=0
INTEL_PROBE end=finite_loop call=1 status=0 mach_before=1023488932952 mach_after=1023498920378
INTEL_PROBE capture=finite_loop call=1 exec_before=1902996 exec_after=11690537 reason_before=37 reason=52 rip_before=65537 rip=65540 rax=1023487225865 nonce=1023487225865 witness=1023487225865
INTEL_PROBE phase=prepare_with_watchdog
INTEL_PROBE begin=expired_mtf call=2 deadline=0 rip=65543 nonce=1023499042623 witness=0
INTEL_PROBE end=expired_mtf call=2 status=0 mach_before=1023501419678 mach_after=1023501496714
INTEL_PROBE capture=expired_mtf call=2 exec_before=12357407 exec_after=12430355 reason_before=37 reason=52 rip_before=65543 rip=65543 rax=1023499042623 nonce=1023499042623 witness=0
INTEL_PROBE phase=prepare_with_watchdog
INTEL_PROBE begin=finite_mtf call=3 deadline=1023508373164 rip=65543 nonce=1023501610178 witness=0
INTEL_PROBE end=finite_mtf call=3 status=0 mach_before=1023503427516 mach_after=1023504043963
INTEL_PROBE capture=finite_mtf call=3 exec_before=13085171 exec_after=13578118 reason_before=37 reason=37 rip_before=65543 rip=65546 rax=1023501610179 nonce=1023501610178 witness=0
INTEL_PROBE phase=verified_retry
INTEL_PROBE phase=prepare_with_watchdog
INTEL_PROBE phase=finite_retirement
[       OK ] HvfIntelProbe.FiniteDeadline (31 ms)
[----------] 1 test from HvfIntelProbe (31 ms total)

[==========] 1 test from 1 test suite ran. (31 ms total)
[  PASSED  ] 1 test.

Repeating all tests (iteration 51) . . .

Note: Google Test filter = HvfIntelProbe.FiniteDeadline
[==========] Running 1 test from 1 test suite.
[----------] 1 test from HvfIntelProbe
[ RUN      ] HvfIntelProbe.FiniteDeadline
INTEL_PROBE phase=executor_initialization
INTEL_PROBE phase=startup_probe
INTEL_PROBE phase=prepare_with_watchdog
INTEL_PROBE begin=finite_loop call=1 deadline=1023524484954 rip=65537 nonce=1023518065608 witness=0
INTEL_PROBE end=finite_loop call=1 status=0 mach_before=1023519528608 mach_after=1023527494117
INTEL_PROBE capture=finite_loop call=1 exec_before=2629702 exec_after=10233599 reason_before=37 reason=52 rip_before=65537 rip=65540 rax=1023518065608 nonce=1023518065608 witness=1023518065608
INTEL_PROBE phase=prepare_with_watchdog
INTEL_PROBE begin=expired_mtf call=2 deadline=0 rip=65543 nonce=1023527602880 witness=0
INTEL_PROBE end=expired_mtf call=2 status=0 mach_before=1023529930569 mach_after=1023530065145
INTEL_PROBE capture=expired_mtf call=2 exec_before=10774106 exec_after=10902413 reason_before=37 reason=52 rip_before=65543 rip=65543 rax=1023527602880 nonce=1023527602880 witness=0
INTEL_PROBE phase=prepare_with_watchdog
INTEL_PROBE begin=finite_mtf call=3 deadline=1023536955576 rip=65543 nonce=1023530186043 witness=0
INTEL_PROBE end=finite_mtf call=3 status=0 mach_before=1023532006251 mach_after=1023532790455
INTEL_PROBE capture=finite_mtf call=3 exec_before=11526117 exec_after=12155272 reason_before=37 reason=37 rip_before=65543 rip=65546 rax=1023530186044 nonce=1023530186043 witness=0
INTEL_PROBE phase=verified_retry
INTEL_PROBE phase=prepare_with_watchdog
INTEL_PROBE phase=finite_retirement
[       OK ] HvfIntelProbe.FiniteDeadline (28 ms)
[----------] 1 test from HvfIntelProbe (28 ms total)

[==========] 1 test from 1 test suite ran. (28 ms total)
[  PASSED  ] 1 test.

Repeating all tests (iteration 52) . . .

Note: Google Test filter = HvfIntelProbe.FiniteDeadline
[==========] Running 1 test from 1 test suite.
[----------] 1 test from HvfIntelProbe
[ RUN      ] HvfIntelProbe.FiniteDeadline
INTEL_PROBE phase=executor_initialization
INTEL_PROBE phase=startup_probe
INTEL_PROBE phase=prepare_with_watchdog
INTEL_PROBE begin=finite_loop call=1 deadline=1023555789951 rip=65537 nonce=1023549079485 witness=0
INTEL_PROBE end=finite_loop call=1 status=0 mach_before=1023550833147 mach_after=1023560520830
INTEL_PROBE capture=finite_loop call=1 exec_before=2464668 exec_after=11860927 reason_before=37 reason=1 rip_before=65537 rip=65540 rax=1023549079485 nonce=1023549079485 witness=1023549079485
INTEL_PROBE phase=prepare_with_watchdog
INTEL_PROBE begin=expired_mtf call=2 deadline=0 rip=65543 nonce=1023560671093 witness=0
INTEL_PROBE end=expired_mtf call=2 status=0 mach_before=1023562821357 mach_after=1023562935880
INTEL_PROBE capture=expired_mtf call=2 exec_before=12318162 exec_after=12426814 reason_before=37 reason=52 rip_before=65543 rip=65543 rax=1023560671093 nonce=1023560671093 witness=0
INTEL_PROBE phase=prepare_with_watchdog
INTEL_PROBE begin=finite_mtf call=3 deadline=1023569766324 rip=65543 nonce=1023563042184 witness=0
INTEL_PROBE end=finite_mtf call=3 status=0 mach_before=1023564812256 mach_after=1023565630086
INTEL_PROBE capture=finite_mtf call=3 exec_before=13049120 exec_after=13682228 reason_before=37 reason=37 rip_before=65543 rip=65546 rax=1023563042185 nonce=1023563042184 witness=0
INTEL_PROBE phase=verified_retry
INTEL_PROBE phase=prepare_with_watchdog
INTEL_PROBE phase=finite_retirement
[       OK ] HvfIntelProbe.FiniteDeadline (32 ms)
[----------] 1 test from HvfIntelProbe (32 ms total)

[==========] 1 test from 1 test suite ran. (32 ms total)
[  PASSED  ] 1 test.

Repeating all tests (iteration 53) . . .

Note: Google Test filter = HvfIntelProbe.FiniteDeadline
[==========] Running 1 test from 1 test suite.
[----------] 1 test from HvfIntelProbe
[ RUN      ] HvfIntelProbe.FiniteDeadline
INTEL_PROBE phase=executor_initialization
INTEL_PROBE phase=startup_probe
INTEL_PROBE phase=prepare_with_watchdog
INTEL_PROBE begin=finite_loop call=1 deadline=1023587429007 rip=65537 nonce=1023580915766 witness=0
INTEL_PROBE end=finite_loop call=1 status=0 mach_before=1023582479126 mach_after=1023590801317
INTEL_PROBE capture=finite_loop call=1 exec_before=2079015 exec_after=10091171 reason_before=37 reason=52 rip_before=65537 rip=65540 rax=1023580915766 nonce=1023580915766 witness=1023580915766
INTEL_PROBE phase=prepare_with_watchdog
INTEL_PROBE begin=expired_mtf call=2 deadline=0 rip=65543 nonce=1023590935541 witness=0
INTEL_PROBE end=expired_mtf call=2 status=0 mach_before=1023593239529 mach_after=1023593313622
INTEL_PROBE capture=expired_mtf call=2 exec_before=10673845 exec_after=10742737 reason_before=37 reason=52 rip_before=65543 rip=65543 rax=1023590935541 nonce=1023590935541 witness=0
INTEL_PROBE phase=prepare_with_watchdog
INTEL_PROBE begin=finite_mtf call=3 deadline=1023599842427 rip=65543 nonce=1023593418177 witness=0
INTEL_PROBE end=finite_mtf call=3 status=0 mach_before=1023594879989 mach_after=1023595671244
INTEL_PROBE capture=finite_mtf call=3 exec_before=11276642 exec_after=11886388 reason_before=37 reason=37 rip_before=65543 rip=65546 rax=1023593418178 nonce=1023593418177 witness=0
INTEL_PROBE phase=verified_retry
INTEL_PROBE phase=prepare_with_watchdog
INTEL_PROBE phase=finite_retirement
[       OK ] HvfIntelProbe.FiniteDeadline (30 ms)
[----------] 1 test from HvfIntelProbe (30 ms total)

[==========] 1 test from 1 test suite ran. (30 ms total)
[  PASSED  ] 1 test.

Repeating all tests (iteration 54) . . .

Note: Google Test filter = HvfIntelProbe.FiniteDeadline
[==========] Running 1 test from 1 test suite.
[----------] 1 test from HvfIntelProbe
[ RUN      ] HvfIntelProbe.FiniteDeadline
INTEL_PROBE phase=executor_initialization
INTEL_PROBE phase=startup_probe
INTEL_PROBE phase=prepare_with_watchdog
INTEL_PROBE begin=finite_loop call=1 deadline=1023619669639 rip=65537 nonce=1023612591844 witness=0
INTEL_PROBE end=finite_loop call=1 status=0 mach_before=1023614725830 mach_after=1023619785669
INTEL_PROBE capture=finite_loop call=1 exec_before=2446601 exec_after=7264947 reason_before=37 reason=52 rip_before=65537 rip=65540 rax=1023612591844 nonce=1023612591844 witness=1023612591844
INTEL_PROBE phase=prepare_with_watchdog
INTEL_PROBE begin=expired_mtf call=2 deadline=0 rip=65543 nonce=1023619909305 witness=0
INTEL_PROBE end=expired_mtf call=2 status=0 mach_before=1023622369789 mach_after=1023622472679
INTEL_PROBE capture=expired_mtf call=2 exec_before=7863730 exec_after=7961590 reason_before=37 reason=52 rip_before=65543 rip=65543 rax=1023619909305 nonce=1023619909305 witness=0
INTEL_PROBE phase=prepare_with_watchdog
INTEL_PROBE begin=finite_mtf call=3 deadline=1023629163141 rip=65543 nonce=1023622605167 witness=0
INTEL_PROBE end=finite_mtf call=3 status=0 mach_before=1023624209795 mach_after=1023625045877
INTEL_PROBE capture=finite_mtf call=3 exec_before=8559953 exec_after=9230366 reason_before=37 reason=37 rip_before=65543 rip=65546 rax=1023622605168 nonce=1023622605167 witness=0
INTEL_PROBE phase=verified_retry
INTEL_PROBE phase=prepare_with_watchdog
INTEL_PROBE phase=finite_retirement
[       OK ] HvfIntelProbe.FiniteDeadline (29 ms)
[----------] 1 test from HvfIntelProbe (29 ms total)

[==========] 1 test from 1 test suite ran. (29 ms total)
[  PASSED  ] 1 test.

Repeating all tests (iteration 55) . . .

Note: Google Test filter = HvfIntelProbe.FiniteDeadline
[==========] Running 1 test from 1 test suite.
[----------] 1 test from HvfIntelProbe
[ RUN      ] HvfIntelProbe.FiniteDeadline
INTEL_PROBE phase=executor_initialization
INTEL_PROBE phase=startup_probe
INTEL_PROBE phase=prepare_with_watchdog
INTEL_PROBE begin=finite_loop call=1 deadline=1023647240177 rip=65537 nonce=1023640625011 witness=0
INTEL_PROBE end=finite_loop call=1 status=0 mach_before=1023642286564 mach_after=1023647763721
INTEL_PROBE capture=finite_loop call=1 exec_before=1939074 exec_after=6983384 reason_before=37 reason=52 rip_before=65537 rip=65540 rax=1023640625011 nonce=1023640625011 witness=1023640625011
INTEL_PROBE phase=prepare_with_watchdog
INTEL_PROBE begin=expired_mtf call=2 deadline=0 rip=65543 nonce=1023647918858 witness=0
INTEL_PROBE end=expired_mtf call=2 status=0 mach_before=1023649983258 mach_after=1023650078872
INTEL_PROBE capture=expired_mtf call=2 exec_before=7461606 exec_after=7552588 reason_before=37 reason=52 rip_before=65543 rip=65543 rax=1023647918858 nonce=1023647918858 witness=0
INTEL_PROBE phase=prepare_with_watchdog
INTEL_PROBE begin=finite_mtf call=3 deadline=1023656624348 rip=65543 nonce=1023650164193 witness=0
INTEL_PROBE end=finite_mtf call=3 status=0 mach_before=1023651662356 mach_after=1023652385866
INTEL_PROBE capture=finite_mtf call=3 exec_before=8022443 exec_after=8568166 reason_before=37 reason=37 rip_before=65543 rip=65546 rax=1023650164194 nonce=1023650164193 witness=0
INTEL_PROBE phase=verified_retry
INTEL_PROBE phase=prepare_with_watchdog
INTEL_PROBE phase=finite_retirement
[       OK ] HvfIntelProbe.FiniteDeadline (26 ms)
[----------] 1 test from HvfIntelProbe (26 ms total)

[==========] 1 test from 1 test suite ran. (26 ms total)
[  PASSED  ] 1 test.

Repeating all tests (iteration 56) . . .

Note: Google Test filter = HvfIntelProbe.FiniteDeadline
[==========] Running 1 test from 1 test suite.
[----------] 1 test from HvfIntelProbe
[ RUN      ] HvfIntelProbe.FiniteDeadline
INTEL_PROBE phase=executor_initialization
INTEL_PROBE phase=startup_probe
INTEL_PROBE phase=prepare_with_watchdog
INTEL_PROBE begin=finite_loop call=1 deadline=1023674588320 rip=65537 nonce=1023667891363 witness=0
INTEL_PROBE end=finite_loop call=1 status=0 mach_before=1023669634208 mach_after=1023677088890
INTEL_PROBE capture=finite_loop call=1 exec_before=2006417 exec_after=9292489 reason_before=37 reason=52 rip_before=65537 rip=65540 rax=1023667891363 nonce=1023667891363 witness=1023667891363
INTEL_PROBE phase=prepare_with_watchdog
INTEL_PROBE begin=expired_mtf call=2 deadline=0 rip=65543 nonce=1023677203561 witness=0
INTEL_PROBE end=expired_mtf call=2 status=0 mach_before=1023679613940 mach_after=1023679734497
INTEL_PROBE capture=expired_mtf call=2 exec_before=9911981 exec_after=10026569 reason_before=37 reason=52 rip_before=65543 rip=65543 rax=1023677203561 nonce=1023677203561 witness=0
INTEL_PROBE phase=prepare_with_watchdog
INTEL_PROBE begin=finite_mtf call=3 deadline=1023686596323 rip=65543 nonce=1023679846361 witness=0
INTEL_PROBE end=finite_mtf call=3 status=0 mach_before=1023681641261 mach_after=1023682362559
INTEL_PROBE capture=finite_mtf call=3 exec_before=10646296 exec_after=11197315 reason_before=37 reason=37 rip_before=65543 rip=65546 rax=1023679846362 nonce=1023679846361 witness=0
INTEL_PROBE phase=verified_retry
INTEL_PROBE phase=prepare_with_watchdog
INTEL_PROBE phase=finite_retirement
[       OK ] HvfIntelProbe.FiniteDeadline (29 ms)
[----------] 1 test from HvfIntelProbe (29 ms total)

[==========] 1 test from 1 test suite ran. (29 ms total)
[  PASSED  ] 1 test.

Repeating all tests (iteration 57) . . .

Note: Google Test filter = HvfIntelProbe.FiniteDeadline
[==========] Running 1 test from 1 test suite.
[----------] 1 test from HvfIntelProbe
[ RUN      ] HvfIntelProbe.FiniteDeadline
INTEL_PROBE phase=executor_initialization
INTEL_PROBE phase=startup_probe
INTEL_PROBE phase=prepare_with_watchdog
INTEL_PROBE begin=finite_loop call=1 deadline=1023704571049 rip=65537 nonce=1023698003477 witness=0
INTEL_PROBE end=finite_loop call=1 status=0 mach_before=1023699609808 mach_after=1023704753075
INTEL_PROBE capture=finite_loop call=1 exec_before=2045438 exec_after=6966845 reason_before=37 reason=52 rip_before=65537 rip=65540 rax=1023698003477 nonce=1023698003477 witness=1023698003477
INTEL_PROBE phase=prepare_with_watchdog
INTEL_PROBE begin=expired_mtf call=2 deadline=0 rip=65543 nonce=1023704886938 witness=0
INTEL_PROBE end=expired_mtf call=2 status=0 mach_before=1023707137991 mach_after=1023707238917
INTEL_PROBE capture=expired_mtf call=2 exec_before=7554637 exec_after=7648515 reason_before=37 reason=52 rip_before=65543 rip=65543 rax=1023704886938 nonce=1023704886938 witness=0
INTEL_PROBE phase=prepare_with_watchdog
INTEL_PROBE begin=finite_mtf call=3 deadline=1023713911869 rip=65543 nonce=1023707367293 witness=0
INTEL_PROBE end=finite_mtf call=3 status=0 mach_before=1023708955296 mach_after=1023709813442
INTEL_PROBE capture=finite_mtf call=3 exec_before=8249146 exec_after=8905101 reason_before=37 reason=37 rip_before=65543 rip=65546 rax=1023707367294 nonce=1023707367293 witness=0
INTEL_PROBE phase=verified_retry
INTEL_PROBE phase=prepare_with_watchdog
INTEL_PROBE phase=finite_retirement
[       OK ] HvfIntelProbe.FiniteDeadline (27 ms)
[----------] 1 test from HvfIntelProbe (27 ms total)

[==========] 1 test from 1 test suite ran. (27 ms total)
[  PASSED  ] 1 test.

Repeating all tests (iteration 58) . . .

Note: Google Test filter = HvfIntelProbe.FiniteDeadline
[==========] Running 1 test from 1 test suite.
[----------] 1 test from HvfIntelProbe
[ RUN      ] HvfIntelProbe.FiniteDeadline
INTEL_PROBE phase=executor_initialization
INTEL_PROBE phase=startup_probe
INTEL_PROBE phase=prepare_with_watchdog
INTEL_PROBE begin=finite_loop call=1 deadline=1023732026850 rip=65537 nonce=1023725346808 witness=0
INTEL_PROBE end=finite_loop call=1 status=0 mach_before=1023727073818 mach_after=1023735327122
INTEL_PROBE capture=finite_loop call=1 exec_before=2190442 exec_after=10221762 reason_before=37 reason=52 rip_before=65537 rip=65540 rax=1023725346808 nonce=1023725346808 witness=1023725346808
INTEL_PROBE phase=prepare_with_watchdog
INTEL_PROBE begin=expired_mtf call=2 deadline=0 rip=65543 nonce=1023735464586 witness=0
INTEL_PROBE end=expired_mtf call=2 status=0 mach_before=1023737878019 mach_after=1023738032612
INTEL_PROBE capture=expired_mtf call=2 exec_before=10775698 exec_after=10925479 reason_before=37 reason=52 rip_before=65543 rip=65543 rax=1023735464586 nonce=1023735464586 witness=0
INTEL_PROBE phase=prepare_with_watchdog
INTEL_PROBE begin=finite_mtf call=3 deadline=1023744912414 rip=65543 nonce=1023738146073 witness=0
INTEL_PROBE end=finite_mtf call=3 status=0 mach_before=1023739949387 mach_after=1023740713693
INTEL_PROBE capture=finite_mtf call=3 exec_before=11620677 exec_after=12232470 reason_before=37 reason=37 rip_before=65543 rip=65546 rax=1023738146074 nonce=1023738146073 witness=0
INTEL_PROBE phase=verified_retry
INTEL_PROBE phase=prepare_with_watchdog
INTEL_PROBE phase=finite_retirement
[       OK ] HvfIntelProbe.FiniteDeadline (31 ms)
[----------] 1 test from HvfIntelProbe (31 ms total)

[==========] 1 test from 1 test suite ran. (31 ms total)
[  PASSED  ] 1 test.

Repeating all tests (iteration 59) . . .

Note: Google Test filter = HvfIntelProbe.FiniteDeadline
[==========] Running 1 test from 1 test suite.
[----------] 1 test from HvfIntelProbe
[ RUN      ] HvfIntelProbe.FiniteDeadline
INTEL_PROBE phase=executor_initialization
INTEL_PROBE phase=startup_probe
INTEL_PROBE phase=prepare_with_watchdog
INTEL_PROBE begin=finite_loop call=1 deadline=1023764279221 rip=65537 nonce=1023757255909 witness=0
INTEL_PROBE end=finite_loop call=1 status=0 mach_before=1023759335918 mach_after=1023764354574
INTEL_PROBE capture=finite_loop call=1 exec_before=2485159 exec_after=7038020 reason_before=37 reason=52 rip_before=65537 rip=65540 rax=1023757255909 nonce=1023757255909 witness=1023757255909
INTEL_PROBE phase=prepare_with_watchdog
INTEL_PROBE begin=expired_mtf call=2 deadline=0 rip=65543 nonce=1023764592140 witness=0
INTEL_PROBE end=expired_mtf call=2 status=0 mach_before=1023767201605 mach_after=1023767265924
INTEL_PROBE capture=expired_mtf call=2 exec_before=7646077 exec_after=7705736 reason_before=37 reason=52 rip_before=65543 rip=65543 rax=1023764592140 nonce=1023764592140 witness=0
INTEL_PROBE phase=prepare_with_watchdog
INTEL_PROBE begin=finite_mtf call=3 deadline=1023774155555 rip=65543 nonce=1023767376714 witness=0
INTEL_PROBE end=finite_mtf call=3 status=0 mach_before=1023769190493 mach_after=1023769820894
INTEL_PROBE capture=finite_mtf call=3 exec_before=8253223 exec_after=8756266 reason_before=37 reason=37 rip_before=65543 rip=65546 rax=1023767376715 nonce=1023767376714 witness=0
INTEL_PROBE phase=verified_retry
INTEL_PROBE phase=prepare_with_watchdog
INTEL_PROBE phase=finite_retirement
[       OK ] HvfIntelProbe.FiniteDeadline (28 ms)
[----------] 1 test from HvfIntelProbe (28 ms total)

[==========] 1 test from 1 test suite ran. (28 ms total)
[  PASSED  ] 1 test.

Repeating all tests (iteration 60) . . .

Note: Google Test filter = HvfIntelProbe.FiniteDeadline
[==========] Running 1 test from 1 test suite.
[----------] 1 test from HvfIntelProbe
[ RUN      ] HvfIntelProbe.FiniteDeadline
INTEL_PROBE phase=executor_initialization
INTEL_PROBE phase=startup_probe
INTEL_PROBE phase=prepare_with_watchdog
INTEL_PROBE begin=finite_loop call=1 deadline=1023793257892 rip=65537 nonce=1023786541550 witness=0
INTEL_PROBE end=finite_loop call=1 status=0 mach_before=1023788303406 mach_after=1023794271099
INTEL_PROBE capture=finite_loop call=1 exec_before=2908770 exec_after=8235508 reason_before=37 reason=1 rip_before=65537 rip=65540 rax=1023786541550 nonce=1023786541550 witness=1023786541550
INTEL_PROBE phase=prepare_with_watchdog
INTEL_PROBE begin=expired_mtf call=2 deadline=0 rip=65543 nonce=1023794442295 witness=0
INTEL_PROBE end=expired_mtf call=2 status=0 mach_before=1023796723841 mach_after=1023796788428
INTEL_PROBE capture=expired_mtf call=2 exec_before=8801915 exec_after=8862365 reason_before=37 reason=52 rip_before=65543 rip=65543 rax=1023794442295 nonce=1023794442295 witness=0
INTEL_PROBE phase=prepare_with_watchdog
INTEL_PROBE begin=finite_mtf call=3 deadline=1023803910301 rip=65543 nonce=1023797212558 witness=0
INTEL_PROBE end=finite_mtf call=3 status=0 mach_before=1023798943048 mach_after=1023799772820
INTEL_PROBE capture=finite_mtf call=3 exec_before=9424745 exec_after=10076502 reason_before=37 reason=37 rip_before=65543 rip=65546 rax=1023797212559 nonce=1023797212558 witness=0
INTEL_PROBE phase=verified_retry
INTEL_PROBE phase=prepare_with_watchdog
INTEL_PROBE phase=finite_retirement
[       OK ] HvfIntelProbe.FiniteDeadline (30 ms)
[----------] 1 test from HvfIntelProbe (30 ms total)

[==========] 1 test from 1 test suite ran. (30 ms total)
[  PASSED  ] 1 test.

Repeating all tests (iteration 61) . . .

Note: Google Test filter = HvfIntelProbe.FiniteDeadline
[==========] Running 1 test from 1 test suite.
[----------] 1 test from HvfIntelProbe
[ RUN      ] HvfIntelProbe.FiniteDeadline
INTEL_PROBE phase=executor_initialization
INTEL_PROBE phase=startup_probe
INTEL_PROBE phase=prepare_with_watchdog
INTEL_PROBE begin=finite_loop call=1 deadline=1023822140178 rip=65537 nonce=1023815530747 witness=0
INTEL_PROBE end=finite_loop call=1 status=0 mach_before=1023817190196 mach_after=1023822810483
INTEL_PROBE capture=finite_loop call=1 exec_before=2645587 exec_after=8079341 reason_before=37 reason=52 rip_before=65537 rip=65540 rax=1023815530747 nonce=1023815530747 witness=1023815530747
INTEL_PROBE phase=prepare_with_watchdog
INTEL_PROBE begin=expired_mtf call=2 deadline=0 rip=65543 nonce=1023822943674 witness=0
INTEL_PROBE end=expired_mtf call=2 status=0 mach_before=1023825398166 mach_after=1023825471695
INTEL_PROBE capture=expired_mtf call=2 exec_before=8681959 exec_after=8750898 reason_before=37 reason=52 rip_before=65543 rip=65543 rax=1023822943674 nonce=1023822943674 witness=0
INTEL_PROBE phase=prepare_with_watchdog
INTEL_PROBE begin=finite_mtf call=3 deadline=1023832090543 rip=65543 nonce=1023825578979 witness=0
INTEL_PROBE end=finite_mtf call=3 status=0 mach_before=1023827123004 mach_after=1023827848424
INTEL_PROBE capture=finite_mtf call=3 exec_before=9319903 exec_after=9872839 reason_before=37 reason=37 rip_before=65543 rip=65546 rax=1023825578980 nonce=1023825578979 witness=0
INTEL_PROBE phase=verified_retry
INTEL_PROBE phase=prepare_with_watchdog
INTEL_PROBE phase=finite_retirement
[       OK ] HvfIntelProbe.FiniteDeadline (27 ms)
[----------] 1 test from HvfIntelProbe (27 ms total)

[==========] 1 test from 1 test suite ran. (27 ms total)
[  PASSED  ] 1 test.

Repeating all tests (iteration 62) . . .

Note: Google Test filter = HvfIntelProbe.FiniteDeadline
[==========] Running 1 test from 1 test suite.
[----------] 1 test from HvfIntelProbe
[ RUN      ] HvfIntelProbe.FiniteDeadline
INTEL_PROBE phase=executor_initialization
INTEL_PROBE phase=startup_probe
INTEL_PROBE phase=prepare_with_watchdog
INTEL_PROBE begin=finite_loop call=1 deadline=1023849769433 rip=65537 nonce=1023843302029 witness=0
INTEL_PROBE end=finite_loop call=1 status=0 mach_before=1023844804458 mach_after=1023849851300
INTEL_PROBE capture=finite_loop call=1 exec_before=1843022 exec_after=6460747 reason_before=37 reason=52 rip_before=65537 rip=65540 rax=1023843302029 nonce=1023843302029 witness=1023843302029
INTEL_PROBE phase=prepare_with_watchdog
INTEL_PROBE begin=expired_mtf call=2 deadline=0 rip=65543 nonce=1023850005043 witness=0
INTEL_PROBE end=expired_mtf call=2 status=0 mach_before=1023852066752 mach_after=1023852184195
INTEL_PROBE capture=expired_mtf call=2 exec_before=6937323 exec_after=7049219 reason_before=37 reason=52 rip_before=65543 rip=65543 rax=1023850005043 nonce=1023850005043 witness=0
INTEL_PROBE phase=prepare_with_watchdog
INTEL_PROBE begin=finite_mtf call=3 deadline=1023858852509 rip=65543 nonce=1023852290111 witness=0
INTEL_PROBE end=finite_mtf call=3 status=0 mach_before=1023853897940 mach_after=1023854716486
INTEL_PROBE capture=finite_mtf call=3 exec_before=7657537 exec_after=8312003 reason_before=37 reason=37 rip_before=65543 rip=65546 rax=1023852290112 nonce=1023852290111 witness=0
INTEL_PROBE phase=verified_retry
INTEL_PROBE phase=prepare_with_watchdog
INTEL_PROBE phase=finite_retirement
[       OK ] HvfIntelProbe.FiniteDeadline (26 ms)
[----------] 1 test from HvfIntelProbe (26 ms total)

[==========] 1 test from 1 test suite ran. (27 ms total)
[  PASSED  ] 1 test.

Repeating all tests (iteration 63) . . .

Note: Google Test filter = HvfIntelProbe.FiniteDeadline
[==========] Running 1 test from 1 test suite.
[----------] 1 test from HvfIntelProbe
[ RUN      ] HvfIntelProbe.FiniteDeadline
INTEL_PROBE phase=executor_initialization
INTEL_PROBE phase=startup_probe
INTEL_PROBE phase=prepare_with_watchdog
INTEL_PROBE begin=finite_loop call=1 deadline=1023876441333 rip=65537 nonce=1023869735825 witness=0
INTEL_PROBE end=finite_loop call=1 status=0 mach_before=1023871481931 mach_after=1023877209556
INTEL_PROBE capture=finite_loop call=1 exec_before=1931027 exec_after=7462223 reason_before=37 reason=52 rip_before=65537 rip=65540 rax=1023869735825 nonce=1023869735825 witness=1023869735825
INTEL_PROBE phase=prepare_with_watchdog
INTEL_PROBE begin=expired_mtf call=2 deadline=0 rip=65543 nonce=1023877354570 witness=0
INTEL_PROBE end=expired_mtf call=2 status=0 mach_before=1023879780512 mach_after=1023879857562
INTEL_PROBE capture=expired_mtf call=2 exec_before=8050441 exec_after=8123357 reason_before=37 reason=52 rip_before=65543 rip=65543 rax=1023877354570 nonce=1023877354570 witness=0
INTEL_PROBE phase=prepare_with_watchdog
INTEL_PROBE begin=finite_mtf call=3 deadline=1023886532561 rip=65543 nonce=1023879961043 witness=0
INTEL_PROBE end=finite_mtf call=3 status=0 mach_before=1023881570483 mach_after=1023882287999
INTEL_PROBE capture=finite_mtf call=3 exec_before=8696926 exec_after=9241259 reason_before=37 reason=37 rip_before=65543 rip=65546 rax=1023879961044 nonce=1023879961043 witness=0
INTEL_PROBE phase=verified_retry
INTEL_PROBE phase=prepare_with_watchdog
INTEL_PROBE phase=finite_retirement
[       OK ] HvfIntelProbe.FiniteDeadline (27 ms)
[----------] 1 test from HvfIntelProbe (27 ms total)

[==========] 1 test from 1 test suite ran. (27 ms total)
[  PASSED  ] 1 test.

Repeating all tests (iteration 64) . . .

Note: Google Test filter = HvfIntelProbe.FiniteDeadline
[==========] Running 1 test from 1 test suite.
[----------] 1 test from HvfIntelProbe
[ RUN      ] HvfIntelProbe.FiniteDeadline
INTEL_PROBE phase=executor_initialization
INTEL_PROBE phase=startup_probe
INTEL_PROBE phase=prepare_with_watchdog
INTEL_PROBE begin=finite_loop call=1 deadline=1023903184246 rip=65537 nonce=1023896600141 witness=0
INTEL_PROBE end=finite_loop call=1 status=0 mach_before=1023898222385 mach_after=1023901916662
INTEL_PROBE capture=finite_loop call=1 exec_before=1864846 exec_after=5369610 reason_before=37 reason=1 rip_before=65537 rip=65540 rax=1023896600141 nonce=1023896600141 witness=1023896600141
INTEL_PROBE begin=finite_loop call=2 deadline=1023903184246 rip=65540 nonce=1023896600141 witness=1023896600141
INTEL_PROBE end=finite_loop call=2 status=0 mach_before=1023901968859 mach_after=1023902312591
INTEL_PROBE capture=finite_loop call=2 exec_before=5369610 exec_after=5428319 reason_before=1 reason=1 rip_before=65540 rip=65540 rax=1023896600141 nonce=1023896600141 witness=1023896600141
INTEL_PROBE begin=finite_loop call=3 deadline=1023903184246 rip=65540 nonce=1023896600141 witness=1023896600141
INTEL_PROBE end=finite_loop call=3 status=0 mach_before=1023902361573 mach_after=1023903303581
INTEL_PROBE capture=finite_loop call=3 exec_before=5428319 exec_after=6364134 reason_before=1 reason=52 rip_before=65540 rip=65540 rax=1023896600141 nonce=1023896600141 witness=1023896600141
INTEL_PROBE phase=prepare_with_watchdog
INTEL_PROBE begin=expired_mtf call=4 deadline=0 rip=65543 nonce=1023903403309 witness=0
INTEL_PROBE end=expired_mtf call=4 status=0 mach_before=1023906148910 mach_after=1023906276675
INTEL_PROBE capture=expired_mtf call=4 exec_before=7061132 exec_after=7183212 reason_before=37 reason=52 rip_before=65543 rip=65543 rax=1023903403309 nonce=1023903403309 witness=0
INTEL_PROBE phase=prepare_with_watchdog
INTEL_PROBE begin=finite_mtf call=5 deadline=1023913305455 rip=65543 nonce=1023906469606 witness=0
INTEL_PROBE end=finite_mtf call=5 status=0 mach_before=1023908331820 mach_after=1023909041237
INTEL_PROBE capture=finite_mtf call=5 exec_before=7762400 exec_after=8302919 reason_before=37 reason=37 rip_before=65543 rip=65546 rax=1023906469607 nonce=1023906469606 witness=0
INTEL_PROBE phase=verified_retry
INTEL_PROBE phase=prepare_with_watchdog
INTEL_PROBE phase=finite_retirement
[       OK ] HvfIntelProbe.FiniteDeadline (27 ms)
[----------] 1 test from HvfIntelProbe (28 ms total)

[==========] 1 test from 1 test suite ran. (28 ms total)
[  PASSED  ] 1 test.

Repeating all tests (iteration 65) . . .

Note: Google Test filter = HvfIntelProbe.FiniteDeadline
[==========] Running 1 test from 1 test suite.
[----------] 1 test from HvfIntelProbe
[ RUN      ] HvfIntelProbe.FiniteDeadline
INTEL_PROBE phase=executor_initialization
INTEL_PROBE phase=startup_probe
INTEL_PROBE phase=prepare_with_watchdog
INTEL_PROBE begin=finite_loop call=1 deadline=1023933212203 rip=65537 nonce=1023926466030 witness=0
INTEL_PROBE end=finite_loop call=1 status=0 mach_before=1023928245495 mach_after=1023935641315
INTEL_PROBE capture=finite_loop call=1 exec_before=2665992 exec_after=9818063 reason_before=37 reason=52 rip_before=65537 rip=65540 rax=1023926466030 nonce=1023926466030 witness=1023926466030
INTEL_PROBE phase=prepare_with_watchdog
INTEL_PROBE begin=expired_mtf call=2 deadline=0 rip=65543 nonce=1023935767491 witness=0
INTEL_PROBE end=expired_mtf call=2 status=0 mach_before=1023937939205 mach_after=1023938023431
INTEL_PROBE capture=expired_mtf call=2 exec_before=10327853 exec_after=10391153 reason_before=37 reason=52 rip_before=65543 rip=65543 rax=1023935767491 nonce=1023935767491 witness=0
INTEL_PROBE phase=prepare_with_watchdog
INTEL_PROBE begin=finite_mtf call=3 deadline=1023944726362 rip=65543 nonce=1023938140647 witness=0
INTEL_PROBE end=finite_mtf call=3 status=0 mach_before=1023939754815 mach_after=1023940434114
INTEL_PROBE capture=finite_mtf call=3 exec_before=11041103 exec_after=11579167 reason_before=37 reason=37 rip_before=65543 rip=65546 rax=1023938140648 nonce=1023938140647 witness=0
INTEL_PROBE phase=verified_retry
INTEL_PROBE phase=prepare_with_watchdog
INTEL_PROBE phase=finite_retirement
[       OK ] HvfIntelProbe.FiniteDeadline (29 ms)
[----------] 1 test from HvfIntelProbe (29 ms total)

[==========] 1 test from 1 test suite ran. (29 ms total)
[  PASSED  ] 1 test.

Repeating all tests (iteration 66) . . .

Note: Google Test filter = HvfIntelProbe.FiniteDeadline
[==========] Running 1 test from 1 test suite.
[----------] 1 test from HvfIntelProbe
[ RUN      ] HvfIntelProbe.FiniteDeadline
INTEL_PROBE phase=executor_initialization
INTEL_PROBE phase=startup_probe
INTEL_PROBE phase=prepare_with_watchdog
INTEL_PROBE begin=finite_loop call=1 deadline=1023961993841 rip=65537 nonce=1023955323395 witness=0
INTEL_PROBE end=finite_loop call=1 status=0 mach_before=1023957037339 mach_after=1023962078311
INTEL_PROBE capture=finite_loop call=1 exec_before=2105559 exec_after=6936922 reason_before=37 reason=52 rip_before=65537 rip=65540 rax=1023955323395 nonce=1023955323395 witness=1023955323395
INTEL_PROBE phase=prepare_with_watchdog
INTEL_PROBE begin=expired_mtf call=2 deadline=0 rip=65543 nonce=1023962235654 witness=0
INTEL_PROBE end=expired_mtf call=2 status=0 mach_before=1023964296210 mach_after=1023964371958
INTEL_PROBE capture=expired_mtf call=2 exec_before=7517099 exec_after=7588195 reason_before=37 reason=52 rip_before=65543 rip=65543 rax=1023962235654 nonce=1023962235654 witness=0
INTEL_PROBE phase=prepare_with_watchdog
INTEL_PROBE begin=finite_mtf call=3 deadline=1023971038856 rip=65543 nonce=1023964491464 witness=0
INTEL_PROBE end=finite_mtf call=3 status=0 mach_before=1023966075377 mach_after=1023966819597
INTEL_PROBE capture=finite_mtf call=3 exec_before=8172797 exec_after=8765499 reason_before=37 reason=37 rip_before=65543 rip=65546 rax=1023964491465 nonce=1023964491464 witness=0
INTEL_PROBE phase=verified_retry
INTEL_PROBE phase=prepare_with_watchdog
INTEL_PROBE phase=finite_retirement
[       OK ] HvfIntelProbe.FiniteDeadline (26 ms)
[----------] 1 test from HvfIntelProbe (26 ms total)

[==========] 1 test from 1 test suite ran. (26 ms total)
[  PASSED  ] 1 test.

Repeating all tests (iteration 67) . . .

Note: Google Test filter = HvfIntelProbe.FiniteDeadline
[==========] Running 1 test from 1 test suite.
[----------] 1 test from HvfIntelProbe
[ RUN      ] HvfIntelProbe.FiniteDeadline
INTEL_PROBE phase=executor_initialization
INTEL_PROBE phase=startup_probe
INTEL_PROBE phase=prepare_with_watchdog
INTEL_PROBE begin=finite_loop call=1 deadline=1023988076747 rip=65537 nonce=1023981525277 witness=0
INTEL_PROBE end=finite_loop call=1 status=0 mach_before=1023983113899 mach_after=1023988172216
INTEL_PROBE capture=finite_loop call=1 exec_before=1724379 exec_after=6629572 reason_before=37 reason=52 rip_before=65537 rip=65540 rax=1023981525277 nonce=1023981525277 witness=1023981525277
INTEL_PROBE phase=prepare_with_watchdog
INTEL_PROBE begin=expired_mtf call=2 deadline=0 rip=65543 nonce=1023988295866 witness=0
INTEL_PROBE end=expired_mtf call=2 status=0 mach_before=1023990318413 mach_after=1023990424652
INTEL_PROBE capture=expired_mtf call=2 exec_before=7168659 exec_after=7269159 reason_before=37 reason=52 rip_before=65543 rip=65543 rax=1023988295866 nonce=1023988295866 witness=0
INTEL_PROBE phase=prepare_with_watchdog
INTEL_PROBE begin=finite_mtf call=3 deadline=1023997044822 rip=65543 nonce=1023990549368 witness=0
INTEL_PROBE end=finite_mtf call=3 status=0 mach_before=1023992077194 mach_after=1023992790372
INTEL_PROBE capture=finite_mtf call=3 exec_before=7780055 exec_after=8341125 reason_before=37 reason=37 rip_before=65543 rip=65546 rax=1023990549369 nonce=1023990549368 witness=0
INTEL_PROBE phase=verified_retry
INTEL_PROBE phase=prepare_with_watchdog
INTEL_PROBE phase=finite_retirement
[       OK ] HvfIntelProbe.FiniteDeadline (25 ms)
[----------] 1 test from HvfIntelProbe (26 ms total)

[==========] 1 test from 1 test suite ran. (26 ms total)
[  PASSED  ] 1 test.

Repeating all tests (iteration 68) . . .

Note: Google Test filter = HvfIntelProbe.FiniteDeadline
[==========] Running 1 test from 1 test suite.
[----------] 1 test from HvfIntelProbe
[ RUN      ] HvfIntelProbe.FiniteDeadline
INTEL_PROBE phase=executor_initialization
INTEL_PROBE phase=startup_probe
INTEL_PROBE phase=prepare_with_watchdog
INTEL_PROBE begin=finite_loop call=1 deadline=1024015786252 rip=65537 nonce=1024009086423 witness=0
INTEL_PROBE end=finite_loop call=1 status=0 mach_before=1024010821689 mach_after=1024015863772
INTEL_PROBE capture=finite_loop call=1 exec_before=1582099 exec_after=6395105 reason_before=37 reason=52 rip_before=65537 rip=65540 rax=1024009086423 nonce=1024009086423 witness=1024009086423
INTEL_PROBE phase=prepare_with_watchdog
INTEL_PROBE begin=expired_mtf call=2 deadline=0 rip=65543 nonce=1024016083943 witness=0
INTEL_PROBE end=expired_mtf call=2 status=0 mach_before=1024018290849 mach_after=1024018352868
INTEL_PROBE capture=expired_mtf call=2 exec_before=7030037 exec_after=7088296 reason_before=37 reason=52 rip_before=65543 rip=65543 rax=1024016083943 nonce=1024016083943 witness=0
INTEL_PROBE phase=prepare_with_watchdog
INTEL_PROBE begin=finite_mtf call=3 deadline=1024024892207 rip=65543 nonce=1024018460819 witness=0
INTEL_PROBE end=finite_mtf call=3 status=0 mach_before=1024019924101 mach_after=1024020581755
INTEL_PROBE capture=finite_mtf call=3 exec_before=7599187 exec_after=8115974 reason_before=37 reason=37 rip_before=65543 rip=65546 rax=1024018460820 nonce=1024018460819 witness=0
INTEL_PROBE phase=verified_retry
INTEL_PROBE phase=prepare_with_watchdog
INTEL_PROBE phase=finite_retirement
[       OK ] HvfIntelProbe.FiniteDeadline (27 ms)
[----------] 1 test from HvfIntelProbe (27 ms total)

[==========] 1 test from 1 test suite ran. (27 ms total)
[  PASSED  ] 1 test.

Repeating all tests (iteration 69) . . .

Note: Google Test filter = HvfIntelProbe.FiniteDeadline
[==========] Running 1 test from 1 test suite.
[----------] 1 test from HvfIntelProbe
[ RUN      ] HvfIntelProbe.FiniteDeadline
INTEL_PROBE phase=executor_initialization
INTEL_PROBE phase=startup_probe
INTEL_PROBE phase=prepare_with_watchdog
INTEL_PROBE begin=finite_loop call=1 deadline=1024041850306 rip=65537 nonce=1024035162487 witness=0
INTEL_PROBE end=finite_loop call=1 status=0 mach_before=1024036895373 mach_after=1024046599073
INTEL_PROBE capture=finite_loop call=1 exec_before=1999366 exec_after=11493459 reason_before=37 reason=52 rip_before=65537 rip=65540 rax=1024035162487 nonce=1024035162487 witness=1024035162487
INTEL_PROBE phase=prepare_with_watchdog
INTEL_PROBE begin=expired_mtf call=2 deadline=0 rip=65543 nonce=1024046750205 witness=0
INTEL_PROBE end=expired_mtf call=2 status=0 mach_before=1024048883183 mach_after=1024048977522
INTEL_PROBE capture=expired_mtf call=2 exec_before=11997950 exec_after=12087796 reason_before=37 reason=52 rip_before=65543 rip=65543 rax=1024046750205 nonce=1024046750205 witness=0
INTEL_PROBE phase=prepare_with_watchdog
INTEL_PROBE begin=finite_mtf call=3 deadline=1024055505472 rip=65543 nonce=1024049074713 witness=0
INTEL_PROBE end=finite_mtf call=3 status=0 mach_before=1024050555440 mach_after=1024051271326
INTEL_PROBE capture=finite_mtf call=3 exec_before=12549816 exec_after=13081697 reason_before=37 reason=37 rip_before=65543 rip=65546 rax=1024049074714 nonce=1024049074713 witness=0
INTEL_PROBE phase=verified_retry
INTEL_PROBE phase=prepare_with_watchdog
INTEL_PROBE phase=finite_retirement
[       OK ] HvfIntelProbe.FiniteDeadline (30 ms)
[----------] 1 test from HvfIntelProbe (30 ms total)

[==========] 1 test from 1 test suite ran. (30 ms total)
[  PASSED  ] 1 test.

Repeating all tests (iteration 70) . . .

Note: Google Test filter = HvfIntelProbe.FiniteDeadline
[==========] Running 1 test from 1 test suite.
[----------] 1 test from HvfIntelProbe
[ RUN      ] HvfIntelProbe.FiniteDeadline
INTEL_PROBE phase=executor_initialization
INTEL_PROBE phase=startup_probe
INTEL_PROBE phase=prepare_with_watchdog
INTEL_PROBE begin=finite_loop call=1 deadline=1024072245769 rip=65537 nonce=1024065648079 witness=0
INTEL_PROBE end=finite_loop call=1 status=0 mach_before=1024067296549 mach_after=1024072469529
INTEL_PROBE capture=finite_loop call=1 exec_before=1555817 exec_after=6449479 reason_before=37 reason=52 rip_before=65537 rip=65540 rax=1024065648079 nonce=1024065648079 witness=1024065648079
INTEL_PROBE phase=prepare_with_watchdog
INTEL_PROBE begin=expired_mtf call=2 deadline=0 rip=65543 nonce=1024072625003 witness=0
INTEL_PROBE end=expired_mtf call=2 status=0 mach_before=1024074698157 mach_after=1024074760262
INTEL_PROBE capture=expired_mtf call=2 exec_before=6949136 exec_after=7007668 reason_before=37 reason=52 rip_before=65543 rip=65543 rax=1024072625003 nonce=1024072625003 witness=0
INTEL_PROBE phase=prepare_with_watchdog
INTEL_PROBE begin=finite_mtf call=3 deadline=1024081223811 rip=65543 nonce=1024074862171 witness=0
INTEL_PROBE end=finite_mtf call=3 status=0 mach_before=1024076249898 mach_after=1024076848463
INTEL_PROBE capture=finite_mtf call=3 exec_before=7547697 exec_after=8024012 reason_before=37 reason=37 rip_before=65543 rip=65546 rax=1024074862172 nonce=1024074862171 witness=0
INTEL_PROBE phase=verified_retry
INTEL_PROBE phase=prepare_with_watchdog
INTEL_PROBE phase=finite_retirement
[       OK ] HvfIntelProbe.FiniteDeadline (25 ms)
[----------] 1 test from HvfIntelProbe (25 ms total)

[==========] 1 test from 1 test suite ran. (25 ms total)
[  PASSED  ] 1 test.

Repeating all tests (iteration 71) . . .

Note: Google Test filter = HvfIntelProbe.FiniteDeadline
[==========] Running 1 test from 1 test suite.
[----------] 1 test from HvfIntelProbe
[ RUN      ] HvfIntelProbe.FiniteDeadline
INTEL_PROBE phase=executor_initialization
INTEL_PROBE phase=startup_probe
INTEL_PROBE phase=prepare_with_watchdog
INTEL_PROBE begin=finite_loop call=1 deadline=1024098333268 rip=65537 nonce=1024091665158 witness=0
INTEL_PROBE end=finite_loop call=1 status=0 mach_before=1024093366642 mach_after=1024098395369
INTEL_PROBE capture=finite_loop call=1 exec_before=1870910 exec_after=6729614 reason_before=37 reason=52 rip_before=65537 rip=65540 rax=1024091665158 nonce=1024091665158 witness=1024091665158
INTEL_PROBE phase=prepare_with_watchdog
INTEL_PROBE begin=expired_mtf call=2 deadline=0 rip=65543 nonce=1024098518670 witness=0
INTEL_PROBE end=expired_mtf call=2 status=0 mach_before=1024100619249 mach_after=1024100697742
INTEL_PROBE capture=expired_mtf call=2 exec_before=7336017 exec_after=7410158 reason_before=37 reason=52 rip_before=65543 rip=65543 rax=1024098518670 nonce=1024098518670 witness=0
INTEL_PROBE phase=prepare_with_watchdog
INTEL_PROBE begin=finite_mtf call=3 deadline=1024107480623 rip=65543 nonce=1024100814046 witness=0
INTEL_PROBE end=finite_mtf call=3 status=0 mach_before=1024102546546 mach_after=1024103288569
INTEL_PROBE capture=finite_mtf call=3 exec_before=7997642 exec_after=8569554 reason_before=37 reason=37 rip_before=65543 rip=65546 rax=1024100814047 nonce=1024100814046 witness=0
INTEL_PROBE phase=verified_retry
INTEL_PROBE phase=prepare_with_watchdog
INTEL_PROBE phase=finite_retirement
[       OK ] HvfIntelProbe.FiniteDeadline (26 ms)
[----------] 1 test from HvfIntelProbe (27 ms total)

[==========] 1 test from 1 test suite ran. (27 ms total)
[  PASSED  ] 1 test.

Repeating all tests (iteration 72) . . .

Note: Google Test filter = HvfIntelProbe.FiniteDeadline
[==========] Running 1 test from 1 test suite.
[----------] 1 test from HvfIntelProbe
[ RUN      ] HvfIntelProbe.FiniteDeadline
INTEL_PROBE phase=executor_initialization
INTEL_PROBE phase=startup_probe
INTEL_PROBE phase=prepare_with_watchdog
INTEL_PROBE begin=finite_loop call=1 deadline=1024125450083 rip=65537 nonce=1024118871207 witness=0
INTEL_PROBE end=finite_loop call=1 status=0 mach_before=1024120509765 mach_after=1024139704273
INTEL_PROBE capture=finite_loop call=1 exec_before=1682881 exec_after=20670712 reason_before=37 reason=52 rip_before=65537 rip=65540 rax=1024118871207 nonce=1024118871207 witness=1024118871207
INTEL_PROBE phase=prepare_with_watchdog
INTEL_PROBE begin=expired_mtf call=2 deadline=0 rip=65543 nonce=1024139861363 witness=0
INTEL_PROBE end=expired_mtf call=2 status=0 mach_before=1024141898393 mach_after=1024141994082
INTEL_PROBE capture=expired_mtf call=2 exec_before=21160962 exec_after=21252297 reason_before=37 reason=52 rip_before=65543 rip=65543 rax=1024139861363 nonce=1024139861363 witness=0
INTEL_PROBE phase=prepare_with_watchdog
INTEL_PROBE begin=finite_mtf call=3 deadline=1024148793448 rip=65543 nonce=1024142119965 witness=0
INTEL_PROBE end=finite_mtf call=3 status=0 mach_before=1024143823179 mach_after=1024144515237
INTEL_PROBE capture=finite_mtf call=3 exec_before=21710089 exec_after=22219809 reason_before=37 reason=37 rip_before=65543 rip=65546 rax=1024142119966 nonce=1024142119965 witness=0
INTEL_PROBE phase=verified_retry
INTEL_PROBE phase=prepare_with_watchdog
INTEL_PROBE phase=finite_retirement
[       OK ] HvfIntelProbe.FiniteDeadline (40 ms)
[----------] 1 test from HvfIntelProbe (40 ms total)

[==========] 1 test from 1 test suite ran. (40 ms total)
[  PASSED  ] 1 test.

Repeating all tests (iteration 73) . . .

Note: Google Test filter = HvfIntelProbe.FiniteDeadline
[==========] Running 1 test from 1 test suite.
[----------] 1 test from HvfIntelProbe
[ RUN      ] HvfIntelProbe.FiniteDeadline
INTEL_PROBE phase=executor_initialization
INTEL_PROBE phase=startup_probe
INTEL_PROBE phase=prepare_with_watchdog
INTEL_PROBE begin=finite_loop call=1 deadline=1024165831772 rip=65537 nonce=1024159323996 witness=0
INTEL_PROBE end=finite_loop call=1 status=0 mach_before=1024160862887 mach_after=1024168600626
INTEL_PROBE capture=finite_loop call=1 exec_before=1767567 exec_after=9315492 reason_before=37 reason=52 rip_before=65537 rip=65540 rax=1024159323996 nonce=1024159323996 witness=1024159323996
INTEL_PROBE phase=prepare_with_watchdog
INTEL_PROBE begin=expired_mtf call=2 deadline=0 rip=65543 nonce=1024168747851 witness=0
INTEL_PROBE end=expired_mtf call=2 status=0 mach_before=1024171183178 mach_after=1024171309791
INTEL_PROBE capture=expired_mtf call=2 exec_before=9891256 exec_after=10011802 reason_before=37 reason=52 rip_before=65543 rip=65543 rax=1024168747851 nonce=1024168747851 witness=0
INTEL_PROBE phase=prepare_with_watchdog
INTEL_PROBE begin=finite_mtf call=3 deadline=1024178196828 rip=65543 nonce=1024171490393 witness=0
INTEL_PROBE end=finite_mtf call=3 status=0 mach_before=1024173224632 mach_after=1024173858443
INTEL_PROBE capture=finite_mtf call=3 exec_before=10591486 exec_after=11083334 reason_before=37 reason=37 rip_before=65543 rip=65546 rax=1024171490394 nonce=1024171490393 witness=0
INTEL_PROBE phase=verified_retry
INTEL_PROBE phase=prepare_with_watchdog
INTEL_PROBE phase=finite_retirement
[       OK ] HvfIntelProbe.FiniteDeadline (29 ms)
[----------] 1 test from HvfIntelProbe (29 ms total)

[==========] 1 test from 1 test suite ran. (29 ms total)
[  PASSED  ] 1 test.

Repeating all tests (iteration 74) . . .

Note: Google Test filter = HvfIntelProbe.FiniteDeadline
[==========] Running 1 test from 1 test suite.
[----------] 1 test from HvfIntelProbe
[ RUN      ] HvfIntelProbe.FiniteDeadline
INTEL_PROBE phase=executor_initialization
INTEL_PROBE phase=startup_probe
INTEL_PROBE phase=prepare_with_watchdog
INTEL_PROBE begin=finite_loop call=1 deadline=1024196337418 rip=65537 nonce=1024189707202 witness=0
INTEL_PROBE end=finite_loop call=1 status=0 mach_before=1024191377322 mach_after=1024199352302
INTEL_PROBE capture=finite_loop call=1 exec_before=1892021 exec_after=9676455 reason_before=37 reason=52 rip_before=65537 rip=65540 rax=1024189707202 nonce=1024189707202 witness=1024189707202
INTEL_PROBE phase=prepare_with_watchdog
INTEL_PROBE begin=expired_mtf call=2 deadline=0 rip=65543 nonce=1024199475979 witness=0
INTEL_PROBE end=expired_mtf call=2 status=0 mach_before=1024201710138 mach_after=1024201783268
INTEL_PROBE capture=expired_mtf call=2 exec_before=10288207 exec_after=10356453 reason_before=37 reason=52 rip_before=65543 rip=65543 rax=1024199475979 nonce=1024199475979 witness=0
INTEL_PROBE phase=prepare_with_watchdog
INTEL_PROBE begin=finite_mtf call=3 deadline=1024208560008 rip=65543 nonce=1024201906102 witness=0
INTEL_PROBE end=finite_mtf call=3 status=0 mach_before=1024203593561 mach_after=1024204320692
INTEL_PROBE capture=finite_mtf call=3 exec_before=10932498 exec_after=11509046 reason_before=37 reason=37 rip_before=65543 rip=65546 rax=1024201906103 nonce=1024201906102 witness=0
INTEL_PROBE phase=verified_retry
INTEL_PROBE phase=prepare_with_watchdog
INTEL_PROBE phase=finite_retirement
[       OK ] HvfIntelProbe.FiniteDeadline (30 ms)
[----------] 1 test from HvfIntelProbe (30 ms total)

[==========] 1 test from 1 test suite ran. (30 ms total)
[  PASSED  ] 1 test.

Repeating all tests (iteration 75) . . .

Note: Google Test filter = HvfIntelProbe.FiniteDeadline
[==========] Running 1 test from 1 test suite.
[----------] 1 test from HvfIntelProbe
[ RUN      ] HvfIntelProbe.FiniteDeadline
INTEL_PROBE phase=executor_initialization
INTEL_PROBE phase=startup_probe
INTEL_PROBE phase=prepare_with_watchdog
INTEL_PROBE begin=finite_loop call=1 deadline=1024226505048 rip=65537 nonce=1024219681578 witness=0
INTEL_PROBE end=finite_loop call=1 status=0 mach_before=1024221547676 mach_after=1024231514390
INTEL_PROBE capture=finite_loop call=1 exec_before=1653091 exec_after=11429436 reason_before=37 reason=52 rip_before=65537 rip=65540 rax=1024219681578 nonce=1024219681578 witness=1024219681578
INTEL_PROBE phase=prepare_with_watchdog
INTEL_PROBE begin=expired_mtf call=2 deadline=0 rip=65543 nonce=1024231669174 witness=0
INTEL_PROBE end=expired_mtf call=2 status=0 mach_before=1024233818106 mach_after=1024233916952
INTEL_PROBE capture=expired_mtf call=2 exec_before=11888798 exec_after=11983256 reason_before=37 reason=52 rip_before=65543 rip=65543 rax=1024231669174 nonce=1024231669174 witness=0
INTEL_PROBE phase=prepare_with_watchdog
INTEL_PROBE begin=finite_mtf call=3 deadline=1024240363783 rip=65543 nonce=1024234000186 witness=0
INTEL_PROBE end=finite_mtf call=3 status=0 mach_before=1024235396265 mach_after=1024236216910
INTEL_PROBE capture=finite_mtf call=3 exec_before=12435330 exec_after=13066272 reason_before=37 reason=37 rip_before=65543 rip=65546 rax=1024234000187 nonce=1024234000186 witness=0
INTEL_PROBE phase=verified_retry
INTEL_PROBE phase=prepare_with_watchdog
INTEL_PROBE phase=finite_retirement
[       OK ] HvfIntelProbe.FiniteDeadline (31 ms)
[----------] 1 test from HvfIntelProbe (31 ms total)

[==========] 1 test from 1 test suite ran. (31 ms total)
[  PASSED  ] 1 test.

Repeating all tests (iteration 76) . . .

Note: Google Test filter = HvfIntelProbe.FiniteDeadline
[==========] Running 1 test from 1 test suite.
[----------] 1 test from HvfIntelProbe
[ RUN      ] HvfIntelProbe.FiniteDeadline
INTEL_PROBE phase=executor_initialization
INTEL_PROBE phase=startup_probe
INTEL_PROBE phase=prepare_with_watchdog
INTEL_PROBE begin=finite_loop call=1 deadline=1024258938752 rip=65537 nonce=1024252336102 witness=0
INTEL_PROBE end=finite_loop call=1 status=0 mach_before=1024253971150 mach_after=1024259936196
INTEL_PROBE capture=finite_loop call=1 exec_before=1943963 exec_after=7698176 reason_before=37 reason=52 rip_before=65537 rip=65540 rax=1024252336102 nonce=1024252336102 witness=1024252336102
INTEL_PROBE phase=prepare_with_watchdog
INTEL_PROBE begin=expired_mtf call=2 deadline=0 rip=65543 nonce=1024260051292 witness=0
INTEL_PROBE end=expired_mtf call=2 status=0 mach_before=1024261977052 mach_after=1024262054204
INTEL_PROBE capture=expired_mtf call=2 exec_before=8190703 exec_after=8263434 reason_before=37 reason=52 rip_before=65543 rip=65543 rax=1024260051292 nonce=1024260051292 witness=0
INTEL_PROBE phase=prepare_with_watchdog
INTEL_PROBE begin=finite_mtf call=3 deadline=1024268703148 rip=65543 nonce=1024262156428 witness=0
INTEL_PROBE end=finite_mtf call=3 status=0 mach_before=1024263746280 mach_after=1024264500432
INTEL_PROBE capture=finite_mtf call=3 exec_before=8847545 exec_after=9438311 reason_before=37 reason=37 rip_before=65543 rip=65546 rax=1024262156429 nonce=1024262156428 witness=0
INTEL_PROBE phase=verified_retry
INTEL_PROBE phase=prepare_with_watchdog
INTEL_PROBE phase=finite_retirement
[       OK ] HvfIntelProbe.FiniteDeadline (28 ms)
[----------] 1 test from HvfIntelProbe (28 ms total)

[==========] 1 test from 1 test suite ran. (28 ms total)
[  PASSED  ] 1 test.

Repeating all tests (iteration 77) . . .

Note: Google Test filter = HvfIntelProbe.FiniteDeadline
[==========] Running 1 test from 1 test suite.
[----------] 1 test from HvfIntelProbe
[ RUN      ] HvfIntelProbe.FiniteDeadline
INTEL_PROBE phase=executor_initialization
INTEL_PROBE phase=startup_probe
INTEL_PROBE phase=prepare_with_watchdog
INTEL_PROBE begin=finite_loop call=1 deadline=1024285296308 rip=65537 nonce=1024278540153 witness=0
INTEL_PROBE end=finite_loop call=1 status=0 mach_before=1024280335763 mach_after=1024287216191
INTEL_PROBE capture=finite_loop call=1 exec_before=1715276 exec_after=8402812 reason_before=37 reason=52 rip_before=65537 rip=65540 rax=1024278540153 nonce=1024278540153 witness=1024278540153
INTEL_PROBE phase=prepare_with_watchdog
INTEL_PROBE begin=expired_mtf call=2 deadline=0 rip=65543 nonce=1024287338427 witness=0
INTEL_PROBE end=expired_mtf call=2 status=0 mach_before=1024289812005 mach_after=1024289891896
INTEL_PROBE capture=expired_mtf call=2 exec_before=8998300 exec_after=9073142 reason_before=37 reason=52 rip_before=65543 rip=65543 rax=1024287338427 nonce=1024287338427 witness=0
INTEL_PROBE phase=prepare_with_watchdog
INTEL_PROBE begin=finite_mtf call=3 deadline=1024296806696 rip=65543 nonce=1024290001021 witness=0
INTEL_PROBE end=finite_mtf call=3 status=0 mach_before=1024291836267 mach_after=1024292618903
INTEL_PROBE capture=finite_mtf call=3 exec_before=9662314 exec_after=10262952 reason_before=37 reason=37 rip_before=65543 rip=65546 rax=1024290001022 nonce=1024290001021 witness=0
INTEL_PROBE phase=verified_retry
INTEL_PROBE phase=prepare_with_watchdog
INTEL_PROBE phase=finite_retirement
[       OK ] HvfIntelProbe.FiniteDeadline (27 ms)
[----------] 1 test from HvfIntelProbe (28 ms total)

[==========] 1 test from 1 test suite ran. (28 ms total)
[  PASSED  ] 1 test.

Repeating all tests (iteration 78) . . .

Note: Google Test filter = HvfIntelProbe.FiniteDeadline
[==========] Running 1 test from 1 test suite.
[----------] 1 test from HvfIntelProbe
[ RUN      ] HvfIntelProbe.FiniteDeadline
INTEL_PROBE phase=executor_initialization
INTEL_PROBE phase=startup_probe
INTEL_PROBE phase=prepare_with_watchdog
INTEL_PROBE begin=finite_loop call=1 deadline=1024313483413 rip=65537 nonce=1024306877330 witness=0
INTEL_PROBE end=finite_loop call=1 status=0 mach_before=1024308518107 mach_after=1024324533834
INTEL_PROBE capture=finite_loop call=1 exec_before=1678824 exec_after=17479076 reason_before=37 reason=52 rip_before=65537 rip=65540 rax=1024306877330 nonce=1024306877330 witness=1024306877330
INTEL_PROBE phase=prepare_with_watchdog
INTEL_PROBE begin=expired_mtf call=2 deadline=0 rip=65543 nonce=1024324658867 witness=0
INTEL_PROBE end=expired_mtf call=2 status=0 mach_before=1024327060842 mach_after=1024327130201
INTEL_PROBE capture=expired_mtf call=2 exec_before=18075803 exec_after=18140266 reason_before=37 reason=52 rip_before=65543 rip=65543 rax=1024324658867 nonce=1024324658867 witness=0
INTEL_PROBE phase=prepare_with_watchdog
INTEL_PROBE begin=finite_mtf call=3 deadline=1024333819294 rip=65543 nonce=1024327225569 witness=0
INTEL_PROBE end=finite_mtf call=3 status=0 mach_before=1024328847192 mach_after=1024329569811
INTEL_PROBE capture=finite_mtf call=3 exec_before=18733658 exec_after=19279958 reason_before=37 reason=37 rip_before=65543 rip=65546 rax=1024327225570 nonce=1024327225569 witness=0
INTEL_PROBE phase=verified_retry
INTEL_PROBE phase=prepare_with_watchdog
INTEL_PROBE phase=finite_retirement
[       OK ] HvfIntelProbe.FiniteDeadline (36 ms)
[----------] 1 test from HvfIntelProbe (36 ms total)

[==========] 1 test from 1 test suite ran. (36 ms total)
[  PASSED  ] 1 test.

Repeating all tests (iteration 79) . . .

Note: Google Test filter = HvfIntelProbe.FiniteDeadline
[==========] Running 1 test from 1 test suite.
[----------] 1 test from HvfIntelProbe
[ RUN      ] HvfIntelProbe.FiniteDeadline
INTEL_PROBE phase=executor_initialization
INTEL_PROBE phase=startup_probe
INTEL_PROBE phase=prepare_with_watchdog
INTEL_PROBE begin=finite_loop call=1 deadline=1024352767165 rip=65537 nonce=1024346017313 witness=0
INTEL_PROBE end=finite_loop call=1 status=0 mach_before=1024347798610 mach_after=1024352858941
INTEL_PROBE capture=finite_loop call=1 exec_before=1431327 exec_after=6333465 reason_before=37 reason=52 rip_before=65537 rip=65540 rax=1024346017313 nonce=1024346017313 witness=1024346017313
INTEL_PROBE phase=prepare_with_watchdog
INTEL_PROBE begin=expired_mtf call=2 deadline=0 rip=65543 nonce=1024352987656 witness=0
INTEL_PROBE end=expired_mtf call=2 status=0 mach_before=1024355206772 mach_after=1024355319628
INTEL_PROBE capture=expired_mtf call=2 exec_before=6783177 exec_after=6891089 reason_before=37 reason=52 rip_before=65543 rip=65543 rax=1024352987656 nonce=1024352987656 witness=0
INTEL_PROBE phase=prepare_with_watchdog
INTEL_PROBE begin=finite_mtf call=3 deadline=1024361999639 rip=65543 nonce=1024355448899 witness=0
INTEL_PROBE end=finite_mtf call=3 status=0 mach_before=1024357023016 mach_after=1024357658725
INTEL_PROBE capture=finite_mtf call=3 exec_before=7435399 exec_after=7911562 reason_before=37 reason=37 rip_before=65543 rip=65546 rax=1024355448900 nonce=1024355448899 witness=0
INTEL_PROBE phase=verified_retry
INTEL_PROBE phase=prepare_with_watchdog
INTEL_PROBE phase=finite_retirement
[       OK ] HvfIntelProbe.FiniteDeadline (27 ms)
[----------] 1 test from HvfIntelProbe (27 ms total)

[==========] 1 test from 1 test suite ran. (27 ms total)
[  PASSED  ] 1 test.

Repeating all tests (iteration 80) . . .

Note: Google Test filter = HvfIntelProbe.FiniteDeadline
[==========] Running 1 test from 1 test suite.
[----------] 1 test from HvfIntelProbe
[ RUN      ] HvfIntelProbe.FiniteDeadline
INTEL_PROBE phase=executor_initialization
INTEL_PROBE phase=startup_probe
INTEL_PROBE phase=prepare_with_watchdog
INTEL_PROBE begin=finite_loop call=1 deadline=1024378866825 rip=65537 nonce=1024372368182 witness=0
INTEL_PROBE end=finite_loop call=1 status=0 mach_before=1024373891538 mach_after=1024381549746
INTEL_PROBE capture=finite_loop call=1 exec_before=1608980 exec_after=9071861 reason_before=37 reason=1 rip_before=65537 rip=65540 rax=1024372368182 nonce=1024372368182 witness=1024372368182
INTEL_PROBE phase=prepare_with_watchdog
INTEL_PROBE begin=expired_mtf call=2 deadline=0 rip=65543 nonce=1024381682910 witness=0
INTEL_PROBE end=expired_mtf call=2 status=0 mach_before=1024383823789 mach_after=1024383923822
INTEL_PROBE capture=expired_mtf call=2 exec_before=9602285 exec_after=9697493 reason_before=37 reason=52 rip_before=65543 rip=65543 rax=1024381682910 nonce=1024381682910 witness=0
INTEL_PROBE phase=prepare_with_watchdog
INTEL_PROBE begin=finite_mtf call=3 deadline=1024390765035 rip=65543 nonce=1024384013538 witness=0
INTEL_PROBE end=finite_mtf call=3 status=0 mach_before=1024385784471 mach_after=1024386480520
INTEL_PROBE capture=finite_mtf call=3 exec_before=10240744 exec_after=10777413 reason_before=37 reason=37 rip_before=65543 rip=65546 rax=1024384013539 nonce=1024384013538 witness=0
INTEL_PROBE phase=verified_retry
INTEL_PROBE phase=prepare_with_watchdog
INTEL_PROBE phase=finite_retirement
[       OK ] HvfIntelProbe.FiniteDeadline (29 ms)
[----------] 1 test from HvfIntelProbe (29 ms total)

[==========] 1 test from 1 test suite ran. (29 ms total)
[  PASSED  ] 1 test.

Repeating all tests (iteration 81) . . .

Note: Google Test filter = HvfIntelProbe.FiniteDeadline
[==========] Running 1 test from 1 test suite.
[----------] 1 test from HvfIntelProbe
[ RUN      ] HvfIntelProbe.FiniteDeadline
INTEL_PROBE phase=executor_initialization
INTEL_PROBE phase=startup_probe
INTEL_PROBE phase=prepare_with_watchdog
INTEL_PROBE begin=finite_loop call=1 deadline=1024407281523 rip=65537 nonce=1024400684254 witness=0
INTEL_PROBE end=finite_loop call=1 status=0 mach_before=1024402310337 mach_after=1024411585431
INTEL_PROBE capture=finite_loop call=1 exec_before=1912249 exec_after=10955441 reason_before=37 reason=52 rip_before=65537 rip=65540 rax=1024400684254 nonce=1024400684254 witness=1024400684254
INTEL_PROBE phase=prepare_with_watchdog
INTEL_PROBE begin=expired_mtf call=2 deadline=0 rip=65543 nonce=1024411796796 witness=0
INTEL_PROBE end=expired_mtf call=2 status=0 mach_before=1024414475392 mach_after=1024414546388
INTEL_PROBE capture=expired_mtf call=2 exec_before=11535859 exec_after=11602166 reason_before=37 reason=52 rip_before=65543 rip=65543 rax=1024411796796 nonce=1024411796796 witness=0
INTEL_PROBE phase=prepare_with_watchdog
INTEL_PROBE begin=finite_mtf call=3 deadline=1024421291470 rip=65543 nonce=1024414733096 witness=0
INTEL_PROBE end=finite_mtf call=3 status=0 mach_before=1024416331270 mach_after=1024417181081
INTEL_PROBE capture=finite_mtf call=3 exec_before=12065830 exec_after=12594550 reason_before=37 reason=1 rip_before=65543 rip=65543 rax=1024414733096 nonce=1024414733096 witness=0
INTEL_PROBE phase=verified_retry
INTEL_PROBE phase=prepare_with_watchdog
INTEL_PROBE phase=finite_retirement
[       OK ] HvfIntelProbe.FiniteDeadline (34 ms)
[----------] 1 test from HvfIntelProbe (34 ms total)

[==========] 1 test from 1 test suite ran. (34 ms total)
[  PASSED  ] 1 test.

Repeating all tests (iteration 82) . . .

Note: Google Test filter = HvfIntelProbe.FiniteDeadline
[==========] Running 1 test from 1 test suite.
[----------] 1 test from HvfIntelProbe
[ RUN      ] HvfIntelProbe.FiniteDeadline
INTEL_PROBE phase=executor_initialization
INTEL_PROBE phase=startup_probe
INTEL_PROBE phase=prepare_with_watchdog
INTEL_PROBE begin=finite_loop call=1 deadline=1024450972893 rip=65537 nonce=1024444046623 witness=0
INTEL_PROBE end=finite_loop call=1 status=0 mach_before=1024446011202 mach_after=1024449871924
INTEL_PROBE capture=finite_loop call=1 exec_before=2433112 exec_after=5625157 reason_before=37 reason=1 rip_before=65537 rip=65540 rax=1024444046623 nonce=1024444046623 witness=1024444046623
INTEL_PROBE begin=finite_loop call=2 deadline=1024450972893 rip=65540 nonce=1024444046623 witness=1024444046623
INTEL_PROBE end=finite_loop call=2 status=0 mach_before=1024449957820 mach_after=1024450499019
INTEL_PROBE capture=finite_loop call=2 exec_before=5625157 exec_after=6006032 reason_before=1 reason=1 rip_before=65540 rip=65540 rax=1024444046623 nonce=1024444046623 witness=1024444046623
INTEL_PROBE begin=finite_loop call=3 deadline=1024450972893 rip=65540 nonce=1024444046623 witness=1024444046623
INTEL_PROBE end=finite_loop call=3 status=0 mach_before=1024450566610 mach_after=1024450697881
INTEL_PROBE capture=finite_loop call=3 exec_before=6006032 exec_after=6112933 reason_before=1 reason=1 rip_before=65540 rip=65540 rax=1024444046623 nonce=1024444046623 witness=1024444046623
INTEL_PROBE begin=finite_loop call=4 deadline=1024450972893 rip=65540 nonce=1024444046623 witness=1024444046623
INTEL_PROBE end=finite_loop call=4 status=0 mach_before=1024450719911 mach_after=1024451698684
INTEL_PROBE capture=finite_loop call=4 exec_before=6112933 exec_after=6199733 reason_before=1 reason=1 rip_before=65540 rip=65540 rax=1024444046623 nonce=1024444046623 witness=1024444046623
INTEL_PROBE phase=prepare_with_watchdog
INTEL_PROBE begin=expired_mtf call=5 deadline=0 rip=65543 nonce=1024451784771 witness=0
INTEL_PROBE end=expired_mtf call=5 status=0 mach_before=1024456345273 mach_after=1024456442827
INTEL_PROBE capture=expired_mtf call=5 exec_before=7125870 exec_after=7198394 reason_before=37 reason=52 rip_before=65543 rip=65543 rax=1024451784771 nonce=1024451784771 witness=0
INTEL_PROBE phase=prepare_with_watchdog
INTEL_PROBE begin=finite_mtf call=6 deadline=1024464373833 rip=65543 nonce=1024456542043 witness=0
INTEL_PROBE end=finite_mtf call=6 status=0 mach_before=1024459407319 mach_after=1024460437405
INTEL_PROBE capture=finite_mtf call=6 exec_before=8173322 exec_after=8852987 reason_before=37 reason=37 rip_before=65543 rip=65546 rax=1024456542044 nonce=1024456542043 witness=0
INTEL_PROBE phase=verified_retry
INTEL_PROBE phase=prepare_with_watchdog
INTEL_PROBE phase=finite_retirement
[       OK ] HvfIntelProbe.FiniteDeadline (39 ms)
[----------] 1 test from HvfIntelProbe (39 ms total)

[==========] 1 test from 1 test suite ran. (39 ms total)
[  PASSED  ] 1 test.

Repeating all tests (iteration 83) . . .

Note: Google Test filter = HvfIntelProbe.FiniteDeadline
[==========] Running 1 test from 1 test suite.
[----------] 1 test from HvfIntelProbe
[ RUN      ] HvfIntelProbe.FiniteDeadline
INTEL_PROBE phase=executor_initialization
INTEL_PROBE phase=startup_probe
INTEL_PROBE phase=prepare_with_watchdog
INTEL_PROBE begin=finite_loop call=1 deadline=1024482853405 rip=65537 nonce=1024475944002 witness=0
INTEL_PROBE end=finite_loop call=1 status=0 mach_before=1024477888896 mach_after=1024482775153
INTEL_PROBE capture=finite_loop call=1 exec_before=1496875 exec_after=6144397 reason_before=37 reason=1 rip_before=65537 rip=65540 rax=1024475944002 nonce=1024475944002 witness=1024475944002
INTEL_PROBE begin=finite_loop call=2 deadline=1024482853405 rip=65540 nonce=1024475944002 witness=1024475944002
INTEL_PROBE end=finite_loop call=2 status=0 mach_before=1024482834758 mach_after=1024482914673
INTEL_PROBE capture=finite_loop call=2 exec_before=6144397 exec_after=6220148 reason_before=1 reason=52 rip_before=65540 rip=65540 rax=1024475944002 nonce=1024475944002 witness=1024475944002
INTEL_PROBE phase=prepare_with_watchdog
INTEL_PROBE begin=expired_mtf call=3 deadline=0 rip=65543 nonce=1024482995557 witness=0
INTEL_PROBE end=expired_mtf call=3 status=0 mach_before=1024485973400 mach_after=1024486174061
INTEL_PROBE capture=expired_mtf call=3 exec_before=6903049 exec_after=7098274 reason_before=37 reason=52 rip_before=65543 rip=65543 rax=1024482995557 nonce=1024482995557 witness=0
INTEL_PROBE phase=prepare_with_watchdog
INTEL_PROBE begin=finite_mtf call=4 deadline=1024492910606 rip=65543 nonce=1024486298156 witness=0
INTEL_PROBE end=finite_mtf call=4 status=0 mach_before=1024487944362 mach_after=1024488695283
INTEL_PROBE capture=finite_mtf call=4 exec_before=7628638 exec_after=8213801 reason_before=37 reason=37 rip_before=65543 rip=65546 rax=1024486298157 nonce=1024486298156 witness=0
INTEL_PROBE phase=verified_retry
INTEL_PROBE phase=prepare_with_watchdog
INTEL_PROBE phase=finite_retirement
[       OK ] HvfIntelProbe.FiniteDeadline (27 ms)
[----------] 1 test from HvfIntelProbe (28 ms total)

[==========] 1 test from 1 test suite ran. (28 ms total)
[  PASSED  ] 1 test.

Repeating all tests (iteration 84) . . .

Note: Google Test filter = HvfIntelProbe.FiniteDeadline
[==========] Running 1 test from 1 test suite.
[----------] 1 test from HvfIntelProbe
[ RUN      ] HvfIntelProbe.FiniteDeadline
INTEL_PROBE phase=executor_initialization
INTEL_PROBE phase=startup_probe
INTEL_PROBE phase=prepare_with_watchdog
INTEL_PROBE begin=finite_loop call=1 deadline=1024510625465 rip=65537 nonce=1024503924109 witness=0
INTEL_PROBE end=finite_loop call=1 status=0 mach_before=1024505653299 mach_after=1024507173071
INTEL_PROBE capture=finite_loop call=1 exec_before=2072973 exec_after=3317054 reason_before=37 reason=1 rip_before=65537 rip=65540 rax=1024503924109 nonce=1024503924109 witness=1024503924109
INTEL_PROBE begin=finite_loop call=2 deadline=1024510625465 rip=65540 nonce=1024503924109 witness=1024503924109
INTEL_PROBE end=finite_loop call=2 status=0 mach_before=1024507226127 mach_after=1024510684665
INTEL_PROBE capture=finite_loop call=2 exec_before=3317054 exec_after=6736045 reason_before=1 reason=52 rip_before=65540 rip=65540 rax=1024503924109 nonce=1024503924109 witness=1024503924109
INTEL_PROBE phase=prepare_with_watchdog
INTEL_PROBE begin=expired_mtf call=3 deadline=0 rip=65543 nonce=1024510809415 witness=0
INTEL_PROBE end=expired_mtf call=3 status=0 mach_before=1024513879457 mach_after=1024513949355
INTEL_PROBE capture=expired_mtf call=3 exec_before=7289028 exec_after=7353982 reason_before=37 reason=52 rip_before=65543 rip=65543 rax=1024510809415 nonce=1024510809415 witness=0
INTEL_PROBE phase=prepare_with_watchdog
INTEL_PROBE begin=finite_mtf call=4 deadline=1024520835333 rip=65543 nonce=1024514040417 witness=0
INTEL_PROBE end=finite_mtf call=4 status=0 mach_before=1024515875324 mach_after=1024516494759
INTEL_PROBE capture=finite_mtf call=4 exec_before=7843649 exec_after=8325899 reason_before=37 reason=37 rip_before=65543 rip=65546 rax=1024514040418 nonce=1024514040417 witness=0
INTEL_PROBE phase=verified_retry
INTEL_PROBE phase=prepare_with_watchdog
INTEL_PROBE phase=finite_retirement
[       OK ] HvfIntelProbe.FiniteDeadline (27 ms)
[----------] 1 test from HvfIntelProbe (27 ms total)

[==========] 1 test from 1 test suite ran. (27 ms total)
[  PASSED  ] 1 test.

Repeating all tests (iteration 85) . . .

Note: Google Test filter = HvfIntelProbe.FiniteDeadline
[==========] Running 1 test from 1 test suite.
[----------] 1 test from HvfIntelProbe
[ RUN      ] HvfIntelProbe.FiniteDeadline
INTEL_PROBE phase=executor_initialization
INTEL_PROBE phase=startup_probe
INTEL_PROBE phase=prepare_with_watchdog
INTEL_PROBE begin=finite_loop call=1 deadline=1024538373664 rip=65537 nonce=1024531661054 witness=0
INTEL_PROBE end=finite_loop call=1 status=0 mach_before=1024533399545 mach_after=1024538450976
INTEL_PROBE capture=finite_loop call=1 exec_before=2785458 exec_after=7494261 reason_before=37 reason=52 rip_before=65537 rip=65540 rax=1024531661054 nonce=1024531661054 witness=1024531661054
INTEL_PROBE phase=prepare_with_watchdog
INTEL_PROBE begin=expired_mtf call=2 deadline=0 rip=65543 nonce=1024538564963 witness=0
INTEL_PROBE end=expired_mtf call=2 status=0 mach_before=1024540768952 mach_after=1024540843163
INTEL_PROBE capture=expired_mtf call=2 exec_before=8094355 exec_after=8163403 reason_before=37 reason=52 rip_before=65543 rip=65543 rax=1024538564963 nonce=1024538564963 witness=0
INTEL_PROBE phase=prepare_with_watchdog
INTEL_PROBE begin=finite_mtf call=3 deadline=1024547362469 rip=65543 nonce=1024540934210 witness=0
INTEL_PROBE end=finite_mtf call=3 status=0 mach_before=1024542392876 mach_after=1024543127639
INTEL_PROBE capture=finite_mtf call=3 exec_before=8698631 exec_after=9277676 reason_before=37 reason=37 rip_before=65543 rip=65546 rax=1024540934211 nonce=1024540934210 witness=0
INTEL_PROBE phase=verified_retry
INTEL_PROBE phase=prepare_with_watchdog
INTEL_PROBE phase=finite_retirement
[       OK ] HvfIntelProbe.FiniteDeadline (26 ms)
[----------] 1 test from HvfIntelProbe (26 ms total)

[==========] 1 test from 1 test suite ran. (26 ms total)
[  PASSED  ] 1 test.

Repeating all tests (iteration 86) . . .

Note: Google Test filter = HvfIntelProbe.FiniteDeadline
[==========] Running 1 test from 1 test suite.
[----------] 1 test from HvfIntelProbe
[ RUN      ] HvfIntelProbe.FiniteDeadline
INTEL_PROBE phase=executor_initialization
INTEL_PROBE phase=startup_probe
INTEL_PROBE phase=prepare_with_watchdog
INTEL_PROBE begin=finite_loop call=1 deadline=1024566534484 rip=65537 nonce=1024559931607 witness=0
INTEL_PROBE end=finite_loop call=1 status=0 mach_before=1024561567535 mach_after=1024568605276
INTEL_PROBE capture=finite_loop call=1 exec_before=2302406 exec_after=9096507 reason_before=37 reason=52 rip_before=65537 rip=65540 rax=1024559931607 nonce=1024559931607 witness=1024559931607
INTEL_PROBE phase=prepare_with_watchdog
INTEL_PROBE begin=expired_mtf call=2 deadline=0 rip=65543 nonce=1024568741659 witness=0
INTEL_PROBE end=expired_mtf call=2 status=0 mach_before=1024570874127 mach_after=1024570974511
INTEL_PROBE capture=expired_mtf call=2 exec_before=9687916 exec_after=9782562 reason_before=37 reason=52 rip_before=65543 rip=65543 rax=1024568741659 nonce=1024568741659 witness=0
INTEL_PROBE phase=prepare_with_watchdog
INTEL_PROBE begin=finite_mtf call=3 deadline=1024577927199 rip=65543 nonce=1024571117758 witness=0
INTEL_PROBE end=finite_mtf call=3 status=0 mach_before=1024572957386 mach_after=1024573778565
INTEL_PROBE capture=finite_mtf call=3 exec_before=10445726 exec_after=11115790 reason_before=37 reason=37 rip_before=65543 rip=65546 rax=1024571117759 nonce=1024571117758 witness=0
INTEL_PROBE phase=verified_retry
INTEL_PROBE phase=prepare_with_watchdog
INTEL_PROBE phase=finite_retirement
[       OK ] HvfIntelProbe.FiniteDeadline (31 ms)
[----------] 1 test from HvfIntelProbe (31 ms total)

[==========] 1 test from 1 test suite ran. (31 ms total)
[  PASSED  ] 1 test.

Repeating all tests (iteration 87) . . .

Note: Google Test filter = HvfIntelProbe.FiniteDeadline
[==========] Running 1 test from 1 test suite.
[----------] 1 test from HvfIntelProbe
[ RUN      ] HvfIntelProbe.FiniteDeadline
INTEL_PROBE phase=executor_initialization
INTEL_PROBE phase=startup_probe
INTEL_PROBE phase=prepare_with_watchdog
INTEL_PROBE begin=finite_loop call=1 deadline=1024598019346 rip=65537 nonce=1024591353439 witness=0
INTEL_PROBE end=finite_loop call=1 status=0 mach_before=1024593058476 mach_after=1024598166289
INTEL_PROBE capture=finite_loop call=1 exec_before=2179089 exec_after=7044274 reason_before=37 reason=52 rip_before=65537 rip=65540 rax=1024591353439 nonce=1024591353439 witness=1024591353439
INTEL_PROBE phase=prepare_with_watchdog
INTEL_PROBE begin=expired_mtf call=2 deadline=0 rip=65543 nonce=1024598325932 witness=0
INTEL_PROBE end=expired_mtf call=2 status=0 mach_before=1024600606318 mach_after=1024600741569
INTEL_PROBE capture=expired_mtf call=2 exec_before=7620823 exec_after=7730897 reason_before=37 reason=52 rip_before=65543 rip=65543 rax=1024598325932 nonce=1024598325932 witness=0
INTEL_PROBE phase=prepare_with_watchdog
INTEL_PROBE begin=finite_mtf call=3 deadline=1024607489682 rip=65543 nonce=1024600877838 witness=0
INTEL_PROBE end=finite_mtf call=3 status=0 mach_before=1024602512456 mach_after=1024603355649
INTEL_PROBE capture=finite_mtf call=3 exec_before=8270691 exec_after=8917860 reason_before=37 reason=37 rip_before=65543 rip=65546 rax=1024600877839 nonce=1024600877838 witness=0
INTEL_PROBE phase=verified_retry
INTEL_PROBE phase=prepare_with_watchdog
INTEL_PROBE phase=finite_retirement
[       OK ] HvfIntelProbe.FiniteDeadline (28 ms)
[----------] 1 test from HvfIntelProbe (28 ms total)

[==========] 1 test from 1 test suite ran. (28 ms total)
[  PASSED  ] 1 test.

Repeating all tests (iteration 88) . . .

Note: Google Test filter = HvfIntelProbe.FiniteDeadline
[==========] Running 1 test from 1 test suite.
[----------] 1 test from HvfIntelProbe
[ RUN      ] HvfIntelProbe.FiniteDeadline
INTEL_PROBE phase=executor_initialization
INTEL_PROBE phase=startup_probe
INTEL_PROBE phase=prepare_with_watchdog
INTEL_PROBE begin=finite_loop call=1 deadline=1024625575257 rip=65537 nonce=1024618830320 witness=0
INTEL_PROBE end=finite_loop call=1 status=0 mach_before=1024620617783 mach_after=1024628737674
INTEL_PROBE capture=finite_loop call=1 exec_before=2127976 exec_after=10026087 reason_before=37 reason=52 rip_before=65537 rip=65540 rax=1024618830320 nonce=1024618830320 witness=1024618830320
INTEL_PROBE phase=prepare_with_watchdog
INTEL_PROBE begin=expired_mtf call=2 deadline=0 rip=65543 nonce=1024628861180 witness=0
INTEL_PROBE end=expired_mtf call=2 status=0 mach_before=1024631430154 mach_after=1024631509384
INTEL_PROBE capture=expired_mtf call=2 exec_before=10647445 exec_after=10722449 reason_before=37 reason=52 rip_before=65543 rip=65543 rax=1024628861180 nonce=1024628861180 witness=0
INTEL_PROBE phase=prepare_with_watchdog
INTEL_PROBE begin=finite_mtf call=3 deadline=1024638410344 rip=65543 nonce=1024631613638 witness=0
INTEL_PROBE end=finite_mtf call=3 status=0 mach_before=1024633442874 mach_after=1024634094530
INTEL_PROBE capture=finite_mtf call=3 exec_before=11360230 exec_after=11855509 reason_before=37 reason=37 rip_before=65543 rip=65546 rax=1024631613639 nonce=1024631613638 witness=0
INTEL_PROBE phase=verified_retry
INTEL_PROBE phase=prepare_with_watchdog
INTEL_PROBE phase=finite_retirement
[       OK ] HvfIntelProbe.FiniteDeadline (30 ms)
[----------] 1 test from HvfIntelProbe (30 ms total)

[==========] 1 test from 1 test suite ran. (30 ms total)
[  PASSED  ] 1 test.

Repeating all tests (iteration 89) . . .

Note: Google Test filter = HvfIntelProbe.FiniteDeadline
[==========] Running 1 test from 1 test suite.
[----------] 1 test from HvfIntelProbe
[ RUN      ] HvfIntelProbe.FiniteDeadline
INTEL_PROBE phase=executor_initialization
INTEL_PROBE phase=startup_probe
INTEL_PROBE phase=prepare_with_watchdog
INTEL_PROBE begin=finite_loop call=1 deadline=1024657545659 rip=65537 nonce=1024650736197 witness=0
INTEL_PROBE end=finite_loop call=1 status=0 mach_before=1024652574948 mach_after=1024656461963
INTEL_PROBE capture=finite_loop call=1 exec_before=2462383 exec_after=6060784 reason_before=37 reason=1 rip_before=65537 rip=65540 rax=1024650736197 nonce=1024650736197 witness=1024650736197
INTEL_PROBE begin=finite_loop call=2 deadline=1024657545659 rip=65540 nonce=1024650736197 witness=1024650736197
INTEL_PROBE end=finite_loop call=2 status=0 mach_before=1024656528210 mach_after=1024657634511
INTEL_PROBE capture=finite_loop call=2 exec_before=6060784 exec_after=7158164 reason_before=1 reason=52 rip_before=65540 rip=65540 rax=1024650736197 nonce=1024650736197 witness=1024650736197
INTEL_PROBE phase=prepare_with_watchdog
INTEL_PROBE begin=expired_mtf call=3 deadline=0 rip=65543 nonce=1024657767345 witness=0
INTEL_PROBE end=expired_mtf call=3 status=0 mach_before=1024660162958 mach_after=1024660242243
INTEL_PROBE capture=expired_mtf call=3 exec_before=7748054 exec_after=7822424 reason_before=37 reason=52 rip_before=65543 rip=65543 rax=1024657767345 nonce=1024657767345 witness=0
INTEL_PROBE phase=prepare_with_watchdog
INTEL_PROBE begin=finite_mtf call=4 deadline=1024667357209 rip=65543 nonce=1024660451456 witness=0
INTEL_PROBE end=finite_mtf call=4 status=0 mach_before=1024662393079 mach_after=1024663213131
INTEL_PROBE capture=finite_mtf call=4 exec_before=8416281 exec_after=9021050 reason_before=37 reason=37 rip_before=65543 rip=65546 rax=1024660451457 nonce=1024660451456 witness=0
INTEL_PROBE phase=verified_retry
INTEL_PROBE phase=prepare_with_watchdog
INTEL_PROBE phase=finite_retirement
[       OK ] HvfIntelProbe.FiniteDeadline (29 ms)
[----------] 1 test from HvfIntelProbe (29 ms total)

[==========] 1 test from 1 test suite ran. (29 ms total)
[  PASSED  ] 1 test.

Repeating all tests (iteration 90) . . .

Note: Google Test filter = HvfIntelProbe.FiniteDeadline
[==========] Running 1 test from 1 test suite.
[----------] 1 test from HvfIntelProbe
[ RUN      ] HvfIntelProbe.FiniteDeadline
INTEL_PROBE phase=executor_initialization
INTEL_PROBE phase=startup_probe
INTEL_PROBE phase=prepare_with_watchdog
INTEL_PROBE begin=finite_loop call=1 deadline=1024687978142 rip=65537 nonce=1024680842704 witness=0
INTEL_PROBE end=finite_loop call=1 status=0 mach_before=1024683007876 mach_after=1024688036829
INTEL_PROBE capture=finite_loop call=1 exec_before=2307136 exec_after=7009578 reason_before=37 reason=52 rip_before=65537 rip=65540 rax=1024680842704 nonce=1024680842704 witness=1024680842704
INTEL_PROBE phase=prepare_with_watchdog
INTEL_PROBE begin=expired_mtf call=2 deadline=0 rip=65543 nonce=1024688138963 witness=0
INTEL_PROBE end=expired_mtf call=2 status=0 mach_before=1024690848960 mach_after=1024690974635
INTEL_PROBE capture=expired_mtf call=2 exec_before=7759277 exec_after=7879727 reason_before=37 reason=52 rip_before=65543 rip=65543 rax=1024688138963 nonce=1024688138963 witness=0
INTEL_PROBE phase=prepare_with_watchdog
INTEL_PROBE begin=finite_mtf call=3 deadline=1024697854900 rip=65543 nonce=1024691081751 witness=0
INTEL_PROBE end=finite_mtf call=3 status=0 mach_before=1024692892120 mach_after=1024693737070
INTEL_PROBE capture=finite_mtf call=3 exec_before=8502510 exec_after=9150850 reason_before=37 reason=37 rip_before=65543 rip=65546 rax=1024691081752 nonce=1024691081751 witness=0
INTEL_PROBE phase=verified_retry
INTEL_PROBE phase=prepare_with_watchdog
INTEL_PROBE phase=finite_retirement
[       OK ] HvfIntelProbe.FiniteDeadline (30 ms)
[----------] 1 test from HvfIntelProbe (30 ms total)

[==========] 1 test from 1 test suite ran. (30 ms total)
[  PASSED  ] 1 test.

Repeating all tests (iteration 91) . . .

Note: Google Test filter = HvfIntelProbe.FiniteDeadline
[==========] Running 1 test from 1 test suite.
[----------] 1 test from HvfIntelProbe
[ RUN      ] HvfIntelProbe.FiniteDeadline
INTEL_PROBE phase=executor_initialization
INTEL_PROBE phase=startup_probe
INTEL_PROBE phase=prepare_with_watchdog
INTEL_PROBE begin=finite_loop call=1 deadline=1024717750677 rip=65537 nonce=1024710885541 witness=0
INTEL_PROBE end=finite_loop call=1 status=0 mach_before=1024712783133 mach_after=1024718761079
INTEL_PROBE capture=finite_loop call=1 exec_before=2376536 exec_after=8174951 reason_before=37 reason=52 rip_before=65537 rip=65540 rax=1024710885541 nonce=1024710885541 witness=1024710885541
INTEL_PROBE phase=prepare_with_watchdog
INTEL_PROBE begin=expired_mtf call=2 deadline=0 rip=65543 nonce=1024718875286 witness=0
INTEL_PROBE end=expired_mtf call=2 status=0 mach_before=1024721037088 mach_after=1024721115115
INTEL_PROBE capture=expired_mtf call=2 exec_before=8756331 exec_after=8829895 reason_before=37 reason=52 rip_before=65543 rip=65543 rax=1024718875286 nonce=1024718875286 witness=0
INTEL_PROBE phase=prepare_with_watchdog
INTEL_PROBE begin=finite_mtf call=3 deadline=1024727890132 rip=65543 nonce=1024721205477 witness=0
INTEL_PROBE end=finite_mtf call=3 status=0 mach_before=1024722923075 mach_after=1024723607239
INTEL_PROBE capture=finite_mtf call=3 exec_before=9484780 exec_after=10009529 reason_before=37 reason=37 rip_before=65543 rip=65546 rax=1024721205478 nonce=1024721205477 witness=0
INTEL_PROBE phase=verified_retry
INTEL_PROBE phase=prepare_with_watchdog
INTEL_PROBE phase=finite_retirement
[       OK ] HvfIntelProbe.FiniteDeadline (30 ms)
[----------] 1 test from HvfIntelProbe (30 ms total)

[==========] 1 test from 1 test suite ran. (30 ms total)
[  PASSED  ] 1 test.

Repeating all tests (iteration 92) . . .

Note: Google Test filter = HvfIntelProbe.FiniteDeadline
[==========] Running 1 test from 1 test suite.
[----------] 1 test from HvfIntelProbe
[ RUN      ] HvfIntelProbe.FiniteDeadline
INTEL_PROBE phase=executor_initialization
INTEL_PROBE phase=startup_probe
INTEL_PROBE phase=prepare_with_watchdog
INTEL_PROBE begin=finite_loop call=1 deadline=1024749196007 rip=65537 nonce=1024742625629 witness=0
INTEL_PROBE end=finite_loop call=1 status=0 mach_before=1024744246943 mach_after=1024749755902
INTEL_PROBE capture=finite_loop call=1 exec_before=3094791 exec_after=8294768 reason_before=37 reason=52 rip_before=65537 rip=65540 rax=1024742625629 nonce=1024742625629 witness=1024742625629
INTEL_PROBE phase=prepare_with_watchdog
INTEL_PROBE begin=expired_mtf call=2 deadline=0 rip=65543 nonce=1024749862476 witness=0
INTEL_PROBE end=expired_mtf call=2 status=0 mach_before=1024752109902 mach_after=1024752195738
INTEL_PROBE capture=expired_mtf call=2 exec_before=8800404 exec_after=8881399 reason_before=37 reason=52 rip_before=65543 rip=65543 rax=1024749862476 nonce=1024749862476 witness=0
INTEL_PROBE phase=prepare_with_watchdog
INTEL_PROBE begin=finite_mtf call=3 deadline=1024759044706 rip=65543 nonce=1024752301998 witness=0
INTEL_PROBE end=finite_mtf call=3 status=0 mach_before=1024754070382 mach_after=1024754969423
INTEL_PROBE capture=finite_mtf call=3 exec_before=9376686 exec_after=10013808 reason_before=37 reason=37 rip_before=65543 rip=65546 rax=1024752301999 nonce=1024752301998 witness=0
INTEL_PROBE phase=verified_retry
INTEL_PROBE phase=prepare_with_watchdog
INTEL_PROBE phase=finite_retirement
[       OK ] HvfIntelProbe.FiniteDeadline (30 ms)
[----------] 1 test from HvfIntelProbe (30 ms total)

[==========] 1 test from 1 test suite ran. (30 ms total)
[  PASSED  ] 1 test.

Repeating all tests (iteration 93) . . .

Note: Google Test filter = HvfIntelProbe.FiniteDeadline
[==========] Running 1 test from 1 test suite.
[----------] 1 test from HvfIntelProbe
[ RUN      ] HvfIntelProbe.FiniteDeadline
INTEL_PROBE phase=executor_initialization
INTEL_PROBE phase=startup_probe
INTEL_PROBE phase=prepare_with_watchdog
INTEL_PROBE begin=finite_loop call=1 deadline=1024777002761 rip=65537 nonce=1024770103593 witness=0
INTEL_PROBE end=finite_loop call=1 status=0 mach_before=1024772043927 mach_after=1024790850591
INTEL_PROBE capture=finite_loop call=1 exec_before=2125639 exec_after=20717868 reason_before=37 reason=52 rip_before=65537 rip=65540 rax=1024770103593 nonce=1024770103593 witness=1024770103593
INTEL_PROBE phase=prepare_with_watchdog
INTEL_PROBE begin=expired_mtf call=2 deadline=0 rip=65543 nonce=1024790985293 witness=0
INTEL_PROBE end=expired_mtf call=2 status=0 mach_before=1024793506531 mach_after=1024793588844
INTEL_PROBE capture=expired_mtf call=2 exec_before=21298581 exec_after=21375674 reason_before=37 reason=52 rip_before=65543 rip=65543 rax=1024790985293 nonce=1024790985293 witness=0
INTEL_PROBE phase=prepare_with_watchdog
INTEL_PROBE begin=finite_mtf call=3 deadline=1024800619247 rip=65543 nonce=1024793760775 witness=0
INTEL_PROBE end=finite_mtf call=3 status=0 mach_before=1024795664259 mach_after=1024795875157
INTEL_PROBE capture=finite_mtf call=3 exec_before=22032510 exec_after=22212774 reason_before=37 reason=1 rip_before=65543 rip=65543 rax=1024793760775 nonce=1024793760775 witness=0
INTEL_PROBE phase=verified_retry
INTEL_PROBE phase=prepare_with_watchdog
INTEL_PROBE phase=finite_retirement
[       OK ] HvfIntelProbe.FiniteDeadline (42 ms)
[----------] 1 test from HvfIntelProbe (42 ms total)

[==========] 1 test from 1 test suite ran. (42 ms total)
[  PASSED  ] 1 test.

Repeating all tests (iteration 94) . . .

Note: Google Test filter = HvfIntelProbe.FiniteDeadline
[==========] Running 1 test from 1 test suite.
[----------] 1 test from HvfIntelProbe
[ RUN      ] HvfIntelProbe.FiniteDeadline
INTEL_PROBE phase=executor_initialization
INTEL_PROBE phase=startup_probe
INTEL_PROBE phase=prepare_with_watchdog
INTEL_PROBE begin=finite_loop call=1 deadline=1024821728581 rip=65537 nonce=1024814957534 witness=0
INTEL_PROBE end=finite_loop call=1 status=0 mach_before=1024816775192 mach_after=1024822773256
INTEL_PROBE capture=finite_loop call=1 exec_before=2513875 exec_after=8303699 reason_before=37 reason=52 rip_before=65537 rip=65540 rax=1024814957534 nonce=1024814957534 witness=1024814957534
INTEL_PROBE phase=prepare_with_watchdog
INTEL_PROBE begin=expired_mtf call=2 deadline=0 rip=65543 nonce=1024822917204 witness=0
INTEL_PROBE end=expired_mtf call=2 status=0 mach_before=1024825289223 mach_after=1024825421192
INTEL_PROBE capture=expired_mtf call=2 exec_before=8913354 exec_after=9039034 reason_before=37 reason=52 rip_before=65543 rip=65543 rax=1024822917204 nonce=1024822917204 witness=0
INTEL_PROBE phase=prepare_with_watchdog
INTEL_PROBE begin=finite_mtf call=3 deadline=1024832118611 rip=65543 nonce=1024825514083 witness=0
INTEL_PROBE end=finite_mtf call=3 status=0 mach_before=1024827163670 mach_after=1024828037665
INTEL_PROBE capture=finite_mtf call=3 exec_before=9568182 exec_after=10241450 reason_before=37 reason=37 rip_before=65543 rip=65546 rax=1024825514084 nonce=1024825514083 witness=0
INTEL_PROBE phase=verified_retry
INTEL_PROBE phase=prepare_with_watchdog
INTEL_PROBE phase=finite_retirement
[       OK ] HvfIntelProbe.FiniteDeadline (31 ms)
[----------] 1 test from HvfIntelProbe (31 ms total)

[==========] 1 test from 1 test suite ran. (31 ms total)
[  PASSED  ] 1 test.

Repeating all tests (iteration 95) . . .

Note: Google Test filter = HvfIntelProbe.FiniteDeadline
[==========] Running 1 test from 1 test suite.
[----------] 1 test from HvfIntelProbe
[ RUN      ] HvfIntelProbe.FiniteDeadline
INTEL_PROBE phase=executor_initialization
INTEL_PROBE phase=startup_probe
INTEL_PROBE phase=prepare_with_watchdog
INTEL_PROBE begin=finite_loop call=1 deadline=1024852769623 rip=65537 nonce=1024845359866 witness=0
INTEL_PROBE end=finite_loop call=1 status=0 mach_before=1024847831562 mach_after=1024852437654
INTEL_PROBE capture=finite_loop call=1 exec_before=2827464 exec_after=7178819 reason_before=37 reason=1 rip_before=65537 rip=65540 rax=1024845359866 nonce=1024845359866 witness=1024845359866
INTEL_PROBE begin=finite_loop call=2 deadline=1024852769623 rip=65540 nonce=1024845359866 witness=1024845359866
INTEL_PROBE end=finite_loop call=2 status=0 mach_before=1024852549859 mach_after=1024852877851
INTEL_PROBE capture=finite_loop call=2 exec_before=7178819 exec_after=7472904 reason_before=1 reason=52 rip_before=65540 rip=65540 rax=1024845359866 nonce=1024845359866 witness=1024845359866
INTEL_PROBE phase=prepare_with_watchdog
INTEL_PROBE begin=expired_mtf call=3 deadline=0 rip=65543 nonce=1024852992114 witness=0
INTEL_PROBE end=expired_mtf call=3 status=0 mach_before=1024855450629 mach_after=1024855535461
INTEL_PROBE capture=expired_mtf call=3 exec_before=8056108 exec_after=8135303 reason_before=37 reason=52 rip_before=65543 rip=65543 rax=1024852992114 nonce=1024852992114 witness=0
INTEL_PROBE phase=prepare_with_watchdog
INTEL_PROBE begin=finite_mtf call=4 deadline=1024862309923 rip=65543 nonce=1024855645984 witness=0
INTEL_PROBE end=finite_mtf call=4 status=0 mach_before=1024857359397 mach_after=1024858322912
INTEL_PROBE capture=finite_mtf call=4 exec_before=8725501 exec_after=9435995 reason_before=37 reason=37 rip_before=65543 rip=65546 rax=1024855645985 nonce=1024855645984 witness=0
INTEL_PROBE phase=verified_retry
INTEL_PROBE phase=prepare_with_watchdog
INTEL_PROBE phase=finite_retirement
[       OK ] HvfIntelProbe.FiniteDeadline (29 ms)
[----------] 1 test from HvfIntelProbe (29 ms total)

[==========] 1 test from 1 test suite ran. (30 ms total)
[  PASSED  ] 1 test.

Repeating all tests (iteration 96) . . .

Note: Google Test filter = HvfIntelProbe.FiniteDeadline
[==========] Running 1 test from 1 test suite.
[----------] 1 test from HvfIntelProbe
[ RUN      ] HvfIntelProbe.FiniteDeadline
INTEL_PROBE phase=executor_initialization
INTEL_PROBE phase=startup_probe
INTEL_PROBE phase=prepare_with_watchdog
INTEL_PROBE begin=finite_loop call=1 deadline=1024883300950 rip=65537 nonce=1024876413635 witness=0
INTEL_PROBE end=finite_loop call=1 status=0 mach_before=1024878343909 mach_after=1024883601055
INTEL_PROBE capture=finite_loop call=1 exec_before=2140413 exec_after=7210109 reason_before=37 reason=52 rip_before=65537 rip=65540 rax=1024876413635 nonce=1024876413635 witness=1024876413635
INTEL_PROBE phase=prepare_with_watchdog
INTEL_PROBE begin=expired_mtf call=2 deadline=0 rip=65543 nonce=1024883738832 witness=0
INTEL_PROBE end=expired_mtf call=2 status=0 mach_before=1024886394621 mach_after=1024886495431
INTEL_PROBE capture=expired_mtf call=2 exec_before=7707143 exec_after=7802916 reason_before=37 reason=52 rip_before=65543 rip=65543 rax=1024883738832 nonce=1024883738832 witness=0
INTEL_PROBE phase=prepare_with_watchdog
INTEL_PROBE begin=finite_mtf call=3 deadline=1024893166485 rip=65543 nonce=1024886567084 witness=0
INTEL_PROBE end=finite_mtf call=3 status=0 mach_before=1024888195665 mach_after=1024888923341
INTEL_PROBE capture=finite_mtf call=3 exec_before=8333586 exec_after=8892119 reason_before=37 reason=37 rip_before=65543 rip=65546 rax=1024886567085 nonce=1024886567084 witness=0
INTEL_PROBE phase=verified_retry
INTEL_PROBE phase=prepare_with_watchdog
INTEL_PROBE phase=finite_retirement
[       OK ] HvfIntelProbe.FiniteDeadline (30 ms)
[----------] 1 test from HvfIntelProbe (30 ms total)

[==========] 1 test from 1 test suite ran. (30 ms total)
[  PASSED  ] 1 test.

Repeating all tests (iteration 97) . . .

Note: Google Test filter = HvfIntelProbe.FiniteDeadline
[==========] Running 1 test from 1 test suite.
[----------] 1 test from HvfIntelProbe
[ RUN      ] HvfIntelProbe.FiniteDeadline
INTEL_PROBE phase=executor_initialization
INTEL_PROBE phase=startup_probe
INTEL_PROBE phase=prepare_with_watchdog
INTEL_PROBE begin=finite_loop call=1 deadline=1024911806204 rip=65537 nonce=1024904859864 witness=0
INTEL_PROBE end=finite_loop call=1 status=0 mach_before=1024906860764 mach_after=1024909611714
INTEL_PROBE capture=finite_loop call=1 exec_before=1807401 exec_after=4343150 reason_before=37 reason=1 rip_before=65537 rip=65540 rax=1024904859864 nonce=1024904859864 witness=1024904859864
INTEL_PROBE begin=finite_loop call=2 deadline=1024911806204 rip=65540 nonce=1024904859864 witness=1024904859864
INTEL_PROBE end=finite_loop call=2 status=0 mach_before=1024909661588 mach_after=1024911884605
INTEL_PROBE capture=finite_loop call=2 exec_before=4343150 exec_after=6535282 reason_before=1 reason=52 rip_before=65540 rip=65540 rax=1024904859864 nonce=1024904859864 witness=1024904859864
INTEL_PROBE phase=prepare_with_watchdog
INTEL_PROBE begin=expired_mtf call=3 deadline=0 rip=65543 nonce=1024912000559 witness=0
INTEL_PROBE end=expired_mtf call=3 status=0 mach_before=1024914236032 mach_after=1024914311031
INTEL_PROBE capture=expired_mtf call=3 exec_before=7127195 exec_after=7198300 reason_before=37 reason=52 rip_before=65543 rip=65543 rax=1024912000559 nonce=1024912000559 witness=0
INTEL_PROBE phase=prepare_with_watchdog
INTEL_PROBE begin=finite_mtf call=4 deadline=1024920902489 rip=65543 nonce=1024914453379 witness=0
INTEL_PROBE end=finite_mtf call=4 status=0 mach_before=1024915931445 mach_after=1024916803697
INTEL_PROBE capture=finite_mtf call=4 exec_before=7682997 exec_after=8329729 reason_before=37 reason=37 rip_before=65543 rip=65546 rax=1024914453380 nonce=1024914453379 witness=0
INTEL_PROBE phase=verified_retry
INTEL_PROBE phase=prepare_with_watchdog
INTEL_PROBE phase=finite_retirement
[       OK ] HvfIntelProbe.FiniteDeadline (27 ms)
[----------] 1 test from HvfIntelProbe (27 ms total)

[==========] 1 test from 1 test suite ran. (27 ms total)
[  PASSED  ] 1 test.

Repeating all tests (iteration 98) . . .

Note: Google Test filter = HvfIntelProbe.FiniteDeadline
[==========] Running 1 test from 1 test suite.
[----------] 1 test from HvfIntelProbe
[ RUN      ] HvfIntelProbe.FiniteDeadline
INTEL_PROBE phase=executor_initialization
INTEL_PROBE phase=startup_probe
INTEL_PROBE phase=prepare_with_watchdog
INTEL_PROBE begin=finite_loop call=1 deadline=1024939024938 rip=65537 nonce=1024932398113 witness=0
INTEL_PROBE end=finite_loop call=1 status=0 mach_before=1024934057046 mach_after=1024941366926
INTEL_PROBE capture=finite_loop call=1 exec_before=1957611 exec_after=9020698 reason_before=37 reason=52 rip_before=65537 rip=65540 rax=1024932398113 nonce=1024932398113 witness=1024932398113
INTEL_PROBE phase=prepare_with_watchdog
INTEL_PROBE begin=expired_mtf call=2 deadline=0 rip=65543 nonce=1024941487820 witness=0
INTEL_PROBE end=expired_mtf call=2 status=0 mach_before=1024943772127 mach_after=1024943903101
INTEL_PROBE capture=expired_mtf call=2 exec_before=9550112 exec_after=9675208 reason_before=37 reason=52 rip_before=65543 rip=65543 rax=1024941487820 nonce=1024941487820 witness=0
INTEL_PROBE phase=prepare_with_watchdog
INTEL_PROBE begin=finite_mtf call=3 deadline=1024951429800 rip=65543 nonce=1024944116285 witness=0
INTEL_PROBE end=finite_mtf call=3 status=0 mach_before=1024946457205 mach_after=1024947204191
INTEL_PROBE capture=finite_mtf call=3 exec_before=10410793 exec_after=10970647 reason_before=37 reason=37 rip_before=65543 rip=65546 rax=1024944116286 nonce=1024944116285 witness=0
INTEL_PROBE phase=verified_retry
INTEL_PROBE phase=prepare_with_watchdog
INTEL_PROBE phase=finite_retirement
[       OK ] HvfIntelProbe.FiniteDeadline (30 ms)
[----------] 1 test from HvfIntelProbe (30 ms total)

[==========] 1 test from 1 test suite ran. (30 ms total)
[  PASSED  ] 1 test.

Repeating all tests (iteration 99) . . .

Note: Google Test filter = HvfIntelProbe.FiniteDeadline
[==========] Running 1 test from 1 test suite.
[----------] 1 test from HvfIntelProbe
[ RUN      ] HvfIntelProbe.FiniteDeadline
INTEL_PROBE phase=executor_initialization
INTEL_PROBE phase=startup_probe
INTEL_PROBE phase=prepare_with_watchdog
INTEL_PROBE begin=finite_loop call=1 deadline=1024971081441 rip=65537 nonce=1024964006313 witness=0
INTEL_PROBE end=finite_loop call=1 status=0 mach_before=1024966124954 mach_after=1024971162680
INTEL_PROBE capture=finite_loop call=1 exec_before=2742842 exec_after=7588079 reason_before=37 reason=52 rip_before=65537 rip=65540 rax=1024964006313 nonce=1024964006313 witness=1024964006313
INTEL_PROBE phase=prepare_with_watchdog
INTEL_PROBE begin=expired_mtf call=2 deadline=0 rip=65543 nonce=1024971292101 witness=0
INTEL_PROBE end=expired_mtf call=2 status=0 mach_before=1024973514081 mach_after=1024973672413
INTEL_PROBE capture=expired_mtf call=2 exec_before=8130674 exec_after=8283796 reason_before=37 reason=52 rip_before=65543 rip=65543 rax=1024971292101 nonce=1024971292101 witness=0
INTEL_PROBE phase=prepare_with_watchdog
INTEL_PROBE begin=finite_mtf call=3 deadline=1024980355012 rip=65543 nonce=1024973764925 witness=0
INTEL_PROBE end=finite_mtf call=3 status=0 mach_before=1024975380377 mach_after=1024976070580
INTEL_PROBE capture=finite_mtf call=3 exec_before=8813680 exec_after=9345431 reason_before=37 reason=37 rip_before=65543 rip=65546 rax=1024973764926 nonce=1024973764925 witness=0
INTEL_PROBE phase=verified_retry
INTEL_PROBE phase=prepare_with_watchdog
INTEL_PROBE phase=finite_retirement
[       OK ] HvfIntelProbe.FiniteDeadline (29 ms)
[----------] 1 test from HvfIntelProbe (29 ms total)

[==========] 1 test from 1 test suite ran. (29 ms total)
[  PASSED  ] 1 test.

Repeating all tests (iteration 100) . . .

Note: Google Test filter = HvfIntelProbe.FiniteDeadline
[==========] Running 1 test from 1 test suite.
[----------] 1 test from HvfIntelProbe
[ RUN      ] HvfIntelProbe.FiniteDeadline
INTEL_PROBE phase=executor_initialization
INTEL_PROBE phase=startup_probe
INTEL_PROBE phase=prepare_with_watchdog
INTEL_PROBE begin=finite_loop call=1 deadline=1024999865440 rip=65537 nonce=1024993033000 witness=0
INTEL_PROBE end=finite_loop call=1 status=0 mach_before=1024994894262 mach_after=1025002238194
INTEL_PROBE capture=finite_loop call=1 exec_before=2308516 exec_after=9424346 reason_before=37 reason=52 rip_before=65537 rip=65540 rax=1024993033000 nonce=1024993033000 witness=1024993033000
INTEL_PROBE phase=prepare_with_watchdog
INTEL_PROBE begin=expired_mtf call=2 deadline=0 rip=65543 nonce=1025002405416 witness=0
INTEL_PROBE end=expired_mtf call=2 status=0 mach_before=1025004617331 mach_after=1025004701049
INTEL_PROBE capture=expired_mtf call=2 exec_before=9953028 exec_after=10029915 reason_before=37 reason=52 rip_before=65543 rip=65543 rax=1025002405416 nonce=1025002405416 witness=0
INTEL_PROBE phase=prepare_with_watchdog
INTEL_PROBE begin=finite_mtf call=3 deadline=1025011518801 rip=65543 nonce=1025004930795 witness=0
INTEL_PROBE end=finite_mtf call=3 status=0 mach_before=1025006548507 mach_after=1025007289009
INTEL_PROBE capture=finite_mtf call=3 exec_before=10602316 exec_after=11198718 reason_before=37 reason=37 rip_before=65543 rip=65546 rax=1025004930796 nonce=1025004930795 witness=0
INTEL_PROBE phase=verified_retry
INTEL_PROBE phase=prepare_with_watchdog
INTEL_PROBE phase=finite_retirement
[       OK ] HvfIntelProbe.FiniteDeadline (30 ms)
[----------] 1 test from HvfIntelProbe (30 ms total)

[----------] Global test environment tear-down
[==========] 1 test from 1 test suite ran. (30 ms total)
[  PASSED  ] 1 test.
