Running main() from /Users/runner/work/test_mac_intel/test_mac_intel/source/build-hvf/_deps/googletest-src/googletest/src/gtest_main.cc

Repeating all tests (iteration 1) . . .

Note: Google Test filter = HvfIntelRecoveryProbe.WithoutHostKick
[==========] Running 1 test from 1 test suite.
[----------] Global test environment set-up.
[----------] 1 test from HvfIntelRecoveryProbe
[ RUN      ] HvfIntelRecoveryProbe.WithoutHostKick
INTEL_PROBE phase=executor_retained
INTEL_RECOVERY host_kick=omitted
INTEL_LIFECYCLE phase=vcpu_destroy_begin generation=1 owner=42432
INTEL_LIFECYCLE phase=vcpu_destroy_end generation=1 owner=42432
INTEL_LIFECYCLE phase=vm_destroy_begin generation=1 owner=42432
INTEL_LIFECYCLE phase=vm_destroy_end generation=1 owner=42432
INTEL_LIFECYCLE phase=vm_create_begin generation=2 owner=42432
INTEL_LIFECYCLE phase=vm_create_end generation=2 owner=42432
INTEL_LIFECYCLE phase=vcpu_create_begin generation=2 owner=42432
INTEL_LIFECYCLE phase=vcpu_create_end generation=2 owner=42432
[       OK ] HvfIntelRecoveryProbe.WithoutHostKick (457 ms)
[----------] 1 test from HvfIntelRecoveryProbe (458 ms total)

[==========] 1 test from 1 test suite ran. (458 ms total)
[  PASSED  ] 1 test.

Repeating all tests (iteration 2) . . .

Note: Google Test filter = HvfIntelRecoveryProbe.WithoutHostKick
[==========] Running 1 test from 1 test suite.
[----------] 1 test from HvfIntelRecoveryProbe
[ RUN      ] HvfIntelRecoveryProbe.WithoutHostKick
INTEL_PROBE phase=executor_retained
INTEL_RECOVERY host_kick=omitted
INTEL_LIFECYCLE phase=vcpu_destroy_begin generation=2 owner=42432
INTEL_LIFECYCLE phase=vcpu_destroy_end generation=2 owner=42432
INTEL_LIFECYCLE phase=vm_destroy_begin generation=2 owner=42432
INTEL_LIFECYCLE phase=vm_destroy_end generation=2 owner=42432
INTEL_LIFECYCLE phase=vm_create_begin generation=3 owner=42432
INTEL_LIFECYCLE phase=vm_create_end generation=3 owner=42432
INTEL_LIFECYCLE phase=vcpu_create_begin generation=3 owner=42432
INTEL_LIFECYCLE phase=vcpu_create_end generation=3 owner=42432
[       OK ] HvfIntelRecoveryProbe.WithoutHostKick (447 ms)
[----------] 1 test from HvfIntelRecoveryProbe (449 ms total)

[==========] 1 test from 1 test suite ran. (449 ms total)
[  PASSED  ] 1 test.

Repeating all tests (iteration 3) . . .

Note: Google Test filter = HvfIntelRecoveryProbe.WithoutHostKick
[==========] Running 1 test from 1 test suite.
[----------] 1 test from HvfIntelRecoveryProbe
[ RUN      ] HvfIntelRecoveryProbe.WithoutHostKick
INTEL_PROBE phase=executor_retained
INTEL_RECOVERY host_kick=omitted
INTEL_LIFECYCLE phase=vcpu_destroy_begin generation=3 owner=42432
INTEL_LIFECYCLE phase=vcpu_destroy_end generation=3 owner=42432
INTEL_LIFECYCLE phase=vm_destroy_begin generation=3 owner=42432
INTEL_LIFECYCLE phase=vm_destroy_end generation=3 owner=42432
INTEL_LIFECYCLE phase=vm_create_begin generation=4 owner=42432
INTEL_LIFECYCLE phase=vm_create_end generation=4 owner=42432
INTEL_LIFECYCLE phase=vcpu_create_begin generation=4 owner=42432
INTEL_LIFECYCLE phase=vcpu_create_end generation=4 owner=42432
[       OK ] HvfIntelRecoveryProbe.WithoutHostKick (339 ms)
[----------] 1 test from HvfIntelRecoveryProbe (339 ms total)

[==========] 1 test from 1 test suite ran. (339 ms total)
[  PASSED  ] 1 test.

Repeating all tests (iteration 4) . . .

Note: Google Test filter = HvfIntelRecoveryProbe.WithoutHostKick
[==========] Running 1 test from 1 test suite.
[----------] 1 test from HvfIntelRecoveryProbe
[ RUN      ] HvfIntelRecoveryProbe.WithoutHostKick
INTEL_PROBE phase=executor_retained
INTEL_RECOVERY host_kick=omitted
INTEL_LIFECYCLE phase=vcpu_destroy_begin generation=4 owner=42432
INTEL_LIFECYCLE phase=vcpu_destroy_end generation=4 owner=42432
INTEL_LIFECYCLE phase=vm_destroy_begin generation=4 owner=42432
INTEL_LIFECYCLE phase=vm_destroy_end generation=4 owner=42432
INTEL_LIFECYCLE phase=vm_create_begin generation=5 owner=42432
INTEL_LIFECYCLE phase=vm_create_end generation=5 owner=42432
INTEL_LIFECYCLE phase=vcpu_create_begin generation=5 owner=42432
INTEL_LIFECYCLE phase=vcpu_create_end generation=5 owner=42432
[       OK ] HvfIntelRecoveryProbe.WithoutHostKick (265 ms)
[----------] 1 test from HvfIntelRecoveryProbe (265 ms total)

[==========] 1 test from 1 test suite ran. (265 ms total)
[  PASSED  ] 1 test.

Repeating all tests (iteration 5) . . .

Note: Google Test filter = HvfIntelRecoveryProbe.WithoutHostKick
[==========] Running 1 test from 1 test suite.
[----------] 1 test from HvfIntelRecoveryProbe
[ RUN      ] HvfIntelRecoveryProbe.WithoutHostKick
INTEL_PROBE phase=executor_retained
INTEL_RECOVERY host_kick=omitted
INTEL_LIFECYCLE phase=vcpu_destroy_begin generation=5 owner=42432
INTEL_LIFECYCLE phase=vcpu_destroy_end generation=5 owner=42432
INTEL_LIFECYCLE phase=vm_destroy_begin generation=5 owner=42432
INTEL_LIFECYCLE phase=vm_destroy_end generation=5 owner=42432
INTEL_LIFECYCLE phase=vm_create_begin generation=6 owner=42432
INTEL_LIFECYCLE phase=vm_create_end generation=6 owner=42432
INTEL_LIFECYCLE phase=vcpu_create_begin generation=6 owner=42432
INTEL_LIFECYCLE phase=vcpu_create_end generation=6 owner=42432
[       OK ] HvfIntelRecoveryProbe.WithoutHostKick (223 ms)
[----------] 1 test from HvfIntelRecoveryProbe (223 ms total)

[==========] 1 test from 1 test suite ran. (223 ms total)
[  PASSED  ] 1 test.

Repeating all tests (iteration 6) . . .

Note: Google Test filter = HvfIntelRecoveryProbe.WithoutHostKick
[==========] Running 1 test from 1 test suite.
[----------] 1 test from HvfIntelRecoveryProbe
[ RUN      ] HvfIntelRecoveryProbe.WithoutHostKick
INTEL_PROBE phase=executor_retained
INTEL_RECOVERY host_kick=omitted
INTEL_LIFECYCLE phase=vcpu_destroy_begin generation=6 owner=42432
INTEL_LIFECYCLE phase=vcpu_destroy_end generation=6 owner=42432
INTEL_LIFECYCLE phase=vm_destroy_begin generation=6 owner=42432
INTEL_LIFECYCLE phase=vm_destroy_end generation=6 owner=42432
INTEL_LIFECYCLE phase=vm_create_begin generation=7 owner=42432
INTEL_LIFECYCLE phase=vm_create_end generation=7 owner=42432
INTEL_LIFECYCLE phase=vcpu_create_begin generation=7 owner=42432
INTEL_LIFECYCLE phase=vcpu_create_end generation=7 owner=42432
[       OK ] HvfIntelRecoveryProbe.WithoutHostKick (543 ms)
[----------] 1 test from HvfIntelRecoveryProbe (543 ms total)

[==========] 1 test from 1 test suite ran. (543 ms total)
[  PASSED  ] 1 test.

Repeating all tests (iteration 7) . . .

Note: Google Test filter = HvfIntelRecoveryProbe.WithoutHostKick
[==========] Running 1 test from 1 test suite.
[----------] 1 test from HvfIntelRecoveryProbe
[ RUN      ] HvfIntelRecoveryProbe.WithoutHostKick
INTEL_PROBE phase=executor_retained
INTEL_RECOVERY host_kick=omitted
INTEL_LIFECYCLE phase=vcpu_destroy_begin generation=7 owner=42432
INTEL_LIFECYCLE phase=vcpu_destroy_end generation=7 owner=42432
INTEL_LIFECYCLE phase=vm_destroy_begin generation=7 owner=42432
INTEL_LIFECYCLE phase=vm_destroy_end generation=7 owner=42432
INTEL_LIFECYCLE phase=vm_create_begin generation=8 owner=42432
INTEL_LIFECYCLE phase=vm_create_end generation=8 owner=42432
INTEL_LIFECYCLE phase=vcpu_create_begin generation=8 owner=42432
INTEL_LIFECYCLE phase=vcpu_create_end generation=8 owner=42432
[       OK ] HvfIntelRecoveryProbe.WithoutHostKick (448 ms)
[----------] 1 test from HvfIntelRecoveryProbe (448 ms total)

[==========] 1 test from 1 test suite ran. (448 ms total)
[  PASSED  ] 1 test.

Repeating all tests (iteration 8) . . .

Note: Google Test filter = HvfIntelRecoveryProbe.WithoutHostKick
[==========] Running 1 test from 1 test suite.
[----------] 1 test from HvfIntelRecoveryProbe
[ RUN      ] HvfIntelRecoveryProbe.WithoutHostKick
INTEL_PROBE phase=executor_retained
INTEL_RECOVERY host_kick=omitted
INTEL_LIFECYCLE phase=vcpu_destroy_begin generation=8 owner=42432
INTEL_LIFECYCLE phase=vcpu_destroy_end generation=8 owner=42432
INTEL_LIFECYCLE phase=vm_destroy_begin generation=8 owner=42432
INTEL_LIFECYCLE phase=vm_destroy_end generation=8 owner=42432
INTEL_LIFECYCLE phase=vm_create_begin generation=9 owner=42432
INTEL_LIFECYCLE phase=vm_create_end generation=9 owner=42432
INTEL_LIFECYCLE phase=vcpu_create_begin generation=9 owner=42432
INTEL_LIFECYCLE phase=vcpu_create_end generation=9 owner=42432
[       OK ] HvfIntelRecoveryProbe.WithoutHostKick (332 ms)
[----------] 1 test from HvfIntelRecoveryProbe (332 ms total)

[==========] 1 test from 1 test suite ran. (332 ms total)
[  PASSED  ] 1 test.

Repeating all tests (iteration 9) . . .

Note: Google Test filter = HvfIntelRecoveryProbe.WithoutHostKick
[==========] Running 1 test from 1 test suite.
[----------] 1 test from HvfIntelRecoveryProbe
[ RUN      ] HvfIntelRecoveryProbe.WithoutHostKick
INTEL_PROBE phase=executor_retained
INTEL_RECOVERY host_kick=omitted
INTEL_LIFECYCLE phase=vcpu_destroy_begin generation=9 owner=42432
INTEL_LIFECYCLE phase=vcpu_destroy_end generation=9 owner=42432
INTEL_LIFECYCLE phase=vm_destroy_begin generation=9 owner=42432
INTEL_LIFECYCLE phase=vm_destroy_end generation=9 owner=42432
INTEL_LIFECYCLE phase=vm_create_begin generation=10 owner=42432
INTEL_LIFECYCLE phase=vm_create_end generation=10 owner=42432
INTEL_LIFECYCLE phase=vcpu_create_begin generation=10 owner=42432
INTEL_LIFECYCLE phase=vcpu_create_end generation=10 owner=42432
[       OK ] HvfIntelRecoveryProbe.WithoutHostKick (1296 ms)
[----------] 1 test from HvfIntelRecoveryProbe (1297 ms total)

[==========] 1 test from 1 test suite ran. (1297 ms total)
[  PASSED  ] 1 test.

Repeating all tests (iteration 10) . . .

Note: Google Test filter = HvfIntelRecoveryProbe.WithoutHostKick
[==========] Running 1 test from 1 test suite.
[----------] 1 test from HvfIntelRecoveryProbe
[ RUN      ] HvfIntelRecoveryProbe.WithoutHostKick
INTEL_PROBE phase=executor_retained
INTEL_RECOVERY host_kick=omitted
INTEL_LIFECYCLE phase=vcpu_destroy_begin generation=10 owner=42432
INTEL_LIFECYCLE phase=vcpu_destroy_end generation=10 owner=42432
INTEL_LIFECYCLE phase=vm_destroy_begin generation=10 owner=42432
INTEL_LIFECYCLE phase=vm_destroy_end generation=10 owner=42432
INTEL_LIFECYCLE phase=vm_create_begin generation=11 owner=42432
INTEL_LIFECYCLE phase=vm_create_end generation=11 owner=42432
INTEL_LIFECYCLE phase=vcpu_create_begin generation=11 owner=42432
INTEL_LIFECYCLE phase=vcpu_create_end generation=11 owner=42432
[       OK ] HvfIntelRecoveryProbe.WithoutHostKick (717 ms)
[----------] 1 test from HvfIntelRecoveryProbe (717 ms total)

[==========] 1 test from 1 test suite ran. (717 ms total)
[  PASSED  ] 1 test.

Repeating all tests (iteration 11) . . .

Note: Google Test filter = HvfIntelRecoveryProbe.WithoutHostKick
[==========] Running 1 test from 1 test suite.
[----------] 1 test from HvfIntelRecoveryProbe
[ RUN      ] HvfIntelRecoveryProbe.WithoutHostKick
INTEL_PROBE phase=executor_retained
INTEL_RECOVERY host_kick=omitted
INTEL_LIFECYCLE phase=vcpu_destroy_begin generation=11 owner=42432
INTEL_LIFECYCLE phase=vcpu_destroy_end generation=11 owner=42432
INTEL_LIFECYCLE phase=vm_destroy_begin generation=11 owner=42432
INTEL_LIFECYCLE phase=vm_destroy_end generation=11 owner=42432
INTEL_LIFECYCLE phase=vm_create_begin generation=12 owner=42432
INTEL_LIFECYCLE phase=vm_create_end generation=12 owner=42432
INTEL_LIFECYCLE phase=vcpu_create_begin generation=12 owner=42432
INTEL_LIFECYCLE phase=vcpu_create_end generation=12 owner=42432
[       OK ] HvfIntelRecoveryProbe.WithoutHostKick (644 ms)
[----------] 1 test from HvfIntelRecoveryProbe (644 ms total)

[==========] 1 test from 1 test suite ran. (644 ms total)
[  PASSED  ] 1 test.

Repeating all tests (iteration 12) . . .

Note: Google Test filter = HvfIntelRecoveryProbe.WithoutHostKick
[==========] Running 1 test from 1 test suite.
[----------] 1 test from HvfIntelRecoveryProbe
[ RUN      ] HvfIntelRecoveryProbe.WithoutHostKick
INTEL_PROBE phase=executor_retained
INTEL_RECOVERY host_kick=omitted
INTEL_LIFECYCLE phase=vcpu_destroy_begin generation=12 owner=42432
INTEL_LIFECYCLE phase=vcpu_destroy_end generation=12 owner=42432
INTEL_LIFECYCLE phase=vm_destroy_begin generation=12 owner=42432
INTEL_LIFECYCLE phase=vm_destroy_end generation=12 owner=42432
INTEL_LIFECYCLE phase=vm_create_begin generation=13 owner=42432
INTEL_LIFECYCLE phase=vm_create_end generation=13 owner=42432
INTEL_LIFECYCLE phase=vcpu_create_begin generation=13 owner=42432
INTEL_LIFECYCLE phase=vcpu_create_end generation=13 owner=42432
[       OK ] HvfIntelRecoveryProbe.WithoutHostKick (568 ms)
[----------] 1 test from HvfIntelRecoveryProbe (568 ms total)

[==========] 1 test from 1 test suite ran. (568 ms total)
[  PASSED  ] 1 test.

Repeating all tests (iteration 13) . . .

Note: Google Test filter = HvfIntelRecoveryProbe.WithoutHostKick
[==========] Running 1 test from 1 test suite.
[----------] 1 test from HvfIntelRecoveryProbe
[ RUN      ] HvfIntelRecoveryProbe.WithoutHostKick
INTEL_PROBE phase=executor_retained
INTEL_RECOVERY host_kick=omitted
INTEL_LIFECYCLE phase=vcpu_destroy_begin generation=13 owner=42432
INTEL_LIFECYCLE phase=vcpu_destroy_end generation=13 owner=42432
INTEL_LIFECYCLE phase=vm_destroy_begin generation=13 owner=42432
INTEL_LIFECYCLE phase=vm_destroy_end generation=13 owner=42432
INTEL_LIFECYCLE phase=vm_create_begin generation=14 owner=42432
INTEL_LIFECYCLE phase=vm_create_end generation=14 owner=42432
INTEL_LIFECYCLE phase=vcpu_create_begin generation=14 owner=42432
INTEL_LIFECYCLE phase=vcpu_create_end generation=14 owner=42432
[       OK ] HvfIntelRecoveryProbe.WithoutHostKick (352 ms)
[----------] 1 test from HvfIntelRecoveryProbe (352 ms total)

[==========] 1 test from 1 test suite ran. (352 ms total)
[  PASSED  ] 1 test.

Repeating all tests (iteration 14) . . .

Note: Google Test filter = HvfIntelRecoveryProbe.WithoutHostKick
[==========] Running 1 test from 1 test suite.
[----------] 1 test from HvfIntelRecoveryProbe
[ RUN      ] HvfIntelRecoveryProbe.WithoutHostKick
INTEL_PROBE phase=executor_retained
INTEL_RECOVERY host_kick=omitted
INTEL_LIFECYCLE phase=vcpu_destroy_begin generation=14 owner=42432
INTEL_LIFECYCLE phase=vcpu_destroy_end generation=14 owner=42432
INTEL_LIFECYCLE phase=vm_destroy_begin generation=14 owner=42432
INTEL_LIFECYCLE phase=vm_destroy_end generation=14 owner=42432
INTEL_LIFECYCLE phase=vm_create_begin generation=15 owner=42432
INTEL_LIFECYCLE phase=vm_create_end generation=15 owner=42432
INTEL_LIFECYCLE phase=vcpu_create_begin generation=15 owner=42432
INTEL_LIFECYCLE phase=vcpu_create_end generation=15 owner=42432
[       OK ] HvfIntelRecoveryProbe.WithoutHostKick (437 ms)
[----------] 1 test from HvfIntelRecoveryProbe (437 ms total)

[==========] 1 test from 1 test suite ran. (437 ms total)
[  PASSED  ] 1 test.

Repeating all tests (iteration 15) . . .

Note: Google Test filter = HvfIntelRecoveryProbe.WithoutHostKick
[==========] Running 1 test from 1 test suite.
[----------] 1 test from HvfIntelRecoveryProbe
[ RUN      ] HvfIntelRecoveryProbe.WithoutHostKick
INTEL_PROBE phase=executor_retained
INTEL_RECOVERY host_kick=omitted
INTEL_LIFECYCLE phase=vcpu_destroy_begin generation=15 owner=42432
INTEL_LIFECYCLE phase=vcpu_destroy_end generation=15 owner=42432
INTEL_LIFECYCLE phase=vm_destroy_begin generation=15 owner=42432
INTEL_LIFECYCLE phase=vm_destroy_end generation=15 owner=42432
INTEL_LIFECYCLE phase=vm_create_begin generation=16 owner=42432
INTEL_LIFECYCLE phase=vm_create_end generation=16 owner=42432
INTEL_LIFECYCLE phase=vcpu_create_begin generation=16 owner=42432
INTEL_LIFECYCLE phase=vcpu_create_end generation=16 owner=42432
[       OK ] HvfIntelRecoveryProbe.WithoutHostKick (346 ms)
[----------] 1 test from HvfIntelRecoveryProbe (346 ms total)

[==========] 1 test from 1 test suite ran. (346 ms total)
[  PASSED  ] 1 test.

Repeating all tests (iteration 16) . . .

Note: Google Test filter = HvfIntelRecoveryProbe.WithoutHostKick
[==========] Running 1 test from 1 test suite.
[----------] 1 test from HvfIntelRecoveryProbe
[ RUN      ] HvfIntelRecoveryProbe.WithoutHostKick
INTEL_PROBE phase=executor_retained
INTEL_RECOVERY host_kick=omitted
INTEL_LIFECYCLE phase=vcpu_destroy_begin generation=16 owner=42432
INTEL_LIFECYCLE phase=vcpu_destroy_end generation=16 owner=42432
INTEL_LIFECYCLE phase=vm_destroy_begin generation=16 owner=42432
INTEL_LIFECYCLE phase=vm_destroy_end generation=16 owner=42432
INTEL_LIFECYCLE phase=vm_create_begin generation=17 owner=42432
INTEL_LIFECYCLE phase=vm_create_end generation=17 owner=42432
INTEL_LIFECYCLE phase=vcpu_create_begin generation=17 owner=42432
INTEL_LIFECYCLE phase=vcpu_create_end generation=17 owner=42432
[       OK ] HvfIntelRecoveryProbe.WithoutHostKick (439 ms)
[----------] 1 test from HvfIntelRecoveryProbe (439 ms total)

[==========] 1 test from 1 test suite ran. (439 ms total)
[  PASSED  ] 1 test.

Repeating all tests (iteration 17) . . .

Note: Google Test filter = HvfIntelRecoveryProbe.WithoutHostKick
[==========] Running 1 test from 1 test suite.
[----------] 1 test from HvfIntelRecoveryProbe
[ RUN      ] HvfIntelRecoveryProbe.WithoutHostKick
INTEL_PROBE phase=executor_retained
INTEL_RECOVERY host_kick=omitted
INTEL_LIFECYCLE phase=vcpu_destroy_begin generation=17 owner=42432
INTEL_LIFECYCLE phase=vcpu_destroy_end generation=17 owner=42432
INTEL_LIFECYCLE phase=vm_destroy_begin generation=17 owner=42432
INTEL_LIFECYCLE phase=vm_destroy_end generation=17 owner=42432
INTEL_LIFECYCLE phase=vm_create_begin generation=18 owner=42432
INTEL_LIFECYCLE phase=vm_create_end generation=18 owner=42432
INTEL_LIFECYCLE phase=vcpu_create_begin generation=18 owner=42432
INTEL_LIFECYCLE phase=vcpu_create_end generation=18 owner=42432
[       OK ] HvfIntelRecoveryProbe.WithoutHostKick (388 ms)
[----------] 1 test from HvfIntelRecoveryProbe (388 ms total)

[==========] 1 test from 1 test suite ran. (388 ms total)
[  PASSED  ] 1 test.

Repeating all tests (iteration 18) . . .

Note: Google Test filter = HvfIntelRecoveryProbe.WithoutHostKick
[==========] Running 1 test from 1 test suite.
[----------] 1 test from HvfIntelRecoveryProbe
[ RUN      ] HvfIntelRecoveryProbe.WithoutHostKick
INTEL_PROBE phase=executor_retained
INTEL_RECOVERY host_kick=omitted
INTEL_LIFECYCLE phase=vcpu_destroy_begin generation=18 owner=42432
INTEL_LIFECYCLE phase=vcpu_destroy_end generation=18 owner=42432
INTEL_LIFECYCLE phase=vm_destroy_begin generation=18 owner=42432
INTEL_LIFECYCLE phase=vm_destroy_end generation=18 owner=42432
INTEL_LIFECYCLE phase=vm_create_begin generation=19 owner=42432
INTEL_LIFECYCLE phase=vm_create_end generation=19 owner=42432
INTEL_LIFECYCLE phase=vcpu_create_begin generation=19 owner=42432
INTEL_LIFECYCLE phase=vcpu_create_end generation=19 owner=42432
[       OK ] HvfIntelRecoveryProbe.WithoutHostKick (194 ms)
[----------] 1 test from HvfIntelRecoveryProbe (194 ms total)

[==========] 1 test from 1 test suite ran. (194 ms total)
[  PASSED  ] 1 test.

Repeating all tests (iteration 19) . . .

Note: Google Test filter = HvfIntelRecoveryProbe.WithoutHostKick
[==========] Running 1 test from 1 test suite.
[----------] 1 test from HvfIntelRecoveryProbe
[ RUN      ] HvfIntelRecoveryProbe.WithoutHostKick
INTEL_PROBE phase=executor_retained
INTEL_RECOVERY host_kick=omitted
INTEL_LIFECYCLE phase=vcpu_destroy_begin generation=19 owner=42432
INTEL_LIFECYCLE phase=vcpu_destroy_end generation=19 owner=42432
INTEL_LIFECYCLE phase=vm_destroy_begin generation=19 owner=42432
INTEL_LIFECYCLE phase=vm_destroy_end generation=19 owner=42432
INTEL_LIFECYCLE phase=vm_create_begin generation=20 owner=42432
INTEL_LIFECYCLE phase=vm_create_end generation=20 owner=42432
INTEL_LIFECYCLE phase=vcpu_create_begin generation=20 owner=42432
INTEL_LIFECYCLE phase=vcpu_create_end generation=20 owner=42432
[       OK ] HvfIntelRecoveryProbe.WithoutHostKick (282 ms)
[----------] 1 test from HvfIntelRecoveryProbe (282 ms total)

[==========] 1 test from 1 test suite ran. (282 ms total)
[  PASSED  ] 1 test.

Repeating all tests (iteration 20) . . .

Note: Google Test filter = HvfIntelRecoveryProbe.WithoutHostKick
[==========] Running 1 test from 1 test suite.
[----------] 1 test from HvfIntelRecoveryProbe
[ RUN      ] HvfIntelRecoveryProbe.WithoutHostKick
INTEL_PROBE phase=executor_retained
INTEL_RECOVERY host_kick=omitted
INTEL_LIFECYCLE phase=vcpu_destroy_begin generation=20 owner=42432
INTEL_LIFECYCLE phase=vcpu_destroy_end generation=20 owner=42432
INTEL_LIFECYCLE phase=vm_destroy_begin generation=20 owner=42432
INTEL_LIFECYCLE phase=vm_destroy_end generation=20 owner=42432
INTEL_LIFECYCLE phase=vm_create_begin generation=21 owner=42432
INTEL_LIFECYCLE phase=vm_create_end generation=21 owner=42432
INTEL_LIFECYCLE phase=vcpu_create_begin generation=21 owner=42432
INTEL_LIFECYCLE phase=vcpu_create_end generation=21 owner=42432
[       OK ] HvfIntelRecoveryProbe.WithoutHostKick (327 ms)
[----------] 1 test from HvfIntelRecoveryProbe (327 ms total)

[==========] 1 test from 1 test suite ran. (327 ms total)
[  PASSED  ] 1 test.

Repeating all tests (iteration 21) . . .

Note: Google Test filter = HvfIntelRecoveryProbe.WithoutHostKick
[==========] Running 1 test from 1 test suite.
[----------] 1 test from HvfIntelRecoveryProbe
[ RUN      ] HvfIntelRecoveryProbe.WithoutHostKick
INTEL_PROBE phase=executor_retained
INTEL_RECOVERY host_kick=omitted
INTEL_LIFECYCLE phase=vcpu_destroy_begin generation=21 owner=42432
INTEL_LIFECYCLE phase=vcpu_destroy_end generation=21 owner=42432
INTEL_LIFECYCLE phase=vm_destroy_begin generation=21 owner=42432
INTEL_LIFECYCLE phase=vm_destroy_end generation=21 owner=42432
INTEL_LIFECYCLE phase=vm_create_begin generation=22 owner=42432
INTEL_LIFECYCLE phase=vm_create_end generation=22 owner=42432
INTEL_LIFECYCLE phase=vcpu_create_begin generation=22 owner=42432
INTEL_LIFECYCLE phase=vcpu_create_end generation=22 owner=42432
[       OK ] HvfIntelRecoveryProbe.WithoutHostKick (192 ms)
[----------] 1 test from HvfIntelRecoveryProbe (192 ms total)

[==========] 1 test from 1 test suite ran. (192 ms total)
[  PASSED  ] 1 test.

Repeating all tests (iteration 22) . . .

Note: Google Test filter = HvfIntelRecoveryProbe.WithoutHostKick
[==========] Running 1 test from 1 test suite.
[----------] 1 test from HvfIntelRecoveryProbe
[ RUN      ] HvfIntelRecoveryProbe.WithoutHostKick
INTEL_PROBE phase=executor_retained
INTEL_RECOVERY host_kick=omitted
INTEL_LIFECYCLE phase=vcpu_destroy_begin generation=22 owner=42432
INTEL_LIFECYCLE phase=vcpu_destroy_end generation=22 owner=42432
INTEL_LIFECYCLE phase=vm_destroy_begin generation=22 owner=42432
INTEL_LIFECYCLE phase=vm_destroy_end generation=22 owner=42432
INTEL_LIFECYCLE phase=vm_create_begin generation=23 owner=42432
INTEL_LIFECYCLE phase=vm_create_end generation=23 owner=42432
INTEL_LIFECYCLE phase=vcpu_create_begin generation=23 owner=42432
INTEL_LIFECYCLE phase=vcpu_create_end generation=23 owner=42432
[       OK ] HvfIntelRecoveryProbe.WithoutHostKick (346 ms)
[----------] 1 test from HvfIntelRecoveryProbe (346 ms total)

[==========] 1 test from 1 test suite ran. (346 ms total)
[  PASSED  ] 1 test.

Repeating all tests (iteration 23) . . .

Note: Google Test filter = HvfIntelRecoveryProbe.WithoutHostKick
[==========] Running 1 test from 1 test suite.
[----------] 1 test from HvfIntelRecoveryProbe
[ RUN      ] HvfIntelRecoveryProbe.WithoutHostKick
INTEL_PROBE phase=executor_retained
INTEL_RECOVERY host_kick=omitted
INTEL_LIFECYCLE phase=vcpu_destroy_begin generation=23 owner=42432
INTEL_LIFECYCLE phase=vcpu_destroy_end generation=23 owner=42432
INTEL_LIFECYCLE phase=vm_destroy_begin generation=23 owner=42432
INTEL_LIFECYCLE phase=vm_destroy_end generation=23 owner=42432
INTEL_LIFECYCLE phase=vm_create_begin generation=24 owner=42432
INTEL_LIFECYCLE phase=vm_create_end generation=24 owner=42432
INTEL_LIFECYCLE phase=vcpu_create_begin generation=24 owner=42432
INTEL_LIFECYCLE phase=vcpu_create_end generation=24 owner=42432
[       OK ] HvfIntelRecoveryProbe.WithoutHostKick (164 ms)
[----------] 1 test from HvfIntelRecoveryProbe (164 ms total)

[==========] 1 test from 1 test suite ran. (164 ms total)
[  PASSED  ] 1 test.

Repeating all tests (iteration 24) . . .

Note: Google Test filter = HvfIntelRecoveryProbe.WithoutHostKick
[==========] Running 1 test from 1 test suite.
[----------] 1 test from HvfIntelRecoveryProbe
[ RUN      ] HvfIntelRecoveryProbe.WithoutHostKick
INTEL_PROBE phase=executor_retained
INTEL_RECOVERY host_kick=omitted
INTEL_LIFECYCLE phase=vcpu_destroy_begin generation=24 owner=42432
INTEL_LIFECYCLE phase=vcpu_destroy_end generation=24 owner=42432
INTEL_LIFECYCLE phase=vm_destroy_begin generation=24 owner=42432
INTEL_LIFECYCLE phase=vm_destroy_end generation=24 owner=42432
INTEL_LIFECYCLE phase=vm_create_begin generation=25 owner=42432
INTEL_LIFECYCLE phase=vm_create_end generation=25 owner=42432
INTEL_LIFECYCLE phase=vcpu_create_begin generation=25 owner=42432
INTEL_LIFECYCLE phase=vcpu_create_end generation=25 owner=42432
[       OK ] HvfIntelRecoveryProbe.WithoutHostKick (311 ms)
[----------] 1 test from HvfIntelRecoveryProbe (312 ms total)

[==========] 1 test from 1 test suite ran. (312 ms total)
[  PASSED  ] 1 test.

Repeating all tests (iteration 25) . . .

Note: Google Test filter = HvfIntelRecoveryProbe.WithoutHostKick
[==========] Running 1 test from 1 test suite.
[----------] 1 test from HvfIntelRecoveryProbe
[ RUN      ] HvfIntelRecoveryProbe.WithoutHostKick
INTEL_PROBE phase=executor_retained
INTEL_RECOVERY host_kick=omitted
INTEL_LIFECYCLE phase=vcpu_destroy_begin generation=25 owner=42432
INTEL_LIFECYCLE phase=vcpu_destroy_end generation=25 owner=42432
INTEL_LIFECYCLE phase=vm_destroy_begin generation=25 owner=42432
INTEL_LIFECYCLE phase=vm_destroy_end generation=25 owner=42432
INTEL_LIFECYCLE phase=vm_create_begin generation=26 owner=42432
INTEL_LIFECYCLE phase=vm_create_end generation=26 owner=42432
INTEL_LIFECYCLE phase=vcpu_create_begin generation=26 owner=42432
INTEL_LIFECYCLE phase=vcpu_create_end generation=26 owner=42432
[       OK ] HvfIntelRecoveryProbe.WithoutHostKick (274 ms)
[----------] 1 test from HvfIntelRecoveryProbe (274 ms total)

[==========] 1 test from 1 test suite ran. (274 ms total)
[  PASSED  ] 1 test.

Repeating all tests (iteration 26) . . .

Note: Google Test filter = HvfIntelRecoveryProbe.WithoutHostKick
[==========] Running 1 test from 1 test suite.
[----------] 1 test from HvfIntelRecoveryProbe
[ RUN      ] HvfIntelRecoveryProbe.WithoutHostKick
INTEL_PROBE phase=executor_retained
INTEL_RECOVERY host_kick=omitted
INTEL_LIFECYCLE phase=vcpu_destroy_begin generation=26 owner=42432
INTEL_LIFECYCLE phase=vcpu_destroy_end generation=26 owner=42432
INTEL_LIFECYCLE phase=vm_destroy_begin generation=26 owner=42432
INTEL_LIFECYCLE phase=vm_destroy_end generation=26 owner=42432
INTEL_LIFECYCLE phase=vm_create_begin generation=27 owner=42432
INTEL_LIFECYCLE phase=vm_create_end generation=27 owner=42432
INTEL_LIFECYCLE phase=vcpu_create_begin generation=27 owner=42432
INTEL_LIFECYCLE phase=vcpu_create_end generation=27 owner=42432
[       OK ] HvfIntelRecoveryProbe.WithoutHostKick (1158 ms)
[----------] 1 test from HvfIntelRecoveryProbe (1158 ms total)

[==========] 1 test from 1 test suite ran. (1159 ms total)
[  PASSED  ] 1 test.

Repeating all tests (iteration 27) . . .

Note: Google Test filter = HvfIntelRecoveryProbe.WithoutHostKick
[==========] Running 1 test from 1 test suite.
[----------] 1 test from HvfIntelRecoveryProbe
[ RUN      ] HvfIntelRecoveryProbe.WithoutHostKick
INTEL_PROBE phase=executor_retained
INTEL_RECOVERY host_kick=omitted
INTEL_LIFECYCLE phase=vcpu_destroy_begin generation=27 owner=42432
INTEL_LIFECYCLE phase=vcpu_destroy_end generation=27 owner=42432
INTEL_LIFECYCLE phase=vm_destroy_begin generation=27 owner=42432
INTEL_LIFECYCLE phase=vm_destroy_end generation=27 owner=42432
INTEL_LIFECYCLE phase=vm_create_begin generation=28 owner=42432
INTEL_LIFECYCLE phase=vm_create_end generation=28 owner=42432
INTEL_LIFECYCLE phase=vcpu_create_begin generation=28 owner=42432
INTEL_LIFECYCLE phase=vcpu_create_end generation=28 owner=42432
[       OK ] HvfIntelRecoveryProbe.WithoutHostKick (404 ms)
[----------] 1 test from HvfIntelRecoveryProbe (404 ms total)

[==========] 1 test from 1 test suite ran. (404 ms total)
[  PASSED  ] 1 test.

Repeating all tests (iteration 28) . . .

Note: Google Test filter = HvfIntelRecoveryProbe.WithoutHostKick
[==========] Running 1 test from 1 test suite.
[----------] 1 test from HvfIntelRecoveryProbe
[ RUN      ] HvfIntelRecoveryProbe.WithoutHostKick
INTEL_PROBE phase=executor_retained
INTEL_RECOVERY host_kick=omitted
INTEL_LIFECYCLE phase=vcpu_destroy_begin generation=28 owner=42432
INTEL_LIFECYCLE phase=vcpu_destroy_end generation=28 owner=42432
INTEL_LIFECYCLE phase=vm_destroy_begin generation=28 owner=42432
INTEL_LIFECYCLE phase=vm_destroy_end generation=28 owner=42432
INTEL_LIFECYCLE phase=vm_create_begin generation=29 owner=42432
INTEL_LIFECYCLE phase=vm_create_end generation=29 owner=42432
INTEL_LIFECYCLE phase=vcpu_create_begin generation=29 owner=42432
INTEL_LIFECYCLE phase=vcpu_create_end generation=29 owner=42432
[       OK ] HvfIntelRecoveryProbe.WithoutHostKick (331 ms)
[----------] 1 test from HvfIntelRecoveryProbe (331 ms total)

[==========] 1 test from 1 test suite ran. (331 ms total)
[  PASSED  ] 1 test.

Repeating all tests (iteration 29) . . .

Note: Google Test filter = HvfIntelRecoveryProbe.WithoutHostKick
[==========] Running 1 test from 1 test suite.
[----------] 1 test from HvfIntelRecoveryProbe
[ RUN      ] HvfIntelRecoveryProbe.WithoutHostKick
INTEL_PROBE phase=executor_retained
INTEL_RECOVERY host_kick=omitted
INTEL_LIFECYCLE phase=vcpu_destroy_begin generation=29 owner=42432
INTEL_LIFECYCLE phase=vcpu_destroy_end generation=29 owner=42432
INTEL_LIFECYCLE phase=vm_destroy_begin generation=29 owner=42432
INTEL_LIFECYCLE phase=vm_destroy_end generation=29 owner=42432
INTEL_LIFECYCLE phase=vm_create_begin generation=30 owner=42432
INTEL_LIFECYCLE phase=vm_create_end generation=30 owner=42432
INTEL_LIFECYCLE phase=vcpu_create_begin generation=30 owner=42432
INTEL_LIFECYCLE phase=vcpu_create_end generation=30 owner=42432
[       OK ] HvfIntelRecoveryProbe.WithoutHostKick (449 ms)
[----------] 1 test from HvfIntelRecoveryProbe (449 ms total)

[==========] 1 test from 1 test suite ran. (449 ms total)
[  PASSED  ] 1 test.

Repeating all tests (iteration 30) . . .

Note: Google Test filter = HvfIntelRecoveryProbe.WithoutHostKick
[==========] Running 1 test from 1 test suite.
[----------] 1 test from HvfIntelRecoveryProbe
[ RUN      ] HvfIntelRecoveryProbe.WithoutHostKick
INTEL_PROBE phase=executor_retained
INTEL_RECOVERY host_kick=omitted
INTEL_LIFECYCLE phase=vcpu_destroy_begin generation=30 owner=42432
INTEL_LIFECYCLE phase=vcpu_destroy_end generation=30 owner=42432
INTEL_LIFECYCLE phase=vm_destroy_begin generation=30 owner=42432
INTEL_LIFECYCLE phase=vm_destroy_end generation=30 owner=42432
INTEL_LIFECYCLE phase=vm_create_begin generation=31 owner=42432
INTEL_LIFECYCLE phase=vm_create_end generation=31 owner=42432
INTEL_LIFECYCLE phase=vcpu_create_begin generation=31 owner=42432
INTEL_LIFECYCLE phase=vcpu_create_end generation=31 owner=42432
[       OK ] HvfIntelRecoveryProbe.WithoutHostKick (432 ms)
[----------] 1 test from HvfIntelRecoveryProbe (432 ms total)

[==========] 1 test from 1 test suite ran. (432 ms total)
[  PASSED  ] 1 test.

Repeating all tests (iteration 31) . . .

Note: Google Test filter = HvfIntelRecoveryProbe.WithoutHostKick
[==========] Running 1 test from 1 test suite.
[----------] 1 test from HvfIntelRecoveryProbe
[ RUN      ] HvfIntelRecoveryProbe.WithoutHostKick
INTEL_PROBE phase=executor_retained
INTEL_RECOVERY host_kick=omitted
INTEL_LIFECYCLE phase=vcpu_destroy_begin generation=31 owner=42432
INTEL_LIFECYCLE phase=vcpu_destroy_end generation=31 owner=42432
INTEL_LIFECYCLE phase=vm_destroy_begin generation=31 owner=42432
INTEL_LIFECYCLE phase=vm_destroy_end generation=31 owner=42432
INTEL_LIFECYCLE phase=vm_create_begin generation=32 owner=42432
INTEL_LIFECYCLE phase=vm_create_end generation=32 owner=42432
INTEL_LIFECYCLE phase=vcpu_create_begin generation=32 owner=42432
INTEL_LIFECYCLE phase=vcpu_create_end generation=32 owner=42432
[       OK ] HvfIntelRecoveryProbe.WithoutHostKick (505 ms)
[----------] 1 test from HvfIntelRecoveryProbe (505 ms total)

[==========] 1 test from 1 test suite ran. (505 ms total)
[  PASSED  ] 1 test.

Repeating all tests (iteration 32) . . .

Note: Google Test filter = HvfIntelRecoveryProbe.WithoutHostKick
[==========] Running 1 test from 1 test suite.
[----------] 1 test from HvfIntelRecoveryProbe
[ RUN      ] HvfIntelRecoveryProbe.WithoutHostKick
INTEL_PROBE phase=executor_retained
INTEL_RECOVERY host_kick=omitted
INTEL_LIFECYCLE phase=vcpu_destroy_begin generation=32 owner=42432
INTEL_LIFECYCLE phase=vcpu_destroy_end generation=32 owner=42432
INTEL_LIFECYCLE phase=vm_destroy_begin generation=32 owner=42432
INTEL_LIFECYCLE phase=vm_destroy_end generation=32 owner=42432
INTEL_LIFECYCLE phase=vm_create_begin generation=33 owner=42432
INTEL_LIFECYCLE phase=vm_create_end generation=33 owner=42432
INTEL_LIFECYCLE phase=vcpu_create_begin generation=33 owner=42432
INTEL_LIFECYCLE phase=vcpu_create_end generation=33 owner=42432
[       OK ] HvfIntelRecoveryProbe.WithoutHostKick (340 ms)
[----------] 1 test from HvfIntelRecoveryProbe (340 ms total)

[==========] 1 test from 1 test suite ran. (340 ms total)
[  PASSED  ] 1 test.

Repeating all tests (iteration 33) . . .

Note: Google Test filter = HvfIntelRecoveryProbe.WithoutHostKick
[==========] Running 1 test from 1 test suite.
[----------] 1 test from HvfIntelRecoveryProbe
[ RUN      ] HvfIntelRecoveryProbe.WithoutHostKick
INTEL_PROBE phase=executor_retained
INTEL_RECOVERY host_kick=omitted
INTEL_LIFECYCLE phase=vcpu_destroy_begin generation=33 owner=42432
INTEL_LIFECYCLE phase=vcpu_destroy_end generation=33 owner=42432
INTEL_LIFECYCLE phase=vm_destroy_begin generation=33 owner=42432
INTEL_LIFECYCLE phase=vm_destroy_end generation=33 owner=42432
INTEL_LIFECYCLE phase=vm_create_begin generation=34 owner=42432
INTEL_LIFECYCLE phase=vm_create_end generation=34 owner=42432
INTEL_LIFECYCLE phase=vcpu_create_begin generation=34 owner=42432
INTEL_LIFECYCLE phase=vcpu_create_end generation=34 owner=42432
[       OK ] HvfIntelRecoveryProbe.WithoutHostKick (347 ms)
[----------] 1 test from HvfIntelRecoveryProbe (347 ms total)

[==========] 1 test from 1 test suite ran. (347 ms total)
[  PASSED  ] 1 test.

Repeating all tests (iteration 34) . . .

Note: Google Test filter = HvfIntelRecoveryProbe.WithoutHostKick
[==========] Running 1 test from 1 test suite.
[----------] 1 test from HvfIntelRecoveryProbe
[ RUN      ] HvfIntelRecoveryProbe.WithoutHostKick
INTEL_PROBE phase=executor_retained
INTEL_RECOVERY host_kick=omitted
INTEL_LIFECYCLE phase=vcpu_destroy_begin generation=34 owner=42432
INTEL_LIFECYCLE phase=vcpu_destroy_end generation=34 owner=42432
INTEL_LIFECYCLE phase=vm_destroy_begin generation=34 owner=42432
INTEL_LIFECYCLE phase=vm_destroy_end generation=34 owner=42432
INTEL_LIFECYCLE phase=vm_create_begin generation=35 owner=42432
INTEL_LIFECYCLE phase=vm_create_end generation=35 owner=42432
INTEL_LIFECYCLE phase=vcpu_create_begin generation=35 owner=42432
INTEL_LIFECYCLE phase=vcpu_create_end generation=35 owner=42432
[       OK ] HvfIntelRecoveryProbe.WithoutHostKick (295 ms)
[----------] 1 test from HvfIntelRecoveryProbe (295 ms total)

[==========] 1 test from 1 test suite ran. (295 ms total)
[  PASSED  ] 1 test.

Repeating all tests (iteration 35) . . .

Note: Google Test filter = HvfIntelRecoveryProbe.WithoutHostKick
[==========] Running 1 test from 1 test suite.
[----------] 1 test from HvfIntelRecoveryProbe
[ RUN      ] HvfIntelRecoveryProbe.WithoutHostKick
INTEL_PROBE phase=executor_retained
INTEL_RECOVERY host_kick=omitted
INTEL_LIFECYCLE phase=vcpu_destroy_begin generation=35 owner=42432
INTEL_LIFECYCLE phase=vcpu_destroy_end generation=35 owner=42432
INTEL_LIFECYCLE phase=vm_destroy_begin generation=35 owner=42432
INTEL_LIFECYCLE phase=vm_destroy_end generation=35 owner=42432
INTEL_LIFECYCLE phase=vm_create_begin generation=36 owner=42432
INTEL_LIFECYCLE phase=vm_create_end generation=36 owner=42432
INTEL_LIFECYCLE phase=vcpu_create_begin generation=36 owner=42432
INTEL_LIFECYCLE phase=vcpu_create_end generation=36 owner=42432
[       OK ] HvfIntelRecoveryProbe.WithoutHostKick (328 ms)
[----------] 1 test from HvfIntelRecoveryProbe (328 ms total)

[==========] 1 test from 1 test suite ran. (328 ms total)
[  PASSED  ] 1 test.

Repeating all tests (iteration 36) . . .

Note: Google Test filter = HvfIntelRecoveryProbe.WithoutHostKick
[==========] Running 1 test from 1 test suite.
[----------] 1 test from HvfIntelRecoveryProbe
[ RUN      ] HvfIntelRecoveryProbe.WithoutHostKick
INTEL_PROBE phase=executor_retained
INTEL_RECOVERY host_kick=omitted
INTEL_LIFECYCLE phase=vcpu_destroy_begin generation=36 owner=42432
INTEL_LIFECYCLE phase=vcpu_destroy_end generation=36 owner=42432
INTEL_LIFECYCLE phase=vm_destroy_begin generation=36 owner=42432
INTEL_LIFECYCLE phase=vm_destroy_end generation=36 owner=42432
INTEL_LIFECYCLE phase=vm_create_begin generation=37 owner=42432
INTEL_LIFECYCLE phase=vm_create_end generation=37 owner=42432
INTEL_LIFECYCLE phase=vcpu_create_begin generation=37 owner=42432
INTEL_LIFECYCLE phase=vcpu_create_end generation=37 owner=42432
[       OK ] HvfIntelRecoveryProbe.WithoutHostKick (355 ms)
[----------] 1 test from HvfIntelRecoveryProbe (355 ms total)

[==========] 1 test from 1 test suite ran. (355 ms total)
[  PASSED  ] 1 test.

Repeating all tests (iteration 37) . . .

Note: Google Test filter = HvfIntelRecoveryProbe.WithoutHostKick
[==========] Running 1 test from 1 test suite.
[----------] 1 test from HvfIntelRecoveryProbe
[ RUN      ] HvfIntelRecoveryProbe.WithoutHostKick
INTEL_PROBE phase=executor_retained
INTEL_RECOVERY host_kick=omitted
INTEL_LIFECYCLE phase=vcpu_destroy_begin generation=37 owner=42432
INTEL_LIFECYCLE phase=vcpu_destroy_end generation=37 owner=42432
INTEL_LIFECYCLE phase=vm_destroy_begin generation=37 owner=42432
INTEL_LIFECYCLE phase=vm_destroy_end generation=37 owner=42432
INTEL_LIFECYCLE phase=vm_create_begin generation=38 owner=42432
INTEL_LIFECYCLE phase=vm_create_end generation=38 owner=42432
INTEL_LIFECYCLE phase=vcpu_create_begin generation=38 owner=42432
INTEL_LIFECYCLE phase=vcpu_create_end generation=38 owner=42432
[       OK ] HvfIntelRecoveryProbe.WithoutHostKick (198 ms)
[----------] 1 test from HvfIntelRecoveryProbe (198 ms total)

[==========] 1 test from 1 test suite ran. (199 ms total)
[  PASSED  ] 1 test.

Repeating all tests (iteration 38) . . .

Note: Google Test filter = HvfIntelRecoveryProbe.WithoutHostKick
[==========] Running 1 test from 1 test suite.
[----------] 1 test from HvfIntelRecoveryProbe
[ RUN      ] HvfIntelRecoveryProbe.WithoutHostKick
INTEL_PROBE phase=executor_retained
INTEL_RECOVERY host_kick=omitted
INTEL_LIFECYCLE phase=vcpu_destroy_begin generation=38 owner=42432
INTEL_LIFECYCLE phase=vcpu_destroy_end generation=38 owner=42432
INTEL_LIFECYCLE phase=vm_destroy_begin generation=38 owner=42432
INTEL_LIFECYCLE phase=vm_destroy_end generation=38 owner=42432
INTEL_LIFECYCLE phase=vm_create_begin generation=39 owner=42432
INTEL_LIFECYCLE phase=vm_create_end generation=39 owner=42432
INTEL_LIFECYCLE phase=vcpu_create_begin generation=39 owner=42432
INTEL_LIFECYCLE phase=vcpu_create_end generation=39 owner=42432
[       OK ] HvfIntelRecoveryProbe.WithoutHostKick (308 ms)
[----------] 1 test from HvfIntelRecoveryProbe (308 ms total)

[==========] 1 test from 1 test suite ran. (308 ms total)
[  PASSED  ] 1 test.

Repeating all tests (iteration 39) . . .

Note: Google Test filter = HvfIntelRecoveryProbe.WithoutHostKick
[==========] Running 1 test from 1 test suite.
[----------] 1 test from HvfIntelRecoveryProbe
[ RUN      ] HvfIntelRecoveryProbe.WithoutHostKick
INTEL_PROBE phase=executor_retained
INTEL_RECOVERY host_kick=omitted
INTEL_LIFECYCLE phase=vcpu_destroy_begin generation=39 owner=42432
INTEL_LIFECYCLE phase=vcpu_destroy_end generation=39 owner=42432
INTEL_LIFECYCLE phase=vm_destroy_begin generation=39 owner=42432
INTEL_LIFECYCLE phase=vm_destroy_end generation=39 owner=42432
INTEL_LIFECYCLE phase=vm_create_begin generation=40 owner=42432
INTEL_LIFECYCLE phase=vm_create_end generation=40 owner=42432
INTEL_LIFECYCLE phase=vcpu_create_begin generation=40 owner=42432
INTEL_LIFECYCLE phase=vcpu_create_end generation=40 owner=42432
[       OK ] HvfIntelRecoveryProbe.WithoutHostKick (251 ms)
[----------] 1 test from HvfIntelRecoveryProbe (251 ms total)

[==========] 1 test from 1 test suite ran. (251 ms total)
[  PASSED  ] 1 test.

Repeating all tests (iteration 40) . . .

Note: Google Test filter = HvfIntelRecoveryProbe.WithoutHostKick
[==========] Running 1 test from 1 test suite.
[----------] 1 test from HvfIntelRecoveryProbe
[ RUN      ] HvfIntelRecoveryProbe.WithoutHostKick
INTEL_PROBE phase=executor_retained
INTEL_RECOVERY host_kick=omitted
INTEL_LIFECYCLE phase=vcpu_destroy_begin generation=40 owner=42432
INTEL_LIFECYCLE phase=vcpu_destroy_end generation=40 owner=42432
INTEL_LIFECYCLE phase=vm_destroy_begin generation=40 owner=42432
INTEL_LIFECYCLE phase=vm_destroy_end generation=40 owner=42432
INTEL_LIFECYCLE phase=vm_create_begin generation=41 owner=42432
INTEL_LIFECYCLE phase=vm_create_end generation=41 owner=42432
INTEL_LIFECYCLE phase=vcpu_create_begin generation=41 owner=42432
INTEL_LIFECYCLE phase=vcpu_create_end generation=41 owner=42432
[       OK ] HvfIntelRecoveryProbe.WithoutHostKick (292 ms)
[----------] 1 test from HvfIntelRecoveryProbe (292 ms total)

[==========] 1 test from 1 test suite ran. (292 ms total)
[  PASSED  ] 1 test.

Repeating all tests (iteration 41) . . .

Note: Google Test filter = HvfIntelRecoveryProbe.WithoutHostKick
[==========] Running 1 test from 1 test suite.
[----------] 1 test from HvfIntelRecoveryProbe
[ RUN      ] HvfIntelRecoveryProbe.WithoutHostKick
INTEL_PROBE phase=executor_retained
INTEL_RECOVERY host_kick=omitted
INTEL_LIFECYCLE phase=vcpu_destroy_begin generation=41 owner=42432
INTEL_LIFECYCLE phase=vcpu_destroy_end generation=41 owner=42432
INTEL_LIFECYCLE phase=vm_destroy_begin generation=41 owner=42432
INTEL_LIFECYCLE phase=vm_destroy_end generation=41 owner=42432
INTEL_LIFECYCLE phase=vm_create_begin generation=42 owner=42432
INTEL_LIFECYCLE phase=vm_create_end generation=42 owner=42432
INTEL_LIFECYCLE phase=vcpu_create_begin generation=42 owner=42432
INTEL_LIFECYCLE phase=vcpu_create_end generation=42 owner=42432
[       OK ] HvfIntelRecoveryProbe.WithoutHostKick (242 ms)
[----------] 1 test from HvfIntelRecoveryProbe (242 ms total)

[==========] 1 test from 1 test suite ran. (242 ms total)
[  PASSED  ] 1 test.

Repeating all tests (iteration 42) . . .

Note: Google Test filter = HvfIntelRecoveryProbe.WithoutHostKick
[==========] Running 1 test from 1 test suite.
[----------] 1 test from HvfIntelRecoveryProbe
[ RUN      ] HvfIntelRecoveryProbe.WithoutHostKick
INTEL_PROBE phase=executor_retained
INTEL_RECOVERY host_kick=omitted
INTEL_LIFECYCLE phase=vcpu_destroy_begin generation=42 owner=42432
INTEL_LIFECYCLE phase=vcpu_destroy_end generation=42 owner=42432
INTEL_LIFECYCLE phase=vm_destroy_begin generation=42 owner=42432
INTEL_LIFECYCLE phase=vm_destroy_end generation=42 owner=42432
INTEL_LIFECYCLE phase=vm_create_begin generation=43 owner=42432
INTEL_LIFECYCLE phase=vm_create_end generation=43 owner=42432
INTEL_LIFECYCLE phase=vcpu_create_begin generation=43 owner=42432
INTEL_LIFECYCLE phase=vcpu_create_end generation=43 owner=42432
[       OK ] HvfIntelRecoveryProbe.WithoutHostKick (420 ms)
[----------] 1 test from HvfIntelRecoveryProbe (420 ms total)

[==========] 1 test from 1 test suite ran. (420 ms total)
[  PASSED  ] 1 test.

Repeating all tests (iteration 43) . . .

Note: Google Test filter = HvfIntelRecoveryProbe.WithoutHostKick
[==========] Running 1 test from 1 test suite.
[----------] 1 test from HvfIntelRecoveryProbe
[ RUN      ] HvfIntelRecoveryProbe.WithoutHostKick
INTEL_PROBE phase=executor_retained
INTEL_RECOVERY host_kick=omitted
INTEL_LIFECYCLE phase=vcpu_destroy_begin generation=43 owner=42432
INTEL_LIFECYCLE phase=vcpu_destroy_end generation=43 owner=42432
INTEL_LIFECYCLE phase=vm_destroy_begin generation=43 owner=42432
INTEL_LIFECYCLE phase=vm_destroy_end generation=43 owner=42432
INTEL_LIFECYCLE phase=vm_create_begin generation=44 owner=42432
INTEL_LIFECYCLE phase=vm_create_end generation=44 owner=42432
INTEL_LIFECYCLE phase=vcpu_create_begin generation=44 owner=42432
INTEL_LIFECYCLE phase=vcpu_create_end generation=44 owner=42432
[       OK ] HvfIntelRecoveryProbe.WithoutHostKick (170 ms)
[----------] 1 test from HvfIntelRecoveryProbe (170 ms total)

[==========] 1 test from 1 test suite ran. (170 ms total)
[  PASSED  ] 1 test.

Repeating all tests (iteration 44) . . .

Note: Google Test filter = HvfIntelRecoveryProbe.WithoutHostKick
[==========] Running 1 test from 1 test suite.
[----------] 1 test from HvfIntelRecoveryProbe
[ RUN      ] HvfIntelRecoveryProbe.WithoutHostKick
INTEL_PROBE phase=executor_retained
INTEL_RECOVERY host_kick=omitted
INTEL_LIFECYCLE phase=vcpu_destroy_begin generation=44 owner=42432
INTEL_LIFECYCLE phase=vcpu_destroy_end generation=44 owner=42432
INTEL_LIFECYCLE phase=vm_destroy_begin generation=44 owner=42432
INTEL_LIFECYCLE phase=vm_destroy_end generation=44 owner=42432
INTEL_LIFECYCLE phase=vm_create_begin generation=45 owner=42432
INTEL_LIFECYCLE phase=vm_create_end generation=45 owner=42432
INTEL_LIFECYCLE phase=vcpu_create_begin generation=45 owner=42432
INTEL_LIFECYCLE phase=vcpu_create_end generation=45 owner=42432
[       OK ] HvfIntelRecoveryProbe.WithoutHostKick (331 ms)
[----------] 1 test from HvfIntelRecoveryProbe (332 ms total)

[==========] 1 test from 1 test suite ran. (332 ms total)
[  PASSED  ] 1 test.

Repeating all tests (iteration 45) . . .

Note: Google Test filter = HvfIntelRecoveryProbe.WithoutHostKick
[==========] Running 1 test from 1 test suite.
[----------] 1 test from HvfIntelRecoveryProbe
[ RUN      ] HvfIntelRecoveryProbe.WithoutHostKick
INTEL_PROBE phase=executor_retained
INTEL_RECOVERY host_kick=omitted
INTEL_LIFECYCLE phase=vcpu_destroy_begin generation=45 owner=42432
INTEL_LIFECYCLE phase=vcpu_destroy_end generation=45 owner=42432
INTEL_LIFECYCLE phase=vm_destroy_begin generation=45 owner=42432
INTEL_LIFECYCLE phase=vm_destroy_end generation=45 owner=42432
INTEL_LIFECYCLE phase=vm_create_begin generation=46 owner=42432
INTEL_LIFECYCLE phase=vm_create_end generation=46 owner=42432
INTEL_LIFECYCLE phase=vcpu_create_begin generation=46 owner=42432
INTEL_LIFECYCLE phase=vcpu_create_end generation=46 owner=42432
[       OK ] HvfIntelRecoveryProbe.WithoutHostKick (359 ms)
[----------] 1 test from HvfIntelRecoveryProbe (359 ms total)

[==========] 1 test from 1 test suite ran. (359 ms total)
[  PASSED  ] 1 test.

Repeating all tests (iteration 46) . . .

Note: Google Test filter = HvfIntelRecoveryProbe.WithoutHostKick
[==========] Running 1 test from 1 test suite.
[----------] 1 test from HvfIntelRecoveryProbe
[ RUN      ] HvfIntelRecoveryProbe.WithoutHostKick
INTEL_PROBE phase=executor_retained
INTEL_RECOVERY host_kick=omitted
INTEL_LIFECYCLE phase=vcpu_destroy_begin generation=46 owner=42432
INTEL_LIFECYCLE phase=vcpu_destroy_end generation=46 owner=42432
INTEL_LIFECYCLE phase=vm_destroy_begin generation=46 owner=42432
INTEL_LIFECYCLE phase=vm_destroy_end generation=46 owner=42432
INTEL_LIFECYCLE phase=vm_create_begin generation=47 owner=42432
INTEL_LIFECYCLE phase=vm_create_end generation=47 owner=42432
INTEL_LIFECYCLE phase=vcpu_create_begin generation=47 owner=42432
INTEL_LIFECYCLE phase=vcpu_create_end generation=47 owner=42432
[       OK ] HvfIntelRecoveryProbe.WithoutHostKick (177 ms)
[----------] 1 test from HvfIntelRecoveryProbe (177 ms total)

[==========] 1 test from 1 test suite ran. (178 ms total)
[  PASSED  ] 1 test.

Repeating all tests (iteration 47) . . .

Note: Google Test filter = HvfIntelRecoveryProbe.WithoutHostKick
[==========] Running 1 test from 1 test suite.
[----------] 1 test from HvfIntelRecoveryProbe
[ RUN      ] HvfIntelRecoveryProbe.WithoutHostKick
INTEL_PROBE phase=executor_retained
INTEL_RECOVERY host_kick=omitted
INTEL_LIFECYCLE phase=vcpu_destroy_begin generation=47 owner=42432
INTEL_LIFECYCLE phase=vcpu_destroy_end generation=47 owner=42432
INTEL_LIFECYCLE phase=vm_destroy_begin generation=47 owner=42432
INTEL_LIFECYCLE phase=vm_destroy_end generation=47 owner=42432
INTEL_LIFECYCLE phase=vm_create_begin generation=48 owner=42432
INTEL_LIFECYCLE phase=vm_create_end generation=48 owner=42432
INTEL_LIFECYCLE phase=vcpu_create_begin generation=48 owner=42432
INTEL_LIFECYCLE phase=vcpu_create_end generation=48 owner=42432
[       OK ] HvfIntelRecoveryProbe.WithoutHostKick (290 ms)
[----------] 1 test from HvfIntelRecoveryProbe (290 ms total)

[==========] 1 test from 1 test suite ran. (290 ms total)
[  PASSED  ] 1 test.

Repeating all tests (iteration 48) . . .

Note: Google Test filter = HvfIntelRecoveryProbe.WithoutHostKick
[==========] Running 1 test from 1 test suite.
[----------] 1 test from HvfIntelRecoveryProbe
[ RUN      ] HvfIntelRecoveryProbe.WithoutHostKick
INTEL_PROBE phase=executor_retained
INTEL_RECOVERY host_kick=omitted
INTEL_LIFECYCLE phase=vcpu_destroy_begin generation=48 owner=42432
INTEL_LIFECYCLE phase=vcpu_destroy_end generation=48 owner=42432
INTEL_LIFECYCLE phase=vm_destroy_begin generation=48 owner=42432
INTEL_LIFECYCLE phase=vm_destroy_end generation=48 owner=42432
INTEL_LIFECYCLE phase=vm_create_begin generation=49 owner=42432
INTEL_LIFECYCLE phase=vm_create_end generation=49 owner=42432
INTEL_LIFECYCLE phase=vcpu_create_begin generation=49 owner=42432
INTEL_LIFECYCLE phase=vcpu_create_end generation=49 owner=42432
[       OK ] HvfIntelRecoveryProbe.WithoutHostKick (395 ms)
[----------] 1 test from HvfIntelRecoveryProbe (395 ms total)

[==========] 1 test from 1 test suite ran. (395 ms total)
[  PASSED  ] 1 test.

Repeating all tests (iteration 49) . . .

Note: Google Test filter = HvfIntelRecoveryProbe.WithoutHostKick
[==========] Running 1 test from 1 test suite.
[----------] 1 test from HvfIntelRecoveryProbe
[ RUN      ] HvfIntelRecoveryProbe.WithoutHostKick
INTEL_PROBE phase=executor_retained
INTEL_RECOVERY host_kick=omitted
INTEL_LIFECYCLE phase=vcpu_destroy_begin generation=49 owner=42432
INTEL_LIFECYCLE phase=vcpu_destroy_end generation=49 owner=42432
INTEL_LIFECYCLE phase=vm_destroy_begin generation=49 owner=42432
INTEL_LIFECYCLE phase=vm_destroy_end generation=49 owner=42432
INTEL_LIFECYCLE phase=vm_create_begin generation=50 owner=42432
INTEL_LIFECYCLE phase=vm_create_end generation=50 owner=42432
INTEL_LIFECYCLE phase=vcpu_create_begin generation=50 owner=42432
INTEL_LIFECYCLE phase=vcpu_create_end generation=50 owner=42432
[       OK ] HvfIntelRecoveryProbe.WithoutHostKick (372 ms)
[----------] 1 test from HvfIntelRecoveryProbe (372 ms total)

[==========] 1 test from 1 test suite ran. (372 ms total)
[  PASSED  ] 1 test.

Repeating all tests (iteration 50) . . .

Note: Google Test filter = HvfIntelRecoveryProbe.WithoutHostKick
[==========] Running 1 test from 1 test suite.
[----------] 1 test from HvfIntelRecoveryProbe
[ RUN      ] HvfIntelRecoveryProbe.WithoutHostKick
INTEL_PROBE phase=executor_retained
INTEL_RECOVERY host_kick=omitted
INTEL_LIFECYCLE phase=vcpu_destroy_begin generation=50 owner=42432
INTEL_LIFECYCLE phase=vcpu_destroy_end generation=50 owner=42432
INTEL_LIFECYCLE phase=vm_destroy_begin generation=50 owner=42432
INTEL_LIFECYCLE phase=vm_destroy_end generation=50 owner=42432
INTEL_LIFECYCLE phase=vm_create_begin generation=51 owner=42432
INTEL_LIFECYCLE phase=vm_create_end generation=51 owner=42432
INTEL_LIFECYCLE phase=vcpu_create_begin generation=51 owner=42432
INTEL_LIFECYCLE phase=vcpu_create_end generation=51 owner=42432
[       OK ] HvfIntelRecoveryProbe.WithoutHostKick (352 ms)
[----------] 1 test from HvfIntelRecoveryProbe (352 ms total)

[==========] 1 test from 1 test suite ran. (352 ms total)
[  PASSED  ] 1 test.

Repeating all tests (iteration 51) . . .

Note: Google Test filter = HvfIntelRecoveryProbe.WithoutHostKick
[==========] Running 1 test from 1 test suite.
[----------] 1 test from HvfIntelRecoveryProbe
[ RUN      ] HvfIntelRecoveryProbe.WithoutHostKick
INTEL_PROBE phase=executor_retained
INTEL_RECOVERY host_kick=omitted
INTEL_LIFECYCLE phase=vcpu_destroy_begin generation=51 owner=42432
INTEL_LIFECYCLE phase=vcpu_destroy_end generation=51 owner=42432
INTEL_LIFECYCLE phase=vm_destroy_begin generation=51 owner=42432
INTEL_LIFECYCLE phase=vm_destroy_end generation=51 owner=42432
INTEL_LIFECYCLE phase=vm_create_begin generation=52 owner=42432
INTEL_LIFECYCLE phase=vm_create_end generation=52 owner=42432
INTEL_LIFECYCLE phase=vcpu_create_begin generation=52 owner=42432
INTEL_LIFECYCLE phase=vcpu_create_end generation=52 owner=42432
[       OK ] HvfIntelRecoveryProbe.WithoutHostKick (283 ms)
[----------] 1 test from HvfIntelRecoveryProbe (283 ms total)

[==========] 1 test from 1 test suite ran. (284 ms total)
[  PASSED  ] 1 test.

Repeating all tests (iteration 52) . . .

Note: Google Test filter = HvfIntelRecoveryProbe.WithoutHostKick
[==========] Running 1 test from 1 test suite.
[----------] 1 test from HvfIntelRecoveryProbe
[ RUN      ] HvfIntelRecoveryProbe.WithoutHostKick
INTEL_PROBE phase=executor_retained
INTEL_RECOVERY host_kick=omitted
INTEL_LIFECYCLE phase=vcpu_destroy_begin generation=52 owner=42432
INTEL_LIFECYCLE phase=vcpu_destroy_end generation=52 owner=42432
INTEL_LIFECYCLE phase=vm_destroy_begin generation=52 owner=42432
INTEL_LIFECYCLE phase=vm_destroy_end generation=52 owner=42432
INTEL_LIFECYCLE phase=vm_create_begin generation=53 owner=42432
INTEL_LIFECYCLE phase=vm_create_end generation=53 owner=42432
INTEL_LIFECYCLE phase=vcpu_create_begin generation=53 owner=42432
INTEL_LIFECYCLE phase=vcpu_create_end generation=53 owner=42432
[       OK ] HvfIntelRecoveryProbe.WithoutHostKick (259 ms)
[----------] 1 test from HvfIntelRecoveryProbe (259 ms total)

[==========] 1 test from 1 test suite ran. (259 ms total)
[  PASSED  ] 1 test.

Repeating all tests (iteration 53) . . .

Note: Google Test filter = HvfIntelRecoveryProbe.WithoutHostKick
[==========] Running 1 test from 1 test suite.
[----------] 1 test from HvfIntelRecoveryProbe
[ RUN      ] HvfIntelRecoveryProbe.WithoutHostKick
INTEL_PROBE phase=executor_retained
INTEL_RECOVERY host_kick=omitted
INTEL_LIFECYCLE phase=vcpu_destroy_begin generation=53 owner=42432
INTEL_LIFECYCLE phase=vcpu_destroy_end generation=53 owner=42432
INTEL_LIFECYCLE phase=vm_destroy_begin generation=53 owner=42432
INTEL_LIFECYCLE phase=vm_destroy_end generation=53 owner=42432
INTEL_LIFECYCLE phase=vm_create_begin generation=54 owner=42432
INTEL_LIFECYCLE phase=vm_create_end generation=54 owner=42432
INTEL_LIFECYCLE phase=vcpu_create_begin generation=54 owner=42432
INTEL_LIFECYCLE phase=vcpu_create_end generation=54 owner=42432
[       OK ] HvfIntelRecoveryProbe.WithoutHostKick (260 ms)
[----------] 1 test from HvfIntelRecoveryProbe (260 ms total)

[==========] 1 test from 1 test suite ran. (260 ms total)
[  PASSED  ] 1 test.

Repeating all tests (iteration 54) . . .

Note: Google Test filter = HvfIntelRecoveryProbe.WithoutHostKick
[==========] Running 1 test from 1 test suite.
[----------] 1 test from HvfIntelRecoveryProbe
[ RUN      ] HvfIntelRecoveryProbe.WithoutHostKick
INTEL_PROBE phase=executor_retained
INTEL_RECOVERY host_kick=omitted
INTEL_LIFECYCLE phase=vcpu_destroy_begin generation=54 owner=42432
INTEL_LIFECYCLE phase=vcpu_destroy_end generation=54 owner=42432
INTEL_LIFECYCLE phase=vm_destroy_begin generation=54 owner=42432
INTEL_LIFECYCLE phase=vm_destroy_end generation=54 owner=42432
INTEL_LIFECYCLE phase=vm_create_begin generation=55 owner=42432
INTEL_LIFECYCLE phase=vm_create_end generation=55 owner=42432
INTEL_LIFECYCLE phase=vcpu_create_begin generation=55 owner=42432
INTEL_LIFECYCLE phase=vcpu_create_end generation=55 owner=42432
[       OK ] HvfIntelRecoveryProbe.WithoutHostKick (496 ms)
[----------] 1 test from HvfIntelRecoveryProbe (496 ms total)

[==========] 1 test from 1 test suite ran. (496 ms total)
[  PASSED  ] 1 test.

Repeating all tests (iteration 55) . . .

Note: Google Test filter = HvfIntelRecoveryProbe.WithoutHostKick
[==========] Running 1 test from 1 test suite.
[----------] 1 test from HvfIntelRecoveryProbe
[ RUN      ] HvfIntelRecoveryProbe.WithoutHostKick
INTEL_PROBE phase=executor_retained
INTEL_RECOVERY host_kick=omitted
INTEL_LIFECYCLE phase=vcpu_destroy_begin generation=55 owner=42432
INTEL_LIFECYCLE phase=vcpu_destroy_end generation=55 owner=42432
INTEL_LIFECYCLE phase=vm_destroy_begin generation=55 owner=42432
INTEL_LIFECYCLE phase=vm_destroy_end generation=55 owner=42432
INTEL_LIFECYCLE phase=vm_create_begin generation=56 owner=42432
INTEL_LIFECYCLE phase=vm_create_end generation=56 owner=42432
INTEL_LIFECYCLE phase=vcpu_create_begin generation=56 owner=42432
INTEL_LIFECYCLE phase=vcpu_create_end generation=56 owner=42432
[       OK ] HvfIntelRecoveryProbe.WithoutHostKick (332 ms)
[----------] 1 test from HvfIntelRecoveryProbe (332 ms total)

[==========] 1 test from 1 test suite ran. (332 ms total)
[  PASSED  ] 1 test.

Repeating all tests (iteration 56) . . .

Note: Google Test filter = HvfIntelRecoveryProbe.WithoutHostKick
[==========] Running 1 test from 1 test suite.
[----------] 1 test from HvfIntelRecoveryProbe
[ RUN      ] HvfIntelRecoveryProbe.WithoutHostKick
INTEL_PROBE phase=executor_retained
INTEL_RECOVERY host_kick=omitted
INTEL_LIFECYCLE phase=vcpu_destroy_begin generation=56 owner=42432
INTEL_LIFECYCLE phase=vcpu_destroy_end generation=56 owner=42432
INTEL_LIFECYCLE phase=vm_destroy_begin generation=56 owner=42432
INTEL_LIFECYCLE phase=vm_destroy_end generation=56 owner=42432
INTEL_LIFECYCLE phase=vm_create_begin generation=57 owner=42432
INTEL_LIFECYCLE phase=vm_create_end generation=57 owner=42432
INTEL_LIFECYCLE phase=vcpu_create_begin generation=57 owner=42432
INTEL_LIFECYCLE phase=vcpu_create_end generation=57 owner=42432
[       OK ] HvfIntelRecoveryProbe.WithoutHostKick (269 ms)
[----------] 1 test from HvfIntelRecoveryProbe (269 ms total)

[==========] 1 test from 1 test suite ran. (269 ms total)
[  PASSED  ] 1 test.

Repeating all tests (iteration 57) . . .

Note: Google Test filter = HvfIntelRecoveryProbe.WithoutHostKick
[==========] Running 1 test from 1 test suite.
[----------] 1 test from HvfIntelRecoveryProbe
[ RUN      ] HvfIntelRecoveryProbe.WithoutHostKick
INTEL_PROBE phase=executor_retained
INTEL_RECOVERY host_kick=omitted
INTEL_LIFECYCLE phase=vcpu_destroy_begin generation=57 owner=42432
INTEL_LIFECYCLE phase=vcpu_destroy_end generation=57 owner=42432
INTEL_LIFECYCLE phase=vm_destroy_begin generation=57 owner=42432
INTEL_LIFECYCLE phase=vm_destroy_end generation=57 owner=42432
INTEL_LIFECYCLE phase=vm_create_begin generation=58 owner=42432
INTEL_LIFECYCLE phase=vm_create_end generation=58 owner=42432
INTEL_LIFECYCLE phase=vcpu_create_begin generation=58 owner=42432
INTEL_LIFECYCLE phase=vcpu_create_end generation=58 owner=42432
[       OK ] HvfIntelRecoveryProbe.WithoutHostKick (523 ms)
[----------] 1 test from HvfIntelRecoveryProbe (523 ms total)

[==========] 1 test from 1 test suite ran. (523 ms total)
[  PASSED  ] 1 test.

Repeating all tests (iteration 58) . . .

Note: Google Test filter = HvfIntelRecoveryProbe.WithoutHostKick
[==========] Running 1 test from 1 test suite.
[----------] 1 test from HvfIntelRecoveryProbe
[ RUN      ] HvfIntelRecoveryProbe.WithoutHostKick
INTEL_PROBE phase=executor_retained
INTEL_RECOVERY host_kick=omitted
INTEL_LIFECYCLE phase=vcpu_destroy_begin generation=58 owner=42432
INTEL_LIFECYCLE phase=vcpu_destroy_end generation=58 owner=42432
INTEL_LIFECYCLE phase=vm_destroy_begin generation=58 owner=42432
INTEL_LIFECYCLE phase=vm_destroy_end generation=58 owner=42432
INTEL_LIFECYCLE phase=vm_create_begin generation=59 owner=42432
INTEL_LIFECYCLE phase=vm_create_end generation=59 owner=42432
INTEL_LIFECYCLE phase=vcpu_create_begin generation=59 owner=42432
INTEL_LIFECYCLE phase=vcpu_create_end generation=59 owner=42432
[       OK ] HvfIntelRecoveryProbe.WithoutHostKick (259 ms)
[----------] 1 test from HvfIntelRecoveryProbe (259 ms total)

[==========] 1 test from 1 test suite ran. (259 ms total)
[  PASSED  ] 1 test.

Repeating all tests (iteration 59) . . .

Note: Google Test filter = HvfIntelRecoveryProbe.WithoutHostKick
[==========] Running 1 test from 1 test suite.
[----------] 1 test from HvfIntelRecoveryProbe
[ RUN      ] HvfIntelRecoveryProbe.WithoutHostKick
INTEL_PROBE phase=executor_retained
INTEL_RECOVERY host_kick=omitted
INTEL_LIFECYCLE phase=vcpu_destroy_begin generation=59 owner=42432
INTEL_LIFECYCLE phase=vcpu_destroy_end generation=59 owner=42432
INTEL_LIFECYCLE phase=vm_destroy_begin generation=59 owner=42432
INTEL_LIFECYCLE phase=vm_destroy_end generation=59 owner=42432
INTEL_LIFECYCLE phase=vm_create_begin generation=60 owner=42432
INTEL_LIFECYCLE phase=vm_create_end generation=60 owner=42432
INTEL_LIFECYCLE phase=vcpu_create_begin generation=60 owner=42432
INTEL_LIFECYCLE phase=vcpu_create_end generation=60 owner=42432
[       OK ] HvfIntelRecoveryProbe.WithoutHostKick (403 ms)
[----------] 1 test from HvfIntelRecoveryProbe (403 ms total)

[==========] 1 test from 1 test suite ran. (403 ms total)
[  PASSED  ] 1 test.

Repeating all tests (iteration 60) . . .

Note: Google Test filter = HvfIntelRecoveryProbe.WithoutHostKick
[==========] Running 1 test from 1 test suite.
[----------] 1 test from HvfIntelRecoveryProbe
[ RUN      ] HvfIntelRecoveryProbe.WithoutHostKick
INTEL_PROBE phase=executor_retained
INTEL_RECOVERY host_kick=omitted
INTEL_LIFECYCLE phase=vcpu_destroy_begin generation=60 owner=42432
INTEL_LIFECYCLE phase=vcpu_destroy_end generation=60 owner=42432
INTEL_LIFECYCLE phase=vm_destroy_begin generation=60 owner=42432
INTEL_LIFECYCLE phase=vm_destroy_end generation=60 owner=42432
INTEL_LIFECYCLE phase=vm_create_begin generation=61 owner=42432
INTEL_LIFECYCLE phase=vm_create_end generation=61 owner=42432
INTEL_LIFECYCLE phase=vcpu_create_begin generation=61 owner=42432
INTEL_LIFECYCLE phase=vcpu_create_end generation=61 owner=42432
[       OK ] HvfIntelRecoveryProbe.WithoutHostKick (255 ms)
[----------] 1 test from HvfIntelRecoveryProbe (255 ms total)

[==========] 1 test from 1 test suite ran. (255 ms total)
[  PASSED  ] 1 test.

Repeating all tests (iteration 61) . . .

Note: Google Test filter = HvfIntelRecoveryProbe.WithoutHostKick
[==========] Running 1 test from 1 test suite.
[----------] 1 test from HvfIntelRecoveryProbe
[ RUN      ] HvfIntelRecoveryProbe.WithoutHostKick
INTEL_PROBE phase=executor_retained
INTEL_RECOVERY host_kick=omitted
INTEL_LIFECYCLE phase=vcpu_destroy_begin generation=61 owner=42432
INTEL_LIFECYCLE phase=vcpu_destroy_end generation=61 owner=42432
INTEL_LIFECYCLE phase=vm_destroy_begin generation=61 owner=42432
INTEL_LIFECYCLE phase=vm_destroy_end generation=61 owner=42432
INTEL_LIFECYCLE phase=vm_create_begin generation=62 owner=42432
INTEL_LIFECYCLE phase=vm_create_end generation=62 owner=42432
INTEL_LIFECYCLE phase=vcpu_create_begin generation=62 owner=42432
INTEL_LIFECYCLE phase=vcpu_create_end generation=62 owner=42432
[       OK ] HvfIntelRecoveryProbe.WithoutHostKick (414 ms)
[----------] 1 test from HvfIntelRecoveryProbe (414 ms total)

[==========] 1 test from 1 test suite ran. (414 ms total)
[  PASSED  ] 1 test.

Repeating all tests (iteration 62) . . .

Note: Google Test filter = HvfIntelRecoveryProbe.WithoutHostKick
[==========] Running 1 test from 1 test suite.
[----------] 1 test from HvfIntelRecoveryProbe
[ RUN      ] HvfIntelRecoveryProbe.WithoutHostKick
INTEL_PROBE phase=executor_retained
INTEL_RECOVERY host_kick=omitted
INTEL_LIFECYCLE phase=vcpu_destroy_begin generation=62 owner=42432
INTEL_LIFECYCLE phase=vcpu_destroy_end generation=62 owner=42432
INTEL_LIFECYCLE phase=vm_destroy_begin generation=62 owner=42432
INTEL_LIFECYCLE phase=vm_destroy_end generation=62 owner=42432
INTEL_LIFECYCLE phase=vm_create_begin generation=63 owner=42432
INTEL_LIFECYCLE phase=vm_create_end generation=63 owner=42432
INTEL_LIFECYCLE phase=vcpu_create_begin generation=63 owner=42432
INTEL_LIFECYCLE phase=vcpu_create_end generation=63 owner=42432
[       OK ] HvfIntelRecoveryProbe.WithoutHostKick (318 ms)
[----------] 1 test from HvfIntelRecoveryProbe (318 ms total)

[==========] 1 test from 1 test suite ran. (318 ms total)
[  PASSED  ] 1 test.

Repeating all tests (iteration 63) . . .

Note: Google Test filter = HvfIntelRecoveryProbe.WithoutHostKick
[==========] Running 1 test from 1 test suite.
[----------] 1 test from HvfIntelRecoveryProbe
[ RUN      ] HvfIntelRecoveryProbe.WithoutHostKick
INTEL_PROBE phase=executor_retained
INTEL_RECOVERY host_kick=omitted
INTEL_LIFECYCLE phase=vcpu_destroy_begin generation=63 owner=42432
INTEL_LIFECYCLE phase=vcpu_destroy_end generation=63 owner=42432
INTEL_LIFECYCLE phase=vm_destroy_begin generation=63 owner=42432
INTEL_LIFECYCLE phase=vm_destroy_end generation=63 owner=42432
INTEL_LIFECYCLE phase=vm_create_begin generation=64 owner=42432
INTEL_LIFECYCLE phase=vm_create_end generation=64 owner=42432
INTEL_LIFECYCLE phase=vcpu_create_begin generation=64 owner=42432
INTEL_LIFECYCLE phase=vcpu_create_end generation=64 owner=42432
[       OK ] HvfIntelRecoveryProbe.WithoutHostKick (275 ms)
[----------] 1 test from HvfIntelRecoveryProbe (275 ms total)

[==========] 1 test from 1 test suite ran. (275 ms total)
[  PASSED  ] 1 test.

Repeating all tests (iteration 64) . . .

Note: Google Test filter = HvfIntelRecoveryProbe.WithoutHostKick
[==========] Running 1 test from 1 test suite.
[----------] 1 test from HvfIntelRecoveryProbe
[ RUN      ] HvfIntelRecoveryProbe.WithoutHostKick
INTEL_PROBE phase=executor_retained
INTEL_RECOVERY host_kick=omitted
INTEL_LIFECYCLE phase=vcpu_destroy_begin generation=64 owner=42432
INTEL_LIFECYCLE phase=vcpu_destroy_end generation=64 owner=42432
INTEL_LIFECYCLE phase=vm_destroy_begin generation=64 owner=42432
INTEL_LIFECYCLE phase=vm_destroy_end generation=64 owner=42432
INTEL_LIFECYCLE phase=vm_create_begin generation=65 owner=42432
INTEL_LIFECYCLE phase=vm_create_end generation=65 owner=42432
INTEL_LIFECYCLE phase=vcpu_create_begin generation=65 owner=42432
INTEL_LIFECYCLE phase=vcpu_create_end generation=65 owner=42432
[       OK ] HvfIntelRecoveryProbe.WithoutHostKick (377 ms)
[----------] 1 test from HvfIntelRecoveryProbe (377 ms total)

[==========] 1 test from 1 test suite ran. (377 ms total)
[  PASSED  ] 1 test.

Repeating all tests (iteration 65) . . .

Note: Google Test filter = HvfIntelRecoveryProbe.WithoutHostKick
[==========] Running 1 test from 1 test suite.
[----------] 1 test from HvfIntelRecoveryProbe
[ RUN      ] HvfIntelRecoveryProbe.WithoutHostKick
INTEL_PROBE phase=executor_retained
INTEL_RECOVERY host_kick=omitted
INTEL_LIFECYCLE phase=vcpu_destroy_begin generation=65 owner=42432
INTEL_LIFECYCLE phase=vcpu_destroy_end generation=65 owner=42432
INTEL_LIFECYCLE phase=vm_destroy_begin generation=65 owner=42432
INTEL_LIFECYCLE phase=vm_destroy_end generation=65 owner=42432
INTEL_LIFECYCLE phase=vm_create_begin generation=66 owner=42432
INTEL_LIFECYCLE phase=vm_create_end generation=66 owner=42432
INTEL_LIFECYCLE phase=vcpu_create_begin generation=66 owner=42432
INTEL_LIFECYCLE phase=vcpu_create_end generation=66 owner=42432
[       OK ] HvfIntelRecoveryProbe.WithoutHostKick (414 ms)
[----------] 1 test from HvfIntelRecoveryProbe (414 ms total)

[==========] 1 test from 1 test suite ran. (414 ms total)
[  PASSED  ] 1 test.

Repeating all tests (iteration 66) . . .

Note: Google Test filter = HvfIntelRecoveryProbe.WithoutHostKick
[==========] Running 1 test from 1 test suite.
[----------] 1 test from HvfIntelRecoveryProbe
[ RUN      ] HvfIntelRecoveryProbe.WithoutHostKick
INTEL_PROBE phase=executor_retained
INTEL_RECOVERY host_kick=omitted
INTEL_LIFECYCLE phase=vcpu_destroy_begin generation=66 owner=42432
INTEL_LIFECYCLE phase=vcpu_destroy_end generation=66 owner=42432
INTEL_LIFECYCLE phase=vm_destroy_begin generation=66 owner=42432
INTEL_LIFECYCLE phase=vm_destroy_end generation=66 owner=42432
INTEL_LIFECYCLE phase=vm_create_begin generation=67 owner=42432
INTEL_LIFECYCLE phase=vm_create_end generation=67 owner=42432
INTEL_LIFECYCLE phase=vcpu_create_begin generation=67 owner=42432
INTEL_LIFECYCLE phase=vcpu_create_end generation=67 owner=42432
[       OK ] HvfIntelRecoveryProbe.WithoutHostKick (257 ms)
[----------] 1 test from HvfIntelRecoveryProbe (257 ms total)

[==========] 1 test from 1 test suite ran. (257 ms total)
[  PASSED  ] 1 test.

Repeating all tests (iteration 67) . . .

Note: Google Test filter = HvfIntelRecoveryProbe.WithoutHostKick
[==========] Running 1 test from 1 test suite.
[----------] 1 test from HvfIntelRecoveryProbe
[ RUN      ] HvfIntelRecoveryProbe.WithoutHostKick
INTEL_PROBE phase=executor_retained
INTEL_RECOVERY host_kick=omitted
INTEL_LIFECYCLE phase=vcpu_destroy_begin generation=67 owner=42432
INTEL_LIFECYCLE phase=vcpu_destroy_end generation=67 owner=42432
INTEL_LIFECYCLE phase=vm_destroy_begin generation=67 owner=42432
INTEL_LIFECYCLE phase=vm_destroy_end generation=67 owner=42432
INTEL_LIFECYCLE phase=vm_create_begin generation=68 owner=42432
INTEL_LIFECYCLE phase=vm_create_end generation=68 owner=42432
INTEL_LIFECYCLE phase=vcpu_create_begin generation=68 owner=42432
INTEL_LIFECYCLE phase=vcpu_create_end generation=68 owner=42432
[       OK ] HvfIntelRecoveryProbe.WithoutHostKick (430 ms)
[----------] 1 test from HvfIntelRecoveryProbe (430 ms total)

[==========] 1 test from 1 test suite ran. (431 ms total)
[  PASSED  ] 1 test.

Repeating all tests (iteration 68) . . .

Note: Google Test filter = HvfIntelRecoveryProbe.WithoutHostKick
[==========] Running 1 test from 1 test suite.
[----------] 1 test from HvfIntelRecoveryProbe
[ RUN      ] HvfIntelRecoveryProbe.WithoutHostKick
INTEL_PROBE phase=executor_retained
INTEL_RECOVERY host_kick=omitted
INTEL_LIFECYCLE phase=vcpu_destroy_begin generation=68 owner=42432
INTEL_LIFECYCLE phase=vcpu_destroy_end generation=68 owner=42432
INTEL_LIFECYCLE phase=vm_destroy_begin generation=68 owner=42432
INTEL_LIFECYCLE phase=vm_destroy_end generation=68 owner=42432
INTEL_LIFECYCLE phase=vm_create_begin generation=69 owner=42432
INTEL_LIFECYCLE phase=vm_create_end generation=69 owner=42432
INTEL_LIFECYCLE phase=vcpu_create_begin generation=69 owner=42432
INTEL_LIFECYCLE phase=vcpu_create_end generation=69 owner=42432
[       OK ] HvfIntelRecoveryProbe.WithoutHostKick (172 ms)
[----------] 1 test from HvfIntelRecoveryProbe (172 ms total)

[==========] 1 test from 1 test suite ran. (172 ms total)
[  PASSED  ] 1 test.

Repeating all tests (iteration 69) . . .

Note: Google Test filter = HvfIntelRecoveryProbe.WithoutHostKick
[==========] Running 1 test from 1 test suite.
[----------] 1 test from HvfIntelRecoveryProbe
[ RUN      ] HvfIntelRecoveryProbe.WithoutHostKick
INTEL_PROBE phase=executor_retained
INTEL_RECOVERY host_kick=omitted
INTEL_LIFECYCLE phase=vcpu_destroy_begin generation=69 owner=42432
INTEL_LIFECYCLE phase=vcpu_destroy_end generation=69 owner=42432
INTEL_LIFECYCLE phase=vm_destroy_begin generation=69 owner=42432
INTEL_LIFECYCLE phase=vm_destroy_end generation=69 owner=42432
INTEL_LIFECYCLE phase=vm_create_begin generation=70 owner=42432
INTEL_LIFECYCLE phase=vm_create_end generation=70 owner=42432
INTEL_LIFECYCLE phase=vcpu_create_begin generation=70 owner=42432
INTEL_LIFECYCLE phase=vcpu_create_end generation=70 owner=42432
[       OK ] HvfIntelRecoveryProbe.WithoutHostKick (318 ms)
[----------] 1 test from HvfIntelRecoveryProbe (318 ms total)

[==========] 1 test from 1 test suite ran. (318 ms total)
[  PASSED  ] 1 test.

Repeating all tests (iteration 70) . . .

Note: Google Test filter = HvfIntelRecoveryProbe.WithoutHostKick
[==========] Running 1 test from 1 test suite.
[----------] 1 test from HvfIntelRecoveryProbe
[ RUN      ] HvfIntelRecoveryProbe.WithoutHostKick
INTEL_PROBE phase=executor_retained
INTEL_RECOVERY host_kick=omitted
INTEL_LIFECYCLE phase=vcpu_destroy_begin generation=70 owner=42432
INTEL_LIFECYCLE phase=vcpu_destroy_end generation=70 owner=42432
INTEL_LIFECYCLE phase=vm_destroy_begin generation=70 owner=42432
INTEL_LIFECYCLE phase=vm_destroy_end generation=70 owner=42432
INTEL_LIFECYCLE phase=vm_create_begin generation=71 owner=42432
INTEL_LIFECYCLE phase=vm_create_end generation=71 owner=42432
INTEL_LIFECYCLE phase=vcpu_create_begin generation=71 owner=42432
INTEL_LIFECYCLE phase=vcpu_create_end generation=71 owner=42432
[       OK ] HvfIntelRecoveryProbe.WithoutHostKick (373 ms)
[----------] 1 test from HvfIntelRecoveryProbe (373 ms total)

[==========] 1 test from 1 test suite ran. (373 ms total)
[  PASSED  ] 1 test.

Repeating all tests (iteration 71) . . .

Note: Google Test filter = HvfIntelRecoveryProbe.WithoutHostKick
[==========] Running 1 test from 1 test suite.
[----------] 1 test from HvfIntelRecoveryProbe
[ RUN      ] HvfIntelRecoveryProbe.WithoutHostKick
INTEL_PROBE phase=executor_retained
INTEL_RECOVERY host_kick=omitted
INTEL_LIFECYCLE phase=vcpu_destroy_begin generation=71 owner=42432
INTEL_LIFECYCLE phase=vcpu_destroy_end generation=71 owner=42432
INTEL_LIFECYCLE phase=vm_destroy_begin generation=71 owner=42432
INTEL_LIFECYCLE phase=vm_destroy_end generation=71 owner=42432
INTEL_LIFECYCLE phase=vm_create_begin generation=72 owner=42432
INTEL_LIFECYCLE phase=vm_create_end generation=72 owner=42432
INTEL_LIFECYCLE phase=vcpu_create_begin generation=72 owner=42432
INTEL_LIFECYCLE phase=vcpu_create_end generation=72 owner=42432
[       OK ] HvfIntelRecoveryProbe.WithoutHostKick (280 ms)
[----------] 1 test from HvfIntelRecoveryProbe (280 ms total)

[==========] 1 test from 1 test suite ran. (280 ms total)
[  PASSED  ] 1 test.

Repeating all tests (iteration 72) . . .

Note: Google Test filter = HvfIntelRecoveryProbe.WithoutHostKick
[==========] Running 1 test from 1 test suite.
[----------] 1 test from HvfIntelRecoveryProbe
[ RUN      ] HvfIntelRecoveryProbe.WithoutHostKick
INTEL_PROBE phase=executor_retained
INTEL_RECOVERY host_kick=omitted
INTEL_LIFECYCLE phase=vcpu_destroy_begin generation=72 owner=42432
INTEL_LIFECYCLE phase=vcpu_destroy_end generation=72 owner=42432
INTEL_LIFECYCLE phase=vm_destroy_begin generation=72 owner=42432
INTEL_LIFECYCLE phase=vm_destroy_end generation=72 owner=42432
INTEL_LIFECYCLE phase=vm_create_begin generation=73 owner=42432
INTEL_LIFECYCLE phase=vm_create_end generation=73 owner=42432
INTEL_LIFECYCLE phase=vcpu_create_begin generation=73 owner=42432
INTEL_LIFECYCLE phase=vcpu_create_end generation=73 owner=42432
[       OK ] HvfIntelRecoveryProbe.WithoutHostKick (345 ms)
[----------] 1 test from HvfIntelRecoveryProbe (345 ms total)

[==========] 1 test from 1 test suite ran. (345 ms total)
[  PASSED  ] 1 test.

Repeating all tests (iteration 73) . . .

Note: Google Test filter = HvfIntelRecoveryProbe.WithoutHostKick
[==========] Running 1 test from 1 test suite.
[----------] 1 test from HvfIntelRecoveryProbe
[ RUN      ] HvfIntelRecoveryProbe.WithoutHostKick
INTEL_PROBE phase=executor_retained
INTEL_RECOVERY host_kick=omitted
INTEL_LIFECYCLE phase=vcpu_destroy_begin generation=73 owner=42432
INTEL_LIFECYCLE phase=vcpu_destroy_end generation=73 owner=42432
INTEL_LIFECYCLE phase=vm_destroy_begin generation=73 owner=42432
INTEL_LIFECYCLE phase=vm_destroy_end generation=73 owner=42432
INTEL_LIFECYCLE phase=vm_create_begin generation=74 owner=42432
INTEL_LIFECYCLE phase=vm_create_end generation=74 owner=42432
INTEL_LIFECYCLE phase=vcpu_create_begin generation=74 owner=42432
INTEL_LIFECYCLE phase=vcpu_create_end generation=74 owner=42432
[       OK ] HvfIntelRecoveryProbe.WithoutHostKick (244 ms)
[----------] 1 test from HvfIntelRecoveryProbe (244 ms total)

[==========] 1 test from 1 test suite ran. (244 ms total)
[  PASSED  ] 1 test.

Repeating all tests (iteration 74) . . .

Note: Google Test filter = HvfIntelRecoveryProbe.WithoutHostKick
[==========] Running 1 test from 1 test suite.
[----------] 1 test from HvfIntelRecoveryProbe
[ RUN      ] HvfIntelRecoveryProbe.WithoutHostKick
INTEL_PROBE phase=executor_retained
INTEL_RECOVERY host_kick=omitted
INTEL_LIFECYCLE phase=vcpu_destroy_begin generation=74 owner=42432
INTEL_LIFECYCLE phase=vcpu_destroy_end generation=74 owner=42432
INTEL_LIFECYCLE phase=vm_destroy_begin generation=74 owner=42432
INTEL_LIFECYCLE phase=vm_destroy_end generation=74 owner=42432
INTEL_LIFECYCLE phase=vm_create_begin generation=75 owner=42432
INTEL_LIFECYCLE phase=vm_create_end generation=75 owner=42432
INTEL_LIFECYCLE phase=vcpu_create_begin generation=75 owner=42432
INTEL_LIFECYCLE phase=vcpu_create_end generation=75 owner=42432
[       OK ] HvfIntelRecoveryProbe.WithoutHostKick (265 ms)
[----------] 1 test from HvfIntelRecoveryProbe (265 ms total)

[==========] 1 test from 1 test suite ran. (265 ms total)
[  PASSED  ] 1 test.

Repeating all tests (iteration 75) . . .

Note: Google Test filter = HvfIntelRecoveryProbe.WithoutHostKick
[==========] Running 1 test from 1 test suite.
[----------] 1 test from HvfIntelRecoveryProbe
[ RUN      ] HvfIntelRecoveryProbe.WithoutHostKick
INTEL_PROBE phase=executor_retained
INTEL_RECOVERY host_kick=omitted
INTEL_LIFECYCLE phase=vcpu_destroy_begin generation=75 owner=42432
INTEL_LIFECYCLE phase=vcpu_destroy_end generation=75 owner=42432
INTEL_LIFECYCLE phase=vm_destroy_begin generation=75 owner=42432
INTEL_LIFECYCLE phase=vm_destroy_end generation=75 owner=42432
INTEL_LIFECYCLE phase=vm_create_begin generation=76 owner=42432
INTEL_LIFECYCLE phase=vm_create_end generation=76 owner=42432
INTEL_LIFECYCLE phase=vcpu_create_begin generation=76 owner=42432
INTEL_LIFECYCLE phase=vcpu_create_end generation=76 owner=42432
[       OK ] HvfIntelRecoveryProbe.WithoutHostKick (311 ms)
[----------] 1 test from HvfIntelRecoveryProbe (311 ms total)

[==========] 1 test from 1 test suite ran. (311 ms total)
[  PASSED  ] 1 test.

Repeating all tests (iteration 76) . . .

Note: Google Test filter = HvfIntelRecoveryProbe.WithoutHostKick
[==========] Running 1 test from 1 test suite.
[----------] 1 test from HvfIntelRecoveryProbe
[ RUN      ] HvfIntelRecoveryProbe.WithoutHostKick
INTEL_PROBE phase=executor_retained
INTEL_RECOVERY host_kick=omitted
INTEL_LIFECYCLE phase=vcpu_destroy_begin generation=76 owner=42432
INTEL_LIFECYCLE phase=vcpu_destroy_end generation=76 owner=42432
INTEL_LIFECYCLE phase=vm_destroy_begin generation=76 owner=42432
INTEL_LIFECYCLE phase=vm_destroy_end generation=76 owner=42432
INTEL_LIFECYCLE phase=vm_create_begin generation=77 owner=42432
INTEL_LIFECYCLE phase=vm_create_end generation=77 owner=42432
INTEL_LIFECYCLE phase=vcpu_create_begin generation=77 owner=42432
INTEL_LIFECYCLE phase=vcpu_create_end generation=77 owner=42432
[       OK ] HvfIntelRecoveryProbe.WithoutHostKick (279 ms)
[----------] 1 test from HvfIntelRecoveryProbe (279 ms total)

[==========] 1 test from 1 test suite ran. (279 ms total)
[  PASSED  ] 1 test.

Repeating all tests (iteration 77) . . .

Note: Google Test filter = HvfIntelRecoveryProbe.WithoutHostKick
[==========] Running 1 test from 1 test suite.
[----------] 1 test from HvfIntelRecoveryProbe
[ RUN      ] HvfIntelRecoveryProbe.WithoutHostKick
INTEL_PROBE phase=executor_retained
INTEL_RECOVERY host_kick=omitted
INTEL_LIFECYCLE phase=vcpu_destroy_begin generation=77 owner=42432
INTEL_LIFECYCLE phase=vcpu_destroy_end generation=77 owner=42432
INTEL_LIFECYCLE phase=vm_destroy_begin generation=77 owner=42432
INTEL_LIFECYCLE phase=vm_destroy_end generation=77 owner=42432
INTEL_LIFECYCLE phase=vm_create_begin generation=78 owner=42432
INTEL_LIFECYCLE phase=vm_create_end generation=78 owner=42432
INTEL_LIFECYCLE phase=vcpu_create_begin generation=78 owner=42432
INTEL_LIFECYCLE phase=vcpu_create_end generation=78 owner=42432
[       OK ] HvfIntelRecoveryProbe.WithoutHostKick (289 ms)
[----------] 1 test from HvfIntelRecoveryProbe (289 ms total)

[==========] 1 test from 1 test suite ran. (289 ms total)
[  PASSED  ] 1 test.

Repeating all tests (iteration 78) . . .

Note: Google Test filter = HvfIntelRecoveryProbe.WithoutHostKick
[==========] Running 1 test from 1 test suite.
[----------] 1 test from HvfIntelRecoveryProbe
[ RUN      ] HvfIntelRecoveryProbe.WithoutHostKick
INTEL_PROBE phase=executor_retained
INTEL_RECOVERY host_kick=omitted
INTEL_LIFECYCLE phase=vcpu_destroy_begin generation=78 owner=42432
INTEL_LIFECYCLE phase=vcpu_destroy_end generation=78 owner=42432
INTEL_LIFECYCLE phase=vm_destroy_begin generation=78 owner=42432
INTEL_LIFECYCLE phase=vm_destroy_end generation=78 owner=42432
INTEL_LIFECYCLE phase=vm_create_begin generation=79 owner=42432
INTEL_LIFECYCLE phase=vm_create_end generation=79 owner=42432
INTEL_LIFECYCLE phase=vcpu_create_begin generation=79 owner=42432
INTEL_LIFECYCLE phase=vcpu_create_end generation=79 owner=42432
[       OK ] HvfIntelRecoveryProbe.WithoutHostKick (309 ms)
[----------] 1 test from HvfIntelRecoveryProbe (309 ms total)

[==========] 1 test from 1 test suite ran. (310 ms total)
[  PASSED  ] 1 test.

Repeating all tests (iteration 79) . . .

Note: Google Test filter = HvfIntelRecoveryProbe.WithoutHostKick
[==========] Running 1 test from 1 test suite.
[----------] 1 test from HvfIntelRecoveryProbe
[ RUN      ] HvfIntelRecoveryProbe.WithoutHostKick
INTEL_PROBE phase=executor_retained
INTEL_RECOVERY host_kick=omitted
INTEL_LIFECYCLE phase=vcpu_destroy_begin generation=79 owner=42432
INTEL_LIFECYCLE phase=vcpu_destroy_end generation=79 owner=42432
INTEL_LIFECYCLE phase=vm_destroy_begin generation=79 owner=42432
INTEL_LIFECYCLE phase=vm_destroy_end generation=79 owner=42432
INTEL_LIFECYCLE phase=vm_create_begin generation=80 owner=42432
INTEL_LIFECYCLE phase=vm_create_end generation=80 owner=42432
INTEL_LIFECYCLE phase=vcpu_create_begin generation=80 owner=42432
INTEL_LIFECYCLE phase=vcpu_create_end generation=80 owner=42432
[       OK ] HvfIntelRecoveryProbe.WithoutHostKick (183 ms)
[----------] 1 test from HvfIntelRecoveryProbe (183 ms total)

[==========] 1 test from 1 test suite ran. (183 ms total)
[  PASSED  ] 1 test.

Repeating all tests (iteration 80) . . .

Note: Google Test filter = HvfIntelRecoveryProbe.WithoutHostKick
[==========] Running 1 test from 1 test suite.
[----------] 1 test from HvfIntelRecoveryProbe
[ RUN      ] HvfIntelRecoveryProbe.WithoutHostKick
INTEL_PROBE phase=executor_retained
INTEL_RECOVERY host_kick=omitted
INTEL_LIFECYCLE phase=vcpu_destroy_begin generation=80 owner=42432
INTEL_LIFECYCLE phase=vcpu_destroy_end generation=80 owner=42432
INTEL_LIFECYCLE phase=vm_destroy_begin generation=80 owner=42432
INTEL_LIFECYCLE phase=vm_destroy_end generation=80 owner=42432
INTEL_LIFECYCLE phase=vm_create_begin generation=81 owner=42432
INTEL_LIFECYCLE phase=vm_create_end generation=81 owner=42432
INTEL_LIFECYCLE phase=vcpu_create_begin generation=81 owner=42432
INTEL_LIFECYCLE phase=vcpu_create_end generation=81 owner=42432
[       OK ] HvfIntelRecoveryProbe.WithoutHostKick (233 ms)
[----------] 1 test from HvfIntelRecoveryProbe (233 ms total)

[==========] 1 test from 1 test suite ran. (233 ms total)
[  PASSED  ] 1 test.

Repeating all tests (iteration 81) . . .

Note: Google Test filter = HvfIntelRecoveryProbe.WithoutHostKick
[==========] Running 1 test from 1 test suite.
[----------] 1 test from HvfIntelRecoveryProbe
[ RUN      ] HvfIntelRecoveryProbe.WithoutHostKick
INTEL_PROBE phase=executor_retained
INTEL_RECOVERY host_kick=omitted
INTEL_LIFECYCLE phase=vcpu_destroy_begin generation=81 owner=42432
INTEL_LIFECYCLE phase=vcpu_destroy_end generation=81 owner=42432
INTEL_LIFECYCLE phase=vm_destroy_begin generation=81 owner=42432
INTEL_LIFECYCLE phase=vm_destroy_end generation=81 owner=42432
INTEL_LIFECYCLE phase=vm_create_begin generation=82 owner=42432
INTEL_LIFECYCLE phase=vm_create_end generation=82 owner=42432
INTEL_LIFECYCLE phase=vcpu_create_begin generation=82 owner=42432
INTEL_LIFECYCLE phase=vcpu_create_end generation=82 owner=42432
[       OK ] HvfIntelRecoveryProbe.WithoutHostKick (267 ms)
[----------] 1 test from HvfIntelRecoveryProbe (267 ms total)

[==========] 1 test from 1 test suite ran. (268 ms total)
[  PASSED  ] 1 test.

Repeating all tests (iteration 82) . . .

Note: Google Test filter = HvfIntelRecoveryProbe.WithoutHostKick
[==========] Running 1 test from 1 test suite.
[----------] 1 test from HvfIntelRecoveryProbe
[ RUN      ] HvfIntelRecoveryProbe.WithoutHostKick
INTEL_PROBE phase=executor_retained
INTEL_RECOVERY host_kick=omitted
INTEL_LIFECYCLE phase=vcpu_destroy_begin generation=82 owner=42432
INTEL_LIFECYCLE phase=vcpu_destroy_end generation=82 owner=42432
INTEL_LIFECYCLE phase=vm_destroy_begin generation=82 owner=42432
INTEL_LIFECYCLE phase=vm_destroy_end generation=82 owner=42432
INTEL_LIFECYCLE phase=vm_create_begin generation=83 owner=42432
INTEL_LIFECYCLE phase=vm_create_end generation=83 owner=42432
INTEL_LIFECYCLE phase=vcpu_create_begin generation=83 owner=42432
INTEL_LIFECYCLE phase=vcpu_create_end generation=83 owner=42432
[       OK ] HvfIntelRecoveryProbe.WithoutHostKick (296 ms)
[----------] 1 test from HvfIntelRecoveryProbe (296 ms total)

[==========] 1 test from 1 test suite ran. (296 ms total)
[  PASSED  ] 1 test.

Repeating all tests (iteration 83) . . .

Note: Google Test filter = HvfIntelRecoveryProbe.WithoutHostKick
[==========] Running 1 test from 1 test suite.
[----------] 1 test from HvfIntelRecoveryProbe
[ RUN      ] HvfIntelRecoveryProbe.WithoutHostKick
INTEL_PROBE phase=executor_retained
INTEL_RECOVERY host_kick=omitted
INTEL_LIFECYCLE phase=vcpu_destroy_begin generation=83 owner=42432
INTEL_LIFECYCLE phase=vcpu_destroy_end generation=83 owner=42432
INTEL_LIFECYCLE phase=vm_destroy_begin generation=83 owner=42432
INTEL_LIFECYCLE phase=vm_destroy_end generation=83 owner=42432
INTEL_LIFECYCLE phase=vm_create_begin generation=84 owner=42432
INTEL_LIFECYCLE phase=vm_create_end generation=84 owner=42432
INTEL_LIFECYCLE phase=vcpu_create_begin generation=84 owner=42432
INTEL_LIFECYCLE phase=vcpu_create_end generation=84 owner=42432
[       OK ] HvfIntelRecoveryProbe.WithoutHostKick (299 ms)
[----------] 1 test from HvfIntelRecoveryProbe (299 ms total)

[==========] 1 test from 1 test suite ran. (299 ms total)
[  PASSED  ] 1 test.

Repeating all tests (iteration 84) . . .

Note: Google Test filter = HvfIntelRecoveryProbe.WithoutHostKick
[==========] Running 1 test from 1 test suite.
[----------] 1 test from HvfIntelRecoveryProbe
[ RUN      ] HvfIntelRecoveryProbe.WithoutHostKick
INTEL_PROBE phase=executor_retained
INTEL_RECOVERY host_kick=omitted
INTEL_LIFECYCLE phase=vcpu_destroy_begin generation=84 owner=42432
INTEL_LIFECYCLE phase=vcpu_destroy_end generation=84 owner=42432
INTEL_LIFECYCLE phase=vm_destroy_begin generation=84 owner=42432
INTEL_LIFECYCLE phase=vm_destroy_end generation=84 owner=42432
INTEL_LIFECYCLE phase=vm_create_begin generation=85 owner=42432
INTEL_LIFECYCLE phase=vm_create_end generation=85 owner=42432
INTEL_LIFECYCLE phase=vcpu_create_begin generation=85 owner=42432
INTEL_LIFECYCLE phase=vcpu_create_end generation=85 owner=42432
[       OK ] HvfIntelRecoveryProbe.WithoutHostKick (387 ms)
[----------] 1 test from HvfIntelRecoveryProbe (387 ms total)

[==========] 1 test from 1 test suite ran. (387 ms total)
[  PASSED  ] 1 test.

Repeating all tests (iteration 85) . . .

Note: Google Test filter = HvfIntelRecoveryProbe.WithoutHostKick
[==========] Running 1 test from 1 test suite.
[----------] 1 test from HvfIntelRecoveryProbe
[ RUN      ] HvfIntelRecoveryProbe.WithoutHostKick
INTEL_PROBE phase=executor_retained
INTEL_RECOVERY host_kick=omitted
INTEL_LIFECYCLE phase=vcpu_destroy_begin generation=85 owner=42432
INTEL_LIFECYCLE phase=vcpu_destroy_end generation=85 owner=42432
INTEL_LIFECYCLE phase=vm_destroy_begin generation=85 owner=42432
INTEL_LIFECYCLE phase=vm_destroy_end generation=85 owner=42432
INTEL_LIFECYCLE phase=vm_create_begin generation=86 owner=42432
INTEL_LIFECYCLE phase=vm_create_end generation=86 owner=42432
INTEL_LIFECYCLE phase=vcpu_create_begin generation=86 owner=42432
INTEL_LIFECYCLE phase=vcpu_create_end generation=86 owner=42432
[       OK ] HvfIntelRecoveryProbe.WithoutHostKick (244 ms)
[----------] 1 test from HvfIntelRecoveryProbe (244 ms total)

[==========] 1 test from 1 test suite ran. (244 ms total)
[  PASSED  ] 1 test.

Repeating all tests (iteration 86) . . .

Note: Google Test filter = HvfIntelRecoveryProbe.WithoutHostKick
[==========] Running 1 test from 1 test suite.
[----------] 1 test from HvfIntelRecoveryProbe
[ RUN      ] HvfIntelRecoveryProbe.WithoutHostKick
INTEL_PROBE phase=executor_retained
INTEL_RECOVERY host_kick=omitted
INTEL_LIFECYCLE phase=vcpu_destroy_begin generation=86 owner=42432
INTEL_LIFECYCLE phase=vcpu_destroy_end generation=86 owner=42432
INTEL_LIFECYCLE phase=vm_destroy_begin generation=86 owner=42432
INTEL_LIFECYCLE phase=vm_destroy_end generation=86 owner=42432
INTEL_LIFECYCLE phase=vm_create_begin generation=87 owner=42432
INTEL_LIFECYCLE phase=vm_create_end generation=87 owner=42432
INTEL_LIFECYCLE phase=vcpu_create_begin generation=87 owner=42432
INTEL_LIFECYCLE phase=vcpu_create_end generation=87 owner=42432
[       OK ] HvfIntelRecoveryProbe.WithoutHostKick (198 ms)
[----------] 1 test from HvfIntelRecoveryProbe (198 ms total)

[==========] 1 test from 1 test suite ran. (198 ms total)
[  PASSED  ] 1 test.

Repeating all tests (iteration 87) . . .

Note: Google Test filter = HvfIntelRecoveryProbe.WithoutHostKick
[==========] Running 1 test from 1 test suite.
[----------] 1 test from HvfIntelRecoveryProbe
[ RUN      ] HvfIntelRecoveryProbe.WithoutHostKick
INTEL_PROBE phase=executor_retained
INTEL_RECOVERY host_kick=omitted
INTEL_LIFECYCLE phase=vcpu_destroy_begin generation=87 owner=42432
INTEL_LIFECYCLE phase=vcpu_destroy_end generation=87 owner=42432
INTEL_LIFECYCLE phase=vm_destroy_begin generation=87 owner=42432
INTEL_LIFECYCLE phase=vm_destroy_end generation=87 owner=42432
INTEL_LIFECYCLE phase=vm_create_begin generation=88 owner=42432
INTEL_LIFECYCLE phase=vm_create_end generation=88 owner=42432
INTEL_LIFECYCLE phase=vcpu_create_begin generation=88 owner=42432
INTEL_LIFECYCLE phase=vcpu_create_end generation=88 owner=42432
[       OK ] HvfIntelRecoveryProbe.WithoutHostKick (320 ms)
[----------] 1 test from HvfIntelRecoveryProbe (320 ms total)

[==========] 1 test from 1 test suite ran. (320 ms total)
[  PASSED  ] 1 test.

Repeating all tests (iteration 88) . . .

Note: Google Test filter = HvfIntelRecoveryProbe.WithoutHostKick
[==========] Running 1 test from 1 test suite.
[----------] 1 test from HvfIntelRecoveryProbe
[ RUN      ] HvfIntelRecoveryProbe.WithoutHostKick
INTEL_PROBE phase=executor_retained
INTEL_RECOVERY host_kick=omitted
INTEL_LIFECYCLE phase=vcpu_destroy_begin generation=88 owner=42432
INTEL_LIFECYCLE phase=vcpu_destroy_end generation=88 owner=42432
INTEL_LIFECYCLE phase=vm_destroy_begin generation=88 owner=42432
INTEL_LIFECYCLE phase=vm_destroy_end generation=88 owner=42432
INTEL_LIFECYCLE phase=vm_create_begin generation=89 owner=42432
INTEL_LIFECYCLE phase=vm_create_end generation=89 owner=42432
INTEL_LIFECYCLE phase=vcpu_create_begin generation=89 owner=42432
INTEL_LIFECYCLE phase=vcpu_create_end generation=89 owner=42432
[       OK ] HvfIntelRecoveryProbe.WithoutHostKick (207 ms)
[----------] 1 test from HvfIntelRecoveryProbe (207 ms total)

[==========] 1 test from 1 test suite ran. (207 ms total)
[  PASSED  ] 1 test.

Repeating all tests (iteration 89) . . .

Note: Google Test filter = HvfIntelRecoveryProbe.WithoutHostKick
[==========] Running 1 test from 1 test suite.
[----------] 1 test from HvfIntelRecoveryProbe
[ RUN      ] HvfIntelRecoveryProbe.WithoutHostKick
INTEL_PROBE phase=executor_retained
INTEL_RECOVERY host_kick=omitted
INTEL_LIFECYCLE phase=vcpu_destroy_begin generation=89 owner=42432
INTEL_LIFECYCLE phase=vcpu_destroy_end generation=89 owner=42432
INTEL_LIFECYCLE phase=vm_destroy_begin generation=89 owner=42432
INTEL_LIFECYCLE phase=vm_destroy_end generation=89 owner=42432
INTEL_LIFECYCLE phase=vm_create_begin generation=90 owner=42432
INTEL_LIFECYCLE phase=vm_create_end generation=90 owner=42432
INTEL_LIFECYCLE phase=vcpu_create_begin generation=90 owner=42432
INTEL_LIFECYCLE phase=vcpu_create_end generation=90 owner=42432
[       OK ] HvfIntelRecoveryProbe.WithoutHostKick (269 ms)
[----------] 1 test from HvfIntelRecoveryProbe (269 ms total)

[==========] 1 test from 1 test suite ran. (269 ms total)
[  PASSED  ] 1 test.

Repeating all tests (iteration 90) . . .

Note: Google Test filter = HvfIntelRecoveryProbe.WithoutHostKick
[==========] Running 1 test from 1 test suite.
[----------] 1 test from HvfIntelRecoveryProbe
[ RUN      ] HvfIntelRecoveryProbe.WithoutHostKick
INTEL_PROBE phase=executor_retained
INTEL_RECOVERY host_kick=omitted
INTEL_LIFECYCLE phase=vcpu_destroy_begin generation=90 owner=42432
INTEL_LIFECYCLE phase=vcpu_destroy_end generation=90 owner=42432
INTEL_LIFECYCLE phase=vm_destroy_begin generation=90 owner=42432
INTEL_LIFECYCLE phase=vm_destroy_end generation=90 owner=42432
INTEL_LIFECYCLE phase=vm_create_begin generation=91 owner=42432
INTEL_LIFECYCLE phase=vm_create_end generation=91 owner=42432
INTEL_LIFECYCLE phase=vcpu_create_begin generation=91 owner=42432
INTEL_LIFECYCLE phase=vcpu_create_end generation=91 owner=42432
[       OK ] HvfIntelRecoveryProbe.WithoutHostKick (214 ms)
[----------] 1 test from HvfIntelRecoveryProbe (214 ms total)

[==========] 1 test from 1 test suite ran. (214 ms total)
[  PASSED  ] 1 test.

Repeating all tests (iteration 91) . . .

Note: Google Test filter = HvfIntelRecoveryProbe.WithoutHostKick
[==========] Running 1 test from 1 test suite.
[----------] 1 test from HvfIntelRecoveryProbe
[ RUN      ] HvfIntelRecoveryProbe.WithoutHostKick
INTEL_PROBE phase=executor_retained
INTEL_RECOVERY host_kick=omitted
INTEL_LIFECYCLE phase=vcpu_destroy_begin generation=91 owner=42432
INTEL_LIFECYCLE phase=vcpu_destroy_end generation=91 owner=42432
INTEL_LIFECYCLE phase=vm_destroy_begin generation=91 owner=42432
INTEL_LIFECYCLE phase=vm_destroy_end generation=91 owner=42432
INTEL_LIFECYCLE phase=vm_create_begin generation=92 owner=42432
INTEL_LIFECYCLE phase=vm_create_end generation=92 owner=42432
INTEL_LIFECYCLE phase=vcpu_create_begin generation=92 owner=42432
INTEL_LIFECYCLE phase=vcpu_create_end generation=92 owner=42432
[       OK ] HvfIntelRecoveryProbe.WithoutHostKick (158 ms)
[----------] 1 test from HvfIntelRecoveryProbe (158 ms total)

[==========] 1 test from 1 test suite ran. (158 ms total)
[  PASSED  ] 1 test.

Repeating all tests (iteration 92) . . .

Note: Google Test filter = HvfIntelRecoveryProbe.WithoutHostKick
[==========] Running 1 test from 1 test suite.
[----------] 1 test from HvfIntelRecoveryProbe
[ RUN      ] HvfIntelRecoveryProbe.WithoutHostKick
INTEL_PROBE phase=executor_retained
INTEL_RECOVERY host_kick=omitted
INTEL_LIFECYCLE phase=vcpu_destroy_begin generation=92 owner=42432
INTEL_LIFECYCLE phase=vcpu_destroy_end generation=92 owner=42432
INTEL_LIFECYCLE phase=vm_destroy_begin generation=92 owner=42432
INTEL_LIFECYCLE phase=vm_destroy_end generation=92 owner=42432
INTEL_LIFECYCLE phase=vm_create_begin generation=93 owner=42432
INTEL_LIFECYCLE phase=vm_create_end generation=93 owner=42432
INTEL_LIFECYCLE phase=vcpu_create_begin generation=93 owner=42432
INTEL_LIFECYCLE phase=vcpu_create_end generation=93 owner=42432
[       OK ] HvfIntelRecoveryProbe.WithoutHostKick (224 ms)
[----------] 1 test from HvfIntelRecoveryProbe (224 ms total)

[==========] 1 test from 1 test suite ran. (224 ms total)
[  PASSED  ] 1 test.

Repeating all tests (iteration 93) . . .

Note: Google Test filter = HvfIntelRecoveryProbe.WithoutHostKick
[==========] Running 1 test from 1 test suite.
[----------] 1 test from HvfIntelRecoveryProbe
[ RUN      ] HvfIntelRecoveryProbe.WithoutHostKick
INTEL_PROBE phase=executor_retained
INTEL_RECOVERY host_kick=omitted
INTEL_LIFECYCLE phase=vcpu_destroy_begin generation=93 owner=42432
INTEL_LIFECYCLE phase=vcpu_destroy_end generation=93 owner=42432
INTEL_LIFECYCLE phase=vm_destroy_begin generation=93 owner=42432
INTEL_LIFECYCLE phase=vm_destroy_end generation=93 owner=42432
INTEL_LIFECYCLE phase=vm_create_begin generation=94 owner=42432
INTEL_LIFECYCLE phase=vm_create_end generation=94 owner=42432
INTEL_LIFECYCLE phase=vcpu_create_begin generation=94 owner=42432
INTEL_LIFECYCLE phase=vcpu_create_end generation=94 owner=42432
[       OK ] HvfIntelRecoveryProbe.WithoutHostKick (283 ms)
[----------] 1 test from HvfIntelRecoveryProbe (283 ms total)

[==========] 1 test from 1 test suite ran. (283 ms total)
[  PASSED  ] 1 test.

Repeating all tests (iteration 94) . . .

Note: Google Test filter = HvfIntelRecoveryProbe.WithoutHostKick
[==========] Running 1 test from 1 test suite.
[----------] 1 test from HvfIntelRecoveryProbe
[ RUN      ] HvfIntelRecoveryProbe.WithoutHostKick
INTEL_PROBE phase=executor_retained
INTEL_RECOVERY host_kick=omitted
INTEL_LIFECYCLE phase=vcpu_destroy_begin generation=94 owner=42432
INTEL_LIFECYCLE phase=vcpu_destroy_end generation=94 owner=42432
INTEL_LIFECYCLE phase=vm_destroy_begin generation=94 owner=42432
INTEL_LIFECYCLE phase=vm_destroy_end generation=94 owner=42432
INTEL_LIFECYCLE phase=vm_create_begin generation=95 owner=42432
INTEL_LIFECYCLE phase=vm_create_end generation=95 owner=42432
INTEL_LIFECYCLE phase=vcpu_create_begin generation=95 owner=42432
INTEL_LIFECYCLE phase=vcpu_create_end generation=95 owner=42432
[       OK ] HvfIntelRecoveryProbe.WithoutHostKick (197 ms)
[----------] 1 test from HvfIntelRecoveryProbe (197 ms total)

[==========] 1 test from 1 test suite ran. (197 ms total)
[  PASSED  ] 1 test.

Repeating all tests (iteration 95) . . .

Note: Google Test filter = HvfIntelRecoveryProbe.WithoutHostKick
[==========] Running 1 test from 1 test suite.
[----------] 1 test from HvfIntelRecoveryProbe
[ RUN      ] HvfIntelRecoveryProbe.WithoutHostKick
INTEL_PROBE phase=executor_retained
INTEL_RECOVERY host_kick=omitted
INTEL_LIFECYCLE phase=vcpu_destroy_begin generation=95 owner=42432
INTEL_LIFECYCLE phase=vcpu_destroy_end generation=95 owner=42432
INTEL_LIFECYCLE phase=vm_destroy_begin generation=95 owner=42432
INTEL_LIFECYCLE phase=vm_destroy_end generation=95 owner=42432
INTEL_LIFECYCLE phase=vm_create_begin generation=96 owner=42432
INTEL_LIFECYCLE phase=vm_create_end generation=96 owner=42432
INTEL_LIFECYCLE phase=vcpu_create_begin generation=96 owner=42432
INTEL_LIFECYCLE phase=vcpu_create_end generation=96 owner=42432
[       OK ] HvfIntelRecoveryProbe.WithoutHostKick (268 ms)
[----------] 1 test from HvfIntelRecoveryProbe (268 ms total)

[==========] 1 test from 1 test suite ran. (268 ms total)
[  PASSED  ] 1 test.

Repeating all tests (iteration 96) . . .

Note: Google Test filter = HvfIntelRecoveryProbe.WithoutHostKick
[==========] Running 1 test from 1 test suite.
[----------] 1 test from HvfIntelRecoveryProbe
[ RUN      ] HvfIntelRecoveryProbe.WithoutHostKick
INTEL_PROBE phase=executor_retained
INTEL_RECOVERY host_kick=omitted
INTEL_LIFECYCLE phase=vcpu_destroy_begin generation=96 owner=42432
INTEL_LIFECYCLE phase=vcpu_destroy_end generation=96 owner=42432
INTEL_LIFECYCLE phase=vm_destroy_begin generation=96 owner=42432
INTEL_LIFECYCLE phase=vm_destroy_end generation=96 owner=42432
INTEL_LIFECYCLE phase=vm_create_begin generation=97 owner=42432
INTEL_LIFECYCLE phase=vm_create_end generation=97 owner=42432
INTEL_LIFECYCLE phase=vcpu_create_begin generation=97 owner=42432
INTEL_LIFECYCLE phase=vcpu_create_end generation=97 owner=42432
[       OK ] HvfIntelRecoveryProbe.WithoutHostKick (295 ms)
[----------] 1 test from HvfIntelRecoveryProbe (295 ms total)

[==========] 1 test from 1 test suite ran. (295 ms total)
[  PASSED  ] 1 test.

Repeating all tests (iteration 97) . . .

Note: Google Test filter = HvfIntelRecoveryProbe.WithoutHostKick
[==========] Running 1 test from 1 test suite.
[----------] 1 test from HvfIntelRecoveryProbe
[ RUN      ] HvfIntelRecoveryProbe.WithoutHostKick
INTEL_PROBE phase=executor_retained
INTEL_RECOVERY host_kick=omitted
INTEL_LIFECYCLE phase=vcpu_destroy_begin generation=97 owner=42432
INTEL_LIFECYCLE phase=vcpu_destroy_end generation=97 owner=42432
INTEL_LIFECYCLE phase=vm_destroy_begin generation=97 owner=42432
INTEL_LIFECYCLE phase=vm_destroy_end generation=97 owner=42432
INTEL_LIFECYCLE phase=vm_create_begin generation=98 owner=42432
INTEL_LIFECYCLE phase=vm_create_end generation=98 owner=42432
INTEL_LIFECYCLE phase=vcpu_create_begin generation=98 owner=42432
INTEL_LIFECYCLE phase=vcpu_create_end generation=98 owner=42432
[       OK ] HvfIntelRecoveryProbe.WithoutHostKick (340 ms)
[----------] 1 test from HvfIntelRecoveryProbe (340 ms total)

[==========] 1 test from 1 test suite ran. (340 ms total)
[  PASSED  ] 1 test.

Repeating all tests (iteration 98) . . .

Note: Google Test filter = HvfIntelRecoveryProbe.WithoutHostKick
[==========] Running 1 test from 1 test suite.
[----------] 1 test from HvfIntelRecoveryProbe
[ RUN      ] HvfIntelRecoveryProbe.WithoutHostKick
INTEL_PROBE phase=executor_retained
INTEL_RECOVERY host_kick=omitted
INTEL_LIFECYCLE phase=vcpu_destroy_begin generation=98 owner=42432
INTEL_LIFECYCLE phase=vcpu_destroy_end generation=98 owner=42432
INTEL_LIFECYCLE phase=vm_destroy_begin generation=98 owner=42432
INTEL_LIFECYCLE phase=vm_destroy_end generation=98 owner=42432
INTEL_LIFECYCLE phase=vm_create_begin generation=99 owner=42432
INTEL_LIFECYCLE phase=vm_create_end generation=99 owner=42432
INTEL_LIFECYCLE phase=vcpu_create_begin generation=99 owner=42432
INTEL_LIFECYCLE phase=vcpu_create_end generation=99 owner=42432
[       OK ] HvfIntelRecoveryProbe.WithoutHostKick (258 ms)
[----------] 1 test from HvfIntelRecoveryProbe (258 ms total)

[==========] 1 test from 1 test suite ran. (258 ms total)
[  PASSED  ] 1 test.

Repeating all tests (iteration 99) . . .

Note: Google Test filter = HvfIntelRecoveryProbe.WithoutHostKick
[==========] Running 1 test from 1 test suite.
[----------] 1 test from HvfIntelRecoveryProbe
[ RUN      ] HvfIntelRecoveryProbe.WithoutHostKick
INTEL_PROBE phase=executor_retained
INTEL_RECOVERY host_kick=omitted
INTEL_LIFECYCLE phase=vcpu_destroy_begin generation=99 owner=42432
INTEL_LIFECYCLE phase=vcpu_destroy_end generation=99 owner=42432
INTEL_LIFECYCLE phase=vm_destroy_begin generation=99 owner=42432
INTEL_LIFECYCLE phase=vm_destroy_end generation=99 owner=42432
INTEL_LIFECYCLE phase=vm_create_begin generation=100 owner=42432
INTEL_LIFECYCLE phase=vm_create_end generation=100 owner=42432
INTEL_LIFECYCLE phase=vcpu_create_begin generation=100 owner=42432
INTEL_LIFECYCLE phase=vcpu_create_end generation=100 owner=42432
[       OK ] HvfIntelRecoveryProbe.WithoutHostKick (222 ms)
[----------] 1 test from HvfIntelRecoveryProbe (223 ms total)

[==========] 1 test from 1 test suite ran. (223 ms total)
[  PASSED  ] 1 test.

Repeating all tests (iteration 100) . . .

Note: Google Test filter = HvfIntelRecoveryProbe.WithoutHostKick
[==========] Running 1 test from 1 test suite.
[----------] 1 test from HvfIntelRecoveryProbe
[ RUN      ] HvfIntelRecoveryProbe.WithoutHostKick
INTEL_PROBE phase=executor_retained
INTEL_RECOVERY host_kick=omitted
INTEL_LIFECYCLE phase=vcpu_destroy_begin generation=100 owner=42432
INTEL_LIFECYCLE phase=vcpu_destroy_end generation=100 owner=42432
INTEL_LIFECYCLE phase=vm_destroy_begin generation=100 owner=42432
INTEL_LIFECYCLE phase=vm_destroy_end generation=100 owner=42432
INTEL_LIFECYCLE phase=vm_create_begin generation=101 owner=42432
INTEL_LIFECYCLE phase=vm_create_end generation=101 owner=42432
INTEL_LIFECYCLE phase=vcpu_create_begin generation=101 owner=42432
INTEL_LIFECYCLE phase=vcpu_create_end generation=101 owner=42432
[       OK ] HvfIntelRecoveryProbe.WithoutHostKick (415 ms)
[----------] 1 test from HvfIntelRecoveryProbe (415 ms total)

[==========] 1 test from 1 test suite ran. (415 ms total)
[  PASSED  ] 1 test.

Repeating all tests (iteration 101) . . .

Note: Google Test filter = HvfIntelRecoveryProbe.WithoutHostKick
[==========] Running 1 test from 1 test suite.
[----------] 1 test from HvfIntelRecoveryProbe
[ RUN      ] HvfIntelRecoveryProbe.WithoutHostKick
INTEL_PROBE phase=executor_retained
INTEL_RECOVERY host_kick=omitted
INTEL_LIFECYCLE phase=vcpu_destroy_begin generation=101 owner=42432
INTEL_LIFECYCLE phase=vcpu_destroy_end generation=101 owner=42432
INTEL_LIFECYCLE phase=vm_destroy_begin generation=101 owner=42432
INTEL_LIFECYCLE phase=vm_destroy_end generation=101 owner=42432
INTEL_LIFECYCLE phase=vm_create_begin generation=102 owner=42432
INTEL_LIFECYCLE phase=vm_create_end generation=102 owner=42432
INTEL_LIFECYCLE phase=vcpu_create_begin generation=102 owner=42432
INTEL_LIFECYCLE phase=vcpu_create_end generation=102 owner=42432
[       OK ] HvfIntelRecoveryProbe.WithoutHostKick (350 ms)
[----------] 1 test from HvfIntelRecoveryProbe (350 ms total)

[==========] 1 test from 1 test suite ran. (350 ms total)
[  PASSED  ] 1 test.

Repeating all tests (iteration 102) . . .

Note: Google Test filter = HvfIntelRecoveryProbe.WithoutHostKick
[==========] Running 1 test from 1 test suite.
[----------] 1 test from HvfIntelRecoveryProbe
[ RUN      ] HvfIntelRecoveryProbe.WithoutHostKick
INTEL_PROBE phase=executor_retained
INTEL_RECOVERY host_kick=omitted
INTEL_LIFECYCLE phase=vcpu_destroy_begin generation=102 owner=42432
INTEL_LIFECYCLE phase=vcpu_destroy_end generation=102 owner=42432
INTEL_LIFECYCLE phase=vm_destroy_begin generation=102 owner=42432
INTEL_LIFECYCLE phase=vm_destroy_end generation=102 owner=42432
INTEL_LIFECYCLE phase=vm_create_begin generation=103 owner=42432
INTEL_LIFECYCLE phase=vm_create_end generation=103 owner=42432
INTEL_LIFECYCLE phase=vcpu_create_begin generation=103 owner=42432
INTEL_LIFECYCLE phase=vcpu_create_end generation=103 owner=42432
[       OK ] HvfIntelRecoveryProbe.WithoutHostKick (568 ms)
[----------] 1 test from HvfIntelRecoveryProbe (568 ms total)

[==========] 1 test from 1 test suite ran. (568 ms total)
[  PASSED  ] 1 test.

Repeating all tests (iteration 103) . . .

Note: Google Test filter = HvfIntelRecoveryProbe.WithoutHostKick
[==========] Running 1 test from 1 test suite.
[----------] 1 test from HvfIntelRecoveryProbe
[ RUN      ] HvfIntelRecoveryProbe.WithoutHostKick
INTEL_PROBE phase=executor_retained
INTEL_RECOVERY host_kick=omitted
INTEL_LIFECYCLE phase=vcpu_destroy_begin generation=103 owner=42432
INTEL_LIFECYCLE phase=vcpu_destroy_end generation=103 owner=42432
INTEL_LIFECYCLE phase=vm_destroy_begin generation=103 owner=42432
INTEL_LIFECYCLE phase=vm_destroy_end generation=103 owner=42432
INTEL_LIFECYCLE phase=vm_create_begin generation=104 owner=42432
INTEL_LIFECYCLE phase=vm_create_end generation=104 owner=42432
INTEL_LIFECYCLE phase=vcpu_create_begin generation=104 owner=42432
INTEL_LIFECYCLE phase=vcpu_create_end generation=104 owner=42432
[       OK ] HvfIntelRecoveryProbe.WithoutHostKick (470 ms)
[----------] 1 test from HvfIntelRecoveryProbe (470 ms total)

[==========] 1 test from 1 test suite ran. (470 ms total)
[  PASSED  ] 1 test.

Repeating all tests (iteration 104) . . .

Note: Google Test filter = HvfIntelRecoveryProbe.WithoutHostKick
[==========] Running 1 test from 1 test suite.
[----------] 1 test from HvfIntelRecoveryProbe
[ RUN      ] HvfIntelRecoveryProbe.WithoutHostKick
INTEL_PROBE phase=executor_retained
INTEL_RECOVERY host_kick=omitted
INTEL_LIFECYCLE phase=vcpu_destroy_begin generation=104 owner=42432
INTEL_LIFECYCLE phase=vcpu_destroy_end generation=104 owner=42432
INTEL_LIFECYCLE phase=vm_destroy_begin generation=104 owner=42432
INTEL_LIFECYCLE phase=vm_destroy_end generation=104 owner=42432
INTEL_LIFECYCLE phase=vm_create_begin generation=105 owner=42432
INTEL_LIFECYCLE phase=vm_create_end generation=105 owner=42432
INTEL_LIFECYCLE phase=vcpu_create_begin generation=105 owner=42432
INTEL_LIFECYCLE phase=vcpu_create_end generation=105 owner=42432
[       OK ] HvfIntelRecoveryProbe.WithoutHostKick (470 ms)
[----------] 1 test from HvfIntelRecoveryProbe (470 ms total)

[==========] 1 test from 1 test suite ran. (470 ms total)
[  PASSED  ] 1 test.

Repeating all tests (iteration 105) . . .

Note: Google Test filter = HvfIntelRecoveryProbe.WithoutHostKick
[==========] Running 1 test from 1 test suite.
[----------] 1 test from HvfIntelRecoveryProbe
[ RUN      ] HvfIntelRecoveryProbe.WithoutHostKick
INTEL_PROBE phase=executor_retained
INTEL_RECOVERY host_kick=omitted
INTEL_LIFECYCLE phase=vcpu_destroy_begin generation=105 owner=42432
INTEL_LIFECYCLE phase=vcpu_destroy_end generation=105 owner=42432
INTEL_LIFECYCLE phase=vm_destroy_begin generation=105 owner=42432
INTEL_LIFECYCLE phase=vm_destroy_end generation=105 owner=42432
INTEL_LIFECYCLE phase=vm_create_begin generation=106 owner=42432
INTEL_LIFECYCLE phase=vm_create_end generation=106 owner=42432
INTEL_LIFECYCLE phase=vcpu_create_begin generation=106 owner=42432
INTEL_LIFECYCLE phase=vcpu_create_end generation=106 owner=42432
[       OK ] HvfIntelRecoveryProbe.WithoutHostKick (500 ms)
[----------] 1 test from HvfIntelRecoveryProbe (501 ms total)

[==========] 1 test from 1 test suite ran. (501 ms total)
[  PASSED  ] 1 test.

Repeating all tests (iteration 106) . . .

Note: Google Test filter = HvfIntelRecoveryProbe.WithoutHostKick
[==========] Running 1 test from 1 test suite.
[----------] 1 test from HvfIntelRecoveryProbe
[ RUN      ] HvfIntelRecoveryProbe.WithoutHostKick
INTEL_PROBE phase=executor_retained
INTEL_RECOVERY host_kick=omitted
INTEL_LIFECYCLE phase=vcpu_destroy_begin generation=106 owner=42432
INTEL_LIFECYCLE phase=vcpu_destroy_end generation=106 owner=42432
INTEL_LIFECYCLE phase=vm_destroy_begin generation=106 owner=42432
INTEL_LIFECYCLE phase=vm_destroy_end generation=106 owner=42432
INTEL_LIFECYCLE phase=vm_create_begin generation=107 owner=42432
INTEL_LIFECYCLE phase=vm_create_end generation=107 owner=42432
INTEL_LIFECYCLE phase=vcpu_create_begin generation=107 owner=42432
INTEL_LIFECYCLE phase=vcpu_create_end generation=107 owner=42432
[       OK ] HvfIntelRecoveryProbe.WithoutHostKick (336 ms)
[----------] 1 test from HvfIntelRecoveryProbe (336 ms total)

[==========] 1 test from 1 test suite ran. (336 ms total)
[  PASSED  ] 1 test.

Repeating all tests (iteration 107) . . .

Note: Google Test filter = HvfIntelRecoveryProbe.WithoutHostKick
[==========] Running 1 test from 1 test suite.
[----------] 1 test from HvfIntelRecoveryProbe
[ RUN      ] HvfIntelRecoveryProbe.WithoutHostKick
INTEL_PROBE phase=executor_retained
INTEL_RECOVERY host_kick=omitted
INTEL_LIFECYCLE phase=vcpu_destroy_begin generation=107 owner=42432
INTEL_LIFECYCLE phase=vcpu_destroy_end generation=107 owner=42432
INTEL_LIFECYCLE phase=vm_destroy_begin generation=107 owner=42432
INTEL_LIFECYCLE phase=vm_destroy_end generation=107 owner=42432
INTEL_LIFECYCLE phase=vm_create_begin generation=108 owner=42432
INTEL_LIFECYCLE phase=vm_create_end generation=108 owner=42432
INTEL_LIFECYCLE phase=vcpu_create_begin generation=108 owner=42432
INTEL_LIFECYCLE phase=vcpu_create_end generation=108 owner=42432
[       OK ] HvfIntelRecoveryProbe.WithoutHostKick (475 ms)
[----------] 1 test from HvfIntelRecoveryProbe (475 ms total)

[==========] 1 test from 1 test suite ran. (475 ms total)
[  PASSED  ] 1 test.

Repeating all tests (iteration 108) . . .

Note: Google Test filter = HvfIntelRecoveryProbe.WithoutHostKick
[==========] Running 1 test from 1 test suite.
[----------] 1 test from HvfIntelRecoveryProbe
[ RUN      ] HvfIntelRecoveryProbe.WithoutHostKick
INTEL_PROBE phase=executor_retained
INTEL_RECOVERY host_kick=omitted
INTEL_LIFECYCLE phase=vcpu_destroy_begin generation=108 owner=42432
INTEL_LIFECYCLE phase=vcpu_destroy_end generation=108 owner=42432
INTEL_LIFECYCLE phase=vm_destroy_begin generation=108 owner=42432
INTEL_LIFECYCLE phase=vm_destroy_end generation=108 owner=42432
INTEL_LIFECYCLE phase=vm_create_begin generation=109 owner=42432
INTEL_LIFECYCLE phase=vm_create_end generation=109 owner=42432
INTEL_LIFECYCLE phase=vcpu_create_begin generation=109 owner=42432
INTEL_LIFECYCLE phase=vcpu_create_end generation=109 owner=42432
[       OK ] HvfIntelRecoveryProbe.WithoutHostKick (312 ms)
[----------] 1 test from HvfIntelRecoveryProbe (312 ms total)

[==========] 1 test from 1 test suite ran. (312 ms total)
[  PASSED  ] 1 test.

Repeating all tests (iteration 109) . . .

Note: Google Test filter = HvfIntelRecoveryProbe.WithoutHostKick
[==========] Running 1 test from 1 test suite.
[----------] 1 test from HvfIntelRecoveryProbe
[ RUN      ] HvfIntelRecoveryProbe.WithoutHostKick
INTEL_PROBE phase=executor_retained
INTEL_RECOVERY host_kick=omitted
INTEL_LIFECYCLE phase=vcpu_destroy_begin generation=109 owner=42432
INTEL_LIFECYCLE phase=vcpu_destroy_end generation=109 owner=42432
INTEL_LIFECYCLE phase=vm_destroy_begin generation=109 owner=42432
INTEL_LIFECYCLE phase=vm_destroy_end generation=109 owner=42432
INTEL_LIFECYCLE phase=vm_create_begin generation=110 owner=42432
INTEL_LIFECYCLE phase=vm_create_end generation=110 owner=42432
INTEL_LIFECYCLE phase=vcpu_create_begin generation=110 owner=42432
INTEL_LIFECYCLE phase=vcpu_create_end generation=110 owner=42432
[       OK ] HvfIntelRecoveryProbe.WithoutHostKick (312 ms)
[----------] 1 test from HvfIntelRecoveryProbe (312 ms total)

[==========] 1 test from 1 test suite ran. (312 ms total)
[  PASSED  ] 1 test.

Repeating all tests (iteration 110) . . .

Note: Google Test filter = HvfIntelRecoveryProbe.WithoutHostKick
[==========] Running 1 test from 1 test suite.
[----------] 1 test from HvfIntelRecoveryProbe
[ RUN      ] HvfIntelRecoveryProbe.WithoutHostKick
INTEL_PROBE phase=executor_retained
INTEL_RECOVERY host_kick=omitted
INTEL_LIFECYCLE phase=vcpu_destroy_begin generation=110 owner=42432
INTEL_LIFECYCLE phase=vcpu_destroy_end generation=110 owner=42432
INTEL_LIFECYCLE phase=vm_destroy_begin generation=110 owner=42432
INTEL_LIFECYCLE phase=vm_destroy_end generation=110 owner=42432
INTEL_LIFECYCLE phase=vm_create_begin generation=111 owner=42432
INTEL_LIFECYCLE phase=vm_create_end generation=111 owner=42432
INTEL_LIFECYCLE phase=vcpu_create_begin generation=111 owner=42432
INTEL_LIFECYCLE phase=vcpu_create_end generation=111 owner=42432
[       OK ] HvfIntelRecoveryProbe.WithoutHostKick (374 ms)
[----------] 1 test from HvfIntelRecoveryProbe (374 ms total)

[==========] 1 test from 1 test suite ran. (375 ms total)
[  PASSED  ] 1 test.

Repeating all tests (iteration 111) . . .

Note: Google Test filter = HvfIntelRecoveryProbe.WithoutHostKick
[==========] Running 1 test from 1 test suite.
[----------] 1 test from HvfIntelRecoveryProbe
[ RUN      ] HvfIntelRecoveryProbe.WithoutHostKick
INTEL_PROBE phase=executor_retained
INTEL_RECOVERY host_kick=omitted
INTEL_LIFECYCLE phase=vcpu_destroy_begin generation=111 owner=42432
INTEL_LIFECYCLE phase=vcpu_destroy_end generation=111 owner=42432
INTEL_LIFECYCLE phase=vm_destroy_begin generation=111 owner=42432
INTEL_LIFECYCLE phase=vm_destroy_end generation=111 owner=42432
INTEL_LIFECYCLE phase=vm_create_begin generation=112 owner=42432
INTEL_LIFECYCLE phase=vm_create_end generation=112 owner=42432
INTEL_LIFECYCLE phase=vcpu_create_begin generation=112 owner=42432
INTEL_LIFECYCLE phase=vcpu_create_end generation=112 owner=42432
[       OK ] HvfIntelRecoveryProbe.WithoutHostKick (303 ms)
[----------] 1 test from HvfIntelRecoveryProbe (303 ms total)

[==========] 1 test from 1 test suite ran. (303 ms total)
[  PASSED  ] 1 test.

Repeating all tests (iteration 112) . . .

Note: Google Test filter = HvfIntelRecoveryProbe.WithoutHostKick
[==========] Running 1 test from 1 test suite.
[----------] 1 test from HvfIntelRecoveryProbe
[ RUN      ] HvfIntelRecoveryProbe.WithoutHostKick
INTEL_PROBE phase=executor_retained
INTEL_RECOVERY host_kick=omitted
INTEL_LIFECYCLE phase=vcpu_destroy_begin generation=112 owner=42432
INTEL_LIFECYCLE phase=vcpu_destroy_end generation=112 owner=42432
INTEL_LIFECYCLE phase=vm_destroy_begin generation=112 owner=42432
INTEL_LIFECYCLE phase=vm_destroy_end generation=112 owner=42432
INTEL_LIFECYCLE phase=vm_create_begin generation=113 owner=42432
INTEL_LIFECYCLE phase=vm_create_end generation=113 owner=42432
INTEL_LIFECYCLE phase=vcpu_create_begin generation=113 owner=42432
INTEL_LIFECYCLE phase=vcpu_create_end generation=113 owner=42432
[       OK ] HvfIntelRecoveryProbe.WithoutHostKick (289 ms)
[----------] 1 test from HvfIntelRecoveryProbe (289 ms total)

[==========] 1 test from 1 test suite ran. (289 ms total)
[  PASSED  ] 1 test.

Repeating all tests (iteration 113) . . .

Note: Google Test filter = HvfIntelRecoveryProbe.WithoutHostKick
[==========] Running 1 test from 1 test suite.
[----------] 1 test from HvfIntelRecoveryProbe
[ RUN      ] HvfIntelRecoveryProbe.WithoutHostKick
INTEL_PROBE phase=executor_retained
INTEL_RECOVERY host_kick=omitted
INTEL_LIFECYCLE phase=vcpu_destroy_begin generation=113 owner=42432
INTEL_LIFECYCLE phase=vcpu_destroy_end generation=113 owner=42432
INTEL_LIFECYCLE phase=vm_destroy_begin generation=113 owner=42432
INTEL_LIFECYCLE phase=vm_destroy_end generation=113 owner=42432
INTEL_LIFECYCLE phase=vm_create_begin generation=114 owner=42432
INTEL_LIFECYCLE phase=vm_create_end generation=114 owner=42432
INTEL_LIFECYCLE phase=vcpu_create_begin generation=114 owner=42432
INTEL_LIFECYCLE phase=vcpu_create_end generation=114 owner=42432
[       OK ] HvfIntelRecoveryProbe.WithoutHostKick (418 ms)
[----------] 1 test from HvfIntelRecoveryProbe (418 ms total)

[==========] 1 test from 1 test suite ran. (418 ms total)
[  PASSED  ] 1 test.

Repeating all tests (iteration 114) . . .

Note: Google Test filter = HvfIntelRecoveryProbe.WithoutHostKick
[==========] Running 1 test from 1 test suite.
[----------] 1 test from HvfIntelRecoveryProbe
[ RUN      ] HvfIntelRecoveryProbe.WithoutHostKick
INTEL_PROBE phase=executor_retained
INTEL_RECOVERY host_kick=omitted
INTEL_LIFECYCLE phase=vcpu_destroy_begin generation=114 owner=42432
INTEL_LIFECYCLE phase=vcpu_destroy_end generation=114 owner=42432
INTEL_LIFECYCLE phase=vm_destroy_begin generation=114 owner=42432
INTEL_LIFECYCLE phase=vm_destroy_end generation=114 owner=42432
INTEL_LIFECYCLE phase=vm_create_begin generation=115 owner=42432
INTEL_LIFECYCLE phase=vm_create_end generation=115 owner=42432
INTEL_LIFECYCLE phase=vcpu_create_begin generation=115 owner=42432
INTEL_LIFECYCLE phase=vcpu_create_end generation=115 owner=42432
[       OK ] HvfIntelRecoveryProbe.WithoutHostKick (351 ms)
[----------] 1 test from HvfIntelRecoveryProbe (351 ms total)

[==========] 1 test from 1 test suite ran. (351 ms total)
[  PASSED  ] 1 test.

Repeating all tests (iteration 115) . . .

Note: Google Test filter = HvfIntelRecoveryProbe.WithoutHostKick
[==========] Running 1 test from 1 test suite.
[----------] 1 test from HvfIntelRecoveryProbe
[ RUN      ] HvfIntelRecoveryProbe.WithoutHostKick
INTEL_PROBE phase=executor_retained
INTEL_RECOVERY host_kick=omitted
INTEL_LIFECYCLE phase=vcpu_destroy_begin generation=115 owner=42432
INTEL_LIFECYCLE phase=vcpu_destroy_end generation=115 owner=42432
INTEL_LIFECYCLE phase=vm_destroy_begin generation=115 owner=42432
INTEL_LIFECYCLE phase=vm_destroy_end generation=115 owner=42432
INTEL_LIFECYCLE phase=vm_create_begin generation=116 owner=42432
INTEL_LIFECYCLE phase=vm_create_end generation=116 owner=42432
INTEL_LIFECYCLE phase=vcpu_create_begin generation=116 owner=42432
INTEL_LIFECYCLE phase=vcpu_create_end generation=116 owner=42432
[       OK ] HvfIntelRecoveryProbe.WithoutHostKick (396 ms)
[----------] 1 test from HvfIntelRecoveryProbe (396 ms total)

[==========] 1 test from 1 test suite ran. (396 ms total)
[  PASSED  ] 1 test.

Repeating all tests (iteration 116) . . .

Note: Google Test filter = HvfIntelRecoveryProbe.WithoutHostKick
[==========] Running 1 test from 1 test suite.
[----------] 1 test from HvfIntelRecoveryProbe
[ RUN      ] HvfIntelRecoveryProbe.WithoutHostKick
INTEL_PROBE phase=executor_retained
INTEL_RECOVERY host_kick=omitted
INTEL_LIFECYCLE phase=vcpu_destroy_begin generation=116 owner=42432
INTEL_LIFECYCLE phase=vcpu_destroy_end generation=116 owner=42432
INTEL_LIFECYCLE phase=vm_destroy_begin generation=116 owner=42432
INTEL_LIFECYCLE phase=vm_destroy_end generation=116 owner=42432
INTEL_LIFECYCLE phase=vm_create_begin generation=117 owner=42432
INTEL_LIFECYCLE phase=vm_create_end generation=117 owner=42432
INTEL_LIFECYCLE phase=vcpu_create_begin generation=117 owner=42432
INTEL_LIFECYCLE phase=vcpu_create_end generation=117 owner=42432
[       OK ] HvfIntelRecoveryProbe.WithoutHostKick (211 ms)
[----------] 1 test from HvfIntelRecoveryProbe (211 ms total)

[==========] 1 test from 1 test suite ran. (211 ms total)
[  PASSED  ] 1 test.

Repeating all tests (iteration 117) . . .

Note: Google Test filter = HvfIntelRecoveryProbe.WithoutHostKick
[==========] Running 1 test from 1 test suite.
[----------] 1 test from HvfIntelRecoveryProbe
[ RUN      ] HvfIntelRecoveryProbe.WithoutHostKick
INTEL_PROBE phase=executor_retained
INTEL_RECOVERY host_kick=omitted
INTEL_LIFECYCLE phase=vcpu_destroy_begin generation=117 owner=42432
INTEL_LIFECYCLE phase=vcpu_destroy_end generation=117 owner=42432
INTEL_LIFECYCLE phase=vm_destroy_begin generation=117 owner=42432
INTEL_LIFECYCLE phase=vm_destroy_end generation=117 owner=42432
INTEL_LIFECYCLE phase=vm_create_begin generation=118 owner=42432
INTEL_LIFECYCLE phase=vm_create_end generation=118 owner=42432
INTEL_LIFECYCLE phase=vcpu_create_begin generation=118 owner=42432
INTEL_LIFECYCLE phase=vcpu_create_end generation=118 owner=42432
[       OK ] HvfIntelRecoveryProbe.WithoutHostKick (150 ms)
[----------] 1 test from HvfIntelRecoveryProbe (150 ms total)

[==========] 1 test from 1 test suite ran. (150 ms total)
[  PASSED  ] 1 test.

Repeating all tests (iteration 118) . . .

Note: Google Test filter = HvfIntelRecoveryProbe.WithoutHostKick
[==========] Running 1 test from 1 test suite.
[----------] 1 test from HvfIntelRecoveryProbe
[ RUN      ] HvfIntelRecoveryProbe.WithoutHostKick
INTEL_PROBE phase=executor_retained
INTEL_RECOVERY host_kick=omitted
INTEL_LIFECYCLE phase=vcpu_destroy_begin generation=118 owner=42432
INTEL_LIFECYCLE phase=vcpu_destroy_end generation=118 owner=42432
INTEL_LIFECYCLE phase=vm_destroy_begin generation=118 owner=42432
INTEL_LIFECYCLE phase=vm_destroy_end generation=118 owner=42432
INTEL_LIFECYCLE phase=vm_create_begin generation=119 owner=42432
INTEL_LIFECYCLE phase=vm_create_end generation=119 owner=42432
INTEL_LIFECYCLE phase=vcpu_create_begin generation=119 owner=42432
INTEL_LIFECYCLE phase=vcpu_create_end generation=119 owner=42432
[       OK ] HvfIntelRecoveryProbe.WithoutHostKick (345 ms)
[----------] 1 test from HvfIntelRecoveryProbe (345 ms total)

[==========] 1 test from 1 test suite ran. (345 ms total)
[  PASSED  ] 1 test.

Repeating all tests (iteration 119) . . .

Note: Google Test filter = HvfIntelRecoveryProbe.WithoutHostKick
[==========] Running 1 test from 1 test suite.
[----------] 1 test from HvfIntelRecoveryProbe
[ RUN      ] HvfIntelRecoveryProbe.WithoutHostKick
INTEL_PROBE phase=executor_retained
INTEL_RECOVERY host_kick=omitted
INTEL_LIFECYCLE phase=vcpu_destroy_begin generation=119 owner=42432
INTEL_LIFECYCLE phase=vcpu_destroy_end generation=119 owner=42432
INTEL_LIFECYCLE phase=vm_destroy_begin generation=119 owner=42432
INTEL_LIFECYCLE phase=vm_destroy_end generation=119 owner=42432
INTEL_LIFECYCLE phase=vm_create_begin generation=120 owner=42432
INTEL_LIFECYCLE phase=vm_create_end generation=120 owner=42432
INTEL_LIFECYCLE phase=vcpu_create_begin generation=120 owner=42432
INTEL_LIFECYCLE phase=vcpu_create_end generation=120 owner=42432
[       OK ] HvfIntelRecoveryProbe.WithoutHostKick (124 ms)
[----------] 1 test from HvfIntelRecoveryProbe (124 ms total)

[==========] 1 test from 1 test suite ran. (124 ms total)
[  PASSED  ] 1 test.

Repeating all tests (iteration 120) . . .

Note: Google Test filter = HvfIntelRecoveryProbe.WithoutHostKick
[==========] Running 1 test from 1 test suite.
[----------] 1 test from HvfIntelRecoveryProbe
[ RUN      ] HvfIntelRecoveryProbe.WithoutHostKick
INTEL_PROBE phase=executor_retained
INTEL_RECOVERY host_kick=omitted
INTEL_LIFECYCLE phase=vcpu_destroy_begin generation=120 owner=42432
INTEL_LIFECYCLE phase=vcpu_destroy_end generation=120 owner=42432
INTEL_LIFECYCLE phase=vm_destroy_begin generation=120 owner=42432
INTEL_LIFECYCLE phase=vm_destroy_end generation=120 owner=42432
INTEL_LIFECYCLE phase=vm_create_begin generation=121 owner=42432
INTEL_LIFECYCLE phase=vm_create_end generation=121 owner=42432
INTEL_LIFECYCLE phase=vcpu_create_begin generation=121 owner=42432
INTEL_LIFECYCLE phase=vcpu_create_end generation=121 owner=42432
[       OK ] HvfIntelRecoveryProbe.WithoutHostKick (428 ms)
[----------] 1 test from HvfIntelRecoveryProbe (428 ms total)

[==========] 1 test from 1 test suite ran. (428 ms total)
[  PASSED  ] 1 test.

Repeating all tests (iteration 121) . . .

Note: Google Test filter = HvfIntelRecoveryProbe.WithoutHostKick
[==========] Running 1 test from 1 test suite.
[----------] 1 test from HvfIntelRecoveryProbe
[ RUN      ] HvfIntelRecoveryProbe.WithoutHostKick
INTEL_PROBE phase=executor_retained
INTEL_RECOVERY host_kick=omitted
INTEL_LIFECYCLE phase=vcpu_destroy_begin generation=121 owner=42432
INTEL_LIFECYCLE phase=vcpu_destroy_end generation=121 owner=42432
INTEL_LIFECYCLE phase=vm_destroy_begin generation=121 owner=42432
INTEL_LIFECYCLE phase=vm_destroy_end generation=121 owner=42432
INTEL_LIFECYCLE phase=vm_create_begin generation=122 owner=42432
INTEL_LIFECYCLE phase=vm_create_end generation=122 owner=42432
INTEL_LIFECYCLE phase=vcpu_create_begin generation=122 owner=42432
INTEL_LIFECYCLE phase=vcpu_create_end generation=122 owner=42432
[       OK ] HvfIntelRecoveryProbe.WithoutHostKick (267 ms)
[----------] 1 test from HvfIntelRecoveryProbe (267 ms total)

[==========] 1 test from 1 test suite ran. (267 ms total)
[  PASSED  ] 1 test.

Repeating all tests (iteration 122) . . .

Note: Google Test filter = HvfIntelRecoveryProbe.WithoutHostKick
[==========] Running 1 test from 1 test suite.
[----------] 1 test from HvfIntelRecoveryProbe
[ RUN      ] HvfIntelRecoveryProbe.WithoutHostKick
INTEL_PROBE phase=executor_retained
INTEL_RECOVERY host_kick=omitted
INTEL_LIFECYCLE phase=vcpu_destroy_begin generation=122 owner=42432
INTEL_LIFECYCLE phase=vcpu_destroy_end generation=122 owner=42432
INTEL_LIFECYCLE phase=vm_destroy_begin generation=122 owner=42432
INTEL_LIFECYCLE phase=vm_destroy_end generation=122 owner=42432
INTEL_LIFECYCLE phase=vm_create_begin generation=123 owner=42432
INTEL_LIFECYCLE phase=vm_create_end generation=123 owner=42432
INTEL_LIFECYCLE phase=vcpu_create_begin generation=123 owner=42432
INTEL_LIFECYCLE phase=vcpu_create_end generation=123 owner=42432
[       OK ] HvfIntelRecoveryProbe.WithoutHostKick (240 ms)
[----------] 1 test from HvfIntelRecoveryProbe (240 ms total)

[==========] 1 test from 1 test suite ran. (240 ms total)
[  PASSED  ] 1 test.

Repeating all tests (iteration 123) . . .

Note: Google Test filter = HvfIntelRecoveryProbe.WithoutHostKick
[==========] Running 1 test from 1 test suite.
[----------] 1 test from HvfIntelRecoveryProbe
[ RUN      ] HvfIntelRecoveryProbe.WithoutHostKick
INTEL_PROBE phase=executor_retained
INTEL_RECOVERY host_kick=omitted
INTEL_LIFECYCLE phase=vcpu_destroy_begin generation=123 owner=42432
INTEL_LIFECYCLE phase=vcpu_destroy_end generation=123 owner=42432
INTEL_LIFECYCLE phase=vm_destroy_begin generation=123 owner=42432
INTEL_LIFECYCLE phase=vm_destroy_end generation=123 owner=42432
INTEL_LIFECYCLE phase=vm_create_begin generation=124 owner=42432
INTEL_LIFECYCLE phase=vm_create_end generation=124 owner=42432
INTEL_LIFECYCLE phase=vcpu_create_begin generation=124 owner=42432
INTEL_LIFECYCLE phase=vcpu_create_end generation=124 owner=42432
[       OK ] HvfIntelRecoveryProbe.WithoutHostKick (189 ms)
[----------] 1 test from HvfIntelRecoveryProbe (189 ms total)

[==========] 1 test from 1 test suite ran. (189 ms total)
[  PASSED  ] 1 test.

Repeating all tests (iteration 124) . . .

Note: Google Test filter = HvfIntelRecoveryProbe.WithoutHostKick
[==========] Running 1 test from 1 test suite.
[----------] 1 test from HvfIntelRecoveryProbe
[ RUN      ] HvfIntelRecoveryProbe.WithoutHostKick
INTEL_PROBE phase=executor_retained
INTEL_RECOVERY host_kick=omitted
INTEL_LIFECYCLE phase=vcpu_destroy_begin generation=124 owner=42432
INTEL_LIFECYCLE phase=vcpu_destroy_end generation=124 owner=42432
INTEL_LIFECYCLE phase=vm_destroy_begin generation=124 owner=42432
INTEL_LIFECYCLE phase=vm_destroy_end generation=124 owner=42432
INTEL_LIFECYCLE phase=vm_create_begin generation=125 owner=42432
INTEL_LIFECYCLE phase=vm_create_end generation=125 owner=42432
INTEL_LIFECYCLE phase=vcpu_create_begin generation=125 owner=42432
INTEL_LIFECYCLE phase=vcpu_create_end generation=125 owner=42432
[       OK ] HvfIntelRecoveryProbe.WithoutHostKick (205 ms)
[----------] 1 test from HvfIntelRecoveryProbe (205 ms total)

[==========] 1 test from 1 test suite ran. (205 ms total)
[  PASSED  ] 1 test.

Repeating all tests (iteration 125) . . .

Note: Google Test filter = HvfIntelRecoveryProbe.WithoutHostKick
[==========] Running 1 test from 1 test suite.
[----------] 1 test from HvfIntelRecoveryProbe
[ RUN      ] HvfIntelRecoveryProbe.WithoutHostKick
INTEL_PROBE phase=executor_retained
INTEL_RECOVERY host_kick=omitted
INTEL_LIFECYCLE phase=vcpu_destroy_begin generation=125 owner=42432
INTEL_LIFECYCLE phase=vcpu_destroy_end generation=125 owner=42432
INTEL_LIFECYCLE phase=vm_destroy_begin generation=125 owner=42432
INTEL_LIFECYCLE phase=vm_destroy_end generation=125 owner=42432
INTEL_LIFECYCLE phase=vm_create_begin generation=126 owner=42432
INTEL_LIFECYCLE phase=vm_create_end generation=126 owner=42432
INTEL_LIFECYCLE phase=vcpu_create_begin generation=126 owner=42432
INTEL_LIFECYCLE phase=vcpu_create_end generation=126 owner=42432
[       OK ] HvfIntelRecoveryProbe.WithoutHostKick (326 ms)
[----------] 1 test from HvfIntelRecoveryProbe (326 ms total)

[==========] 1 test from 1 test suite ran. (326 ms total)
[  PASSED  ] 1 test.

Repeating all tests (iteration 126) . . .

Note: Google Test filter = HvfIntelRecoveryProbe.WithoutHostKick
[==========] Running 1 test from 1 test suite.
[----------] 1 test from HvfIntelRecoveryProbe
[ RUN      ] HvfIntelRecoveryProbe.WithoutHostKick
INTEL_PROBE phase=executor_retained
INTEL_RECOVERY host_kick=omitted
INTEL_LIFECYCLE phase=vcpu_destroy_begin generation=126 owner=42432
INTEL_LIFECYCLE phase=vcpu_destroy_end generation=126 owner=42432
INTEL_LIFECYCLE phase=vm_destroy_begin generation=126 owner=42432
INTEL_LIFECYCLE phase=vm_destroy_end generation=126 owner=42432
INTEL_LIFECYCLE phase=vm_create_begin generation=127 owner=42432
INTEL_LIFECYCLE phase=vm_create_end generation=127 owner=42432
INTEL_LIFECYCLE phase=vcpu_create_begin generation=127 owner=42432
INTEL_LIFECYCLE phase=vcpu_create_end generation=127 owner=42432
[       OK ] HvfIntelRecoveryProbe.WithoutHostKick (158 ms)
[----------] 1 test from HvfIntelRecoveryProbe (158 ms total)

[==========] 1 test from 1 test suite ran. (158 ms total)
[  PASSED  ] 1 test.

Repeating all tests (iteration 127) . . .

Note: Google Test filter = HvfIntelRecoveryProbe.WithoutHostKick
[==========] Running 1 test from 1 test suite.
[----------] 1 test from HvfIntelRecoveryProbe
[ RUN      ] HvfIntelRecoveryProbe.WithoutHostKick
INTEL_PROBE phase=executor_retained
INTEL_RECOVERY host_kick=omitted
INTEL_LIFECYCLE phase=vcpu_destroy_begin generation=127 owner=42432
INTEL_LIFECYCLE phase=vcpu_destroy_end generation=127 owner=42432
INTEL_LIFECYCLE phase=vm_destroy_begin generation=127 owner=42432
INTEL_LIFECYCLE phase=vm_destroy_end generation=127 owner=42432
INTEL_LIFECYCLE phase=vm_create_begin generation=128 owner=42432
INTEL_LIFECYCLE phase=vm_create_end generation=128 owner=42432
INTEL_LIFECYCLE phase=vcpu_create_begin generation=128 owner=42432
INTEL_LIFECYCLE phase=vcpu_create_end generation=128 owner=42432
[       OK ] HvfIntelRecoveryProbe.WithoutHostKick (412 ms)
[----------] 1 test from HvfIntelRecoveryProbe (412 ms total)

[==========] 1 test from 1 test suite ran. (412 ms total)
[  PASSED  ] 1 test.

Repeating all tests (iteration 128) . . .

Note: Google Test filter = HvfIntelRecoveryProbe.WithoutHostKick
[==========] Running 1 test from 1 test suite.
[----------] 1 test from HvfIntelRecoveryProbe
[ RUN      ] HvfIntelRecoveryProbe.WithoutHostKick
INTEL_PROBE phase=executor_retained
INTEL_RECOVERY host_kick=omitted
INTEL_LIFECYCLE phase=vcpu_destroy_begin generation=128 owner=42432
INTEL_LIFECYCLE phase=vcpu_destroy_end generation=128 owner=42432
INTEL_LIFECYCLE phase=vm_destroy_begin generation=128 owner=42432
INTEL_LIFECYCLE phase=vm_destroy_end generation=128 owner=42432
INTEL_LIFECYCLE phase=vm_create_begin generation=129 owner=42432
INTEL_LIFECYCLE phase=vm_create_end generation=129 owner=42432
INTEL_LIFECYCLE phase=vcpu_create_begin generation=129 owner=42432
INTEL_LIFECYCLE phase=vcpu_create_end generation=129 owner=42432
[       OK ] HvfIntelRecoveryProbe.WithoutHostKick (305 ms)
[----------] 1 test from HvfIntelRecoveryProbe (305 ms total)

[==========] 1 test from 1 test suite ran. (305 ms total)
[  PASSED  ] 1 test.

Repeating all tests (iteration 129) . . .

Note: Google Test filter = HvfIntelRecoveryProbe.WithoutHostKick
[==========] Running 1 test from 1 test suite.
[----------] 1 test from HvfIntelRecoveryProbe
[ RUN      ] HvfIntelRecoveryProbe.WithoutHostKick
INTEL_PROBE phase=executor_retained
INTEL_RECOVERY host_kick=omitted
INTEL_LIFECYCLE phase=vcpu_destroy_begin generation=129 owner=42432
INTEL_LIFECYCLE phase=vcpu_destroy_end generation=129 owner=42432
INTEL_LIFECYCLE phase=vm_destroy_begin generation=129 owner=42432
INTEL_LIFECYCLE phase=vm_destroy_end generation=129 owner=42432
INTEL_LIFECYCLE phase=vm_create_begin generation=130 owner=42432
INTEL_LIFECYCLE phase=vm_create_end generation=130 owner=42432
INTEL_LIFECYCLE phase=vcpu_create_begin generation=130 owner=42432
INTEL_LIFECYCLE phase=vcpu_create_end generation=130 owner=42432
[       OK ] HvfIntelRecoveryProbe.WithoutHostKick (233 ms)
[----------] 1 test from HvfIntelRecoveryProbe (233 ms total)

[==========] 1 test from 1 test suite ran. (233 ms total)
[  PASSED  ] 1 test.

Repeating all tests (iteration 130) . . .

Note: Google Test filter = HvfIntelRecoveryProbe.WithoutHostKick
[==========] Running 1 test from 1 test suite.
[----------] 1 test from HvfIntelRecoveryProbe
[ RUN      ] HvfIntelRecoveryProbe.WithoutHostKick
INTEL_PROBE phase=executor_retained
INTEL_RECOVERY host_kick=omitted
INTEL_LIFECYCLE phase=vcpu_destroy_begin generation=130 owner=42432
INTEL_LIFECYCLE phase=vcpu_destroy_end generation=130 owner=42432
INTEL_LIFECYCLE phase=vm_destroy_begin generation=130 owner=42432
INTEL_LIFECYCLE phase=vm_destroy_end generation=130 owner=42432
INTEL_LIFECYCLE phase=vm_create_begin generation=131 owner=42432
INTEL_LIFECYCLE phase=vm_create_end generation=131 owner=42432
INTEL_LIFECYCLE phase=vcpu_create_begin generation=131 owner=42432
INTEL_LIFECYCLE phase=vcpu_create_end generation=131 owner=42432
[       OK ] HvfIntelRecoveryProbe.WithoutHostKick (248 ms)
[----------] 1 test from HvfIntelRecoveryProbe (248 ms total)

[==========] 1 test from 1 test suite ran. (248 ms total)
[  PASSED  ] 1 test.

Repeating all tests (iteration 131) . . .

Note: Google Test filter = HvfIntelRecoveryProbe.WithoutHostKick
[==========] Running 1 test from 1 test suite.
[----------] 1 test from HvfIntelRecoveryProbe
[ RUN      ] HvfIntelRecoveryProbe.WithoutHostKick
INTEL_PROBE phase=executor_retained
INTEL_RECOVERY host_kick=omitted
INTEL_LIFECYCLE phase=vcpu_destroy_begin generation=131 owner=42432
INTEL_LIFECYCLE phase=vcpu_destroy_end generation=131 owner=42432
INTEL_LIFECYCLE phase=vm_destroy_begin generation=131 owner=42432
INTEL_LIFECYCLE phase=vm_destroy_end generation=131 owner=42432
INTEL_LIFECYCLE phase=vm_create_begin generation=132 owner=42432
INTEL_LIFECYCLE phase=vm_create_end generation=132 owner=42432
INTEL_LIFECYCLE phase=vcpu_create_begin generation=132 owner=42432
INTEL_LIFECYCLE phase=vcpu_create_end generation=132 owner=42432
[       OK ] HvfIntelRecoveryProbe.WithoutHostKick (391 ms)
[----------] 1 test from HvfIntelRecoveryProbe (391 ms total)

[==========] 1 test from 1 test suite ran. (391 ms total)
[  PASSED  ] 1 test.

Repeating all tests (iteration 132) . . .

Note: Google Test filter = HvfIntelRecoveryProbe.WithoutHostKick
[==========] Running 1 test from 1 test suite.
[----------] 1 test from HvfIntelRecoveryProbe
[ RUN      ] HvfIntelRecoveryProbe.WithoutHostKick
INTEL_PROBE phase=executor_retained
INTEL_RECOVERY host_kick=omitted
INTEL_LIFECYCLE phase=vcpu_destroy_begin generation=132 owner=42432
INTEL_LIFECYCLE phase=vcpu_destroy_end generation=132 owner=42432
INTEL_LIFECYCLE phase=vm_destroy_begin generation=132 owner=42432
INTEL_LIFECYCLE phase=vm_destroy_end generation=132 owner=42432
INTEL_LIFECYCLE phase=vm_create_begin generation=133 owner=42432
INTEL_LIFECYCLE phase=vm_create_end generation=133 owner=42432
INTEL_LIFECYCLE phase=vcpu_create_begin generation=133 owner=42432
INTEL_LIFECYCLE phase=vcpu_create_end generation=133 owner=42432
[       OK ] HvfIntelRecoveryProbe.WithoutHostKick (270 ms)
[----------] 1 test from HvfIntelRecoveryProbe (270 ms total)

[==========] 1 test from 1 test suite ran. (270 ms total)
[  PASSED  ] 1 test.

Repeating all tests (iteration 133) . . .

Note: Google Test filter = HvfIntelRecoveryProbe.WithoutHostKick
[==========] Running 1 test from 1 test suite.
[----------] 1 test from HvfIntelRecoveryProbe
[ RUN      ] HvfIntelRecoveryProbe.WithoutHostKick
INTEL_PROBE phase=executor_retained
INTEL_RECOVERY host_kick=omitted
INTEL_LIFECYCLE phase=vcpu_destroy_begin generation=133 owner=42432
INTEL_LIFECYCLE phase=vcpu_destroy_end generation=133 owner=42432
INTEL_LIFECYCLE phase=vm_destroy_begin generation=133 owner=42432
INTEL_LIFECYCLE phase=vm_destroy_end generation=133 owner=42432
INTEL_LIFECYCLE phase=vm_create_begin generation=134 owner=42432
INTEL_LIFECYCLE phase=vm_create_end generation=134 owner=42432
INTEL_LIFECYCLE phase=vcpu_create_begin generation=134 owner=42432
INTEL_LIFECYCLE phase=vcpu_create_end generation=134 owner=42432
[       OK ] HvfIntelRecoveryProbe.WithoutHostKick (144 ms)
[----------] 1 test from HvfIntelRecoveryProbe (144 ms total)

[==========] 1 test from 1 test suite ran. (144 ms total)
[  PASSED  ] 1 test.

Repeating all tests (iteration 134) . . .

Note: Google Test filter = HvfIntelRecoveryProbe.WithoutHostKick
[==========] Running 1 test from 1 test suite.
[----------] 1 test from HvfIntelRecoveryProbe
[ RUN      ] HvfIntelRecoveryProbe.WithoutHostKick
INTEL_PROBE phase=executor_retained
INTEL_RECOVERY host_kick=omitted
INTEL_LIFECYCLE phase=vcpu_destroy_begin generation=134 owner=42432
INTEL_LIFECYCLE phase=vcpu_destroy_end generation=134 owner=42432
INTEL_LIFECYCLE phase=vm_destroy_begin generation=134 owner=42432
INTEL_LIFECYCLE phase=vm_destroy_end generation=134 owner=42432
INTEL_LIFECYCLE phase=vm_create_begin generation=135 owner=42432
INTEL_LIFECYCLE phase=vm_create_end generation=135 owner=42432
INTEL_LIFECYCLE phase=vcpu_create_begin generation=135 owner=42432
INTEL_LIFECYCLE phase=vcpu_create_end generation=135 owner=42432
[       OK ] HvfIntelRecoveryProbe.WithoutHostKick (438 ms)
[----------] 1 test from HvfIntelRecoveryProbe (438 ms total)

[==========] 1 test from 1 test suite ran. (438 ms total)
[  PASSED  ] 1 test.

Repeating all tests (iteration 135) . . .

Note: Google Test filter = HvfIntelRecoveryProbe.WithoutHostKick
[==========] Running 1 test from 1 test suite.
[----------] 1 test from HvfIntelRecoveryProbe
[ RUN      ] HvfIntelRecoveryProbe.WithoutHostKick
INTEL_PROBE phase=executor_retained
INTEL_RECOVERY host_kick=omitted
INTEL_LIFECYCLE phase=vcpu_destroy_begin generation=135 owner=42432
INTEL_LIFECYCLE phase=vcpu_destroy_end generation=135 owner=42432
INTEL_LIFECYCLE phase=vm_destroy_begin generation=135 owner=42432
INTEL_LIFECYCLE phase=vm_destroy_end generation=135 owner=42432
INTEL_LIFECYCLE phase=vm_create_begin generation=136 owner=42432
INTEL_LIFECYCLE phase=vm_create_end generation=136 owner=42432
INTEL_LIFECYCLE phase=vcpu_create_begin generation=136 owner=42432
INTEL_LIFECYCLE phase=vcpu_create_end generation=136 owner=42432
[       OK ] HvfIntelRecoveryProbe.WithoutHostKick (525 ms)
[----------] 1 test from HvfIntelRecoveryProbe (525 ms total)

[==========] 1 test from 1 test suite ran. (525 ms total)
[  PASSED  ] 1 test.

Repeating all tests (iteration 136) . . .

Note: Google Test filter = HvfIntelRecoveryProbe.WithoutHostKick
[==========] Running 1 test from 1 test suite.
[----------] 1 test from HvfIntelRecoveryProbe
[ RUN      ] HvfIntelRecoveryProbe.WithoutHostKick
INTEL_PROBE phase=executor_retained
INTEL_RECOVERY host_kick=omitted
INTEL_LIFECYCLE phase=vcpu_destroy_begin generation=136 owner=42432
INTEL_LIFECYCLE phase=vcpu_destroy_end generation=136 owner=42432
INTEL_LIFECYCLE phase=vm_destroy_begin generation=136 owner=42432
INTEL_LIFECYCLE phase=vm_destroy_end generation=136 owner=42432
INTEL_LIFECYCLE phase=vm_create_begin generation=137 owner=42432
INTEL_LIFECYCLE phase=vm_create_end generation=137 owner=42432
INTEL_LIFECYCLE phase=vcpu_create_begin generation=137 owner=42432
INTEL_LIFECYCLE phase=vcpu_create_end generation=137 owner=42432
[       OK ] HvfIntelRecoveryProbe.WithoutHostKick (205 ms)
[----------] 1 test from HvfIntelRecoveryProbe (205 ms total)

[==========] 1 test from 1 test suite ran. (206 ms total)
[  PASSED  ] 1 test.

Repeating all tests (iteration 137) . . .

Note: Google Test filter = HvfIntelRecoveryProbe.WithoutHostKick
[==========] Running 1 test from 1 test suite.
[----------] 1 test from HvfIntelRecoveryProbe
[ RUN      ] HvfIntelRecoveryProbe.WithoutHostKick
INTEL_PROBE phase=executor_retained
INTEL_RECOVERY host_kick=omitted
INTEL_LIFECYCLE phase=vcpu_destroy_begin generation=137 owner=42432
INTEL_LIFECYCLE phase=vcpu_destroy_end generation=137 owner=42432
INTEL_LIFECYCLE phase=vm_destroy_begin generation=137 owner=42432
INTEL_LIFECYCLE phase=vm_destroy_end generation=137 owner=42432
INTEL_LIFECYCLE phase=vm_create_begin generation=138 owner=42432
INTEL_LIFECYCLE phase=vm_create_end generation=138 owner=42432
INTEL_LIFECYCLE phase=vcpu_create_begin generation=138 owner=42432
INTEL_LIFECYCLE phase=vcpu_create_end generation=138 owner=42432
[       OK ] HvfIntelRecoveryProbe.WithoutHostKick (314 ms)
[----------] 1 test from HvfIntelRecoveryProbe (314 ms total)

[==========] 1 test from 1 test suite ran. (314 ms total)
[  PASSED  ] 1 test.

Repeating all tests (iteration 138) . . .

Note: Google Test filter = HvfIntelRecoveryProbe.WithoutHostKick
[==========] Running 1 test from 1 test suite.
[----------] 1 test from HvfIntelRecoveryProbe
[ RUN      ] HvfIntelRecoveryProbe.WithoutHostKick
INTEL_PROBE phase=executor_retained
INTEL_RECOVERY host_kick=omitted
INTEL_LIFECYCLE phase=vcpu_destroy_begin generation=138 owner=42432
INTEL_LIFECYCLE phase=vcpu_destroy_end generation=138 owner=42432
INTEL_LIFECYCLE phase=vm_destroy_begin generation=138 owner=42432
INTEL_LIFECYCLE phase=vm_destroy_end generation=138 owner=42432
INTEL_LIFECYCLE phase=vm_create_begin generation=139 owner=42432
INTEL_LIFECYCLE phase=vm_create_end generation=139 owner=42432
INTEL_LIFECYCLE phase=vcpu_create_begin generation=139 owner=42432
INTEL_LIFECYCLE phase=vcpu_create_end generation=139 owner=42432
[       OK ] HvfIntelRecoveryProbe.WithoutHostKick (278 ms)
[----------] 1 test from HvfIntelRecoveryProbe (278 ms total)

[==========] 1 test from 1 test suite ran. (278 ms total)
[  PASSED  ] 1 test.

Repeating all tests (iteration 139) . . .

Note: Google Test filter = HvfIntelRecoveryProbe.WithoutHostKick
[==========] Running 1 test from 1 test suite.
[----------] 1 test from HvfIntelRecoveryProbe
[ RUN      ] HvfIntelRecoveryProbe.WithoutHostKick
INTEL_PROBE phase=executor_retained
INTEL_RECOVERY host_kick=omitted
INTEL_LIFECYCLE phase=vcpu_destroy_begin generation=139 owner=42432
INTEL_LIFECYCLE phase=vcpu_destroy_end generation=139 owner=42432
INTEL_LIFECYCLE phase=vm_destroy_begin generation=139 owner=42432
INTEL_LIFECYCLE phase=vm_destroy_end generation=139 owner=42432
INTEL_LIFECYCLE phase=vm_create_begin generation=140 owner=42432
INTEL_LIFECYCLE phase=vm_create_end generation=140 owner=42432
INTEL_LIFECYCLE phase=vcpu_create_begin generation=140 owner=42432
INTEL_LIFECYCLE phase=vcpu_create_end generation=140 owner=42432
[       OK ] HvfIntelRecoveryProbe.WithoutHostKick (250 ms)
[----------] 1 test from HvfIntelRecoveryProbe (250 ms total)

[==========] 1 test from 1 test suite ran. (250 ms total)
[  PASSED  ] 1 test.

Repeating all tests (iteration 140) . . .

Note: Google Test filter = HvfIntelRecoveryProbe.WithoutHostKick
[==========] Running 1 test from 1 test suite.
[----------] 1 test from HvfIntelRecoveryProbe
[ RUN      ] HvfIntelRecoveryProbe.WithoutHostKick
INTEL_PROBE phase=executor_retained
INTEL_RECOVERY host_kick=omitted
INTEL_LIFECYCLE phase=vcpu_destroy_begin generation=140 owner=42432
INTEL_LIFECYCLE phase=vcpu_destroy_end generation=140 owner=42432
INTEL_LIFECYCLE phase=vm_destroy_begin generation=140 owner=42432
INTEL_LIFECYCLE phase=vm_destroy_end generation=140 owner=42432
INTEL_LIFECYCLE phase=vm_create_begin generation=141 owner=42432
INTEL_LIFECYCLE phase=vm_create_end generation=141 owner=42432
INTEL_LIFECYCLE phase=vcpu_create_begin generation=141 owner=42432
INTEL_LIFECYCLE phase=vcpu_create_end generation=141 owner=42432
[       OK ] HvfIntelRecoveryProbe.WithoutHostKick (199 ms)
[----------] 1 test from HvfIntelRecoveryProbe (199 ms total)

[==========] 1 test from 1 test suite ran. (199 ms total)
[  PASSED  ] 1 test.

Repeating all tests (iteration 141) . . .

Note: Google Test filter = HvfIntelRecoveryProbe.WithoutHostKick
[==========] Running 1 test from 1 test suite.
[----------] 1 test from HvfIntelRecoveryProbe
[ RUN      ] HvfIntelRecoveryProbe.WithoutHostKick
INTEL_PROBE phase=executor_retained
INTEL_RECOVERY host_kick=omitted
INTEL_LIFECYCLE phase=vcpu_destroy_begin generation=141 owner=42432
INTEL_LIFECYCLE phase=vcpu_destroy_end generation=141 owner=42432
INTEL_LIFECYCLE phase=vm_destroy_begin generation=141 owner=42432
INTEL_LIFECYCLE phase=vm_destroy_end generation=141 owner=42432
INTEL_LIFECYCLE phase=vm_create_begin generation=142 owner=42432
INTEL_LIFECYCLE phase=vm_create_end generation=142 owner=42432
INTEL_LIFECYCLE phase=vcpu_create_begin generation=142 owner=42432
INTEL_LIFECYCLE phase=vcpu_create_end generation=142 owner=42432
[       OK ] HvfIntelRecoveryProbe.WithoutHostKick (244 ms)
[----------] 1 test from HvfIntelRecoveryProbe (244 ms total)

[==========] 1 test from 1 test suite ran. (245 ms total)
[  PASSED  ] 1 test.

Repeating all tests (iteration 142) . . .

Note: Google Test filter = HvfIntelRecoveryProbe.WithoutHostKick
[==========] Running 1 test from 1 test suite.
[----------] 1 test from HvfIntelRecoveryProbe
[ RUN      ] HvfIntelRecoveryProbe.WithoutHostKick
INTEL_PROBE phase=executor_retained
INTEL_RECOVERY host_kick=omitted
INTEL_LIFECYCLE phase=vcpu_destroy_begin generation=142 owner=42432
INTEL_LIFECYCLE phase=vcpu_destroy_end generation=142 owner=42432
INTEL_LIFECYCLE phase=vm_destroy_begin generation=142 owner=42432
INTEL_LIFECYCLE phase=vm_destroy_end generation=142 owner=42432
INTEL_LIFECYCLE phase=vm_create_begin generation=143 owner=42432
INTEL_LIFECYCLE phase=vm_create_end generation=143 owner=42432
INTEL_LIFECYCLE phase=vcpu_create_begin generation=143 owner=42432
INTEL_LIFECYCLE phase=vcpu_create_end generation=143 owner=42432
[       OK ] HvfIntelRecoveryProbe.WithoutHostKick (266 ms)
[----------] 1 test from HvfIntelRecoveryProbe (266 ms total)

[==========] 1 test from 1 test suite ran. (267 ms total)
[  PASSED  ] 1 test.

Repeating all tests (iteration 143) . . .

Note: Google Test filter = HvfIntelRecoveryProbe.WithoutHostKick
[==========] Running 1 test from 1 test suite.
[----------] 1 test from HvfIntelRecoveryProbe
[ RUN      ] HvfIntelRecoveryProbe.WithoutHostKick
INTEL_PROBE phase=executor_retained
INTEL_RECOVERY host_kick=omitted
INTEL_LIFECYCLE phase=vcpu_destroy_begin generation=143 owner=42432
INTEL_LIFECYCLE phase=vcpu_destroy_end generation=143 owner=42432
INTEL_LIFECYCLE phase=vm_destroy_begin generation=143 owner=42432
INTEL_LIFECYCLE phase=vm_destroy_end generation=143 owner=42432
INTEL_LIFECYCLE phase=vm_create_begin generation=144 owner=42432
INTEL_LIFECYCLE phase=vm_create_end generation=144 owner=42432
INTEL_LIFECYCLE phase=vcpu_create_begin generation=144 owner=42432
INTEL_LIFECYCLE phase=vcpu_create_end generation=144 owner=42432
[       OK ] HvfIntelRecoveryProbe.WithoutHostKick (127 ms)
[----------] 1 test from HvfIntelRecoveryProbe (127 ms total)

[==========] 1 test from 1 test suite ran. (127 ms total)
[  PASSED  ] 1 test.

Repeating all tests (iteration 144) . . .

Note: Google Test filter = HvfIntelRecoveryProbe.WithoutHostKick
[==========] Running 1 test from 1 test suite.
[----------] 1 test from HvfIntelRecoveryProbe
[ RUN      ] HvfIntelRecoveryProbe.WithoutHostKick
INTEL_PROBE phase=executor_retained
INTEL_RECOVERY host_kick=omitted
INTEL_LIFECYCLE phase=vcpu_destroy_begin generation=144 owner=42432
INTEL_LIFECYCLE phase=vcpu_destroy_end generation=144 owner=42432
INTEL_LIFECYCLE phase=vm_destroy_begin generation=144 owner=42432
INTEL_LIFECYCLE phase=vm_destroy_end generation=144 owner=42432
INTEL_LIFECYCLE phase=vm_create_begin generation=145 owner=42432
INTEL_LIFECYCLE phase=vm_create_end generation=145 owner=42432
INTEL_LIFECYCLE phase=vcpu_create_begin generation=145 owner=42432
INTEL_LIFECYCLE phase=vcpu_create_end generation=145 owner=42432
[       OK ] HvfIntelRecoveryProbe.WithoutHostKick (150 ms)
[----------] 1 test from HvfIntelRecoveryProbe (150 ms total)

[==========] 1 test from 1 test suite ran. (150 ms total)
[  PASSED  ] 1 test.

Repeating all tests (iteration 145) . . .

Note: Google Test filter = HvfIntelRecoveryProbe.WithoutHostKick
[==========] Running 1 test from 1 test suite.
[----------] 1 test from HvfIntelRecoveryProbe
[ RUN      ] HvfIntelRecoveryProbe.WithoutHostKick
INTEL_PROBE phase=executor_retained
INTEL_RECOVERY host_kick=omitted
INTEL_LIFECYCLE phase=vcpu_destroy_begin generation=145 owner=42432
INTEL_LIFECYCLE phase=vcpu_destroy_end generation=145 owner=42432
INTEL_LIFECYCLE phase=vm_destroy_begin generation=145 owner=42432
INTEL_LIFECYCLE phase=vm_destroy_end generation=145 owner=42432
INTEL_LIFECYCLE phase=vm_create_begin generation=146 owner=42432
INTEL_LIFECYCLE phase=vm_create_end generation=146 owner=42432
INTEL_LIFECYCLE phase=vcpu_create_begin generation=146 owner=42432
INTEL_LIFECYCLE phase=vcpu_create_end generation=146 owner=42432
[       OK ] HvfIntelRecoveryProbe.WithoutHostKick (199 ms)
[----------] 1 test from HvfIntelRecoveryProbe (199 ms total)

[==========] 1 test from 1 test suite ran. (199 ms total)
[  PASSED  ] 1 test.

Repeating all tests (iteration 146) . . .

Note: Google Test filter = HvfIntelRecoveryProbe.WithoutHostKick
[==========] Running 1 test from 1 test suite.
[----------] 1 test from HvfIntelRecoveryProbe
[ RUN      ] HvfIntelRecoveryProbe.WithoutHostKick
INTEL_PROBE phase=executor_retained
INTEL_RECOVERY host_kick=omitted
INTEL_LIFECYCLE phase=vcpu_destroy_begin generation=146 owner=42432
INTEL_LIFECYCLE phase=vcpu_destroy_end generation=146 owner=42432
INTEL_LIFECYCLE phase=vm_destroy_begin generation=146 owner=42432
INTEL_LIFECYCLE phase=vm_destroy_end generation=146 owner=42432
INTEL_LIFECYCLE phase=vm_create_begin generation=147 owner=42432
INTEL_LIFECYCLE phase=vm_create_end generation=147 owner=42432
INTEL_LIFECYCLE phase=vcpu_create_begin generation=147 owner=42432
INTEL_LIFECYCLE phase=vcpu_create_end generation=147 owner=42432
[       OK ] HvfIntelRecoveryProbe.WithoutHostKick (277 ms)
[----------] 1 test from HvfIntelRecoveryProbe (277 ms total)

[==========] 1 test from 1 test suite ran. (277 ms total)
[  PASSED  ] 1 test.

Repeating all tests (iteration 147) . . .

Note: Google Test filter = HvfIntelRecoveryProbe.WithoutHostKick
[==========] Running 1 test from 1 test suite.
[----------] 1 test from HvfIntelRecoveryProbe
[ RUN      ] HvfIntelRecoveryProbe.WithoutHostKick
INTEL_PROBE phase=executor_retained
INTEL_RECOVERY host_kick=omitted
INTEL_LIFECYCLE phase=vcpu_destroy_begin generation=147 owner=42432
INTEL_LIFECYCLE phase=vcpu_destroy_end generation=147 owner=42432
INTEL_LIFECYCLE phase=vm_destroy_begin generation=147 owner=42432
INTEL_LIFECYCLE phase=vm_destroy_end generation=147 owner=42432
INTEL_LIFECYCLE phase=vm_create_begin generation=148 owner=42432
INTEL_LIFECYCLE phase=vm_create_end generation=148 owner=42432
INTEL_LIFECYCLE phase=vcpu_create_begin generation=148 owner=42432
INTEL_LIFECYCLE phase=vcpu_create_end generation=148 owner=42432
[       OK ] HvfIntelRecoveryProbe.WithoutHostKick (261 ms)
[----------] 1 test from HvfIntelRecoveryProbe (261 ms total)

[==========] 1 test from 1 test suite ran. (261 ms total)
[  PASSED  ] 1 test.

Repeating all tests (iteration 148) . . .

Note: Google Test filter = HvfIntelRecoveryProbe.WithoutHostKick
[==========] Running 1 test from 1 test suite.
[----------] 1 test from HvfIntelRecoveryProbe
[ RUN      ] HvfIntelRecoveryProbe.WithoutHostKick
INTEL_PROBE phase=executor_retained
INTEL_RECOVERY host_kick=omitted
INTEL_LIFECYCLE phase=vcpu_destroy_begin generation=148 owner=42432
INTEL_LIFECYCLE phase=vcpu_destroy_end generation=148 owner=42432
INTEL_LIFECYCLE phase=vm_destroy_begin generation=148 owner=42432
INTEL_LIFECYCLE phase=vm_destroy_end generation=148 owner=42432
INTEL_LIFECYCLE phase=vm_create_begin generation=149 owner=42432
INTEL_LIFECYCLE phase=vm_create_end generation=149 owner=42432
INTEL_LIFECYCLE phase=vcpu_create_begin generation=149 owner=42432
INTEL_LIFECYCLE phase=vcpu_create_end generation=149 owner=42432
[       OK ] HvfIntelRecoveryProbe.WithoutHostKick (138 ms)
[----------] 1 test from HvfIntelRecoveryProbe (138 ms total)

[==========] 1 test from 1 test suite ran. (138 ms total)
[  PASSED  ] 1 test.

Repeating all tests (iteration 149) . . .

Note: Google Test filter = HvfIntelRecoveryProbe.WithoutHostKick
[==========] Running 1 test from 1 test suite.
[----------] 1 test from HvfIntelRecoveryProbe
[ RUN      ] HvfIntelRecoveryProbe.WithoutHostKick
INTEL_PROBE phase=executor_retained
INTEL_RECOVERY host_kick=omitted
INTEL_LIFECYCLE phase=vcpu_destroy_begin generation=149 owner=42432
INTEL_LIFECYCLE phase=vcpu_destroy_end generation=149 owner=42432
INTEL_LIFECYCLE phase=vm_destroy_begin generation=149 owner=42432
INTEL_LIFECYCLE phase=vm_destroy_end generation=149 owner=42432
INTEL_LIFECYCLE phase=vm_create_begin generation=150 owner=42432
INTEL_LIFECYCLE phase=vm_create_end generation=150 owner=42432
INTEL_LIFECYCLE phase=vcpu_create_begin generation=150 owner=42432
INTEL_LIFECYCLE phase=vcpu_create_end generation=150 owner=42432
[       OK ] HvfIntelRecoveryProbe.WithoutHostKick (144 ms)
[----------] 1 test from HvfIntelRecoveryProbe (144 ms total)

[==========] 1 test from 1 test suite ran. (144 ms total)
[  PASSED  ] 1 test.

Repeating all tests (iteration 150) . . .

Note: Google Test filter = HvfIntelRecoveryProbe.WithoutHostKick
[==========] Running 1 test from 1 test suite.
[----------] 1 test from HvfIntelRecoveryProbe
[ RUN      ] HvfIntelRecoveryProbe.WithoutHostKick
INTEL_PROBE phase=executor_retained
INTEL_RECOVERY host_kick=omitted
INTEL_LIFECYCLE phase=vcpu_destroy_begin generation=150 owner=42432
INTEL_LIFECYCLE phase=vcpu_destroy_end generation=150 owner=42432
INTEL_LIFECYCLE phase=vm_destroy_begin generation=150 owner=42432
INTEL_LIFECYCLE phase=vm_destroy_end generation=150 owner=42432
INTEL_LIFECYCLE phase=vm_create_begin generation=151 owner=42432
INTEL_LIFECYCLE phase=vm_create_end generation=151 owner=42432
INTEL_LIFECYCLE phase=vcpu_create_begin generation=151 owner=42432
INTEL_LIFECYCLE phase=vcpu_create_end generation=151 owner=42432
[       OK ] HvfIntelRecoveryProbe.WithoutHostKick (341 ms)
[----------] 1 test from HvfIntelRecoveryProbe (341 ms total)

[==========] 1 test from 1 test suite ran. (341 ms total)
[  PASSED  ] 1 test.

Repeating all tests (iteration 151) . . .

Note: Google Test filter = HvfIntelRecoveryProbe.WithoutHostKick
[==========] Running 1 test from 1 test suite.
[----------] 1 test from HvfIntelRecoveryProbe
[ RUN      ] HvfIntelRecoveryProbe.WithoutHostKick
INTEL_PROBE phase=executor_retained
INTEL_RECOVERY host_kick=omitted
INTEL_LIFECYCLE phase=vcpu_destroy_begin generation=151 owner=42432
INTEL_LIFECYCLE phase=vcpu_destroy_end generation=151 owner=42432
INTEL_LIFECYCLE phase=vm_destroy_begin generation=151 owner=42432
INTEL_LIFECYCLE phase=vm_destroy_end generation=151 owner=42432
INTEL_LIFECYCLE phase=vm_create_begin generation=152 owner=42432
INTEL_LIFECYCLE phase=vm_create_end generation=152 owner=42432
INTEL_LIFECYCLE phase=vcpu_create_begin generation=152 owner=42432
INTEL_LIFECYCLE phase=vcpu_create_end generation=152 owner=42432
[       OK ] HvfIntelRecoveryProbe.WithoutHostKick (252 ms)
[----------] 1 test from HvfIntelRecoveryProbe (253 ms total)

[==========] 1 test from 1 test suite ran. (253 ms total)
[  PASSED  ] 1 test.

Repeating all tests (iteration 152) . . .

Note: Google Test filter = HvfIntelRecoveryProbe.WithoutHostKick
[==========] Running 1 test from 1 test suite.
[----------] 1 test from HvfIntelRecoveryProbe
[ RUN      ] HvfIntelRecoveryProbe.WithoutHostKick
INTEL_PROBE phase=executor_retained
INTEL_RECOVERY host_kick=omitted
INTEL_LIFECYCLE phase=vcpu_destroy_begin generation=152 owner=42432
INTEL_LIFECYCLE phase=vcpu_destroy_end generation=152 owner=42432
INTEL_LIFECYCLE phase=vm_destroy_begin generation=152 owner=42432
INTEL_LIFECYCLE phase=vm_destroy_end generation=152 owner=42432
INTEL_LIFECYCLE phase=vm_create_begin generation=153 owner=42432
INTEL_LIFECYCLE phase=vm_create_end generation=153 owner=42432
INTEL_LIFECYCLE phase=vcpu_create_begin generation=153 owner=42432
INTEL_LIFECYCLE phase=vcpu_create_end generation=153 owner=42432
[       OK ] HvfIntelRecoveryProbe.WithoutHostKick (245 ms)
[----------] 1 test from HvfIntelRecoveryProbe (245 ms total)

[==========] 1 test from 1 test suite ran. (245 ms total)
[  PASSED  ] 1 test.

Repeating all tests (iteration 153) . . .

Note: Google Test filter = HvfIntelRecoveryProbe.WithoutHostKick
[==========] Running 1 test from 1 test suite.
[----------] 1 test from HvfIntelRecoveryProbe
[ RUN      ] HvfIntelRecoveryProbe.WithoutHostKick
INTEL_PROBE phase=executor_retained
INTEL_RECOVERY host_kick=omitted
INTEL_LIFECYCLE phase=vcpu_destroy_begin generation=153 owner=42432
INTEL_LIFECYCLE phase=vcpu_destroy_end generation=153 owner=42432
INTEL_LIFECYCLE phase=vm_destroy_begin generation=153 owner=42432
INTEL_LIFECYCLE phase=vm_destroy_end generation=153 owner=42432
INTEL_LIFECYCLE phase=vm_create_begin generation=154 owner=42432
INTEL_LIFECYCLE phase=vm_create_end generation=154 owner=42432
INTEL_LIFECYCLE phase=vcpu_create_begin generation=154 owner=42432
INTEL_LIFECYCLE phase=vcpu_create_end generation=154 owner=42432
[       OK ] HvfIntelRecoveryProbe.WithoutHostKick (482 ms)
[----------] 1 test from HvfIntelRecoveryProbe (482 ms total)

[==========] 1 test from 1 test suite ran. (482 ms total)
[  PASSED  ] 1 test.

Repeating all tests (iteration 154) . . .

Note: Google Test filter = HvfIntelRecoveryProbe.WithoutHostKick
[==========] Running 1 test from 1 test suite.
[----------] 1 test from HvfIntelRecoveryProbe
[ RUN      ] HvfIntelRecoveryProbe.WithoutHostKick
INTEL_PROBE phase=executor_retained
INTEL_RECOVERY host_kick=omitted
INTEL_LIFECYCLE phase=vcpu_destroy_begin generation=154 owner=42432
INTEL_LIFECYCLE phase=vcpu_destroy_end generation=154 owner=42432
INTEL_LIFECYCLE phase=vm_destroy_begin generation=154 owner=42432
INTEL_LIFECYCLE phase=vm_destroy_end generation=154 owner=42432
INTEL_LIFECYCLE phase=vm_create_begin generation=155 owner=42432
INTEL_LIFECYCLE phase=vm_create_end generation=155 owner=42432
INTEL_LIFECYCLE phase=vcpu_create_begin generation=155 owner=42432
INTEL_LIFECYCLE phase=vcpu_create_end generation=155 owner=42432
[       OK ] HvfIntelRecoveryProbe.WithoutHostKick (439 ms)
[----------] 1 test from HvfIntelRecoveryProbe (439 ms total)

[==========] 1 test from 1 test suite ran. (439 ms total)
[  PASSED  ] 1 test.

Repeating all tests (iteration 155) . . .

Note: Google Test filter = HvfIntelRecoveryProbe.WithoutHostKick
[==========] Running 1 test from 1 test suite.
[----------] 1 test from HvfIntelRecoveryProbe
[ RUN      ] HvfIntelRecoveryProbe.WithoutHostKick
INTEL_PROBE phase=executor_retained
INTEL_RECOVERY host_kick=omitted
INTEL_LIFECYCLE phase=vcpu_destroy_begin generation=155 owner=42432
INTEL_LIFECYCLE phase=vcpu_destroy_end generation=155 owner=42432
INTEL_LIFECYCLE phase=vm_destroy_begin generation=155 owner=42432
INTEL_LIFECYCLE phase=vm_destroy_end generation=155 owner=42432
INTEL_LIFECYCLE phase=vm_create_begin generation=156 owner=42432
INTEL_LIFECYCLE phase=vm_create_end generation=156 owner=42432
INTEL_LIFECYCLE phase=vcpu_create_begin generation=156 owner=42432
INTEL_LIFECYCLE phase=vcpu_create_end generation=156 owner=42432
[       OK ] HvfIntelRecoveryProbe.WithoutHostKick (419 ms)
[----------] 1 test from HvfIntelRecoveryProbe (419 ms total)

[==========] 1 test from 1 test suite ran. (419 ms total)
[  PASSED  ] 1 test.

Repeating all tests (iteration 156) . . .

Note: Google Test filter = HvfIntelRecoveryProbe.WithoutHostKick
[==========] Running 1 test from 1 test suite.
[----------] 1 test from HvfIntelRecoveryProbe
[ RUN      ] HvfIntelRecoveryProbe.WithoutHostKick
INTEL_PROBE phase=executor_retained
INTEL_RECOVERY host_kick=omitted
INTEL_LIFECYCLE phase=vcpu_destroy_begin generation=156 owner=42432
INTEL_LIFECYCLE phase=vcpu_destroy_end generation=156 owner=42432
INTEL_LIFECYCLE phase=vm_destroy_begin generation=156 owner=42432
INTEL_LIFECYCLE phase=vm_destroy_end generation=156 owner=42432
INTEL_LIFECYCLE phase=vm_create_begin generation=157 owner=42432
INTEL_LIFECYCLE phase=vm_create_end generation=157 owner=42432
INTEL_LIFECYCLE phase=vcpu_create_begin generation=157 owner=42432
INTEL_LIFECYCLE phase=vcpu_create_end generation=157 owner=42432
[       OK ] HvfIntelRecoveryProbe.WithoutHostKick (130 ms)
[----------] 1 test from HvfIntelRecoveryProbe (130 ms total)

[==========] 1 test from 1 test suite ran. (130 ms total)
[  PASSED  ] 1 test.

Repeating all tests (iteration 157) . . .

Note: Google Test filter = HvfIntelRecoveryProbe.WithoutHostKick
[==========] Running 1 test from 1 test suite.
[----------] 1 test from HvfIntelRecoveryProbe
[ RUN      ] HvfIntelRecoveryProbe.WithoutHostKick
INTEL_PROBE phase=executor_retained
INTEL_RECOVERY host_kick=omitted
INTEL_LIFECYCLE phase=vcpu_destroy_begin generation=157 owner=42432
INTEL_LIFECYCLE phase=vcpu_destroy_end generation=157 owner=42432
INTEL_LIFECYCLE phase=vm_destroy_begin generation=157 owner=42432
INTEL_LIFECYCLE phase=vm_destroy_end generation=157 owner=42432
INTEL_LIFECYCLE phase=vm_create_begin generation=158 owner=42432
INTEL_LIFECYCLE phase=vm_create_end generation=158 owner=42432
INTEL_LIFECYCLE phase=vcpu_create_begin generation=158 owner=42432
INTEL_LIFECYCLE phase=vcpu_create_end generation=158 owner=42432
[       OK ] HvfIntelRecoveryProbe.WithoutHostKick (280 ms)
[----------] 1 test from HvfIntelRecoveryProbe (280 ms total)

[==========] 1 test from 1 test suite ran. (280 ms total)
[  PASSED  ] 1 test.

Repeating all tests (iteration 158) . . .

Note: Google Test filter = HvfIntelRecoveryProbe.WithoutHostKick
[==========] Running 1 test from 1 test suite.
[----------] 1 test from HvfIntelRecoveryProbe
[ RUN      ] HvfIntelRecoveryProbe.WithoutHostKick
INTEL_PROBE phase=executor_retained
INTEL_RECOVERY host_kick=omitted
INTEL_LIFECYCLE phase=vcpu_destroy_begin generation=158 owner=42432
INTEL_LIFECYCLE phase=vcpu_destroy_end generation=158 owner=42432
INTEL_LIFECYCLE phase=vm_destroy_begin generation=158 owner=42432
INTEL_LIFECYCLE phase=vm_destroy_end generation=158 owner=42432
INTEL_LIFECYCLE phase=vm_create_begin generation=159 owner=42432
INTEL_LIFECYCLE phase=vm_create_end generation=159 owner=42432
INTEL_LIFECYCLE phase=vcpu_create_begin generation=159 owner=42432
INTEL_LIFECYCLE phase=vcpu_create_end generation=159 owner=42432
[       OK ] HvfIntelRecoveryProbe.WithoutHostKick (282 ms)
[----------] 1 test from HvfIntelRecoveryProbe (282 ms total)

[==========] 1 test from 1 test suite ran. (282 ms total)
[  PASSED  ] 1 test.

Repeating all tests (iteration 159) . . .

Note: Google Test filter = HvfIntelRecoveryProbe.WithoutHostKick
[==========] Running 1 test from 1 test suite.
[----------] 1 test from HvfIntelRecoveryProbe
[ RUN      ] HvfIntelRecoveryProbe.WithoutHostKick
INTEL_PROBE phase=executor_retained
INTEL_RECOVERY host_kick=omitted
INTEL_LIFECYCLE phase=vcpu_destroy_begin generation=159 owner=42432
INTEL_LIFECYCLE phase=vcpu_destroy_end generation=159 owner=42432
INTEL_LIFECYCLE phase=vm_destroy_begin generation=159 owner=42432
INTEL_LIFECYCLE phase=vm_destroy_end generation=159 owner=42432
INTEL_LIFECYCLE phase=vm_create_begin generation=160 owner=42432
INTEL_LIFECYCLE phase=vm_create_end generation=160 owner=42432
INTEL_LIFECYCLE phase=vcpu_create_begin generation=160 owner=42432
INTEL_LIFECYCLE phase=vcpu_create_end generation=160 owner=42432
[       OK ] HvfIntelRecoveryProbe.WithoutHostKick (126 ms)
[----------] 1 test from HvfIntelRecoveryProbe (126 ms total)

[==========] 1 test from 1 test suite ran. (126 ms total)
[  PASSED  ] 1 test.

Repeating all tests (iteration 160) . . .

Note: Google Test filter = HvfIntelRecoveryProbe.WithoutHostKick
[==========] Running 1 test from 1 test suite.
[----------] 1 test from HvfIntelRecoveryProbe
[ RUN      ] HvfIntelRecoveryProbe.WithoutHostKick
INTEL_PROBE phase=executor_retained
INTEL_RECOVERY host_kick=omitted
INTEL_LIFECYCLE phase=vcpu_destroy_begin generation=160 owner=42432
INTEL_LIFECYCLE phase=vcpu_destroy_end generation=160 owner=42432
INTEL_LIFECYCLE phase=vm_destroy_begin generation=160 owner=42432
INTEL_LIFECYCLE phase=vm_destroy_end generation=160 owner=42432
INTEL_LIFECYCLE phase=vm_create_begin generation=161 owner=42432
INTEL_LIFECYCLE phase=vm_create_end generation=161 owner=42432
INTEL_LIFECYCLE phase=vcpu_create_begin generation=161 owner=42432
INTEL_LIFECYCLE phase=vcpu_create_end generation=161 owner=42432
[       OK ] HvfIntelRecoveryProbe.WithoutHostKick (369 ms)
[----------] 1 test from HvfIntelRecoveryProbe (369 ms total)

[==========] 1 test from 1 test suite ran. (369 ms total)
[  PASSED  ] 1 test.

Repeating all tests (iteration 161) . . .

Note: Google Test filter = HvfIntelRecoveryProbe.WithoutHostKick
[==========] Running 1 test from 1 test suite.
[----------] 1 test from HvfIntelRecoveryProbe
[ RUN      ] HvfIntelRecoveryProbe.WithoutHostKick
INTEL_PROBE phase=executor_retained
INTEL_RECOVERY host_kick=omitted
INTEL_LIFECYCLE phase=vcpu_destroy_begin generation=161 owner=42432
INTEL_LIFECYCLE phase=vcpu_destroy_end generation=161 owner=42432
INTEL_LIFECYCLE phase=vm_destroy_begin generation=161 owner=42432
INTEL_LIFECYCLE phase=vm_destroy_end generation=161 owner=42432
INTEL_LIFECYCLE phase=vm_create_begin generation=162 owner=42432
INTEL_LIFECYCLE phase=vm_create_end generation=162 owner=42432
INTEL_LIFECYCLE phase=vcpu_create_begin generation=162 owner=42432
INTEL_LIFECYCLE phase=vcpu_create_end generation=162 owner=42432
[       OK ] HvfIntelRecoveryProbe.WithoutHostKick (320 ms)
[----------] 1 test from HvfIntelRecoveryProbe (320 ms total)

[==========] 1 test from 1 test suite ran. (320 ms total)
[  PASSED  ] 1 test.

Repeating all tests (iteration 162) . . .

Note: Google Test filter = HvfIntelRecoveryProbe.WithoutHostKick
[==========] Running 1 test from 1 test suite.
[----------] 1 test from HvfIntelRecoveryProbe
[ RUN      ] HvfIntelRecoveryProbe.WithoutHostKick
INTEL_PROBE phase=executor_retained
INTEL_RECOVERY host_kick=omitted
INTEL_LIFECYCLE phase=vcpu_destroy_begin generation=162 owner=42432
INTEL_LIFECYCLE phase=vcpu_destroy_end generation=162 owner=42432
INTEL_LIFECYCLE phase=vm_destroy_begin generation=162 owner=42432
INTEL_LIFECYCLE phase=vm_destroy_end generation=162 owner=42432
INTEL_LIFECYCLE phase=vm_create_begin generation=163 owner=42432
INTEL_LIFECYCLE phase=vm_create_end generation=163 owner=42432
INTEL_LIFECYCLE phase=vcpu_create_begin generation=163 owner=42432
INTEL_LIFECYCLE phase=vcpu_create_end generation=163 owner=42432
[       OK ] HvfIntelRecoveryProbe.WithoutHostKick (275 ms)
[----------] 1 test from HvfIntelRecoveryProbe (275 ms total)

[==========] 1 test from 1 test suite ran. (275 ms total)
[  PASSED  ] 1 test.

Repeating all tests (iteration 163) . . .

Note: Google Test filter = HvfIntelRecoveryProbe.WithoutHostKick
[==========] Running 1 test from 1 test suite.
[----------] 1 test from HvfIntelRecoveryProbe
[ RUN      ] HvfIntelRecoveryProbe.WithoutHostKick
INTEL_PROBE phase=executor_retained
INTEL_RECOVERY host_kick=omitted
INTEL_LIFECYCLE phase=vcpu_destroy_begin generation=163 owner=42432
INTEL_LIFECYCLE phase=vcpu_destroy_end generation=163 owner=42432
INTEL_LIFECYCLE phase=vm_destroy_begin generation=163 owner=42432
INTEL_LIFECYCLE phase=vm_destroy_end generation=163 owner=42432
INTEL_LIFECYCLE phase=vm_create_begin generation=164 owner=42432
INTEL_LIFECYCLE phase=vm_create_end generation=164 owner=42432
INTEL_LIFECYCLE phase=vcpu_create_begin generation=164 owner=42432
INTEL_LIFECYCLE phase=vcpu_create_end generation=164 owner=42432
[       OK ] HvfIntelRecoveryProbe.WithoutHostKick (250 ms)
[----------] 1 test from HvfIntelRecoveryProbe (250 ms total)

[==========] 1 test from 1 test suite ran. (250 ms total)
[  PASSED  ] 1 test.

Repeating all tests (iteration 164) . . .

Note: Google Test filter = HvfIntelRecoveryProbe.WithoutHostKick
[==========] Running 1 test from 1 test suite.
[----------] 1 test from HvfIntelRecoveryProbe
[ RUN      ] HvfIntelRecoveryProbe.WithoutHostKick
INTEL_PROBE phase=executor_retained
INTEL_RECOVERY host_kick=omitted
INTEL_LIFECYCLE phase=vcpu_destroy_begin generation=164 owner=42432
INTEL_LIFECYCLE phase=vcpu_destroy_end generation=164 owner=42432
INTEL_LIFECYCLE phase=vm_destroy_begin generation=164 owner=42432
INTEL_LIFECYCLE phase=vm_destroy_end generation=164 owner=42432
INTEL_LIFECYCLE phase=vm_create_begin generation=165 owner=42432
INTEL_LIFECYCLE phase=vm_create_end generation=165 owner=42432
INTEL_LIFECYCLE phase=vcpu_create_begin generation=165 owner=42432
INTEL_LIFECYCLE phase=vcpu_create_end generation=165 owner=42432
[       OK ] HvfIntelRecoveryProbe.WithoutHostKick (175 ms)
[----------] 1 test from HvfIntelRecoveryProbe (176 ms total)

[==========] 1 test from 1 test suite ran. (176 ms total)
[  PASSED  ] 1 test.

Repeating all tests (iteration 165) . . .

Note: Google Test filter = HvfIntelRecoveryProbe.WithoutHostKick
[==========] Running 1 test from 1 test suite.
[----------] 1 test from HvfIntelRecoveryProbe
[ RUN      ] HvfIntelRecoveryProbe.WithoutHostKick
INTEL_PROBE phase=executor_retained
INTEL_RECOVERY host_kick=omitted
INTEL_LIFECYCLE phase=vcpu_destroy_begin generation=165 owner=42432
INTEL_LIFECYCLE phase=vcpu_destroy_end generation=165 owner=42432
INTEL_LIFECYCLE phase=vm_destroy_begin generation=165 owner=42432
INTEL_LIFECYCLE phase=vm_destroy_end generation=165 owner=42432
INTEL_LIFECYCLE phase=vm_create_begin generation=166 owner=42432
INTEL_LIFECYCLE phase=vm_create_end generation=166 owner=42432
INTEL_LIFECYCLE phase=vcpu_create_begin generation=166 owner=42432
INTEL_LIFECYCLE phase=vcpu_create_end generation=166 owner=42432
[       OK ] HvfIntelRecoveryProbe.WithoutHostKick (140 ms)
[----------] 1 test from HvfIntelRecoveryProbe (140 ms total)

[==========] 1 test from 1 test suite ran. (140 ms total)
[  PASSED  ] 1 test.

Repeating all tests (iteration 166) . . .

Note: Google Test filter = HvfIntelRecoveryProbe.WithoutHostKick
[==========] Running 1 test from 1 test suite.
[----------] 1 test from HvfIntelRecoveryProbe
[ RUN      ] HvfIntelRecoveryProbe.WithoutHostKick
INTEL_PROBE phase=executor_retained
INTEL_RECOVERY host_kick=omitted
INTEL_LIFECYCLE phase=vcpu_destroy_begin generation=166 owner=42432
INTEL_LIFECYCLE phase=vcpu_destroy_end generation=166 owner=42432
INTEL_LIFECYCLE phase=vm_destroy_begin generation=166 owner=42432
INTEL_LIFECYCLE phase=vm_destroy_end generation=166 owner=42432
INTEL_LIFECYCLE phase=vm_create_begin generation=167 owner=42432
INTEL_LIFECYCLE phase=vm_create_end generation=167 owner=42432
INTEL_LIFECYCLE phase=vcpu_create_begin generation=167 owner=42432
INTEL_LIFECYCLE phase=vcpu_create_end generation=167 owner=42432
[       OK ] HvfIntelRecoveryProbe.WithoutHostKick (365 ms)
[----------] 1 test from HvfIntelRecoveryProbe (365 ms total)

[==========] 1 test from 1 test suite ran. (365 ms total)
[  PASSED  ] 1 test.

Repeating all tests (iteration 167) . . .

Note: Google Test filter = HvfIntelRecoveryProbe.WithoutHostKick
[==========] Running 1 test from 1 test suite.
[----------] 1 test from HvfIntelRecoveryProbe
[ RUN      ] HvfIntelRecoveryProbe.WithoutHostKick
INTEL_PROBE phase=executor_retained
INTEL_RECOVERY host_kick=omitted
INTEL_LIFECYCLE phase=vcpu_destroy_begin generation=167 owner=42432
INTEL_LIFECYCLE phase=vcpu_destroy_end generation=167 owner=42432
INTEL_LIFECYCLE phase=vm_destroy_begin generation=167 owner=42432
INTEL_LIFECYCLE phase=vm_destroy_end generation=167 owner=42432
INTEL_LIFECYCLE phase=vm_create_begin generation=168 owner=42432
INTEL_LIFECYCLE phase=vm_create_end generation=168 owner=42432
INTEL_LIFECYCLE phase=vcpu_create_begin generation=168 owner=42432
INTEL_LIFECYCLE phase=vcpu_create_end generation=168 owner=42432
[       OK ] HvfIntelRecoveryProbe.WithoutHostKick (244 ms)
[----------] 1 test from HvfIntelRecoveryProbe (244 ms total)

[==========] 1 test from 1 test suite ran. (244 ms total)
[  PASSED  ] 1 test.

Repeating all tests (iteration 168) . . .

Note: Google Test filter = HvfIntelRecoveryProbe.WithoutHostKick
[==========] Running 1 test from 1 test suite.
[----------] 1 test from HvfIntelRecoveryProbe
[ RUN      ] HvfIntelRecoveryProbe.WithoutHostKick
INTEL_PROBE phase=executor_retained
INTEL_RECOVERY host_kick=omitted
INTEL_LIFECYCLE phase=vcpu_destroy_begin generation=168 owner=42432
INTEL_LIFECYCLE phase=vcpu_destroy_end generation=168 owner=42432
INTEL_LIFECYCLE phase=vm_destroy_begin generation=168 owner=42432
INTEL_LIFECYCLE phase=vm_destroy_end generation=168 owner=42432
INTEL_LIFECYCLE phase=vm_create_begin generation=169 owner=42432
INTEL_LIFECYCLE phase=vm_create_end generation=169 owner=42432
INTEL_LIFECYCLE phase=vcpu_create_begin generation=169 owner=42432
INTEL_LIFECYCLE phase=vcpu_create_end generation=169 owner=42432
[       OK ] HvfIntelRecoveryProbe.WithoutHostKick (328 ms)
[----------] 1 test from HvfIntelRecoveryProbe (328 ms total)

[==========] 1 test from 1 test suite ran. (328 ms total)
[  PASSED  ] 1 test.

Repeating all tests (iteration 169) . . .

Note: Google Test filter = HvfIntelRecoveryProbe.WithoutHostKick
[==========] Running 1 test from 1 test suite.
[----------] 1 test from HvfIntelRecoveryProbe
[ RUN      ] HvfIntelRecoveryProbe.WithoutHostKick
INTEL_PROBE phase=executor_retained
INTEL_RECOVERY host_kick=omitted
INTEL_LIFECYCLE phase=vcpu_destroy_begin generation=169 owner=42432
INTEL_LIFECYCLE phase=vcpu_destroy_end generation=169 owner=42432
INTEL_LIFECYCLE phase=vm_destroy_begin generation=169 owner=42432
INTEL_LIFECYCLE phase=vm_destroy_end generation=169 owner=42432
INTEL_LIFECYCLE phase=vm_create_begin generation=170 owner=42432
INTEL_LIFECYCLE phase=vm_create_end generation=170 owner=42432
INTEL_LIFECYCLE phase=vcpu_create_begin generation=170 owner=42432
INTEL_LIFECYCLE phase=vcpu_create_end generation=170 owner=42432
[       OK ] HvfIntelRecoveryProbe.WithoutHostKick (136 ms)
[----------] 1 test from HvfIntelRecoveryProbe (136 ms total)

[==========] 1 test from 1 test suite ran. (136 ms total)
[  PASSED  ] 1 test.

Repeating all tests (iteration 170) . . .

Note: Google Test filter = HvfIntelRecoveryProbe.WithoutHostKick
[==========] Running 1 test from 1 test suite.
[----------] 1 test from HvfIntelRecoveryProbe
[ RUN      ] HvfIntelRecoveryProbe.WithoutHostKick
INTEL_PROBE phase=executor_retained
INTEL_RECOVERY host_kick=omitted
INTEL_LIFECYCLE phase=vcpu_destroy_begin generation=170 owner=42432
INTEL_LIFECYCLE phase=vcpu_destroy_end generation=170 owner=42432
INTEL_LIFECYCLE phase=vm_destroy_begin generation=170 owner=42432
INTEL_LIFECYCLE phase=vm_destroy_end generation=170 owner=42432
INTEL_LIFECYCLE phase=vm_create_begin generation=171 owner=42432
INTEL_LIFECYCLE phase=vm_create_end generation=171 owner=42432
INTEL_LIFECYCLE phase=vcpu_create_begin generation=171 owner=42432
INTEL_LIFECYCLE phase=vcpu_create_end generation=171 owner=42432
[       OK ] HvfIntelRecoveryProbe.WithoutHostKick (308 ms)
[----------] 1 test from HvfIntelRecoveryProbe (308 ms total)

[==========] 1 test from 1 test suite ran. (308 ms total)
[  PASSED  ] 1 test.

Repeating all tests (iteration 171) . . .

Note: Google Test filter = HvfIntelRecoveryProbe.WithoutHostKick
[==========] Running 1 test from 1 test suite.
[----------] 1 test from HvfIntelRecoveryProbe
[ RUN      ] HvfIntelRecoveryProbe.WithoutHostKick
INTEL_PROBE phase=executor_retained
INTEL_RECOVERY host_kick=omitted
INTEL_LIFECYCLE phase=vcpu_destroy_begin generation=171 owner=42432
INTEL_LIFECYCLE phase=vcpu_destroy_end generation=171 owner=42432
INTEL_LIFECYCLE phase=vm_destroy_begin generation=171 owner=42432
INTEL_LIFECYCLE phase=vm_destroy_end generation=171 owner=42432
INTEL_LIFECYCLE phase=vm_create_begin generation=172 owner=42432
INTEL_LIFECYCLE phase=vm_create_end generation=172 owner=42432
INTEL_LIFECYCLE phase=vcpu_create_begin generation=172 owner=42432
INTEL_LIFECYCLE phase=vcpu_create_end generation=172 owner=42432
[       OK ] HvfIntelRecoveryProbe.WithoutHostKick (385 ms)
[----------] 1 test from HvfIntelRecoveryProbe (385 ms total)

[==========] 1 test from 1 test suite ran. (385 ms total)
[  PASSED  ] 1 test.

Repeating all tests (iteration 172) . . .

Note: Google Test filter = HvfIntelRecoveryProbe.WithoutHostKick
[==========] Running 1 test from 1 test suite.
[----------] 1 test from HvfIntelRecoveryProbe
[ RUN      ] HvfIntelRecoveryProbe.WithoutHostKick
INTEL_PROBE phase=executor_retained
INTEL_RECOVERY host_kick=omitted
INTEL_LIFECYCLE phase=vcpu_destroy_begin generation=172 owner=42432
INTEL_LIFECYCLE phase=vcpu_destroy_end generation=172 owner=42432
INTEL_LIFECYCLE phase=vm_destroy_begin generation=172 owner=42432
INTEL_LIFECYCLE phase=vm_destroy_end generation=172 owner=42432
INTEL_LIFECYCLE phase=vm_create_begin generation=173 owner=42432
INTEL_LIFECYCLE phase=vm_create_end generation=173 owner=42432
INTEL_LIFECYCLE phase=vcpu_create_begin generation=173 owner=42432
INTEL_LIFECYCLE phase=vcpu_create_end generation=173 owner=42432
[       OK ] HvfIntelRecoveryProbe.WithoutHostKick (176 ms)
[----------] 1 test from HvfIntelRecoveryProbe (176 ms total)

[==========] 1 test from 1 test suite ran. (176 ms total)
[  PASSED  ] 1 test.

Repeating all tests (iteration 173) . . .

Note: Google Test filter = HvfIntelRecoveryProbe.WithoutHostKick
[==========] Running 1 test from 1 test suite.
[----------] 1 test from HvfIntelRecoveryProbe
[ RUN      ] HvfIntelRecoveryProbe.WithoutHostKick
INTEL_PROBE phase=executor_retained
INTEL_RECOVERY host_kick=omitted
INTEL_LIFECYCLE phase=vcpu_destroy_begin generation=173 owner=42432
INTEL_LIFECYCLE phase=vcpu_destroy_end generation=173 owner=42432
INTEL_LIFECYCLE phase=vm_destroy_begin generation=173 owner=42432
INTEL_LIFECYCLE phase=vm_destroy_end generation=173 owner=42432
INTEL_LIFECYCLE phase=vm_create_begin generation=174 owner=42432
INTEL_LIFECYCLE phase=vm_create_end generation=174 owner=42432
INTEL_LIFECYCLE phase=vcpu_create_begin generation=174 owner=42432
INTEL_LIFECYCLE phase=vcpu_create_end generation=174 owner=42432
[       OK ] HvfIntelRecoveryProbe.WithoutHostKick (124 ms)
[----------] 1 test from HvfIntelRecoveryProbe (124 ms total)

[==========] 1 test from 1 test suite ran. (124 ms total)
[  PASSED  ] 1 test.

Repeating all tests (iteration 174) . . .

Note: Google Test filter = HvfIntelRecoveryProbe.WithoutHostKick
[==========] Running 1 test from 1 test suite.
[----------] 1 test from HvfIntelRecoveryProbe
[ RUN      ] HvfIntelRecoveryProbe.WithoutHostKick
INTEL_PROBE phase=executor_retained
INTEL_RECOVERY host_kick=omitted
INTEL_LIFECYCLE phase=vcpu_destroy_begin generation=174 owner=42432
INTEL_LIFECYCLE phase=vcpu_destroy_end generation=174 owner=42432
INTEL_LIFECYCLE phase=vm_destroy_begin generation=174 owner=42432
INTEL_LIFECYCLE phase=vm_destroy_end generation=174 owner=42432
INTEL_LIFECYCLE phase=vm_create_begin generation=175 owner=42432
INTEL_LIFECYCLE phase=vm_create_end generation=175 owner=42432
INTEL_LIFECYCLE phase=vcpu_create_begin generation=175 owner=42432
INTEL_LIFECYCLE phase=vcpu_create_end generation=175 owner=42432
[       OK ] HvfIntelRecoveryProbe.WithoutHostKick (302 ms)
[----------] 1 test from HvfIntelRecoveryProbe (302 ms total)

[==========] 1 test from 1 test suite ran. (302 ms total)
[  PASSED  ] 1 test.

Repeating all tests (iteration 175) . . .

Note: Google Test filter = HvfIntelRecoveryProbe.WithoutHostKick
[==========] Running 1 test from 1 test suite.
[----------] 1 test from HvfIntelRecoveryProbe
[ RUN      ] HvfIntelRecoveryProbe.WithoutHostKick
INTEL_PROBE phase=executor_retained
INTEL_RECOVERY host_kick=omitted
INTEL_LIFECYCLE phase=vcpu_destroy_begin generation=175 owner=42432
INTEL_LIFECYCLE phase=vcpu_destroy_end generation=175 owner=42432
INTEL_LIFECYCLE phase=vm_destroy_begin generation=175 owner=42432
INTEL_LIFECYCLE phase=vm_destroy_end generation=175 owner=42432
INTEL_LIFECYCLE phase=vm_create_begin generation=176 owner=42432
INTEL_LIFECYCLE phase=vm_create_end generation=176 owner=42432
INTEL_LIFECYCLE phase=vcpu_create_begin generation=176 owner=42432
INTEL_LIFECYCLE phase=vcpu_create_end generation=176 owner=42432
[       OK ] HvfIntelRecoveryProbe.WithoutHostKick (170 ms)
[----------] 1 test from HvfIntelRecoveryProbe (170 ms total)

[==========] 1 test from 1 test suite ran. (170 ms total)
[  PASSED  ] 1 test.

Repeating all tests (iteration 176) . . .

Note: Google Test filter = HvfIntelRecoveryProbe.WithoutHostKick
[==========] Running 1 test from 1 test suite.
[----------] 1 test from HvfIntelRecoveryProbe
[ RUN      ] HvfIntelRecoveryProbe.WithoutHostKick
INTEL_PROBE phase=executor_retained
INTEL_RECOVERY host_kick=omitted
INTEL_LIFECYCLE phase=vcpu_destroy_begin generation=176 owner=42432
INTEL_LIFECYCLE phase=vcpu_destroy_end generation=176 owner=42432
INTEL_LIFECYCLE phase=vm_destroy_begin generation=176 owner=42432
INTEL_LIFECYCLE phase=vm_destroy_end generation=176 owner=42432
INTEL_LIFECYCLE phase=vm_create_begin generation=177 owner=42432
INTEL_LIFECYCLE phase=vm_create_end generation=177 owner=42432
INTEL_LIFECYCLE phase=vcpu_create_begin generation=177 owner=42432
INTEL_LIFECYCLE phase=vcpu_create_end generation=177 owner=42432
[       OK ] HvfIntelRecoveryProbe.WithoutHostKick (351 ms)
[----------] 1 test from HvfIntelRecoveryProbe (351 ms total)

[==========] 1 test from 1 test suite ran. (351 ms total)
[  PASSED  ] 1 test.

Repeating all tests (iteration 177) . . .

Note: Google Test filter = HvfIntelRecoveryProbe.WithoutHostKick
[==========] Running 1 test from 1 test suite.
[----------] 1 test from HvfIntelRecoveryProbe
[ RUN      ] HvfIntelRecoveryProbe.WithoutHostKick
INTEL_PROBE phase=executor_retained
INTEL_RECOVERY host_kick=omitted
INTEL_LIFECYCLE phase=vcpu_destroy_begin generation=177 owner=42432
INTEL_LIFECYCLE phase=vcpu_destroy_end generation=177 owner=42432
INTEL_LIFECYCLE phase=vm_destroy_begin generation=177 owner=42432
INTEL_LIFECYCLE phase=vm_destroy_end generation=177 owner=42432
INTEL_LIFECYCLE phase=vm_create_begin generation=178 owner=42432
INTEL_LIFECYCLE phase=vm_create_end generation=178 owner=42432
INTEL_LIFECYCLE phase=vcpu_create_begin generation=178 owner=42432
INTEL_LIFECYCLE phase=vcpu_create_end generation=178 owner=42432
[       OK ] HvfIntelRecoveryProbe.WithoutHostKick (316 ms)
[----------] 1 test from HvfIntelRecoveryProbe (316 ms total)

[==========] 1 test from 1 test suite ran. (317 ms total)
[  PASSED  ] 1 test.

Repeating all tests (iteration 178) . . .

Note: Google Test filter = HvfIntelRecoveryProbe.WithoutHostKick
[==========] Running 1 test from 1 test suite.
[----------] 1 test from HvfIntelRecoveryProbe
[ RUN      ] HvfIntelRecoveryProbe.WithoutHostKick
INTEL_PROBE phase=executor_retained
INTEL_RECOVERY host_kick=omitted
INTEL_LIFECYCLE phase=vcpu_destroy_begin generation=178 owner=42432
INTEL_LIFECYCLE phase=vcpu_destroy_end generation=178 owner=42432
INTEL_LIFECYCLE phase=vm_destroy_begin generation=178 owner=42432
INTEL_LIFECYCLE phase=vm_destroy_end generation=178 owner=42432
INTEL_LIFECYCLE phase=vm_create_begin generation=179 owner=42432
INTEL_LIFECYCLE phase=vm_create_end generation=179 owner=42432
INTEL_LIFECYCLE phase=vcpu_create_begin generation=179 owner=42432
INTEL_LIFECYCLE phase=vcpu_create_end generation=179 owner=42432
[       OK ] HvfIntelRecoveryProbe.WithoutHostKick (293 ms)
[----------] 1 test from HvfIntelRecoveryProbe (293 ms total)

[==========] 1 test from 1 test suite ran. (293 ms total)
[  PASSED  ] 1 test.

Repeating all tests (iteration 179) . . .

Note: Google Test filter = HvfIntelRecoveryProbe.WithoutHostKick
[==========] Running 1 test from 1 test suite.
[----------] 1 test from HvfIntelRecoveryProbe
[ RUN      ] HvfIntelRecoveryProbe.WithoutHostKick
INTEL_PROBE phase=executor_retained
INTEL_RECOVERY host_kick=omitted
INTEL_LIFECYCLE phase=vcpu_destroy_begin generation=179 owner=42432
INTEL_LIFECYCLE phase=vcpu_destroy_end generation=179 owner=42432
INTEL_LIFECYCLE phase=vm_destroy_begin generation=179 owner=42432
INTEL_LIFECYCLE phase=vm_destroy_end generation=179 owner=42432
INTEL_LIFECYCLE phase=vm_create_begin generation=180 owner=42432
INTEL_LIFECYCLE phase=vm_create_end generation=180 owner=42432
INTEL_LIFECYCLE phase=vcpu_create_begin generation=180 owner=42432
INTEL_LIFECYCLE phase=vcpu_create_end generation=180 owner=42432
[       OK ] HvfIntelRecoveryProbe.WithoutHostKick (274 ms)
[----------] 1 test from HvfIntelRecoveryProbe (274 ms total)

[==========] 1 test from 1 test suite ran. (274 ms total)
[  PASSED  ] 1 test.

Repeating all tests (iteration 180) . . .

Note: Google Test filter = HvfIntelRecoveryProbe.WithoutHostKick
[==========] Running 1 test from 1 test suite.
[----------] 1 test from HvfIntelRecoveryProbe
[ RUN      ] HvfIntelRecoveryProbe.WithoutHostKick
INTEL_PROBE phase=executor_retained
INTEL_RECOVERY host_kick=omitted
INTEL_LIFECYCLE phase=vcpu_destroy_begin generation=180 owner=42432
INTEL_LIFECYCLE phase=vcpu_destroy_end generation=180 owner=42432
INTEL_LIFECYCLE phase=vm_destroy_begin generation=180 owner=42432
INTEL_LIFECYCLE phase=vm_destroy_end generation=180 owner=42432
INTEL_LIFECYCLE phase=vm_create_begin generation=181 owner=42432
INTEL_LIFECYCLE phase=vm_create_end generation=181 owner=42432
INTEL_LIFECYCLE phase=vcpu_create_begin generation=181 owner=42432
INTEL_LIFECYCLE phase=vcpu_create_end generation=181 owner=42432
[       OK ] HvfIntelRecoveryProbe.WithoutHostKick (392 ms)
[----------] 1 test from HvfIntelRecoveryProbe (392 ms total)

[==========] 1 test from 1 test suite ran. (392 ms total)
[  PASSED  ] 1 test.

Repeating all tests (iteration 181) . . .

Note: Google Test filter = HvfIntelRecoveryProbe.WithoutHostKick
[==========] Running 1 test from 1 test suite.
[----------] 1 test from HvfIntelRecoveryProbe
[ RUN      ] HvfIntelRecoveryProbe.WithoutHostKick
INTEL_PROBE phase=executor_retained
INTEL_RECOVERY host_kick=omitted
INTEL_LIFECYCLE phase=vcpu_destroy_begin generation=181 owner=42432
INTEL_LIFECYCLE phase=vcpu_destroy_end generation=181 owner=42432
INTEL_LIFECYCLE phase=vm_destroy_begin generation=181 owner=42432
INTEL_LIFECYCLE phase=vm_destroy_end generation=181 owner=42432
INTEL_LIFECYCLE phase=vm_create_begin generation=182 owner=42432
INTEL_LIFECYCLE phase=vm_create_end generation=182 owner=42432
INTEL_LIFECYCLE phase=vcpu_create_begin generation=182 owner=42432
INTEL_LIFECYCLE phase=vcpu_create_end generation=182 owner=42432
[       OK ] HvfIntelRecoveryProbe.WithoutHostKick (316 ms)
[----------] 1 test from HvfIntelRecoveryProbe (316 ms total)

[==========] 1 test from 1 test suite ran. (316 ms total)
[  PASSED  ] 1 test.

Repeating all tests (iteration 182) . . .

Note: Google Test filter = HvfIntelRecoveryProbe.WithoutHostKick
[==========] Running 1 test from 1 test suite.
[----------] 1 test from HvfIntelRecoveryProbe
[ RUN      ] HvfIntelRecoveryProbe.WithoutHostKick
INTEL_PROBE phase=executor_retained
INTEL_RECOVERY host_kick=omitted
INTEL_LIFECYCLE phase=vcpu_destroy_begin generation=182 owner=42432
INTEL_LIFECYCLE phase=vcpu_destroy_end generation=182 owner=42432
INTEL_LIFECYCLE phase=vm_destroy_begin generation=182 owner=42432
INTEL_LIFECYCLE phase=vm_destroy_end generation=182 owner=42432
INTEL_LIFECYCLE phase=vm_create_begin generation=183 owner=42432
INTEL_LIFECYCLE phase=vm_create_end generation=183 owner=42432
INTEL_LIFECYCLE phase=vcpu_create_begin generation=183 owner=42432
INTEL_LIFECYCLE phase=vcpu_create_end generation=183 owner=42432
[       OK ] HvfIntelRecoveryProbe.WithoutHostKick (158 ms)
[----------] 1 test from HvfIntelRecoveryProbe (158 ms total)

[==========] 1 test from 1 test suite ran. (158 ms total)
[  PASSED  ] 1 test.

Repeating all tests (iteration 183) . . .

Note: Google Test filter = HvfIntelRecoveryProbe.WithoutHostKick
[==========] Running 1 test from 1 test suite.
[----------] 1 test from HvfIntelRecoveryProbe
[ RUN      ] HvfIntelRecoveryProbe.WithoutHostKick
INTEL_PROBE phase=executor_retained
INTEL_RECOVERY host_kick=omitted
INTEL_LIFECYCLE phase=vcpu_destroy_begin generation=183 owner=42432
INTEL_LIFECYCLE phase=vcpu_destroy_end generation=183 owner=42432
INTEL_LIFECYCLE phase=vm_destroy_begin generation=183 owner=42432
INTEL_LIFECYCLE phase=vm_destroy_end generation=183 owner=42432
INTEL_LIFECYCLE phase=vm_create_begin generation=184 owner=42432
INTEL_LIFECYCLE phase=vm_create_end generation=184 owner=42432
INTEL_LIFECYCLE phase=vcpu_create_begin generation=184 owner=42432
INTEL_LIFECYCLE phase=vcpu_create_end generation=184 owner=42432
[       OK ] HvfIntelRecoveryProbe.WithoutHostKick (253 ms)
[----------] 1 test from HvfIntelRecoveryProbe (253 ms total)

[==========] 1 test from 1 test suite ran. (253 ms total)
[  PASSED  ] 1 test.

Repeating all tests (iteration 184) . . .

Note: Google Test filter = HvfIntelRecoveryProbe.WithoutHostKick
[==========] Running 1 test from 1 test suite.
[----------] 1 test from HvfIntelRecoveryProbe
[ RUN      ] HvfIntelRecoveryProbe.WithoutHostKick
INTEL_PROBE phase=executor_retained
INTEL_RECOVERY host_kick=omitted
INTEL_LIFECYCLE phase=vcpu_destroy_begin generation=184 owner=42432
INTEL_LIFECYCLE phase=vcpu_destroy_end generation=184 owner=42432
INTEL_LIFECYCLE phase=vm_destroy_begin generation=184 owner=42432
INTEL_LIFECYCLE phase=vm_destroy_end generation=184 owner=42432
INTEL_LIFECYCLE phase=vm_create_begin generation=185 owner=42432
INTEL_LIFECYCLE phase=vm_create_end generation=185 owner=42432
INTEL_LIFECYCLE phase=vcpu_create_begin generation=185 owner=42432
INTEL_LIFECYCLE phase=vcpu_create_end generation=185 owner=42432
[       OK ] HvfIntelRecoveryProbe.WithoutHostKick (342 ms)
[----------] 1 test from HvfIntelRecoveryProbe (342 ms total)

[==========] 1 test from 1 test suite ran. (342 ms total)
[  PASSED  ] 1 test.

Repeating all tests (iteration 185) . . .

Note: Google Test filter = HvfIntelRecoveryProbe.WithoutHostKick
[==========] Running 1 test from 1 test suite.
[----------] 1 test from HvfIntelRecoveryProbe
[ RUN      ] HvfIntelRecoveryProbe.WithoutHostKick
INTEL_PROBE phase=executor_retained
INTEL_RECOVERY host_kick=omitted
INTEL_LIFECYCLE phase=vcpu_destroy_begin generation=185 owner=42432
INTEL_LIFECYCLE phase=vcpu_destroy_end generation=185 owner=42432
INTEL_LIFECYCLE phase=vm_destroy_begin generation=185 owner=42432
INTEL_LIFECYCLE phase=vm_destroy_end generation=185 owner=42432
INTEL_LIFECYCLE phase=vm_create_begin generation=186 owner=42432
INTEL_LIFECYCLE phase=vm_create_end generation=186 owner=42432
INTEL_LIFECYCLE phase=vcpu_create_begin generation=186 owner=42432
INTEL_LIFECYCLE phase=vcpu_create_end generation=186 owner=42432
[       OK ] HvfIntelRecoveryProbe.WithoutHostKick (190 ms)
[----------] 1 test from HvfIntelRecoveryProbe (190 ms total)

[==========] 1 test from 1 test suite ran. (191 ms total)
[  PASSED  ] 1 test.

Repeating all tests (iteration 186) . . .

Note: Google Test filter = HvfIntelRecoveryProbe.WithoutHostKick
[==========] Running 1 test from 1 test suite.
[----------] 1 test from HvfIntelRecoveryProbe
[ RUN      ] HvfIntelRecoveryProbe.WithoutHostKick
INTEL_PROBE phase=executor_retained
INTEL_RECOVERY host_kick=omitted
INTEL_LIFECYCLE phase=vcpu_destroy_begin generation=186 owner=42432
INTEL_LIFECYCLE phase=vcpu_destroy_end generation=186 owner=42432
INTEL_LIFECYCLE phase=vm_destroy_begin generation=186 owner=42432
INTEL_LIFECYCLE phase=vm_destroy_end generation=186 owner=42432
INTEL_LIFECYCLE phase=vm_create_begin generation=187 owner=42432
INTEL_LIFECYCLE phase=vm_create_end generation=187 owner=42432
INTEL_LIFECYCLE phase=vcpu_create_begin generation=187 owner=42432
INTEL_LIFECYCLE phase=vcpu_create_end generation=187 owner=42432
[       OK ] HvfIntelRecoveryProbe.WithoutHostKick (287 ms)
[----------] 1 test from HvfIntelRecoveryProbe (287 ms total)

[==========] 1 test from 1 test suite ran. (287 ms total)
[  PASSED  ] 1 test.

Repeating all tests (iteration 187) . . .

Note: Google Test filter = HvfIntelRecoveryProbe.WithoutHostKick
[==========] Running 1 test from 1 test suite.
[----------] 1 test from HvfIntelRecoveryProbe
[ RUN      ] HvfIntelRecoveryProbe.WithoutHostKick
INTEL_PROBE phase=executor_retained
INTEL_RECOVERY host_kick=omitted
INTEL_LIFECYCLE phase=vcpu_destroy_begin generation=187 owner=42432
INTEL_LIFECYCLE phase=vcpu_destroy_end generation=187 owner=42432
INTEL_LIFECYCLE phase=vm_destroy_begin generation=187 owner=42432
INTEL_LIFECYCLE phase=vm_destroy_end generation=187 owner=42432
INTEL_LIFECYCLE phase=vm_create_begin generation=188 owner=42432
INTEL_LIFECYCLE phase=vm_create_end generation=188 owner=42432
INTEL_LIFECYCLE phase=vcpu_create_begin generation=188 owner=42432
INTEL_LIFECYCLE phase=vcpu_create_end generation=188 owner=42432
[       OK ] HvfIntelRecoveryProbe.WithoutHostKick (345 ms)
[----------] 1 test from HvfIntelRecoveryProbe (345 ms total)

[==========] 1 test from 1 test suite ran. (345 ms total)
[  PASSED  ] 1 test.

Repeating all tests (iteration 188) . . .

Note: Google Test filter = HvfIntelRecoveryProbe.WithoutHostKick
[==========] Running 1 test from 1 test suite.
[----------] 1 test from HvfIntelRecoveryProbe
[ RUN      ] HvfIntelRecoveryProbe.WithoutHostKick
INTEL_PROBE phase=executor_retained
INTEL_RECOVERY host_kick=omitted
INTEL_LIFECYCLE phase=vcpu_destroy_begin generation=188 owner=42432
INTEL_LIFECYCLE phase=vcpu_destroy_end generation=188 owner=42432
INTEL_LIFECYCLE phase=vm_destroy_begin generation=188 owner=42432
INTEL_LIFECYCLE phase=vm_destroy_end generation=188 owner=42432
INTEL_LIFECYCLE phase=vm_create_begin generation=189 owner=42432
INTEL_LIFECYCLE phase=vm_create_end generation=189 owner=42432
INTEL_LIFECYCLE phase=vcpu_create_begin generation=189 owner=42432
INTEL_LIFECYCLE phase=vcpu_create_end generation=189 owner=42432
[       OK ] HvfIntelRecoveryProbe.WithoutHostKick (172 ms)
[----------] 1 test from HvfIntelRecoveryProbe (172 ms total)

[==========] 1 test from 1 test suite ran. (172 ms total)
[  PASSED  ] 1 test.

Repeating all tests (iteration 189) . . .

Note: Google Test filter = HvfIntelRecoveryProbe.WithoutHostKick
[==========] Running 1 test from 1 test suite.
[----------] 1 test from HvfIntelRecoveryProbe
[ RUN      ] HvfIntelRecoveryProbe.WithoutHostKick
INTEL_PROBE phase=executor_retained
INTEL_RECOVERY host_kick=omitted
INTEL_LIFECYCLE phase=vcpu_destroy_begin generation=189 owner=42432
INTEL_LIFECYCLE phase=vcpu_destroy_end generation=189 owner=42432
INTEL_LIFECYCLE phase=vm_destroy_begin generation=189 owner=42432
INTEL_LIFECYCLE phase=vm_destroy_end generation=189 owner=42432
INTEL_LIFECYCLE phase=vm_create_begin generation=190 owner=42432
INTEL_LIFECYCLE phase=vm_create_end generation=190 owner=42432
INTEL_LIFECYCLE phase=vcpu_create_begin generation=190 owner=42432
INTEL_LIFECYCLE phase=vcpu_create_end generation=190 owner=42432
[       OK ] HvfIntelRecoveryProbe.WithoutHostKick (191 ms)
[----------] 1 test from HvfIntelRecoveryProbe (191 ms total)

[==========] 1 test from 1 test suite ran. (191 ms total)
[  PASSED  ] 1 test.

Repeating all tests (iteration 190) . . .

Note: Google Test filter = HvfIntelRecoveryProbe.WithoutHostKick
[==========] Running 1 test from 1 test suite.
[----------] 1 test from HvfIntelRecoveryProbe
[ RUN      ] HvfIntelRecoveryProbe.WithoutHostKick
INTEL_PROBE phase=executor_retained
INTEL_RECOVERY host_kick=omitted
INTEL_LIFECYCLE phase=vcpu_destroy_begin generation=190 owner=42432
INTEL_LIFECYCLE phase=vcpu_destroy_end generation=190 owner=42432
INTEL_LIFECYCLE phase=vm_destroy_begin generation=190 owner=42432
INTEL_LIFECYCLE phase=vm_destroy_end generation=190 owner=42432
INTEL_LIFECYCLE phase=vm_create_begin generation=191 owner=42432
INTEL_LIFECYCLE phase=vm_create_end generation=191 owner=42432
INTEL_LIFECYCLE phase=vcpu_create_begin generation=191 owner=42432
INTEL_LIFECYCLE phase=vcpu_create_end generation=191 owner=42432
[       OK ] HvfIntelRecoveryProbe.WithoutHostKick (263 ms)
[----------] 1 test from HvfIntelRecoveryProbe (263 ms total)

[==========] 1 test from 1 test suite ran. (263 ms total)
[  PASSED  ] 1 test.

Repeating all tests (iteration 191) . . .

Note: Google Test filter = HvfIntelRecoveryProbe.WithoutHostKick
[==========] Running 1 test from 1 test suite.
[----------] 1 test from HvfIntelRecoveryProbe
[ RUN      ] HvfIntelRecoveryProbe.WithoutHostKick
INTEL_PROBE phase=executor_retained
INTEL_RECOVERY host_kick=omitted
INTEL_LIFECYCLE phase=vcpu_destroy_begin generation=191 owner=42432
INTEL_LIFECYCLE phase=vcpu_destroy_end generation=191 owner=42432
INTEL_LIFECYCLE phase=vm_destroy_begin generation=191 owner=42432
INTEL_LIFECYCLE phase=vm_destroy_end generation=191 owner=42432
INTEL_LIFECYCLE phase=vm_create_begin generation=192 owner=42432
INTEL_LIFECYCLE phase=vm_create_end generation=192 owner=42432
INTEL_LIFECYCLE phase=vcpu_create_begin generation=192 owner=42432
INTEL_LIFECYCLE phase=vcpu_create_end generation=192 owner=42432
[       OK ] HvfIntelRecoveryProbe.WithoutHostKick (166 ms)
[----------] 1 test from HvfIntelRecoveryProbe (166 ms total)

[==========] 1 test from 1 test suite ran. (166 ms total)
[  PASSED  ] 1 test.

Repeating all tests (iteration 192) . . .

Note: Google Test filter = HvfIntelRecoveryProbe.WithoutHostKick
[==========] Running 1 test from 1 test suite.
[----------] 1 test from HvfIntelRecoveryProbe
[ RUN      ] HvfIntelRecoveryProbe.WithoutHostKick
INTEL_PROBE phase=executor_retained
INTEL_RECOVERY host_kick=omitted
INTEL_LIFECYCLE phase=vcpu_destroy_begin generation=192 owner=42432
INTEL_LIFECYCLE phase=vcpu_destroy_end generation=192 owner=42432
INTEL_LIFECYCLE phase=vm_destroy_begin generation=192 owner=42432
INTEL_LIFECYCLE phase=vm_destroy_end generation=192 owner=42432
INTEL_LIFECYCLE phase=vm_create_begin generation=193 owner=42432
INTEL_LIFECYCLE phase=vm_create_end generation=193 owner=42432
INTEL_LIFECYCLE phase=vcpu_create_begin generation=193 owner=42432
INTEL_LIFECYCLE phase=vcpu_create_end generation=193 owner=42432
[       OK ] HvfIntelRecoveryProbe.WithoutHostKick (264 ms)
[----------] 1 test from HvfIntelRecoveryProbe (264 ms total)

[==========] 1 test from 1 test suite ran. (264 ms total)
[  PASSED  ] 1 test.

Repeating all tests (iteration 193) . . .

Note: Google Test filter = HvfIntelRecoveryProbe.WithoutHostKick
[==========] Running 1 test from 1 test suite.
[----------] 1 test from HvfIntelRecoveryProbe
[ RUN      ] HvfIntelRecoveryProbe.WithoutHostKick
INTEL_PROBE phase=executor_retained
INTEL_RECOVERY host_kick=omitted
INTEL_LIFECYCLE phase=vcpu_destroy_begin generation=193 owner=42432
INTEL_LIFECYCLE phase=vcpu_destroy_end generation=193 owner=42432
INTEL_LIFECYCLE phase=vm_destroy_begin generation=193 owner=42432
INTEL_LIFECYCLE phase=vm_destroy_end generation=193 owner=42432
INTEL_LIFECYCLE phase=vm_create_begin generation=194 owner=42432
INTEL_LIFECYCLE phase=vm_create_end generation=194 owner=42432
INTEL_LIFECYCLE phase=vcpu_create_begin generation=194 owner=42432
INTEL_LIFECYCLE phase=vcpu_create_end generation=194 owner=42432
[       OK ] HvfIntelRecoveryProbe.WithoutHostKick (280 ms)
[----------] 1 test from HvfIntelRecoveryProbe (280 ms total)

[==========] 1 test from 1 test suite ran. (280 ms total)
[  PASSED  ] 1 test.

Repeating all tests (iteration 194) . . .

Note: Google Test filter = HvfIntelRecoveryProbe.WithoutHostKick
[==========] Running 1 test from 1 test suite.
[----------] 1 test from HvfIntelRecoveryProbe
[ RUN      ] HvfIntelRecoveryProbe.WithoutHostKick
INTEL_PROBE phase=executor_retained
INTEL_RECOVERY host_kick=omitted
INTEL_LIFECYCLE phase=vcpu_destroy_begin generation=194 owner=42432
INTEL_LIFECYCLE phase=vcpu_destroy_end generation=194 owner=42432
INTEL_LIFECYCLE phase=vm_destroy_begin generation=194 owner=42432
INTEL_LIFECYCLE phase=vm_destroy_end generation=194 owner=42432
INTEL_LIFECYCLE phase=vm_create_begin generation=195 owner=42432
INTEL_LIFECYCLE phase=vm_create_end generation=195 owner=42432
INTEL_LIFECYCLE phase=vcpu_create_begin generation=195 owner=42432
INTEL_LIFECYCLE phase=vcpu_create_end generation=195 owner=42432
[       OK ] HvfIntelRecoveryProbe.WithoutHostKick (338 ms)
[----------] 1 test from HvfIntelRecoveryProbe (338 ms total)

[==========] 1 test from 1 test suite ran. (338 ms total)
[  PASSED  ] 1 test.

Repeating all tests (iteration 195) . . .

Note: Google Test filter = HvfIntelRecoveryProbe.WithoutHostKick
[==========] Running 1 test from 1 test suite.
[----------] 1 test from HvfIntelRecoveryProbe
[ RUN      ] HvfIntelRecoveryProbe.WithoutHostKick
INTEL_PROBE phase=executor_retained
INTEL_RECOVERY host_kick=omitted
INTEL_LIFECYCLE phase=vcpu_destroy_begin generation=195 owner=42432
INTEL_LIFECYCLE phase=vcpu_destroy_end generation=195 owner=42432
INTEL_LIFECYCLE phase=vm_destroy_begin generation=195 owner=42432
INTEL_LIFECYCLE phase=vm_destroy_end generation=195 owner=42432
INTEL_LIFECYCLE phase=vm_create_begin generation=196 owner=42432
INTEL_LIFECYCLE phase=vm_create_end generation=196 owner=42432
INTEL_LIFECYCLE phase=vcpu_create_begin generation=196 owner=42432
INTEL_LIFECYCLE phase=vcpu_create_end generation=196 owner=42432
[       OK ] HvfIntelRecoveryProbe.WithoutHostKick (245 ms)
[----------] 1 test from HvfIntelRecoveryProbe (245 ms total)

[==========] 1 test from 1 test suite ran. (246 ms total)
[  PASSED  ] 1 test.

Repeating all tests (iteration 196) . . .

Note: Google Test filter = HvfIntelRecoveryProbe.WithoutHostKick
[==========] Running 1 test from 1 test suite.
[----------] 1 test from HvfIntelRecoveryProbe
[ RUN      ] HvfIntelRecoveryProbe.WithoutHostKick
INTEL_PROBE phase=executor_retained
INTEL_RECOVERY host_kick=omitted
INTEL_LIFECYCLE phase=vcpu_destroy_begin generation=196 owner=42432
INTEL_LIFECYCLE phase=vcpu_destroy_end generation=196 owner=42432
INTEL_LIFECYCLE phase=vm_destroy_begin generation=196 owner=42432
INTEL_LIFECYCLE phase=vm_destroy_end generation=196 owner=42432
INTEL_LIFECYCLE phase=vm_create_begin generation=197 owner=42432
INTEL_LIFECYCLE phase=vm_create_end generation=197 owner=42432
INTEL_LIFECYCLE phase=vcpu_create_begin generation=197 owner=42432
INTEL_LIFECYCLE phase=vcpu_create_end generation=197 owner=42432
[       OK ] HvfIntelRecoveryProbe.WithoutHostKick (238 ms)
[----------] 1 test from HvfIntelRecoveryProbe (238 ms total)

[==========] 1 test from 1 test suite ran. (238 ms total)
[  PASSED  ] 1 test.

Repeating all tests (iteration 197) . . .

Note: Google Test filter = HvfIntelRecoveryProbe.WithoutHostKick
[==========] Running 1 test from 1 test suite.
[----------] 1 test from HvfIntelRecoveryProbe
[ RUN      ] HvfIntelRecoveryProbe.WithoutHostKick
INTEL_PROBE phase=executor_retained
INTEL_RECOVERY host_kick=omitted
INTEL_LIFECYCLE phase=vcpu_destroy_begin generation=197 owner=42432
INTEL_LIFECYCLE phase=vcpu_destroy_end generation=197 owner=42432
INTEL_LIFECYCLE phase=vm_destroy_begin generation=197 owner=42432
INTEL_LIFECYCLE phase=vm_destroy_end generation=197 owner=42432
INTEL_LIFECYCLE phase=vm_create_begin generation=198 owner=42432
INTEL_LIFECYCLE phase=vm_create_end generation=198 owner=42432
INTEL_LIFECYCLE phase=vcpu_create_begin generation=198 owner=42432
INTEL_LIFECYCLE phase=vcpu_create_end generation=198 owner=42432
[       OK ] HvfIntelRecoveryProbe.WithoutHostKick (279 ms)
[----------] 1 test from HvfIntelRecoveryProbe (279 ms total)

[==========] 1 test from 1 test suite ran. (279 ms total)
[  PASSED  ] 1 test.

Repeating all tests (iteration 198) . . .

Note: Google Test filter = HvfIntelRecoveryProbe.WithoutHostKick
[==========] Running 1 test from 1 test suite.
[----------] 1 test from HvfIntelRecoveryProbe
[ RUN      ] HvfIntelRecoveryProbe.WithoutHostKick
INTEL_PROBE phase=executor_retained
INTEL_RECOVERY host_kick=omitted
INTEL_LIFECYCLE phase=vcpu_destroy_begin generation=198 owner=42432
INTEL_LIFECYCLE phase=vcpu_destroy_end generation=198 owner=42432
INTEL_LIFECYCLE phase=vm_destroy_begin generation=198 owner=42432
INTEL_LIFECYCLE phase=vm_destroy_end generation=198 owner=42432
INTEL_LIFECYCLE phase=vm_create_begin generation=199 owner=42432
INTEL_LIFECYCLE phase=vm_create_end generation=199 owner=42432
INTEL_LIFECYCLE phase=vcpu_create_begin generation=199 owner=42432
INTEL_LIFECYCLE phase=vcpu_create_end generation=199 owner=42432
[       OK ] HvfIntelRecoveryProbe.WithoutHostKick (566 ms)
[----------] 1 test from HvfIntelRecoveryProbe (566 ms total)

[==========] 1 test from 1 test suite ran. (566 ms total)
[  PASSED  ] 1 test.

Repeating all tests (iteration 199) . . .

Note: Google Test filter = HvfIntelRecoveryProbe.WithoutHostKick
[==========] Running 1 test from 1 test suite.
[----------] 1 test from HvfIntelRecoveryProbe
[ RUN      ] HvfIntelRecoveryProbe.WithoutHostKick
INTEL_PROBE phase=executor_retained
INTEL_RECOVERY host_kick=omitted
INTEL_LIFECYCLE phase=vcpu_destroy_begin generation=199 owner=42432
INTEL_LIFECYCLE phase=vcpu_destroy_end generation=199 owner=42432
INTEL_LIFECYCLE phase=vm_destroy_begin generation=199 owner=42432
INTEL_LIFECYCLE phase=vm_destroy_end generation=199 owner=42432
INTEL_LIFECYCLE phase=vm_create_begin generation=200 owner=42432
INTEL_LIFECYCLE phase=vm_create_end generation=200 owner=42432
INTEL_LIFECYCLE phase=vcpu_create_begin generation=200 owner=42432
INTEL_LIFECYCLE phase=vcpu_create_end generation=200 owner=42432
[       OK ] HvfIntelRecoveryProbe.WithoutHostKick (514 ms)
[----------] 1 test from HvfIntelRecoveryProbe (515 ms total)

[==========] 1 test from 1 test suite ran. (515 ms total)
[  PASSED  ] 1 test.

Repeating all tests (iteration 200) . . .

Note: Google Test filter = HvfIntelRecoveryProbe.WithoutHostKick
[==========] Running 1 test from 1 test suite.
[----------] 1 test from HvfIntelRecoveryProbe
[ RUN      ] HvfIntelRecoveryProbe.WithoutHostKick
INTEL_PROBE phase=executor_retained
INTEL_RECOVERY host_kick=omitted
INTEL_LIFECYCLE phase=vcpu_destroy_begin generation=200 owner=42432
INTEL_LIFECYCLE phase=vcpu_destroy_end generation=200 owner=42432
INTEL_LIFECYCLE phase=vm_destroy_begin generation=200 owner=42432
INTEL_LIFECYCLE phase=vm_destroy_end generation=200 owner=42432
INTEL_LIFECYCLE phase=vm_create_begin generation=201 owner=42432
INTEL_LIFECYCLE phase=vm_create_end generation=201 owner=42432
INTEL_LIFECYCLE phase=vcpu_create_begin generation=201 owner=42432
INTEL_LIFECYCLE phase=vcpu_create_end generation=201 owner=42432
[       OK ] HvfIntelRecoveryProbe.WithoutHostKick (250 ms)
[----------] 1 test from HvfIntelRecoveryProbe (250 ms total)

[==========] 1 test from 1 test suite ran. (250 ms total)
[  PASSED  ] 1 test.

Repeating all tests (iteration 201) . . .

Note: Google Test filter = HvfIntelRecoveryProbe.WithoutHostKick
[==========] Running 1 test from 1 test suite.
[----------] 1 test from HvfIntelRecoveryProbe
[ RUN      ] HvfIntelRecoveryProbe.WithoutHostKick
INTEL_PROBE phase=executor_retained
INTEL_RECOVERY host_kick=omitted
INTEL_LIFECYCLE phase=vcpu_destroy_begin generation=201 owner=42432
INTEL_LIFECYCLE phase=vcpu_destroy_end generation=201 owner=42432
INTEL_LIFECYCLE phase=vm_destroy_begin generation=201 owner=42432
INTEL_LIFECYCLE phase=vm_destroy_end generation=201 owner=42432
INTEL_LIFECYCLE phase=vm_create_begin generation=202 owner=42432
INTEL_LIFECYCLE phase=vm_create_end generation=202 owner=42432
INTEL_LIFECYCLE phase=vcpu_create_begin generation=202 owner=42432
INTEL_LIFECYCLE phase=vcpu_create_end generation=202 owner=42432
[       OK ] HvfIntelRecoveryProbe.WithoutHostKick (384 ms)
[----------] 1 test from HvfIntelRecoveryProbe (384 ms total)

[==========] 1 test from 1 test suite ran. (384 ms total)
[  PASSED  ] 1 test.

Repeating all tests (iteration 202) . . .

Note: Google Test filter = HvfIntelRecoveryProbe.WithoutHostKick
[==========] Running 1 test from 1 test suite.
[----------] 1 test from HvfIntelRecoveryProbe
[ RUN      ] HvfIntelRecoveryProbe.WithoutHostKick
INTEL_PROBE phase=executor_retained
INTEL_RECOVERY host_kick=omitted
INTEL_LIFECYCLE phase=vcpu_destroy_begin generation=202 owner=42432
INTEL_LIFECYCLE phase=vcpu_destroy_end generation=202 owner=42432
INTEL_LIFECYCLE phase=vm_destroy_begin generation=202 owner=42432
INTEL_LIFECYCLE phase=vm_destroy_end generation=202 owner=42432
INTEL_LIFECYCLE phase=vm_create_begin generation=203 owner=42432
INTEL_LIFECYCLE phase=vm_create_end generation=203 owner=42432
INTEL_LIFECYCLE phase=vcpu_create_begin generation=203 owner=42432
INTEL_LIFECYCLE phase=vcpu_create_end generation=203 owner=42432
[       OK ] HvfIntelRecoveryProbe.WithoutHostKick (278 ms)
[----------] 1 test from HvfIntelRecoveryProbe (278 ms total)

[==========] 1 test from 1 test suite ran. (278 ms total)
[  PASSED  ] 1 test.

Repeating all tests (iteration 203) . . .

Note: Google Test filter = HvfIntelRecoveryProbe.WithoutHostKick
[==========] Running 1 test from 1 test suite.
[----------] 1 test from HvfIntelRecoveryProbe
[ RUN      ] HvfIntelRecoveryProbe.WithoutHostKick
INTEL_PROBE phase=executor_retained
INTEL_RECOVERY host_kick=omitted
INTEL_LIFECYCLE phase=vcpu_destroy_begin generation=203 owner=42432
INTEL_LIFECYCLE phase=vcpu_destroy_end generation=203 owner=42432
INTEL_LIFECYCLE phase=vm_destroy_begin generation=203 owner=42432
INTEL_LIFECYCLE phase=vm_destroy_end generation=203 owner=42432
INTEL_LIFECYCLE phase=vm_create_begin generation=204 owner=42432
INTEL_LIFECYCLE phase=vm_create_end generation=204 owner=42432
INTEL_LIFECYCLE phase=vcpu_create_begin generation=204 owner=42432
INTEL_LIFECYCLE phase=vcpu_create_end generation=204 owner=42432
[       OK ] HvfIntelRecoveryProbe.WithoutHostKick (375 ms)
[----------] 1 test from HvfIntelRecoveryProbe (375 ms total)

[==========] 1 test from 1 test suite ran. (375 ms total)
[  PASSED  ] 1 test.

Repeating all tests (iteration 204) . . .

Note: Google Test filter = HvfIntelRecoveryProbe.WithoutHostKick
[==========] Running 1 test from 1 test suite.
[----------] 1 test from HvfIntelRecoveryProbe
[ RUN      ] HvfIntelRecoveryProbe.WithoutHostKick
INTEL_PROBE phase=executor_retained
INTEL_RECOVERY host_kick=omitted
INTEL_LIFECYCLE phase=vcpu_destroy_begin generation=204 owner=42432
INTEL_LIFECYCLE phase=vcpu_destroy_end generation=204 owner=42432
INTEL_LIFECYCLE phase=vm_destroy_begin generation=204 owner=42432
INTEL_LIFECYCLE phase=vm_destroy_end generation=204 owner=42432
INTEL_LIFECYCLE phase=vm_create_begin generation=205 owner=42432
INTEL_LIFECYCLE phase=vm_create_end generation=205 owner=42432
INTEL_LIFECYCLE phase=vcpu_create_begin generation=205 owner=42432
INTEL_LIFECYCLE phase=vcpu_create_end generation=205 owner=42432
[       OK ] HvfIntelRecoveryProbe.WithoutHostKick (331 ms)
[----------] 1 test from HvfIntelRecoveryProbe (331 ms total)

[==========] 1 test from 1 test suite ran. (331 ms total)
[  PASSED  ] 1 test.

Repeating all tests (iteration 205) . . .

Note: Google Test filter = HvfIntelRecoveryProbe.WithoutHostKick
[==========] Running 1 test from 1 test suite.
[----------] 1 test from HvfIntelRecoveryProbe
[ RUN      ] HvfIntelRecoveryProbe.WithoutHostKick
INTEL_PROBE phase=executor_retained
INTEL_RECOVERY host_kick=omitted
INTEL_LIFECYCLE phase=vcpu_destroy_begin generation=205 owner=42432
INTEL_LIFECYCLE phase=vcpu_destroy_end generation=205 owner=42432
INTEL_LIFECYCLE phase=vm_destroy_begin generation=205 owner=42432
INTEL_LIFECYCLE phase=vm_destroy_end generation=205 owner=42432
INTEL_LIFECYCLE phase=vm_create_begin generation=206 owner=42432
INTEL_LIFECYCLE phase=vm_create_end generation=206 owner=42432
INTEL_LIFECYCLE phase=vcpu_create_begin generation=206 owner=42432
INTEL_LIFECYCLE phase=vcpu_create_end generation=206 owner=42432
[       OK ] HvfIntelRecoveryProbe.WithoutHostKick (279 ms)
[----------] 1 test from HvfIntelRecoveryProbe (279 ms total)

[==========] 1 test from 1 test suite ran. (279 ms total)
[  PASSED  ] 1 test.

Repeating all tests (iteration 206) . . .

Note: Google Test filter = HvfIntelRecoveryProbe.WithoutHostKick
[==========] Running 1 test from 1 test suite.
[----------] 1 test from HvfIntelRecoveryProbe
[ RUN      ] HvfIntelRecoveryProbe.WithoutHostKick
INTEL_PROBE phase=executor_retained
INTEL_RECOVERY host_kick=omitted
INTEL_LIFECYCLE phase=vcpu_destroy_begin generation=206 owner=42432
INTEL_LIFECYCLE phase=vcpu_destroy_end generation=206 owner=42432
INTEL_LIFECYCLE phase=vm_destroy_begin generation=206 owner=42432
INTEL_LIFECYCLE phase=vm_destroy_end generation=206 owner=42432
INTEL_LIFECYCLE phase=vm_create_begin generation=207 owner=42432
INTEL_LIFECYCLE phase=vm_create_end generation=207 owner=42432
INTEL_LIFECYCLE phase=vcpu_create_begin generation=207 owner=42432
INTEL_LIFECYCLE phase=vcpu_create_end generation=207 owner=42432
[       OK ] HvfIntelRecoveryProbe.WithoutHostKick (317 ms)
[----------] 1 test from HvfIntelRecoveryProbe (318 ms total)

[==========] 1 test from 1 test suite ran. (318 ms total)
[  PASSED  ] 1 test.

Repeating all tests (iteration 207) . . .

Note: Google Test filter = HvfIntelRecoveryProbe.WithoutHostKick
[==========] Running 1 test from 1 test suite.
[----------] 1 test from HvfIntelRecoveryProbe
[ RUN      ] HvfIntelRecoveryProbe.WithoutHostKick
INTEL_PROBE phase=executor_retained
INTEL_RECOVERY host_kick=omitted
INTEL_LIFECYCLE phase=vcpu_destroy_begin generation=207 owner=42432
INTEL_LIFECYCLE phase=vcpu_destroy_end generation=207 owner=42432
INTEL_LIFECYCLE phase=vm_destroy_begin generation=207 owner=42432
INTEL_LIFECYCLE phase=vm_destroy_end generation=207 owner=42432
INTEL_LIFECYCLE phase=vm_create_begin generation=208 owner=42432
INTEL_LIFECYCLE phase=vm_create_end generation=208 owner=42432
INTEL_LIFECYCLE phase=vcpu_create_begin generation=208 owner=42432
INTEL_LIFECYCLE phase=vcpu_create_end generation=208 owner=42432
[       OK ] HvfIntelRecoveryProbe.WithoutHostKick (200 ms)
[----------] 1 test from HvfIntelRecoveryProbe (201 ms total)

[==========] 1 test from 1 test suite ran. (201 ms total)
[  PASSED  ] 1 test.

Repeating all tests (iteration 208) . . .

Note: Google Test filter = HvfIntelRecoveryProbe.WithoutHostKick
[==========] Running 1 test from 1 test suite.
[----------] 1 test from HvfIntelRecoveryProbe
[ RUN      ] HvfIntelRecoveryProbe.WithoutHostKick
INTEL_PROBE phase=executor_retained
INTEL_RECOVERY host_kick=omitted
INTEL_LIFECYCLE phase=vcpu_destroy_begin generation=208 owner=42432
INTEL_LIFECYCLE phase=vcpu_destroy_end generation=208 owner=42432
INTEL_LIFECYCLE phase=vm_destroy_begin generation=208 owner=42432
INTEL_LIFECYCLE phase=vm_destroy_end generation=208 owner=42432
INTEL_LIFECYCLE phase=vm_create_begin generation=209 owner=42432
INTEL_LIFECYCLE phase=vm_create_end generation=209 owner=42432
INTEL_LIFECYCLE phase=vcpu_create_begin generation=209 owner=42432
INTEL_LIFECYCLE phase=vcpu_create_end generation=209 owner=42432
[       OK ] HvfIntelRecoveryProbe.WithoutHostKick (140 ms)
[----------] 1 test from HvfIntelRecoveryProbe (140 ms total)

[==========] 1 test from 1 test suite ran. (140 ms total)
[  PASSED  ] 1 test.

Repeating all tests (iteration 209) . . .

Note: Google Test filter = HvfIntelRecoveryProbe.WithoutHostKick
[==========] Running 1 test from 1 test suite.
[----------] 1 test from HvfIntelRecoveryProbe
[ RUN      ] HvfIntelRecoveryProbe.WithoutHostKick
INTEL_PROBE phase=executor_retained
INTEL_RECOVERY host_kick=omitted
INTEL_LIFECYCLE phase=vcpu_destroy_begin generation=209 owner=42432
INTEL_LIFECYCLE phase=vcpu_destroy_end generation=209 owner=42432
INTEL_LIFECYCLE phase=vm_destroy_begin generation=209 owner=42432
INTEL_LIFECYCLE phase=vm_destroy_end generation=209 owner=42432
INTEL_LIFECYCLE phase=vm_create_begin generation=210 owner=42432
INTEL_LIFECYCLE phase=vm_create_end generation=210 owner=42432
INTEL_LIFECYCLE phase=vcpu_create_begin generation=210 owner=42432
INTEL_LIFECYCLE phase=vcpu_create_end generation=210 owner=42432
[       OK ] HvfIntelRecoveryProbe.WithoutHostKick (312 ms)
[----------] 1 test from HvfIntelRecoveryProbe (312 ms total)

[==========] 1 test from 1 test suite ran. (312 ms total)
[  PASSED  ] 1 test.

Repeating all tests (iteration 210) . . .

Note: Google Test filter = HvfIntelRecoveryProbe.WithoutHostKick
[==========] Running 1 test from 1 test suite.
[----------] 1 test from HvfIntelRecoveryProbe
[ RUN      ] HvfIntelRecoveryProbe.WithoutHostKick
INTEL_PROBE phase=executor_retained
INTEL_RECOVERY host_kick=omitted
INTEL_LIFECYCLE phase=vcpu_destroy_begin generation=210 owner=42432
INTEL_LIFECYCLE phase=vcpu_destroy_end generation=210 owner=42432
INTEL_LIFECYCLE phase=vm_destroy_begin generation=210 owner=42432
INTEL_LIFECYCLE phase=vm_destroy_end generation=210 owner=42432
INTEL_LIFECYCLE phase=vm_create_begin generation=211 owner=42432
INTEL_LIFECYCLE phase=vm_create_end generation=211 owner=42432
INTEL_LIFECYCLE phase=vcpu_create_begin generation=211 owner=42432
INTEL_LIFECYCLE phase=vcpu_create_end generation=211 owner=42432
[       OK ] HvfIntelRecoveryProbe.WithoutHostKick (247 ms)
[----------] 1 test from HvfIntelRecoveryProbe (247 ms total)

[==========] 1 test from 1 test suite ran. (247 ms total)
[  PASSED  ] 1 test.

Repeating all tests (iteration 211) . . .

Note: Google Test filter = HvfIntelRecoveryProbe.WithoutHostKick
[==========] Running 1 test from 1 test suite.
[----------] 1 test from HvfIntelRecoveryProbe
[ RUN      ] HvfIntelRecoveryProbe.WithoutHostKick
INTEL_PROBE phase=executor_retained
INTEL_RECOVERY host_kick=omitted
INTEL_LIFECYCLE phase=vcpu_destroy_begin generation=211 owner=42432
INTEL_LIFECYCLE phase=vcpu_destroy_end generation=211 owner=42432
INTEL_LIFECYCLE phase=vm_destroy_begin generation=211 owner=42432
INTEL_LIFECYCLE phase=vm_destroy_end generation=211 owner=42432
INTEL_LIFECYCLE phase=vm_create_begin generation=212 owner=42432
INTEL_LIFECYCLE phase=vm_create_end generation=212 owner=42432
INTEL_LIFECYCLE phase=vcpu_create_begin generation=212 owner=42432
INTEL_LIFECYCLE phase=vcpu_create_end generation=212 owner=42432
[       OK ] HvfIntelRecoveryProbe.WithoutHostKick (273 ms)
[----------] 1 test from HvfIntelRecoveryProbe (273 ms total)

[==========] 1 test from 1 test suite ran. (273 ms total)
[  PASSED  ] 1 test.

Repeating all tests (iteration 212) . . .

Note: Google Test filter = HvfIntelRecoveryProbe.WithoutHostKick
[==========] Running 1 test from 1 test suite.
[----------] 1 test from HvfIntelRecoveryProbe
[ RUN      ] HvfIntelRecoveryProbe.WithoutHostKick
INTEL_PROBE phase=executor_retained
INTEL_RECOVERY host_kick=omitted
INTEL_LIFECYCLE phase=vcpu_destroy_begin generation=212 owner=42432
INTEL_LIFECYCLE phase=vcpu_destroy_end generation=212 owner=42432
INTEL_LIFECYCLE phase=vm_destroy_begin generation=212 owner=42432
INTEL_LIFECYCLE phase=vm_destroy_end generation=212 owner=42432
INTEL_LIFECYCLE phase=vm_create_begin generation=213 owner=42432
INTEL_LIFECYCLE phase=vm_create_end generation=213 owner=42432
INTEL_LIFECYCLE phase=vcpu_create_begin generation=213 owner=42432
INTEL_LIFECYCLE phase=vcpu_create_end generation=213 owner=42432
[       OK ] HvfIntelRecoveryProbe.WithoutHostKick (311 ms)
[----------] 1 test from HvfIntelRecoveryProbe (311 ms total)

[==========] 1 test from 1 test suite ran. (311 ms total)
[  PASSED  ] 1 test.

Repeating all tests (iteration 213) . . .

Note: Google Test filter = HvfIntelRecoveryProbe.WithoutHostKick
[==========] Running 1 test from 1 test suite.
[----------] 1 test from HvfIntelRecoveryProbe
[ RUN      ] HvfIntelRecoveryProbe.WithoutHostKick
INTEL_PROBE phase=executor_retained
INTEL_RECOVERY host_kick=omitted
INTEL_LIFECYCLE phase=vcpu_destroy_begin generation=213 owner=42432
INTEL_LIFECYCLE phase=vcpu_destroy_end generation=213 owner=42432
INTEL_LIFECYCLE phase=vm_destroy_begin generation=213 owner=42432
INTEL_LIFECYCLE phase=vm_destroy_end generation=213 owner=42432
INTEL_LIFECYCLE phase=vm_create_begin generation=214 owner=42432
INTEL_LIFECYCLE phase=vm_create_end generation=214 owner=42432
INTEL_LIFECYCLE phase=vcpu_create_begin generation=214 owner=42432
INTEL_LIFECYCLE phase=vcpu_create_end generation=214 owner=42432
[       OK ] HvfIntelRecoveryProbe.WithoutHostKick (142 ms)
[----------] 1 test from HvfIntelRecoveryProbe (142 ms total)

[==========] 1 test from 1 test suite ran. (142 ms total)
[  PASSED  ] 1 test.

Repeating all tests (iteration 214) . . .

Note: Google Test filter = HvfIntelRecoveryProbe.WithoutHostKick
[==========] Running 1 test from 1 test suite.
[----------] 1 test from HvfIntelRecoveryProbe
[ RUN      ] HvfIntelRecoveryProbe.WithoutHostKick
INTEL_PROBE phase=executor_retained
INTEL_RECOVERY host_kick=omitted
INTEL_LIFECYCLE phase=vcpu_destroy_begin generation=214 owner=42432
INTEL_LIFECYCLE phase=vcpu_destroy_end generation=214 owner=42432
INTEL_LIFECYCLE phase=vm_destroy_begin generation=214 owner=42432
INTEL_LIFECYCLE phase=vm_destroy_end generation=214 owner=42432
INTEL_LIFECYCLE phase=vm_create_begin generation=215 owner=42432
INTEL_LIFECYCLE phase=vm_create_end generation=215 owner=42432
INTEL_LIFECYCLE phase=vcpu_create_begin generation=215 owner=42432
INTEL_LIFECYCLE phase=vcpu_create_end generation=215 owner=42432
[       OK ] HvfIntelRecoveryProbe.WithoutHostKick (329 ms)
[----------] 1 test from HvfIntelRecoveryProbe (329 ms total)

[==========] 1 test from 1 test suite ran. (329 ms total)
[  PASSED  ] 1 test.

Repeating all tests (iteration 215) . . .

Note: Google Test filter = HvfIntelRecoveryProbe.WithoutHostKick
[==========] Running 1 test from 1 test suite.
[----------] 1 test from HvfIntelRecoveryProbe
[ RUN      ] HvfIntelRecoveryProbe.WithoutHostKick
INTEL_PROBE phase=executor_retained
INTEL_RECOVERY host_kick=omitted
INTEL_LIFECYCLE phase=vcpu_destroy_begin generation=215 owner=42432
INTEL_LIFECYCLE phase=vcpu_destroy_end generation=215 owner=42432
INTEL_LIFECYCLE phase=vm_destroy_begin generation=215 owner=42432
INTEL_LIFECYCLE phase=vm_destroy_end generation=215 owner=42432
INTEL_LIFECYCLE phase=vm_create_begin generation=216 owner=42432
INTEL_LIFECYCLE phase=vm_create_end generation=216 owner=42432
INTEL_LIFECYCLE phase=vcpu_create_begin generation=216 owner=42432
INTEL_LIFECYCLE phase=vcpu_create_end generation=216 owner=42432
[       OK ] HvfIntelRecoveryProbe.WithoutHostKick (188 ms)
[----------] 1 test from HvfIntelRecoveryProbe (188 ms total)

[==========] 1 test from 1 test suite ran. (188 ms total)
[  PASSED  ] 1 test.

Repeating all tests (iteration 216) . . .

Note: Google Test filter = HvfIntelRecoveryProbe.WithoutHostKick
[==========] Running 1 test from 1 test suite.
[----------] 1 test from HvfIntelRecoveryProbe
[ RUN      ] HvfIntelRecoveryProbe.WithoutHostKick
INTEL_PROBE phase=executor_retained
INTEL_RECOVERY host_kick=omitted
INTEL_LIFECYCLE phase=vcpu_destroy_begin generation=216 owner=42432
INTEL_LIFECYCLE phase=vcpu_destroy_end generation=216 owner=42432
INTEL_LIFECYCLE phase=vm_destroy_begin generation=216 owner=42432
INTEL_LIFECYCLE phase=vm_destroy_end generation=216 owner=42432
INTEL_LIFECYCLE phase=vm_create_begin generation=217 owner=42432
INTEL_LIFECYCLE phase=vm_create_end generation=217 owner=42432
INTEL_LIFECYCLE phase=vcpu_create_begin generation=217 owner=42432
INTEL_LIFECYCLE phase=vcpu_create_end generation=217 owner=42432
[       OK ] HvfIntelRecoveryProbe.WithoutHostKick (292 ms)
[----------] 1 test from HvfIntelRecoveryProbe (292 ms total)

[==========] 1 test from 1 test suite ran. (292 ms total)
[  PASSED  ] 1 test.

Repeating all tests (iteration 217) . . .

Note: Google Test filter = HvfIntelRecoveryProbe.WithoutHostKick
[==========] Running 1 test from 1 test suite.
[----------] 1 test from HvfIntelRecoveryProbe
[ RUN      ] HvfIntelRecoveryProbe.WithoutHostKick
INTEL_PROBE phase=executor_retained
INTEL_RECOVERY host_kick=omitted
INTEL_LIFECYCLE phase=vcpu_destroy_begin generation=217 owner=42432
INTEL_LIFECYCLE phase=vcpu_destroy_end generation=217 owner=42432
INTEL_LIFECYCLE phase=vm_destroy_begin generation=217 owner=42432
INTEL_LIFECYCLE phase=vm_destroy_end generation=217 owner=42432
INTEL_LIFECYCLE phase=vm_create_begin generation=218 owner=42432
INTEL_LIFECYCLE phase=vm_create_end generation=218 owner=42432
INTEL_LIFECYCLE phase=vcpu_create_begin generation=218 owner=42432
INTEL_LIFECYCLE phase=vcpu_create_end generation=218 owner=42432
[       OK ] HvfIntelRecoveryProbe.WithoutHostKick (242 ms)
[----------] 1 test from HvfIntelRecoveryProbe (242 ms total)

[==========] 1 test from 1 test suite ran. (242 ms total)
[  PASSED  ] 1 test.

Repeating all tests (iteration 218) . . .

Note: Google Test filter = HvfIntelRecoveryProbe.WithoutHostKick
[==========] Running 1 test from 1 test suite.
[----------] 1 test from HvfIntelRecoveryProbe
[ RUN      ] HvfIntelRecoveryProbe.WithoutHostKick
INTEL_PROBE phase=executor_retained
INTEL_RECOVERY host_kick=omitted
INTEL_LIFECYCLE phase=vcpu_destroy_begin generation=218 owner=42432
INTEL_LIFECYCLE phase=vcpu_destroy_end generation=218 owner=42432
INTEL_LIFECYCLE phase=vm_destroy_begin generation=218 owner=42432
INTEL_LIFECYCLE phase=vm_destroy_end generation=218 owner=42432
INTEL_LIFECYCLE phase=vm_create_begin generation=219 owner=42432
INTEL_LIFECYCLE phase=vm_create_end generation=219 owner=42432
INTEL_LIFECYCLE phase=vcpu_create_begin generation=219 owner=42432
INTEL_LIFECYCLE phase=vcpu_create_end generation=219 owner=42432
[       OK ] HvfIntelRecoveryProbe.WithoutHostKick (376 ms)
[----------] 1 test from HvfIntelRecoveryProbe (376 ms total)

[==========] 1 test from 1 test suite ran. (376 ms total)
[  PASSED  ] 1 test.

Repeating all tests (iteration 219) . . .

Note: Google Test filter = HvfIntelRecoveryProbe.WithoutHostKick
[==========] Running 1 test from 1 test suite.
[----------] 1 test from HvfIntelRecoveryProbe
[ RUN      ] HvfIntelRecoveryProbe.WithoutHostKick
INTEL_PROBE phase=executor_retained
INTEL_RECOVERY host_kick=omitted
INTEL_LIFECYCLE phase=vcpu_destroy_begin generation=219 owner=42432
INTEL_LIFECYCLE phase=vcpu_destroy_end generation=219 owner=42432
INTEL_LIFECYCLE phase=vm_destroy_begin generation=219 owner=42432
INTEL_LIFECYCLE phase=vm_destroy_end generation=219 owner=42432
INTEL_LIFECYCLE phase=vm_create_begin generation=220 owner=42432
INTEL_LIFECYCLE phase=vm_create_end generation=220 owner=42432
INTEL_LIFECYCLE phase=vcpu_create_begin generation=220 owner=42432
INTEL_LIFECYCLE phase=vcpu_create_end generation=220 owner=42432
[       OK ] HvfIntelRecoveryProbe.WithoutHostKick (186 ms)
[----------] 1 test from HvfIntelRecoveryProbe (186 ms total)

[==========] 1 test from 1 test suite ran. (186 ms total)
[  PASSED  ] 1 test.

Repeating all tests (iteration 220) . . .

Note: Google Test filter = HvfIntelRecoveryProbe.WithoutHostKick
[==========] Running 1 test from 1 test suite.
[----------] 1 test from HvfIntelRecoveryProbe
[ RUN      ] HvfIntelRecoveryProbe.WithoutHostKick
INTEL_PROBE phase=executor_retained
INTEL_RECOVERY host_kick=omitted
INTEL_LIFECYCLE phase=vcpu_destroy_begin generation=220 owner=42432
INTEL_LIFECYCLE phase=vcpu_destroy_end generation=220 owner=42432
INTEL_LIFECYCLE phase=vm_destroy_begin generation=220 owner=42432
INTEL_LIFECYCLE phase=vm_destroy_end generation=220 owner=42432
INTEL_LIFECYCLE phase=vm_create_begin generation=221 owner=42432
INTEL_LIFECYCLE phase=vm_create_end generation=221 owner=42432
INTEL_LIFECYCLE phase=vcpu_create_begin generation=221 owner=42432
INTEL_LIFECYCLE phase=vcpu_create_end generation=221 owner=42432
[       OK ] HvfIntelRecoveryProbe.WithoutHostKick (166 ms)
[----------] 1 test from HvfIntelRecoveryProbe (166 ms total)

[==========] 1 test from 1 test suite ran. (166 ms total)
[  PASSED  ] 1 test.

Repeating all tests (iteration 221) . . .

Note: Google Test filter = HvfIntelRecoveryProbe.WithoutHostKick
[==========] Running 1 test from 1 test suite.
[----------] 1 test from HvfIntelRecoveryProbe
[ RUN      ] HvfIntelRecoveryProbe.WithoutHostKick
INTEL_PROBE phase=executor_retained
INTEL_RECOVERY host_kick=omitted
INTEL_LIFECYCLE phase=vcpu_destroy_begin generation=221 owner=42432
INTEL_LIFECYCLE phase=vcpu_destroy_end generation=221 owner=42432
INTEL_LIFECYCLE phase=vm_destroy_begin generation=221 owner=42432
INTEL_LIFECYCLE phase=vm_destroy_end generation=221 owner=42432
INTEL_LIFECYCLE phase=vm_create_begin generation=222 owner=42432
INTEL_LIFECYCLE phase=vm_create_end generation=222 owner=42432
INTEL_LIFECYCLE phase=vcpu_create_begin generation=222 owner=42432
INTEL_LIFECYCLE phase=vcpu_create_end generation=222 owner=42432
[       OK ] HvfIntelRecoveryProbe.WithoutHostKick (258 ms)
[----------] 1 test from HvfIntelRecoveryProbe (258 ms total)

[==========] 1 test from 1 test suite ran. (258 ms total)
[  PASSED  ] 1 test.

Repeating all tests (iteration 222) . . .

Note: Google Test filter = HvfIntelRecoveryProbe.WithoutHostKick
[==========] Running 1 test from 1 test suite.
[----------] 1 test from HvfIntelRecoveryProbe
[ RUN      ] HvfIntelRecoveryProbe.WithoutHostKick
INTEL_PROBE phase=executor_retained
INTEL_RECOVERY host_kick=omitted
INTEL_LIFECYCLE phase=vcpu_destroy_begin generation=222 owner=42432
INTEL_LIFECYCLE phase=vcpu_destroy_end generation=222 owner=42432
INTEL_LIFECYCLE phase=vm_destroy_begin generation=222 owner=42432
INTEL_LIFECYCLE phase=vm_destroy_end generation=222 owner=42432
INTEL_LIFECYCLE phase=vm_create_begin generation=223 owner=42432
INTEL_LIFECYCLE phase=vm_create_end generation=223 owner=42432
INTEL_LIFECYCLE phase=vcpu_create_begin generation=223 owner=42432
INTEL_LIFECYCLE phase=vcpu_create_end generation=223 owner=42432
[       OK ] HvfIntelRecoveryProbe.WithoutHostKick (296 ms)
[----------] 1 test from HvfIntelRecoveryProbe (297 ms total)

[==========] 1 test from 1 test suite ran. (297 ms total)
[  PASSED  ] 1 test.

Repeating all tests (iteration 223) . . .

Note: Google Test filter = HvfIntelRecoveryProbe.WithoutHostKick
[==========] Running 1 test from 1 test suite.
[----------] 1 test from HvfIntelRecoveryProbe
[ RUN      ] HvfIntelRecoveryProbe.WithoutHostKick
INTEL_PROBE phase=executor_retained
INTEL_RECOVERY host_kick=omitted
INTEL_LIFECYCLE phase=vcpu_destroy_begin generation=223 owner=42432
INTEL_LIFECYCLE phase=vcpu_destroy_end generation=223 owner=42432
INTEL_LIFECYCLE phase=vm_destroy_begin generation=223 owner=42432
INTEL_LIFECYCLE phase=vm_destroy_end generation=223 owner=42432
INTEL_LIFECYCLE phase=vm_create_begin generation=224 owner=42432
INTEL_LIFECYCLE phase=vm_create_end generation=224 owner=42432
INTEL_LIFECYCLE phase=vcpu_create_begin generation=224 owner=42432
INTEL_LIFECYCLE phase=vcpu_create_end generation=224 owner=42432
[       OK ] HvfIntelRecoveryProbe.WithoutHostKick (268 ms)
[----------] 1 test from HvfIntelRecoveryProbe (268 ms total)

[==========] 1 test from 1 test suite ran. (268 ms total)
[  PASSED  ] 1 test.

Repeating all tests (iteration 224) . . .

Note: Google Test filter = HvfIntelRecoveryProbe.WithoutHostKick
[==========] Running 1 test from 1 test suite.
[----------] 1 test from HvfIntelRecoveryProbe
[ RUN      ] HvfIntelRecoveryProbe.WithoutHostKick
INTEL_PROBE phase=executor_retained
INTEL_RECOVERY host_kick=omitted
INTEL_LIFECYCLE phase=vcpu_destroy_begin generation=224 owner=42432
INTEL_LIFECYCLE phase=vcpu_destroy_end generation=224 owner=42432
INTEL_LIFECYCLE phase=vm_destroy_begin generation=224 owner=42432
INTEL_LIFECYCLE phase=vm_destroy_end generation=224 owner=42432
INTEL_LIFECYCLE phase=vm_create_begin generation=225 owner=42432
INTEL_LIFECYCLE phase=vm_create_end generation=225 owner=42432
INTEL_LIFECYCLE phase=vcpu_create_begin generation=225 owner=42432
INTEL_LIFECYCLE phase=vcpu_create_end generation=225 owner=42432
[       OK ] HvfIntelRecoveryProbe.WithoutHostKick (198 ms)
[----------] 1 test from HvfIntelRecoveryProbe (198 ms total)

[==========] 1 test from 1 test suite ran. (199 ms total)
[  PASSED  ] 1 test.

Repeating all tests (iteration 225) . . .

Note: Google Test filter = HvfIntelRecoveryProbe.WithoutHostKick
[==========] Running 1 test from 1 test suite.
[----------] 1 test from HvfIntelRecoveryProbe
[ RUN      ] HvfIntelRecoveryProbe.WithoutHostKick
INTEL_PROBE phase=executor_retained
INTEL_RECOVERY host_kick=omitted
INTEL_LIFECYCLE phase=vcpu_destroy_begin generation=225 owner=42432
INTEL_LIFECYCLE phase=vcpu_destroy_end generation=225 owner=42432
INTEL_LIFECYCLE phase=vm_destroy_begin generation=225 owner=42432
INTEL_LIFECYCLE phase=vm_destroy_end generation=225 owner=42432
INTEL_LIFECYCLE phase=vm_create_begin generation=226 owner=42432
INTEL_LIFECYCLE phase=vm_create_end generation=226 owner=42432
INTEL_LIFECYCLE phase=vcpu_create_begin generation=226 owner=42432
INTEL_LIFECYCLE phase=vcpu_create_end generation=226 owner=42432
[       OK ] HvfIntelRecoveryProbe.WithoutHostKick (295 ms)
[----------] 1 test from HvfIntelRecoveryProbe (295 ms total)

[==========] 1 test from 1 test suite ran. (295 ms total)
[  PASSED  ] 1 test.

Repeating all tests (iteration 226) . . .

Note: Google Test filter = HvfIntelRecoveryProbe.WithoutHostKick
[==========] Running 1 test from 1 test suite.
[----------] 1 test from HvfIntelRecoveryProbe
[ RUN      ] HvfIntelRecoveryProbe.WithoutHostKick
INTEL_PROBE phase=executor_retained
INTEL_RECOVERY host_kick=omitted
INTEL_LIFECYCLE phase=vcpu_destroy_begin generation=226 owner=42432
INTEL_LIFECYCLE phase=vcpu_destroy_end generation=226 owner=42432
INTEL_LIFECYCLE phase=vm_destroy_begin generation=226 owner=42432
INTEL_LIFECYCLE phase=vm_destroy_end generation=226 owner=42432
INTEL_LIFECYCLE phase=vm_create_begin generation=227 owner=42432
INTEL_LIFECYCLE phase=vm_create_end generation=227 owner=42432
INTEL_LIFECYCLE phase=vcpu_create_begin generation=227 owner=42432
INTEL_LIFECYCLE phase=vcpu_create_end generation=227 owner=42432
[       OK ] HvfIntelRecoveryProbe.WithoutHostKick (224 ms)
[----------] 1 test from HvfIntelRecoveryProbe (224 ms total)

[==========] 1 test from 1 test suite ran. (225 ms total)
[  PASSED  ] 1 test.

Repeating all tests (iteration 227) . . .

Note: Google Test filter = HvfIntelRecoveryProbe.WithoutHostKick
[==========] Running 1 test from 1 test suite.
[----------] 1 test from HvfIntelRecoveryProbe
[ RUN      ] HvfIntelRecoveryProbe.WithoutHostKick
INTEL_PROBE phase=executor_retained
INTEL_RECOVERY host_kick=omitted
INTEL_LIFECYCLE phase=vcpu_destroy_begin generation=227 owner=42432
INTEL_LIFECYCLE phase=vcpu_destroy_end generation=227 owner=42432
INTEL_LIFECYCLE phase=vm_destroy_begin generation=227 owner=42432
INTEL_LIFECYCLE phase=vm_destroy_end generation=227 owner=42432
INTEL_LIFECYCLE phase=vm_create_begin generation=228 owner=42432
INTEL_LIFECYCLE phase=vm_create_end generation=228 owner=42432
INTEL_LIFECYCLE phase=vcpu_create_begin generation=228 owner=42432
INTEL_LIFECYCLE phase=vcpu_create_end generation=228 owner=42432
[       OK ] HvfIntelRecoveryProbe.WithoutHostKick (244 ms)
[----------] 1 test from HvfIntelRecoveryProbe (244 ms total)

[==========] 1 test from 1 test suite ran. (244 ms total)
[  PASSED  ] 1 test.

Repeating all tests (iteration 228) . . .

Note: Google Test filter = HvfIntelRecoveryProbe.WithoutHostKick
[==========] Running 1 test from 1 test suite.
[----------] 1 test from HvfIntelRecoveryProbe
[ RUN      ] HvfIntelRecoveryProbe.WithoutHostKick
INTEL_PROBE phase=executor_retained
INTEL_RECOVERY host_kick=omitted
INTEL_LIFECYCLE phase=vcpu_destroy_begin generation=228 owner=42432
INTEL_LIFECYCLE phase=vcpu_destroy_end generation=228 owner=42432
INTEL_LIFECYCLE phase=vm_destroy_begin generation=228 owner=42432
INTEL_LIFECYCLE phase=vm_destroy_end generation=228 owner=42432
INTEL_LIFECYCLE phase=vm_create_begin generation=229 owner=42432
INTEL_LIFECYCLE phase=vm_create_end generation=229 owner=42432
INTEL_LIFECYCLE phase=vcpu_create_begin generation=229 owner=42432
INTEL_LIFECYCLE phase=vcpu_create_end generation=229 owner=42432
[       OK ] HvfIntelRecoveryProbe.WithoutHostKick (281 ms)
[----------] 1 test from HvfIntelRecoveryProbe (281 ms total)

[==========] 1 test from 1 test suite ran. (281 ms total)
[  PASSED  ] 1 test.

Repeating all tests (iteration 229) . . .

Note: Google Test filter = HvfIntelRecoveryProbe.WithoutHostKick
[==========] Running 1 test from 1 test suite.
[----------] 1 test from HvfIntelRecoveryProbe
[ RUN      ] HvfIntelRecoveryProbe.WithoutHostKick
INTEL_PROBE phase=executor_retained
INTEL_RECOVERY host_kick=omitted
INTEL_LIFECYCLE phase=vcpu_destroy_begin generation=229 owner=42432
INTEL_LIFECYCLE phase=vcpu_destroy_end generation=229 owner=42432
INTEL_LIFECYCLE phase=vm_destroy_begin generation=229 owner=42432
INTEL_LIFECYCLE phase=vm_destroy_end generation=229 owner=42432
INTEL_LIFECYCLE phase=vm_create_begin generation=230 owner=42432
INTEL_LIFECYCLE phase=vm_create_end generation=230 owner=42432
INTEL_LIFECYCLE phase=vcpu_create_begin generation=230 owner=42432
INTEL_LIFECYCLE phase=vcpu_create_end generation=230 owner=42432
[       OK ] HvfIntelRecoveryProbe.WithoutHostKick (204 ms)
[----------] 1 test from HvfIntelRecoveryProbe (204 ms total)

[==========] 1 test from 1 test suite ran. (204 ms total)
[  PASSED  ] 1 test.

Repeating all tests (iteration 230) . . .

Note: Google Test filter = HvfIntelRecoveryProbe.WithoutHostKick
[==========] Running 1 test from 1 test suite.
[----------] 1 test from HvfIntelRecoveryProbe
[ RUN      ] HvfIntelRecoveryProbe.WithoutHostKick
INTEL_PROBE phase=executor_retained
INTEL_RECOVERY host_kick=omitted
INTEL_LIFECYCLE phase=vcpu_destroy_begin generation=230 owner=42432
INTEL_LIFECYCLE phase=vcpu_destroy_end generation=230 owner=42432
INTEL_LIFECYCLE phase=vm_destroy_begin generation=230 owner=42432
INTEL_LIFECYCLE phase=vm_destroy_end generation=230 owner=42432
INTEL_LIFECYCLE phase=vm_create_begin generation=231 owner=42432
INTEL_LIFECYCLE phase=vm_create_end generation=231 owner=42432
INTEL_LIFECYCLE phase=vcpu_create_begin generation=231 owner=42432
INTEL_LIFECYCLE phase=vcpu_create_end generation=231 owner=42432
[       OK ] HvfIntelRecoveryProbe.WithoutHostKick (196 ms)
[----------] 1 test from HvfIntelRecoveryProbe (196 ms total)

[==========] 1 test from 1 test suite ran. (196 ms total)
[  PASSED  ] 1 test.

Repeating all tests (iteration 231) . . .

Note: Google Test filter = HvfIntelRecoveryProbe.WithoutHostKick
[==========] Running 1 test from 1 test suite.
[----------] 1 test from HvfIntelRecoveryProbe
[ RUN      ] HvfIntelRecoveryProbe.WithoutHostKick
INTEL_PROBE phase=executor_retained
INTEL_RECOVERY host_kick=omitted
INTEL_LIFECYCLE phase=vcpu_destroy_begin generation=231 owner=42432
INTEL_LIFECYCLE phase=vcpu_destroy_end generation=231 owner=42432
INTEL_LIFECYCLE phase=vm_destroy_begin generation=231 owner=42432
INTEL_LIFECYCLE phase=vm_destroy_end generation=231 owner=42432
INTEL_LIFECYCLE phase=vm_create_begin generation=232 owner=42432
INTEL_LIFECYCLE phase=vm_create_end generation=232 owner=42432
INTEL_LIFECYCLE phase=vcpu_create_begin generation=232 owner=42432
INTEL_LIFECYCLE phase=vcpu_create_end generation=232 owner=42432
[       OK ] HvfIntelRecoveryProbe.WithoutHostKick (304 ms)
[----------] 1 test from HvfIntelRecoveryProbe (304 ms total)

[==========] 1 test from 1 test suite ran. (304 ms total)
[  PASSED  ] 1 test.

Repeating all tests (iteration 232) . . .

Note: Google Test filter = HvfIntelRecoveryProbe.WithoutHostKick
[==========] Running 1 test from 1 test suite.
[----------] 1 test from HvfIntelRecoveryProbe
[ RUN      ] HvfIntelRecoveryProbe.WithoutHostKick
INTEL_PROBE phase=executor_retained
INTEL_RECOVERY host_kick=omitted
INTEL_LIFECYCLE phase=vcpu_destroy_begin generation=232 owner=42432
INTEL_LIFECYCLE phase=vcpu_destroy_end generation=232 owner=42432
INTEL_LIFECYCLE phase=vm_destroy_begin generation=232 owner=42432
INTEL_LIFECYCLE phase=vm_destroy_end generation=232 owner=42432
INTEL_LIFECYCLE phase=vm_create_begin generation=233 owner=42432
INTEL_LIFECYCLE phase=vm_create_end generation=233 owner=42432
INTEL_LIFECYCLE phase=vcpu_create_begin generation=233 owner=42432
INTEL_LIFECYCLE phase=vcpu_create_end generation=233 owner=42432
[       OK ] HvfIntelRecoveryProbe.WithoutHostKick (323 ms)
[----------] 1 test from HvfIntelRecoveryProbe (323 ms total)

[==========] 1 test from 1 test suite ran. (323 ms total)
[  PASSED  ] 1 test.

Repeating all tests (iteration 233) . . .

Note: Google Test filter = HvfIntelRecoveryProbe.WithoutHostKick
[==========] Running 1 test from 1 test suite.
[----------] 1 test from HvfIntelRecoveryProbe
[ RUN      ] HvfIntelRecoveryProbe.WithoutHostKick
INTEL_PROBE phase=executor_retained
INTEL_RECOVERY host_kick=omitted
INTEL_LIFECYCLE phase=vcpu_destroy_begin generation=233 owner=42432
INTEL_LIFECYCLE phase=vcpu_destroy_end generation=233 owner=42432
INTEL_LIFECYCLE phase=vm_destroy_begin generation=233 owner=42432
INTEL_LIFECYCLE phase=vm_destroy_end generation=233 owner=42432
INTEL_LIFECYCLE phase=vm_create_begin generation=234 owner=42432
INTEL_LIFECYCLE phase=vm_create_end generation=234 owner=42432
INTEL_LIFECYCLE phase=vcpu_create_begin generation=234 owner=42432
INTEL_LIFECYCLE phase=vcpu_create_end generation=234 owner=42432
[       OK ] HvfIntelRecoveryProbe.WithoutHostKick (269 ms)
[----------] 1 test from HvfIntelRecoveryProbe (269 ms total)

[==========] 1 test from 1 test suite ran. (269 ms total)
[  PASSED  ] 1 test.

Repeating all tests (iteration 234) . . .

Note: Google Test filter = HvfIntelRecoveryProbe.WithoutHostKick
[==========] Running 1 test from 1 test suite.
[----------] 1 test from HvfIntelRecoveryProbe
[ RUN      ] HvfIntelRecoveryProbe.WithoutHostKick
INTEL_PROBE phase=executor_retained
INTEL_RECOVERY host_kick=omitted
INTEL_LIFECYCLE phase=vcpu_destroy_begin generation=234 owner=42432
INTEL_LIFECYCLE phase=vcpu_destroy_end generation=234 owner=42432
INTEL_LIFECYCLE phase=vm_destroy_begin generation=234 owner=42432
INTEL_LIFECYCLE phase=vm_destroy_end generation=234 owner=42432
INTEL_LIFECYCLE phase=vm_create_begin generation=235 owner=42432
INTEL_LIFECYCLE phase=vm_create_end generation=235 owner=42432
INTEL_LIFECYCLE phase=vcpu_create_begin generation=235 owner=42432
INTEL_LIFECYCLE phase=vcpu_create_end generation=235 owner=42432
[       OK ] HvfIntelRecoveryProbe.WithoutHostKick (273 ms)
[----------] 1 test from HvfIntelRecoveryProbe (273 ms total)

[==========] 1 test from 1 test suite ran. (274 ms total)
[  PASSED  ] 1 test.

Repeating all tests (iteration 235) . . .

Note: Google Test filter = HvfIntelRecoveryProbe.WithoutHostKick
[==========] Running 1 test from 1 test suite.
[----------] 1 test from HvfIntelRecoveryProbe
[ RUN      ] HvfIntelRecoveryProbe.WithoutHostKick
INTEL_PROBE phase=executor_retained
INTEL_RECOVERY host_kick=omitted
INTEL_LIFECYCLE phase=vcpu_destroy_begin generation=235 owner=42432
INTEL_LIFECYCLE phase=vcpu_destroy_end generation=235 owner=42432
INTEL_LIFECYCLE phase=vm_destroy_begin generation=235 owner=42432
INTEL_LIFECYCLE phase=vm_destroy_end generation=235 owner=42432
INTEL_LIFECYCLE phase=vm_create_begin generation=236 owner=42432
INTEL_LIFECYCLE phase=vm_create_end generation=236 owner=42432
INTEL_LIFECYCLE phase=vcpu_create_begin generation=236 owner=42432
INTEL_LIFECYCLE phase=vcpu_create_end generation=236 owner=42432
[       OK ] HvfIntelRecoveryProbe.WithoutHostKick (136 ms)
[----------] 1 test from HvfIntelRecoveryProbe (136 ms total)

[==========] 1 test from 1 test suite ran. (136 ms total)
[  PASSED  ] 1 test.

Repeating all tests (iteration 236) . . .

Note: Google Test filter = HvfIntelRecoveryProbe.WithoutHostKick
[==========] Running 1 test from 1 test suite.
[----------] 1 test from HvfIntelRecoveryProbe
[ RUN      ] HvfIntelRecoveryProbe.WithoutHostKick
INTEL_PROBE phase=executor_retained
INTEL_RECOVERY host_kick=omitted
INTEL_LIFECYCLE phase=vcpu_destroy_begin generation=236 owner=42432
INTEL_LIFECYCLE phase=vcpu_destroy_end generation=236 owner=42432
INTEL_LIFECYCLE phase=vm_destroy_begin generation=236 owner=42432
INTEL_LIFECYCLE phase=vm_destroy_end generation=236 owner=42432
INTEL_LIFECYCLE phase=vm_create_begin generation=237 owner=42432
INTEL_LIFECYCLE phase=vm_create_end generation=237 owner=42432
INTEL_LIFECYCLE phase=vcpu_create_begin generation=237 owner=42432
INTEL_LIFECYCLE phase=vcpu_create_end generation=237 owner=42432
[       OK ] HvfIntelRecoveryProbe.WithoutHostKick (206 ms)
[----------] 1 test from HvfIntelRecoveryProbe (206 ms total)

[==========] 1 test from 1 test suite ran. (206 ms total)
[  PASSED  ] 1 test.

Repeating all tests (iteration 237) . . .

Note: Google Test filter = HvfIntelRecoveryProbe.WithoutHostKick
[==========] Running 1 test from 1 test suite.
[----------] 1 test from HvfIntelRecoveryProbe
[ RUN      ] HvfIntelRecoveryProbe.WithoutHostKick
INTEL_PROBE phase=executor_retained
INTEL_RECOVERY host_kick=omitted
INTEL_LIFECYCLE phase=vcpu_destroy_begin generation=237 owner=42432
INTEL_LIFECYCLE phase=vcpu_destroy_end generation=237 owner=42432
INTEL_LIFECYCLE phase=vm_destroy_begin generation=237 owner=42432
INTEL_LIFECYCLE phase=vm_destroy_end generation=237 owner=42432
INTEL_LIFECYCLE phase=vm_create_begin generation=238 owner=42432
INTEL_LIFECYCLE phase=vm_create_end generation=238 owner=42432
INTEL_LIFECYCLE phase=vcpu_create_begin generation=238 owner=42432
INTEL_LIFECYCLE phase=vcpu_create_end generation=238 owner=42432
[       OK ] HvfIntelRecoveryProbe.WithoutHostKick (171 ms)
[----------] 1 test from HvfIntelRecoveryProbe (171 ms total)

[==========] 1 test from 1 test suite ran. (171 ms total)
[  PASSED  ] 1 test.

Repeating all tests (iteration 238) . . .

Note: Google Test filter = HvfIntelRecoveryProbe.WithoutHostKick
[==========] Running 1 test from 1 test suite.
[----------] 1 test from HvfIntelRecoveryProbe
[ RUN      ] HvfIntelRecoveryProbe.WithoutHostKick
INTEL_PROBE phase=executor_retained
INTEL_RECOVERY host_kick=omitted
INTEL_LIFECYCLE phase=vcpu_destroy_begin generation=238 owner=42432
INTEL_LIFECYCLE phase=vcpu_destroy_end generation=238 owner=42432
INTEL_LIFECYCLE phase=vm_destroy_begin generation=238 owner=42432
INTEL_LIFECYCLE phase=vm_destroy_end generation=238 owner=42432
INTEL_LIFECYCLE phase=vm_create_begin generation=239 owner=42432
INTEL_LIFECYCLE phase=vm_create_end generation=239 owner=42432
INTEL_LIFECYCLE phase=vcpu_create_begin generation=239 owner=42432
INTEL_LIFECYCLE phase=vcpu_create_end generation=239 owner=42432
[       OK ] HvfIntelRecoveryProbe.WithoutHostKick (235 ms)
[----------] 1 test from HvfIntelRecoveryProbe (235 ms total)

[==========] 1 test from 1 test suite ran. (235 ms total)
[  PASSED  ] 1 test.

Repeating all tests (iteration 239) . . .

Note: Google Test filter = HvfIntelRecoveryProbe.WithoutHostKick
[==========] Running 1 test from 1 test suite.
[----------] 1 test from HvfIntelRecoveryProbe
[ RUN      ] HvfIntelRecoveryProbe.WithoutHostKick
INTEL_PROBE phase=executor_retained
INTEL_RECOVERY host_kick=omitted
INTEL_LIFECYCLE phase=vcpu_destroy_begin generation=239 owner=42432
INTEL_LIFECYCLE phase=vcpu_destroy_end generation=239 owner=42432
INTEL_LIFECYCLE phase=vm_destroy_begin generation=239 owner=42432
INTEL_LIFECYCLE phase=vm_destroy_end generation=239 owner=42432
INTEL_LIFECYCLE phase=vm_create_begin generation=240 owner=42432
INTEL_LIFECYCLE phase=vm_create_end generation=240 owner=42432
INTEL_LIFECYCLE phase=vcpu_create_begin generation=240 owner=42432
INTEL_LIFECYCLE phase=vcpu_create_end generation=240 owner=42432
[       OK ] HvfIntelRecoveryProbe.WithoutHostKick (235 ms)
[----------] 1 test from HvfIntelRecoveryProbe (235 ms total)

[==========] 1 test from 1 test suite ran. (235 ms total)
[  PASSED  ] 1 test.

Repeating all tests (iteration 240) . . .

Note: Google Test filter = HvfIntelRecoveryProbe.WithoutHostKick
[==========] Running 1 test from 1 test suite.
[----------] 1 test from HvfIntelRecoveryProbe
[ RUN      ] HvfIntelRecoveryProbe.WithoutHostKick
INTEL_PROBE phase=executor_retained
INTEL_RECOVERY host_kick=omitted
INTEL_LIFECYCLE phase=vcpu_destroy_begin generation=240 owner=42432
INTEL_LIFECYCLE phase=vcpu_destroy_end generation=240 owner=42432
INTEL_LIFECYCLE phase=vm_destroy_begin generation=240 owner=42432
INTEL_LIFECYCLE phase=vm_destroy_end generation=240 owner=42432
INTEL_LIFECYCLE phase=vm_create_begin generation=241 owner=42432
INTEL_LIFECYCLE phase=vm_create_end generation=241 owner=42432
INTEL_LIFECYCLE phase=vcpu_create_begin generation=241 owner=42432
INTEL_LIFECYCLE phase=vcpu_create_end generation=241 owner=42432
[       OK ] HvfIntelRecoveryProbe.WithoutHostKick (295 ms)
[----------] 1 test from HvfIntelRecoveryProbe (295 ms total)

[==========] 1 test from 1 test suite ran. (295 ms total)
[  PASSED  ] 1 test.

Repeating all tests (iteration 241) . . .

Note: Google Test filter = HvfIntelRecoveryProbe.WithoutHostKick
[==========] Running 1 test from 1 test suite.
[----------] 1 test from HvfIntelRecoveryProbe
[ RUN      ] HvfIntelRecoveryProbe.WithoutHostKick
INTEL_PROBE phase=executor_retained
INTEL_RECOVERY host_kick=omitted
INTEL_LIFECYCLE phase=vcpu_destroy_begin generation=241 owner=42432
INTEL_LIFECYCLE phase=vcpu_destroy_end generation=241 owner=42432
INTEL_LIFECYCLE phase=vm_destroy_begin generation=241 owner=42432
INTEL_LIFECYCLE phase=vm_destroy_end generation=241 owner=42432
INTEL_LIFECYCLE phase=vm_create_begin generation=242 owner=42432
INTEL_LIFECYCLE phase=vm_create_end generation=242 owner=42432
INTEL_LIFECYCLE phase=vcpu_create_begin generation=242 owner=42432
INTEL_LIFECYCLE phase=vcpu_create_end generation=242 owner=42432
[       OK ] HvfIntelRecoveryProbe.WithoutHostKick (128 ms)
[----------] 1 test from HvfIntelRecoveryProbe (128 ms total)

[==========] 1 test from 1 test suite ran. (128 ms total)
[  PASSED  ] 1 test.

Repeating all tests (iteration 242) . . .

Note: Google Test filter = HvfIntelRecoveryProbe.WithoutHostKick
[==========] Running 1 test from 1 test suite.
[----------] 1 test from HvfIntelRecoveryProbe
[ RUN      ] HvfIntelRecoveryProbe.WithoutHostKick
INTEL_PROBE phase=executor_retained
INTEL_RECOVERY host_kick=omitted
INTEL_LIFECYCLE phase=vcpu_destroy_begin generation=242 owner=42432
INTEL_LIFECYCLE phase=vcpu_destroy_end generation=242 owner=42432
INTEL_LIFECYCLE phase=vm_destroy_begin generation=242 owner=42432
INTEL_LIFECYCLE phase=vm_destroy_end generation=242 owner=42432
INTEL_LIFECYCLE phase=vm_create_begin generation=243 owner=42432
INTEL_LIFECYCLE phase=vm_create_end generation=243 owner=42432
INTEL_LIFECYCLE phase=vcpu_create_begin generation=243 owner=42432
INTEL_LIFECYCLE phase=vcpu_create_end generation=243 owner=42432
[       OK ] HvfIntelRecoveryProbe.WithoutHostKick (169 ms)
[----------] 1 test from HvfIntelRecoveryProbe (170 ms total)

[==========] 1 test from 1 test suite ran. (170 ms total)
[  PASSED  ] 1 test.

Repeating all tests (iteration 243) . . .

Note: Google Test filter = HvfIntelRecoveryProbe.WithoutHostKick
[==========] Running 1 test from 1 test suite.
[----------] 1 test from HvfIntelRecoveryProbe
[ RUN      ] HvfIntelRecoveryProbe.WithoutHostKick
INTEL_PROBE phase=executor_retained
INTEL_RECOVERY host_kick=omitted
INTEL_LIFECYCLE phase=vcpu_destroy_begin generation=243 owner=42432
INTEL_LIFECYCLE phase=vcpu_destroy_end generation=243 owner=42432
INTEL_LIFECYCLE phase=vm_destroy_begin generation=243 owner=42432
INTEL_LIFECYCLE phase=vm_destroy_end generation=243 owner=42432
INTEL_LIFECYCLE phase=vm_create_begin generation=244 owner=42432
INTEL_LIFECYCLE phase=vm_create_end generation=244 owner=42432
INTEL_LIFECYCLE phase=vcpu_create_begin generation=244 owner=42432
INTEL_LIFECYCLE phase=vcpu_create_end generation=244 owner=42432
[       OK ] HvfIntelRecoveryProbe.WithoutHostKick (200 ms)
[----------] 1 test from HvfIntelRecoveryProbe (200 ms total)

[==========] 1 test from 1 test suite ran. (200 ms total)
[  PASSED  ] 1 test.

Repeating all tests (iteration 244) . . .

Note: Google Test filter = HvfIntelRecoveryProbe.WithoutHostKick
[==========] Running 1 test from 1 test suite.
[----------] 1 test from HvfIntelRecoveryProbe
[ RUN      ] HvfIntelRecoveryProbe.WithoutHostKick
INTEL_PROBE phase=executor_retained
INTEL_RECOVERY host_kick=omitted
INTEL_LIFECYCLE phase=vcpu_destroy_begin generation=244 owner=42432
INTEL_LIFECYCLE phase=vcpu_destroy_end generation=244 owner=42432
INTEL_LIFECYCLE phase=vm_destroy_begin generation=244 owner=42432
INTEL_LIFECYCLE phase=vm_destroy_end generation=244 owner=42432
INTEL_LIFECYCLE phase=vm_create_begin generation=245 owner=42432
INTEL_LIFECYCLE phase=vm_create_end generation=245 owner=42432
INTEL_LIFECYCLE phase=vcpu_create_begin generation=245 owner=42432
INTEL_LIFECYCLE phase=vcpu_create_end generation=245 owner=42432
[       OK ] HvfIntelRecoveryProbe.WithoutHostKick (251 ms)
[----------] 1 test from HvfIntelRecoveryProbe (251 ms total)

[==========] 1 test from 1 test suite ran. (252 ms total)
[  PASSED  ] 1 test.

Repeating all tests (iteration 245) . . .

Note: Google Test filter = HvfIntelRecoveryProbe.WithoutHostKick
[==========] Running 1 test from 1 test suite.
[----------] 1 test from HvfIntelRecoveryProbe
[ RUN      ] HvfIntelRecoveryProbe.WithoutHostKick
INTEL_PROBE phase=executor_retained
INTEL_RECOVERY host_kick=omitted
INTEL_LIFECYCLE phase=vcpu_destroy_begin generation=245 owner=42432
INTEL_LIFECYCLE phase=vcpu_destroy_end generation=245 owner=42432
INTEL_LIFECYCLE phase=vm_destroy_begin generation=245 owner=42432
INTEL_LIFECYCLE phase=vm_destroy_end generation=245 owner=42432
INTEL_LIFECYCLE phase=vm_create_begin generation=246 owner=42432
INTEL_LIFECYCLE phase=vm_create_end generation=246 owner=42432
INTEL_LIFECYCLE phase=vcpu_create_begin generation=246 owner=42432
INTEL_LIFECYCLE phase=vcpu_create_end generation=246 owner=42432
[       OK ] HvfIntelRecoveryProbe.WithoutHostKick (215 ms)
[----------] 1 test from HvfIntelRecoveryProbe (215 ms total)

[==========] 1 test from 1 test suite ran. (215 ms total)
[  PASSED  ] 1 test.

Repeating all tests (iteration 246) . . .

Note: Google Test filter = HvfIntelRecoveryProbe.WithoutHostKick
[==========] Running 1 test from 1 test suite.
[----------] 1 test from HvfIntelRecoveryProbe
[ RUN      ] HvfIntelRecoveryProbe.WithoutHostKick
INTEL_PROBE phase=executor_retained
INTEL_RECOVERY host_kick=omitted
INTEL_LIFECYCLE phase=vcpu_destroy_begin generation=246 owner=42432
INTEL_LIFECYCLE phase=vcpu_destroy_end generation=246 owner=42432
INTEL_LIFECYCLE phase=vm_destroy_begin generation=246 owner=42432
INTEL_LIFECYCLE phase=vm_destroy_end generation=246 owner=42432
INTEL_LIFECYCLE phase=vm_create_begin generation=247 owner=42432
INTEL_LIFECYCLE phase=vm_create_end generation=247 owner=42432
INTEL_LIFECYCLE phase=vcpu_create_begin generation=247 owner=42432
INTEL_LIFECYCLE phase=vcpu_create_end generation=247 owner=42432
[       OK ] HvfIntelRecoveryProbe.WithoutHostKick (255 ms)
[----------] 1 test from HvfIntelRecoveryProbe (255 ms total)

[==========] 1 test from 1 test suite ran. (256 ms total)
[  PASSED  ] 1 test.

Repeating all tests (iteration 247) . . .

Note: Google Test filter = HvfIntelRecoveryProbe.WithoutHostKick
[==========] Running 1 test from 1 test suite.
[----------] 1 test from HvfIntelRecoveryProbe
[ RUN      ] HvfIntelRecoveryProbe.WithoutHostKick
INTEL_PROBE phase=executor_retained
INTEL_RECOVERY host_kick=omitted
INTEL_LIFECYCLE phase=vcpu_destroy_begin generation=247 owner=42432
INTEL_LIFECYCLE phase=vcpu_destroy_end generation=247 owner=42432
INTEL_LIFECYCLE phase=vm_destroy_begin generation=247 owner=42432
INTEL_LIFECYCLE phase=vm_destroy_end generation=247 owner=42432
INTEL_LIFECYCLE phase=vm_create_begin generation=248 owner=42432
INTEL_LIFECYCLE phase=vm_create_end generation=248 owner=42432
INTEL_LIFECYCLE phase=vcpu_create_begin generation=248 owner=42432
INTEL_LIFECYCLE phase=vcpu_create_end generation=248 owner=42432
[       OK ] HvfIntelRecoveryProbe.WithoutHostKick (393 ms)
[----------] 1 test from HvfIntelRecoveryProbe (393 ms total)

[==========] 1 test from 1 test suite ran. (393 ms total)
[  PASSED  ] 1 test.

Repeating all tests (iteration 248) . . .

Note: Google Test filter = HvfIntelRecoveryProbe.WithoutHostKick
[==========] Running 1 test from 1 test suite.
[----------] 1 test from HvfIntelRecoveryProbe
[ RUN      ] HvfIntelRecoveryProbe.WithoutHostKick
INTEL_PROBE phase=executor_retained
INTEL_RECOVERY host_kick=omitted
INTEL_LIFECYCLE phase=vcpu_destroy_begin generation=248 owner=42432
INTEL_LIFECYCLE phase=vcpu_destroy_end generation=248 owner=42432
INTEL_LIFECYCLE phase=vm_destroy_begin generation=248 owner=42432
INTEL_LIFECYCLE phase=vm_destroy_end generation=248 owner=42432
INTEL_LIFECYCLE phase=vm_create_begin generation=249 owner=42432
INTEL_LIFECYCLE phase=vm_create_end generation=249 owner=42432
INTEL_LIFECYCLE phase=vcpu_create_begin generation=249 owner=42432
INTEL_LIFECYCLE phase=vcpu_create_end generation=249 owner=42432
[       OK ] HvfIntelRecoveryProbe.WithoutHostKick (252 ms)
[----------] 1 test from HvfIntelRecoveryProbe (252 ms total)

[==========] 1 test from 1 test suite ran. (252 ms total)
[  PASSED  ] 1 test.

Repeating all tests (iteration 249) . . .

Note: Google Test filter = HvfIntelRecoveryProbe.WithoutHostKick
[==========] Running 1 test from 1 test suite.
[----------] 1 test from HvfIntelRecoveryProbe
[ RUN      ] HvfIntelRecoveryProbe.WithoutHostKick
INTEL_PROBE phase=executor_retained
INTEL_RECOVERY host_kick=omitted
INTEL_LIFECYCLE phase=vcpu_destroy_begin generation=249 owner=42432
INTEL_LIFECYCLE phase=vcpu_destroy_end generation=249 owner=42432
INTEL_LIFECYCLE phase=vm_destroy_begin generation=249 owner=42432
INTEL_LIFECYCLE phase=vm_destroy_end generation=249 owner=42432
INTEL_LIFECYCLE phase=vm_create_begin generation=250 owner=42432
INTEL_LIFECYCLE phase=vm_create_end generation=250 owner=42432
INTEL_LIFECYCLE phase=vcpu_create_begin generation=250 owner=42432
INTEL_LIFECYCLE phase=vcpu_create_end generation=250 owner=42432
[       OK ] HvfIntelRecoveryProbe.WithoutHostKick (225 ms)
[----------] 1 test from HvfIntelRecoveryProbe (225 ms total)

[==========] 1 test from 1 test suite ran. (225 ms total)
[  PASSED  ] 1 test.

Repeating all tests (iteration 250) . . .

Note: Google Test filter = HvfIntelRecoveryProbe.WithoutHostKick
[==========] Running 1 test from 1 test suite.
[----------] 1 test from HvfIntelRecoveryProbe
[ RUN      ] HvfIntelRecoveryProbe.WithoutHostKick
INTEL_PROBE phase=executor_retained
INTEL_RECOVERY host_kick=omitted
INTEL_LIFECYCLE phase=vcpu_destroy_begin generation=250 owner=42432
INTEL_LIFECYCLE phase=vcpu_destroy_end generation=250 owner=42432
INTEL_LIFECYCLE phase=vm_destroy_begin generation=250 owner=42432
INTEL_LIFECYCLE phase=vm_destroy_end generation=250 owner=42432
INTEL_LIFECYCLE phase=vm_create_begin generation=251 owner=42432
INTEL_LIFECYCLE phase=vm_create_end generation=251 owner=42432
INTEL_LIFECYCLE phase=vcpu_create_begin generation=251 owner=42432
INTEL_LIFECYCLE phase=vcpu_create_end generation=251 owner=42432
[       OK ] HvfIntelRecoveryProbe.WithoutHostKick (137 ms)
[----------] 1 test from HvfIntelRecoveryProbe (137 ms total)

[==========] 1 test from 1 test suite ran. (137 ms total)
[  PASSED  ] 1 test.

Repeating all tests (iteration 251) . . .

Note: Google Test filter = HvfIntelRecoveryProbe.WithoutHostKick
[==========] Running 1 test from 1 test suite.
[----------] 1 test from HvfIntelRecoveryProbe
[ RUN      ] HvfIntelRecoveryProbe.WithoutHostKick
INTEL_PROBE phase=executor_retained
INTEL_RECOVERY host_kick=omitted
INTEL_LIFECYCLE phase=vcpu_destroy_begin generation=251 owner=42432
INTEL_LIFECYCLE phase=vcpu_destroy_end generation=251 owner=42432
INTEL_LIFECYCLE phase=vm_destroy_begin generation=251 owner=42432
INTEL_LIFECYCLE phase=vm_destroy_end generation=251 owner=42432
INTEL_LIFECYCLE phase=vm_create_begin generation=252 owner=42432
INTEL_LIFECYCLE phase=vm_create_end generation=252 owner=42432
INTEL_LIFECYCLE phase=vcpu_create_begin generation=252 owner=42432
INTEL_LIFECYCLE phase=vcpu_create_end generation=252 owner=42432
[       OK ] HvfIntelRecoveryProbe.WithoutHostKick (239 ms)
[----------] 1 test from HvfIntelRecoveryProbe (239 ms total)

[==========] 1 test from 1 test suite ran. (239 ms total)
[  PASSED  ] 1 test.

Repeating all tests (iteration 252) . . .

Note: Google Test filter = HvfIntelRecoveryProbe.WithoutHostKick
[==========] Running 1 test from 1 test suite.
[----------] 1 test from HvfIntelRecoveryProbe
[ RUN      ] HvfIntelRecoveryProbe.WithoutHostKick
INTEL_PROBE phase=executor_retained
INTEL_RECOVERY host_kick=omitted
INTEL_LIFECYCLE phase=vcpu_destroy_begin generation=252 owner=42432
INTEL_LIFECYCLE phase=vcpu_destroy_end generation=252 owner=42432
INTEL_LIFECYCLE phase=vm_destroy_begin generation=252 owner=42432
INTEL_LIFECYCLE phase=vm_destroy_end generation=252 owner=42432
INTEL_LIFECYCLE phase=vm_create_begin generation=253 owner=42432
INTEL_LIFECYCLE phase=vm_create_end generation=253 owner=42432
INTEL_LIFECYCLE phase=vcpu_create_begin generation=253 owner=42432
INTEL_LIFECYCLE phase=vcpu_create_end generation=253 owner=42432
[       OK ] HvfIntelRecoveryProbe.WithoutHostKick (334 ms)
[----------] 1 test from HvfIntelRecoveryProbe (334 ms total)

[==========] 1 test from 1 test suite ran. (334 ms total)
[  PASSED  ] 1 test.

Repeating all tests (iteration 253) . . .

Note: Google Test filter = HvfIntelRecoveryProbe.WithoutHostKick
[==========] Running 1 test from 1 test suite.
[----------] 1 test from HvfIntelRecoveryProbe
[ RUN      ] HvfIntelRecoveryProbe.WithoutHostKick
INTEL_PROBE phase=executor_retained
INTEL_RECOVERY host_kick=omitted
INTEL_LIFECYCLE phase=vcpu_destroy_begin generation=253 owner=42432
INTEL_LIFECYCLE phase=vcpu_destroy_end generation=253 owner=42432
INTEL_LIFECYCLE phase=vm_destroy_begin generation=253 owner=42432
INTEL_LIFECYCLE phase=vm_destroy_end generation=253 owner=42432
INTEL_LIFECYCLE phase=vm_create_begin generation=254 owner=42432
INTEL_LIFECYCLE phase=vm_create_end generation=254 owner=42432
INTEL_LIFECYCLE phase=vcpu_create_begin generation=254 owner=42432
INTEL_LIFECYCLE phase=vcpu_create_end generation=254 owner=42432
[       OK ] HvfIntelRecoveryProbe.WithoutHostKick (222 ms)
[----------] 1 test from HvfIntelRecoveryProbe (222 ms total)

[==========] 1 test from 1 test suite ran. (222 ms total)
[  PASSED  ] 1 test.

Repeating all tests (iteration 254) . . .

Note: Google Test filter = HvfIntelRecoveryProbe.WithoutHostKick
[==========] Running 1 test from 1 test suite.
[----------] 1 test from HvfIntelRecoveryProbe
[ RUN      ] HvfIntelRecoveryProbe.WithoutHostKick
INTEL_PROBE phase=executor_retained
INTEL_RECOVERY host_kick=omitted
INTEL_LIFECYCLE phase=vcpu_destroy_begin generation=254 owner=42432
INTEL_LIFECYCLE phase=vcpu_destroy_end generation=254 owner=42432
INTEL_LIFECYCLE phase=vm_destroy_begin generation=254 owner=42432
INTEL_LIFECYCLE phase=vm_destroy_end generation=254 owner=42432
INTEL_LIFECYCLE phase=vm_create_begin generation=255 owner=42432
INTEL_LIFECYCLE phase=vm_create_end generation=255 owner=42432
INTEL_LIFECYCLE phase=vcpu_create_begin generation=255 owner=42432
INTEL_LIFECYCLE phase=vcpu_create_end generation=255 owner=42432
[       OK ] HvfIntelRecoveryProbe.WithoutHostKick (204 ms)
[----------] 1 test from HvfIntelRecoveryProbe (205 ms total)

[==========] 1 test from 1 test suite ran. (205 ms total)
[  PASSED  ] 1 test.

Repeating all tests (iteration 255) . . .

Note: Google Test filter = HvfIntelRecoveryProbe.WithoutHostKick
[==========] Running 1 test from 1 test suite.
[----------] 1 test from HvfIntelRecoveryProbe
[ RUN      ] HvfIntelRecoveryProbe.WithoutHostKick
INTEL_PROBE phase=executor_retained
INTEL_RECOVERY host_kick=omitted
INTEL_LIFECYCLE phase=vcpu_destroy_begin generation=255 owner=42432
INTEL_LIFECYCLE phase=vcpu_destroy_end generation=255 owner=42432
INTEL_LIFECYCLE phase=vm_destroy_begin generation=255 owner=42432
INTEL_LIFECYCLE phase=vm_destroy_end generation=255 owner=42432
INTEL_LIFECYCLE phase=vm_create_begin generation=256 owner=42432
INTEL_LIFECYCLE phase=vm_create_end generation=256 owner=42432
INTEL_LIFECYCLE phase=vcpu_create_begin generation=256 owner=42432
INTEL_LIFECYCLE phase=vcpu_create_end generation=256 owner=42432
[       OK ] HvfIntelRecoveryProbe.WithoutHostKick (516 ms)
[----------] 1 test from HvfIntelRecoveryProbe (516 ms total)

[==========] 1 test from 1 test suite ran. (516 ms total)
[  PASSED  ] 1 test.

Repeating all tests (iteration 256) . . .

Note: Google Test filter = HvfIntelRecoveryProbe.WithoutHostKick
[==========] Running 1 test from 1 test suite.
[----------] 1 test from HvfIntelRecoveryProbe
[ RUN      ] HvfIntelRecoveryProbe.WithoutHostKick
INTEL_PROBE phase=executor_retained
INTEL_RECOVERY host_kick=omitted
INTEL_LIFECYCLE phase=vcpu_destroy_begin generation=256 owner=42432
INTEL_LIFECYCLE phase=vcpu_destroy_end generation=256 owner=42432
INTEL_LIFECYCLE phase=vm_destroy_begin generation=256 owner=42432
INTEL_LIFECYCLE phase=vm_destroy_end generation=256 owner=42432
INTEL_LIFECYCLE phase=vm_create_begin generation=257 owner=42432
INTEL_LIFECYCLE phase=vm_create_end generation=257 owner=42432
INTEL_LIFECYCLE phase=vcpu_create_begin generation=257 owner=42432
INTEL_LIFECYCLE phase=vcpu_create_end generation=257 owner=42432
[       OK ] HvfIntelRecoveryProbe.WithoutHostKick (383 ms)
[----------] 1 test from HvfIntelRecoveryProbe (383 ms total)

[==========] 1 test from 1 test suite ran. (383 ms total)
[  PASSED  ] 1 test.

Repeating all tests (iteration 257) . . .

Note: Google Test filter = HvfIntelRecoveryProbe.WithoutHostKick
[==========] Running 1 test from 1 test suite.
[----------] 1 test from HvfIntelRecoveryProbe
[ RUN      ] HvfIntelRecoveryProbe.WithoutHostKick
INTEL_PROBE phase=executor_retained
INTEL_RECOVERY host_kick=omitted
INTEL_LIFECYCLE phase=vcpu_destroy_begin generation=257 owner=42432
INTEL_LIFECYCLE phase=vcpu_destroy_end generation=257 owner=42432
INTEL_LIFECYCLE phase=vm_destroy_begin generation=257 owner=42432
INTEL_LIFECYCLE phase=vm_destroy_end generation=257 owner=42432
INTEL_LIFECYCLE phase=vm_create_begin generation=258 owner=42432
INTEL_LIFECYCLE phase=vm_create_end generation=258 owner=42432
INTEL_LIFECYCLE phase=vcpu_create_begin generation=258 owner=42432
INTEL_LIFECYCLE phase=vcpu_create_end generation=258 owner=42432
[       OK ] HvfIntelRecoveryProbe.WithoutHostKick (239 ms)
[----------] 1 test from HvfIntelRecoveryProbe (239 ms total)

[==========] 1 test from 1 test suite ran. (239 ms total)
[  PASSED  ] 1 test.

Repeating all tests (iteration 258) . . .

Note: Google Test filter = HvfIntelRecoveryProbe.WithoutHostKick
[==========] Running 1 test from 1 test suite.
[----------] 1 test from HvfIntelRecoveryProbe
[ RUN      ] HvfIntelRecoveryProbe.WithoutHostKick
INTEL_PROBE phase=executor_retained
INTEL_RECOVERY host_kick=omitted
INTEL_LIFECYCLE phase=vcpu_destroy_begin generation=258 owner=42432
INTEL_LIFECYCLE phase=vcpu_destroy_end generation=258 owner=42432
INTEL_LIFECYCLE phase=vm_destroy_begin generation=258 owner=42432
INTEL_LIFECYCLE phase=vm_destroy_end generation=258 owner=42432
INTEL_LIFECYCLE phase=vm_create_begin generation=259 owner=42432
INTEL_LIFECYCLE phase=vm_create_end generation=259 owner=42432
INTEL_LIFECYCLE phase=vcpu_create_begin generation=259 owner=42432
INTEL_LIFECYCLE phase=vcpu_create_end generation=259 owner=42432
[       OK ] HvfIntelRecoveryProbe.WithoutHostKick (255 ms)
[----------] 1 test from HvfIntelRecoveryProbe (255 ms total)

[==========] 1 test from 1 test suite ran. (255 ms total)
[  PASSED  ] 1 test.

Repeating all tests (iteration 259) . . .

Note: Google Test filter = HvfIntelRecoveryProbe.WithoutHostKick
[==========] Running 1 test from 1 test suite.
[----------] 1 test from HvfIntelRecoveryProbe
[ RUN      ] HvfIntelRecoveryProbe.WithoutHostKick
INTEL_PROBE phase=executor_retained
INTEL_RECOVERY host_kick=omitted
INTEL_LIFECYCLE phase=vcpu_destroy_begin generation=259 owner=42432
INTEL_LIFECYCLE phase=vcpu_destroy_end generation=259 owner=42432
INTEL_LIFECYCLE phase=vm_destroy_begin generation=259 owner=42432
INTEL_LIFECYCLE phase=vm_destroy_end generation=259 owner=42432
INTEL_LIFECYCLE phase=vm_create_begin generation=260 owner=42432
INTEL_LIFECYCLE phase=vm_create_end generation=260 owner=42432
INTEL_LIFECYCLE phase=vcpu_create_begin generation=260 owner=42432
INTEL_LIFECYCLE phase=vcpu_create_end generation=260 owner=42432
[       OK ] HvfIntelRecoveryProbe.WithoutHostKick (174 ms)
[----------] 1 test from HvfIntelRecoveryProbe (174 ms total)

[==========] 1 test from 1 test suite ran. (174 ms total)
[  PASSED  ] 1 test.

Repeating all tests (iteration 260) . . .

Note: Google Test filter = HvfIntelRecoveryProbe.WithoutHostKick
[==========] Running 1 test from 1 test suite.
[----------] 1 test from HvfIntelRecoveryProbe
[ RUN      ] HvfIntelRecoveryProbe.WithoutHostKick
INTEL_PROBE phase=executor_retained
INTEL_RECOVERY host_kick=omitted
INTEL_LIFECYCLE phase=vcpu_destroy_begin generation=260 owner=42432
INTEL_LIFECYCLE phase=vcpu_destroy_end generation=260 owner=42432
INTEL_LIFECYCLE phase=vm_destroy_begin generation=260 owner=42432
INTEL_LIFECYCLE phase=vm_destroy_end generation=260 owner=42432
INTEL_LIFECYCLE phase=vm_create_begin generation=261 owner=42432
INTEL_LIFECYCLE phase=vm_create_end generation=261 owner=42432
INTEL_LIFECYCLE phase=vcpu_create_begin generation=261 owner=42432
INTEL_LIFECYCLE phase=vcpu_create_end generation=261 owner=42432
[       OK ] HvfIntelRecoveryProbe.WithoutHostKick (227 ms)
[----------] 1 test from HvfIntelRecoveryProbe (227 ms total)

[==========] 1 test from 1 test suite ran. (227 ms total)
[  PASSED  ] 1 test.

Repeating all tests (iteration 261) . . .

Note: Google Test filter = HvfIntelRecoveryProbe.WithoutHostKick
[==========] Running 1 test from 1 test suite.
[----------] 1 test from HvfIntelRecoveryProbe
[ RUN      ] HvfIntelRecoveryProbe.WithoutHostKick
INTEL_PROBE phase=executor_retained
INTEL_RECOVERY host_kick=omitted
INTEL_LIFECYCLE phase=vcpu_destroy_begin generation=261 owner=42432
INTEL_LIFECYCLE phase=vcpu_destroy_end generation=261 owner=42432
INTEL_LIFECYCLE phase=vm_destroy_begin generation=261 owner=42432
INTEL_LIFECYCLE phase=vm_destroy_end generation=261 owner=42432
INTEL_LIFECYCLE phase=vm_create_begin generation=262 owner=42432
INTEL_LIFECYCLE phase=vm_create_end generation=262 owner=42432
INTEL_LIFECYCLE phase=vcpu_create_begin generation=262 owner=42432
INTEL_LIFECYCLE phase=vcpu_create_end generation=262 owner=42432
[       OK ] HvfIntelRecoveryProbe.WithoutHostKick (173 ms)
[----------] 1 test from HvfIntelRecoveryProbe (173 ms total)

[==========] 1 test from 1 test suite ran. (173 ms total)
[  PASSED  ] 1 test.

Repeating all tests (iteration 262) . . .

Note: Google Test filter = HvfIntelRecoveryProbe.WithoutHostKick
[==========] Running 1 test from 1 test suite.
[----------] 1 test from HvfIntelRecoveryProbe
[ RUN      ] HvfIntelRecoveryProbe.WithoutHostKick
INTEL_PROBE phase=executor_retained
INTEL_RECOVERY host_kick=omitted
INTEL_LIFECYCLE phase=vcpu_destroy_begin generation=262 owner=42432
INTEL_LIFECYCLE phase=vcpu_destroy_end generation=262 owner=42432
INTEL_LIFECYCLE phase=vm_destroy_begin generation=262 owner=42432
INTEL_LIFECYCLE phase=vm_destroy_end generation=262 owner=42432
INTEL_LIFECYCLE phase=vm_create_begin generation=263 owner=42432
INTEL_LIFECYCLE phase=vm_create_end generation=263 owner=42432
INTEL_LIFECYCLE phase=vcpu_create_begin generation=263 owner=42432
INTEL_LIFECYCLE phase=vcpu_create_end generation=263 owner=42432
[       OK ] HvfIntelRecoveryProbe.WithoutHostKick (179 ms)
[----------] 1 test from HvfIntelRecoveryProbe (179 ms total)

[==========] 1 test from 1 test suite ran. (180 ms total)
[  PASSED  ] 1 test.

Repeating all tests (iteration 263) . . .

Note: Google Test filter = HvfIntelRecoveryProbe.WithoutHostKick
[==========] Running 1 test from 1 test suite.
[----------] 1 test from HvfIntelRecoveryProbe
[ RUN      ] HvfIntelRecoveryProbe.WithoutHostKick
INTEL_PROBE phase=executor_retained
INTEL_RECOVERY host_kick=omitted
INTEL_LIFECYCLE phase=vcpu_destroy_begin generation=263 owner=42432
INTEL_LIFECYCLE phase=vcpu_destroy_end generation=263 owner=42432
INTEL_LIFECYCLE phase=vm_destroy_begin generation=263 owner=42432
INTEL_LIFECYCLE phase=vm_destroy_end generation=263 owner=42432
INTEL_LIFECYCLE phase=vm_create_begin generation=264 owner=42432
INTEL_LIFECYCLE phase=vm_create_end generation=264 owner=42432
INTEL_LIFECYCLE phase=vcpu_create_begin generation=264 owner=42432
INTEL_LIFECYCLE phase=vcpu_create_end generation=264 owner=42432
[       OK ] HvfIntelRecoveryProbe.WithoutHostKick (334 ms)
[----------] 1 test from HvfIntelRecoveryProbe (334 ms total)

[==========] 1 test from 1 test suite ran. (334 ms total)
[  PASSED  ] 1 test.

Repeating all tests (iteration 264) . . .

Note: Google Test filter = HvfIntelRecoveryProbe.WithoutHostKick
[==========] Running 1 test from 1 test suite.
[----------] 1 test from HvfIntelRecoveryProbe
[ RUN      ] HvfIntelRecoveryProbe.WithoutHostKick
INTEL_PROBE phase=executor_retained
INTEL_RECOVERY host_kick=omitted
INTEL_LIFECYCLE phase=vcpu_destroy_begin generation=264 owner=42432
INTEL_LIFECYCLE phase=vcpu_destroy_end generation=264 owner=42432
INTEL_LIFECYCLE phase=vm_destroy_begin generation=264 owner=42432
INTEL_LIFECYCLE phase=vm_destroy_end generation=264 owner=42432
INTEL_LIFECYCLE phase=vm_create_begin generation=265 owner=42432
INTEL_LIFECYCLE phase=vm_create_end generation=265 owner=42432
INTEL_LIFECYCLE phase=vcpu_create_begin generation=265 owner=42432
INTEL_LIFECYCLE phase=vcpu_create_end generation=265 owner=42432
[       OK ] HvfIntelRecoveryProbe.WithoutHostKick (249 ms)
[----------] 1 test from HvfIntelRecoveryProbe (249 ms total)

[==========] 1 test from 1 test suite ran. (249 ms total)
[  PASSED  ] 1 test.

Repeating all tests (iteration 265) . . .

Note: Google Test filter = HvfIntelRecoveryProbe.WithoutHostKick
[==========] Running 1 test from 1 test suite.
[----------] 1 test from HvfIntelRecoveryProbe
[ RUN      ] HvfIntelRecoveryProbe.WithoutHostKick
INTEL_PROBE phase=executor_retained
INTEL_RECOVERY host_kick=omitted
INTEL_LIFECYCLE phase=vcpu_destroy_begin generation=265 owner=42432
INTEL_LIFECYCLE phase=vcpu_destroy_end generation=265 owner=42432
INTEL_LIFECYCLE phase=vm_destroy_begin generation=265 owner=42432
INTEL_LIFECYCLE phase=vm_destroy_end generation=265 owner=42432
INTEL_LIFECYCLE phase=vm_create_begin generation=266 owner=42432
INTEL_LIFECYCLE phase=vm_create_end generation=266 owner=42432
INTEL_LIFECYCLE phase=vcpu_create_begin generation=266 owner=42432
INTEL_LIFECYCLE phase=vcpu_create_end generation=266 owner=42432
[       OK ] HvfIntelRecoveryProbe.WithoutHostKick (185 ms)
[----------] 1 test from HvfIntelRecoveryProbe (185 ms total)

[==========] 1 test from 1 test suite ran. (185 ms total)
[  PASSED  ] 1 test.

Repeating all tests (iteration 266) . . .

Note: Google Test filter = HvfIntelRecoveryProbe.WithoutHostKick
[==========] Running 1 test from 1 test suite.
[----------] 1 test from HvfIntelRecoveryProbe
[ RUN      ] HvfIntelRecoveryProbe.WithoutHostKick
INTEL_PROBE phase=executor_retained
INTEL_RECOVERY host_kick=omitted
INTEL_LIFECYCLE phase=vcpu_destroy_begin generation=266 owner=42432
INTEL_LIFECYCLE phase=vcpu_destroy_end generation=266 owner=42432
INTEL_LIFECYCLE phase=vm_destroy_begin generation=266 owner=42432
INTEL_LIFECYCLE phase=vm_destroy_end generation=266 owner=42432
INTEL_LIFECYCLE phase=vm_create_begin generation=267 owner=42432
INTEL_LIFECYCLE phase=vm_create_end generation=267 owner=42432
INTEL_LIFECYCLE phase=vcpu_create_begin generation=267 owner=42432
INTEL_LIFECYCLE phase=vcpu_create_end generation=267 owner=42432
[       OK ] HvfIntelRecoveryProbe.WithoutHostKick (249 ms)
[----------] 1 test from HvfIntelRecoveryProbe (249 ms total)

[==========] 1 test from 1 test suite ran. (249 ms total)
[  PASSED  ] 1 test.

Repeating all tests (iteration 267) . . .

Note: Google Test filter = HvfIntelRecoveryProbe.WithoutHostKick
[==========] Running 1 test from 1 test suite.
[----------] 1 test from HvfIntelRecoveryProbe
[ RUN      ] HvfIntelRecoveryProbe.WithoutHostKick
INTEL_PROBE phase=executor_retained
INTEL_RECOVERY host_kick=omitted
INTEL_LIFECYCLE phase=vcpu_destroy_begin generation=267 owner=42432
INTEL_LIFECYCLE phase=vcpu_destroy_end generation=267 owner=42432
INTEL_LIFECYCLE phase=vm_destroy_begin generation=267 owner=42432
INTEL_LIFECYCLE phase=vm_destroy_end generation=267 owner=42432
INTEL_LIFECYCLE phase=vm_create_begin generation=268 owner=42432
INTEL_LIFECYCLE phase=vm_create_end generation=268 owner=42432
INTEL_LIFECYCLE phase=vcpu_create_begin generation=268 owner=42432
INTEL_LIFECYCLE phase=vcpu_create_end generation=268 owner=42432
[       OK ] HvfIntelRecoveryProbe.WithoutHostKick (166 ms)
[----------] 1 test from HvfIntelRecoveryProbe (166 ms total)

[==========] 1 test from 1 test suite ran. (166 ms total)
[  PASSED  ] 1 test.

Repeating all tests (iteration 268) . . .

Note: Google Test filter = HvfIntelRecoveryProbe.WithoutHostKick
[==========] Running 1 test from 1 test suite.
[----------] 1 test from HvfIntelRecoveryProbe
[ RUN      ] HvfIntelRecoveryProbe.WithoutHostKick
INTEL_PROBE phase=executor_retained
INTEL_RECOVERY host_kick=omitted
INTEL_LIFECYCLE phase=vcpu_destroy_begin generation=268 owner=42432
INTEL_LIFECYCLE phase=vcpu_destroy_end generation=268 owner=42432
INTEL_LIFECYCLE phase=vm_destroy_begin generation=268 owner=42432
INTEL_LIFECYCLE phase=vm_destroy_end generation=268 owner=42432
INTEL_LIFECYCLE phase=vm_create_begin generation=269 owner=42432
INTEL_LIFECYCLE phase=vm_create_end generation=269 owner=42432
INTEL_LIFECYCLE phase=vcpu_create_begin generation=269 owner=42432
INTEL_LIFECYCLE phase=vcpu_create_end generation=269 owner=42432
[       OK ] HvfIntelRecoveryProbe.WithoutHostKick (259 ms)
[----------] 1 test from HvfIntelRecoveryProbe (259 ms total)

[==========] 1 test from 1 test suite ran. (259 ms total)
[  PASSED  ] 1 test.

Repeating all tests (iteration 269) . . .

Note: Google Test filter = HvfIntelRecoveryProbe.WithoutHostKick
[==========] Running 1 test from 1 test suite.
[----------] 1 test from HvfIntelRecoveryProbe
[ RUN      ] HvfIntelRecoveryProbe.WithoutHostKick
INTEL_PROBE phase=executor_retained
INTEL_RECOVERY host_kick=omitted
INTEL_LIFECYCLE phase=vcpu_destroy_begin generation=269 owner=42432
INTEL_LIFECYCLE phase=vcpu_destroy_end generation=269 owner=42432
INTEL_LIFECYCLE phase=vm_destroy_begin generation=269 owner=42432
INTEL_LIFECYCLE phase=vm_destroy_end generation=269 owner=42432
INTEL_LIFECYCLE phase=vm_create_begin generation=270 owner=42432
INTEL_LIFECYCLE phase=vm_create_end generation=270 owner=42432
INTEL_LIFECYCLE phase=vcpu_create_begin generation=270 owner=42432
INTEL_LIFECYCLE phase=vcpu_create_end generation=270 owner=42432
[       OK ] HvfIntelRecoveryProbe.WithoutHostKick (278 ms)
[----------] 1 test from HvfIntelRecoveryProbe (278 ms total)

[==========] 1 test from 1 test suite ran. (278 ms total)
[  PASSED  ] 1 test.

Repeating all tests (iteration 270) . . .

Note: Google Test filter = HvfIntelRecoveryProbe.WithoutHostKick
[==========] Running 1 test from 1 test suite.
[----------] 1 test from HvfIntelRecoveryProbe
[ RUN      ] HvfIntelRecoveryProbe.WithoutHostKick
INTEL_PROBE phase=executor_retained
INTEL_RECOVERY host_kick=omitted
INTEL_LIFECYCLE phase=vcpu_destroy_begin generation=270 owner=42432
INTEL_LIFECYCLE phase=vcpu_destroy_end generation=270 owner=42432
INTEL_LIFECYCLE phase=vm_destroy_begin generation=270 owner=42432
INTEL_LIFECYCLE phase=vm_destroy_end generation=270 owner=42432
INTEL_LIFECYCLE phase=vm_create_begin generation=271 owner=42432
INTEL_LIFECYCLE phase=vm_create_end generation=271 owner=42432
INTEL_LIFECYCLE phase=vcpu_create_begin generation=271 owner=42432
INTEL_LIFECYCLE phase=vcpu_create_end generation=271 owner=42432
[       OK ] HvfIntelRecoveryProbe.WithoutHostKick (252 ms)
[----------] 1 test from HvfIntelRecoveryProbe (252 ms total)

[==========] 1 test from 1 test suite ran. (252 ms total)
[  PASSED  ] 1 test.

Repeating all tests (iteration 271) . . .

Note: Google Test filter = HvfIntelRecoveryProbe.WithoutHostKick
[==========] Running 1 test from 1 test suite.
[----------] 1 test from HvfIntelRecoveryProbe
[ RUN      ] HvfIntelRecoveryProbe.WithoutHostKick
INTEL_PROBE phase=executor_retained
INTEL_RECOVERY host_kick=omitted
INTEL_LIFECYCLE phase=vcpu_destroy_begin generation=271 owner=42432
INTEL_LIFECYCLE phase=vcpu_destroy_end generation=271 owner=42432
INTEL_LIFECYCLE phase=vm_destroy_begin generation=271 owner=42432
INTEL_LIFECYCLE phase=vm_destroy_end generation=271 owner=42432
INTEL_LIFECYCLE phase=vm_create_begin generation=272 owner=42432
INTEL_LIFECYCLE phase=vm_create_end generation=272 owner=42432
INTEL_LIFECYCLE phase=vcpu_create_begin generation=272 owner=42432
INTEL_LIFECYCLE phase=vcpu_create_end generation=272 owner=42432
[       OK ] HvfIntelRecoveryProbe.WithoutHostKick (357 ms)
[----------] 1 test from HvfIntelRecoveryProbe (357 ms total)

[==========] 1 test from 1 test suite ran. (357 ms total)
[  PASSED  ] 1 test.

Repeating all tests (iteration 272) . . .

Note: Google Test filter = HvfIntelRecoveryProbe.WithoutHostKick
[==========] Running 1 test from 1 test suite.
[----------] 1 test from HvfIntelRecoveryProbe
[ RUN      ] HvfIntelRecoveryProbe.WithoutHostKick
INTEL_PROBE phase=executor_retained
INTEL_RECOVERY host_kick=omitted
INTEL_LIFECYCLE phase=vcpu_destroy_begin generation=272 owner=42432
INTEL_LIFECYCLE phase=vcpu_destroy_end generation=272 owner=42432
INTEL_LIFECYCLE phase=vm_destroy_begin generation=272 owner=42432
INTEL_LIFECYCLE phase=vm_destroy_end generation=272 owner=42432
INTEL_LIFECYCLE phase=vm_create_begin generation=273 owner=42432
INTEL_LIFECYCLE phase=vm_create_end generation=273 owner=42432
INTEL_LIFECYCLE phase=vcpu_create_begin generation=273 owner=42432
INTEL_LIFECYCLE phase=vcpu_create_end generation=273 owner=42432
[       OK ] HvfIntelRecoveryProbe.WithoutHostKick (293 ms)
[----------] 1 test from HvfIntelRecoveryProbe (293 ms total)

[==========] 1 test from 1 test suite ran. (293 ms total)
[  PASSED  ] 1 test.

Repeating all tests (iteration 273) . . .

Note: Google Test filter = HvfIntelRecoveryProbe.WithoutHostKick
[==========] Running 1 test from 1 test suite.
[----------] 1 test from HvfIntelRecoveryProbe
[ RUN      ] HvfIntelRecoveryProbe.WithoutHostKick
INTEL_PROBE phase=executor_retained
INTEL_RECOVERY host_kick=omitted
INTEL_LIFECYCLE phase=vcpu_destroy_begin generation=273 owner=42432
INTEL_LIFECYCLE phase=vcpu_destroy_end generation=273 owner=42432
INTEL_LIFECYCLE phase=vm_destroy_begin generation=273 owner=42432
INTEL_LIFECYCLE phase=vm_destroy_end generation=273 owner=42432
INTEL_LIFECYCLE phase=vm_create_begin generation=274 owner=42432
INTEL_LIFECYCLE phase=vm_create_end generation=274 owner=42432
INTEL_LIFECYCLE phase=vcpu_create_begin generation=274 owner=42432
INTEL_LIFECYCLE phase=vcpu_create_end generation=274 owner=42432
[       OK ] HvfIntelRecoveryProbe.WithoutHostKick (331 ms)
[----------] 1 test from HvfIntelRecoveryProbe (331 ms total)

[==========] 1 test from 1 test suite ran. (331 ms total)
[  PASSED  ] 1 test.

Repeating all tests (iteration 274) . . .

Note: Google Test filter = HvfIntelRecoveryProbe.WithoutHostKick
[==========] Running 1 test from 1 test suite.
[----------] 1 test from HvfIntelRecoveryProbe
[ RUN      ] HvfIntelRecoveryProbe.WithoutHostKick
INTEL_PROBE phase=executor_retained
INTEL_RECOVERY host_kick=omitted
INTEL_LIFECYCLE phase=vcpu_destroy_begin generation=274 owner=42432
INTEL_LIFECYCLE phase=vcpu_destroy_end generation=274 owner=42432
INTEL_LIFECYCLE phase=vm_destroy_begin generation=274 owner=42432
INTEL_LIFECYCLE phase=vm_destroy_end generation=274 owner=42432
INTEL_LIFECYCLE phase=vm_create_begin generation=275 owner=42432
INTEL_LIFECYCLE phase=vm_create_end generation=275 owner=42432
INTEL_LIFECYCLE phase=vcpu_create_begin generation=275 owner=42432
INTEL_LIFECYCLE phase=vcpu_create_end generation=275 owner=42432
[       OK ] HvfIntelRecoveryProbe.WithoutHostKick (184 ms)
[----------] 1 test from HvfIntelRecoveryProbe (184 ms total)

[==========] 1 test from 1 test suite ran. (184 ms total)
[  PASSED  ] 1 test.

Repeating all tests (iteration 275) . . .

Note: Google Test filter = HvfIntelRecoveryProbe.WithoutHostKick
[==========] Running 1 test from 1 test suite.
[----------] 1 test from HvfIntelRecoveryProbe
[ RUN      ] HvfIntelRecoveryProbe.WithoutHostKick
INTEL_PROBE phase=executor_retained
INTEL_RECOVERY host_kick=omitted
INTEL_LIFECYCLE phase=vcpu_destroy_begin generation=275 owner=42432
INTEL_LIFECYCLE phase=vcpu_destroy_end generation=275 owner=42432
INTEL_LIFECYCLE phase=vm_destroy_begin generation=275 owner=42432
INTEL_LIFECYCLE phase=vm_destroy_end generation=275 owner=42432
INTEL_LIFECYCLE phase=vm_create_begin generation=276 owner=42432
INTEL_LIFECYCLE phase=vm_create_end generation=276 owner=42432
INTEL_LIFECYCLE phase=vcpu_create_begin generation=276 owner=42432
INTEL_LIFECYCLE phase=vcpu_create_end generation=276 owner=42432
[       OK ] HvfIntelRecoveryProbe.WithoutHostKick (222 ms)
[----------] 1 test from HvfIntelRecoveryProbe (222 ms total)

[==========] 1 test from 1 test suite ran. (222 ms total)
[  PASSED  ] 1 test.

Repeating all tests (iteration 276) . . .

Note: Google Test filter = HvfIntelRecoveryProbe.WithoutHostKick
[==========] Running 1 test from 1 test suite.
[----------] 1 test from HvfIntelRecoveryProbe
[ RUN      ] HvfIntelRecoveryProbe.WithoutHostKick
INTEL_PROBE phase=executor_retained
INTEL_RECOVERY host_kick=omitted
INTEL_LIFECYCLE phase=vcpu_destroy_begin generation=276 owner=42432
INTEL_LIFECYCLE phase=vcpu_destroy_end generation=276 owner=42432
INTEL_LIFECYCLE phase=vm_destroy_begin generation=276 owner=42432
INTEL_LIFECYCLE phase=vm_destroy_end generation=276 owner=42432
INTEL_LIFECYCLE phase=vm_create_begin generation=277 owner=42432
INTEL_LIFECYCLE phase=vm_create_end generation=277 owner=42432
INTEL_LIFECYCLE phase=vcpu_create_begin generation=277 owner=42432
INTEL_LIFECYCLE phase=vcpu_create_end generation=277 owner=42432
[       OK ] HvfIntelRecoveryProbe.WithoutHostKick (180 ms)
[----------] 1 test from HvfIntelRecoveryProbe (180 ms total)

[==========] 1 test from 1 test suite ran. (180 ms total)
[  PASSED  ] 1 test.

Repeating all tests (iteration 277) . . .

Note: Google Test filter = HvfIntelRecoveryProbe.WithoutHostKick
[==========] Running 1 test from 1 test suite.
[----------] 1 test from HvfIntelRecoveryProbe
[ RUN      ] HvfIntelRecoveryProbe.WithoutHostKick
INTEL_PROBE phase=executor_retained
INTEL_RECOVERY host_kick=omitted
INTEL_LIFECYCLE phase=vcpu_destroy_begin generation=277 owner=42432
INTEL_LIFECYCLE phase=vcpu_destroy_end generation=277 owner=42432
INTEL_LIFECYCLE phase=vm_destroy_begin generation=277 owner=42432
INTEL_LIFECYCLE phase=vm_destroy_end generation=277 owner=42432
INTEL_LIFECYCLE phase=vm_create_begin generation=278 owner=42432
INTEL_LIFECYCLE phase=vm_create_end generation=278 owner=42432
INTEL_LIFECYCLE phase=vcpu_create_begin generation=278 owner=42432
INTEL_LIFECYCLE phase=vcpu_create_end generation=278 owner=42432
[       OK ] HvfIntelRecoveryProbe.WithoutHostKick (288 ms)
[----------] 1 test from HvfIntelRecoveryProbe (288 ms total)

[==========] 1 test from 1 test suite ran. (289 ms total)
[  PASSED  ] 1 test.

Repeating all tests (iteration 278) . . .

Note: Google Test filter = HvfIntelRecoveryProbe.WithoutHostKick
[==========] Running 1 test from 1 test suite.
[----------] 1 test from HvfIntelRecoveryProbe
[ RUN      ] HvfIntelRecoveryProbe.WithoutHostKick
INTEL_PROBE phase=executor_retained
INTEL_RECOVERY host_kick=omitted
INTEL_LIFECYCLE phase=vcpu_destroy_begin generation=278 owner=42432
INTEL_LIFECYCLE phase=vcpu_destroy_end generation=278 owner=42432
INTEL_LIFECYCLE phase=vm_destroy_begin generation=278 owner=42432
INTEL_LIFECYCLE phase=vm_destroy_end generation=278 owner=42432
INTEL_LIFECYCLE phase=vm_create_begin generation=279 owner=42432
INTEL_LIFECYCLE phase=vm_create_end generation=279 owner=42432
INTEL_LIFECYCLE phase=vcpu_create_begin generation=279 owner=42432
INTEL_LIFECYCLE phase=vcpu_create_end generation=279 owner=42432
[       OK ] HvfIntelRecoveryProbe.WithoutHostKick (203 ms)
[----------] 1 test from HvfIntelRecoveryProbe (203 ms total)

[==========] 1 test from 1 test suite ran. (203 ms total)
[  PASSED  ] 1 test.

Repeating all tests (iteration 279) . . .

Note: Google Test filter = HvfIntelRecoveryProbe.WithoutHostKick
[==========] Running 1 test from 1 test suite.
[----------] 1 test from HvfIntelRecoveryProbe
[ RUN      ] HvfIntelRecoveryProbe.WithoutHostKick
INTEL_PROBE phase=executor_retained
INTEL_RECOVERY host_kick=omitted
INTEL_LIFECYCLE phase=vcpu_destroy_begin generation=279 owner=42432
INTEL_LIFECYCLE phase=vcpu_destroy_end generation=279 owner=42432
INTEL_LIFECYCLE phase=vm_destroy_begin generation=279 owner=42432
INTEL_LIFECYCLE phase=vm_destroy_end generation=279 owner=42432
INTEL_LIFECYCLE phase=vm_create_begin generation=280 owner=42432
INTEL_LIFECYCLE phase=vm_create_end generation=280 owner=42432
INTEL_LIFECYCLE phase=vcpu_create_begin generation=280 owner=42432
INTEL_LIFECYCLE phase=vcpu_create_end generation=280 owner=42432
[       OK ] HvfIntelRecoveryProbe.WithoutHostKick (252 ms)
[----------] 1 test from HvfIntelRecoveryProbe (252 ms total)

[==========] 1 test from 1 test suite ran. (252 ms total)
[  PASSED  ] 1 test.

Repeating all tests (iteration 280) . . .

Note: Google Test filter = HvfIntelRecoveryProbe.WithoutHostKick
[==========] Running 1 test from 1 test suite.
[----------] 1 test from HvfIntelRecoveryProbe
[ RUN      ] HvfIntelRecoveryProbe.WithoutHostKick
INTEL_PROBE phase=executor_retained
INTEL_RECOVERY host_kick=omitted
INTEL_LIFECYCLE phase=vcpu_destroy_begin generation=280 owner=42432
INTEL_LIFECYCLE phase=vcpu_destroy_end generation=280 owner=42432
INTEL_LIFECYCLE phase=vm_destroy_begin generation=280 owner=42432
INTEL_LIFECYCLE phase=vm_destroy_end generation=280 owner=42432
INTEL_LIFECYCLE phase=vm_create_begin generation=281 owner=42432
INTEL_LIFECYCLE phase=vm_create_end generation=281 owner=42432
INTEL_LIFECYCLE phase=vcpu_create_begin generation=281 owner=42432
INTEL_LIFECYCLE phase=vcpu_create_end generation=281 owner=42432
[       OK ] HvfIntelRecoveryProbe.WithoutHostKick (296 ms)
[----------] 1 test from HvfIntelRecoveryProbe (296 ms total)

[==========] 1 test from 1 test suite ran. (296 ms total)
[  PASSED  ] 1 test.

Repeating all tests (iteration 281) . . .

Note: Google Test filter = HvfIntelRecoveryProbe.WithoutHostKick
[==========] Running 1 test from 1 test suite.
[----------] 1 test from HvfIntelRecoveryProbe
[ RUN      ] HvfIntelRecoveryProbe.WithoutHostKick
INTEL_PROBE phase=executor_retained
INTEL_RECOVERY host_kick=omitted
INTEL_LIFECYCLE phase=vcpu_destroy_begin generation=281 owner=42432
INTEL_LIFECYCLE phase=vcpu_destroy_end generation=281 owner=42432
INTEL_LIFECYCLE phase=vm_destroy_begin generation=281 owner=42432
INTEL_LIFECYCLE phase=vm_destroy_end generation=281 owner=42432
INTEL_LIFECYCLE phase=vm_create_begin generation=282 owner=42432
INTEL_LIFECYCLE phase=vm_create_end generation=282 owner=42432
INTEL_LIFECYCLE phase=vcpu_create_begin generation=282 owner=42432
INTEL_LIFECYCLE phase=vcpu_create_end generation=282 owner=42432
[       OK ] HvfIntelRecoveryProbe.WithoutHostKick (125 ms)
[----------] 1 test from HvfIntelRecoveryProbe (125 ms total)

[==========] 1 test from 1 test suite ran. (125 ms total)
[  PASSED  ] 1 test.

Repeating all tests (iteration 282) . . .

Note: Google Test filter = HvfIntelRecoveryProbe.WithoutHostKick
[==========] Running 1 test from 1 test suite.
[----------] 1 test from HvfIntelRecoveryProbe
[ RUN      ] HvfIntelRecoveryProbe.WithoutHostKick
INTEL_PROBE phase=executor_retained
INTEL_RECOVERY host_kick=omitted
INTEL_LIFECYCLE phase=vcpu_destroy_begin generation=282 owner=42432
INTEL_LIFECYCLE phase=vcpu_destroy_end generation=282 owner=42432
INTEL_LIFECYCLE phase=vm_destroy_begin generation=282 owner=42432
INTEL_LIFECYCLE phase=vm_destroy_end generation=282 owner=42432
INTEL_LIFECYCLE phase=vm_create_begin generation=283 owner=42432
INTEL_LIFECYCLE phase=vm_create_end generation=283 owner=42432
INTEL_LIFECYCLE phase=vcpu_create_begin generation=283 owner=42432
INTEL_LIFECYCLE phase=vcpu_create_end generation=283 owner=42432
[       OK ] HvfIntelRecoveryProbe.WithoutHostKick (265 ms)
[----------] 1 test from HvfIntelRecoveryProbe (265 ms total)

[==========] 1 test from 1 test suite ran. (265 ms total)
[  PASSED  ] 1 test.

Repeating all tests (iteration 283) . . .

Note: Google Test filter = HvfIntelRecoveryProbe.WithoutHostKick
[==========] Running 1 test from 1 test suite.
[----------] 1 test from HvfIntelRecoveryProbe
[ RUN      ] HvfIntelRecoveryProbe.WithoutHostKick
INTEL_PROBE phase=executor_retained
INTEL_RECOVERY host_kick=omitted
INTEL_LIFECYCLE phase=vcpu_destroy_begin generation=283 owner=42432
INTEL_LIFECYCLE phase=vcpu_destroy_end generation=283 owner=42432
INTEL_LIFECYCLE phase=vm_destroy_begin generation=283 owner=42432
INTEL_LIFECYCLE phase=vm_destroy_end generation=283 owner=42432
INTEL_LIFECYCLE phase=vm_create_begin generation=284 owner=42432
INTEL_LIFECYCLE phase=vm_create_end generation=284 owner=42432
INTEL_LIFECYCLE phase=vcpu_create_begin generation=284 owner=42432
INTEL_LIFECYCLE phase=vcpu_create_end generation=284 owner=42432
[       OK ] HvfIntelRecoveryProbe.WithoutHostKick (304 ms)
[----------] 1 test from HvfIntelRecoveryProbe (304 ms total)

[==========] 1 test from 1 test suite ran. (304 ms total)
[  PASSED  ] 1 test.

Repeating all tests (iteration 284) . . .

Note: Google Test filter = HvfIntelRecoveryProbe.WithoutHostKick
[==========] Running 1 test from 1 test suite.
[----------] 1 test from HvfIntelRecoveryProbe
[ RUN      ] HvfIntelRecoveryProbe.WithoutHostKick
INTEL_PROBE phase=executor_retained
INTEL_RECOVERY host_kick=omitted
INTEL_LIFECYCLE phase=vcpu_destroy_begin generation=284 owner=42432
INTEL_LIFECYCLE phase=vcpu_destroy_end generation=284 owner=42432
INTEL_LIFECYCLE phase=vm_destroy_begin generation=284 owner=42432
INTEL_LIFECYCLE phase=vm_destroy_end generation=284 owner=42432
INTEL_LIFECYCLE phase=vm_create_begin generation=285 owner=42432
INTEL_LIFECYCLE phase=vm_create_end generation=285 owner=42432
INTEL_LIFECYCLE phase=vcpu_create_begin generation=285 owner=42432
INTEL_LIFECYCLE phase=vcpu_create_end generation=285 owner=42432
[       OK ] HvfIntelRecoveryProbe.WithoutHostKick (228 ms)
[----------] 1 test from HvfIntelRecoveryProbe (228 ms total)

[==========] 1 test from 1 test suite ran. (229 ms total)
[  PASSED  ] 1 test.

Repeating all tests (iteration 285) . . .

Note: Google Test filter = HvfIntelRecoveryProbe.WithoutHostKick
[==========] Running 1 test from 1 test suite.
[----------] 1 test from HvfIntelRecoveryProbe
[ RUN      ] HvfIntelRecoveryProbe.WithoutHostKick
INTEL_PROBE phase=executor_retained
INTEL_RECOVERY host_kick=omitted
INTEL_LIFECYCLE phase=vcpu_destroy_begin generation=285 owner=42432
INTEL_LIFECYCLE phase=vcpu_destroy_end generation=285 owner=42432
INTEL_LIFECYCLE phase=vm_destroy_begin generation=285 owner=42432
INTEL_LIFECYCLE phase=vm_destroy_end generation=285 owner=42432
INTEL_LIFECYCLE phase=vm_create_begin generation=286 owner=42432
INTEL_LIFECYCLE phase=vm_create_end generation=286 owner=42432
INTEL_LIFECYCLE phase=vcpu_create_begin generation=286 owner=42432
INTEL_LIFECYCLE phase=vcpu_create_end generation=286 owner=42432
[       OK ] HvfIntelRecoveryProbe.WithoutHostKick (283 ms)
[----------] 1 test from HvfIntelRecoveryProbe (283 ms total)

[==========] 1 test from 1 test suite ran. (283 ms total)
[  PASSED  ] 1 test.

Repeating all tests (iteration 286) . . .

Note: Google Test filter = HvfIntelRecoveryProbe.WithoutHostKick
[==========] Running 1 test from 1 test suite.
[----------] 1 test from HvfIntelRecoveryProbe
[ RUN      ] HvfIntelRecoveryProbe.WithoutHostKick
INTEL_PROBE phase=executor_retained
INTEL_RECOVERY host_kick=omitted
INTEL_LIFECYCLE phase=vcpu_destroy_begin generation=286 owner=42432
INTEL_LIFECYCLE phase=vcpu_destroy_end generation=286 owner=42432
INTEL_LIFECYCLE phase=vm_destroy_begin generation=286 owner=42432
INTEL_LIFECYCLE phase=vm_destroy_end generation=286 owner=42432
INTEL_LIFECYCLE phase=vm_create_begin generation=287 owner=42432
INTEL_LIFECYCLE phase=vm_create_end generation=287 owner=42432
INTEL_LIFECYCLE phase=vcpu_create_begin generation=287 owner=42432
INTEL_LIFECYCLE phase=vcpu_create_end generation=287 owner=42432
[       OK ] HvfIntelRecoveryProbe.WithoutHostKick (163 ms)
[----------] 1 test from HvfIntelRecoveryProbe (163 ms total)

[==========] 1 test from 1 test suite ran. (163 ms total)
[  PASSED  ] 1 test.

Repeating all tests (iteration 287) . . .

Note: Google Test filter = HvfIntelRecoveryProbe.WithoutHostKick
[==========] Running 1 test from 1 test suite.
[----------] 1 test from HvfIntelRecoveryProbe
[ RUN      ] HvfIntelRecoveryProbe.WithoutHostKick
INTEL_PROBE phase=executor_retained
INTEL_RECOVERY host_kick=omitted
INTEL_LIFECYCLE phase=vcpu_destroy_begin generation=287 owner=42432
INTEL_LIFECYCLE phase=vcpu_destroy_end generation=287 owner=42432
INTEL_LIFECYCLE phase=vm_destroy_begin generation=287 owner=42432
INTEL_LIFECYCLE phase=vm_destroy_end generation=287 owner=42432
INTEL_LIFECYCLE phase=vm_create_begin generation=288 owner=42432
INTEL_LIFECYCLE phase=vm_create_end generation=288 owner=42432
INTEL_LIFECYCLE phase=vcpu_create_begin generation=288 owner=42432
INTEL_LIFECYCLE phase=vcpu_create_end generation=288 owner=42432
[       OK ] HvfIntelRecoveryProbe.WithoutHostKick (156 ms)
[----------] 1 test from HvfIntelRecoveryProbe (156 ms total)

[==========] 1 test from 1 test suite ran. (156 ms total)
[  PASSED  ] 1 test.

Repeating all tests (iteration 288) . . .

Note: Google Test filter = HvfIntelRecoveryProbe.WithoutHostKick
[==========] Running 1 test from 1 test suite.
[----------] 1 test from HvfIntelRecoveryProbe
[ RUN      ] HvfIntelRecoveryProbe.WithoutHostKick
INTEL_PROBE phase=executor_retained
INTEL_RECOVERY host_kick=omitted
INTEL_LIFECYCLE phase=vcpu_destroy_begin generation=288 owner=42432
INTEL_LIFECYCLE phase=vcpu_destroy_end generation=288 owner=42432
INTEL_LIFECYCLE phase=vm_destroy_begin generation=288 owner=42432
INTEL_LIFECYCLE phase=vm_destroy_end generation=288 owner=42432
INTEL_LIFECYCLE phase=vm_create_begin generation=289 owner=42432
INTEL_LIFECYCLE phase=vm_create_end generation=289 owner=42432
INTEL_LIFECYCLE phase=vcpu_create_begin generation=289 owner=42432
INTEL_LIFECYCLE phase=vcpu_create_end generation=289 owner=42432
[       OK ] HvfIntelRecoveryProbe.WithoutHostKick (347 ms)
[----------] 1 test from HvfIntelRecoveryProbe (347 ms total)

[==========] 1 test from 1 test suite ran. (348 ms total)
[  PASSED  ] 1 test.

Repeating all tests (iteration 289) . . .

Note: Google Test filter = HvfIntelRecoveryProbe.WithoutHostKick
[==========] Running 1 test from 1 test suite.
[----------] 1 test from HvfIntelRecoveryProbe
[ RUN      ] HvfIntelRecoveryProbe.WithoutHostKick
INTEL_PROBE phase=executor_retained
INTEL_RECOVERY host_kick=omitted
INTEL_LIFECYCLE phase=vcpu_destroy_begin generation=289 owner=42432
INTEL_LIFECYCLE phase=vcpu_destroy_end generation=289 owner=42432
INTEL_LIFECYCLE phase=vm_destroy_begin generation=289 owner=42432
INTEL_LIFECYCLE phase=vm_destroy_end generation=289 owner=42432
INTEL_LIFECYCLE phase=vm_create_begin generation=290 owner=42432
INTEL_LIFECYCLE phase=vm_create_end generation=290 owner=42432
INTEL_LIFECYCLE phase=vcpu_create_begin generation=290 owner=42432
INTEL_LIFECYCLE phase=vcpu_create_end generation=290 owner=42432
[       OK ] HvfIntelRecoveryProbe.WithoutHostKick (159 ms)
[----------] 1 test from HvfIntelRecoveryProbe (159 ms total)

[==========] 1 test from 1 test suite ran. (159 ms total)
[  PASSED  ] 1 test.

Repeating all tests (iteration 290) . . .

Note: Google Test filter = HvfIntelRecoveryProbe.WithoutHostKick
[==========] Running 1 test from 1 test suite.
[----------] 1 test from HvfIntelRecoveryProbe
[ RUN      ] HvfIntelRecoveryProbe.WithoutHostKick
INTEL_PROBE phase=executor_retained
INTEL_RECOVERY host_kick=omitted
INTEL_LIFECYCLE phase=vcpu_destroy_begin generation=290 owner=42432
INTEL_LIFECYCLE phase=vcpu_destroy_end generation=290 owner=42432
INTEL_LIFECYCLE phase=vm_destroy_begin generation=290 owner=42432
INTEL_LIFECYCLE phase=vm_destroy_end generation=290 owner=42432
INTEL_LIFECYCLE phase=vm_create_begin generation=291 owner=42432
INTEL_LIFECYCLE phase=vm_create_end generation=291 owner=42432
INTEL_LIFECYCLE phase=vcpu_create_begin generation=291 owner=42432
INTEL_LIFECYCLE phase=vcpu_create_end generation=291 owner=42432
[       OK ] HvfIntelRecoveryProbe.WithoutHostKick (280 ms)
[----------] 1 test from HvfIntelRecoveryProbe (280 ms total)

[==========] 1 test from 1 test suite ran. (280 ms total)
[  PASSED  ] 1 test.

Repeating all tests (iteration 291) . . .

Note: Google Test filter = HvfIntelRecoveryProbe.WithoutHostKick
[==========] Running 1 test from 1 test suite.
[----------] 1 test from HvfIntelRecoveryProbe
[ RUN      ] HvfIntelRecoveryProbe.WithoutHostKick
INTEL_PROBE phase=executor_retained
INTEL_RECOVERY host_kick=omitted
INTEL_LIFECYCLE phase=vcpu_destroy_begin generation=291 owner=42432
INTEL_LIFECYCLE phase=vcpu_destroy_end generation=291 owner=42432
INTEL_LIFECYCLE phase=vm_destroy_begin generation=291 owner=42432
INTEL_LIFECYCLE phase=vm_destroy_end generation=291 owner=42432
INTEL_LIFECYCLE phase=vm_create_begin generation=292 owner=42432
INTEL_LIFECYCLE phase=vm_create_end generation=292 owner=42432
INTEL_LIFECYCLE phase=vcpu_create_begin generation=292 owner=42432
INTEL_LIFECYCLE phase=vcpu_create_end generation=292 owner=42432
[       OK ] HvfIntelRecoveryProbe.WithoutHostKick (142 ms)
[----------] 1 test from HvfIntelRecoveryProbe (142 ms total)

[==========] 1 test from 1 test suite ran. (142 ms total)
[  PASSED  ] 1 test.

Repeating all tests (iteration 292) . . .

Note: Google Test filter = HvfIntelRecoveryProbe.WithoutHostKick
[==========] Running 1 test from 1 test suite.
[----------] 1 test from HvfIntelRecoveryProbe
[ RUN      ] HvfIntelRecoveryProbe.WithoutHostKick
INTEL_PROBE phase=executor_retained
INTEL_RECOVERY host_kick=omitted
INTEL_LIFECYCLE phase=vcpu_destroy_begin generation=292 owner=42432
INTEL_LIFECYCLE phase=vcpu_destroy_end generation=292 owner=42432
INTEL_LIFECYCLE phase=vm_destroy_begin generation=292 owner=42432
INTEL_LIFECYCLE phase=vm_destroy_end generation=292 owner=42432
INTEL_LIFECYCLE phase=vm_create_begin generation=293 owner=42432
INTEL_LIFECYCLE phase=vm_create_end generation=293 owner=42432
INTEL_LIFECYCLE phase=vcpu_create_begin generation=293 owner=42432
INTEL_LIFECYCLE phase=vcpu_create_end generation=293 owner=42432
[       OK ] HvfIntelRecoveryProbe.WithoutHostKick (124 ms)
[----------] 1 test from HvfIntelRecoveryProbe (124 ms total)

[==========] 1 test from 1 test suite ran. (124 ms total)
[  PASSED  ] 1 test.

Repeating all tests (iteration 293) . . .

Note: Google Test filter = HvfIntelRecoveryProbe.WithoutHostKick
[==========] Running 1 test from 1 test suite.
[----------] 1 test from HvfIntelRecoveryProbe
[ RUN      ] HvfIntelRecoveryProbe.WithoutHostKick
INTEL_PROBE phase=executor_retained
INTEL_RECOVERY host_kick=omitted
INTEL_LIFECYCLE phase=vcpu_destroy_begin generation=293 owner=42432
INTEL_LIFECYCLE phase=vcpu_destroy_end generation=293 owner=42432
INTEL_LIFECYCLE phase=vm_destroy_begin generation=293 owner=42432
INTEL_LIFECYCLE phase=vm_destroy_end generation=293 owner=42432
INTEL_LIFECYCLE phase=vm_create_begin generation=294 owner=42432
INTEL_LIFECYCLE phase=vm_create_end generation=294 owner=42432
INTEL_LIFECYCLE phase=vcpu_create_begin generation=294 owner=42432
INTEL_LIFECYCLE phase=vcpu_create_end generation=294 owner=42432
[       OK ] HvfIntelRecoveryProbe.WithoutHostKick (286 ms)
[----------] 1 test from HvfIntelRecoveryProbe (286 ms total)

[==========] 1 test from 1 test suite ran. (287 ms total)
[  PASSED  ] 1 test.

Repeating all tests (iteration 294) . . .

Note: Google Test filter = HvfIntelRecoveryProbe.WithoutHostKick
[==========] Running 1 test from 1 test suite.
[----------] 1 test from HvfIntelRecoveryProbe
[ RUN      ] HvfIntelRecoveryProbe.WithoutHostKick
INTEL_PROBE phase=executor_retained
INTEL_RECOVERY host_kick=omitted
INTEL_LIFECYCLE phase=vcpu_destroy_begin generation=294 owner=42432
INTEL_LIFECYCLE phase=vcpu_destroy_end generation=294 owner=42432
INTEL_LIFECYCLE phase=vm_destroy_begin generation=294 owner=42432
INTEL_LIFECYCLE phase=vm_destroy_end generation=294 owner=42432
INTEL_LIFECYCLE phase=vm_create_begin generation=295 owner=42432
INTEL_LIFECYCLE phase=vm_create_end generation=295 owner=42432
INTEL_LIFECYCLE phase=vcpu_create_begin generation=295 owner=42432
INTEL_LIFECYCLE phase=vcpu_create_end generation=295 owner=42432
[       OK ] HvfIntelRecoveryProbe.WithoutHostKick (249 ms)
[----------] 1 test from HvfIntelRecoveryProbe (249 ms total)

[==========] 1 test from 1 test suite ran. (249 ms total)
[  PASSED  ] 1 test.

Repeating all tests (iteration 295) . . .

Note: Google Test filter = HvfIntelRecoveryProbe.WithoutHostKick
[==========] Running 1 test from 1 test suite.
[----------] 1 test from HvfIntelRecoveryProbe
[ RUN      ] HvfIntelRecoveryProbe.WithoutHostKick
INTEL_PROBE phase=executor_retained
INTEL_RECOVERY host_kick=omitted
INTEL_LIFECYCLE phase=vcpu_destroy_begin generation=295 owner=42432
INTEL_LIFECYCLE phase=vcpu_destroy_end generation=295 owner=42432
INTEL_LIFECYCLE phase=vm_destroy_begin generation=295 owner=42432
INTEL_LIFECYCLE phase=vm_destroy_end generation=295 owner=42432
INTEL_LIFECYCLE phase=vm_create_begin generation=296 owner=42432
INTEL_LIFECYCLE phase=vm_create_end generation=296 owner=42432
INTEL_LIFECYCLE phase=vcpu_create_begin generation=296 owner=42432
INTEL_LIFECYCLE phase=vcpu_create_end generation=296 owner=42432
[       OK ] HvfIntelRecoveryProbe.WithoutHostKick (158 ms)
[----------] 1 test from HvfIntelRecoveryProbe (158 ms total)

[==========] 1 test from 1 test suite ran. (158 ms total)
[  PASSED  ] 1 test.

Repeating all tests (iteration 296) . . .

Note: Google Test filter = HvfIntelRecoveryProbe.WithoutHostKick
[==========] Running 1 test from 1 test suite.
[----------] 1 test from HvfIntelRecoveryProbe
[ RUN      ] HvfIntelRecoveryProbe.WithoutHostKick
INTEL_PROBE phase=executor_retained
INTEL_RECOVERY host_kick=omitted
INTEL_LIFECYCLE phase=vcpu_destroy_begin generation=296 owner=42432
INTEL_LIFECYCLE phase=vcpu_destroy_end generation=296 owner=42432
INTEL_LIFECYCLE phase=vm_destroy_begin generation=296 owner=42432
INTEL_LIFECYCLE phase=vm_destroy_end generation=296 owner=42432
INTEL_LIFECYCLE phase=vm_create_begin generation=297 owner=42432
INTEL_LIFECYCLE phase=vm_create_end generation=297 owner=42432
INTEL_LIFECYCLE phase=vcpu_create_begin generation=297 owner=42432
INTEL_LIFECYCLE phase=vcpu_create_end generation=297 owner=42432
[       OK ] HvfIntelRecoveryProbe.WithoutHostKick (270 ms)
[----------] 1 test from HvfIntelRecoveryProbe (270 ms total)

[==========] 1 test from 1 test suite ran. (270 ms total)
[  PASSED  ] 1 test.

Repeating all tests (iteration 297) . . .

Note: Google Test filter = HvfIntelRecoveryProbe.WithoutHostKick
[==========] Running 1 test from 1 test suite.
[----------] 1 test from HvfIntelRecoveryProbe
[ RUN      ] HvfIntelRecoveryProbe.WithoutHostKick
INTEL_PROBE phase=executor_retained
INTEL_RECOVERY host_kick=omitted
INTEL_LIFECYCLE phase=vcpu_destroy_begin generation=297 owner=42432
INTEL_LIFECYCLE phase=vcpu_destroy_end generation=297 owner=42432
INTEL_LIFECYCLE phase=vm_destroy_begin generation=297 owner=42432
INTEL_LIFECYCLE phase=vm_destroy_end generation=297 owner=42432
INTEL_LIFECYCLE phase=vm_create_begin generation=298 owner=42432
INTEL_LIFECYCLE phase=vm_create_end generation=298 owner=42432
INTEL_LIFECYCLE phase=vcpu_create_begin generation=298 owner=42432
INTEL_LIFECYCLE phase=vcpu_create_end generation=298 owner=42432
[       OK ] HvfIntelRecoveryProbe.WithoutHostKick (474 ms)
[----------] 1 test from HvfIntelRecoveryProbe (474 ms total)

[==========] 1 test from 1 test suite ran. (474 ms total)
[  PASSED  ] 1 test.

Repeating all tests (iteration 298) . . .

Note: Google Test filter = HvfIntelRecoveryProbe.WithoutHostKick
[==========] Running 1 test from 1 test suite.
[----------] 1 test from HvfIntelRecoveryProbe
[ RUN      ] HvfIntelRecoveryProbe.WithoutHostKick
INTEL_PROBE phase=executor_retained
INTEL_RECOVERY host_kick=omitted
INTEL_LIFECYCLE phase=vcpu_destroy_begin generation=298 owner=42432
INTEL_LIFECYCLE phase=vcpu_destroy_end generation=298 owner=42432
INTEL_LIFECYCLE phase=vm_destroy_begin generation=298 owner=42432
INTEL_LIFECYCLE phase=vm_destroy_end generation=298 owner=42432
INTEL_LIFECYCLE phase=vm_create_begin generation=299 owner=42432
INTEL_LIFECYCLE phase=vm_create_end generation=299 owner=42432
INTEL_LIFECYCLE phase=vcpu_create_begin generation=299 owner=42432
INTEL_LIFECYCLE phase=vcpu_create_end generation=299 owner=42432
[       OK ] HvfIntelRecoveryProbe.WithoutHostKick (134 ms)
[----------] 1 test from HvfIntelRecoveryProbe (134 ms total)

[==========] 1 test from 1 test suite ran. (134 ms total)
[  PASSED  ] 1 test.

Repeating all tests (iteration 299) . . .

Note: Google Test filter = HvfIntelRecoveryProbe.WithoutHostKick
[==========] Running 1 test from 1 test suite.
[----------] 1 test from HvfIntelRecoveryProbe
[ RUN      ] HvfIntelRecoveryProbe.WithoutHostKick
INTEL_PROBE phase=executor_retained
INTEL_RECOVERY host_kick=omitted
INTEL_LIFECYCLE phase=vcpu_destroy_begin generation=299 owner=42432
INTEL_LIFECYCLE phase=vcpu_destroy_end generation=299 owner=42432
INTEL_LIFECYCLE phase=vm_destroy_begin generation=299 owner=42432
INTEL_LIFECYCLE phase=vm_destroy_end generation=299 owner=42432
INTEL_LIFECYCLE phase=vm_create_begin generation=300 owner=42432
INTEL_LIFECYCLE phase=vm_create_end generation=300 owner=42432
INTEL_LIFECYCLE phase=vcpu_create_begin generation=300 owner=42432
INTEL_LIFECYCLE phase=vcpu_create_end generation=300 owner=42432
[       OK ] HvfIntelRecoveryProbe.WithoutHostKick (399 ms)
[----------] 1 test from HvfIntelRecoveryProbe (399 ms total)

[==========] 1 test from 1 test suite ran. (399 ms total)
[  PASSED  ] 1 test.

Repeating all tests (iteration 300) . . .

Note: Google Test filter = HvfIntelRecoveryProbe.WithoutHostKick
[==========] Running 1 test from 1 test suite.
[----------] 1 test from HvfIntelRecoveryProbe
[ RUN      ] HvfIntelRecoveryProbe.WithoutHostKick
INTEL_PROBE phase=executor_retained
INTEL_RECOVERY host_kick=omitted
INTEL_LIFECYCLE phase=vcpu_destroy_begin generation=300 owner=42432
INTEL_LIFECYCLE phase=vcpu_destroy_end generation=300 owner=42432
INTEL_LIFECYCLE phase=vm_destroy_begin generation=300 owner=42432
INTEL_LIFECYCLE phase=vm_destroy_end generation=300 owner=42432
INTEL_LIFECYCLE phase=vm_create_begin generation=301 owner=42432
INTEL_LIFECYCLE phase=vm_create_end generation=301 owner=42432
INTEL_LIFECYCLE phase=vcpu_create_begin generation=301 owner=42432
INTEL_LIFECYCLE phase=vcpu_create_end generation=301 owner=42432
[       OK ] HvfIntelRecoveryProbe.WithoutHostKick (405 ms)
[----------] 1 test from HvfIntelRecoveryProbe (405 ms total)

[==========] 1 test from 1 test suite ran. (405 ms total)
[  PASSED  ] 1 test.

Repeating all tests (iteration 301) . . .

Note: Google Test filter = HvfIntelRecoveryProbe.WithoutHostKick
[==========] Running 1 test from 1 test suite.
[----------] 1 test from HvfIntelRecoveryProbe
[ RUN      ] HvfIntelRecoveryProbe.WithoutHostKick
INTEL_PROBE phase=executor_retained
INTEL_RECOVERY host_kick=omitted
INTEL_LIFECYCLE phase=vcpu_destroy_begin generation=301 owner=42432
INTEL_LIFECYCLE phase=vcpu_destroy_end generation=301 owner=42432
INTEL_LIFECYCLE phase=vm_destroy_begin generation=301 owner=42432
INTEL_LIFECYCLE phase=vm_destroy_end generation=301 owner=42432
INTEL_LIFECYCLE phase=vm_create_begin generation=302 owner=42432
INTEL_LIFECYCLE phase=vm_create_end generation=302 owner=42432
INTEL_LIFECYCLE phase=vcpu_create_begin generation=302 owner=42432
INTEL_LIFECYCLE phase=vcpu_create_end generation=302 owner=42432
[       OK ] HvfIntelRecoveryProbe.WithoutHostKick (180 ms)
[----------] 1 test from HvfIntelRecoveryProbe (181 ms total)

[==========] 1 test from 1 test suite ran. (181 ms total)
[  PASSED  ] 1 test.

Repeating all tests (iteration 302) . . .

Note: Google Test filter = HvfIntelRecoveryProbe.WithoutHostKick
[==========] Running 1 test from 1 test suite.
[----------] 1 test from HvfIntelRecoveryProbe
[ RUN      ] HvfIntelRecoveryProbe.WithoutHostKick
INTEL_PROBE phase=executor_retained
INTEL_RECOVERY host_kick=omitted
INTEL_LIFECYCLE phase=vcpu_destroy_begin generation=302 owner=42432
INTEL_LIFECYCLE phase=vcpu_destroy_end generation=302 owner=42432
INTEL_LIFECYCLE phase=vm_destroy_begin generation=302 owner=42432
INTEL_LIFECYCLE phase=vm_destroy_end generation=302 owner=42432
INTEL_LIFECYCLE phase=vm_create_begin generation=303 owner=42432
INTEL_LIFECYCLE phase=vm_create_end generation=303 owner=42432
INTEL_LIFECYCLE phase=vcpu_create_begin generation=303 owner=42432
INTEL_LIFECYCLE phase=vcpu_create_end generation=303 owner=42432
[       OK ] HvfIntelRecoveryProbe.WithoutHostKick (411 ms)
[----------] 1 test from HvfIntelRecoveryProbe (411 ms total)

[==========] 1 test from 1 test suite ran. (411 ms total)
[  PASSED  ] 1 test.

Repeating all tests (iteration 303) . . .

Note: Google Test filter = HvfIntelRecoveryProbe.WithoutHostKick
[==========] Running 1 test from 1 test suite.
[----------] 1 test from HvfIntelRecoveryProbe
[ RUN      ] HvfIntelRecoveryProbe.WithoutHostKick
INTEL_PROBE phase=executor_retained
INTEL_RECOVERY host_kick=omitted
INTEL_LIFECYCLE phase=vcpu_destroy_begin generation=303 owner=42432
INTEL_LIFECYCLE phase=vcpu_destroy_end generation=303 owner=42432
INTEL_LIFECYCLE phase=vm_destroy_begin generation=303 owner=42432
INTEL_LIFECYCLE phase=vm_destroy_end generation=303 owner=42432
INTEL_LIFECYCLE phase=vm_create_begin generation=304 owner=42432
INTEL_LIFECYCLE phase=vm_create_end generation=304 owner=42432
INTEL_LIFECYCLE phase=vcpu_create_begin generation=304 owner=42432
INTEL_LIFECYCLE phase=vcpu_create_end generation=304 owner=42432
[       OK ] HvfIntelRecoveryProbe.WithoutHostKick (284 ms)
[----------] 1 test from HvfIntelRecoveryProbe (284 ms total)

[==========] 1 test from 1 test suite ran. (284 ms total)
[  PASSED  ] 1 test.

Repeating all tests (iteration 304) . . .

Note: Google Test filter = HvfIntelRecoveryProbe.WithoutHostKick
[==========] Running 1 test from 1 test suite.
[----------] 1 test from HvfIntelRecoveryProbe
[ RUN      ] HvfIntelRecoveryProbe.WithoutHostKick
INTEL_PROBE phase=executor_retained
INTEL_RECOVERY host_kick=omitted
INTEL_LIFECYCLE phase=vcpu_destroy_begin generation=304 owner=42432
INTEL_LIFECYCLE phase=vcpu_destroy_end generation=304 owner=42432
INTEL_LIFECYCLE phase=vm_destroy_begin generation=304 owner=42432
INTEL_LIFECYCLE phase=vm_destroy_end generation=304 owner=42432
INTEL_LIFECYCLE phase=vm_create_begin generation=305 owner=42432
INTEL_LIFECYCLE phase=vm_create_end generation=305 owner=42432
INTEL_LIFECYCLE phase=vcpu_create_begin generation=305 owner=42432
INTEL_LIFECYCLE phase=vcpu_create_end generation=305 owner=42432
[       OK ] HvfIntelRecoveryProbe.WithoutHostKick (198 ms)
[----------] 1 test from HvfIntelRecoveryProbe (198 ms total)

[==========] 1 test from 1 test suite ran. (198 ms total)
[  PASSED  ] 1 test.

Repeating all tests (iteration 305) . . .

Note: Google Test filter = HvfIntelRecoveryProbe.WithoutHostKick
[==========] Running 1 test from 1 test suite.
[----------] 1 test from HvfIntelRecoveryProbe
[ RUN      ] HvfIntelRecoveryProbe.WithoutHostKick
INTEL_PROBE phase=executor_retained
INTEL_RECOVERY host_kick=omitted
INTEL_LIFECYCLE phase=vcpu_destroy_begin generation=305 owner=42432
INTEL_LIFECYCLE phase=vcpu_destroy_end generation=305 owner=42432
INTEL_LIFECYCLE phase=vm_destroy_begin generation=305 owner=42432
INTEL_LIFECYCLE phase=vm_destroy_end generation=305 owner=42432
INTEL_LIFECYCLE phase=vm_create_begin generation=306 owner=42432
INTEL_LIFECYCLE phase=vm_create_end generation=306 owner=42432
INTEL_LIFECYCLE phase=vcpu_create_begin generation=306 owner=42432
INTEL_LIFECYCLE phase=vcpu_create_end generation=306 owner=42432
[       OK ] HvfIntelRecoveryProbe.WithoutHostKick (332 ms)
[----------] 1 test from HvfIntelRecoveryProbe (332 ms total)

[==========] 1 test from 1 test suite ran. (332 ms total)
[  PASSED  ] 1 test.

Repeating all tests (iteration 306) . . .

Note: Google Test filter = HvfIntelRecoveryProbe.WithoutHostKick
[==========] Running 1 test from 1 test suite.
[----------] 1 test from HvfIntelRecoveryProbe
[ RUN      ] HvfIntelRecoveryProbe.WithoutHostKick
INTEL_PROBE phase=executor_retained
INTEL_RECOVERY host_kick=omitted
INTEL_LIFECYCLE phase=vcpu_destroy_begin generation=306 owner=42432
INTEL_LIFECYCLE phase=vcpu_destroy_end generation=306 owner=42432
INTEL_LIFECYCLE phase=vm_destroy_begin generation=306 owner=42432
INTEL_LIFECYCLE phase=vm_destroy_end generation=306 owner=42432
INTEL_LIFECYCLE phase=vm_create_begin generation=307 owner=42432
INTEL_LIFECYCLE phase=vm_create_end generation=307 owner=42432
INTEL_LIFECYCLE phase=vcpu_create_begin generation=307 owner=42432
INTEL_LIFECYCLE phase=vcpu_create_end generation=307 owner=42432
[       OK ] HvfIntelRecoveryProbe.WithoutHostKick (261 ms)
[----------] 1 test from HvfIntelRecoveryProbe (261 ms total)

[==========] 1 test from 1 test suite ran. (261 ms total)
[  PASSED  ] 1 test.

Repeating all tests (iteration 307) . . .

Note: Google Test filter = HvfIntelRecoveryProbe.WithoutHostKick
[==========] Running 1 test from 1 test suite.
[----------] 1 test from HvfIntelRecoveryProbe
[ RUN      ] HvfIntelRecoveryProbe.WithoutHostKick
INTEL_PROBE phase=executor_retained
INTEL_RECOVERY host_kick=omitted
INTEL_LIFECYCLE phase=vcpu_destroy_begin generation=307 owner=42432
INTEL_LIFECYCLE phase=vcpu_destroy_end generation=307 owner=42432
INTEL_LIFECYCLE phase=vm_destroy_begin generation=307 owner=42432
INTEL_LIFECYCLE phase=vm_destroy_end generation=307 owner=42432
INTEL_LIFECYCLE phase=vm_create_begin generation=308 owner=42432
INTEL_LIFECYCLE phase=vm_create_end generation=308 owner=42432
INTEL_LIFECYCLE phase=vcpu_create_begin generation=308 owner=42432
INTEL_LIFECYCLE phase=vcpu_create_end generation=308 owner=42432
[       OK ] HvfIntelRecoveryProbe.WithoutHostKick (182 ms)
[----------] 1 test from HvfIntelRecoveryProbe (182 ms total)

[==========] 1 test from 1 test suite ran. (182 ms total)
[  PASSED  ] 1 test.

Repeating all tests (iteration 308) . . .

Note: Google Test filter = HvfIntelRecoveryProbe.WithoutHostKick
[==========] Running 1 test from 1 test suite.
[----------] 1 test from HvfIntelRecoveryProbe
[ RUN      ] HvfIntelRecoveryProbe.WithoutHostKick
INTEL_PROBE phase=executor_retained
INTEL_RECOVERY host_kick=omitted
INTEL_LIFECYCLE phase=vcpu_destroy_begin generation=308 owner=42432
INTEL_LIFECYCLE phase=vcpu_destroy_end generation=308 owner=42432
INTEL_LIFECYCLE phase=vm_destroy_begin generation=308 owner=42432
INTEL_LIFECYCLE phase=vm_destroy_end generation=308 owner=42432
INTEL_LIFECYCLE phase=vm_create_begin generation=309 owner=42432
INTEL_LIFECYCLE phase=vm_create_end generation=309 owner=42432
INTEL_LIFECYCLE phase=vcpu_create_begin generation=309 owner=42432
INTEL_LIFECYCLE phase=vcpu_create_end generation=309 owner=42432
[       OK ] HvfIntelRecoveryProbe.WithoutHostKick (129 ms)
[----------] 1 test from HvfIntelRecoveryProbe (129 ms total)

[==========] 1 test from 1 test suite ran. (130 ms total)
[  PASSED  ] 1 test.

Repeating all tests (iteration 309) . . .

Note: Google Test filter = HvfIntelRecoveryProbe.WithoutHostKick
[==========] Running 1 test from 1 test suite.
[----------] 1 test from HvfIntelRecoveryProbe
[ RUN      ] HvfIntelRecoveryProbe.WithoutHostKick
INTEL_PROBE phase=executor_retained
INTEL_RECOVERY host_kick=omitted
INTEL_LIFECYCLE phase=vcpu_destroy_begin generation=309 owner=42432
INTEL_LIFECYCLE phase=vcpu_destroy_end generation=309 owner=42432
INTEL_LIFECYCLE phase=vm_destroy_begin generation=309 owner=42432
INTEL_LIFECYCLE phase=vm_destroy_end generation=309 owner=42432
INTEL_LIFECYCLE phase=vm_create_begin generation=310 owner=42432
INTEL_LIFECYCLE phase=vm_create_end generation=310 owner=42432
INTEL_LIFECYCLE phase=vcpu_create_begin generation=310 owner=42432
INTEL_LIFECYCLE phase=vcpu_create_end generation=310 owner=42432
[       OK ] HvfIntelRecoveryProbe.WithoutHostKick (260 ms)
[----------] 1 test from HvfIntelRecoveryProbe (260 ms total)

[==========] 1 test from 1 test suite ran. (260 ms total)
[  PASSED  ] 1 test.

Repeating all tests (iteration 310) . . .

Note: Google Test filter = HvfIntelRecoveryProbe.WithoutHostKick
[==========] Running 1 test from 1 test suite.
[----------] 1 test from HvfIntelRecoveryProbe
[ RUN      ] HvfIntelRecoveryProbe.WithoutHostKick
INTEL_PROBE phase=executor_retained
INTEL_RECOVERY host_kick=omitted
INTEL_LIFECYCLE phase=vcpu_destroy_begin generation=310 owner=42432
INTEL_LIFECYCLE phase=vcpu_destroy_end generation=310 owner=42432
INTEL_LIFECYCLE phase=vm_destroy_begin generation=310 owner=42432
INTEL_LIFECYCLE phase=vm_destroy_end generation=310 owner=42432
INTEL_LIFECYCLE phase=vm_create_begin generation=311 owner=42432
INTEL_LIFECYCLE phase=vm_create_end generation=311 owner=42432
INTEL_LIFECYCLE phase=vcpu_create_begin generation=311 owner=42432
INTEL_LIFECYCLE phase=vcpu_create_end generation=311 owner=42432
[       OK ] HvfIntelRecoveryProbe.WithoutHostKick (276 ms)
[----------] 1 test from HvfIntelRecoveryProbe (276 ms total)

[==========] 1 test from 1 test suite ran. (276 ms total)
[  PASSED  ] 1 test.

Repeating all tests (iteration 311) . . .

Note: Google Test filter = HvfIntelRecoveryProbe.WithoutHostKick
[==========] Running 1 test from 1 test suite.
[----------] 1 test from HvfIntelRecoveryProbe
[ RUN      ] HvfIntelRecoveryProbe.WithoutHostKick
INTEL_PROBE phase=executor_retained
INTEL_RECOVERY host_kick=omitted
INTEL_LIFECYCLE phase=vcpu_destroy_begin generation=311 owner=42432
INTEL_LIFECYCLE phase=vcpu_destroy_end generation=311 owner=42432
INTEL_LIFECYCLE phase=vm_destroy_begin generation=311 owner=42432
INTEL_LIFECYCLE phase=vm_destroy_end generation=311 owner=42432
INTEL_LIFECYCLE phase=vm_create_begin generation=312 owner=42432
INTEL_LIFECYCLE phase=vm_create_end generation=312 owner=42432
INTEL_LIFECYCLE phase=vcpu_create_begin generation=312 owner=42432
INTEL_LIFECYCLE phase=vcpu_create_end generation=312 owner=42432
[       OK ] HvfIntelRecoveryProbe.WithoutHostKick (301 ms)
[----------] 1 test from HvfIntelRecoveryProbe (301 ms total)

[==========] 1 test from 1 test suite ran. (301 ms total)
[  PASSED  ] 1 test.

Repeating all tests (iteration 312) . . .

Note: Google Test filter = HvfIntelRecoveryProbe.WithoutHostKick
[==========] Running 1 test from 1 test suite.
[----------] 1 test from HvfIntelRecoveryProbe
[ RUN      ] HvfIntelRecoveryProbe.WithoutHostKick
INTEL_PROBE phase=executor_retained
INTEL_RECOVERY host_kick=omitted
INTEL_LIFECYCLE phase=vcpu_destroy_begin generation=312 owner=42432
INTEL_LIFECYCLE phase=vcpu_destroy_end generation=312 owner=42432
INTEL_LIFECYCLE phase=vm_destroy_begin generation=312 owner=42432
INTEL_LIFECYCLE phase=vm_destroy_end generation=312 owner=42432
INTEL_LIFECYCLE phase=vm_create_begin generation=313 owner=42432
INTEL_LIFECYCLE phase=vm_create_end generation=313 owner=42432
INTEL_LIFECYCLE phase=vcpu_create_begin generation=313 owner=42432
INTEL_LIFECYCLE phase=vcpu_create_end generation=313 owner=42432
[       OK ] HvfIntelRecoveryProbe.WithoutHostKick (125 ms)
[----------] 1 test from HvfIntelRecoveryProbe (125 ms total)

[==========] 1 test from 1 test suite ran. (126 ms total)
[  PASSED  ] 1 test.

Repeating all tests (iteration 313) . . .

Note: Google Test filter = HvfIntelRecoveryProbe.WithoutHostKick
[==========] Running 1 test from 1 test suite.
[----------] 1 test from HvfIntelRecoveryProbe
[ RUN      ] HvfIntelRecoveryProbe.WithoutHostKick
INTEL_PROBE phase=executor_retained
INTEL_RECOVERY host_kick=omitted
INTEL_LIFECYCLE phase=vcpu_destroy_begin generation=313 owner=42432
INTEL_LIFECYCLE phase=vcpu_destroy_end generation=313 owner=42432
INTEL_LIFECYCLE phase=vm_destroy_begin generation=313 owner=42432
INTEL_LIFECYCLE phase=vm_destroy_end generation=313 owner=42432
INTEL_LIFECYCLE phase=vm_create_begin generation=314 owner=42432
INTEL_LIFECYCLE phase=vm_create_end generation=314 owner=42432
INTEL_LIFECYCLE phase=vcpu_create_begin generation=314 owner=42432
INTEL_LIFECYCLE phase=vcpu_create_end generation=314 owner=42432
[       OK ] HvfIntelRecoveryProbe.WithoutHostKick (414 ms)
[----------] 1 test from HvfIntelRecoveryProbe (414 ms total)

[==========] 1 test from 1 test suite ran. (414 ms total)
[  PASSED  ] 1 test.

Repeating all tests (iteration 314) . . .

Note: Google Test filter = HvfIntelRecoveryProbe.WithoutHostKick
[==========] Running 1 test from 1 test suite.
[----------] 1 test from HvfIntelRecoveryProbe
[ RUN      ] HvfIntelRecoveryProbe.WithoutHostKick
INTEL_PROBE phase=executor_retained
INTEL_RECOVERY host_kick=omitted
INTEL_LIFECYCLE phase=vcpu_destroy_begin generation=314 owner=42432
INTEL_LIFECYCLE phase=vcpu_destroy_end generation=314 owner=42432
INTEL_LIFECYCLE phase=vm_destroy_begin generation=314 owner=42432
INTEL_LIFECYCLE phase=vm_destroy_end generation=314 owner=42432
INTEL_LIFECYCLE phase=vm_create_begin generation=315 owner=42432
INTEL_LIFECYCLE phase=vm_create_end generation=315 owner=42432
INTEL_LIFECYCLE phase=vcpu_create_begin generation=315 owner=42432
INTEL_LIFECYCLE phase=vcpu_create_end generation=315 owner=42432
[       OK ] HvfIntelRecoveryProbe.WithoutHostKick (332 ms)
[----------] 1 test from HvfIntelRecoveryProbe (332 ms total)

[==========] 1 test from 1 test suite ran. (332 ms total)
[  PASSED  ] 1 test.

Repeating all tests (iteration 315) . . .

Note: Google Test filter = HvfIntelRecoveryProbe.WithoutHostKick
[==========] Running 1 test from 1 test suite.
[----------] 1 test from HvfIntelRecoveryProbe
[ RUN      ] HvfIntelRecoveryProbe.WithoutHostKick
INTEL_PROBE phase=executor_retained
INTEL_RECOVERY host_kick=omitted
INTEL_LIFECYCLE phase=vcpu_destroy_begin generation=315 owner=42432
INTEL_LIFECYCLE phase=vcpu_destroy_end generation=315 owner=42432
INTEL_LIFECYCLE phase=vm_destroy_begin generation=315 owner=42432
INTEL_LIFECYCLE phase=vm_destroy_end generation=315 owner=42432
INTEL_LIFECYCLE phase=vm_create_begin generation=316 owner=42432
INTEL_LIFECYCLE phase=vm_create_end generation=316 owner=42432
INTEL_LIFECYCLE phase=vcpu_create_begin generation=316 owner=42432
INTEL_LIFECYCLE phase=vcpu_create_end generation=316 owner=42432
[       OK ] HvfIntelRecoveryProbe.WithoutHostKick (266 ms)
[----------] 1 test from HvfIntelRecoveryProbe (266 ms total)

[==========] 1 test from 1 test suite ran. (266 ms total)
[  PASSED  ] 1 test.

Repeating all tests (iteration 316) . . .

Note: Google Test filter = HvfIntelRecoveryProbe.WithoutHostKick
[==========] Running 1 test from 1 test suite.
[----------] 1 test from HvfIntelRecoveryProbe
[ RUN      ] HvfIntelRecoveryProbe.WithoutHostKick
INTEL_PROBE phase=executor_retained
INTEL_RECOVERY host_kick=omitted
INTEL_LIFECYCLE phase=vcpu_destroy_begin generation=316 owner=42432
INTEL_LIFECYCLE phase=vcpu_destroy_end generation=316 owner=42432
INTEL_LIFECYCLE phase=vm_destroy_begin generation=316 owner=42432
INTEL_LIFECYCLE phase=vm_destroy_end generation=316 owner=42432
INTEL_LIFECYCLE phase=vm_create_begin generation=317 owner=42432
INTEL_LIFECYCLE phase=vm_create_end generation=317 owner=42432
INTEL_LIFECYCLE phase=vcpu_create_begin generation=317 owner=42432
INTEL_LIFECYCLE phase=vcpu_create_end generation=317 owner=42432
[       OK ] HvfIntelRecoveryProbe.WithoutHostKick (207 ms)
[----------] 1 test from HvfIntelRecoveryProbe (207 ms total)

[==========] 1 test from 1 test suite ran. (207 ms total)
[  PASSED  ] 1 test.

Repeating all tests (iteration 317) . . .

Note: Google Test filter = HvfIntelRecoveryProbe.WithoutHostKick
[==========] Running 1 test from 1 test suite.
[----------] 1 test from HvfIntelRecoveryProbe
[ RUN      ] HvfIntelRecoveryProbe.WithoutHostKick
INTEL_PROBE phase=executor_retained
INTEL_RECOVERY host_kick=omitted
INTEL_LIFECYCLE phase=vcpu_destroy_begin generation=317 owner=42432
INTEL_LIFECYCLE phase=vcpu_destroy_end generation=317 owner=42432
INTEL_LIFECYCLE phase=vm_destroy_begin generation=317 owner=42432
INTEL_LIFECYCLE phase=vm_destroy_end generation=317 owner=42432
INTEL_LIFECYCLE phase=vm_create_begin generation=318 owner=42432
INTEL_LIFECYCLE phase=vm_create_end generation=318 owner=42432
INTEL_LIFECYCLE phase=vcpu_create_begin generation=318 owner=42432
INTEL_LIFECYCLE phase=vcpu_create_end generation=318 owner=42432
[       OK ] HvfIntelRecoveryProbe.WithoutHostKick (192 ms)
[----------] 1 test from HvfIntelRecoveryProbe (192 ms total)

[==========] 1 test from 1 test suite ran. (192 ms total)
[  PASSED  ] 1 test.

Repeating all tests (iteration 318) . . .

Note: Google Test filter = HvfIntelRecoveryProbe.WithoutHostKick
[==========] Running 1 test from 1 test suite.
[----------] 1 test from HvfIntelRecoveryProbe
[ RUN      ] HvfIntelRecoveryProbe.WithoutHostKick
INTEL_PROBE phase=executor_retained
INTEL_RECOVERY host_kick=omitted
INTEL_LIFECYCLE phase=vcpu_destroy_begin generation=318 owner=42432
INTEL_LIFECYCLE phase=vcpu_destroy_end generation=318 owner=42432
INTEL_LIFECYCLE phase=vm_destroy_begin generation=318 owner=42432
INTEL_LIFECYCLE phase=vm_destroy_end generation=318 owner=42432
INTEL_LIFECYCLE phase=vm_create_begin generation=319 owner=42432
INTEL_LIFECYCLE phase=vm_create_end generation=319 owner=42432
INTEL_LIFECYCLE phase=vcpu_create_begin generation=319 owner=42432
INTEL_LIFECYCLE phase=vcpu_create_end generation=319 owner=42432
[       OK ] HvfIntelRecoveryProbe.WithoutHostKick (311 ms)
[----------] 1 test from HvfIntelRecoveryProbe (311 ms total)

[==========] 1 test from 1 test suite ran. (311 ms total)
[  PASSED  ] 1 test.

Repeating all tests (iteration 319) . . .

Note: Google Test filter = HvfIntelRecoveryProbe.WithoutHostKick
[==========] Running 1 test from 1 test suite.
[----------] 1 test from HvfIntelRecoveryProbe
[ RUN      ] HvfIntelRecoveryProbe.WithoutHostKick
INTEL_PROBE phase=executor_retained
INTEL_RECOVERY host_kick=omitted
INTEL_LIFECYCLE phase=vcpu_destroy_begin generation=319 owner=42432
INTEL_LIFECYCLE phase=vcpu_destroy_end generation=319 owner=42432
INTEL_LIFECYCLE phase=vm_destroy_begin generation=319 owner=42432
INTEL_LIFECYCLE phase=vm_destroy_end generation=319 owner=42432
INTEL_LIFECYCLE phase=vm_create_begin generation=320 owner=42432
INTEL_LIFECYCLE phase=vm_create_end generation=320 owner=42432
INTEL_LIFECYCLE phase=vcpu_create_begin generation=320 owner=42432
INTEL_LIFECYCLE phase=vcpu_create_end generation=320 owner=42432
[       OK ] HvfIntelRecoveryProbe.WithoutHostKick (295 ms)
[----------] 1 test from HvfIntelRecoveryProbe (295 ms total)

[==========] 1 test from 1 test suite ran. (295 ms total)
[  PASSED  ] 1 test.

Repeating all tests (iteration 320) . . .

Note: Google Test filter = HvfIntelRecoveryProbe.WithoutHostKick
[==========] Running 1 test from 1 test suite.
[----------] 1 test from HvfIntelRecoveryProbe
[ RUN      ] HvfIntelRecoveryProbe.WithoutHostKick
INTEL_PROBE phase=executor_retained
INTEL_RECOVERY host_kick=omitted
INTEL_LIFECYCLE phase=vcpu_destroy_begin generation=320 owner=42432
INTEL_LIFECYCLE phase=vcpu_destroy_end generation=320 owner=42432
INTEL_LIFECYCLE phase=vm_destroy_begin generation=320 owner=42432
INTEL_LIFECYCLE phase=vm_destroy_end generation=320 owner=42432
INTEL_LIFECYCLE phase=vm_create_begin generation=321 owner=42432
INTEL_LIFECYCLE phase=vm_create_end generation=321 owner=42432
INTEL_LIFECYCLE phase=vcpu_create_begin generation=321 owner=42432
INTEL_LIFECYCLE phase=vcpu_create_end generation=321 owner=42432
[       OK ] HvfIntelRecoveryProbe.WithoutHostKick (289 ms)
[----------] 1 test from HvfIntelRecoveryProbe (289 ms total)

[==========] 1 test from 1 test suite ran. (289 ms total)
[  PASSED  ] 1 test.

Repeating all tests (iteration 321) . . .

Note: Google Test filter = HvfIntelRecoveryProbe.WithoutHostKick
[==========] Running 1 test from 1 test suite.
[----------] 1 test from HvfIntelRecoveryProbe
[ RUN      ] HvfIntelRecoveryProbe.WithoutHostKick
INTEL_PROBE phase=executor_retained
INTEL_RECOVERY host_kick=omitted
INTEL_LIFECYCLE phase=vcpu_destroy_begin generation=321 owner=42432
INTEL_LIFECYCLE phase=vcpu_destroy_end generation=321 owner=42432
INTEL_LIFECYCLE phase=vm_destroy_begin generation=321 owner=42432
INTEL_LIFECYCLE phase=vm_destroy_end generation=321 owner=42432
INTEL_LIFECYCLE phase=vm_create_begin generation=322 owner=42432
INTEL_LIFECYCLE phase=vm_create_end generation=322 owner=42432
INTEL_LIFECYCLE phase=vcpu_create_begin generation=322 owner=42432
INTEL_LIFECYCLE phase=vcpu_create_end generation=322 owner=42432
[       OK ] HvfIntelRecoveryProbe.WithoutHostKick (273 ms)
[----------] 1 test from HvfIntelRecoveryProbe (273 ms total)

[==========] 1 test from 1 test suite ran. (273 ms total)
[  PASSED  ] 1 test.

Repeating all tests (iteration 322) . . .

Note: Google Test filter = HvfIntelRecoveryProbe.WithoutHostKick
[==========] Running 1 test from 1 test suite.
[----------] 1 test from HvfIntelRecoveryProbe
[ RUN      ] HvfIntelRecoveryProbe.WithoutHostKick
INTEL_PROBE phase=executor_retained
INTEL_RECOVERY host_kick=omitted
INTEL_LIFECYCLE phase=vcpu_destroy_begin generation=322 owner=42432
INTEL_LIFECYCLE phase=vcpu_destroy_end generation=322 owner=42432
INTEL_LIFECYCLE phase=vm_destroy_begin generation=322 owner=42432
INTEL_LIFECYCLE phase=vm_destroy_end generation=322 owner=42432
INTEL_LIFECYCLE phase=vm_create_begin generation=323 owner=42432
INTEL_LIFECYCLE phase=vm_create_end generation=323 owner=42432
INTEL_LIFECYCLE phase=vcpu_create_begin generation=323 owner=42432
INTEL_LIFECYCLE phase=vcpu_create_end generation=323 owner=42432
[       OK ] HvfIntelRecoveryProbe.WithoutHostKick (381 ms)
[----------] 1 test from HvfIntelRecoveryProbe (381 ms total)

[==========] 1 test from 1 test suite ran. (381 ms total)
[  PASSED  ] 1 test.

Repeating all tests (iteration 323) . . .

Note: Google Test filter = HvfIntelRecoveryProbe.WithoutHostKick
[==========] Running 1 test from 1 test suite.
[----------] 1 test from HvfIntelRecoveryProbe
[ RUN      ] HvfIntelRecoveryProbe.WithoutHostKick
INTEL_PROBE phase=executor_retained
INTEL_RECOVERY host_kick=omitted
INTEL_LIFECYCLE phase=vcpu_destroy_begin generation=323 owner=42432
INTEL_LIFECYCLE phase=vcpu_destroy_end generation=323 owner=42432
INTEL_LIFECYCLE phase=vm_destroy_begin generation=323 owner=42432
INTEL_LIFECYCLE phase=vm_destroy_end generation=323 owner=42432
INTEL_LIFECYCLE phase=vm_create_begin generation=324 owner=42432
INTEL_LIFECYCLE phase=vm_create_end generation=324 owner=42432
INTEL_LIFECYCLE phase=vcpu_create_begin generation=324 owner=42432
INTEL_LIFECYCLE phase=vcpu_create_end generation=324 owner=42432
[       OK ] HvfIntelRecoveryProbe.WithoutHostKick (347 ms)
[----------] 1 test from HvfIntelRecoveryProbe (347 ms total)

[==========] 1 test from 1 test suite ran. (347 ms total)
[  PASSED  ] 1 test.

Repeating all tests (iteration 324) . . .

Note: Google Test filter = HvfIntelRecoveryProbe.WithoutHostKick
[==========] Running 1 test from 1 test suite.
[----------] 1 test from HvfIntelRecoveryProbe
[ RUN      ] HvfIntelRecoveryProbe.WithoutHostKick
INTEL_PROBE phase=executor_retained
INTEL_RECOVERY host_kick=omitted
INTEL_LIFECYCLE phase=vcpu_destroy_begin generation=324 owner=42432
INTEL_LIFECYCLE phase=vcpu_destroy_end generation=324 owner=42432
INTEL_LIFECYCLE phase=vm_destroy_begin generation=324 owner=42432
INTEL_LIFECYCLE phase=vm_destroy_end generation=324 owner=42432
INTEL_LIFECYCLE phase=vm_create_begin generation=325 owner=42432
INTEL_LIFECYCLE phase=vm_create_end generation=325 owner=42432
INTEL_LIFECYCLE phase=vcpu_create_begin generation=325 owner=42432
INTEL_LIFECYCLE phase=vcpu_create_end generation=325 owner=42432
[       OK ] HvfIntelRecoveryProbe.WithoutHostKick (200 ms)
[----------] 1 test from HvfIntelRecoveryProbe (200 ms total)

[==========] 1 test from 1 test suite ran. (200 ms total)
[  PASSED  ] 1 test.

Repeating all tests (iteration 325) . . .

Note: Google Test filter = HvfIntelRecoveryProbe.WithoutHostKick
[==========] Running 1 test from 1 test suite.
[----------] 1 test from HvfIntelRecoveryProbe
[ RUN      ] HvfIntelRecoveryProbe.WithoutHostKick
INTEL_PROBE phase=executor_retained
INTEL_RECOVERY host_kick=omitted
INTEL_LIFECYCLE phase=vcpu_destroy_begin generation=325 owner=42432
INTEL_LIFECYCLE phase=vcpu_destroy_end generation=325 owner=42432
INTEL_LIFECYCLE phase=vm_destroy_begin generation=325 owner=42432
INTEL_LIFECYCLE phase=vm_destroy_end generation=325 owner=42432
INTEL_LIFECYCLE phase=vm_create_begin generation=326 owner=42432
INTEL_LIFECYCLE phase=vm_create_end generation=326 owner=42432
INTEL_LIFECYCLE phase=vcpu_create_begin generation=326 owner=42432
INTEL_LIFECYCLE phase=vcpu_create_end generation=326 owner=42432
[       OK ] HvfIntelRecoveryProbe.WithoutHostKick (319 ms)
[----------] 1 test from HvfIntelRecoveryProbe (320 ms total)

[==========] 1 test from 1 test suite ran. (320 ms total)
[  PASSED  ] 1 test.

Repeating all tests (iteration 326) . . .

Note: Google Test filter = HvfIntelRecoveryProbe.WithoutHostKick
[==========] Running 1 test from 1 test suite.
[----------] 1 test from HvfIntelRecoveryProbe
[ RUN      ] HvfIntelRecoveryProbe.WithoutHostKick
INTEL_PROBE phase=executor_retained
