Running main() from /Users/runner/work/test_mac_intel/test_mac_intel/source/build-hvf/_deps/googletest-src/googletest/src/gtest_main.cc

Repeating all tests (iteration 1) . . .

Note: Google Test filter = HvfIntelProbe.FiniteDeadline
[==========] Running 1 test from 1 test suite.
[----------] Global test environment set-up.
[----------] 1 test from HvfIntelProbe
[ RUN      ] HvfIntelProbe.FiniteDeadline
INTEL_PROBE phase=executor_initialization
INTEL_PROBE phase=executor_retained
INTEL_PROBE phase=startup_probe
INTEL_PROBE phase=prepare_with_transport
INTEL_PROBE witness_budget mach_start=1887800289450 mach_end=1889799843621 remaining_ns=1999554171 timebase_numer=1 timebase_denom=1 max_calls=4096
INTEL_PROBE begin=finite_loop call=1 deadline=1887805336112 rip=65537 nonce=1887799443256 witness=0
INTEL_PROBE end=finite_loop call=1 status=0 mach_before=1887800343112 mach_after=1887805686504
INTEL_PROBE capture=finite_loop call=1 exec_before=1123558 exec_after=6330504 reason_before=37 reason=52 rip_before=65537 rip=65540 rax=1887799443256 nonce=1887799443256 witness=1887799443256
INTEL_PROBE phase=prepare_with_transport
INTEL_PROBE begin=expired_mtf call=2 deadline=0 rip=65543 nonce=1887805788928 witness=0
INTEL_PROBE end=expired_mtf call=2 status=0 mach_before=1887807011534 mach_after=1887807054821
INTEL_PROBE capture=expired_mtf call=2 exec_before=6695233 exec_after=6736284 reason_before=37 reason=52 rip_before=65543 rip=65543 rax=1887805788928 nonce=1887805788928 witness=0
INTEL_PROBE phase=prepare_with_transport
INTEL_PROBE begin=finite_mtf call=3 deadline=1887812923991 rip=65543 nonce=1887807118428 witness=0
INTEL_PROBE end=finite_mtf call=3 status=0 mach_before=1887807941151 mach_after=1887808374410
INTEL_PROBE capture=finite_mtf call=3 exec_before=7059385 exec_after=7392153 reason_before=37 reason=37 rip_before=65543 rip=65546 rax=1887807118429 nonce=1887807118428 witness=0
INTEL_PROBE phase=verified_retry
INTEL_PROBE phase=prepare_with_transport
INTEL_PROBE phase=finite_retirement
INTEL_LIFECYCLE phase=vcpu_destroy_begin generation=1 owner=98184
INTEL_LIFECYCLE phase=vcpu_destroy_end generation=1 owner=98184
INTEL_LIFECYCLE phase=vm_destroy_begin generation=1 owner=98184
INTEL_LIFECYCLE phase=vm_destroy_end generation=1 owner=98184
INTEL_LIFECYCLE phase=vm_create_begin generation=2 owner=98184
INTEL_LIFECYCLE phase=vm_create_end generation=2 owner=98184
INTEL_LIFECYCLE phase=vcpu_create_begin generation=2 owner=98184
INTEL_LIFECYCLE phase=vcpu_create_end generation=2 owner=98184
[       OK ] HvfIntelProbe.FiniteDeadline (20 ms)
[----------] 1 test from HvfIntelProbe (20 ms total)

[==========] 1 test from 1 test suite ran. (21 ms total)
[  PASSED  ] 1 test.

Repeating all tests (iteration 2) . . .

Note: Google Test filter = HvfIntelProbe.FiniteDeadline
[==========] Running 1 test from 1 test suite.
[----------] 1 test from HvfIntelProbe
[ RUN      ] HvfIntelProbe.FiniteDeadline
INTEL_PROBE phase=executor_initialization
INTEL_PROBE phase=executor_retained
INTEL_PROBE phase=startup_probe
INTEL_PROBE phase=prepare_with_transport
INTEL_PROBE witness_budget mach_start=1887817441239 mach_end=1889816880987 remaining_ns=1999439748 timebase_numer=1 timebase_denom=1 max_calls=4096
INTEL_PROBE begin=finite_loop call=1 deadline=1887822464715 rip=65537 nonce=1887816532877 witness=0
INTEL_PROBE end=finite_loop call=1 status=0 mach_before=1887817471801 mach_after=1887827768564
INTEL_PROBE capture=finite_loop call=1 exec_before=930845 exec_after=11001904 reason_before=37 reason=52 rip_before=65537 rip=65540 rax=1887816532877 nonce=1887816532877 witness=1887816532877
INTEL_PROBE phase=prepare_with_transport
INTEL_PROBE begin=expired_mtf call=2 deadline=0 rip=65543 nonce=1887827857354 witness=0
INTEL_PROBE end=expired_mtf call=2 status=0 mach_before=1887829088863 mach_after=1887829135183
INTEL_PROBE capture=expired_mtf call=2 exec_before=11327996 exec_after=11371990 reason_before=37 reason=52 rip_before=65543 rip=65543 rax=1887827857354 nonce=1887827857354 witness=0
INTEL_PROBE phase=prepare_with_transport
INTEL_PROBE begin=finite_mtf call=3 deadline=1887835242341 rip=65543 nonce=1887829199633 witness=0
INTEL_PROBE end=finite_mtf call=3 status=0 mach_before=1887830273515 mach_after=1887830690545
INTEL_PROBE capture=finite_mtf call=3 exec_before=11784976 exec_after=12117135 reason_before=37 reason=37 rip_before=65543 rip=65546 rax=1887829199634 nonce=1887829199633 witness=0
INTEL_PROBE phase=verified_retry
INTEL_PROBE phase=prepare_with_transport
INTEL_PROBE phase=finite_retirement
INTEL_LIFECYCLE phase=vcpu_destroy_begin generation=2 owner=98184
INTEL_LIFECYCLE phase=vcpu_destroy_end generation=2 owner=98184
INTEL_LIFECYCLE phase=vm_destroy_begin generation=2 owner=98184
INTEL_LIFECYCLE phase=vm_destroy_end generation=2 owner=98184
INTEL_LIFECYCLE phase=vm_create_begin generation=3 owner=98184
INTEL_LIFECYCLE phase=vm_create_end generation=3 owner=98184
INTEL_LIFECYCLE phase=vcpu_create_begin generation=3 owner=98184
INTEL_LIFECYCLE phase=vcpu_create_end generation=3 owner=98184
[       OK ] HvfIntelProbe.FiniteDeadline (21 ms)
[----------] 1 test from HvfIntelProbe (21 ms total)

[==========] 1 test from 1 test suite ran. (21 ms total)
[  PASSED  ] 1 test.

Repeating all tests (iteration 3) . . .

Note: Google Test filter = HvfIntelProbe.FiniteDeadline
[==========] Running 1 test from 1 test suite.
[----------] 1 test from HvfIntelProbe
[ RUN      ] HvfIntelProbe.FiniteDeadline
INTEL_PROBE phase=executor_initialization
INTEL_PROBE phase=executor_retained
INTEL_PROBE phase=startup_probe
INTEL_PROBE phase=prepare_with_transport
INTEL_PROBE witness_budget mach_start=1887839311850 mach_end=1889838755924 remaining_ns=1999444074 timebase_numer=1 timebase_denom=1 max_calls=4096
INTEL_PROBE begin=finite_loop call=1 deadline=1887844329358 rip=65537 nonce=1887838381198 witness=0
INTEL_PROBE end=finite_loop call=1 status=0 mach_before=1887839334333 mach_after=1887848382970
INTEL_PROBE capture=finite_loop call=1 exec_before=937312 exec_after=9781717 reason_before=37 reason=52 rip_before=65537 rip=65540 rax=1887838381198 nonce=1887838381198 witness=1887838381198
INTEL_PROBE phase=prepare_with_transport
INTEL_PROBE begin=expired_mtf call=2 deadline=0 rip=65543 nonce=1887848459470 witness=0
INTEL_PROBE end=expired_mtf call=2 status=0 mach_before=1887849905167 mach_after=1887849975267
INTEL_PROBE capture=expired_mtf call=2 exec_before=10198112 exec_after=10265126 reason_before=37 reason=52 rip_before=65543 rip=65543 rax=1887848459470 nonce=1887848459470 witness=0
INTEL_PROBE phase=prepare_with_transport
INTEL_PROBE begin=finite_mtf call=3 deadline=1887855878384 rip=65543 nonce=1887850036251 witness=0
INTEL_PROBE end=finite_mtf call=3 status=0 mach_before=1887850890303 mach_after=1887851294892
INTEL_PROBE capture=finite_mtf call=3 exec_before=10596995 exec_after=10920035 reason_before=37 reason=37 rip_before=65543 rip=65546 rax=1887850036252 nonce=1887850036251 witness=0
INTEL_PROBE phase=verified_retry
INTEL_PROBE phase=prepare_with_transport
INTEL_PROBE phase=finite_retirement
INTEL_LIFECYCLE phase=vcpu_destroy_begin generation=3 owner=98184
INTEL_LIFECYCLE phase=vcpu_destroy_end generation=3 owner=98184
INTEL_LIFECYCLE phase=vm_destroy_begin generation=3 owner=98184
INTEL_LIFECYCLE phase=vm_destroy_end generation=3 owner=98184
INTEL_LIFECYCLE phase=vm_create_begin generation=4 owner=98184
INTEL_LIFECYCLE phase=vm_create_end generation=4 owner=98184
INTEL_LIFECYCLE phase=vcpu_create_begin generation=4 owner=98184
INTEL_LIFECYCLE phase=vcpu_create_end generation=4 owner=98184
[       OK ] HvfIntelProbe.FiniteDeadline (20 ms)
[----------] 1 test from HvfIntelProbe (20 ms total)

[==========] 1 test from 1 test suite ran. (20 ms total)
[  PASSED  ] 1 test.

Repeating all tests (iteration 4) . . .

Note: Google Test filter = HvfIntelProbe.FiniteDeadline
[==========] Running 1 test from 1 test suite.
[----------] 1 test from HvfIntelProbe
[ RUN      ] HvfIntelProbe.FiniteDeadline
INTEL_PROBE phase=executor_initialization
INTEL_PROBE phase=executor_retained
INTEL_PROBE phase=startup_probe
INTEL_PROBE phase=prepare_with_transport
INTEL_PROBE witness_budget mach_start=1887859970873 mach_end=1889859375284 remaining_ns=1999404411 timebase_numer=1 timebase_denom=1 max_calls=4096
INTEL_PROBE begin=finite_loop call=1 deadline=1887865003382 rip=65537 nonce=1887859028405 witness=0
INTEL_PROBE end=finite_loop call=1 status=0 mach_before=1887860008189 mach_after=1887867748555
INTEL_PROBE capture=finite_loop call=1 exec_before=927632 exec_after=8525572 reason_before=37 reason=52 rip_before=65537 rip=65540 rax=1887859028405 nonce=1887859028405 witness=1887859028405
INTEL_PROBE phase=prepare_with_transport
INTEL_PROBE begin=expired_mtf call=2 deadline=0 rip=65543 nonce=1887867825853 witness=0
INTEL_PROBE end=expired_mtf call=2 status=0 mach_before=1887869098053 mach_after=1887869142046
INTEL_PROBE capture=expired_mtf call=2 exec_before=8857053 exec_after=8898717 reason_before=37 reason=52 rip_before=65543 rip=65543 rax=1887867825853 nonce=1887867825853 witness=0
INTEL_PROBE phase=prepare_with_transport
INTEL_PROBE begin=finite_mtf call=3 deadline=1887875035366 rip=65543 nonce=1887869199813 witness=0
INTEL_PROBE end=finite_mtf call=3 status=0 mach_before=1887870047752 mach_after=1887870460357
INTEL_PROBE capture=finite_mtf call=3 exec_before=9226645 exec_after=9555232 reason_before=37 reason=37 rip_before=65543 rip=65546 rax=1887869199814 nonce=1887869199813 witness=0
INTEL_PROBE phase=verified_retry
INTEL_PROBE phase=prepare_with_transport
INTEL_PROBE phase=finite_retirement
INTEL_LIFECYCLE phase=vcpu_destroy_begin generation=4 owner=98184
INTEL_LIFECYCLE phase=vcpu_destroy_end generation=4 owner=98184
INTEL_LIFECYCLE phase=vm_destroy_begin generation=4 owner=98184
INTEL_LIFECYCLE phase=vm_destroy_end generation=4 owner=98184
INTEL_LIFECYCLE phase=vm_create_begin generation=5 owner=98184
INTEL_LIFECYCLE phase=vm_create_end generation=5 owner=98184
INTEL_LIFECYCLE phase=vcpu_create_begin generation=5 owner=98184
INTEL_LIFECYCLE phase=vcpu_create_end generation=5 owner=98184
[       OK ] HvfIntelProbe.FiniteDeadline (19 ms)
[----------] 1 test from HvfIntelProbe (19 ms total)

[==========] 1 test from 1 test suite ran. (19 ms total)
[  PASSED  ] 1 test.

Repeating all tests (iteration 5) . . .

Note: Google Test filter = HvfIntelProbe.FiniteDeadline
[==========] Running 1 test from 1 test suite.
[----------] 1 test from HvfIntelProbe
[ RUN      ] HvfIntelProbe.FiniteDeadline
INTEL_PROBE phase=executor_initialization
INTEL_PROBE phase=executor_retained
INTEL_PROBE phase=startup_probe
INTEL_PROBE phase=prepare_with_transport
INTEL_PROBE witness_budget mach_start=1887880410754 mach_end=1889879874429 remaining_ns=1999463675 timebase_numer=1 timebase_denom=1 max_calls=4096
INTEL_PROBE begin=finite_loop call=1 deadline=1887885427917 rip=65537 nonce=1887879335347 witness=0
INTEL_PROBE end=finite_loop call=1 status=0 mach_before=1887880432532 mach_after=1887885472160
INTEL_PROBE capture=finite_loop call=1 exec_before=1156393 exec_after=6066252 reason_before=37 reason=52 rip_before=65537 rip=65540 rax=1887879335347 nonce=1887879335347 witness=1887879335347
INTEL_PROBE phase=prepare_with_transport
INTEL_PROBE begin=expired_mtf call=2 deadline=0 rip=65543 nonce=1887885544941 witness=0
INTEL_PROBE end=expired_mtf call=2 status=0 mach_before=1887886795476 mach_after=1887886839882
INTEL_PROBE capture=expired_mtf call=2 exec_before=6397665 exec_after=6439627 reason_before=37 reason=52 rip_before=65543 rip=65543 rax=1887885544941 nonce=1887885544941 witness=0
INTEL_PROBE phase=prepare_with_transport
INTEL_PROBE begin=finite_mtf call=3 deadline=1887892693446 rip=65543 nonce=1887886898254 witness=0
INTEL_PROBE end=finite_mtf call=3 status=0 mach_before=1887887705672 mach_after=1887888112287
INTEL_PROBE capture=finite_mtf call=3 exec_before=6765927 exec_after=7090534 reason_before=37 reason=37 rip_before=65543 rip=65546 rax=1887886898255 nonce=1887886898254 witness=0
INTEL_PROBE phase=verified_retry
INTEL_PROBE phase=prepare_with_transport
INTEL_PROBE phase=finite_retirement
INTEL_LIFECYCLE phase=vcpu_destroy_begin generation=5 owner=98184
INTEL_LIFECYCLE phase=vcpu_destroy_end generation=5 owner=98184
INTEL_LIFECYCLE phase=vm_destroy_begin generation=5 owner=98184
INTEL_LIFECYCLE phase=vm_destroy_end generation=5 owner=98184
INTEL_LIFECYCLE phase=vm_create_begin generation=6 owner=98184
INTEL_LIFECYCLE phase=vm_create_end generation=6 owner=98184
INTEL_LIFECYCLE phase=vcpu_create_begin generation=6 owner=98184
INTEL_LIFECYCLE phase=vcpu_create_end generation=6 owner=98184
[       OK ] HvfIntelProbe.FiniteDeadline (17 ms)
[----------] 1 test from HvfIntelProbe (17 ms total)

[==========] 1 test from 1 test suite ran. (17 ms total)
[  PASSED  ] 1 test.

Repeating all tests (iteration 6) . . .

Note: Google Test filter = HvfIntelProbe.FiniteDeadline
[==========] Running 1 test from 1 test suite.
[----------] 1 test from HvfIntelProbe
[ RUN      ] HvfIntelProbe.FiniteDeadline
INTEL_PROBE phase=executor_initialization
INTEL_PROBE phase=executor_retained
INTEL_PROBE phase=startup_probe
INTEL_PROBE phase=prepare_with_transport
INTEL_PROBE witness_budget mach_start=1887897186219 mach_end=1889896726800 remaining_ns=1999540581 timebase_numer=1 timebase_denom=1 max_calls=4096
INTEL_PROBE begin=finite_loop call=1 deadline=1887902203518 rip=65537 nonce=1887896367475 witness=0
INTEL_PROBE end=finite_loop call=1 status=0 mach_before=1887897208550 mach_after=1887898841572
INTEL_PROBE capture=finite_loop call=1 exec_before=999377 exec_after=2363814 reason_before=37 reason=1 rip_before=65537 rip=65540 rax=1887896367475 nonce=1887896367475 witness=1887896367475
INTEL_PROBE begin=finite_loop call=2 deadline=1887902203518 rip=65540 nonce=1887896367475 witness=1887896367475
INTEL_PROBE end=finite_loop call=2 status=0 mach_before=1887898866044 mach_after=1887902248565
INTEL_PROBE capture=finite_loop call=2 exec_before=2363814 exec_after=5652052 reason_before=1 reason=52 rip_before=65540 rip=65540 rax=1887896367475 nonce=1887896367475 witness=1887896367475
INTEL_PROBE phase=prepare_with_transport
INTEL_PROBE begin=expired_mtf call=3 deadline=0 rip=65543 nonce=1887902354084 witness=0
INTEL_PROBE end=expired_mtf call=3 status=0 mach_before=1887903806345 mach_after=1887903876952
INTEL_PROBE capture=expired_mtf call=3 exec_before=5991559 exec_after=6058883 reason_before=37 reason=52 rip_before=65543 rip=65543 rax=1887902354084 nonce=1887902354084 witness=0
INTEL_PROBE phase=prepare_with_transport
INTEL_PROBE begin=finite_mtf call=4 deadline=1887909862358 rip=65543 nonce=1887904001127 witness=0
INTEL_PROBE end=finite_mtf call=4 status=0 mach_before=1887904878044 mach_after=1887905313553
INTEL_PROBE capture=finite_mtf call=4 exec_before=6402384 exec_after=6746534 reason_before=37 reason=37 rip_before=65543 rip=65546 rax=1887904001128 nonce=1887904001127 witness=0
INTEL_PROBE phase=verified_retry
INTEL_PROBE phase=prepare_with_transport
INTEL_PROBE phase=finite_retirement
INTEL_LIFECYCLE phase=vcpu_destroy_begin generation=6 owner=98184
INTEL_LIFECYCLE phase=vcpu_destroy_end generation=6 owner=98184
INTEL_LIFECYCLE phase=vm_destroy_begin generation=6 owner=98184
INTEL_LIFECYCLE phase=vm_destroy_end generation=6 owner=98184
INTEL_LIFECYCLE phase=vm_create_begin generation=7 owner=98184
INTEL_LIFECYCLE phase=vm_create_end generation=7 owner=98184
INTEL_LIFECYCLE phase=vcpu_create_begin generation=7 owner=98184
INTEL_LIFECYCLE phase=vcpu_create_end generation=7 owner=98184
[       OK ] HvfIntelProbe.FiniteDeadline (17 ms)
[----------] 1 test from HvfIntelProbe (17 ms total)

[==========] 1 test from 1 test suite ran. (17 ms total)
[  PASSED  ] 1 test.

Repeating all tests (iteration 7) . . .

Note: Google Test filter = HvfIntelProbe.FiniteDeadline
[==========] Running 1 test from 1 test suite.
[----------] 1 test from HvfIntelProbe
[ RUN      ] HvfIntelProbe.FiniteDeadline
INTEL_PROBE phase=executor_initialization
INTEL_PROBE phase=executor_retained
INTEL_PROBE phase=startup_probe
INTEL_PROBE phase=prepare_with_transport
INTEL_PROBE witness_budget mach_start=1887915072552 mach_end=1889913968107 remaining_ns=1998895555 timebase_numer=1 timebase_denom=1 max_calls=4096
INTEL_PROBE begin=finite_loop call=1 deadline=1887920091679 rip=65537 nonce=1887913635280 witness=0
INTEL_PROBE end=finite_loop call=1 status=0 mach_before=1887915096667 mach_after=1887916747721
INTEL_PROBE capture=finite_loop call=1 exec_before=979175 exec_after=2499580 reason_before=37 reason=1 rip_before=65537 rip=65540 rax=1887913635280 nonce=1887913635280 witness=1887913635280
INTEL_PROBE begin=finite_loop call=2 deadline=1887920091679 rip=65540 nonce=1887913635280 witness=1887913635280
INTEL_PROBE end=finite_loop call=2 status=0 mach_before=1887916787033 mach_after=1887922033157
INTEL_PROBE capture=finite_loop call=2 exec_before=2499580 exec_after=7712889 reason_before=1 reason=52 rip_before=65540 rip=65540 rax=1887913635280 nonce=1887913635280 witness=1887913635280
INTEL_PROBE phase=prepare_with_transport
INTEL_PROBE begin=expired_mtf call=3 deadline=0 rip=65543 nonce=1887922109086 witness=0
INTEL_PROBE end=expired_mtf call=3 status=0 mach_before=1887923944048 mach_after=1887924013550
INTEL_PROBE capture=expired_mtf call=3 exec_before=8096789 exec_after=8163196 reason_before=37 reason=52 rip_before=65543 rip=65543 rax=1887922109086 nonce=1887922109086 witness=0
INTEL_PROBE phase=prepare_with_transport
INTEL_PROBE begin=finite_mtf call=4 deadline=1887930010185 rip=65543 nonce=1887924078185 witness=0
INTEL_PROBE end=finite_mtf call=4 status=0 mach_before=1887925024075 mach_after=1887925443568
INTEL_PROBE capture=finite_mtf call=4 exec_before=8510045 exec_after=8841876 reason_before=37 reason=37 rip_before=65543 rip=65546 rax=1887924078186 nonce=1887924078185 witness=0
INTEL_PROBE phase=verified_retry
INTEL_PROBE phase=prepare_with_transport
INTEL_PROBE phase=finite_retirement
INTEL_LIFECYCLE phase=vcpu_destroy_begin generation=7 owner=98184
INTEL_LIFECYCLE phase=vcpu_destroy_end generation=7 owner=98184
INTEL_LIFECYCLE phase=vm_destroy_begin generation=7 owner=98184
INTEL_LIFECYCLE phase=vm_destroy_end generation=7 owner=98184
INTEL_LIFECYCLE phase=vm_create_begin generation=8 owner=98184
INTEL_LIFECYCLE phase=vm_create_end generation=8 owner=98184
INTEL_LIFECYCLE phase=vcpu_create_begin generation=8 owner=98184
INTEL_LIFECYCLE phase=vcpu_create_end generation=8 owner=98184
[       OK ] HvfIntelProbe.FiniteDeadline (20 ms)
[----------] 1 test from HvfIntelProbe (20 ms total)

[==========] 1 test from 1 test suite ran. (20 ms total)
[  PASSED  ] 1 test.

Repeating all tests (iteration 8) . . .

Note: Google Test filter = HvfIntelProbe.FiniteDeadline
[==========] Running 1 test from 1 test suite.
[----------] 1 test from HvfIntelProbe
[ RUN      ] HvfIntelProbe.FiniteDeadline
INTEL_PROBE phase=executor_initialization
INTEL_PROBE phase=executor_retained
INTEL_PROBE phase=startup_probe
INTEL_PROBE phase=prepare_with_transport
INTEL_PROBE witness_budget mach_start=1887935569408 mach_end=1889934539371 remaining_ns=1998969963 timebase_numer=1 timebase_denom=1 max_calls=4096
INTEL_PROBE begin=finite_loop call=1 deadline=1887940587292 rip=65537 nonce=1887934208004 witness=0
INTEL_PROBE end=finite_loop call=1 status=0 mach_before=1887935592203 mach_after=1887937482388
INTEL_PROBE capture=finite_loop call=1 exec_before=1106998 exec_after=2805291 reason_before=37 reason=1 rip_before=65537 rip=65540 rax=1887934208004 nonce=1887934208004 witness=1887934208004
INTEL_PROBE begin=finite_loop call=2 deadline=1887940587292 rip=65540 nonce=1887934208004 witness=1887934208004
INTEL_PROBE end=finite_loop call=2 status=0 mach_before=1887937508767 mach_after=1887940630290
INTEL_PROBE capture=finite_loop call=2 exec_before=2805291 exec_after=5910660 reason_before=1 reason=52 rip_before=65540 rip=65540 rax=1887934208004 nonce=1887934208004 witness=1887934208004
INTEL_PROBE phase=prepare_with_transport
INTEL_PROBE begin=expired_mtf call=3 deadline=0 rip=65543 nonce=1887940686925 witness=0
INTEL_PROBE end=expired_mtf call=3 status=0 mach_before=1887942120952 mach_after=1887942165241
INTEL_PROBE capture=expired_mtf call=3 exec_before=6265619 exec_after=6307456 reason_before=37 reason=52 rip_before=65543 rip=65543 rax=1887940686925 nonce=1887940686925 witness=0
INTEL_PROBE phase=prepare_with_transport
INTEL_PROBE begin=finite_mtf call=4 deadline=1887948058367 rip=65543 nonce=1887942223431 witness=0
INTEL_PROBE end=finite_mtf call=4 status=0 mach_before=1887943091621 mach_after=1887943548877
INTEL_PROBE capture=finite_mtf call=4 exec_before=6635246 exec_after=6998280 reason_before=37 reason=37 rip_before=65543 rip=65546 rax=1887942223432 nonce=1887942223431 witness=0
INTEL_PROBE phase=verified_retry
INTEL_PROBE phase=prepare_with_transport
INTEL_PROBE phase=finite_retirement
INTEL_LIFECYCLE phase=vcpu_destroy_begin generation=8 owner=98184
INTEL_LIFECYCLE phase=vcpu_destroy_end generation=8 owner=98184
INTEL_LIFECYCLE phase=vm_destroy_begin generation=8 owner=98184
INTEL_LIFECYCLE phase=vm_destroy_end generation=8 owner=98184
INTEL_LIFECYCLE phase=vm_create_begin generation=9 owner=98184
INTEL_LIFECYCLE phase=vm_create_end generation=9 owner=98184
INTEL_LIFECYCLE phase=vcpu_create_begin generation=9 owner=98184
INTEL_LIFECYCLE phase=vcpu_create_end generation=9 owner=98184
[       OK ] HvfIntelProbe.FiniteDeadline (17 ms)
[----------] 1 test from HvfIntelProbe (17 ms total)

[==========] 1 test from 1 test suite ran. (17 ms total)
[  PASSED  ] 1 test.

Repeating all tests (iteration 9) . . .

Note: Google Test filter = HvfIntelProbe.FiniteDeadline
[==========] Running 1 test from 1 test suite.
[----------] 1 test from HvfIntelProbe
[ RUN      ] HvfIntelProbe.FiniteDeadline
INTEL_PROBE phase=executor_initialization
INTEL_PROBE phase=executor_retained
INTEL_PROBE phase=startup_probe
INTEL_PROBE phase=prepare_with_transport
INTEL_PROBE witness_budget mach_start=1887953156666 mach_end=1889952400546 remaining_ns=1999243880 timebase_numer=1 timebase_denom=1 max_calls=4096
INTEL_PROBE begin=finite_loop call=1 deadline=1887958174018 rip=65537 nonce=1887951767480 witness=0
INTEL_PROBE end=finite_loop call=1 status=0 mach_before=1887953178857 mach_after=1887956723910
INTEL_PROBE capture=finite_loop call=1 exec_before=1219585 exec_after=4401436 reason_before=37 reason=1 rip_before=65537 rip=65540 rax=1887951767480 nonce=1887951767480 witness=1887951767480
INTEL_PROBE begin=finite_loop call=2 deadline=1887958174018 rip=65540 nonce=1887951767480 witness=1887951767480
INTEL_PROBE end=finite_loop call=2 status=0 mach_before=1887956749459 mach_after=1887958255595
INTEL_PROBE capture=finite_loop call=2 exec_before=4401436 exec_after=5904173 reason_before=1 reason=52 rip_before=65540 rip=65540 rax=1887951767480 nonce=1887951767480 witness=1887951767480
INTEL_PROBE phase=prepare_with_transport
INTEL_PROBE begin=expired_mtf call=3 deadline=0 rip=65543 nonce=1887958317419 witness=0
INTEL_PROBE end=expired_mtf call=3 status=0 mach_before=1887960114895 mach_after=1887960228334
INTEL_PROBE capture=expired_mtf call=3 exec_before=6234729 exec_after=6344968 reason_before=37 reason=52 rip_before=65543 rip=65543 rax=1887958317419 nonce=1887958317419 witness=0
INTEL_PROBE phase=prepare_with_transport
INTEL_PROBE begin=finite_mtf call=4 deadline=1887966184169 rip=65543 nonce=1887960288982 witness=0
INTEL_PROBE end=finite_mtf call=4 status=0 mach_before=1887961195504 mach_after=1887961599739
INTEL_PROBE capture=finite_mtf call=4 exec_before=6699933 exec_after=7022613 reason_before=37 reason=37 rip_before=65543 rip=65546 rax=1887960288983 nonce=1887960288982 witness=0
INTEL_PROBE phase=verified_retry
INTEL_PROBE phase=prepare_with_transport
INTEL_PROBE phase=finite_retirement
INTEL_LIFECYCLE phase=vcpu_destroy_begin generation=9 owner=98184
INTEL_LIFECYCLE phase=vcpu_destroy_end generation=9 owner=98184
INTEL_LIFECYCLE phase=vm_destroy_begin generation=9 owner=98184
INTEL_LIFECYCLE phase=vm_destroy_end generation=9 owner=98184
INTEL_LIFECYCLE phase=vm_create_begin generation=10 owner=98184
INTEL_LIFECYCLE phase=vm_create_end generation=10 owner=98184
INTEL_LIFECYCLE phase=vcpu_create_begin generation=10 owner=98184
INTEL_LIFECYCLE phase=vcpu_create_end generation=10 owner=98184
[       OK ] HvfIntelProbe.FiniteDeadline (18 ms)
[----------] 1 test from HvfIntelProbe (18 ms total)

[==========] 1 test from 1 test suite ran. (18 ms total)
[  PASSED  ] 1 test.

Repeating all tests (iteration 10) . . .

Note: Google Test filter = HvfIntelProbe.FiniteDeadline
[==========] Running 1 test from 1 test suite.
[----------] 1 test from HvfIntelProbe
[ RUN      ] HvfIntelProbe.FiniteDeadline
INTEL_PROBE phase=executor_initialization
INTEL_PROBE phase=executor_retained
INTEL_PROBE phase=startup_probe
INTEL_PROBE phase=prepare_with_transport
INTEL_PROBE witness_budget mach_start=1887971579623 mach_end=1889970877099 remaining_ns=1999297476 timebase_numer=1 timebase_denom=1 max_calls=4096
INTEL_PROBE begin=finite_loop call=1 deadline=1887976595761 rip=65537 nonce=1887970565047 witness=0
INTEL_PROBE end=finite_loop call=1 status=0 mach_before=1887971600949 mach_after=1887976740637
INTEL_PROBE capture=finite_loop call=1 exec_before=1174529 exec_after=6177285 reason_before=37 reason=52 rip_before=65537 rip=65540 rax=1887970565047 nonce=1887970565047 witness=1887970565047
INTEL_PROBE phase=prepare_with_transport
INTEL_PROBE begin=expired_mtf call=2 deadline=0 rip=65543 nonce=1887976839410 witness=0
INTEL_PROBE end=expired_mtf call=2 status=0 mach_before=1887978125764 mach_after=1887978170357
INTEL_PROBE capture=expired_mtf call=2 exec_before=6536641 exec_after=6578891 reason_before=37 reason=52 rip_before=65543 rip=65543 rax=1887976839410 nonce=1887976839410 witness=0
INTEL_PROBE phase=prepare_with_transport
INTEL_PROBE begin=finite_mtf call=3 deadline=1887984338634 rip=65543 nonce=1887978272564 witness=0
INTEL_PROBE end=finite_mtf call=3 status=0 mach_before=1887979356553 mach_after=1887979873625
INTEL_PROBE capture=finite_mtf call=3 exec_before=6913395 exec_after=7297101 reason_before=37 reason=37 rip_before=65543 rip=65546 rax=1887978272565 nonce=1887978272564 witness=0
INTEL_PROBE phase=verified_retry
INTEL_PROBE phase=prepare_with_transport
INTEL_PROBE phase=finite_retirement
INTEL_LIFECYCLE phase=vcpu_destroy_begin generation=10 owner=98184
INTEL_LIFECYCLE phase=vcpu_destroy_end generation=10 owner=98184
INTEL_LIFECYCLE phase=vm_destroy_begin generation=10 owner=98184
INTEL_LIFECYCLE phase=vm_destroy_end generation=10 owner=98184
INTEL_LIFECYCLE phase=vm_create_begin generation=11 owner=98184
INTEL_LIFECYCLE phase=vm_create_end generation=11 owner=98184
INTEL_LIFECYCLE phase=vcpu_create_begin generation=11 owner=98184
INTEL_LIFECYCLE phase=vcpu_create_end generation=11 owner=98184
[       OK ] HvfIntelProbe.FiniteDeadline (18 ms)
[----------] 1 test from HvfIntelProbe (18 ms total)

[==========] 1 test from 1 test suite ran. (18 ms total)
[  PASSED  ] 1 test.

Repeating all tests (iteration 11) . . .

Note: Google Test filter = HvfIntelProbe.FiniteDeadline
[==========] Running 1 test from 1 test suite.
[----------] 1 test from HvfIntelProbe
[ RUN      ] HvfIntelProbe.FiniteDeadline
INTEL_PROBE phase=executor_initialization
INTEL_PROBE phase=executor_retained
INTEL_PROBE phase=startup_probe
INTEL_PROBE phase=prepare_with_transport
INTEL_PROBE witness_budget mach_start=1887990056295 mach_end=1889989258747 remaining_ns=1999202452 timebase_numer=1 timebase_denom=1 max_calls=4096
INTEL_PROBE begin=finite_loop call=1 deadline=1887995077784 rip=65537 nonce=1887988924037 witness=0
INTEL_PROBE end=finite_loop call=1 status=0 mach_before=1887990082462 mach_after=1887993879449
INTEL_PROBE capture=finite_loop call=1 exec_before=1007805 exec_after=4611673 reason_before=37 reason=1 rip_before=65537 rip=65540 rax=1887988924037 nonce=1887988924037 witness=1887988924037
INTEL_PROBE begin=finite_loop call=2 deadline=1887995077784 rip=65540 nonce=1887988924037 witness=1887988924037
INTEL_PROBE end=finite_loop call=2 status=0 mach_before=1887993912166 mach_after=1887995128841
INTEL_PROBE capture=finite_loop call=2 exec_before=4611673 exec_after=5822863 reason_before=1 reason=52 rip_before=65540 rip=65540 rax=1887988924037 nonce=1887988924037 witness=1887988924037
INTEL_PROBE phase=prepare_with_transport
INTEL_PROBE begin=expired_mtf call=3 deadline=0 rip=65543 nonce=1887995197121 witness=0
INTEL_PROBE end=expired_mtf call=3 status=0 mach_before=1887997026094 mach_after=1887997070917
INTEL_PROBE capture=expired_mtf call=3 exec_before=6240564 exec_after=6282684 reason_before=37 reason=52 rip_before=65543 rip=65543 rax=1887995197121 nonce=1887995197121 witness=0
INTEL_PROBE phase=prepare_with_transport
INTEL_PROBE begin=finite_mtf call=4 deadline=1888003104257 rip=65543 nonce=1887997164295 witness=0
INTEL_PROBE end=finite_mtf call=4 status=0 mach_before=1887998117403 mach_after=1887998530468
INTEL_PROBE capture=finite_mtf call=4 exec_before=6684467 exec_after=7012485 reason_before=37 reason=37 rip_before=65543 rip=65546 rax=1887997164296 nonce=1887997164295 witness=0
INTEL_PROBE phase=verified_retry
INTEL_PROBE phase=prepare_with_transport
INTEL_PROBE phase=finite_retirement
INTEL_LIFECYCLE phase=vcpu_destroy_begin generation=11 owner=98184
INTEL_LIFECYCLE phase=vcpu_destroy_end generation=11 owner=98184
INTEL_LIFECYCLE phase=vm_destroy_begin generation=11 owner=98184
INTEL_LIFECYCLE phase=vm_destroy_end generation=11 owner=98184
INTEL_LIFECYCLE phase=vm_create_begin generation=12 owner=98184
INTEL_LIFECYCLE phase=vm_create_end generation=12 owner=98184
INTEL_LIFECYCLE phase=vcpu_create_begin generation=12 owner=98184
INTEL_LIFECYCLE phase=vcpu_create_end generation=12 owner=98184
[       OK ] HvfIntelProbe.FiniteDeadline (18 ms)
[----------] 1 test from HvfIntelProbe (18 ms total)

[==========] 1 test from 1 test suite ran. (18 ms total)
[  PASSED  ] 1 test.

Repeating all tests (iteration 12) . . .

Note: Google Test filter = HvfIntelProbe.FiniteDeadline
[==========] Running 1 test from 1 test suite.
[----------] 1 test from HvfIntelProbe
[ RUN      ] HvfIntelProbe.FiniteDeadline
INTEL_PROBE phase=executor_initialization
INTEL_PROBE phase=executor_retained
INTEL_PROBE phase=startup_probe
INTEL_PROBE phase=prepare_with_transport
INTEL_PROBE witness_budget mach_start=1888008164456 mach_end=1890007596038 remaining_ns=1999431582 timebase_numer=1 timebase_denom=1 max_calls=4096
INTEL_PROBE begin=finite_loop call=1 deadline=1888013178385 rip=65537 nonce=1888007216443 witness=0
INTEL_PROBE end=finite_loop call=1 status=0 mach_before=1888008182805 mach_after=1888013222006
INTEL_PROBE capture=finite_loop call=1 exec_before=1016717 exec_after=5879669 reason_before=37 reason=52 rip_before=65537 rip=65540 rax=1888007216443 nonce=1888007216443 witness=1888007216443
INTEL_PROBE phase=prepare_with_transport
INTEL_PROBE begin=expired_mtf call=2 deadline=0 rip=65543 nonce=1888013348709 witness=0
INTEL_PROBE end=expired_mtf call=2 status=0 mach_before=1888014970535 mach_after=1888015014806
INTEL_PROBE capture=expired_mtf call=2 exec_before=6245947 exec_after=6287775 reason_before=37 reason=52 rip_before=65543 rip=65543 rax=1888013348709 nonce=1888013348709 witness=0
INTEL_PROBE phase=prepare_with_transport
INTEL_PROBE begin=finite_mtf call=3 deadline=1888020985121 rip=65543 nonce=1888015073008 witness=0
INTEL_PROBE end=finite_mtf call=3 status=0 mach_before=1888015999877 mach_after=1888016485153
INTEL_PROBE capture=finite_mtf call=3 exec_before=6617635 exec_after=6973610 reason_before=37 reason=37 rip_before=65543 rip=65546 rax=1888015073009 nonce=1888015073008 witness=0
INTEL_PROBE phase=verified_retry
INTEL_PROBE phase=prepare_with_transport
INTEL_PROBE phase=finite_retirement
INTEL_LIFECYCLE phase=vcpu_destroy_begin generation=12 owner=98184
INTEL_LIFECYCLE phase=vcpu_destroy_end generation=12 owner=98184
INTEL_LIFECYCLE phase=vm_destroy_begin generation=12 owner=98184
INTEL_LIFECYCLE phase=vm_destroy_end generation=12 owner=98184
INTEL_LIFECYCLE phase=vm_create_begin generation=13 owner=98184
INTEL_LIFECYCLE phase=vm_create_end generation=13 owner=98184
INTEL_LIFECYCLE phase=vcpu_create_begin generation=13 owner=98184
INTEL_LIFECYCLE phase=vcpu_create_end generation=13 owner=98184
[       OK ] HvfIntelProbe.FiniteDeadline (17 ms)
[----------] 1 test from HvfIntelProbe (17 ms total)

[==========] 1 test from 1 test suite ran. (17 ms total)
[  PASSED  ] 1 test.

Repeating all tests (iteration 13) . . .

Note: Google Test filter = HvfIntelProbe.FiniteDeadline
[==========] Running 1 test from 1 test suite.
[----------] 1 test from HvfIntelProbe
[ RUN      ] HvfIntelProbe.FiniteDeadline
INTEL_PROBE phase=executor_initialization
INTEL_PROBE phase=executor_retained
INTEL_PROBE phase=startup_probe
INTEL_PROBE phase=prepare_with_transport
INTEL_PROBE witness_budget mach_start=1888026452732 mach_end=1890025646165 remaining_ns=1999193433 timebase_numer=1 timebase_denom=1 max_calls=4096
INTEL_PROBE begin=finite_loop call=1 deadline=1888031472256 rip=65537 nonce=1888025133273 witness=0
INTEL_PROBE end=finite_loop call=1 status=0 mach_before=1888026477278 mach_after=1888031516107
INTEL_PROBE capture=finite_loop call=1 exec_before=1198986 exec_after=6069489 reason_before=37 reason=52 rip_before=65537 rip=65540 rax=1888025133273 nonce=1888025133273 witness=1888025133273
INTEL_PROBE phase=prepare_with_transport
INTEL_PROBE begin=expired_mtf call=2 deadline=0 rip=65543 nonce=1888031583170 witness=0
INTEL_PROBE end=expired_mtf call=2 status=0 mach_before=1888032984066 mach_after=1888033028214
INTEL_PROBE capture=expired_mtf call=2 exec_before=6504722 exec_after=6546517 reason_before=37 reason=52 rip_before=65543 rip=65543 rax=1888031583170 nonce=1888031583170 witness=0
INTEL_PROBE phase=prepare_with_transport
INTEL_PROBE begin=finite_mtf call=3 deadline=1888038895057 rip=65543 nonce=1888033085624 witness=0
INTEL_PROBE end=finite_mtf call=3 status=0 mach_before=1888033910598 mach_after=1888034404037
INTEL_PROBE capture=finite_mtf call=3 exec_before=6875244 exec_after=7235007 reason_before=37 reason=37 rip_before=65543 rip=65546 rax=1888033085625 nonce=1888033085624 witness=0
INTEL_PROBE phase=verified_retry
INTEL_PROBE phase=prepare_with_transport
INTEL_PROBE phase=finite_retirement
INTEL_LIFECYCLE phase=vcpu_destroy_begin generation=13 owner=98184
INTEL_LIFECYCLE phase=vcpu_destroy_end generation=13 owner=98184
INTEL_LIFECYCLE phase=vm_destroy_begin generation=13 owner=98184
INTEL_LIFECYCLE phase=vm_destroy_end generation=13 owner=98184
INTEL_LIFECYCLE phase=vm_create_begin generation=14 owner=98184
INTEL_LIFECYCLE phase=vm_create_end generation=14 owner=98184
INTEL_LIFECYCLE phase=vcpu_create_begin generation=14 owner=98184
INTEL_LIFECYCLE phase=vcpu_create_end generation=14 owner=98184
[       OK ] HvfIntelProbe.FiniteDeadline (17 ms)
[----------] 1 test from HvfIntelProbe (17 ms total)

[==========] 1 test from 1 test suite ran. (17 ms total)
[  PASSED  ] 1 test.

Repeating all tests (iteration 14) . . .

Note: Google Test filter = HvfIntelProbe.FiniteDeadline
[==========] Running 1 test from 1 test suite.
[----------] 1 test from HvfIntelProbe
[ RUN      ] HvfIntelProbe.FiniteDeadline
INTEL_PROBE phase=executor_initialization
INTEL_PROBE phase=executor_retained
INTEL_PROBE phase=startup_probe
INTEL_PROBE phase=prepare_with_transport
INTEL_PROBE witness_budget mach_start=1888043986845 mach_end=1890043509008 remaining_ns=1999522163 timebase_numer=1 timebase_denom=1 max_calls=4096
INTEL_PROBE begin=finite_loop call=1 deadline=1888049003987 rip=65537 nonce=1888043038814 witness=0
INTEL_PROBE end=finite_loop call=1 status=0 mach_before=1888044008587 mach_after=1888048490888
INTEL_PROBE capture=finite_loop call=1 exec_before=1074536 exec_after=5288620 reason_before=37 reason=1 rip_before=65537 rip=65540 rax=1888043038814 nonce=1888043038814 witness=1888043038814
INTEL_PROBE begin=finite_loop call=2 deadline=1888049003987 rip=65540 nonce=1888043038814 witness=1888043038814
INTEL_PROBE end=finite_loop call=2 status=0 mach_before=1888048526963 mach_after=1888049503050
INTEL_PROBE capture=finite_loop call=2 exec_before=5288620 exec_after=6259724 reason_before=1 reason=52 rip_before=65540 rip=65540 rax=1888043038814 nonce=1888043038814 witness=1888043038814
INTEL_PROBE phase=prepare_with_transport
INTEL_PROBE begin=expired_mtf call=3 deadline=0 rip=65543 nonce=1888049599551 witness=0
INTEL_PROBE end=expired_mtf call=3 status=0 mach_before=1888051386297 mach_after=1888051429030
INTEL_PROBE capture=expired_mtf call=3 exec_before=6713653 exec_after=6754099 reason_before=37 reason=52 rip_before=65543 rip=65543 rax=1888049599551 nonce=1888049599551 witness=0
INTEL_PROBE phase=prepare_with_transport
INTEL_PROBE begin=finite_mtf call=4 deadline=1888057290223 rip=65543 nonce=1888051486658 witness=0
INTEL_PROBE end=finite_mtf call=4 status=0 mach_before=1888052321586 mach_after=1888052737419
INTEL_PROBE capture=finite_mtf call=4 exec_before=7082319 exec_after=7413435 reason_before=37 reason=37 rip_before=65543 rip=65546 rax=1888051486659 nonce=1888051486658 witness=0
INTEL_PROBE phase=verified_retry
INTEL_PROBE phase=prepare_with_transport
INTEL_PROBE phase=finite_retirement
INTEL_LIFECYCLE phase=vcpu_destroy_begin generation=14 owner=98184
INTEL_LIFECYCLE phase=vcpu_destroy_end generation=14 owner=98184
INTEL_LIFECYCLE phase=vm_destroy_begin generation=14 owner=98184
INTEL_LIFECYCLE phase=vm_destroy_end generation=14 owner=98184
INTEL_LIFECYCLE phase=vm_create_begin generation=15 owner=98184
INTEL_LIFECYCLE phase=vm_create_end generation=15 owner=98184
INTEL_LIFECYCLE phase=vcpu_create_begin generation=15 owner=98184
INTEL_LIFECYCLE phase=vcpu_create_end generation=15 owner=98184
[       OK ] HvfIntelProbe.FiniteDeadline (18 ms)
[----------] 1 test from HvfIntelProbe (18 ms total)

[==========] 1 test from 1 test suite ran. (18 ms total)
[  PASSED  ] 1 test.

Repeating all tests (iteration 15) . . .

Note: Google Test filter = HvfIntelProbe.FiniteDeadline
[==========] Running 1 test from 1 test suite.
[----------] 1 test from HvfIntelProbe
[ RUN      ] HvfIntelProbe.FiniteDeadline
INTEL_PROBE phase=executor_initialization
INTEL_PROBE phase=executor_retained
INTEL_PROBE phase=startup_probe
INTEL_PROBE phase=prepare_with_transport
INTEL_PROBE witness_budget mach_start=1888062144750 mach_end=1890061362765 remaining_ns=1999218015 timebase_numer=1 timebase_denom=1 max_calls=4096
INTEL_PROBE begin=finite_loop call=1 deadline=1888067164686 rip=65537 nonce=1888061035858 witness=0
INTEL_PROBE end=finite_loop call=1 status=0 mach_before=1888062169559 mach_after=1888067386377
INTEL_PROBE capture=finite_loop call=1 exec_before=956737 exec_after=6013568 reason_before=37 reason=52 rip_before=65537 rip=65540 rax=1888061035858 nonce=1888061035858 witness=1888061035858
INTEL_PROBE phase=prepare_with_transport
INTEL_PROBE begin=expired_mtf call=2 deadline=0 rip=65543 nonce=1888067456794 witness=0
INTEL_PROBE end=expired_mtf call=2 status=0 mach_before=1888069192502 mach_after=1888069257944
INTEL_PROBE capture=expired_mtf call=2 exec_before=6519631 exec_after=6582080 reason_before=37 reason=52 rip_before=65543 rip=65543 rax=1888067456794 nonce=1888067456794 witness=0
INTEL_PROBE phase=prepare_with_transport
INTEL_PROBE begin=finite_mtf call=3 deadline=1888075250429 rip=65543 nonce=1888069311046 witness=0
INTEL_PROBE end=finite_mtf call=3 status=0 mach_before=1888070266143 mach_after=1888070685336
INTEL_PROBE capture=finite_mtf call=3 exec_before=6912972 exec_after=7246320 reason_before=37 reason=37 rip_before=65543 rip=65546 rax=1888069311047 nonce=1888069311046 witness=0
INTEL_PROBE phase=verified_retry
INTEL_PROBE phase=prepare_with_transport
INTEL_PROBE phase=finite_retirement
INTEL_LIFECYCLE phase=vcpu_destroy_begin generation=15 owner=98184
INTEL_LIFECYCLE phase=vcpu_destroy_end generation=15 owner=98184
INTEL_LIFECYCLE phase=vm_destroy_begin generation=15 owner=98184
INTEL_LIFECYCLE phase=vm_destroy_end generation=15 owner=98184
INTEL_LIFECYCLE phase=vm_create_begin generation=16 owner=98184
INTEL_LIFECYCLE phase=vm_create_end generation=16 owner=98184
INTEL_LIFECYCLE phase=vcpu_create_begin generation=16 owner=98184
INTEL_LIFECYCLE phase=vcpu_create_end generation=16 owner=98184
[       OK ] HvfIntelProbe.FiniteDeadline (17 ms)
[----------] 1 test from HvfIntelProbe (17 ms total)

[==========] 1 test from 1 test suite ran. (17 ms total)
[  PASSED  ] 1 test.

Repeating all tests (iteration 16) . . .

Note: Google Test filter = HvfIntelProbe.FiniteDeadline
[==========] Running 1 test from 1 test suite.
[----------] 1 test from HvfIntelProbe
[ RUN      ] HvfIntelProbe.FiniteDeadline
INTEL_PROBE phase=executor_initialization
INTEL_PROBE phase=executor_retained
INTEL_PROBE phase=startup_probe
INTEL_PROBE phase=prepare_with_transport
INTEL_PROBE witness_budget mach_start=1888080323033 mach_end=1890079638912 remaining_ns=1999315879 timebase_numer=1 timebase_denom=1 max_calls=4096
INTEL_PROBE begin=finite_loop call=1 deadline=1888085357289 rip=65537 nonce=1888079303646 witness=0
INTEL_PROBE end=finite_loop call=1 status=0 mach_before=1888080362817 mach_after=1888085406019
INTEL_PROBE capture=finite_loop call=1 exec_before=1075868 exec_after=5978738 reason_before=37 reason=52 rip_before=65537 rip=65540 rax=1888079303646 nonce=1888079303646 witness=1888079303646
INTEL_PROBE phase=prepare_with_transport
INTEL_PROBE begin=expired_mtf call=2 deadline=0 rip=65543 nonce=1888086309822 witness=0
INTEL_PROBE end=expired_mtf call=2 status=0 mach_before=1888088621142 mach_after=1888088741953
INTEL_PROBE capture=expired_mtf call=2 exec_before=6323203 exec_after=6440593 reason_before=37 reason=52 rip_before=65543 rip=65543 rax=1888086309822 nonce=1888086309822 witness=0
INTEL_PROBE phase=prepare_with_transport
INTEL_PROBE begin=finite_mtf call=3 deadline=1888095358026 rip=65543 nonce=1888088812868 witness=0
INTEL_PROBE end=finite_mtf call=3 status=0 mach_before=1888090379660 mach_after=1888090871999
INTEL_PROBE capture=finite_mtf call=3 exec_before=6847107 exec_after=7190109 reason_before=37 reason=37 rip_before=65543 rip=65546 rax=1888088812869 nonce=1888088812868 witness=0
INTEL_PROBE phase=verified_retry
INTEL_PROBE phase=prepare_with_transport
INTEL_PROBE phase=finite_retirement
INTEL_LIFECYCLE phase=vcpu_destroy_begin generation=16 owner=98184
INTEL_LIFECYCLE phase=vcpu_destroy_end generation=16 owner=98184
INTEL_LIFECYCLE phase=vm_destroy_begin generation=16 owner=98184
INTEL_LIFECYCLE phase=vm_destroy_end generation=16 owner=98184
INTEL_LIFECYCLE phase=vm_create_begin generation=17 owner=98184
INTEL_LIFECYCLE phase=vm_create_end generation=17 owner=98184
INTEL_LIFECYCLE phase=vcpu_create_begin generation=17 owner=98184
INTEL_LIFECYCLE phase=vcpu_create_end generation=17 owner=98184
[       OK ] HvfIntelProbe.FiniteDeadline (20 ms)
[----------] 1 test from HvfIntelProbe (21 ms total)

[==========] 1 test from 1 test suite ran. (21 ms total)
[  PASSED  ] 1 test.

Repeating all tests (iteration 17) . . .

Note: Google Test filter = HvfIntelProbe.FiniteDeadline
[==========] Running 1 test from 1 test suite.
[----------] 1 test from HvfIntelProbe
[ RUN      ] HvfIntelProbe.FiniteDeadline
INTEL_PROBE phase=executor_initialization
INTEL_PROBE phase=executor_retained
INTEL_PROBE phase=startup_probe
INTEL_PROBE phase=prepare_with_transport
INTEL_PROBE witness_budget mach_start=1888102058128 mach_end=1890100708386 remaining_ns=1998650258 timebase_numer=1 timebase_denom=1 max_calls=4096
INTEL_PROBE begin=finite_loop call=1 deadline=1888107077176 rip=65537 nonce=1888100382998 witness=0
INTEL_PROBE end=finite_loop call=1 status=0 mach_before=1888102082390 mach_after=1888103978101
INTEL_PROBE capture=finite_loop call=1 exec_before=959035 exec_after=2657374 reason_before=37 reason=1 rip_before=65537 rip=65540 rax=1888100382998 nonce=1888100382998 witness=1888100382998
INTEL_PROBE begin=finite_loop call=2 deadline=1888107077176 rip=65540 nonce=1888100382998 witness=1888100382998
INTEL_PROBE end=finite_loop call=2 status=0 mach_before=1888104007583 mach_after=1888106794479
INTEL_PROBE capture=finite_loop call=2 exec_before=2657374 exec_after=5330196 reason_before=1 reason=1 rip_before=65540 rip=65540 rax=1888100382998 nonce=1888100382998 witness=1888100382998
INTEL_PROBE begin=finite_loop call=3 deadline=1888107077176 rip=65540 nonce=1888100382998 witness=1888100382998
INTEL_PROBE end=finite_loop call=3 status=0 mach_before=1888106831545 mach_after=1888107173033
INTEL_PROBE capture=finite_loop call=3 exec_before=5330196 exec_after=5667573 reason_before=1 reason=52 rip_before=65540 rip=65540 rax=1888100382998 nonce=1888100382998 witness=1888100382998
INTEL_PROBE phase=prepare_with_transport
INTEL_PROBE begin=expired_mtf call=4 deadline=0 rip=65543 nonce=1888107240229 witness=0
INTEL_PROBE end=expired_mtf call=4 status=0 mach_before=1888108544653 mach_after=1888108613368
INTEL_PROBE capture=expired_mtf call=4 exec_before=6029294 exec_after=6094699 reason_before=37 reason=52 rip_before=65543 rip=65543 rax=1888107240229 nonce=1888107240229 witness=0
INTEL_PROBE phase=prepare_with_transport
INTEL_PROBE begin=finite_mtf call=5 deadline=1888114886473 rip=65543 nonce=1888108696562 witness=0
INTEL_PROBE end=finite_mtf call=5 status=0 mach_before=1888109900559 mach_after=1888110411293
INTEL_PROBE capture=finite_mtf call=5 exec_before=6538057 exec_after=6942394 reason_before=37 reason=37 rip_before=65543 rip=65546 rax=1888108696563 nonce=1888108696562 witness=0
INTEL_PROBE phase=verified_retry
INTEL_PROBE phase=prepare_with_transport
INTEL_PROBE phase=finite_retirement
INTEL_LIFECYCLE phase=vcpu_destroy_begin generation=17 owner=98184
INTEL_LIFECYCLE phase=vcpu_destroy_end generation=17 owner=98184
INTEL_LIFECYCLE phase=vm_destroy_begin generation=17 owner=98184
INTEL_LIFECYCLE phase=vm_destroy_end generation=17 owner=98184
INTEL_LIFECYCLE phase=vm_create_begin generation=18 owner=98184
INTEL_LIFECYCLE phase=vm_create_end generation=18 owner=98184
INTEL_LIFECYCLE phase=vcpu_create_begin generation=18 owner=98184
INTEL_LIFECYCLE phase=vcpu_create_end generation=18 owner=98184
[       OK ] HvfIntelProbe.FiniteDeadline (18 ms)
[----------] 1 test from HvfIntelProbe (18 ms total)

[==========] 1 test from 1 test suite ran. (18 ms total)
[  PASSED  ] 1 test.

Repeating all tests (iteration 18) . . .

Note: Google Test filter = HvfIntelProbe.FiniteDeadline
[==========] Running 1 test from 1 test suite.
[----------] 1 test from HvfIntelProbe
[ RUN      ] HvfIntelProbe.FiniteDeadline
INTEL_PROBE phase=executor_initialization
INTEL_PROBE phase=executor_retained
INTEL_PROBE phase=startup_probe
INTEL_PROBE phase=prepare_with_transport
INTEL_PROBE witness_budget mach_start=1888120763020 mach_end=1890120112408 remaining_ns=1999349388 timebase_numer=1 timebase_denom=1 max_calls=4096
INTEL_PROBE begin=finite_loop call=1 deadline=1888125784496 rip=65537 nonce=1888119553718 witness=0
INTEL_PROBE end=finite_loop call=1 status=0 mach_before=1888120789320 mach_after=1888125836272
INTEL_PROBE capture=finite_loop call=1 exec_before=1280270 exec_after=6175299 reason_before=37 reason=52 rip_before=65537 rip=65540 rax=1888119553718 nonce=1888119553718 witness=1888119553718
INTEL_PROBE phase=prepare_with_transport
INTEL_PROBE begin=expired_mtf call=2 deadline=0 rip=65543 nonce=1888125923000 witness=0
INTEL_PROBE end=expired_mtf call=2 status=0 mach_before=1888127955307 mach_after=1888127999124
INTEL_PROBE capture=expired_mtf call=2 exec_before=6659837 exec_after=6701241 reason_before=37 reason=52 rip_before=65543 rip=65543 rax=1888125923000 nonce=1888125923000 witness=0
INTEL_PROBE phase=prepare_with_transport
INTEL_PROBE begin=finite_mtf call=3 deadline=1888134482523 rip=65543 nonce=1888128076722 witness=0
INTEL_PROBE end=finite_mtf call=3 status=0 mach_before=1888129517602 mach_after=1888130204728
INTEL_PROBE capture=finite_mtf call=3 exec_before=7164034 exec_after=7604135 reason_before=37 reason=37 rip_before=65543 rip=65546 rax=1888128076723 nonce=1888128076722 witness=0
INTEL_PROBE phase=verified_retry
INTEL_PROBE phase=prepare_with_transport
INTEL_PROBE phase=finite_retirement
INTEL_LIFECYCLE phase=vcpu_destroy_begin generation=18 owner=98184
INTEL_LIFECYCLE phase=vcpu_destroy_end generation=18 owner=98184
INTEL_LIFECYCLE phase=vm_destroy_begin generation=18 owner=98184
INTEL_LIFECYCLE phase=vm_destroy_end generation=18 owner=98184
INTEL_LIFECYCLE phase=vm_create_begin generation=19 owner=98184
INTEL_LIFECYCLE phase=vm_create_end generation=19 owner=98184
INTEL_LIFECYCLE phase=vcpu_create_begin generation=19 owner=98184
INTEL_LIFECYCLE phase=vcpu_create_end generation=19 owner=98184
[       OK ] HvfIntelProbe.FiniteDeadline (19 ms)
[----------] 1 test from HvfIntelProbe (19 ms total)

[==========] 1 test from 1 test suite ran. (19 ms total)
[  PASSED  ] 1 test.

Repeating all tests (iteration 19) . . .

Note: Google Test filter = HvfIntelProbe.FiniteDeadline
[==========] Running 1 test from 1 test suite.
[----------] 1 test from HvfIntelProbe
[ RUN      ] HvfIntelProbe.FiniteDeadline
INTEL_PROBE phase=executor_initialization
INTEL_PROBE phase=executor_retained
INTEL_PROBE phase=startup_probe
INTEL_PROBE phase=prepare_with_transport
INTEL_PROBE witness_budget mach_start=1888140666913 mach_end=1890140013648 remaining_ns=1999346735 timebase_numer=1 timebase_denom=1 max_calls=4096
INTEL_PROBE begin=finite_loop call=1 deadline=1888145694032 rip=65537 nonce=1888139626111 witness=0
INTEL_PROBE end=finite_loop call=1 status=0 mach_before=1888140701261 mach_after=1888145832132
INTEL_PROBE capture=finite_loop call=1 exec_before=1283289 exec_after=6272626 reason_before=37 reason=52 rip_before=65537 rip=65540 rax=1888139626111 nonce=1888139626111 witness=1888139626111
INTEL_PROBE phase=prepare_with_transport
INTEL_PROBE begin=expired_mtf call=2 deadline=0 rip=65543 nonce=1888145930797 witness=0
INTEL_PROBE end=expired_mtf call=2 status=0 mach_before=1888148198482 mach_after=1888148269364
INTEL_PROBE capture=expired_mtf call=2 exec_before=6680397 exec_after=6747656 reason_before=37 reason=52 rip_before=65543 rip=65543 rax=1888145930797 nonce=1888145930797 witness=0
INTEL_PROBE phase=prepare_with_transport
INTEL_PROBE begin=finite_mtf call=3 deadline=1888154376737 rip=65543 nonce=1888148373240 witness=0
INTEL_PROBE end=finite_mtf call=3 status=0 mach_before=1888149392873 mach_after=1888149864201
INTEL_PROBE capture=finite_mtf call=3 exec_before=7086626 exec_after=7451589 reason_before=37 reason=37 rip_before=65543 rip=65546 rax=1888148373241 nonce=1888148373240 witness=0
INTEL_PROBE phase=verified_retry
INTEL_PROBE phase=prepare_with_transport
INTEL_PROBE phase=finite_retirement
INTEL_LIFECYCLE phase=vcpu_destroy_begin generation=19 owner=98184
INTEL_LIFECYCLE phase=vcpu_destroy_end generation=19 owner=98184
INTEL_LIFECYCLE phase=vm_destroy_begin generation=19 owner=98184
INTEL_LIFECYCLE phase=vm_destroy_end generation=19 owner=98184
INTEL_LIFECYCLE phase=vm_create_begin generation=20 owner=98184
INTEL_LIFECYCLE phase=vm_create_end generation=20 owner=98184
INTEL_LIFECYCLE phase=vcpu_create_begin generation=20 owner=98184
INTEL_LIFECYCLE phase=vcpu_create_end generation=20 owner=98184
[       OK ] HvfIntelProbe.FiniteDeadline (20 ms)
[----------] 1 test from HvfIntelProbe (20 ms total)

[==========] 1 test from 1 test suite ran. (20 ms total)
[  PASSED  ] 1 test.

Repeating all tests (iteration 20) . . .

Note: Google Test filter = HvfIntelProbe.FiniteDeadline
[==========] Running 1 test from 1 test suite.
[----------] 1 test from HvfIntelProbe
[ RUN      ] HvfIntelProbe.FiniteDeadline
INTEL_PROBE phase=executor_initialization
INTEL_PROBE phase=executor_retained
INTEL_PROBE phase=startup_probe
INTEL_PROBE phase=prepare_with_transport
INTEL_PROBE witness_budget mach_start=1888160468877 mach_end=1890159454272 remaining_ns=1998985395 timebase_numer=1 timebase_denom=1 max_calls=4096
INTEL_PROBE begin=finite_loop call=1 deadline=1888165488022 rip=65537 nonce=1888159107365 witness=0
INTEL_PROBE end=finite_loop call=1 status=0 mach_before=1888160492788 mach_after=1888165538502
INTEL_PROBE capture=finite_loop call=1 exec_before=1025170 exec_after=5864039 reason_before=37 reason=52 rip_before=65537 rip=65540 rax=1888159107365 nonce=1888159107365 witness=1888159107365
INTEL_PROBE phase=prepare_with_transport
INTEL_PROBE begin=expired_mtf call=2 deadline=0 rip=65543 nonce=1888165627433 witness=0
INTEL_PROBE end=expired_mtf call=2 status=0 mach_before=1888167163481 mach_after=1888167264229
INTEL_PROBE capture=expired_mtf call=2 exec_before=6198317 exec_after=6295553 reason_before=37 reason=52 rip_before=65543 rip=65543 rax=1888165627433 nonce=1888165627433 witness=0
INTEL_PROBE phase=prepare_with_transport
INTEL_PROBE begin=finite_mtf call=3 deadline=1888173419081 rip=65543 nonce=1888167320945 witness=0
INTEL_PROBE end=finite_mtf call=3 status=0 mach_before=1888168434667 mach_after=1888168844372
INTEL_PROBE capture=finite_mtf call=3 exec_before=6758910 exec_after=7085230 reason_before=37 reason=37 rip_before=65543 rip=65546 rax=1888167320946 nonce=1888167320945 witness=0
INTEL_PROBE phase=verified_retry
INTEL_PROBE phase=prepare_with_transport
INTEL_PROBE phase=finite_retirement
INTEL_LIFECYCLE phase=vcpu_destroy_begin generation=20 owner=98184
INTEL_LIFECYCLE phase=vcpu_destroy_end generation=20 owner=98184
INTEL_LIFECYCLE phase=vm_destroy_begin generation=20 owner=98184
INTEL_LIFECYCLE phase=vm_destroy_end generation=20 owner=98184
INTEL_LIFECYCLE phase=vm_create_begin generation=21 owner=98184
INTEL_LIFECYCLE phase=vm_create_end generation=21 owner=98184
INTEL_LIFECYCLE phase=vcpu_create_begin generation=21 owner=98184
INTEL_LIFECYCLE phase=vcpu_create_end generation=21 owner=98184
[       OK ] HvfIntelProbe.FiniteDeadline (18 ms)
[----------] 1 test from HvfIntelProbe (18 ms total)

[==========] 1 test from 1 test suite ran. (18 ms total)
[  PASSED  ] 1 test.

Repeating all tests (iteration 21) . . .

Note: Google Test filter = HvfIntelProbe.FiniteDeadline
[==========] Running 1 test from 1 test suite.
[----------] 1 test from HvfIntelProbe
[ RUN      ] HvfIntelProbe.FiniteDeadline
INTEL_PROBE phase=executor_initialization
INTEL_PROBE phase=executor_retained
INTEL_PROBE phase=startup_probe
INTEL_PROBE phase=prepare_with_transport
INTEL_PROBE witness_budget mach_start=1888178995459 mach_end=1890178449304 remaining_ns=1999453845 timebase_numer=1 timebase_denom=1 max_calls=4096
INTEL_PROBE begin=finite_loop call=1 deadline=1888184024598 rip=65537 nonce=1888178073569 witness=0
INTEL_PROBE end=finite_loop call=1 status=0 mach_before=1888179031704 mach_after=1888184088244
INTEL_PROBE capture=finite_loop call=1 exec_before=1078695 exec_after=6032781 reason_before=37 reason=52 rip_before=65537 rip=65540 rax=1888178073569 nonce=1888178073569 witness=1888178073569
INTEL_PROBE phase=prepare_with_transport
INTEL_PROBE begin=expired_mtf call=2 deadline=0 rip=65543 nonce=1888184175282 witness=0
INTEL_PROBE end=expired_mtf call=2 status=0 mach_before=1888185571080 mach_after=1888185615400
INTEL_PROBE capture=expired_mtf call=2 exec_before=6460782 exec_after=6502819 reason_before=37 reason=52 rip_before=65543 rip=65543 rax=1888184175282 nonce=1888184175282 witness=0
INTEL_PROBE phase=prepare_with_transport
INTEL_PROBE begin=finite_mtf call=3 deadline=1888191474134 rip=65543 nonce=1888185673729 witness=0
INTEL_PROBE end=finite_mtf call=3 status=0 mach_before=1888186486493 mach_after=1888186888139
INTEL_PROBE capture=finite_mtf call=3 exec_before=6827543 exec_after=7149394 reason_before=37 reason=37 rip_before=65543 rip=65546 rax=1888185673730 nonce=1888185673729 witness=0
INTEL_PROBE phase=verified_retry
INTEL_PROBE phase=prepare_with_transport
INTEL_PROBE phase=finite_retirement
INTEL_LIFECYCLE phase=vcpu_destroy_begin generation=21 owner=98184
INTEL_LIFECYCLE phase=vcpu_destroy_end generation=21 owner=98184
INTEL_LIFECYCLE phase=vm_destroy_begin generation=21 owner=98184
INTEL_LIFECYCLE phase=vm_destroy_end generation=21 owner=98184
INTEL_LIFECYCLE phase=vm_create_begin generation=22 owner=98184
INTEL_LIFECYCLE phase=vm_create_end generation=22 owner=98184
INTEL_LIFECYCLE phase=vcpu_create_begin generation=22 owner=98184
INTEL_LIFECYCLE phase=vcpu_create_end generation=22 owner=98184
[       OK ] HvfIntelProbe.FiniteDeadline (17 ms)
[----------] 1 test from HvfIntelProbe (17 ms total)

[==========] 1 test from 1 test suite ran. (17 ms total)
[  PASSED  ] 1 test.

Repeating all tests (iteration 22) . . .

Note: Google Test filter = HvfIntelProbe.FiniteDeadline
[==========] Running 1 test from 1 test suite.
[----------] 1 test from HvfIntelProbe
[ RUN      ] HvfIntelProbe.FiniteDeadline
INTEL_PROBE phase=executor_initialization
INTEL_PROBE phase=executor_retained
INTEL_PROBE phase=startup_probe
INTEL_PROBE phase=prepare_with_transport
INTEL_PROBE witness_budget mach_start=1888196505858 mach_end=1890195686900 remaining_ns=1999181042 timebase_numer=1 timebase_denom=1 max_calls=4096
INTEL_PROBE begin=finite_loop call=1 deadline=1888201527382 rip=65537 nonce=1888195360981 witness=0
INTEL_PROBE end=finite_loop call=1 status=0 mach_before=1888196532791 mach_after=1888201573269
INTEL_PROBE capture=finite_loop call=1 exec_before=961446 exec_after=5860798 reason_before=37 reason=52 rip_before=65537 rip=65540 rax=1888195360981 nonce=1888195360981 witness=1888195360981
INTEL_PROBE phase=prepare_with_transport
INTEL_PROBE begin=expired_mtf call=2 deadline=0 rip=65543 nonce=1888201661351 witness=0
INTEL_PROBE end=expired_mtf call=2 status=0 mach_before=1888202945707 mach_after=1888202988635
INTEL_PROBE capture=expired_mtf call=2 exec_before=6192291 exec_after=6233004 reason_before=37 reason=52 rip_before=65543 rip=65543 rax=1888201661351 nonce=1888201661351 witness=0
INTEL_PROBE phase=prepare_with_transport
INTEL_PROBE begin=finite_mtf call=3 deadline=1888208842554 rip=65543 nonce=1888203045288 witness=0
INTEL_PROBE end=finite_mtf call=3 status=0 mach_before=1888203855697 mach_after=1888204277081
INTEL_PROBE capture=finite_mtf call=3 exec_before=6559210 exec_after=6893912 reason_before=37 reason=37 rip_before=65543 rip=65546 rax=1888203045289 nonce=1888203045288 witness=0
INTEL_PROBE phase=verified_retry
INTEL_PROBE phase=prepare_with_transport
INTEL_PROBE phase=finite_retirement
INTEL_LIFECYCLE phase=vcpu_destroy_begin generation=22 owner=98184
INTEL_LIFECYCLE phase=vcpu_destroy_end generation=22 owner=98184
INTEL_LIFECYCLE phase=vm_destroy_begin generation=22 owner=98184
INTEL_LIFECYCLE phase=vm_destroy_end generation=22 owner=98184
INTEL_LIFECYCLE phase=vm_create_begin generation=23 owner=98184
INTEL_LIFECYCLE phase=vm_create_end generation=23 owner=98184
INTEL_LIFECYCLE phase=vcpu_create_begin generation=23 owner=98184
INTEL_LIFECYCLE phase=vcpu_create_end generation=23 owner=98184
[       OK ] HvfIntelProbe.FiniteDeadline (18 ms)
[----------] 1 test from HvfIntelProbe (18 ms total)

[==========] 1 test from 1 test suite ran. (18 ms total)
[  PASSED  ] 1 test.

Repeating all tests (iteration 23) . . .

Note: Google Test filter = HvfIntelProbe.FiniteDeadline
[==========] Running 1 test from 1 test suite.
[----------] 1 test from HvfIntelProbe
[ RUN      ] HvfIntelProbe.FiniteDeadline
INTEL_PROBE phase=executor_initialization
INTEL_PROBE phase=executor_retained
INTEL_PROBE phase=startup_probe
INTEL_PROBE phase=prepare_with_transport
INTEL_PROBE witness_budget mach_start=1888214672618 mach_end=1890214106569 remaining_ns=1999433951 timebase_numer=1 timebase_denom=1 max_calls=4096
INTEL_PROBE begin=finite_loop call=1 deadline=1888219691909 rip=65537 nonce=1888213669608 witness=0
INTEL_PROBE end=finite_loop call=1 status=0 mach_before=1888214696308 mach_after=1888216002438
INTEL_PROBE capture=finite_loop call=1 exec_before=1069909 exec_after=2161020 reason_before=37 reason=1 rip_before=65537 rip=65540 rax=1888213669608 nonce=1888213669608 witness=1888213669608
INTEL_PROBE begin=finite_loop call=2 deadline=1888219691909 rip=65540 nonce=1888213669608 witness=1888213669608
INTEL_PROBE end=finite_loop call=2 status=0 mach_before=1888216026459 mach_after=1888216474036
INTEL_PROBE capture=finite_loop call=2 exec_before=2161020 exec_after=2454106 reason_before=1 reason=1 rip_before=65540 rip=65540 rax=1888213669608 nonce=1888213669608 witness=1888213669608
INTEL_PROBE begin=finite_loop call=3 deadline=1888219691909 rip=65540 nonce=1888213669608 witness=1888213669608
INTEL_PROBE end=finite_loop call=3 status=0 mach_before=1888216497105 mach_after=1888219860543
INTEL_PROBE capture=finite_loop call=3 exec_before=2454106 exec_after=5760884 reason_before=1 reason=52 rip_before=65540 rip=65540 rax=1888213669608 nonce=1888213669608 witness=1888213669608
INTEL_PROBE phase=prepare_with_transport
INTEL_PROBE begin=expired_mtf call=4 deadline=0 rip=65543 nonce=1888219934458 witness=0
INTEL_PROBE end=expired_mtf call=4 status=0 mach_before=1888221452711 mach_after=1888221541136
INTEL_PROBE capture=expired_mtf call=4 exec_before=6281998 exec_after=6354756 reason_before=37 reason=52 rip_before=65543 rip=65543 rax=1888219934458 nonce=1888219934458 witness=0
INTEL_PROBE phase=prepare_with_transport
INTEL_PROBE begin=finite_mtf call=5 deadline=1888227712845 rip=65543 nonce=1888221622391 witness=0
INTEL_PROBE end=finite_mtf call=5 status=0 mach_before=1888222726707 mach_after=1888223283928
INTEL_PROBE capture=finite_mtf call=5 exec_before=6735101 exec_after=7135165 reason_before=37 reason=37 rip_before=65543 rip=65546 rax=1888221622392 nonce=1888221622391 witness=0
INTEL_PROBE phase=verified_retry
INTEL_PROBE phase=prepare_with_transport
INTEL_PROBE phase=finite_retirement
INTEL_LIFECYCLE phase=vcpu_destroy_begin generation=23 owner=98184
INTEL_LIFECYCLE phase=vcpu_destroy_end generation=23 owner=98184
INTEL_LIFECYCLE phase=vm_destroy_begin generation=23 owner=98184
INTEL_LIFECYCLE phase=vm_destroy_end generation=23 owner=98184
INTEL_LIFECYCLE phase=vm_create_begin generation=24 owner=98184
INTEL_LIFECYCLE phase=vm_create_end generation=24 owner=98184
INTEL_LIFECYCLE phase=vcpu_create_begin generation=24 owner=98184
INTEL_LIFECYCLE phase=vcpu_create_end generation=24 owner=98184
[       OK ] HvfIntelProbe.FiniteDeadline (18 ms)
[----------] 1 test from HvfIntelProbe (18 ms total)

[==========] 1 test from 1 test suite ran. (18 ms total)
[  PASSED  ] 1 test.

Repeating all tests (iteration 24) . . .

Note: Google Test filter = HvfIntelProbe.FiniteDeadline
[==========] Running 1 test from 1 test suite.
[----------] 1 test from HvfIntelProbe
[ RUN      ] HvfIntelProbe.FiniteDeadline
INTEL_PROBE phase=executor_initialization
INTEL_PROBE phase=executor_retained
INTEL_PROBE phase=startup_probe
INTEL_PROBE phase=prepare_with_transport
INTEL_PROBE witness_budget mach_start=1888234021243 mach_end=1890233498331 remaining_ns=1999477088 timebase_numer=1 timebase_denom=1 max_calls=4096
INTEL_PROBE begin=finite_loop call=1 deadline=1888239040475 rip=65537 nonce=1888233157954 witness=0
INTEL_PROBE end=finite_loop call=1 status=0 mach_before=1888234045737 mach_after=1888238142244
INTEL_PROBE capture=finite_loop call=1 exec_before=1197160 exec_after=5009848 reason_before=37 reason=1 rip_before=65537 rip=65540 rax=1888233157954 nonce=1888233157954 witness=1888233157954
INTEL_PROBE begin=finite_loop call=2 deadline=1888239040475 rip=65540 nonce=1888233157954 witness=1888233157954
INTEL_PROBE end=finite_loop call=2 status=0 mach_before=1888238571439 mach_after=1888238923311
INTEL_PROBE capture=finite_loop call=2 exec_before=5009848 exec_after=5309603 reason_before=1 reason=1 rip_before=65540 rip=65540 rax=1888233157954 nonce=1888233157954 witness=1888233157954
INTEL_PROBE begin=finite_loop call=3 deadline=1888239040475 rip=65540 nonce=1888233157954 witness=1888233157954
INTEL_PROBE end=finite_loop call=3 status=0 mach_before=1888238944380 mach_after=1888239082677
INTEL_PROBE capture=finite_loop call=3 exec_before=5309603 exec_after=5445946 reason_before=1 reason=52 rip_before=65540 rip=65540 rax=1888233157954 nonce=1888233157954 witness=1888233157954
INTEL_PROBE phase=prepare_with_transport
INTEL_PROBE begin=expired_mtf call=4 deadline=0 rip=65543 nonce=1888239143372 witness=0
INTEL_PROBE end=expired_mtf call=4 status=0 mach_before=1888240418913 mach_after=1888240461843
INTEL_PROBE capture=expired_mtf call=4 exec_before=5809431 exec_after=5850157 reason_before=37 reason=52 rip_before=65543 rip=65543 rax=1888239143372 nonce=1888239143372 witness=0
INTEL_PROBE phase=prepare_with_transport
INTEL_PROBE begin=finite_mtf call=5 deadline=1888246448820 rip=65543 nonce=1888240513006 witness=0
INTEL_PROBE end=finite_mtf call=5 status=0 mach_before=1888241460678 mach_after=1888241919642
INTEL_PROBE capture=finite_mtf call=5 exec_before=6177671 exec_after=6523252 reason_before=37 reason=37 rip_before=65543 rip=65546 rax=1888240513007 nonce=1888240513006 witness=0
INTEL_PROBE phase=verified_retry
INTEL_PROBE phase=prepare_with_transport
INTEL_PROBE phase=finite_retirement
INTEL_LIFECYCLE phase=vcpu_destroy_begin generation=24 owner=98184
INTEL_LIFECYCLE phase=vcpu_destroy_end generation=24 owner=98184
INTEL_LIFECYCLE phase=vm_destroy_begin generation=24 owner=98184
INTEL_LIFECYCLE phase=vm_destroy_end generation=24 owner=98184
INTEL_LIFECYCLE phase=vm_create_begin generation=25 owner=98184
INTEL_LIFECYCLE phase=vm_create_end generation=25 owner=98184
INTEL_LIFECYCLE phase=vcpu_create_begin generation=25 owner=98184
INTEL_LIFECYCLE phase=vcpu_create_end generation=25 owner=98184
[       OK ] HvfIntelProbe.FiniteDeadline (18 ms)
[----------] 1 test from HvfIntelProbe (18 ms total)

[==========] 1 test from 1 test suite ran. (18 ms total)
[  PASSED  ] 1 test.

Repeating all tests (iteration 25) . . .

Note: Google Test filter = HvfIntelProbe.FiniteDeadline
[==========] Running 1 test from 1 test suite.
[----------] 1 test from HvfIntelProbe
[ RUN      ] HvfIntelProbe.FiniteDeadline
INTEL_PROBE phase=executor_initialization
INTEL_PROBE phase=executor_retained
INTEL_PROBE phase=startup_probe
INTEL_PROBE phase=prepare_with_transport
INTEL_PROBE witness_budget mach_start=1888252907837 mach_end=1890252081769 remaining_ns=1999173932 timebase_numer=1 timebase_denom=1 max_calls=4096
INTEL_PROBE begin=finite_loop call=1 deadline=1888257931501 rip=65537 nonce=1888251699125 witness=0
INTEL_PROBE end=finite_loop call=1 status=0 mach_before=1888252936469 mach_after=1888257999051
INTEL_PROBE capture=finite_loop call=1 exec_before=1158209 exec_after=6092386 reason_before=37 reason=52 rip_before=65537 rip=65540 rax=1888251699125 nonce=1888251699125 witness=1888251699125
INTEL_PROBE phase=prepare_with_transport
INTEL_PROBE begin=expired_mtf call=2 deadline=0 rip=65543 nonce=1888258092385 witness=0
INTEL_PROBE end=expired_mtf call=2 status=0 mach_before=1888259441001 mach_after=1888259483743
INTEL_PROBE capture=expired_mtf call=2 exec_before=6502217 exec_after=6542698 reason_before=37 reason=52 rip_before=65543 rip=65543 rax=1888258092385 nonce=1888258092385 witness=0
INTEL_PROBE phase=prepare_with_transport
INTEL_PROBE begin=finite_mtf call=3 deadline=1888265339544 rip=65543 nonce=1888259540981 witness=0
INTEL_PROBE end=finite_mtf call=3 status=0 mach_before=1888260351317 mach_after=1888260760491
INTEL_PROBE capture=finite_mtf call=3 exec_before=6869919 exec_after=7197242 reason_before=37 reason=37 rip_before=65543 rip=65546 rax=1888259540982 nonce=1888259540981 witness=0
INTEL_PROBE phase=verified_retry
INTEL_PROBE phase=prepare_with_transport
INTEL_PROBE phase=finite_retirement
INTEL_LIFECYCLE phase=vcpu_destroy_begin generation=25 owner=98184
INTEL_LIFECYCLE phase=vcpu_destroy_end generation=25 owner=98184
INTEL_LIFECYCLE phase=vm_destroy_begin generation=25 owner=98184
INTEL_LIFECYCLE phase=vm_destroy_end generation=25 owner=98184
INTEL_LIFECYCLE phase=vm_create_begin generation=26 owner=98184
INTEL_LIFECYCLE phase=vm_create_end generation=26 owner=98184
INTEL_LIFECYCLE phase=vcpu_create_begin generation=26 owner=98184
INTEL_LIFECYCLE phase=vcpu_create_end generation=26 owner=98184
[       OK ] HvfIntelProbe.FiniteDeadline (17 ms)
[----------] 1 test from HvfIntelProbe (17 ms total)

[==========] 1 test from 1 test suite ran. (18 ms total)
[  PASSED  ] 1 test.

Repeating all tests (iteration 26) . . .

Note: Google Test filter = HvfIntelProbe.FiniteDeadline
[==========] Running 1 test from 1 test suite.
[----------] 1 test from HvfIntelProbe
[ RUN      ] HvfIntelProbe.FiniteDeadline
INTEL_PROBE phase=executor_initialization
INTEL_PROBE phase=executor_retained
INTEL_PROBE phase=startup_probe
INTEL_PROBE phase=prepare_with_transport
INTEL_PROBE witness_budget mach_start=1888270591066 mach_end=1890269744966 remaining_ns=1999153900 timebase_numer=1 timebase_denom=1 max_calls=4096
INTEL_PROBE begin=finite_loop call=1 deadline=1888275608441 rip=65537 nonce=1888269385487 witness=0
INTEL_PROBE end=finite_loop call=1 status=0 mach_before=1888270613145 mach_after=1888275677138
INTEL_PROBE capture=finite_loop call=1 exec_before=1002248 exec_after=5909559 reason_before=37 reason=52 rip_before=65537 rip=65540 rax=1888269385487 nonce=1888269385487 witness=1888269385487
INTEL_PROBE phase=prepare_with_transport
INTEL_PROBE begin=expired_mtf call=2 deadline=0 rip=65543 nonce=1888275780692 witness=0
INTEL_PROBE end=expired_mtf call=2 status=0 mach_before=1888277242055 mach_after=1888277284505
INTEL_PROBE capture=expired_mtf call=2 exec_before=6316516 exec_after=6356697 reason_before=37 reason=52 rip_before=65543 rip=65543 rax=1888275780692 nonce=1888275780692 witness=0
INTEL_PROBE phase=prepare_with_transport
INTEL_PROBE begin=finite_mtf call=3 deadline=1888283409355 rip=65543 nonce=1888277361221 witness=0
INTEL_PROBE end=finite_mtf call=3 status=0 mach_before=1888278423885 mach_after=1888278833632
INTEL_PROBE capture=finite_mtf call=3 exec_before=6744150 exec_after=7071467 reason_before=37 reason=37 rip_before=65543 rip=65546 rax=1888277361222 nonce=1888277361221 witness=0
INTEL_PROBE phase=verified_retry
INTEL_PROBE phase=prepare_with_transport
INTEL_PROBE phase=finite_retirement
INTEL_LIFECYCLE phase=vcpu_destroy_begin generation=26 owner=98184
INTEL_LIFECYCLE phase=vcpu_destroy_end generation=26 owner=98184
INTEL_LIFECYCLE phase=vm_destroy_begin generation=26 owner=98184
INTEL_LIFECYCLE phase=vm_destroy_end generation=26 owner=98184
INTEL_LIFECYCLE phase=vm_create_begin generation=27 owner=98184
INTEL_LIFECYCLE phase=vm_create_end generation=27 owner=98184
INTEL_LIFECYCLE phase=vcpu_create_begin generation=27 owner=98184
INTEL_LIFECYCLE phase=vcpu_create_end generation=27 owner=98184
[       OK ] HvfIntelProbe.FiniteDeadline (17 ms)
[----------] 1 test from HvfIntelProbe (18 ms total)

[==========] 1 test from 1 test suite ran. (18 ms total)
[  PASSED  ] 1 test.

Repeating all tests (iteration 27) . . .

Note: Google Test filter = HvfIntelProbe.FiniteDeadline
[==========] Running 1 test from 1 test suite.
[----------] 1 test from HvfIntelProbe
[ RUN      ] HvfIntelProbe.FiniteDeadline
INTEL_PROBE phase=executor_initialization
INTEL_PROBE phase=executor_retained
INTEL_PROBE phase=startup_probe
INTEL_PROBE phase=prepare_with_transport
INTEL_PROBE witness_budget mach_start=1888288634533 mach_end=1890287955311 remaining_ns=1999320778 timebase_numer=1 timebase_denom=1 max_calls=4096
INTEL_PROBE begin=finite_loop call=1 deadline=1888293652151 rip=65537 nonce=1888287629797 witness=0
INTEL_PROBE end=finite_loop call=1 status=0 mach_before=1888288657081 mach_after=1888293706777
INTEL_PROBE capture=finite_loop call=1 exec_before=1176668 exec_after=6104865 reason_before=37 reason=52 rip_before=65537 rip=65540 rax=1888287629797 nonce=1888287629797 witness=1888287629797
INTEL_PROBE phase=prepare_with_transport
INTEL_PROBE begin=expired_mtf call=2 deadline=0 rip=65543 nonce=1888293784591 witness=0
INTEL_PROBE end=expired_mtf call=2 status=0 mach_before=1888295113167 mach_after=1888295156332
INTEL_PROBE capture=expired_mtf call=2 exec_before=6442439 exec_after=6483540 reason_before=37 reason=52 rip_before=65543 rip=65543 rax=1888293784591 nonce=1888293784591 witness=0
INTEL_PROBE phase=prepare_with_transport
INTEL_PROBE begin=finite_mtf call=3 deadline=1888301060102 rip=65543 nonce=1888295216102 witness=0
INTEL_PROBE end=finite_mtf call=3 status=0 mach_before=1888296071610 mach_after=1888296532602
INTEL_PROBE capture=finite_mtf call=3 exec_before=6810343 exec_after=7180928 reason_before=37 reason=37 rip_before=65543 rip=65546 rax=1888295216103 nonce=1888295216102 witness=0
INTEL_PROBE phase=verified_retry
INTEL_PROBE phase=prepare_with_transport
INTEL_PROBE phase=finite_retirement
INTEL_LIFECYCLE phase=vcpu_destroy_begin generation=27 owner=98184
INTEL_LIFECYCLE phase=vcpu_destroy_end generation=27 owner=98184
INTEL_LIFECYCLE phase=vm_destroy_begin generation=27 owner=98184
INTEL_LIFECYCLE phase=vm_destroy_end generation=27 owner=98184
INTEL_LIFECYCLE phase=vm_create_begin generation=28 owner=98184
INTEL_LIFECYCLE phase=vm_create_end generation=28 owner=98184
INTEL_LIFECYCLE phase=vcpu_create_begin generation=28 owner=98184
INTEL_LIFECYCLE phase=vcpu_create_end generation=28 owner=98184
[       OK ] HvfIntelProbe.FiniteDeadline (17 ms)
[----------] 1 test from HvfIntelProbe (17 ms total)

[==========] 1 test from 1 test suite ran. (17 ms total)
[  PASSED  ] 1 test.

Repeating all tests (iteration 28) . . .

Note: Google Test filter = HvfIntelProbe.FiniteDeadline
[==========] Running 1 test from 1 test suite.
[----------] 1 test from HvfIntelProbe
[ RUN      ] HvfIntelProbe.FiniteDeadline
INTEL_PROBE phase=executor_initialization
INTEL_PROBE phase=executor_retained
INTEL_PROBE phase=startup_probe
INTEL_PROBE phase=prepare_with_transport
INTEL_PROBE witness_budget mach_start=1888305938065 mach_end=1890305275215 remaining_ns=1999337150 timebase_numer=1 timebase_denom=1 max_calls=4096
INTEL_PROBE begin=finite_loop call=1 deadline=1888310953798 rip=65537 nonce=1888304938556 witness=0
INTEL_PROBE end=finite_loop call=1 status=0 mach_before=1888305958906 mach_after=1888313715087
INTEL_PROBE capture=finite_loop call=1 exec_before=1009203 exec_after=8621957 reason_before=37 reason=52 rip_before=65537 rip=65540 rax=1888304938556 nonce=1888304938556 witness=1888304938556
INTEL_PROBE phase=prepare_with_transport
INTEL_PROBE begin=expired_mtf call=2 deadline=0 rip=65543 nonce=1888313837761 witness=0
INTEL_PROBE end=expired_mtf call=2 status=0 mach_before=1888316026252 mach_after=1888316070321
INTEL_PROBE capture=expired_mtf call=2 exec_before=8991745 exec_after=9033404 reason_before=37 reason=52 rip_before=65543 rip=65543 rax=1888313837761 nonce=1888313837761 witness=0
INTEL_PROBE phase=prepare_with_transport
INTEL_PROBE begin=finite_mtf call=3 deadline=1888322305824 rip=65543 nonce=1888316154284 witness=0
INTEL_PROBE end=finite_mtf call=3 status=0 mach_before=1888317320056 mach_after=1888317793178
INTEL_PROBE capture=finite_mtf call=3 exec_before=9433194 exec_after=9802387 reason_before=37 reason=37 rip_before=65543 rip=65546 rax=1888316154285 nonce=1888316154284 witness=0
INTEL_PROBE phase=verified_retry
INTEL_PROBE phase=prepare_with_transport
INTEL_PROBE phase=finite_retirement
INTEL_LIFECYCLE phase=vcpu_destroy_begin generation=28 owner=98184
INTEL_LIFECYCLE phase=vcpu_destroy_end generation=28 owner=98184
INTEL_LIFECYCLE phase=vm_destroy_begin generation=28 owner=98184
INTEL_LIFECYCLE phase=vm_destroy_end generation=28 owner=98184
INTEL_LIFECYCLE phase=vm_create_begin generation=29 owner=98184
INTEL_LIFECYCLE phase=vm_create_end generation=29 owner=98184
INTEL_LIFECYCLE phase=vcpu_create_begin generation=29 owner=98184
INTEL_LIFECYCLE phase=vcpu_create_end generation=29 owner=98184
[       OK ] HvfIntelProbe.FiniteDeadline (21 ms)
[----------] 1 test from HvfIntelProbe (21 ms total)

[==========] 1 test from 1 test suite ran. (21 ms total)
[  PASSED  ] 1 test.

Repeating all tests (iteration 29) . . .

Note: Google Test filter = HvfIntelProbe.FiniteDeadline
[==========] Running 1 test from 1 test suite.
[----------] 1 test from HvfIntelProbe
[ RUN      ] HvfIntelProbe.FiniteDeadline
INTEL_PROBE phase=executor_initialization
INTEL_PROBE phase=executor_retained
INTEL_PROBE phase=startup_probe
INTEL_PROBE phase=prepare_with_transport
INTEL_PROBE witness_budget mach_start=1888328356913 mach_end=1890327144444 remaining_ns=1998787531 timebase_numer=1 timebase_denom=1 max_calls=4096
INTEL_PROBE begin=finite_loop call=1 deadline=1888333376440 rip=65537 nonce=1888326715449 witness=0
INTEL_PROBE end=finite_loop call=1 status=0 mach_before=1888328381253 mach_after=1888333420860
INTEL_PROBE capture=finite_loop call=1 exec_before=1100857 exec_after=6021195 reason_before=37 reason=52 rip_before=65537 rip=65540 rax=1888326715449 nonce=1888326715449 witness=1888326715449
INTEL_PROBE phase=prepare_with_transport
INTEL_PROBE begin=expired_mtf call=2 deadline=0 rip=65543 nonce=1888333498896 witness=0
INTEL_PROBE end=expired_mtf call=2 status=0 mach_before=1888335131233 mach_after=1888335174153
INTEL_PROBE capture=expired_mtf call=2 exec_before=6377753 exec_after=6418424 reason_before=37 reason=52 rip_before=65543 rip=65543 rax=1888333498896 nonce=1888333498896 witness=0
INTEL_PROBE phase=prepare_with_transport
INTEL_PROBE begin=finite_mtf call=3 deadline=1888341084211 rip=65543 nonce=1888335231208 witness=0
INTEL_PROBE end=finite_mtf call=3 status=0 mach_before=1888336098538 mach_after=1888336577000
INTEL_PROBE capture=finite_mtf call=3 exec_before=6775541 exec_after=7126840 reason_before=37 reason=37 rip_before=65543 rip=65546 rax=1888335231209 nonce=1888335231208 witness=0
INTEL_PROBE phase=verified_retry
INTEL_PROBE phase=prepare_with_transport
INTEL_PROBE phase=finite_retirement
INTEL_LIFECYCLE phase=vcpu_destroy_begin generation=29 owner=98184
INTEL_LIFECYCLE phase=vcpu_destroy_end generation=29 owner=98184
INTEL_LIFECYCLE phase=vm_destroy_begin generation=29 owner=98184
INTEL_LIFECYCLE phase=vm_destroy_end generation=29 owner=98184
INTEL_LIFECYCLE phase=vm_create_begin generation=30 owner=98184
INTEL_LIFECYCLE phase=vm_create_end generation=30 owner=98184
INTEL_LIFECYCLE phase=vcpu_create_begin generation=30 owner=98184
INTEL_LIFECYCLE phase=vcpu_create_end generation=30 owner=98184
[       OK ] HvfIntelProbe.FiniteDeadline (19 ms)
[----------] 1 test from HvfIntelProbe (19 ms total)

[==========] 1 test from 1 test suite ran. (19 ms total)
[  PASSED  ] 1 test.

Repeating all tests (iteration 30) . . .

Note: Google Test filter = HvfIntelProbe.FiniteDeadline
[==========] Running 1 test from 1 test suite.
[----------] 1 test from HvfIntelProbe
[ RUN      ] HvfIntelProbe.FiniteDeadline
INTEL_PROBE phase=executor_initialization
INTEL_PROBE phase=executor_retained
INTEL_PROBE phase=startup_probe
INTEL_PROBE phase=prepare_with_transport
INTEL_PROBE witness_budget mach_start=1888346838940 mach_end=1890346165990 remaining_ns=1999327050 timebase_numer=1 timebase_denom=1 max_calls=4096
INTEL_PROBE begin=finite_loop call=1 deadline=1888351853871 rip=65537 nonce=1888345837210 witness=0
INTEL_PROBE end=finite_loop call=1 status=0 mach_before=1888346858615 mach_after=1888350523425
INTEL_PROBE capture=finite_loop call=1 exec_before=1062095 exec_after=4526725 reason_before=37 reason=1 rip_before=65537 rip=65540 rax=1888345837210 nonce=1888345837210 witness=1888345837210
INTEL_PROBE begin=finite_loop call=2 deadline=1888351853871 rip=65540 nonce=1888345837210 witness=1888345837210
INTEL_PROBE end=finite_loop call=2 status=0 mach_before=1888350559430 mach_after=1888350616874
INTEL_PROBE capture=finite_loop call=2 exec_before=4526725 exec_after=4569216 reason_before=1 reason=1 rip_before=65540 rip=65540 rax=1888345837210 nonce=1888345837210 witness=1888345837210
INTEL_PROBE begin=finite_loop call=3 deadline=1888351853871 rip=65540 nonce=1888345837210 witness=1888345837210
INTEL_PROBE end=finite_loop call=3 status=0 mach_before=1888350633592 mach_after=1888352460403
INTEL_PROBE capture=finite_loop call=3 exec_before=4569216 exec_after=6392670 reason_before=1 reason=52 rip_before=65540 rip=65540 rax=1888345837210 nonce=1888345837210 witness=1888345837210
INTEL_PROBE phase=prepare_with_transport
INTEL_PROBE begin=expired_mtf call=4 deadline=0 rip=65543 nonce=1888352527643 witness=0
INTEL_PROBE end=expired_mtf call=4 status=0 mach_before=1888354481949 mach_after=1888354526104
INTEL_PROBE capture=expired_mtf call=4 exec_before=6725170 exec_after=6767062 reason_before=37 reason=52 rip_before=65543 rip=65543 rax=1888352527643 nonce=1888352527643 witness=0
INTEL_PROBE phase=prepare_with_transport
INTEL_PROBE begin=finite_mtf call=5 deadline=1888360807073 rip=65543 nonce=1888354592467 witness=0
INTEL_PROBE end=finite_mtf call=5 status=0 mach_before=1888355820873 mach_after=1888356264742
INTEL_PROBE capture=finite_mtf call=5 exec_before=7094266 exec_after=7444513 reason_before=37 reason=37 rip_before=65543 rip=65546 rax=1888354592468 nonce=1888354592467 witness=0
INTEL_PROBE phase=verified_retry
INTEL_PROBE phase=prepare_with_transport
INTEL_PROBE phase=finite_retirement
INTEL_LIFECYCLE phase=vcpu_destroy_begin generation=30 owner=98184
INTEL_LIFECYCLE phase=vcpu_destroy_end generation=30 owner=98184
INTEL_LIFECYCLE phase=vm_destroy_begin generation=30 owner=98184
INTEL_LIFECYCLE phase=vm_destroy_end generation=30 owner=98184
INTEL_LIFECYCLE phase=vm_create_begin generation=31 owner=98184
INTEL_LIFECYCLE phase=vm_create_end generation=31 owner=98184
INTEL_LIFECYCLE phase=vcpu_create_begin generation=31 owner=98184
INTEL_LIFECYCLE phase=vcpu_create_end generation=31 owner=98184
[       OK ] HvfIntelProbe.FiniteDeadline (19 ms)
[----------] 1 test from HvfIntelProbe (19 ms total)

[==========] 1 test from 1 test suite ran. (19 ms total)
[  PASSED  ] 1 test.

Repeating all tests (iteration 31) . . .

Note: Google Test filter = HvfIntelProbe.FiniteDeadline
[==========] Running 1 test from 1 test suite.
[----------] 1 test from HvfIntelProbe
[ RUN      ] HvfIntelProbe.FiniteDeadline
INTEL_PROBE phase=executor_initialization
INTEL_PROBE phase=executor_retained
INTEL_PROBE phase=startup_probe
INTEL_PROBE phase=prepare_with_transport
INTEL_PROBE witness_budget mach_start=1888368348415 mach_end=1890367307709 remaining_ns=1998959294 timebase_numer=1 timebase_denom=1 max_calls=4096
INTEL_PROBE begin=finite_loop call=1 deadline=1888373366069 rip=65537 nonce=1888366978770 witness=0
INTEL_PROBE end=finite_loop call=1 status=0 mach_before=1888368370695 mach_after=1888374147463
INTEL_PROBE capture=finite_loop call=1 exec_before=1939900 exec_after=7592725 reason_before=37 reason=52 rip_before=65537 rip=65540 rax=1888366978770 nonce=1888366978770 witness=1888366978770
INTEL_PROBE phase=prepare_with_transport
INTEL_PROBE begin=expired_mtf call=2 deadline=0 rip=65543 nonce=1888374220835 witness=0
INTEL_PROBE end=expired_mtf call=2 status=0 mach_before=1888376272623 mach_after=1888376322592
INTEL_PROBE capture=expired_mtf call=2 exec_before=7962142 exec_after=8009290 reason_before=37 reason=52 rip_before=65543 rip=65543 rax=1888374220835 nonce=1888374220835 witness=0
INTEL_PROBE phase=prepare_with_transport
INTEL_PROBE begin=finite_mtf call=3 deadline=1888382475602 rip=65543 nonce=1888376408187 witness=0
INTEL_PROBE end=finite_mtf call=3 status=0 mach_before=1888377493446 mach_after=1888377945928
INTEL_PROBE capture=finite_mtf call=3 exec_before=8436899 exec_after=8793792 reason_before=37 reason=37 rip_before=65543 rip=65546 rax=1888376408188 nonce=1888376408187 witness=0
INTEL_PROBE phase=verified_retry
INTEL_PROBE phase=prepare_with_transport
INTEL_PROBE phase=finite_retirement
INTEL_LIFECYCLE phase=vcpu_destroy_begin generation=31 owner=98184
INTEL_LIFECYCLE phase=vcpu_destroy_end generation=31 owner=98184
INTEL_LIFECYCLE phase=vm_destroy_begin generation=31 owner=98184
INTEL_LIFECYCLE phase=vm_destroy_end generation=31 owner=98184
INTEL_LIFECYCLE phase=vm_create_begin generation=32 owner=98184
INTEL_LIFECYCLE phase=vm_create_end generation=32 owner=98184
INTEL_LIFECYCLE phase=vcpu_create_begin generation=32 owner=98184
INTEL_LIFECYCLE phase=vcpu_create_end generation=32 owner=98184
[       OK ] HvfIntelProbe.FiniteDeadline (22 ms)
[----------] 1 test from HvfIntelProbe (22 ms total)

[==========] 1 test from 1 test suite ran. (22 ms total)
[  PASSED  ] 1 test.

Repeating all tests (iteration 32) . . .

Note: Google Test filter = HvfIntelProbe.FiniteDeadline
[==========] Running 1 test from 1 test suite.
[----------] 1 test from HvfIntelProbe
[ RUN      ] HvfIntelProbe.FiniteDeadline
INTEL_PROBE phase=executor_initialization
INTEL_PROBE phase=executor_retained
INTEL_PROBE phase=startup_probe
INTEL_PROBE phase=prepare_with_transport
INTEL_PROBE witness_budget mach_start=1888390241438 mach_end=1890388899240 remaining_ns=1998657802 timebase_numer=1 timebase_denom=1 max_calls=4096
INTEL_PROBE begin=finite_loop call=1 deadline=1888395266724 rip=65537 nonce=1888388563403 witness=0
INTEL_PROBE end=finite_loop call=1 status=0 mach_before=1888390271709 mach_after=1888395313427
INTEL_PROBE capture=finite_loop call=1 exec_before=1175316 exec_after=6090232 reason_before=37 reason=52 rip_before=65537 rip=65540 rax=1888388563403 nonce=1888388563403 witness=1888388563403
INTEL_PROBE phase=prepare_with_transport
INTEL_PROBE begin=expired_mtf call=2 deadline=0 rip=65543 nonce=1888395406882 witness=0
INTEL_PROBE end=expired_mtf call=2 status=0 mach_before=1888397203895 mach_after=1888397248950
INTEL_PROBE capture=expired_mtf call=2 exec_before=6425602 exec_after=6468133 reason_before=37 reason=52 rip_before=65543 rip=65543 rax=1888395406882 nonce=1888395406882 witness=0
INTEL_PROBE phase=prepare_with_transport
INTEL_PROBE begin=finite_mtf call=3 deadline=1888403292311 rip=65543 nonce=1888397306641 witness=0
INTEL_PROBE end=finite_mtf call=3 status=0 mach_before=1888398312074 mach_after=1888398735447
INTEL_PROBE capture=finite_mtf call=3 exec_before=6802444 exec_after=7139145 reason_before=37 reason=37 rip_before=65543 rip=65546 rax=1888397306642 nonce=1888397306641 witness=0
INTEL_PROBE phase=verified_retry
INTEL_PROBE phase=prepare_with_transport
INTEL_PROBE phase=finite_retirement
INTEL_LIFECYCLE phase=vcpu_destroy_begin generation=32 owner=98184
INTEL_LIFECYCLE phase=vcpu_destroy_end generation=32 owner=98184
INTEL_LIFECYCLE phase=vm_destroy_begin generation=32 owner=98184
INTEL_LIFECYCLE phase=vm_destroy_end generation=32 owner=98184
INTEL_LIFECYCLE phase=vm_create_begin generation=33 owner=98184
INTEL_LIFECYCLE phase=vm_create_end generation=33 owner=98184
INTEL_LIFECYCLE phase=vcpu_create_begin generation=33 owner=98184
INTEL_LIFECYCLE phase=vcpu_create_end generation=33 owner=98184
[       OK ] HvfIntelProbe.FiniteDeadline (20 ms)
[----------] 1 test from HvfIntelProbe (20 ms total)

[==========] 1 test from 1 test suite ran. (20 ms total)
[  PASSED  ] 1 test.

Repeating all tests (iteration 33) . . .

Note: Google Test filter = HvfIntelProbe.FiniteDeadline
[==========] Running 1 test from 1 test suite.
[----------] 1 test from HvfIntelProbe
[ RUN      ] HvfIntelProbe.FiniteDeadline
INTEL_PROBE phase=executor_initialization
INTEL_PROBE phase=executor_retained
INTEL_PROBE phase=startup_probe
INTEL_PROBE phase=prepare_with_transport
INTEL_PROBE witness_budget mach_start=1888409628861 mach_end=1890408520488 remaining_ns=1998891627 timebase_numer=1 timebase_denom=1 max_calls=4096
INTEL_PROBE begin=finite_loop call=1 deadline=1888414646599 rip=65537 nonce=1888408026594 witness=0
INTEL_PROBE end=finite_loop call=1 status=0 mach_before=1888409651556 mach_after=1888416980631
INTEL_PROBE capture=finite_loop call=1 exec_before=1198502 exec_after=8372279 reason_before=37 reason=52 rip_before=65537 rip=65540 rax=1888408026594 nonce=1888408026594 witness=1888408026594
INTEL_PROBE phase=prepare_with_transport
INTEL_PROBE begin=expired_mtf call=2 deadline=0 rip=65543 nonce=1888417061707 witness=0
INTEL_PROBE end=expired_mtf call=2 status=0 mach_before=1888418886966 mach_after=1888418957165
INTEL_PROBE capture=expired_mtf call=2 exec_before=8749291 exec_after=8816387 reason_before=37 reason=52 rip_before=65543 rip=65543 rax=1888417061707 nonce=1888417061707 witness=0
INTEL_PROBE phase=prepare_with_transport
INTEL_PROBE begin=finite_mtf call=3 deadline=1888425210299 rip=65543 nonce=1888419016646 witness=0
INTEL_PROBE end=finite_mtf call=3 status=0 mach_before=1888420225984 mach_after=1888420643610
INTEL_PROBE capture=finite_mtf call=3 exec_before=9259736 exec_after=9591432 reason_before=37 reason=37 rip_before=65543 rip=65546 rax=1888419016647 nonce=1888419016646 witness=0
INTEL_PROBE phase=verified_retry
INTEL_PROBE phase=prepare_with_transport
INTEL_PROBE phase=finite_retirement
INTEL_LIFECYCLE phase=vcpu_destroy_begin generation=33 owner=98184
INTEL_LIFECYCLE phase=vcpu_destroy_end generation=33 owner=98184
INTEL_LIFECYCLE phase=vm_destroy_begin generation=33 owner=98184
INTEL_LIFECYCLE phase=vm_destroy_end generation=33 owner=98184
INTEL_LIFECYCLE phase=vm_create_begin generation=34 owner=98184
INTEL_LIFECYCLE phase=vm_create_end generation=34 owner=98184
INTEL_LIFECYCLE phase=vcpu_create_begin generation=34 owner=98184
INTEL_LIFECYCLE phase=vcpu_create_end generation=34 owner=98184
[       OK ] HvfIntelProbe.FiniteDeadline (21 ms)
[----------] 1 test from HvfIntelProbe (21 ms total)

[==========] 1 test from 1 test suite ran. (21 ms total)
[  PASSED  ] 1 test.

Repeating all tests (iteration 34) . . .

Note: Google Test filter = HvfIntelProbe.FiniteDeadline
[==========] Running 1 test from 1 test suite.
[----------] 1 test from HvfIntelProbe
[ RUN      ] HvfIntelProbe.FiniteDeadline
INTEL_PROBE phase=executor_initialization
INTEL_PROBE phase=executor_retained
INTEL_PROBE phase=startup_probe
INTEL_PROBE phase=prepare_with_transport
INTEL_PROBE witness_budget mach_start=1888431099767 mach_end=1890430643657 remaining_ns=1999543890 timebase_numer=1 timebase_denom=1 max_calls=4096
INTEL_PROBE begin=finite_loop call=1 deadline=1888436119414 rip=65537 nonce=1888430144642 witness=0
INTEL_PROBE end=finite_loop call=1 status=0 mach_before=1888431124255 mach_after=1888437974825
INTEL_PROBE capture=finite_loop call=1 exec_before=1723393 exec_after=8331825 reason_before=37 reason=52 rip_before=65537 rip=65540 rax=1888430144642 nonce=1888430144642 witness=1888430144642
INTEL_PROBE phase=prepare_with_transport
INTEL_PROBE begin=expired_mtf call=2 deadline=0 rip=65543 nonce=1888438074704 witness=0
INTEL_PROBE end=expired_mtf call=2 status=0 mach_before=1888440055700 mach_after=1888440124548
INTEL_PROBE capture=expired_mtf call=2 exec_before=8688983 exec_after=8754671 reason_before=37 reason=52 rip_before=65543 rip=65543 rax=1888438074704 nonce=1888438074704 witness=0
INTEL_PROBE phase=prepare_with_transport
INTEL_PROBE begin=finite_mtf call=3 deadline=1888446033654 rip=65543 nonce=1888440184665 witness=0
INTEL_PROBE end=finite_mtf call=3 status=0 mach_before=1888441046276 mach_after=1888441470604
INTEL_PROBE capture=finite_mtf call=3 exec_before=9086683 exec_after=9423828 reason_before=37 reason=37 rip_before=65543 rip=65546 rax=1888440184666 nonce=1888440184665 witness=0
INTEL_PROBE phase=verified_retry
INTEL_PROBE phase=prepare_with_transport
INTEL_PROBE phase=finite_retirement
INTEL_LIFECYCLE phase=vcpu_destroy_begin generation=34 owner=98184
INTEL_LIFECYCLE phase=vcpu_destroy_end generation=34 owner=98184
INTEL_LIFECYCLE phase=vm_destroy_begin generation=34 owner=98184
INTEL_LIFECYCLE phase=vm_destroy_end generation=34 owner=98184
INTEL_LIFECYCLE phase=vm_create_begin generation=35 owner=98184
INTEL_LIFECYCLE phase=vm_create_end generation=35 owner=98184
INTEL_LIFECYCLE phase=vcpu_create_begin generation=35 owner=98184
INTEL_LIFECYCLE phase=vcpu_create_end generation=35 owner=98184
[       OK ] HvfIntelProbe.FiniteDeadline (21 ms)
[----------] 1 test from HvfIntelProbe (21 ms total)

[==========] 1 test from 1 test suite ran. (21 ms total)
[  PASSED  ] 1 test.

Repeating all tests (iteration 35) . . .

Note: Google Test filter = HvfIntelProbe.FiniteDeadline
[==========] Running 1 test from 1 test suite.
[----------] 1 test from HvfIntelProbe
[ RUN      ] HvfIntelProbe.FiniteDeadline
INTEL_PROBE phase=executor_initialization
INTEL_PROBE phase=executor_retained
INTEL_PROBE phase=startup_probe
INTEL_PROBE phase=prepare_with_transport
INTEL_PROBE witness_budget mach_start=1888451990365 mach_end=1890451027902 remaining_ns=1999037537 timebase_numer=1 timebase_denom=1 max_calls=4096
INTEL_PROBE begin=finite_loop call=1 deadline=1888457006045 rip=65537 nonce=1888450584550 witness=0
INTEL_PROBE end=finite_loop call=1 status=0 mach_before=1888452010584 mach_after=1888457056917
INTEL_PROBE capture=finite_loop call=1 exec_before=1177931 exec_after=5972119 reason_before=37 reason=52 rip_before=65537 rip=65540 rax=1888450584550 nonce=1888450584550 witness=1888450584550
INTEL_PROBE phase=prepare_with_transport
INTEL_PROBE begin=expired_mtf call=2 deadline=0 rip=65543 nonce=1888457127733 witness=0
INTEL_PROBE end=expired_mtf call=2 status=0 mach_before=1888459134507 mach_after=1888459179017
INTEL_PROBE capture=expired_mtf call=2 exec_before=6350428 exec_after=6392400 reason_before=37 reason=52 rip_before=65543 rip=65543 rax=1888457127733 nonce=1888457127733 witness=0
INTEL_PROBE phase=prepare_with_transport
INTEL_PROBE begin=finite_mtf call=3 deadline=1888465117889 rip=65543 nonce=1888459236395 witness=0
INTEL_PROBE end=finite_mtf call=3 status=0 mach_before=1888460134061 mach_after=1888460559124
INTEL_PROBE capture=finite_mtf call=3 exec_before=6730347 exec_after=7068168 reason_before=37 reason=37 rip_before=65543 rip=65546 rax=1888459236396 nonce=1888459236395 witness=0
INTEL_PROBE phase=verified_retry
INTEL_PROBE phase=prepare_with_transport
INTEL_PROBE phase=finite_retirement
INTEL_LIFECYCLE phase=vcpu_destroy_begin generation=35 owner=98184
INTEL_LIFECYCLE phase=vcpu_destroy_end generation=35 owner=98184
INTEL_LIFECYCLE phase=vm_destroy_begin generation=35 owner=98184
INTEL_LIFECYCLE phase=vm_destroy_end generation=35 owner=98184
INTEL_LIFECYCLE phase=vm_create_begin generation=36 owner=98184
INTEL_LIFECYCLE phase=vm_create_end generation=36 owner=98184
INTEL_LIFECYCLE phase=vcpu_create_begin generation=36 owner=98184
INTEL_LIFECYCLE phase=vcpu_create_end generation=36 owner=98184
[       OK ] HvfIntelProbe.FiniteDeadline (18 ms)
[----------] 1 test from HvfIntelProbe (18 ms total)

[==========] 1 test from 1 test suite ran. (18 ms total)
[  PASSED  ] 1 test.

Repeating all tests (iteration 36) . . .

Note: Google Test filter = HvfIntelProbe.FiniteDeadline
[==========] Running 1 test from 1 test suite.
[----------] 1 test from HvfIntelProbe
[ RUN      ] HvfIntelProbe.FiniteDeadline
INTEL_PROBE phase=executor_initialization
INTEL_PROBE phase=executor_retained
INTEL_PROBE phase=startup_probe
INTEL_PROBE phase=prepare_with_transport
INTEL_PROBE witness_budget mach_start=1888472725574 mach_end=1890471838565 remaining_ns=1999112991 timebase_numer=1 timebase_denom=1 max_calls=4096
INTEL_PROBE begin=finite_loop call=1 deadline=1888477741635 rip=65537 nonce=1888471496519 witness=0
INTEL_PROBE end=finite_loop call=1 status=0 mach_before=1888472746945 mach_after=1888475558299
INTEL_PROBE capture=finite_loop call=1 exec_before=1745852 exec_after=4207388 reason_before=37 reason=1 rip_before=65537 rip=65540 rax=1888471496519 nonce=1888471496519 witness=1888471496519
INTEL_PROBE begin=finite_loop call=2 deadline=1888477741635 rip=65540 nonce=1888471496519 witness=1888471496519
INTEL_PROBE end=finite_loop call=2 status=0 mach_before=1888475584162 mach_after=1888476077214
INTEL_PROBE capture=finite_loop call=2 exec_before=4207388 exec_after=4637988 reason_before=1 reason=1 rip_before=65540 rip=65540 rax=1888471496519 nonce=1888471496519 witness=1888471496519
INTEL_PROBE begin=finite_loop call=3 deadline=1888477741635 rip=65540 nonce=1888471496519 witness=1888471496519
INTEL_PROBE end=finite_loop call=3 status=0 mach_before=1888476100534 mach_after=1888477864901
INTEL_PROBE capture=finite_loop call=3 exec_before=4637988 exec_after=6385294 reason_before=1 reason=52 rip_before=65540 rip=65540 rax=1888471496519 nonce=1888471496519 witness=1888471496519
INTEL_PROBE phase=prepare_with_transport
INTEL_PROBE begin=expired_mtf call=4 deadline=0 rip=65543 nonce=1888477931620 witness=0
INTEL_PROBE end=expired_mtf call=4 status=0 mach_before=1888479591926 mach_after=1888479637472
INTEL_PROBE capture=expired_mtf call=4 exec_before=6820281 exec_after=6863543 reason_before=37 reason=52 rip_before=65543 rip=65543 rax=1888477931620 nonce=1888477931620 witness=0
INTEL_PROBE phase=prepare_with_transport
INTEL_PROBE begin=finite_mtf call=5 deadline=1888485704087 rip=65543 nonce=1888479696447 witness=0
INTEL_PROBE end=finite_mtf call=5 status=0 mach_before=1888480718834 mach_after=1888481221626
INTEL_PROBE capture=finite_mtf call=5 exec_before=7273052 exec_after=7666529 reason_before=37 reason=37 rip_before=65543 rip=65546 rax=1888479696448 nonce=1888479696447 witness=0
INTEL_PROBE phase=verified_retry
INTEL_PROBE phase=prepare_with_transport
INTEL_PROBE phase=finite_retirement
INTEL_LIFECYCLE phase=vcpu_destroy_begin generation=36 owner=98184
INTEL_LIFECYCLE phase=vcpu_destroy_end generation=36 owner=98184
INTEL_LIFECYCLE phase=vm_destroy_begin generation=36 owner=98184
INTEL_LIFECYCLE phase=vm_destroy_end generation=36 owner=98184
INTEL_LIFECYCLE phase=vm_create_begin generation=37 owner=98184
INTEL_LIFECYCLE phase=vm_create_end generation=37 owner=98184
INTEL_LIFECYCLE phase=vcpu_create_begin generation=37 owner=98184
INTEL_LIFECYCLE phase=vcpu_create_end generation=37 owner=98184
[       OK ] HvfIntelProbe.FiniteDeadline (20 ms)
[----------] 1 test from HvfIntelProbe (20 ms total)

[==========] 1 test from 1 test suite ran. (20 ms total)
[  PASSED  ] 1 test.

Repeating all tests (iteration 37) . . .

Note: Google Test filter = HvfIntelProbe.FiniteDeadline
[==========] Running 1 test from 1 test suite.
[----------] 1 test from HvfIntelProbe
[ RUN      ] HvfIntelProbe.FiniteDeadline
INTEL_PROBE phase=executor_initialization
INTEL_PROBE phase=executor_retained
INTEL_PROBE phase=startup_probe
INTEL_PROBE phase=prepare_with_transport
INTEL_PROBE witness_budget mach_start=1888492370585 mach_end=1890491214187 remaining_ns=1998843602 timebase_numer=1 timebase_denom=1 max_calls=4096
INTEL_PROBE begin=finite_loop call=1 deadline=1888497413397 rip=65537 nonce=1888490876294 witness=0
INTEL_PROBE end=finite_loop call=1 status=0 mach_before=1888492419082 mach_after=1888497531236
INTEL_PROBE capture=finite_loop call=1 exec_before=1069151 exec_after=5992444 reason_before=37 reason=52 rip_before=65537 rip=65540 rax=1888490876294 nonce=1888490876294 witness=1888490876294
INTEL_PROBE phase=prepare_with_transport
INTEL_PROBE begin=expired_mtf call=2 deadline=0 rip=65543 nonce=1888497679549 witness=0
INTEL_PROBE end=expired_mtf call=2 status=0 mach_before=1888499454427 mach_after=1888499498478
INTEL_PROBE capture=expired_mtf call=2 exec_before=6353107 exec_after=6394829 reason_before=37 reason=52 rip_before=65543 rip=65543 rax=1888497679549 nonce=1888497679549 witness=0
INTEL_PROBE phase=prepare_with_transport
INTEL_PROBE begin=finite_mtf call=3 deadline=1888505454699 rip=65543 nonce=1888499554202 witness=0
INTEL_PROBE end=finite_mtf call=3 status=0 mach_before=1888500469659 mach_after=1888501005084
INTEL_PROBE capture=finite_mtf call=3 exec_before=6726416 exec_after=7126947 reason_before=37 reason=37 rip_before=65543 rip=65546 rax=1888499554203 nonce=1888499554202 witness=0
INTEL_PROBE phase=verified_retry
INTEL_PROBE phase=prepare_with_transport
INTEL_PROBE phase=finite_retirement
INTEL_LIFECYCLE phase=vcpu_destroy_begin generation=37 owner=98184
INTEL_LIFECYCLE phase=vcpu_destroy_end generation=37 owner=98184
INTEL_LIFECYCLE phase=vm_destroy_begin generation=37 owner=98184
INTEL_LIFECYCLE phase=vm_destroy_end generation=37 owner=98184
INTEL_LIFECYCLE phase=vm_create_begin generation=38 owner=98184
INTEL_LIFECYCLE phase=vm_create_end generation=38 owner=98184
INTEL_LIFECYCLE phase=vcpu_create_begin generation=38 owner=98184
INTEL_LIFECYCLE phase=vcpu_create_end generation=38 owner=98184
[       OK ] HvfIntelProbe.FiniteDeadline (19 ms)
[----------] 1 test from HvfIntelProbe (19 ms total)

[==========] 1 test from 1 test suite ran. (19 ms total)
[  PASSED  ] 1 test.

Repeating all tests (iteration 38) . . .

Note: Google Test filter = HvfIntelProbe.FiniteDeadline
[==========] Running 1 test from 1 test suite.
[----------] 1 test from HvfIntelProbe
[ RUN      ] HvfIntelProbe.FiniteDeadline
INTEL_PROBE phase=executor_initialization
INTEL_PROBE phase=executor_retained
INTEL_PROBE phase=startup_probe
INTEL_PROBE phase=prepare_with_transport
INTEL_PROBE witness_budget mach_start=1888512513138 mach_end=1890511103910 remaining_ns=1998590772 timebase_numer=1 timebase_denom=1 max_calls=4096
INTEL_PROBE begin=finite_loop call=1 deadline=1888517534390 rip=65537 nonce=1888510762627 witness=0
INTEL_PROBE end=finite_loop call=1 status=0 mach_before=1888512539623 mach_after=1888517578091
INTEL_PROBE capture=finite_loop call=1 exec_before=1535355 exec_after=6410115 reason_before=37 reason=52 rip_before=65537 rip=65540 rax=1888510762627 nonce=1888510762627 witness=1888510762627
INTEL_PROBE phase=prepare_with_transport
INTEL_PROBE begin=expired_mtf call=2 deadline=0 rip=65543 nonce=1888517648021 witness=0
INTEL_PROBE end=expired_mtf call=2 status=0 mach_before=1888519389459 mach_after=1888519433991
INTEL_PROBE capture=expired_mtf call=2 exec_before=6796811 exec_after=6838975 reason_before=37 reason=52 rip_before=65543 rip=65543 rax=1888517648021 nonce=1888517648021 witness=0
INTEL_PROBE phase=prepare_with_transport
INTEL_PROBE begin=finite_mtf call=3 deadline=1888525474317 rip=65543 nonce=1888519491895 witness=0
INTEL_PROBE end=finite_mtf call=3 status=0 mach_before=1888520490666 mach_after=1888520926955
INTEL_PROBE capture=finite_mtf call=3 exec_before=7221130 exec_after=7567200 reason_before=37 reason=37 rip_before=65543 rip=65546 rax=1888519491896 nonce=1888519491895 witness=0
INTEL_PROBE phase=verified_retry
INTEL_PROBE phase=prepare_with_transport
INTEL_PROBE phase=finite_retirement
INTEL_LIFECYCLE phase=vcpu_destroy_begin generation=38 owner=98184
INTEL_LIFECYCLE phase=vcpu_destroy_end generation=38 owner=98184
INTEL_LIFECYCLE phase=vm_destroy_begin generation=38 owner=98184
INTEL_LIFECYCLE phase=vm_destroy_end generation=38 owner=98184
INTEL_LIFECYCLE phase=vm_create_begin generation=39 owner=98184
INTEL_LIFECYCLE phase=vm_create_end generation=39 owner=98184
INTEL_LIFECYCLE phase=vcpu_create_begin generation=39 owner=98184
INTEL_LIFECYCLE phase=vcpu_create_end generation=39 owner=98184
[       OK ] HvfIntelProbe.FiniteDeadline (19 ms)
[----------] 1 test from HvfIntelProbe (19 ms total)

[==========] 1 test from 1 test suite ran. (19 ms total)
[  PASSED  ] 1 test.

Repeating all tests (iteration 39) . . .

Note: Google Test filter = HvfIntelProbe.FiniteDeadline
[==========] Running 1 test from 1 test suite.
[----------] 1 test from HvfIntelProbe
[ RUN      ] HvfIntelProbe.FiniteDeadline
INTEL_PROBE phase=executor_initialization
INTEL_PROBE phase=executor_retained
INTEL_PROBE phase=startup_probe
INTEL_PROBE phase=prepare_with_transport
INTEL_PROBE witness_budget mach_start=1888531459362 mach_end=1890530171469 remaining_ns=1998712107 timebase_numer=1 timebase_denom=1 max_calls=4096
INTEL_PROBE begin=finite_loop call=1 deadline=1888536482217 rip=65537 nonce=1888529841912 witness=0
INTEL_PROBE end=finite_loop call=1 status=0 mach_before=1888531487131 mach_after=1888537796311
INTEL_PROBE capture=finite_loop call=1 exec_before=1302827 exec_after=7484690 reason_before=37 reason=52 rip_before=65537 rip=65540 rax=1888529841912 nonce=1888529841912 witness=1888529841912
INTEL_PROBE phase=prepare_with_transport
INTEL_PROBE begin=expired_mtf call=2 deadline=0 rip=65543 nonce=1888537879022 witness=0
INTEL_PROBE end=expired_mtf call=2 status=0 mach_before=1888540112717 mach_after=1888540157235
INTEL_PROBE capture=expired_mtf call=2 exec_before=7835460 exec_after=7877487 reason_before=37 reason=52 rip_before=65543 rip=65543 rax=1888537879022 nonce=1888537879022 witness=0
INTEL_PROBE phase=prepare_with_transport
INTEL_PROBE begin=finite_mtf call=3 deadline=1888546286738 rip=65543 nonce=1888540215796 witness=0
INTEL_PROBE end=finite_mtf call=3 status=0 mach_before=1888541306565 mach_after=1888541769108
INTEL_PROBE capture=finite_mtf call=3 exec_before=8262638 exec_after=8631232 reason_before=37 reason=37 rip_before=65543 rip=65546 rax=1888540215797 nonce=1888540215796 witness=0
INTEL_PROBE phase=verified_retry
INTEL_PROBE phase=prepare_with_transport
INTEL_PROBE phase=finite_retirement
INTEL_LIFECYCLE phase=vcpu_destroy_begin generation=39 owner=98184
INTEL_LIFECYCLE phase=vcpu_destroy_end generation=39 owner=98184
INTEL_LIFECYCLE phase=vm_destroy_begin generation=39 owner=98184
INTEL_LIFECYCLE phase=vm_destroy_end generation=39 owner=98184
INTEL_LIFECYCLE phase=vm_create_begin generation=40 owner=98184
INTEL_LIFECYCLE phase=vm_create_end generation=40 owner=98184
INTEL_LIFECYCLE phase=vcpu_create_begin generation=40 owner=98184
INTEL_LIFECYCLE phase=vcpu_create_end generation=40 owner=98184
[       OK ] HvfIntelProbe.FiniteDeadline (21 ms)
[----------] 1 test from HvfIntelProbe (21 ms total)

[==========] 1 test from 1 test suite ran. (21 ms total)
[  PASSED  ] 1 test.

Repeating all tests (iteration 40) . . .

Note: Google Test filter = HvfIntelProbe.FiniteDeadline
[==========] Running 1 test from 1 test suite.
[----------] 1 test from HvfIntelProbe
[ RUN      ] HvfIntelProbe.FiniteDeadline
INTEL_PROBE phase=executor_initialization
INTEL_PROBE phase=executor_retained
INTEL_PROBE phase=startup_probe
INTEL_PROBE phase=prepare_with_transport
INTEL_PROBE witness_budget mach_start=1888552654528 mach_end=1890551333607 remaining_ns=1998679079 timebase_numer=1 timebase_denom=1 max_calls=4096
INTEL_PROBE begin=finite_loop call=1 deadline=1888557679019 rip=65537 nonce=1888550991383 witness=0
INTEL_PROBE end=finite_loop call=1 status=0 mach_before=1888552683820 mach_after=1888560769950
INTEL_PROBE capture=finite_loop call=1 exec_before=1089152 exec_after=9003115 reason_before=37 reason=52 rip_before=65537 rip=65540 rax=1888550991383 nonce=1888550991383 witness=1888550991383
INTEL_PROBE phase=prepare_with_transport
INTEL_PROBE begin=expired_mtf call=2 deadline=0 rip=65543 nonce=1888560857416 witness=0
INTEL_PROBE end=expired_mtf call=2 status=0 mach_before=1888563032519 mach_after=1888563153944
INTEL_PROBE capture=expired_mtf call=2 exec_before=9450499 exec_after=9568334 reason_before=37 reason=52 rip_before=65543 rip=65543 rax=1888560857416 nonce=1888560857416 witness=0
INTEL_PROBE phase=prepare_with_transport
INTEL_PROBE begin=finite_mtf call=3 deadline=1888569559196 rip=65543 nonce=1888563233240 witness=0
INTEL_PROBE end=finite_mtf call=3 status=0 mach_before=1888564584716 mach_after=1888565006340
INTEL_PROBE capture=finite_mtf call=3 exec_before=9987762 exec_after=10322607 reason_before=37 reason=37 rip_before=65543 rip=65546 rax=1888563233241 nonce=1888563233240 witness=0
INTEL_PROBE phase=verified_retry
INTEL_PROBE phase=prepare_with_transport
INTEL_PROBE phase=finite_retirement
INTEL_LIFECYCLE phase=vcpu_destroy_begin generation=40 owner=98184
INTEL_LIFECYCLE phase=vcpu_destroy_end generation=40 owner=98184
INTEL_LIFECYCLE phase=vm_destroy_begin generation=40 owner=98184
INTEL_LIFECYCLE phase=vm_destroy_end generation=40 owner=98184
INTEL_LIFECYCLE phase=vm_create_begin generation=41 owner=98184
INTEL_LIFECYCLE phase=vm_create_end generation=41 owner=98184
INTEL_LIFECYCLE phase=vcpu_create_begin generation=41 owner=98184
INTEL_LIFECYCLE phase=vcpu_create_end generation=41 owner=98184
[       OK ] HvfIntelProbe.FiniteDeadline (23 ms)
[----------] 1 test from HvfIntelProbe (23 ms total)

[==========] 1 test from 1 test suite ran. (23 ms total)
[  PASSED  ] 1 test.

Repeating all tests (iteration 41) . . .

Note: Google Test filter = HvfIntelProbe.FiniteDeadline
[==========] Running 1 test from 1 test suite.
[----------] 1 test from HvfIntelProbe
[ RUN      ] HvfIntelProbe.FiniteDeadline
INTEL_PROBE phase=executor_initialization
INTEL_PROBE phase=executor_retained
INTEL_PROBE phase=startup_probe
INTEL_PROBE phase=prepare_with_transport
INTEL_PROBE witness_budget mach_start=1888577423215 mach_end=1890576215111 remaining_ns=1998791896 timebase_numer=1 timebase_denom=1 max_calls=4096
INTEL_PROBE begin=finite_loop call=1 deadline=1888582449814 rip=65537 nonce=1888575858037 witness=0
INTEL_PROBE end=finite_loop call=1 status=0 mach_before=1888577461992 mach_after=1888588846246
INTEL_PROBE capture=finite_loop call=1 exec_before=1208938 exec_after=12459192 reason_before=37 reason=52 rip_before=65537 rip=65540 rax=1888575858037 nonce=1888575858037 witness=1888575858037
INTEL_PROBE phase=prepare_with_transport
INTEL_PROBE begin=expired_mtf call=2 deadline=0 rip=65543 nonce=1888588918925 witness=0
INTEL_PROBE end=expired_mtf call=2 status=0 mach_before=1888590937092 mach_after=1888590987147
INTEL_PROBE capture=expired_mtf call=2 exec_before=12798388 exec_after=12845683 reason_before=37 reason=52 rip_before=65543 rip=65543 rax=1888588918925 nonce=1888588918925 witness=0
INTEL_PROBE phase=prepare_with_transport
INTEL_PROBE begin=finite_mtf call=3 deadline=1888597215536 rip=65543 nonce=1888591046032 witness=0
INTEL_PROBE end=finite_mtf call=3 status=0 mach_before=1888592238566 mach_after=1888592669010
INTEL_PROBE capture=finite_mtf call=3 exec_before=13183305 exec_after=13521790 reason_before=37 reason=37 rip_before=65543 rip=65546 rax=1888591046033 nonce=1888591046032 witness=0
INTEL_PROBE phase=verified_retry
INTEL_PROBE phase=prepare_with_transport
INTEL_PROBE phase=finite_retirement
INTEL_LIFECYCLE phase=vcpu_destroy_begin generation=41 owner=98184
INTEL_LIFECYCLE phase=vcpu_destroy_end generation=41 owner=98184
INTEL_LIFECYCLE phase=vm_destroy_begin generation=41 owner=98184
INTEL_LIFECYCLE phase=vm_destroy_end generation=41 owner=98184
INTEL_LIFECYCLE phase=vm_create_begin generation=42 owner=98184
INTEL_LIFECYCLE phase=vm_create_end generation=42 owner=98184
INTEL_LIFECYCLE phase=vcpu_create_begin generation=42 owner=98184
INTEL_LIFECYCLE phase=vcpu_create_end generation=42 owner=98184
[       OK ] HvfIntelProbe.FiniteDeadline (29 ms)
[----------] 1 test from HvfIntelProbe (29 ms total)

[==========] 1 test from 1 test suite ran. (29 ms total)
[  PASSED  ] 1 test.

Repeating all tests (iteration 42) . . .

Note: Google Test filter = HvfIntelProbe.FiniteDeadline
[==========] Running 1 test from 1 test suite.
[----------] 1 test from HvfIntelProbe
[ RUN      ] HvfIntelProbe.FiniteDeadline
INTEL_PROBE phase=executor_initialization
INTEL_PROBE phase=executor_retained
INTEL_PROBE phase=startup_probe
INTEL_PROBE phase=prepare_with_transport
INTEL_PROBE witness_budget mach_start=1888608315726 mach_end=1890607138564 remaining_ns=1998822838 timebase_numer=1 timebase_denom=1 max_calls=4096
INTEL_PROBE begin=finite_loop call=1 deadline=1888613335363 rip=65537 nonce=1888606794716 witness=0
INTEL_PROBE end=finite_loop call=1 status=0 mach_before=1888608340368 mach_after=1888609479163
INTEL_PROBE capture=finite_loop call=1 exec_before=2054438 exec_after=2769487 reason_before=37 reason=1 rip_before=65537 rip=65540 rax=1888606794716 nonce=1888606794716 witness=1888606794716
INTEL_PROBE begin=finite_loop call=2 deadline=1888613335363 rip=65540 nonce=1888606794716 witness=1888606794716
INTEL_PROBE end=finite_loop call=2 status=0 mach_before=1888609538910 mach_after=1888610980192
INTEL_PROBE capture=finite_loop call=2 exec_before=2769487 exec_after=3964513 reason_before=1 reason=1 rip_before=65540 rip=65540 rax=1888606794716 nonce=1888606794716 witness=1888606794716
INTEL_PROBE begin=finite_loop call=3 deadline=1888613335363 rip=65540 nonce=1888606794716 witness=1888606794716
INTEL_PROBE end=finite_loop call=3 status=0 mach_before=1888611016442 mach_after=1888611135565
INTEL_PROBE capture=finite_loop call=3 exec_before=3964513 exec_after=4067197 reason_before=1 reason=1 rip_before=65540 rip=65540 rax=1888606794716 nonce=1888606794716 witness=1888606794716
INTEL_PROBE begin=finite_loop call=4 deadline=1888613335363 rip=65540 nonce=1888606794716 witness=1888606794716
INTEL_PROBE end=finite_loop call=4 status=0 mach_before=1888611156001 mach_after=1888614178469
INTEL_PROBE capture=finite_loop call=4 exec_before=4067197 exec_after=7083539 reason_before=1 reason=52 rip_before=65540 rip=65540 rax=1888606794716 nonce=1888606794716 witness=1888606794716
INTEL_PROBE phase=prepare_with_transport
INTEL_PROBE begin=expired_mtf call=5 deadline=0 rip=65543 nonce=1888614255849 witness=0
INTEL_PROBE end=expired_mtf call=5 status=0 mach_before=1888616290047 mach_after=1888616385115
INTEL_PROBE capture=expired_mtf call=5 exec_before=7559597 exec_after=7651516 reason_before=37 reason=52 rip_before=65543 rip=65543 rax=1888614255849 nonce=1888614255849 witness=0
INTEL_PROBE phase=prepare_with_transport
INTEL_PROBE begin=finite_mtf call=6 deadline=1888622528664 rip=65543 nonce=1888616553880 witness=0
INTEL_PROBE end=finite_mtf call=6 status=0 mach_before=1888617541790 mach_after=1888618007502
INTEL_PROBE capture=finite_mtf call=6 exec_before=8019377 exec_after=8382326 reason_before=37 reason=37 rip_before=65543 rip=65546 rax=1888616553881 nonce=1888616553880 witness=0
INTEL_PROBE phase=verified_retry
INTEL_PROBE phase=prepare_with_transport
INTEL_PROBE phase=finite_retirement
INTEL_LIFECYCLE phase=vcpu_destroy_begin generation=42 owner=98184
INTEL_LIFECYCLE phase=vcpu_destroy_end generation=42 owner=98184
INTEL_LIFECYCLE phase=vm_destroy_begin generation=42 owner=98184
INTEL_LIFECYCLE phase=vm_destroy_end generation=42 owner=98184
INTEL_LIFECYCLE phase=vm_create_begin generation=43 owner=98184
INTEL_LIFECYCLE phase=vm_create_end generation=43 owner=98184
INTEL_LIFECYCLE phase=vcpu_create_begin generation=43 owner=98184
INTEL_LIFECYCLE phase=vcpu_create_end generation=43 owner=98184
[       OK ] HvfIntelProbe.FiniteDeadline (22 ms)
[----------] 1 test from HvfIntelProbe (22 ms total)

[==========] 1 test from 1 test suite ran. (22 ms total)
[  PASSED  ] 1 test.

Repeating all tests (iteration 43) . . .

Note: Google Test filter = HvfIntelProbe.FiniteDeadline
[==========] Running 1 test from 1 test suite.
[----------] 1 test from HvfIntelProbe
[ RUN      ] HvfIntelProbe.FiniteDeadline
INTEL_PROBE phase=executor_initialization
INTEL_PROBE phase=executor_retained
INTEL_PROBE phase=startup_probe
INTEL_PROBE phase=prepare_with_transport
INTEL_PROBE witness_budget mach_start=1888628695255 mach_end=1890627623778 remaining_ns=1998928523 timebase_numer=1 timebase_denom=1 max_calls=4096
INTEL_PROBE begin=finite_loop call=1 deadline=1888633733433 rip=65537 nonce=1888627172703 witness=0
INTEL_PROBE end=finite_loop call=1 status=0 mach_before=1888628738311 mach_after=1888633776457
INTEL_PROBE capture=finite_loop call=1 exec_before=1142383 exec_after=5966344 reason_before=37 reason=52 rip_before=65537 rip=65540 rax=1888627172703 nonce=1888627172703 witness=1888627172703
INTEL_PROBE phase=prepare_with_transport
INTEL_PROBE begin=expired_mtf call=2 deadline=0 rip=65543 nonce=1888633853447 witness=0
INTEL_PROBE end=expired_mtf call=2 status=0 mach_before=1888635766914 mach_after=1888635811437
INTEL_PROBE capture=expired_mtf call=2 exec_before=6484366 exec_after=6526575 reason_before=37 reason=52 rip_before=65543 rip=65543 rax=1888633853447 nonce=1888633853447 witness=0
INTEL_PROBE phase=prepare_with_transport
INTEL_PROBE begin=finite_mtf call=3 deadline=1888641759638 rip=65543 nonce=1888635868016 witness=0
INTEL_PROBE end=finite_mtf call=3 status=0 mach_before=1888636775237 mach_after=1888637458741
INTEL_PROBE capture=finite_mtf call=3 exec_before=6875259 exec_after=7393492 reason_before=37 reason=37 rip_before=65543 rip=65546 rax=1888635868017 nonce=1888635868016 witness=0
INTEL_PROBE phase=verified_retry
INTEL_PROBE phase=prepare_with_transport
INTEL_PROBE phase=finite_retirement
INTEL_LIFECYCLE phase=vcpu_destroy_begin generation=43 owner=98184
INTEL_LIFECYCLE phase=vcpu_destroy_end generation=43 owner=98184
INTEL_LIFECYCLE phase=vm_destroy_begin generation=43 owner=98184
INTEL_LIFECYCLE phase=vm_destroy_end generation=43 owner=98184
INTEL_LIFECYCLE phase=vm_create_begin generation=44 owner=98184
INTEL_LIFECYCLE phase=vm_create_end generation=44 owner=98184
INTEL_LIFECYCLE phase=vcpu_create_begin generation=44 owner=98184
INTEL_LIFECYCLE phase=vcpu_create_end generation=44 owner=98184
[       OK ] HvfIntelProbe.FiniteDeadline (18 ms)
[----------] 1 test from HvfIntelProbe (18 ms total)

[==========] 1 test from 1 test suite ran. (18 ms total)
[  PASSED  ] 1 test.

Repeating all tests (iteration 44) . . .

Note: Google Test filter = HvfIntelProbe.FiniteDeadline
[==========] Running 1 test from 1 test suite.
[----------] 1 test from HvfIntelProbe
[ RUN      ] HvfIntelProbe.FiniteDeadline
INTEL_PROBE phase=executor_initialization
INTEL_PROBE phase=executor_retained
INTEL_PROBE phase=startup_probe
INTEL_PROBE phase=prepare_with_transport
INTEL_PROBE witness_budget mach_start=1888648443551 mach_end=1890647219556 remaining_ns=1998776005 timebase_numer=1 timebase_denom=1 max_calls=4096
INTEL_PROBE begin=finite_loop call=1 deadline=1888653459526 rip=65537 nonce=1888646807166 witness=0
INTEL_PROBE end=finite_loop call=1 status=0 mach_before=1888648464244 mach_after=1888653502171
INTEL_PROBE capture=finite_loop call=1 exec_before=1294428 exec_after=6125557 reason_before=37 reason=52 rip_before=65537 rip=65540 rax=1888646807166 nonce=1888646807166 witness=1888646807166
INTEL_PROBE phase=prepare_with_transport
INTEL_PROBE begin=expired_mtf call=2 deadline=0 rip=65543 nonce=1888653567287 witness=0
INTEL_PROBE end=expired_mtf call=2 status=0 mach_before=1888654762162 mach_after=1888654805082
INTEL_PROBE capture=expired_mtf call=2 exec_before=6480608 exec_after=6521271 reason_before=37 reason=52 rip_before=65543 rip=65543 rax=1888653567287 nonce=1888653567287 witness=0
INTEL_PROBE phase=prepare_with_transport
INTEL_PROBE begin=finite_mtf call=3 deadline=1888660669775 rip=65543 nonce=1888654862041 witness=0
INTEL_PROBE end=finite_mtf call=3 status=0 mach_before=1888655683244 mach_after=1888656088669
INTEL_PROBE capture=finite_mtf call=3 exec_before=6841227 exec_after=7164997 reason_before=37 reason=37 rip_before=65543 rip=65546 rax=1888654862042 nonce=1888654862041 witness=0
INTEL_PROBE phase=verified_retry
INTEL_PROBE phase=prepare_with_transport
INTEL_PROBE phase=finite_retirement
INTEL_LIFECYCLE phase=vcpu_destroy_begin generation=44 owner=98184
INTEL_LIFECYCLE phase=vcpu_destroy_end generation=44 owner=98184
INTEL_LIFECYCLE phase=vm_destroy_begin generation=44 owner=98184
INTEL_LIFECYCLE phase=vm_destroy_end generation=44 owner=98184
INTEL_LIFECYCLE phase=vm_create_begin generation=45 owner=98184
INTEL_LIFECYCLE phase=vm_create_end generation=45 owner=98184
INTEL_LIFECYCLE phase=vcpu_create_begin generation=45 owner=98184
INTEL_LIFECYCLE phase=vcpu_create_end generation=45 owner=98184
[       OK ] HvfIntelProbe.FiniteDeadline (18 ms)
[----------] 1 test from HvfIntelProbe (18 ms total)

[==========] 1 test from 1 test suite ran. (18 ms total)
[  PASSED  ] 1 test.

Repeating all tests (iteration 45) . . .

Note: Google Test filter = HvfIntelProbe.FiniteDeadline
[==========] Running 1 test from 1 test suite.
[----------] 1 test from HvfIntelProbe
[ RUN      ] HvfIntelProbe.FiniteDeadline
INTEL_PROBE phase=executor_initialization
INTEL_PROBE phase=executor_retained
INTEL_PROBE phase=startup_probe
INTEL_PROBE phase=prepare_with_transport
INTEL_PROBE witness_budget mach_start=1888666083259 mach_end=1890665586614 remaining_ns=1999503355 timebase_numer=1 timebase_denom=1 max_calls=4096
INTEL_PROBE begin=finite_loop call=1 deadline=1888671103209 rip=65537 nonce=1888665249131 witness=0
INTEL_PROBE end=finite_loop call=1 status=0 mach_before=1888666108144 mach_after=1888671535759
INTEL_PROBE capture=finite_loop call=1 exec_before=2043756 exec_after=7372720 reason_before=37 reason=52 rip_before=65537 rip=65540 rax=1888665249131 nonce=1888665249131 witness=1888665249131
INTEL_PROBE phase=prepare_with_transport
INTEL_PROBE begin=expired_mtf call=2 deadline=0 rip=65543 nonce=1888671611587 witness=0
INTEL_PROBE end=expired_mtf call=2 status=0 mach_before=1888672914277 mach_after=1888672958501
INTEL_PROBE capture=expired_mtf call=2 exec_before=7707565 exec_after=7749276 reason_before=37 reason=52 rip_before=65543 rip=65543 rax=1888671611587 nonce=1888671611587 witness=0
INTEL_PROBE phase=prepare_with_transport
INTEL_PROBE begin=finite_mtf call=3 deadline=1888678846051 rip=65543 nonce=1888673016087 witness=0
INTEL_PROBE end=finite_mtf call=3 status=0 mach_before=1888673860504 mach_after=1888674270933
INTEL_PROBE capture=finite_mtf call=3 exec_before=8079552 exec_after=8405216 reason_before=37 reason=37 rip_before=65543 rip=65546 rax=1888673016088 nonce=1888673016087 witness=0
INTEL_PROBE phase=verified_retry
INTEL_PROBE phase=prepare_with_transport
INTEL_PROBE phase=finite_retirement
INTEL_LIFECYCLE phase=vcpu_destroy_begin generation=45 owner=98184
INTEL_LIFECYCLE phase=vcpu_destroy_end generation=45 owner=98184
INTEL_LIFECYCLE phase=vm_destroy_begin generation=45 owner=98184
INTEL_LIFECYCLE phase=vm_destroy_end generation=45 owner=98184
INTEL_LIFECYCLE phase=vm_create_begin generation=46 owner=98184
INTEL_LIFECYCLE phase=vm_create_end generation=46 owner=98184
INTEL_LIFECYCLE phase=vcpu_create_begin generation=46 owner=98184
INTEL_LIFECYCLE phase=vcpu_create_end generation=46 owner=98184
[       OK ] HvfIntelProbe.FiniteDeadline (18 ms)
[----------] 1 test from HvfIntelProbe (18 ms total)

[==========] 1 test from 1 test suite ran. (18 ms total)
[  PASSED  ] 1 test.

Repeating all tests (iteration 46) . . .

Note: Google Test filter = HvfIntelProbe.FiniteDeadline
[==========] Running 1 test from 1 test suite.
[----------] 1 test from HvfIntelProbe
[ RUN      ] HvfIntelProbe.FiniteDeadline
INTEL_PROBE phase=executor_initialization
INTEL_PROBE phase=executor_retained
INTEL_PROBE phase=startup_probe
INTEL_PROBE phase=prepare_with_transport
INTEL_PROBE witness_budget mach_start=1888683649626 mach_end=1890682924610 remaining_ns=1999274984 timebase_numer=1 timebase_denom=1 max_calls=4096
INTEL_PROBE begin=finite_loop call=1 deadline=1888688670323 rip=65537 nonce=1888682604207 witness=0
INTEL_PROBE end=finite_loop call=1 status=0 mach_before=1888683674914 mach_after=1888691797435
INTEL_PROBE capture=finite_loop call=1 exec_before=964655 exec_after=8974627 reason_before=37 reason=52 rip_before=65537 rip=65540 rax=1888682604207 nonce=1888682604207 witness=1888682604207
INTEL_PROBE phase=prepare_with_transport
INTEL_PROBE begin=expired_mtf call=2 deadline=0 rip=65543 nonce=1888691862054 witness=0
INTEL_PROBE end=expired_mtf call=2 status=0 mach_before=1888693195272 mach_after=1888693238346
INTEL_PROBE capture=expired_mtf call=2 exec_before=9376224 exec_after=9417027 reason_before=37 reason=52 rip_before=65543 rip=65543 rax=1888691862054 nonce=1888691862054 witness=0
INTEL_PROBE phase=prepare_with_transport
INTEL_PROBE begin=finite_mtf call=3 deadline=1888699095914 rip=65543 nonce=1888693295716 witness=0
INTEL_PROBE end=finite_mtf call=3 status=0 mach_before=1888694107494 mach_after=1888694510273
INTEL_PROBE capture=finite_mtf call=3 exec_before=9738230 exec_after=10058966 reason_before=37 reason=37 rip_before=65543 rip=65546 rax=1888693295717 nonce=1888693295716 witness=0
INTEL_PROBE phase=verified_retry
INTEL_PROBE phase=prepare_with_transport
INTEL_PROBE phase=finite_retirement
INTEL_LIFECYCLE phase=vcpu_destroy_begin generation=46 owner=98184
INTEL_LIFECYCLE phase=vcpu_destroy_end generation=46 owner=98184
INTEL_LIFECYCLE phase=vm_destroy_begin generation=46 owner=98184
INTEL_LIFECYCLE phase=vm_destroy_end generation=46 owner=98184
INTEL_LIFECYCLE phase=vm_create_begin generation=47 owner=98184
INTEL_LIFECYCLE phase=vm_create_end generation=47 owner=98184
INTEL_LIFECYCLE phase=vcpu_create_begin generation=47 owner=98184
INTEL_LIFECYCLE phase=vcpu_create_end generation=47 owner=98184
[       OK ] HvfIntelProbe.FiniteDeadline (20 ms)
[----------] 1 test from HvfIntelProbe (20 ms total)

[==========] 1 test from 1 test suite ran. (20 ms total)
[  PASSED  ] 1 test.

Repeating all tests (iteration 47) . . .

Note: Google Test filter = HvfIntelProbe.FiniteDeadline
[==========] Running 1 test from 1 test suite.
[----------] 1 test from HvfIntelProbe
[ RUN      ] HvfIntelProbe.FiniteDeadline
INTEL_PROBE phase=executor_initialization
INTEL_PROBE phase=executor_retained
INTEL_PROBE phase=startup_probe
INTEL_PROBE phase=prepare_with_transport
INTEL_PROBE witness_budget mach_start=1888703642230 mach_end=1890702938476 remaining_ns=1999296246 timebase_numer=1 timebase_denom=1 max_calls=4096
INTEL_PROBE begin=finite_loop call=1 deadline=1888708662873 rip=65537 nonce=1888702615199 witness=0
INTEL_PROBE end=finite_loop call=1 status=0 mach_before=1888703668078 mach_after=1888708986532
INTEL_PROBE capture=finite_loop call=1 exec_before=953335 exec_after=6111124 reason_before=37 reason=52 rip_before=65537 rip=65540 rax=1888702615199 nonce=1888702615199 witness=1888702615199
INTEL_PROBE phase=prepare_with_transport
INTEL_PROBE begin=expired_mtf call=2 deadline=0 rip=65543 nonce=1888709060113 witness=0
INTEL_PROBE end=expired_mtf call=2 status=0 mach_before=1888710283003 mach_after=1888710327082
INTEL_PROBE capture=expired_mtf call=2 exec_before=6441540 exec_after=6483310 reason_before=37 reason=52 rip_before=65543 rip=65543 rax=1888709060113 nonce=1888709060113 witness=0
INTEL_PROBE phase=prepare_with_transport
INTEL_PROBE begin=finite_mtf call=3 deadline=1888716207758 rip=65543 nonce=1888710384483 witness=0
INTEL_PROBE end=finite_mtf call=3 status=0 mach_before=1888711222052 mach_after=1888711628547
INTEL_PROBE capture=finite_mtf call=3 exec_before=6808113 exec_after=7132746 reason_before=37 reason=37 rip_before=65543 rip=65546 rax=1888710384484 nonce=1888710384483 witness=0
INTEL_PROBE phase=verified_retry
INTEL_PROBE phase=prepare_with_transport
INTEL_PROBE phase=finite_retirement
INTEL_LIFECYCLE phase=vcpu_destroy_begin generation=47 owner=98184
INTEL_LIFECYCLE phase=vcpu_destroy_end generation=47 owner=98184
INTEL_LIFECYCLE phase=vm_destroy_begin generation=47 owner=98184
INTEL_LIFECYCLE phase=vm_destroy_end generation=47 owner=98184
INTEL_LIFECYCLE phase=vm_create_begin generation=48 owner=98184
INTEL_LIFECYCLE phase=vm_create_end generation=48 owner=98184
INTEL_LIFECYCLE phase=vcpu_create_begin generation=48 owner=98184
INTEL_LIFECYCLE phase=vcpu_create_end generation=48 owner=98184
[       OK ] HvfIntelProbe.FiniteDeadline (17 ms)
[----------] 1 test from HvfIntelProbe (17 ms total)

[==========] 1 test from 1 test suite ran. (17 ms total)
[  PASSED  ] 1 test.

Repeating all tests (iteration 48) . . .

Note: Google Test filter = HvfIntelProbe.FiniteDeadline
[==========] Running 1 test from 1 test suite.
[----------] 1 test from HvfIntelProbe
[ RUN      ] HvfIntelProbe.FiniteDeadline
INTEL_PROBE phase=executor_initialization
INTEL_PROBE phase=executor_retained
INTEL_PROBE phase=startup_probe
INTEL_PROBE phase=prepare_with_transport
INTEL_PROBE witness_budget mach_start=1888722120982 mach_end=1890721592000 remaining_ns=1999471018 timebase_numer=1 timebase_denom=1 max_calls=4096
INTEL_PROBE begin=finite_loop call=1 deadline=1888727141006 rip=65537 nonce=1888721268382 witness=0
INTEL_PROBE end=finite_loop call=1 status=0 mach_before=1888722146124 mach_after=1888727199427
INTEL_PROBE capture=finite_loop call=1 exec_before=1905775 exec_after=6859748 reason_before=37 reason=52 rip_before=65537 rip=65540 rax=1888721268382 nonce=1888721268382 witness=1888721268382
INTEL_PROBE phase=prepare_with_transport
INTEL_PROBE begin=expired_mtf call=2 deadline=0 rip=65543 nonce=1888727262757 witness=0
INTEL_PROBE end=expired_mtf call=2 status=0 mach_before=1888728453987 mach_after=1888728496900
INTEL_PROBE capture=expired_mtf call=2 exec_before=7188289 exec_after=7228941 reason_before=37 reason=52 rip_before=65543 rip=65543 rax=1888727262757 nonce=1888727262757 witness=0
INTEL_PROBE phase=prepare_with_transport
INTEL_PROBE begin=finite_mtf call=3 deadline=1888734405437 rip=65543 nonce=1888728561243 witness=0
INTEL_PROBE end=finite_mtf call=3 status=0 mach_before=1888729418477 mach_after=1888729825980
INTEL_PROBE capture=finite_mtf call=3 exec_before=7564761 exec_after=7889069 reason_before=37 reason=37 rip_before=65543 rip=65546 rax=1888728561244 nonce=1888728561243 witness=0
INTEL_PROBE phase=verified_retry
INTEL_PROBE phase=prepare_with_transport
INTEL_PROBE phase=finite_retirement
INTEL_LIFECYCLE phase=vcpu_destroy_begin generation=48 owner=98184
INTEL_LIFECYCLE phase=vcpu_destroy_end generation=48 owner=98184
INTEL_LIFECYCLE phase=vm_destroy_begin generation=48 owner=98184
INTEL_LIFECYCLE phase=vm_destroy_end generation=48 owner=98184
INTEL_LIFECYCLE phase=vm_create_begin generation=49 owner=98184
INTEL_LIFECYCLE phase=vm_create_end generation=49 owner=98184
INTEL_LIFECYCLE phase=vcpu_create_begin generation=49 owner=98184
INTEL_LIFECYCLE phase=vcpu_create_end generation=49 owner=98184
[       OK ] HvfIntelProbe.FiniteDeadline (18 ms)
[----------] 1 test from HvfIntelProbe (18 ms total)

[==========] 1 test from 1 test suite ran. (18 ms total)
[  PASSED  ] 1 test.

Repeating all tests (iteration 49) . . .

Note: Google Test filter = HvfIntelProbe.FiniteDeadline
[==========] Running 1 test from 1 test suite.
[----------] 1 test from HvfIntelProbe
[ RUN      ] HvfIntelProbe.FiniteDeadline
INTEL_PROBE phase=executor_initialization
INTEL_PROBE phase=executor_retained
INTEL_PROBE phase=startup_probe
INTEL_PROBE phase=prepare_with_transport
INTEL_PROBE witness_budget mach_start=1888739467749 mach_end=1890738669367 remaining_ns=1999201618 timebase_numer=1 timebase_denom=1 max_calls=4096
INTEL_PROBE begin=finite_loop call=1 deadline=1888744487430 rip=65537 nonce=1888738335133 witness=0
INTEL_PROBE end=finite_loop call=1 status=0 mach_before=1888739492486 mach_after=1888744546641
INTEL_PROBE capture=finite_loop call=1 exec_before=974486 exec_after=5863718 reason_before=37 reason=52 rip_before=65537 rip=65540 rax=1888738335133 nonce=1888738335133 witness=1888738335133
INTEL_PROBE phase=prepare_with_transport
INTEL_PROBE begin=expired_mtf call=2 deadline=0 rip=65543 nonce=1888744610578 witness=0
INTEL_PROBE end=expired_mtf call=2 status=0 mach_before=1888745777969 mach_after=1888745822287
INTEL_PROBE capture=expired_mtf call=2 exec_before=6186300 exec_after=6228339 reason_before=37 reason=52 rip_before=65543 rip=65543 rax=1888744610578 nonce=1888744610578 witness=0
INTEL_PROBE phase=prepare_with_transport
INTEL_PROBE begin=finite_mtf call=3 deadline=1888751697995 rip=65543 nonce=1888745879438 witness=0
INTEL_PROBE end=finite_mtf call=3 status=0 mach_before=1888746708995 mach_after=1888747109008
INTEL_PROBE capture=finite_mtf call=3 exec_before=6555590 exec_after=6875071 reason_before=37 reason=37 rip_before=65543 rip=65546 rax=1888745879439 nonce=1888745879438 witness=0
INTEL_PROBE phase=verified_retry
INTEL_PROBE phase=prepare_with_transport
INTEL_PROBE phase=finite_retirement
INTEL_LIFECYCLE phase=vcpu_destroy_begin generation=49 owner=98184
INTEL_LIFECYCLE phase=vcpu_destroy_end generation=49 owner=98184
INTEL_LIFECYCLE phase=vm_destroy_begin generation=49 owner=98184
INTEL_LIFECYCLE phase=vm_destroy_end generation=49 owner=98184
INTEL_LIFECYCLE phase=vm_create_begin generation=50 owner=98184
INTEL_LIFECYCLE phase=vm_create_end generation=50 owner=98184
INTEL_LIFECYCLE phase=vcpu_create_begin generation=50 owner=98184
INTEL_LIFECYCLE phase=vcpu_create_end generation=50 owner=98184
[       OK ] HvfIntelProbe.FiniteDeadline (17 ms)
[----------] 1 test from HvfIntelProbe (17 ms total)

[==========] 1 test from 1 test suite ran. (17 ms total)
[  PASSED  ] 1 test.

Repeating all tests (iteration 50) . . .

Note: Google Test filter = HvfIntelProbe.FiniteDeadline
[==========] Running 1 test from 1 test suite.
[----------] 1 test from HvfIntelProbe
[ RUN      ] HvfIntelProbe.FiniteDeadline
INTEL_PROBE phase=executor_initialization
INTEL_PROBE phase=executor_retained
INTEL_PROBE phase=startup_probe
INTEL_PROBE phase=prepare_with_transport
INTEL_PROBE witness_budget mach_start=1888756728369 mach_end=1890755932720 remaining_ns=1999204351 timebase_numer=1 timebase_denom=1 max_calls=4096
INTEL_PROBE begin=finite_loop call=1 deadline=1888761796962 rip=65537 nonce=1888755627562 witness=0
INTEL_PROBE end=finite_loop call=1 status=0 mach_before=1888756806035 mach_after=1888761854929
INTEL_PROBE capture=finite_loop call=1 exec_before=958445 exec_after=5876108 reason_before=37 reason=52 rip_before=65537 rip=65540 rax=1888755627562 nonce=1888755627562 witness=1888755627562
INTEL_PROBE phase=prepare_with_transport
INTEL_PROBE begin=expired_mtf call=2 deadline=0 rip=65543 nonce=1888761916571 witness=0
INTEL_PROBE end=expired_mtf call=2 status=0 mach_before=1888763482641 mach_after=1888763524850
INTEL_PROBE capture=expired_mtf call=2 exec_before=6261661 exec_after=6301395 reason_before=37 reason=52 rip_before=65543 rip=65543 rax=1888761916571 nonce=1888761916571 witness=0
INTEL_PROBE phase=prepare_with_transport
INTEL_PROBE begin=finite_mtf call=3 deadline=1888769382852 rip=65543 nonce=1888763583873 witness=0
INTEL_PROBE end=finite_mtf call=3 status=0 mach_before=1888764415757 mach_after=1888764813878
INTEL_PROBE capture=finite_mtf call=3 exec_before=6618585 exec_after=6936050 reason_before=37 reason=37 rip_before=65543 rip=65546 rax=1888763583874 nonce=1888763583873 witness=0
INTEL_PROBE phase=verified_retry
INTEL_PROBE phase=prepare_with_transport
INTEL_PROBE phase=finite_retirement
INTEL_LIFECYCLE phase=vcpu_destroy_begin generation=50 owner=98184
INTEL_LIFECYCLE phase=vcpu_destroy_end generation=50 owner=98184
INTEL_LIFECYCLE phase=vm_destroy_begin generation=50 owner=98184
INTEL_LIFECYCLE phase=vm_destroy_end generation=50 owner=98184
INTEL_LIFECYCLE phase=vm_create_begin generation=51 owner=98184
INTEL_LIFECYCLE phase=vm_create_end generation=51 owner=98184
INTEL_LIFECYCLE phase=vcpu_create_begin generation=51 owner=98184
INTEL_LIFECYCLE phase=vcpu_create_end generation=51 owner=98184
[       OK ] HvfIntelProbe.FiniteDeadline (17 ms)
[----------] 1 test from HvfIntelProbe (17 ms total)

[==========] 1 test from 1 test suite ran. (17 ms total)
[  PASSED  ] 1 test.

Repeating all tests (iteration 51) . . .

Note: Google Test filter = HvfIntelProbe.FiniteDeadline
[==========] Running 1 test from 1 test suite.
[----------] 1 test from HvfIntelProbe
[ RUN      ] HvfIntelProbe.FiniteDeadline
INTEL_PROBE phase=executor_initialization
INTEL_PROBE phase=executor_retained
INTEL_PROBE phase=startup_probe
INTEL_PROBE phase=prepare_with_transport
INTEL_PROBE witness_budget mach_start=1888774289358 mach_end=1890773647887 remaining_ns=1999358529 timebase_numer=1 timebase_denom=1 max_calls=4096
INTEL_PROBE begin=finite_loop call=1 deadline=1888779341450 rip=65537 nonce=1888773320477 witness=0
INTEL_PROBE end=finite_loop call=1 status=0 mach_before=1888774393507 mach_after=1888779405069
INTEL_PROBE capture=finite_loop call=1 exec_before=959351 exec_after=5809311 reason_before=37 reason=52 rip_before=65537 rip=65540 rax=1888773320477 nonce=1888773320477 witness=1888773320477
INTEL_PROBE phase=prepare_with_transport
INTEL_PROBE begin=expired_mtf call=2 deadline=0 rip=65543 nonce=1888779485935 witness=0
INTEL_PROBE end=expired_mtf call=2 status=0 mach_before=1888780836759 mach_after=1888780881179
INTEL_PROBE capture=expired_mtf call=2 exec_before=6199736 exec_after=6241358 reason_before=37 reason=52 rip_before=65543 rip=65543 rax=1888779485935 nonce=1888779485935 witness=0
INTEL_PROBE phase=prepare_with_transport
INTEL_PROBE begin=finite_mtf call=3 deadline=1888786777318 rip=65543 nonce=1888780941681 witness=0
INTEL_PROBE end=finite_mtf call=3 status=0 mach_before=1888781813798 mach_after=1888782221926
INTEL_PROBE capture=finite_mtf call=3 exec_before=6564135 exec_after=6889634 reason_before=37 reason=37 rip_before=65543 rip=65546 rax=1888780941682 nonce=1888780941681 witness=0
INTEL_PROBE phase=verified_retry
INTEL_PROBE phase=prepare_with_transport
INTEL_PROBE phase=finite_retirement
INTEL_LIFECYCLE phase=vcpu_destroy_begin generation=51 owner=98184
INTEL_LIFECYCLE phase=vcpu_destroy_end generation=51 owner=98184
INTEL_LIFECYCLE phase=vm_destroy_begin generation=51 owner=98184
INTEL_LIFECYCLE phase=vm_destroy_end generation=51 owner=98184
INTEL_LIFECYCLE phase=vm_create_begin generation=52 owner=98184
INTEL_LIFECYCLE phase=vm_create_end generation=52 owner=98184
INTEL_LIFECYCLE phase=vcpu_create_begin generation=52 owner=98184
INTEL_LIFECYCLE phase=vcpu_create_end generation=52 owner=98184
[       OK ] HvfIntelProbe.FiniteDeadline (17 ms)
[----------] 1 test from HvfIntelProbe (17 ms total)

[==========] 1 test from 1 test suite ran. (17 ms total)
[  PASSED  ] 1 test.

Repeating all tests (iteration 52) . . .

Note: Google Test filter = HvfIntelProbe.FiniteDeadline
[==========] Running 1 test from 1 test suite.
[----------] 1 test from HvfIntelProbe
[ RUN      ] HvfIntelProbe.FiniteDeadline
INTEL_PROBE phase=executor_initialization
INTEL_PROBE phase=executor_retained
INTEL_PROBE phase=startup_probe
INTEL_PROBE phase=prepare_with_transport
INTEL_PROBE witness_budget mach_start=1888792452576 mach_end=1890791682990 remaining_ns=1999230414 timebase_numer=1 timebase_denom=1 max_calls=4096
INTEL_PROBE begin=finite_loop call=1 deadline=1888797498727 rip=65537 nonce=1888791342196 witness=0
INTEL_PROBE end=finite_loop call=1 status=0 mach_before=1888792508614 mach_after=1888797575032
INTEL_PROBE capture=finite_loop call=1 exec_before=1048036 exec_after=6003634 reason_before=37 reason=52 rip_before=65537 rip=65540 rax=1888791342196 nonce=1888791342196 witness=1888791342196
INTEL_PROBE phase=prepare_with_transport
INTEL_PROBE begin=expired_mtf call=2 deadline=0 rip=65543 nonce=1888797694043 witness=0
INTEL_PROBE end=expired_mtf call=2 status=0 mach_before=1888799060409 mach_after=1888799104705
INTEL_PROBE capture=expired_mtf call=2 exec_before=6339692 exec_after=6381176 reason_before=37 reason=52 rip_before=65543 rip=65543 rax=1888797694043 nonce=1888797694043 witness=0
INTEL_PROBE phase=prepare_with_transport
INTEL_PROBE begin=finite_mtf call=3 deadline=1888805070764 rip=65543 nonce=1888799166299 witness=0
INTEL_PROBE end=finite_mtf call=3 status=0 mach_before=1888800107268 mach_after=1888800507720
INTEL_PROBE capture=finite_mtf call=3 exec_before=6749918 exec_after=7069559 reason_before=37 reason=37 rip_before=65543 rip=65546 rax=1888799166300 nonce=1888799166299 witness=0
INTEL_PROBE phase=verified_retry
INTEL_PROBE phase=prepare_with_transport
INTEL_PROBE phase=finite_retirement
INTEL_LIFECYCLE phase=vcpu_destroy_begin generation=52 owner=98184
INTEL_LIFECYCLE phase=vcpu_destroy_end generation=52 owner=98184
INTEL_LIFECYCLE phase=vm_destroy_begin generation=52 owner=98184
INTEL_LIFECYCLE phase=vm_destroy_end generation=52 owner=98184
INTEL_LIFECYCLE phase=vm_create_begin generation=53 owner=98184
INTEL_LIFECYCLE phase=vm_create_end generation=53 owner=98184
INTEL_LIFECYCLE phase=vcpu_create_begin generation=53 owner=98184
INTEL_LIFECYCLE phase=vcpu_create_end generation=53 owner=98184
[       OK ] HvfIntelProbe.FiniteDeadline (18 ms)
[----------] 1 test from HvfIntelProbe (18 ms total)

[==========] 1 test from 1 test suite ran. (18 ms total)
[  PASSED  ] 1 test.

Repeating all tests (iteration 53) . . .

Note: Google Test filter = HvfIntelProbe.FiniteDeadline
[==========] Running 1 test from 1 test suite.
[----------] 1 test from HvfIntelProbe
[ RUN      ] HvfIntelProbe.FiniteDeadline
INTEL_PROBE phase=executor_initialization
INTEL_PROBE phase=executor_retained
INTEL_PROBE phase=startup_probe
INTEL_PROBE phase=prepare_with_transport
INTEL_PROBE witness_budget mach_start=1888810665935 mach_end=1890809821424 remaining_ns=1999155489 timebase_numer=1 timebase_denom=1 max_calls=4096
INTEL_PROBE begin=finite_loop call=1 deadline=1888815683649 rip=65537 nonce=1888809501412 witness=0
INTEL_PROBE end=finite_loop call=1 status=0 mach_before=1888810688575 mach_after=1888815741997
INTEL_PROBE capture=finite_loop call=1 exec_before=1030605 exec_after=5926689 reason_before=37 reason=52 rip_before=65537 rip=65540 rax=1888809501412 nonce=1888809501412 witness=1888809501412
INTEL_PROBE phase=prepare_with_transport
INTEL_PROBE begin=expired_mtf call=2 deadline=0 rip=65543 nonce=1888815806327 witness=0
INTEL_PROBE end=expired_mtf call=2 status=0 mach_before=1888817022780 mach_after=1888817091945
INTEL_PROBE capture=expired_mtf call=2 exec_before=6291360 exec_after=6357556 reason_before=37 reason=52 rip_before=65543 rip=65543 rax=1888815806327 nonce=1888815806327 witness=0
INTEL_PROBE phase=prepare_with_transport
INTEL_PROBE begin=finite_mtf call=3 deadline=1888822987034 rip=65543 nonce=1888817154426 witness=0
INTEL_PROBE end=finite_mtf call=3 status=0 mach_before=1888818001927 mach_after=1888818413078
INTEL_PROBE capture=finite_mtf call=3 exec_before=6683575 exec_after=7012372 reason_before=37 reason=37 rip_before=65543 rip=65546 rax=1888817154427 nonce=1888817154426 witness=0
INTEL_PROBE phase=verified_retry
INTEL_PROBE phase=prepare_with_transport
INTEL_PROBE phase=finite_retirement
INTEL_LIFECYCLE phase=vcpu_destroy_begin generation=53 owner=98184
INTEL_LIFECYCLE phase=vcpu_destroy_end generation=53 owner=98184
INTEL_LIFECYCLE phase=vm_destroy_begin generation=53 owner=98184
INTEL_LIFECYCLE phase=vm_destroy_end generation=53 owner=98184
INTEL_LIFECYCLE phase=vm_create_begin generation=54 owner=98184
INTEL_LIFECYCLE phase=vm_create_end generation=54 owner=98184
INTEL_LIFECYCLE phase=vcpu_create_begin generation=54 owner=98184
INTEL_LIFECYCLE phase=vcpu_create_end generation=54 owner=98184
[       OK ] HvfIntelProbe.FiniteDeadline (17 ms)
[----------] 1 test from HvfIntelProbe (17 ms total)

[==========] 1 test from 1 test suite ran. (17 ms total)
[  PASSED  ] 1 test.

Repeating all tests (iteration 54) . . .

Note: Google Test filter = HvfIntelProbe.FiniteDeadline
[==========] Running 1 test from 1 test suite.
[----------] 1 test from HvfIntelProbe
[ RUN      ] HvfIntelProbe.FiniteDeadline
INTEL_PROBE phase=executor_initialization
INTEL_PROBE phase=executor_retained
INTEL_PROBE phase=startup_probe
INTEL_PROBE phase=prepare_with_transport
INTEL_PROBE witness_budget mach_start=1888828403230 mach_end=1890827532809 remaining_ns=1999129579 timebase_numer=1 timebase_denom=1 max_calls=4096
INTEL_PROBE begin=finite_loop call=1 deadline=1888833422975 rip=65537 nonce=1888827211984 witness=0
INTEL_PROBE end=finite_loop call=1 status=0 mach_before=1888828427724 mach_after=1888833482837
INTEL_PROBE capture=finite_loop call=1 exec_before=1028591 exec_after=5983557 reason_before=37 reason=52 rip_before=65537 rip=65540 rax=1888827211984 nonce=1888827211984 witness=1888827211984
INTEL_PROBE phase=prepare_with_transport
INTEL_PROBE begin=expired_mtf call=2 deadline=0 rip=65543 nonce=1888833547206 witness=0
INTEL_PROBE end=expired_mtf call=2 status=0 mach_before=1888834838054 mach_after=1888834882632
INTEL_PROBE capture=expired_mtf call=2 exec_before=6338964 exec_after=6381144 reason_before=37 reason=52 rip_before=65543 rip=65543 rax=1888833547206 nonce=1888833547206 witness=0
INTEL_PROBE phase=prepare_with_transport
INTEL_PROBE begin=finite_mtf call=3 deadline=1888840767804 rip=65543 nonce=1888834943273 witness=0
INTEL_PROBE end=finite_mtf call=3 status=0 mach_before=1888835778961 mach_after=1888836181520
INTEL_PROBE capture=finite_mtf call=3 exec_before=6706079 exec_after=7027158 reason_before=37 reason=37 rip_before=65543 rip=65546 rax=1888834943274 nonce=1888834943273 witness=0
INTEL_PROBE phase=verified_retry
INTEL_PROBE phase=prepare_with_transport
INTEL_PROBE phase=finite_retirement
INTEL_LIFECYCLE phase=vcpu_destroy_begin generation=54 owner=98184
INTEL_LIFECYCLE phase=vcpu_destroy_end generation=54 owner=98184
INTEL_LIFECYCLE phase=vm_destroy_begin generation=54 owner=98184
INTEL_LIFECYCLE phase=vm_destroy_end generation=54 owner=98184
INTEL_LIFECYCLE phase=vm_create_begin generation=55 owner=98184
INTEL_LIFECYCLE phase=vm_create_end generation=55 owner=98184
INTEL_LIFECYCLE phase=vcpu_create_begin generation=55 owner=98184
INTEL_LIFECYCLE phase=vcpu_create_end generation=55 owner=98184
[       OK ] HvfIntelProbe.FiniteDeadline (17 ms)
[----------] 1 test from HvfIntelProbe (17 ms total)

[==========] 1 test from 1 test suite ran. (17 ms total)
[  PASSED  ] 1 test.

Repeating all tests (iteration 55) . . .

Note: Google Test filter = HvfIntelProbe.FiniteDeadline
[==========] Running 1 test from 1 test suite.
[----------] 1 test from HvfIntelProbe
[ RUN      ] HvfIntelProbe.FiniteDeadline
INTEL_PROBE phase=executor_initialization
INTEL_PROBE phase=executor_retained
INTEL_PROBE phase=startup_probe
INTEL_PROBE phase=prepare_with_transport
INTEL_PROBE witness_budget mach_start=1888846194134 mach_end=1890845413541 remaining_ns=1999219407 timebase_numer=1 timebase_denom=1 max_calls=4096
INTEL_PROBE begin=finite_loop call=1 deadline=1888851214163 rip=65537 nonce=1888845081607 witness=0
INTEL_PROBE end=finite_loop call=1 status=0 mach_before=1888846218729 mach_after=1888851400598
INTEL_PROBE capture=finite_loop call=1 exec_before=1036898 exec_after=6079313 reason_before=37 reason=52 rip_before=65537 rip=65540 rax=1888845081607 nonce=1888845081607 witness=1888845081607
INTEL_PROBE phase=prepare_with_transport
INTEL_PROBE begin=expired_mtf call=2 deadline=0 rip=65543 nonce=1888851490430 witness=0
INTEL_PROBE end=expired_mtf call=2 status=0 mach_before=1888852823695 mach_after=1888852867807
INTEL_PROBE capture=expired_mtf call=2 exec_before=6454289 exec_after=6496290 reason_before=37 reason=52 rip_before=65543 rip=65543 rax=1888851490430 nonce=1888851490430 witness=0
INTEL_PROBE phase=prepare_with_transport
INTEL_PROBE begin=finite_mtf call=3 deadline=1888858755866 rip=65543 nonce=1888852925679 witness=0
INTEL_PROBE end=finite_mtf call=3 status=0 mach_before=1888853769240 mach_after=1888854182236
INTEL_PROBE capture=finite_mtf call=3 exec_before=6824542 exec_after=7153222 reason_before=37 reason=37 rip_before=65543 rip=65546 rax=1888852925680 nonce=1888852925679 witness=0
INTEL_PROBE phase=verified_retry
INTEL_PROBE phase=prepare_with_transport
INTEL_PROBE phase=finite_retirement
INTEL_LIFECYCLE phase=vcpu_destroy_begin generation=55 owner=98184
INTEL_LIFECYCLE phase=vcpu_destroy_end generation=55 owner=98184
INTEL_LIFECYCLE phase=vm_destroy_begin generation=55 owner=98184
INTEL_LIFECYCLE phase=vm_destroy_end generation=55 owner=98184
INTEL_LIFECYCLE phase=vm_create_begin generation=56 owner=98184
INTEL_LIFECYCLE phase=vm_create_end generation=56 owner=98184
INTEL_LIFECYCLE phase=vcpu_create_begin generation=56 owner=98184
INTEL_LIFECYCLE phase=vcpu_create_end generation=56 owner=98184
[       OK ] HvfIntelProbe.FiniteDeadline (18 ms)
[----------] 1 test from HvfIntelProbe (18 ms total)

[==========] 1 test from 1 test suite ran. (18 ms total)
[  PASSED  ] 1 test.

Repeating all tests (iteration 56) . . .

Note: Google Test filter = HvfIntelProbe.FiniteDeadline
[==========] Running 1 test from 1 test suite.
[----------] 1 test from HvfIntelProbe
[ RUN      ] HvfIntelProbe.FiniteDeadline
INTEL_PROBE phase=executor_initialization
INTEL_PROBE phase=executor_retained
INTEL_PROBE phase=startup_probe
INTEL_PROBE phase=prepare_with_transport
INTEL_PROBE witness_budget mach_start=1888864655148 mach_end=1890863667636 remaining_ns=1999012488 timebase_numer=1 timebase_denom=1 max_calls=4096
INTEL_PROBE begin=finite_loop call=1 deadline=1888869680032 rip=65537 nonce=1888863331622 witness=0
INTEL_PROBE end=finite_loop call=1 status=0 mach_before=1888864685555 mach_after=1888869999167
INTEL_PROBE capture=finite_loop call=1 exec_before=1085416 exec_after=6283959 reason_before=37 reason=52 rip_before=65537 rip=65540 rax=1888863331622 nonce=1888863331622 witness=1888863331622
INTEL_PROBE phase=prepare_with_transport
INTEL_PROBE begin=expired_mtf call=2 deadline=0 rip=65543 nonce=1888870088187 witness=0
INTEL_PROBE end=expired_mtf call=2 status=0 mach_before=1888871764492 mach_after=1888871825870
INTEL_PROBE capture=expired_mtf call=2 exec_before=6612472 exec_after=6652863 reason_before=37 reason=52 rip_before=65543 rip=65543 rax=1888870088187 nonce=1888870088187 witness=0
INTEL_PROBE phase=prepare_with_transport
INTEL_PROBE begin=finite_mtf call=3 deadline=1888877713269 rip=65543 nonce=1888871887433 witness=0
INTEL_PROBE end=finite_mtf call=3 status=0 mach_before=1888872727567 mach_after=1888873151575
INTEL_PROBE capture=finite_mtf call=3 exec_before=6974315 exec_after=7298137 reason_before=37 reason=37 rip_before=65543 rip=65546 rax=1888871887434 nonce=1888871887433 witness=0
INTEL_PROBE phase=verified_retry
INTEL_PROBE phase=prepare_with_transport
INTEL_PROBE phase=finite_retirement
INTEL_LIFECYCLE phase=vcpu_destroy_begin generation=56 owner=98184
INTEL_LIFECYCLE phase=vcpu_destroy_end generation=56 owner=98184
INTEL_LIFECYCLE phase=vm_destroy_begin generation=56 owner=98184
INTEL_LIFECYCLE phase=vm_destroy_end generation=56 owner=98184
INTEL_LIFECYCLE phase=vm_create_begin generation=57 owner=98184
INTEL_LIFECYCLE phase=vm_create_end generation=57 owner=98184
INTEL_LIFECYCLE phase=vcpu_create_begin generation=57 owner=98184
INTEL_LIFECYCLE phase=vcpu_create_end generation=57 owner=98184
[       OK ] HvfIntelProbe.FiniteDeadline (18 ms)
[----------] 1 test from HvfIntelProbe (18 ms total)

[==========] 1 test from 1 test suite ran. (18 ms total)
[  PASSED  ] 1 test.

Repeating all tests (iteration 57) . . .

Note: Google Test filter = HvfIntelProbe.FiniteDeadline
[==========] Running 1 test from 1 test suite.
[----------] 1 test from HvfIntelProbe
[ RUN      ] HvfIntelProbe.FiniteDeadline
INTEL_PROBE phase=executor_initialization
INTEL_PROBE phase=executor_retained
INTEL_PROBE phase=startup_probe
INTEL_PROBE phase=prepare_with_transport
INTEL_PROBE witness_budget mach_start=1888883342645 mach_end=1890882556159 remaining_ns=1999213514 timebase_numer=1 timebase_denom=1 max_calls=4096
INTEL_PROBE begin=finite_loop call=1 deadline=1888888364644 rip=65537 nonce=1888882234498 witness=0
INTEL_PROBE end=finite_loop call=1 status=0 mach_before=1888883369683 mach_after=1888888422463
INTEL_PROBE capture=finite_loop call=1 exec_before=1056595 exec_after=5979735 reason_before=37 reason=52 rip_before=65537 rip=65540 rax=1888882234498 nonce=1888882234498 witness=1888882234498
INTEL_PROBE phase=prepare_with_transport
INTEL_PROBE begin=expired_mtf call=2 deadline=0 rip=65543 nonce=1888888487851 witness=0
INTEL_PROBE end=expired_mtf call=2 status=0 mach_before=1888889681880 mach_after=1888889725100
INTEL_PROBE capture=expired_mtf call=2 exec_before=6351816 exec_after=6392711 reason_before=37 reason=52 rip_before=65543 rip=65543 rax=1888888487851 nonce=1888888487851 witness=0
INTEL_PROBE phase=prepare_with_transport
INTEL_PROBE begin=finite_mtf call=3 deadline=1888895596595 rip=65543 nonce=1888889781734 witness=0
INTEL_PROBE end=finite_mtf call=3 status=0 mach_before=1888890607838 mach_after=1888891007310
INTEL_PROBE capture=finite_mtf call=3 exec_before=6714276 exec_after=7034936 reason_before=37 reason=37 rip_before=65543 rip=65546 rax=1888889781735 nonce=1888889781734 witness=0
INTEL_PROBE phase=verified_retry
INTEL_PROBE phase=prepare_with_transport
INTEL_PROBE phase=finite_retirement
INTEL_LIFECYCLE phase=vcpu_destroy_begin generation=57 owner=98184
INTEL_LIFECYCLE phase=vcpu_destroy_end generation=57 owner=98184
INTEL_LIFECYCLE phase=vm_destroy_begin generation=57 owner=98184
INTEL_LIFECYCLE phase=vm_destroy_end generation=57 owner=98184
INTEL_LIFECYCLE phase=vm_create_begin generation=58 owner=98184
INTEL_LIFECYCLE phase=vm_create_end generation=58 owner=98184
INTEL_LIFECYCLE phase=vcpu_create_begin generation=58 owner=98184
INTEL_LIFECYCLE phase=vcpu_create_end generation=58 owner=98184
[       OK ] HvfIntelProbe.FiniteDeadline (17 ms)
[----------] 1 test from HvfIntelProbe (17 ms total)

[==========] 1 test from 1 test suite ran. (17 ms total)
[  PASSED  ] 1 test.

Repeating all tests (iteration 58) . . .

Note: Google Test filter = HvfIntelProbe.FiniteDeadline
[==========] Running 1 test from 1 test suite.
[----------] 1 test from HvfIntelProbe
[ RUN      ] HvfIntelProbe.FiniteDeadline
INTEL_PROBE phase=executor_initialization
INTEL_PROBE phase=executor_retained
INTEL_PROBE phase=startup_probe
INTEL_PROBE phase=prepare_with_transport
INTEL_PROBE witness_budget mach_start=1888901674321 mach_end=1890900657000 remaining_ns=1998982679 timebase_numer=1 timebase_denom=1 max_calls=4096
INTEL_PROBE begin=finite_loop call=1 deadline=1888906690850 rip=65537 nonce=1888900333046 witness=0
INTEL_PROBE end=finite_loop call=1 status=0 mach_before=1888901696288 mach_after=1888906735167
INTEL_PROBE capture=finite_loop call=1 exec_before=1094410 exec_after=6008390 reason_before=37 reason=52 rip_before=65537 rip=65540 rax=1888900333046 nonce=1888900333046 witness=1888900333046
INTEL_PROBE phase=prepare_with_transport
INTEL_PROBE begin=expired_mtf call=2 deadline=0 rip=65543 nonce=1888906806095 witness=0
INTEL_PROBE end=expired_mtf call=2 status=0 mach_before=1888908150374 mach_after=1888908195840
INTEL_PROBE capture=expired_mtf call=2 exec_before=6397781 exec_after=6441158 reason_before=37 reason=52 rip_before=65543 rip=65543 rax=1888906806095 nonce=1888906806095 witness=0
INTEL_PROBE phase=prepare_with_transport
INTEL_PROBE begin=finite_mtf call=3 deadline=1888914063857 rip=65543 nonce=1888908256900 witness=0
INTEL_PROBE end=finite_mtf call=3 status=0 mach_before=1888909077960 mach_after=1888909488451
INTEL_PROBE capture=finite_mtf call=3 exec_before=6765957 exec_after=7094021 reason_before=37 reason=37 rip_before=65543 rip=65546 rax=1888908256901 nonce=1888908256900 witness=0
INTEL_PROBE phase=verified_retry
INTEL_PROBE phase=prepare_with_transport
INTEL_PROBE phase=finite_retirement
INTEL_LIFECYCLE phase=vcpu_destroy_begin generation=58 owner=98184
INTEL_LIFECYCLE phase=vcpu_destroy_end generation=58 owner=98184
INTEL_LIFECYCLE phase=vm_destroy_begin generation=58 owner=98184
INTEL_LIFECYCLE phase=vm_destroy_end generation=58 owner=98184
INTEL_LIFECYCLE phase=vm_create_begin generation=59 owner=98184
INTEL_LIFECYCLE phase=vm_create_end generation=59 owner=98184
INTEL_LIFECYCLE phase=vcpu_create_begin generation=59 owner=98184
INTEL_LIFECYCLE phase=vcpu_create_end generation=59 owner=98184
[       OK ] HvfIntelProbe.FiniteDeadline (18 ms)
[----------] 1 test from HvfIntelProbe (18 ms total)

[==========] 1 test from 1 test suite ran. (18 ms total)
[  PASSED  ] 1 test.

Repeating all tests (iteration 59) . . .

Note: Google Test filter = HvfIntelProbe.FiniteDeadline
[==========] Running 1 test from 1 test suite.
[----------] 1 test from HvfIntelProbe
[ RUN      ] HvfIntelProbe.FiniteDeadline
INTEL_PROBE phase=executor_initialization
INTEL_PROBE phase=executor_retained
INTEL_PROBE phase=startup_probe
INTEL_PROBE phase=prepare_with_transport
INTEL_PROBE witness_budget mach_start=1888920009004 mach_end=1890919251917 remaining_ns=1999242913 timebase_numer=1 timebase_denom=1 max_calls=4096
INTEL_PROBE begin=finite_loop call=1 deadline=1888925028211 rip=65537 nonce=1888918925743 witness=0
INTEL_PROBE end=finite_loop call=1 status=0 mach_before=1888920033512 mach_after=1888926956747
INTEL_PROBE capture=finite_loop call=1 exec_before=1088740 exec_after=7838530 reason_before=37 reason=52 rip_before=65537 rip=65540 rax=1888918925743 nonce=1888918925743 witness=1888918925743
INTEL_PROBE phase=prepare_with_transport
INTEL_PROBE begin=expired_mtf call=2 deadline=0 rip=65543 nonce=1888927034685 witness=0
INTEL_PROBE end=expired_mtf call=2 status=0 mach_before=1888928444403 mach_after=1888928487284
INTEL_PROBE capture=expired_mtf call=2 exec_before=8197846 exec_after=8238506 reason_before=37 reason=52 rip_before=65543 rip=65543 rax=1888927034685 nonce=1888927034685 witness=0
INTEL_PROBE phase=prepare_with_transport
INTEL_PROBE begin=finite_mtf call=3 deadline=1888934326032 rip=65543 nonce=1888928543113 witness=0
INTEL_PROBE end=finite_mtf call=3 status=0 mach_before=1888929337071 mach_after=1888929736846
INTEL_PROBE capture=finite_mtf call=3 exec_before=8559928 exec_after=8880664 reason_before=37 reason=37 rip_before=65543 rip=65546 rax=1888928543114 nonce=1888928543113 witness=0
INTEL_PROBE phase=verified_retry
INTEL_PROBE phase=prepare_with_transport
INTEL_PROBE phase=finite_retirement
INTEL_LIFECYCLE phase=vcpu_destroy_begin generation=59 owner=98184
INTEL_LIFECYCLE phase=vcpu_destroy_end generation=59 owner=98184
INTEL_LIFECYCLE phase=vm_destroy_begin generation=59 owner=98184
INTEL_LIFECYCLE phase=vm_destroy_end generation=59 owner=98184
INTEL_LIFECYCLE phase=vm_create_begin generation=60 owner=98184
INTEL_LIFECYCLE phase=vm_create_end generation=60 owner=98184
INTEL_LIFECYCLE phase=vcpu_create_begin generation=60 owner=98184
INTEL_LIFECYCLE phase=vcpu_create_end generation=60 owner=98184
[       OK ] HvfIntelProbe.FiniteDeadline (20 ms)
[----------] 1 test from HvfIntelProbe (20 ms total)

[==========] 1 test from 1 test suite ran. (20 ms total)
[  PASSED  ] 1 test.

Repeating all tests (iteration 60) . . .

Note: Google Test filter = HvfIntelProbe.FiniteDeadline
[==========] Running 1 test from 1 test suite.
[----------] 1 test from HvfIntelProbe
[ RUN      ] HvfIntelProbe.FiniteDeadline
INTEL_PROBE phase=executor_initialization
INTEL_PROBE phase=executor_retained
INTEL_PROBE phase=startup_probe
INTEL_PROBE phase=prepare_with_transport
INTEL_PROBE witness_budget mach_start=1888940460711 mach_end=1890939645606 remaining_ns=1999184895 timebase_numer=1 timebase_denom=1 max_calls=4096
INTEL_PROBE begin=finite_loop call=1 deadline=1888945476226 rip=65537 nonce=1888939310795 witness=0
INTEL_PROBE end=finite_loop call=1 status=0 mach_before=1888940481146 mach_after=1888948625585
INTEL_PROBE capture=finite_loop call=1 exec_before=1234667 exec_after=9221475 reason_before=37 reason=52 rip_before=65537 rip=65540 rax=1888939310795 nonce=1888939310795 witness=1888939310795
INTEL_PROBE phase=prepare_with_transport
INTEL_PROBE begin=expired_mtf call=2 deadline=0 rip=65543 nonce=1888948692783 witness=0
INTEL_PROBE end=expired_mtf call=2 status=0 mach_before=1888950667895 mach_after=1888950711965
INTEL_PROBE capture=expired_mtf call=2 exec_before=9540929 exec_after=9582866 reason_before=37 reason=52 rip_before=65543 rip=65543 rax=1888948692783 nonce=1888948692783 witness=0
INTEL_PROBE phase=prepare_with_transport
INTEL_PROBE begin=finite_mtf call=3 deadline=1888956761137 rip=65543 nonce=1888950773616 witness=0
INTEL_PROBE end=finite_mtf call=3 status=0 mach_before=1888951772103 mach_after=1888952172119
INTEL_PROBE capture=finite_mtf call=3 exec_before=10019420 exec_after=10339324 reason_before=37 reason=37 rip_before=65543 rip=65546 rax=1888950773617 nonce=1888950773616 witness=0
INTEL_PROBE phase=verified_retry
INTEL_PROBE phase=prepare_with_transport
INTEL_PROBE phase=finite_retirement
INTEL_LIFECYCLE phase=vcpu_destroy_begin generation=60 owner=98184
INTEL_LIFECYCLE phase=vcpu_destroy_end generation=60 owner=98184
INTEL_LIFECYCLE phase=vm_destroy_begin generation=60 owner=98184
INTEL_LIFECYCLE phase=vm_destroy_end generation=60 owner=98184
INTEL_LIFECYCLE phase=vm_create_begin generation=61 owner=98184
INTEL_LIFECYCLE phase=vm_create_end generation=61 owner=98184
INTEL_LIFECYCLE phase=vcpu_create_begin generation=61 owner=98184
INTEL_LIFECYCLE phase=vcpu_create_end generation=61 owner=98184
[       OK ] HvfIntelProbe.FiniteDeadline (22 ms)
[----------] 1 test from HvfIntelProbe (22 ms total)

[==========] 1 test from 1 test suite ran. (22 ms total)
[  PASSED  ] 1 test.

Repeating all tests (iteration 61) . . .

Note: Google Test filter = HvfIntelProbe.FiniteDeadline
[==========] Running 1 test from 1 test suite.
[----------] 1 test from HvfIntelProbe
[ RUN      ] HvfIntelProbe.FiniteDeadline
INTEL_PROBE phase=executor_initialization
INTEL_PROBE phase=executor_retained
INTEL_PROBE phase=startup_probe
INTEL_PROBE phase=prepare_with_transport
INTEL_PROBE witness_budget mach_start=1888962247351 mach_end=1890961317366 remaining_ns=1999070015 timebase_numer=1 timebase_denom=1 max_calls=4096
INTEL_PROBE begin=finite_loop call=1 deadline=1888967265454 rip=65537 nonce=1888961006056 witness=0
INTEL_PROBE end=finite_loop call=1 status=0 mach_before=1888962270170 mach_after=1888967376871
INTEL_PROBE capture=finite_loop call=1 exec_before=1043725 exec_after=5972027 reason_before=37 reason=52 rip_before=65537 rip=65540 rax=1888961006056 nonce=1888961006056 witness=1888961006056
INTEL_PROBE phase=prepare_with_transport
INTEL_PROBE begin=expired_mtf call=2 deadline=0 rip=65543 nonce=1888967440850 witness=0
INTEL_PROBE end=expired_mtf call=2 status=0 mach_before=1888968988937 mach_after=1888969033109
INTEL_PROBE capture=expired_mtf call=2 exec_before=6296108 exec_after=6338085 reason_before=37 reason=52 rip_before=65543 rip=65543 rax=1888967440850 nonce=1888967440850 witness=0
INTEL_PROBE phase=prepare_with_transport
INTEL_PROBE begin=finite_mtf call=3 deadline=1888975233506 rip=65543 nonce=1888969095600 witness=0
INTEL_PROBE end=finite_mtf call=3 status=0 mach_before=1888970244622 mach_after=1888970651514
INTEL_PROBE capture=finite_mtf call=3 exec_before=6827290 exec_after=7150870 reason_before=37 reason=37 rip_before=65543 rip=65546 rax=1888969095601 nonce=1888969095600 witness=0
INTEL_PROBE phase=verified_retry
INTEL_PROBE phase=prepare_with_transport
INTEL_PROBE phase=finite_retirement
INTEL_LIFECYCLE phase=vcpu_destroy_begin generation=61 owner=98184
INTEL_LIFECYCLE phase=vcpu_destroy_end generation=61 owner=98184
INTEL_LIFECYCLE phase=vm_destroy_begin generation=61 owner=98184
INTEL_LIFECYCLE phase=vm_destroy_end generation=61 owner=98184
INTEL_LIFECYCLE phase=vm_create_begin generation=62 owner=98184
INTEL_LIFECYCLE phase=vm_create_end generation=62 owner=98184
INTEL_LIFECYCLE phase=vcpu_create_begin generation=62 owner=98184
INTEL_LIFECYCLE phase=vcpu_create_end generation=62 owner=98184
[       OK ] HvfIntelProbe.FiniteDeadline (18 ms)
[----------] 1 test from HvfIntelProbe (18 ms total)

[==========] 1 test from 1 test suite ran. (18 ms total)
[  PASSED  ] 1 test.

Repeating all tests (iteration 62) . . .

Note: Google Test filter = HvfIntelProbe.FiniteDeadline
[==========] Running 1 test from 1 test suite.
[----------] 1 test from HvfIntelProbe
[ RUN      ] HvfIntelProbe.FiniteDeadline
INTEL_PROBE phase=executor_initialization
INTEL_PROBE phase=executor_retained
INTEL_PROBE phase=startup_probe
INTEL_PROBE phase=prepare_with_transport
INTEL_PROBE witness_budget mach_start=1888981602718 mach_end=1890980783068 remaining_ns=1999180350 timebase_numer=1 timebase_denom=1 max_calls=4096
INTEL_PROBE begin=finite_loop call=1 deadline=1888986624861 rip=65537 nonce=1888980438351 witness=0
INTEL_PROBE end=finite_loop call=1 status=0 mach_before=1888981629787 mach_after=1888986687206
INTEL_PROBE capture=finite_loop call=1 exec_before=1089287 exec_after=5998562 reason_before=37 reason=52 rip_before=65537 rip=65540 rax=1888980438351 nonce=1888980438351 witness=1888980438351
INTEL_PROBE phase=prepare_with_transport
INTEL_PROBE begin=expired_mtf call=2 deadline=0 rip=65543 nonce=1888986774407 witness=0
INTEL_PROBE end=expired_mtf call=2 status=0 mach_before=1888988229928 mach_after=1888988274152
INTEL_PROBE capture=expired_mtf call=2 exec_before=6440268 exec_after=6482071 reason_before=37 reason=52 rip_before=65543 rip=65543 rax=1888986774407 nonce=1888986774407 witness=0
INTEL_PROBE phase=prepare_with_transport
INTEL_PROBE begin=finite_mtf call=3 deadline=1888994180935 rip=65543 nonce=1888988334863 witness=0
INTEL_PROBE end=finite_mtf call=3 status=0 mach_before=1888989201280 mach_after=1888989605117
INTEL_PROBE capture=finite_mtf call=3 exec_before=6806961 exec_after=7130231 reason_before=37 reason=37 rip_before=65543 rip=65546 rax=1888988334864 nonce=1888988334863 witness=0
INTEL_PROBE phase=verified_retry
INTEL_PROBE phase=prepare_with_transport
INTEL_PROBE phase=finite_retirement
INTEL_LIFECYCLE phase=vcpu_destroy_begin generation=62 owner=98184
INTEL_LIFECYCLE phase=vcpu_destroy_end generation=62 owner=98184
INTEL_LIFECYCLE phase=vm_destroy_begin generation=62 owner=98184
INTEL_LIFECYCLE phase=vm_destroy_end generation=62 owner=98184
INTEL_LIFECYCLE phase=vm_create_begin generation=63 owner=98184
INTEL_LIFECYCLE phase=vm_create_end generation=63 owner=98184
INTEL_LIFECYCLE phase=vcpu_create_begin generation=63 owner=98184
INTEL_LIFECYCLE phase=vcpu_create_end generation=63 owner=98184
[       OK ] HvfIntelProbe.FiniteDeadline (18 ms)
[----------] 1 test from HvfIntelProbe (18 ms total)

[==========] 1 test from 1 test suite ran. (18 ms total)
[  PASSED  ] 1 test.

Repeating all tests (iteration 63) . . .

Note: Google Test filter = HvfIntelProbe.FiniteDeadline
[==========] Running 1 test from 1 test suite.
[----------] 1 test from HvfIntelProbe
[ RUN      ] HvfIntelProbe.FiniteDeadline
INTEL_PROBE phase=executor_initialization
INTEL_PROBE phase=executor_retained
INTEL_PROBE phase=startup_probe
INTEL_PROBE phase=prepare_with_transport
INTEL_PROBE witness_budget mach_start=1889000632517 mach_end=1890999694712 remaining_ns=1999062195 timebase_numer=1 timebase_denom=1 max_calls=4096
INTEL_PROBE begin=finite_loop call=1 deadline=1889005653338 rip=65537 nonce=1888999370071 witness=0
INTEL_PROBE end=finite_loop call=1 status=0 mach_before=1889000658636 mach_after=1889005695494
INTEL_PROBE capture=finite_loop call=1 exec_before=1130156 exec_after=5991039 reason_before=37 reason=52 rip_before=65537 rip=65540 rax=1888999370071 nonce=1888999370071 witness=1888999370071
INTEL_PROBE phase=prepare_with_transport
INTEL_PROBE begin=expired_mtf call=2 deadline=0 rip=65543 nonce=1889005759466 witness=0
INTEL_PROBE end=expired_mtf call=2 status=0 mach_before=1889007171931 mach_after=1889007242545
INTEL_PROBE capture=expired_mtf call=2 exec_before=6387758 exec_after=6455416 reason_before=37 reason=52 rip_before=65543 rip=65543 rax=1889005759466 nonce=1889005759466 witness=0
INTEL_PROBE phase=prepare_with_transport
INTEL_PROBE begin=finite_mtf call=3 deadline=1889013143713 rip=65543 nonce=1889007305767 witness=0
INTEL_PROBE end=finite_mtf call=3 status=0 mach_before=1889008155542 mach_after=1889008560113
INTEL_PROBE capture=finite_mtf call=3 exec_before=6780310 exec_after=7104578 reason_before=37 reason=37 rip_before=65543 rip=65546 rax=1889007305768 nonce=1889007305767 witness=0
INTEL_PROBE phase=verified_retry
INTEL_PROBE phase=prepare_with_transport
INTEL_PROBE phase=finite_retirement
INTEL_LIFECYCLE phase=vcpu_destroy_begin generation=63 owner=98184
INTEL_LIFECYCLE phase=vcpu_destroy_end generation=63 owner=98184
INTEL_LIFECYCLE phase=vm_destroy_begin generation=63 owner=98184
INTEL_LIFECYCLE phase=vm_destroy_end generation=63 owner=98184
INTEL_LIFECYCLE phase=vm_create_begin generation=64 owner=98184
INTEL_LIFECYCLE phase=vm_create_end generation=64 owner=98184
INTEL_LIFECYCLE phase=vcpu_create_begin generation=64 owner=98184
INTEL_LIFECYCLE phase=vcpu_create_end generation=64 owner=98184
[       OK ] HvfIntelProbe.FiniteDeadline (18 ms)
[----------] 1 test from HvfIntelProbe (18 ms total)

[==========] 1 test from 1 test suite ran. (18 ms total)
[  PASSED  ] 1 test.

Repeating all tests (iteration 64) . . .

Note: Google Test filter = HvfIntelProbe.FiniteDeadline
[==========] Running 1 test from 1 test suite.
[----------] 1 test from HvfIntelProbe
[ RUN      ] HvfIntelProbe.FiniteDeadline
INTEL_PROBE phase=executor_initialization
INTEL_PROBE phase=executor_retained
INTEL_PROBE phase=startup_probe
INTEL_PROBE phase=prepare_with_transport
INTEL_PROBE witness_budget mach_start=1889018890100 mach_end=1891018082223 remaining_ns=1999192123 timebase_numer=1 timebase_denom=1 max_calls=4096
INTEL_PROBE begin=finite_loop call=1 deadline=1889023912859 rip=65537 nonce=1889017740920 witness=0
INTEL_PROBE end=finite_loop call=1 status=0 mach_before=1889018918522 mach_after=1889023971187
INTEL_PROBE capture=finite_loop call=1 exec_before=1084378 exec_after=6010184 reason_before=37 reason=52 rip_before=65537 rip=65540 rax=1889017740920 nonce=1889017740920 witness=1889017740920
INTEL_PROBE phase=prepare_with_transport
INTEL_PROBE begin=expired_mtf call=2 deadline=0 rip=65543 nonce=1889024035050 witness=0
INTEL_PROBE end=expired_mtf call=2 status=0 mach_before=1889025263285 mach_after=1889025307461
INTEL_PROBE capture=expired_mtf call=2 exec_before=6356513 exec_after=6398432 reason_before=37 reason=52 rip_before=65543 rip=65543 rax=1889024035050 nonce=1889024035050 witness=0
INTEL_PROBE phase=prepare_with_transport
INTEL_PROBE begin=finite_mtf call=3 deadline=1889031192761 rip=65543 nonce=1889025364607 witness=0
INTEL_PROBE end=finite_mtf call=3 status=0 mach_before=1889026207868 mach_after=1889026619584
INTEL_PROBE capture=finite_mtf call=3 exec_before=6721115 exec_after=7048651 reason_before=37 reason=37 rip_before=65543 rip=65546 rax=1889025364608 nonce=1889025364607 witness=0
INTEL_PROBE phase=verified_retry
INTEL_PROBE phase=prepare_with_transport
INTEL_PROBE phase=finite_retirement
INTEL_LIFECYCLE phase=vcpu_destroy_begin generation=64 owner=98184
INTEL_LIFECYCLE phase=vcpu_destroy_end generation=64 owner=98184
INTEL_LIFECYCLE phase=vm_destroy_begin generation=64 owner=98184
INTEL_LIFECYCLE phase=vm_destroy_end generation=64 owner=98184
INTEL_LIFECYCLE phase=vm_create_begin generation=65 owner=98184
INTEL_LIFECYCLE phase=vm_create_end generation=65 owner=98184
INTEL_LIFECYCLE phase=vcpu_create_begin generation=65 owner=98184
INTEL_LIFECYCLE phase=vcpu_create_end generation=65 owner=98184
[       OK ] HvfIntelProbe.FiniteDeadline (18 ms)
[----------] 1 test from HvfIntelProbe (18 ms total)

[==========] 1 test from 1 test suite ran. (18 ms total)
[  PASSED  ] 1 test.

Repeating all tests (iteration 65) . . .

Note: Google Test filter = HvfIntelProbe.FiniteDeadline
[==========] Running 1 test from 1 test suite.
[----------] 1 test from HvfIntelProbe
[ RUN      ] HvfIntelProbe.FiniteDeadline
INTEL_PROBE phase=executor_initialization
INTEL_PROBE phase=executor_retained
INTEL_PROBE phase=startup_probe
INTEL_PROBE phase=prepare_with_transport
INTEL_PROBE witness_budget mach_start=1889037232256 mach_end=1891036375828 remaining_ns=1999143572 timebase_numer=1 timebase_denom=1 max_calls=4096
INTEL_PROBE begin=finite_loop call=1 deadline=1889042252825 rip=65537 nonce=1889036058231 witness=0
INTEL_PROBE end=finite_loop call=1 status=0 mach_before=1889037257805 mach_after=1889043303071
INTEL_PROBE capture=finite_loop call=1 exec_before=1095691 exec_after=7015135 reason_before=37 reason=52 rip_before=65537 rip=65540 rax=1889036058231 nonce=1889036058231 witness=1889036058231
INTEL_PROBE phase=prepare_with_transport
INTEL_PROBE begin=expired_mtf call=2 deadline=0 rip=65543 nonce=1889043370653 witness=0
INTEL_PROBE end=expired_mtf call=2 status=0 mach_before=1889044675593 mach_after=1889044718297
INTEL_PROBE capture=expired_mtf call=2 exec_before=7370466 exec_after=7410966 reason_before=37 reason=52 rip_before=65543 rip=65543 rax=1889043370653 nonce=1889043370653 witness=0
INTEL_PROBE phase=prepare_with_transport
INTEL_PROBE begin=finite_mtf call=3 deadline=1889050601587 rip=65543 nonce=1889044776399 witness=0
INTEL_PROBE end=finite_mtf call=3 status=0 mach_before=1889045613073 mach_after=1889046020683
INTEL_PROBE capture=finite_mtf call=3 exec_before=7734061 exec_after=8058812 reason_before=37 reason=37 rip_before=65543 rip=65546 rax=1889044776400 nonce=1889044776399 witness=0
INTEL_PROBE phase=verified_retry
INTEL_PROBE phase=prepare_with_transport
INTEL_PROBE phase=finite_retirement
INTEL_LIFECYCLE phase=vcpu_destroy_begin generation=65 owner=98184
INTEL_LIFECYCLE phase=vcpu_destroy_end generation=65 owner=98184
INTEL_LIFECYCLE phase=vm_destroy_begin generation=65 owner=98184
INTEL_LIFECYCLE phase=vm_destroy_end generation=65 owner=98184
INTEL_LIFECYCLE phase=vm_create_begin generation=66 owner=98184
INTEL_LIFECYCLE phase=vm_create_end generation=66 owner=98184
INTEL_LIFECYCLE phase=vcpu_create_begin generation=66 owner=98184
INTEL_LIFECYCLE phase=vcpu_create_end generation=66 owner=98184
[       OK ] HvfIntelProbe.FiniteDeadline (19 ms)
[----------] 1 test from HvfIntelProbe (19 ms total)

[==========] 1 test from 1 test suite ran. (19 ms total)
[  PASSED  ] 1 test.

Repeating all tests (iteration 66) . . .

Note: Google Test filter = HvfIntelProbe.FiniteDeadline
[==========] Running 1 test from 1 test suite.
[----------] 1 test from HvfIntelProbe
[ RUN      ] HvfIntelProbe.FiniteDeadline
INTEL_PROBE phase=executor_initialization
INTEL_PROBE phase=executor_retained
INTEL_PROBE phase=startup_probe
INTEL_PROBE phase=prepare_with_transport
INTEL_PROBE witness_budget mach_start=1889057035781 mach_end=1891056184714 remaining_ns=1999148933 timebase_numer=1 timebase_denom=1 max_calls=4096
INTEL_PROBE begin=finite_loop call=1 deadline=1889062057663 rip=65537 nonce=1889055867509 witness=0
INTEL_PROBE end=finite_loop call=1 status=0 mach_before=1889057062418 mach_after=1889062117073
INTEL_PROBE capture=finite_loop call=1 exec_before=1122622 exec_after=6029154 reason_before=37 reason=52 rip_before=65537 rip=65540 rax=1889055867509 nonce=1889055867509 witness=1889055867509
INTEL_PROBE phase=prepare_with_transport
INTEL_PROBE begin=expired_mtf call=2 deadline=0 rip=65543 nonce=1889062182604 witness=0
INTEL_PROBE end=expired_mtf call=2 status=0 mach_before=1889063498642 mach_after=1889063560389
INTEL_PROBE capture=expired_mtf call=2 exec_before=6381351 exec_after=6422243 reason_before=37 reason=52 rip_before=65543 rip=65543 rax=1889062182604 nonce=1889062182604 witness=0
INTEL_PROBE phase=prepare_with_transport
INTEL_PROBE begin=finite_mtf call=3 deadline=1889069456862 rip=65543 nonce=1889063623652 witness=0
INTEL_PROBE end=finite_mtf call=3 status=0 mach_before=1889064468574 mach_after=1889064886767
INTEL_PROBE capture=finite_mtf call=3 exec_before=6747060 exec_after=7066818 reason_before=37 reason=37 rip_before=65543 rip=65546 rax=1889063623653 nonce=1889063623652 witness=0
INTEL_PROBE phase=verified_retry
INTEL_PROBE phase=prepare_with_transport
INTEL_PROBE phase=finite_retirement
INTEL_LIFECYCLE phase=vcpu_destroy_begin generation=66 owner=98184
INTEL_LIFECYCLE phase=vcpu_destroy_end generation=66 owner=98184
INTEL_LIFECYCLE phase=vm_destroy_begin generation=66 owner=98184
INTEL_LIFECYCLE phase=vm_destroy_end generation=66 owner=98184
INTEL_LIFECYCLE phase=vm_create_begin generation=67 owner=98184
INTEL_LIFECYCLE phase=vm_create_end generation=67 owner=98184
INTEL_LIFECYCLE phase=vcpu_create_begin generation=67 owner=98184
INTEL_LIFECYCLE phase=vcpu_create_end generation=67 owner=98184
[       OK ] HvfIntelProbe.FiniteDeadline (18 ms)
[----------] 1 test from HvfIntelProbe (18 ms total)

[==========] 1 test from 1 test suite ran. (18 ms total)
[  PASSED  ] 1 test.

Repeating all tests (iteration 67) . . .

Note: Google Test filter = HvfIntelProbe.FiniteDeadline
[==========] Running 1 test from 1 test suite.
[----------] 1 test from HvfIntelProbe
[ RUN      ] HvfIntelProbe.FiniteDeadline
INTEL_PROBE phase=executor_initialization
INTEL_PROBE phase=executor_retained
INTEL_PROBE phase=startup_probe
INTEL_PROBE phase=prepare_with_transport
INTEL_PROBE witness_budget mach_start=1889075954482 mach_end=1891075126080 remaining_ns=1999171598 timebase_numer=1 timebase_denom=1 max_calls=4096
INTEL_PROBE begin=finite_loop call=1 deadline=1889080974887 rip=65537 nonce=1889074780567 witness=0
INTEL_PROBE end=finite_loop call=1 status=0 mach_before=1889075980088 mach_after=1889083033081
INTEL_PROBE capture=finite_loop call=1 exec_before=1130091 exec_after=8066541 reason_before=37 reason=52 rip_before=65537 rip=65540 rax=1889074780567 nonce=1889074780567 witness=1889074780567
INTEL_PROBE phase=prepare_with_transport
INTEL_PROBE begin=expired_mtf call=2 deadline=0 rip=65543 nonce=1889083165380 witness=0
INTEL_PROBE end=expired_mtf call=2 status=0 mach_before=1889084691700 mach_after=1889084776069
INTEL_PROBE capture=expired_mtf call=2 exec_before=8438352 exec_after=8518287 reason_before=37 reason=52 rip_before=65543 rip=65543 rax=1889083165380 nonce=1889083165380 witness=0
INTEL_PROBE phase=prepare_with_transport
INTEL_PROBE begin=finite_mtf call=3 deadline=1889090960085 rip=65543 nonce=1889084864740 witness=0
INTEL_PROBE end=finite_mtf call=3 status=0 mach_before=1889085978489 mach_after=1889086420303
INTEL_PROBE capture=finite_mtf call=3 exec_before=8888156 exec_after=9238274 reason_before=37 reason=37 rip_before=65543 rip=65546 rax=1889084864741 nonce=1889084864740 witness=0
INTEL_PROBE phase=verified_retry
INTEL_PROBE phase=prepare_with_transport
INTEL_PROBE phase=finite_retirement
INTEL_LIFECYCLE phase=vcpu_destroy_begin generation=67 owner=98184
INTEL_LIFECYCLE phase=vcpu_destroy_end generation=67 owner=98184
INTEL_LIFECYCLE phase=vm_destroy_begin generation=67 owner=98184
INTEL_LIFECYCLE phase=vm_destroy_end generation=67 owner=98184
INTEL_LIFECYCLE phase=vm_create_begin generation=68 owner=98184
INTEL_LIFECYCLE phase=vm_create_end generation=68 owner=98184
INTEL_LIFECYCLE phase=vcpu_create_begin generation=68 owner=98184
INTEL_LIFECYCLE phase=vcpu_create_end generation=68 owner=98184
[       OK ] HvfIntelProbe.FiniteDeadline (21 ms)
[----------] 1 test from HvfIntelProbe (22 ms total)

[==========] 1 test from 1 test suite ran. (22 ms total)
[  PASSED  ] 1 test.

Repeating all tests (iteration 68) . . .

Note: Google Test filter = HvfIntelProbe.FiniteDeadline
[==========] Running 1 test from 1 test suite.
[----------] 1 test from HvfIntelProbe
[ RUN      ] HvfIntelProbe.FiniteDeadline
INTEL_PROBE phase=executor_initialization
INTEL_PROBE phase=executor_retained
INTEL_PROBE phase=startup_probe
INTEL_PROBE phase=prepare_with_transport
INTEL_PROBE witness_budget mach_start=1889099274648 mach_end=1891098212512 remaining_ns=1998937864 timebase_numer=1 timebase_denom=1 max_calls=4096
INTEL_PROBE begin=finite_loop call=1 deadline=1889104306338 rip=65537 nonce=1889097822033 witness=0
INTEL_PROBE end=finite_loop call=1 status=0 mach_before=1889099312471 mach_after=1889104330593
INTEL_PROBE capture=finite_loop call=1 exec_before=1232314 exec_after=5884308 reason_before=37 reason=1 rip_before=65537 rip=65540 rax=1889097822033 nonce=1889097822033 witness=1889097822033
INTEL_PROBE begin=finite_loop call=2 deadline=1889104306338 rip=65540 nonce=1889097822033 witness=1889097822033
INTEL_PROBE end=finite_loop call=2 status=0 mach_before=1889104375306 mach_after=1889104491204
INTEL_PROBE capture=finite_loop call=2 exec_before=5884308 exec_after=5995304 reason_before=1 reason=52 rip_before=65540 rip=65540 rax=1889097822033 nonce=1889097822033 witness=1889097822033
INTEL_PROBE phase=prepare_with_transport
INTEL_PROBE begin=expired_mtf call=3 deadline=0 rip=65543 nonce=1889104564600 witness=0
INTEL_PROBE end=expired_mtf call=3 status=0 mach_before=1889106027300 mach_after=1889106071664
INTEL_PROBE capture=expired_mtf call=3 exec_before=6383326 exec_after=6425190 reason_before=37 reason=52 rip_before=65543 rip=65543 rax=1889104564600 nonce=1889104564600 witness=0
INTEL_PROBE phase=prepare_with_transport
INTEL_PROBE begin=finite_mtf call=4 deadline=1889112556972 rip=65543 nonce=1889106138031 witness=0
INTEL_PROBE end=finite_mtf call=4 status=0 mach_before=1889107578399 mach_after=1889108041800
INTEL_PROBE capture=finite_mtf call=4 exec_before=7079509 exec_after=7433144 reason_before=37 reason=37 rip_before=65543 rip=65546 rax=1889106138032 nonce=1889106138031 witness=0
INTEL_PROBE phase=verified_retry
INTEL_PROBE phase=prepare_with_transport
INTEL_PROBE phase=finite_retirement
INTEL_LIFECYCLE phase=vcpu_destroy_begin generation=68 owner=98184
INTEL_LIFECYCLE phase=vcpu_destroy_end generation=68 owner=98184
INTEL_LIFECYCLE phase=vm_destroy_begin generation=68 owner=98184
INTEL_LIFECYCLE phase=vm_destroy_end generation=68 owner=98184
INTEL_LIFECYCLE phase=vm_create_begin generation=69 owner=98184
INTEL_LIFECYCLE phase=vm_create_end generation=69 owner=98184
INTEL_LIFECYCLE phase=vcpu_create_begin generation=69 owner=98184
INTEL_LIFECYCLE phase=vcpu_create_end generation=69 owner=98184
[       OK ] HvfIntelProbe.FiniteDeadline (21 ms)
[----------] 1 test from HvfIntelProbe (21 ms total)

[==========] 1 test from 1 test suite ran. (21 ms total)
[  PASSED  ] 1 test.

Repeating all tests (iteration 69) . . .

Note: Google Test filter = HvfIntelProbe.FiniteDeadline
[==========] Running 1 test from 1 test suite.
[----------] 1 test from HvfIntelProbe
[ RUN      ] HvfIntelProbe.FiniteDeadline
INTEL_PROBE phase=executor_initialization
INTEL_PROBE phase=executor_retained
INTEL_PROBE phase=startup_probe
INTEL_PROBE phase=prepare_with_transport
INTEL_PROBE witness_budget mach_start=1889121610957 mach_end=1891120492219 remaining_ns=1998881262 timebase_numer=1 timebase_denom=1 max_calls=4096
INTEL_PROBE begin=finite_loop call=1 deadline=1889126646594 rip=65537 nonce=1889120075774 witness=0
INTEL_PROBE end=finite_loop call=1 status=0 mach_before=1889121653803 mach_after=1889126852772
INTEL_PROBE capture=finite_loop call=1 exec_before=1370200 exec_after=6347662 reason_before=37 reason=52 rip_before=65537 rip=65540 rax=1889120075774 nonce=1889120075774 witness=1889120075774
INTEL_PROBE phase=prepare_with_transport
INTEL_PROBE begin=expired_mtf call=2 deadline=0 rip=65543 nonce=1889126959791 witness=0
INTEL_PROBE end=expired_mtf call=2 status=0 mach_before=1889128634002 mach_after=1889128758991
INTEL_PROBE capture=expired_mtf call=2 exec_before=6750966 exec_after=6865170 reason_before=37 reason=52 rip_before=65543 rip=65543 rax=1889126959791 nonce=1889126959791 witness=0
INTEL_PROBE phase=prepare_with_transport
INTEL_PROBE begin=finite_mtf call=3 deadline=1889135076124 rip=65543 nonce=1889128848455 witness=0
INTEL_PROBE end=finite_mtf call=3 status=0 mach_before=1889130100228 mach_after=1889130693946
INTEL_PROBE capture=finite_mtf call=3 exec_before=7345208 exec_after=7786524 reason_before=37 reason=37 rip_before=65543 rip=65546 rax=1889128848456 nonce=1889128848455 witness=0
INTEL_PROBE phase=verified_retry
INTEL_PROBE phase=prepare_with_transport
INTEL_PROBE phase=finite_retirement
INTEL_LIFECYCLE phase=vcpu_destroy_begin generation=69 owner=98184
INTEL_LIFECYCLE phase=vcpu_destroy_end generation=69 owner=98184
INTEL_LIFECYCLE phase=vm_destroy_begin generation=69 owner=98184
INTEL_LIFECYCLE phase=vm_destroy_end generation=69 owner=98184
INTEL_LIFECYCLE phase=vm_create_begin generation=70 owner=98184
INTEL_LIFECYCLE phase=vm_create_end generation=70 owner=98184
INTEL_LIFECYCLE phase=vcpu_create_begin generation=70 owner=98184
INTEL_LIFECYCLE phase=vcpu_create_end generation=70 owner=98184
[       OK ] HvfIntelProbe.FiniteDeadline (23 ms)
[----------] 1 test from HvfIntelProbe (23 ms total)

[==========] 1 test from 1 test suite ran. (23 ms total)
[  PASSED  ] 1 test.

Repeating all tests (iteration 70) . . .

Note: Google Test filter = HvfIntelProbe.FiniteDeadline
[==========] Running 1 test from 1 test suite.
[----------] 1 test from HvfIntelProbe
[ RUN      ] HvfIntelProbe.FiniteDeadline
INTEL_PROBE phase=executor_initialization
INTEL_PROBE phase=executor_retained
INTEL_PROBE phase=startup_probe
INTEL_PROBE phase=prepare_with_transport
INTEL_PROBE witness_budget mach_start=1889145739968 mach_end=1891144441453 remaining_ns=1998701485 timebase_numer=1 timebase_denom=1 max_calls=4096
INTEL_PROBE begin=finite_loop call=1 deadline=1889150773362 rip=65537 nonce=1889143974167 witness=0
INTEL_PROBE end=finite_loop call=1 status=0 mach_before=1889145780706 mach_after=1889155592301
INTEL_PROBE capture=finite_loop call=1 exec_before=2027321 exec_after=11627942 reason_before=37 reason=52 rip_before=65537 rip=65540 rax=1889143974167 nonce=1889143974167 witness=1889143974167
INTEL_PROBE phase=prepare_with_transport
INTEL_PROBE begin=expired_mtf call=2 deadline=0 rip=65543 nonce=1889155710729 witness=0
INTEL_PROBE end=expired_mtf call=2 status=0 mach_before=1889157488814 mach_after=1889157531070
INTEL_PROBE capture=expired_mtf call=2 exec_before=11980557 exec_after=12020557 reason_before=37 reason=52 rip_before=65543 rip=65543 rax=1889155710729 nonce=1889155710729 witness=0
INTEL_PROBE phase=prepare_with_transport
INTEL_PROBE begin=finite_mtf call=3 deadline=1889163463584 rip=65543 nonce=1889157594281 witness=0
INTEL_PROBE end=finite_mtf call=3 status=0 mach_before=1889158477877 mach_after=1889158889799
INTEL_PROBE capture=finite_mtf call=3 exec_before=12352533 exec_after=12679967 reason_before=37 reason=37 rip_before=65543 rip=65546 rax=1889157594282 nonce=1889157594281 witness=0
INTEL_PROBE phase=verified_retry
INTEL_PROBE phase=prepare_with_transport
INTEL_PROBE phase=finite_retirement
INTEL_LIFECYCLE phase=vcpu_destroy_begin generation=70 owner=98184
INTEL_LIFECYCLE phase=vcpu_destroy_end generation=70 owner=98184
INTEL_LIFECYCLE phase=vm_destroy_begin generation=70 owner=98184
INTEL_LIFECYCLE phase=vm_destroy_end generation=70 owner=98184
INTEL_LIFECYCLE phase=vm_create_begin generation=71 owner=98184
INTEL_LIFECYCLE phase=vm_create_end generation=71 owner=98184
INTEL_LIFECYCLE phase=vcpu_create_begin generation=71 owner=98184
INTEL_LIFECYCLE phase=vcpu_create_end generation=71 owner=98184
[       OK ] HvfIntelProbe.FiniteDeadline (27 ms)
[----------] 1 test from HvfIntelProbe (27 ms total)

[==========] 1 test from 1 test suite ran. (27 ms total)
[  PASSED  ] 1 test.

Repeating all tests (iteration 71) . . .

Note: Google Test filter = HvfIntelProbe.FiniteDeadline
[==========] Running 1 test from 1 test suite.
[----------] 1 test from HvfIntelProbe
[ RUN      ] HvfIntelProbe.FiniteDeadline
INTEL_PROBE phase=executor_initialization
INTEL_PROBE phase=executor_retained
INTEL_PROBE phase=startup_probe
INTEL_PROBE phase=prepare_with_transport
INTEL_PROBE witness_budget mach_start=1889170598575 mach_end=1891169149431 remaining_ns=1998550856 timebase_numer=1 timebase_denom=1 max_calls=4096
INTEL_PROBE begin=finite_loop call=1 deadline=1889175620949 rip=65537 nonce=1889168815663 witness=0
INTEL_PROBE end=finite_loop call=1 status=0 mach_before=1889170625596 mach_after=1889182712217
INTEL_PROBE capture=finite_loop call=1 exec_before=1151907 exec_after=13128337 reason_before=37 reason=52 rip_before=65537 rip=65540 rax=1889168815663 nonce=1889168815663 witness=1889168815663
INTEL_PROBE phase=prepare_with_transport
INTEL_PROBE begin=expired_mtf call=2 deadline=0 rip=65543 nonce=1889182801298 witness=0
INTEL_PROBE end=expired_mtf call=2 status=0 mach_before=1889184256130 mach_after=1889184300646
INTEL_PROBE capture=expired_mtf call=2 exec_before=13460832 exec_after=13502965 reason_before=37 reason=52 rip_before=65543 rip=65543 rax=1889182801298 nonce=1889182801298 witness=0
INTEL_PROBE phase=prepare_with_transport
INTEL_PROBE begin=finite_mtf call=3 deadline=1889190360596 rip=65543 nonce=1889184359346 witness=0
INTEL_PROBE end=finite_mtf call=3 status=0 mach_before=1889185376103 mach_after=1889185962151
INTEL_PROBE capture=finite_mtf call=3 exec_before=13898430 exec_after=14345211 reason_before=37 reason=37 rip_before=65543 rip=65546 rax=1889184359347 nonce=1889184359346 witness=0
INTEL_PROBE phase=verified_retry
INTEL_PROBE phase=prepare_with_transport
INTEL_PROBE phase=finite_retirement
INTEL_LIFECYCLE phase=vcpu_destroy_begin generation=71 owner=98184
INTEL_LIFECYCLE phase=vcpu_destroy_end generation=71 owner=98184
INTEL_LIFECYCLE phase=vm_destroy_begin generation=71 owner=98184
INTEL_LIFECYCLE phase=vm_destroy_end generation=71 owner=98184
INTEL_LIFECYCLE phase=vm_create_begin generation=72 owner=98184
INTEL_LIFECYCLE phase=vm_create_end generation=72 owner=98184
INTEL_LIFECYCLE phase=vcpu_create_begin generation=72 owner=98184
INTEL_LIFECYCLE phase=vcpu_create_end generation=72 owner=98184
[       OK ] HvfIntelProbe.FiniteDeadline (26 ms)
[----------] 1 test from HvfIntelProbe (26 ms total)

[==========] 1 test from 1 test suite ran. (26 ms total)
[  PASSED  ] 1 test.

Repeating all tests (iteration 72) . . .

Note: Google Test filter = HvfIntelProbe.FiniteDeadline
[==========] Running 1 test from 1 test suite.
[----------] 1 test from HvfIntelProbe
[ RUN      ] HvfIntelProbe.FiniteDeadline
INTEL_PROBE phase=executor_initialization
INTEL_PROBE phase=executor_retained
INTEL_PROBE phase=startup_probe
INTEL_PROBE phase=prepare_with_transport
INTEL_PROBE witness_budget mach_start=1889197287378 mach_end=1891195951040 remaining_ns=1998663662 timebase_numer=1 timebase_denom=1 max_calls=4096
INTEL_PROBE begin=finite_loop call=1 deadline=1889202309688 rip=65537 nonce=1889195603887 witness=0
INTEL_PROBE end=finite_loop call=1 status=0 mach_before=1889197314744 mach_after=1889202615229
INTEL_PROBE capture=finite_loop call=1 exec_before=1225455 exec_after=6357581 reason_before=37 reason=52 rip_before=65537 rip=65540 rax=1889195603887 nonce=1889195603887 witness=1889195603887
INTEL_PROBE phase=prepare_with_transport
INTEL_PROBE begin=expired_mtf call=2 deadline=0 rip=65543 nonce=1889202692101 witness=0
INTEL_PROBE end=expired_mtf call=2 status=0 mach_before=1889204277370 mach_after=1889204319966
INTEL_PROBE capture=expired_mtf call=2 exec_before=6721461 exec_after=6761735 reason_before=37 reason=52 rip_before=65543 rip=65543 rax=1889202692101 nonce=1889202692101 witness=0
INTEL_PROBE phase=prepare_with_transport
INTEL_PROBE begin=finite_mtf call=3 deadline=1889210305496 rip=65543 nonce=1889204377420 witness=0
INTEL_PROBE end=finite_mtf call=3 status=0 mach_before=1889205319655 mach_after=1889205739645
INTEL_PROBE capture=finite_mtf call=3 exec_before=7121543 exec_after=7454241 reason_before=37 reason=37 rip_before=65543 rip=65546 rax=1889204377421 nonce=1889204377420 witness=0
INTEL_PROBE phase=verified_retry
INTEL_PROBE phase=prepare_with_transport
INTEL_PROBE phase=finite_retirement
INTEL_LIFECYCLE phase=vcpu_destroy_begin generation=72 owner=98184
INTEL_LIFECYCLE phase=vcpu_destroy_end generation=72 owner=98184
INTEL_LIFECYCLE phase=vm_destroy_begin generation=72 owner=98184
INTEL_LIFECYCLE phase=vm_destroy_end generation=72 owner=98184
INTEL_LIFECYCLE phase=vm_create_begin generation=73 owner=98184
INTEL_LIFECYCLE phase=vm_create_end generation=73 owner=98184
INTEL_LIFECYCLE phase=vcpu_create_begin generation=73 owner=98184
INTEL_LIFECYCLE phase=vcpu_create_end generation=73 owner=98184
[       OK ] HvfIntelProbe.FiniteDeadline (19 ms)
[----------] 1 test from HvfIntelProbe (19 ms total)

[==========] 1 test from 1 test suite ran. (19 ms total)
[  PASSED  ] 1 test.

Repeating all tests (iteration 73) . . .

Note: Google Test filter = HvfIntelProbe.FiniteDeadline
[==========] Running 1 test from 1 test suite.
[----------] 1 test from HvfIntelProbe
[ RUN      ] HvfIntelProbe.FiniteDeadline
INTEL_PROBE phase=executor_initialization
INTEL_PROBE phase=executor_retained
INTEL_PROBE phase=startup_probe
INTEL_PROBE phase=prepare_with_transport
INTEL_PROBE witness_budget mach_start=1889227762196 mach_end=1891224569659 remaining_ns=1996807463 timebase_numer=1 timebase_denom=1 max_calls=4096
INTEL_PROBE begin=finite_loop call=1 deadline=1889233221441 rip=65537 nonce=1889220866946 witness=0
INTEL_PROBE end=finite_loop call=1 status=0 mach_before=1889228255675 mach_after=1889235781081
INTEL_PROBE capture=finite_loop call=1 exec_before=1811959 exec_after=9082606 reason_before=37 reason=1 rip_before=65537 rip=65540 rax=1889220866946 nonce=1889220866946 witness=1889220866946
INTEL_PROBE begin=finite_loop call=2 deadline=1889233221441 rip=65540 nonce=1889220866946 witness=1889220866946
INTEL_PROBE end=finite_loop call=2 status=0 mach_before=1889236790031 mach_after=1889236970478
INTEL_PROBE capture=finite_loop call=2 exec_before=9082606 exec_after=9259083 reason_before=1 reason=52 rip_before=65540 rip=65540 rax=1889220866946 nonce=1889220866946 witness=1889220866946
INTEL_PROBE phase=prepare_with_transport
INTEL_PROBE begin=expired_mtf call=3 deadline=0 rip=65543 nonce=1889237052144 witness=0
INTEL_PROBE end=expired_mtf call=3 status=0 mach_before=1889245204292 mach_after=1889245255591
INTEL_PROBE capture=expired_mtf call=3 exec_before=9845375 exec_after=9891744 reason_before=37 reason=52 rip_before=65543 rip=65543 rax=1889237052144 nonce=1889237052144 witness=0
INTEL_PROBE phase=prepare_with_transport
INTEL_PROBE begin=finite_mtf call=4 deadline=1889252695206 rip=65543 nonce=1889246397941 witness=0
INTEL_PROBE end=finite_mtf call=4 status=0 mach_before=1889247722607 mach_after=1889248189444
INTEL_PROBE capture=finite_mtf call=4 exec_before=10258155 exec_after=10620433 reason_before=37 reason=37 rip_before=65543 rip=65546 rax=1889246397942 nonce=1889246397941 witness=0
INTEL_PROBE phase=verified_retry
INTEL_PROBE phase=prepare_with_transport
INTEL_PROBE phase=finite_retirement
INTEL_LIFECYCLE phase=vcpu_destroy_begin generation=73 owner=98184
INTEL_LIFECYCLE phase=vcpu_destroy_end generation=73 owner=98184
INTEL_LIFECYCLE phase=vm_destroy_begin generation=73 owner=98184
INTEL_LIFECYCLE phase=vm_destroy_end generation=73 owner=98184
INTEL_LIFECYCLE phase=vm_create_begin generation=74 owner=98184
INTEL_LIFECYCLE phase=vm_create_end generation=74 owner=98184
INTEL_LIFECYCLE phase=vcpu_create_begin generation=74 owner=98184
INTEL_LIFECYCLE phase=vcpu_create_end generation=74 owner=98184
[       OK ] HvfIntelProbe.FiniteDeadline (49 ms)
[----------] 1 test from HvfIntelProbe (49 ms total)

[==========] 1 test from 1 test suite ran. (49 ms total)
[  PASSED  ] 1 test.

Repeating all tests (iteration 74) . . .

Note: Google Test filter = HvfIntelProbe.FiniteDeadline
[==========] Running 1 test from 1 test suite.
[----------] 1 test from HvfIntelProbe
[ RUN      ] HvfIntelProbe.FiniteDeadline
INTEL_PROBE phase=executor_initialization
INTEL_PROBE phase=executor_retained
INTEL_PROBE phase=startup_probe
INTEL_PROBE phase=prepare_with_transport
INTEL_PROBE witness_budget mach_start=1889266932051 mach_end=1891265993294 remaining_ns=1999061243 timebase_numer=1 timebase_denom=1 max_calls=4096
INTEL_PROBE begin=finite_loop call=1 deadline=1889271965050 rip=65537 nonce=1889265637815 witness=0
INTEL_PROBE end=finite_loop call=1 status=0 mach_before=1889266989054 mach_after=1889274792177
INTEL_PROBE capture=finite_loop call=1 exec_before=1925756 exec_after=9495591 reason_before=37 reason=52 rip_before=65537 rip=65540 rax=1889265637815 nonce=1889265637815 witness=1889265637815
INTEL_PROBE phase=prepare_with_transport
INTEL_PROBE begin=expired_mtf call=2 deadline=0 rip=65543 nonce=1889274954754 witness=0
INTEL_PROBE end=expired_mtf call=2 status=0 mach_before=1889277334034 mach_after=1889277399404
INTEL_PROBE capture=expired_mtf call=2 exec_before=9849464 exec_after=9911700 reason_before=37 reason=52 rip_before=65543 rip=65543 rax=1889274954754 nonce=1889274954754 witness=0
INTEL_PROBE phase=prepare_with_transport
INTEL_PROBE begin=finite_mtf call=3 deadline=1889283545425 rip=65543 nonce=1889277462314 witness=0
INTEL_PROBE end=finite_mtf call=3 status=0 mach_before=1889278568918 mach_after=1889279103697
INTEL_PROBE capture=finite_mtf call=3 exec_before=10265678 exec_after=10661092 reason_before=37 reason=37 rip_before=65543 rip=65546 rax=1889277462315 nonce=1889277462314 witness=0
INTEL_PROBE phase=verified_retry
INTEL_PROBE phase=prepare_with_transport
INTEL_PROBE phase=finite_retirement
INTEL_LIFECYCLE phase=vcpu_destroy_begin generation=74 owner=98184
INTEL_LIFECYCLE phase=vcpu_destroy_end generation=74 owner=98184
INTEL_LIFECYCLE phase=vm_destroy_begin generation=74 owner=98184
INTEL_LIFECYCLE phase=vm_destroy_end generation=74 owner=98184
INTEL_LIFECYCLE phase=vm_create_begin generation=75 owner=98184
INTEL_LIFECYCLE phase=vm_create_end generation=75 owner=98184
INTEL_LIFECYCLE phase=vcpu_create_begin generation=75 owner=98184
INTEL_LIFECYCLE phase=vcpu_create_end generation=75 owner=98184
[       OK ] HvfIntelProbe.FiniteDeadline (23 ms)
[----------] 1 test from HvfIntelProbe (23 ms total)

[==========] 1 test from 1 test suite ran. (23 ms total)
[  PASSED  ] 1 test.

Repeating all tests (iteration 75) . . .

Note: Google Test filter = HvfIntelProbe.FiniteDeadline
[==========] Running 1 test from 1 test suite.
[----------] 1 test from HvfIntelProbe
[ RUN      ] HvfIntelProbe.FiniteDeadline
INTEL_PROBE phase=executor_initialization
INTEL_PROBE phase=executor_retained
INTEL_PROBE phase=startup_probe
INTEL_PROBE phase=prepare_with_transport
INTEL_PROBE witness_budget mach_start=1889290548733 mach_end=1891289323204 remaining_ns=1998774471 timebase_numer=1 timebase_denom=1 max_calls=4096
INTEL_PROBE begin=finite_loop call=1 deadline=1889295565595 rip=65537 nonce=1889288747393 witness=0
INTEL_PROBE end=finite_loop call=1 status=0 mach_before=1889290570209 mach_after=1889297327051
INTEL_PROBE capture=finite_loop call=1 exec_before=1629226 exec_after=8215680 reason_before=37 reason=52 rip_before=65537 rip=65540 rax=1889288747393 nonce=1889288747393 witness=1889288747393
INTEL_PROBE phase=prepare_with_transport
INTEL_PROBE begin=expired_mtf call=2 deadline=0 rip=65543 nonce=1889297403690 witness=0
INTEL_PROBE end=expired_mtf call=2 status=0 mach_before=1889299465718 mach_after=1889299508706
INTEL_PROBE capture=expired_mtf call=2 exec_before=8550541 exec_after=8591241 reason_before=37 reason=52 rip_before=65543 rip=65543 rax=1889297403690 nonce=1889297403690 witness=0
INTEL_PROBE phase=prepare_with_transport
INTEL_PROBE begin=finite_mtf call=3 deadline=1889305561383 rip=65543 nonce=1889299565324 witness=0
INTEL_PROBE end=finite_mtf call=3 status=0 mach_before=1889300577004 mach_after=1889301080775
INTEL_PROBE capture=finite_mtf call=3 exec_before=8942423 exec_after=9340773 reason_before=37 reason=37 rip_before=65543 rip=65546 rax=1889299565325 nonce=1889299565324 witness=0
INTEL_PROBE phase=verified_retry
INTEL_PROBE phase=prepare_with_transport
INTEL_PROBE phase=finite_retirement
INTEL_LIFECYCLE phase=vcpu_destroy_begin generation=75 owner=98184
INTEL_LIFECYCLE phase=vcpu_destroy_end generation=75 owner=98184
INTEL_LIFECYCLE phase=vm_destroy_begin generation=75 owner=98184
INTEL_LIFECYCLE phase=vm_destroy_end generation=75 owner=98184
INTEL_LIFECYCLE phase=vm_create_begin generation=76 owner=98184
INTEL_LIFECYCLE phase=vm_create_end generation=76 owner=98184
INTEL_LIFECYCLE phase=vcpu_create_begin generation=76 owner=98184
INTEL_LIFECYCLE phase=vcpu_create_end generation=76 owner=98184
[       OK ] HvfIntelProbe.FiniteDeadline (22 ms)
[----------] 1 test from HvfIntelProbe (22 ms total)

[==========] 1 test from 1 test suite ran. (22 ms total)
[  PASSED  ] 1 test.

Repeating all tests (iteration 76) . . .

Note: Google Test filter = HvfIntelProbe.FiniteDeadline
[==========] Running 1 test from 1 test suite.
[----------] 1 test from HvfIntelProbe
[ RUN      ] HvfIntelProbe.FiniteDeadline
INTEL_PROBE phase=executor_initialization
INTEL_PROBE phase=executor_retained
INTEL_PROBE phase=startup_probe
INTEL_PROBE phase=prepare_with_transport
INTEL_PROBE witness_budget mach_start=1889313011329 mach_end=1891312103009 remaining_ns=1999091680 timebase_numer=1 timebase_denom=1 max_calls=4096
INTEL_PROBE begin=finite_loop call=1 deadline=1889318034031 rip=65537 nonce=1889311265988 witness=0
INTEL_PROBE end=finite_loop call=1 status=0 mach_before=1889313039079 mach_after=1889319311921
INTEL_PROBE capture=finite_loop call=1 exec_before=1725459 exec_after=7700416 reason_before=37 reason=52 rip_before=65537 rip=65540 rax=1889311265988 nonce=1889311265988 witness=1889311265988
INTEL_PROBE phase=prepare_with_transport
INTEL_PROBE begin=expired_mtf call=2 deadline=0 rip=65543 nonce=1889319414351 witness=0
INTEL_PROBE end=expired_mtf call=2 status=0 mach_before=1889321577967 mach_after=1889321649012
INTEL_PROBE capture=expired_mtf call=2 exec_before=8070023 exec_after=8137781 reason_before=37 reason=52 rip_before=65543 rip=65543 rax=1889319414351 nonce=1889319414351 witness=0
INTEL_PROBE phase=prepare_with_transport
INTEL_PROBE begin=finite_mtf call=3 deadline=1889328299105 rip=65543 nonce=1889321710703 witness=0
INTEL_PROBE end=finite_mtf call=3 status=0 mach_before=1889323322457 mach_after=1889323781503
INTEL_PROBE capture=finite_mtf call=3 exec_before=8570218 exec_after=8934413 reason_before=37 reason=37 rip_before=65543 rip=65546 rax=1889321710704 nonce=1889321710703 witness=0
INTEL_PROBE phase=verified_retry
INTEL_PROBE phase=prepare_with_transport
INTEL_PROBE phase=finite_retirement
INTEL_LIFECYCLE phase=vcpu_destroy_begin generation=76 owner=98184
INTEL_LIFECYCLE phase=vcpu_destroy_end generation=76 owner=98184
INTEL_LIFECYCLE phase=vm_destroy_begin generation=76 owner=98184
INTEL_LIFECYCLE phase=vm_destroy_end generation=76 owner=98184
INTEL_LIFECYCLE phase=vm_create_begin generation=77 owner=98184
INTEL_LIFECYCLE phase=vm_create_end generation=77 owner=98184
INTEL_LIFECYCLE phase=vcpu_create_begin generation=77 owner=98184
INTEL_LIFECYCLE phase=vcpu_create_end generation=77 owner=98184
[       OK ] HvfIntelProbe.FiniteDeadline (22 ms)
[----------] 1 test from HvfIntelProbe (23 ms total)

[==========] 1 test from 1 test suite ran. (23 ms total)
[  PASSED  ] 1 test.

Repeating all tests (iteration 77) . . .

Note: Google Test filter = HvfIntelProbe.FiniteDeadline
[==========] Running 1 test from 1 test suite.
[----------] 1 test from HvfIntelProbe
[ RUN      ] HvfIntelProbe.FiniteDeadline
INTEL_PROBE phase=executor_initialization
INTEL_PROBE phase=executor_retained
INTEL_PROBE phase=startup_probe
INTEL_PROBE phase=prepare_with_transport
INTEL_PROBE witness_budget mach_start=1889335682194 mach_end=1891334258803 remaining_ns=1998576609 timebase_numer=1 timebase_denom=1 max_calls=4096
INTEL_PROBE begin=finite_loop call=1 deadline=1889340699971 rip=65537 nonce=1889333921337 witness=0
INTEL_PROBE end=finite_loop call=1 status=0 mach_before=1889335705112 mach_after=1889340747087
INTEL_PROBE capture=finite_loop call=1 exec_before=1211761 exec_after=6004716 reason_before=37 reason=52 rip_before=65537 rip=65540 rax=1889333921337 nonce=1889333921337 witness=1889333921337
INTEL_PROBE phase=prepare_with_transport
INTEL_PROBE begin=expired_mtf call=2 deadline=0 rip=65543 nonce=1889340825659 witness=0
INTEL_PROBE end=expired_mtf call=2 status=0 mach_before=1889342601831 mach_after=1889342645323
INTEL_PROBE capture=expired_mtf call=2 exec_before=6365130 exec_after=6406311 reason_before=37 reason=52 rip_before=65543 rip=65543 rax=1889340825659 nonce=1889340825659 witness=0
INTEL_PROBE phase=prepare_with_transport
INTEL_PROBE begin=finite_mtf call=3 deadline=1889348626974 rip=65543 nonce=1889342700063 witness=0
INTEL_PROBE end=finite_mtf call=3 status=0 mach_before=1889343641877 mach_after=1889344189966
INTEL_PROBE capture=finite_mtf call=3 exec_before=6772049 exec_after=7213579 reason_before=37 reason=37 rip_before=65543 rip=65546 rax=1889342700064 nonce=1889342700063 witness=0
INTEL_PROBE phase=verified_retry
INTEL_PROBE phase=prepare_with_transport
INTEL_PROBE phase=finite_retirement
INTEL_LIFECYCLE phase=vcpu_destroy_begin generation=77 owner=98184
INTEL_LIFECYCLE phase=vcpu_destroy_end generation=77 owner=98184
INTEL_LIFECYCLE phase=vm_destroy_begin generation=77 owner=98184
INTEL_LIFECYCLE phase=vm_destroy_end generation=77 owner=98184
INTEL_LIFECYCLE phase=vm_create_begin generation=78 owner=98184
INTEL_LIFECYCLE phase=vm_create_end generation=78 owner=98184
INTEL_LIFECYCLE phase=vcpu_create_begin generation=78 owner=98184
INTEL_LIFECYCLE phase=vcpu_create_end generation=78 owner=98184
[       OK ] HvfIntelProbe.FiniteDeadline (20 ms)
[----------] 1 test from HvfIntelProbe (20 ms total)

[==========] 1 test from 1 test suite ran. (20 ms total)
[  PASSED  ] 1 test.

Repeating all tests (iteration 78) . . .

Note: Google Test filter = HvfIntelProbe.FiniteDeadline
[==========] Running 1 test from 1 test suite.
[----------] 1 test from HvfIntelProbe
[ RUN      ] HvfIntelProbe.FiniteDeadline
INTEL_PROBE phase=executor_initialization
INTEL_PROBE phase=executor_retained
INTEL_PROBE phase=startup_probe
INTEL_PROBE phase=prepare_with_transport
INTEL_PROBE witness_budget mach_start=1889356105821 mach_end=1891354828290 remaining_ns=1998722469 timebase_numer=1 timebase_denom=1 max_calls=4096
INTEL_PROBE begin=finite_loop call=1 deadline=1889361128369 rip=65537 nonce=1889354437492 witness=0
INTEL_PROBE end=finite_loop call=1 status=0 mach_before=1889356133007 mach_after=1889356966651
INTEL_PROBE capture=finite_loop call=1 exec_before=1133651 exec_after=1580858 reason_before=37 reason=1 rip_before=65537 rip=65540 rax=1889354437492 nonce=1889354437492 witness=1889354437492
INTEL_PROBE begin=finite_loop call=2 deadline=1889361128369 rip=65540 nonce=1889354437492 witness=1889354437492
INTEL_PROBE end=finite_loop call=2 status=0 mach_before=1889356996697 mach_after=1889357931049
INTEL_PROBE capture=finite_loop call=2 exec_before=1580858 exec_after=2330727 reason_before=1 reason=1 rip_before=65540 rip=65540 rax=1889354437492 nonce=1889354437492 witness=1889354437492
INTEL_PROBE begin=finite_loop call=3 deadline=1889361128369 rip=65540 nonce=1889354437492 witness=1889354437492
INTEL_PROBE end=finite_loop call=3 status=0 mach_before=1889357956054 mach_after=1889358632274
INTEL_PROBE capture=finite_loop call=3 exec_before=2330727 exec_after=2956285 reason_before=1 reason=1 rip_before=65540 rip=65540 rax=1889354437492 nonce=1889354437492 witness=1889354437492
INTEL_PROBE begin=finite_loop call=4 deadline=1889361128369 rip=65540 nonce=1889354437492 witness=1889354437492
INTEL_PROBE end=finite_loop call=4 status=0 mach_before=1889358649637 mach_after=1889361597288
INTEL_PROBE capture=finite_loop call=4 exec_before=2956285 exec_after=5859416 reason_before=1 reason=52 rip_before=65540 rip=65540 rax=1889354437492 nonce=1889354437492 witness=1889354437492
INTEL_PROBE phase=prepare_with_transport
INTEL_PROBE begin=expired_mtf call=5 deadline=0 rip=65543 nonce=1889361680765 witness=0
INTEL_PROBE end=expired_mtf call=5 status=0 mach_before=1889363416535 mach_after=1889363558556
INTEL_PROBE capture=expired_mtf call=5 exec_before=6325722 exec_after=6463766 reason_before=37 reason=52 rip_before=65543 rip=65543 rax=1889361680765 nonce=1889361680765 witness=0
INTEL_PROBE phase=prepare_with_transport
INTEL_PROBE begin=finite_mtf call=6 deadline=1889369746107 rip=65543 nonce=1889363626668 witness=0
INTEL_PROBE end=finite_mtf call=6 status=0 mach_before=1889364764007 mach_after=1889365279823
INTEL_PROBE capture=finite_mtf call=6 exec_before=6849664 exec_after=7210443 reason_before=37 reason=37 rip_before=65543 rip=65546 rax=1889363626669 nonce=1889363626668 witness=0
INTEL_PROBE phase=verified_retry
INTEL_PROBE phase=prepare_with_transport
INTEL_PROBE phase=finite_retirement
INTEL_LIFECYCLE phase=vcpu_destroy_begin generation=78 owner=98184
INTEL_LIFECYCLE phase=vcpu_destroy_end generation=78 owner=98184
INTEL_LIFECYCLE phase=vm_destroy_begin generation=78 owner=98184
INTEL_LIFECYCLE phase=vm_destroy_end generation=78 owner=98184
INTEL_LIFECYCLE phase=vm_create_begin generation=79 owner=98184
INTEL_LIFECYCLE phase=vm_create_end generation=79 owner=98184
INTEL_LIFECYCLE phase=vcpu_create_begin generation=79 owner=98184
INTEL_LIFECYCLE phase=vcpu_create_end generation=79 owner=98184
[       OK ] HvfIntelProbe.FiniteDeadline (21 ms)
[----------] 1 test from HvfIntelProbe (21 ms total)

[==========] 1 test from 1 test suite ran. (21 ms total)
[  PASSED  ] 1 test.

Repeating all tests (iteration 79) . . .

Note: Google Test filter = HvfIntelProbe.FiniteDeadline
[==========] Running 1 test from 1 test suite.
[----------] 1 test from HvfIntelProbe
[ RUN      ] HvfIntelProbe.FiniteDeadline
INTEL_PROBE phase=executor_initialization
INTEL_PROBE phase=executor_retained
INTEL_PROBE phase=startup_probe
INTEL_PROBE phase=prepare_with_transport
INTEL_PROBE witness_budget mach_start=1889376395474 mach_end=1891375731712 remaining_ns=1999336238 timebase_numer=1 timebase_denom=1 max_calls=4096
INTEL_PROBE begin=finite_loop call=1 deadline=1889381415594 rip=65537 nonce=1889375386933 witness=0
INTEL_PROBE end=finite_loop call=1 status=0 mach_before=1889376420725 mach_after=1889381478861
INTEL_PROBE capture=finite_loop call=1 exec_before=974375 exec_after=5896214 reason_before=37 reason=52 rip_before=65537 rip=65540 rax=1889375386933 nonce=1889375386933 witness=1889375386933
INTEL_PROBE phase=prepare_with_transport
INTEL_PROBE begin=expired_mtf call=2 deadline=0 rip=65543 nonce=1889381551204 witness=0
INTEL_PROBE end=expired_mtf call=2 status=0 mach_before=1889382955474 mach_after=1889383010239
INTEL_PROBE capture=expired_mtf call=2 exec_before=6313468 exec_after=6365323 reason_before=37 reason=52 rip_before=65543 rip=65543 rax=1889381551204 nonce=1889381551204 witness=0
INTEL_PROBE phase=prepare_with_transport
INTEL_PROBE begin=finite_mtf call=3 deadline=1889389016781 rip=65543 nonce=1889383093278 witness=0
INTEL_PROBE end=finite_mtf call=3 status=0 mach_before=1889384029743 mach_after=1889384453202
INTEL_PROBE capture=finite_mtf call=3 exec_before=6735816 exec_after=7069375 reason_before=37 reason=37 rip_before=65543 rip=65546 rax=1889383093279 nonce=1889383093278 witness=0
INTEL_PROBE phase=verified_retry
INTEL_PROBE phase=prepare_with_transport
INTEL_PROBE phase=finite_retirement
INTEL_LIFECYCLE phase=vcpu_destroy_begin generation=79 owner=98184
INTEL_LIFECYCLE phase=vcpu_destroy_end generation=79 owner=98184
INTEL_LIFECYCLE phase=vm_destroy_begin generation=79 owner=98184
INTEL_LIFECYCLE phase=vm_destroy_end generation=79 owner=98184
INTEL_LIFECYCLE phase=vm_create_begin generation=80 owner=98184
INTEL_LIFECYCLE phase=vm_create_end generation=80 owner=98184
INTEL_LIFECYCLE phase=vcpu_create_begin generation=80 owner=98184
INTEL_LIFECYCLE phase=vcpu_create_end generation=80 owner=98184
[       OK ] HvfIntelProbe.FiniteDeadline (17 ms)
[----------] 1 test from HvfIntelProbe (17 ms total)

[==========] 1 test from 1 test suite ran. (17 ms total)
[  PASSED  ] 1 test.

Repeating all tests (iteration 80) . . .

Note: Google Test filter = HvfIntelProbe.FiniteDeadline
[==========] Running 1 test from 1 test suite.
[----------] 1 test from HvfIntelProbe
[ RUN      ] HvfIntelProbe.FiniteDeadline
INTEL_PROBE phase=executor_initialization
INTEL_PROBE phase=executor_retained
INTEL_PROBE phase=startup_probe
INTEL_PROBE phase=prepare_with_transport
INTEL_PROBE witness_budget mach_start=1889394064655 mach_end=1891393320332 remaining_ns=1999255677 timebase_numer=1 timebase_denom=1 max_calls=4096
INTEL_PROBE begin=finite_loop call=1 deadline=1889399087897 rip=65537 nonce=1889392984446 witness=0
INTEL_PROBE end=finite_loop call=1 status=0 mach_before=1889394092827 mach_after=1889403715866
INTEL_PROBE capture=finite_loop call=1 exec_before=960851 exec_after=10460610 reason_before=37 reason=52 rip_before=65537 rip=65540 rax=1889392984446 nonce=1889392984446 witness=1889392984446
INTEL_PROBE phase=prepare_with_transport
INTEL_PROBE begin=expired_mtf call=2 deadline=0 rip=65543 nonce=1889403798457 witness=0
INTEL_PROBE end=expired_mtf call=2 status=0 mach_before=1889405273484 mach_after=1889405322257
INTEL_PROBE capture=expired_mtf call=2 exec_before=10834699 exec_after=10880560 reason_before=37 reason=52 rip_before=65543 rip=65543 rax=1889403798457 nonce=1889403798457 witness=0
INTEL_PROBE phase=prepare_with_transport
INTEL_PROBE begin=finite_mtf call=3 deadline=1889411247370 rip=65543 nonce=1889405384847 witness=0
INTEL_PROBE end=finite_mtf call=3 status=0 mach_before=1889406261458 mach_after=1889406706535
INTEL_PROBE capture=finite_mtf call=3 exec_before=11214509 exec_after=11547870 reason_before=37 reason=37 rip_before=65543 rip=65546 rax=1889405384848 nonce=1889405384847 witness=0
INTEL_PROBE phase=verified_retry
INTEL_PROBE phase=prepare_with_transport
INTEL_PROBE phase=finite_retirement
INTEL_LIFECYCLE phase=vcpu_destroy_begin generation=80 owner=98184
INTEL_LIFECYCLE phase=vcpu_destroy_end generation=80 owner=98184
INTEL_LIFECYCLE phase=vm_destroy_begin generation=80 owner=98184
INTEL_LIFECYCLE phase=vm_destroy_end generation=80 owner=98184
INTEL_LIFECYCLE phase=vm_create_begin generation=81 owner=98184
INTEL_LIFECYCLE phase=vm_create_end generation=81 owner=98184
INTEL_LIFECYCLE phase=vcpu_create_begin generation=81 owner=98184
INTEL_LIFECYCLE phase=vcpu_create_end generation=81 owner=98184
[       OK ] HvfIntelProbe.FiniteDeadline (22 ms)
[----------] 1 test from HvfIntelProbe (22 ms total)

[==========] 1 test from 1 test suite ran. (22 ms total)
[  PASSED  ] 1 test.

Repeating all tests (iteration 81) . . .

Note: Google Test filter = HvfIntelProbe.FiniteDeadline
[==========] Running 1 test from 1 test suite.
[----------] 1 test from HvfIntelProbe
[ RUN      ] HvfIntelProbe.FiniteDeadline
INTEL_PROBE phase=executor_initialization
INTEL_PROBE phase=executor_retained
INTEL_PROBE phase=startup_probe
INTEL_PROBE phase=prepare_with_transport
INTEL_PROBE witness_budget mach_start=1889417165794 mach_end=1891416000377 remaining_ns=1998834583 timebase_numer=1 timebase_denom=1 max_calls=4096
INTEL_PROBE begin=finite_loop call=1 deadline=1889422187346 rip=65537 nonce=1889415674748 witness=0
INTEL_PROBE end=finite_loop call=1 status=0 mach_before=1889417192398 mach_after=1889423342188
INTEL_PROBE capture=finite_loop call=1 exec_before=1057665 exec_after=7106538 reason_before=37 reason=52 rip_before=65537 rip=65540 rax=1889415674748 nonce=1889415674748 witness=1889415674748
INTEL_PROBE phase=prepare_with_transport
INTEL_PROBE begin=expired_mtf call=2 deadline=0 rip=65543 nonce=1889423417511 witness=0
INTEL_PROBE end=expired_mtf call=2 status=0 mach_before=1889425030976 mach_after=1889425095710
INTEL_PROBE capture=expired_mtf call=2 exec_before=7469654 exec_after=7512045 reason_before=37 reason=52 rip_before=65543 rip=65543 rax=1889423417511 nonce=1889423417511 witness=0
INTEL_PROBE phase=prepare_with_transport
INTEL_PROBE begin=finite_mtf call=3 deadline=1889431009141 rip=65543 nonce=1889425157415 witness=0
INTEL_PROBE end=finite_mtf call=3 status=0 mach_before=1889426023287 mach_after=1889426452926
INTEL_PROBE capture=finite_mtf call=3 exec_before=7842457 exec_after=8168188 reason_before=37 reason=37 rip_before=65543 rip=65546 rax=1889425157416 nonce=1889425157415 witness=0
INTEL_PROBE phase=verified_retry
INTEL_PROBE phase=prepare_with_transport
INTEL_PROBE phase=finite_retirement
INTEL_LIFECYCLE phase=vcpu_destroy_begin generation=81 owner=98184
INTEL_LIFECYCLE phase=vcpu_destroy_end generation=81 owner=98184
INTEL_LIFECYCLE phase=vm_destroy_begin generation=81 owner=98184
INTEL_LIFECYCLE phase=vm_destroy_end generation=81 owner=98184
INTEL_LIFECYCLE phase=vm_create_begin generation=82 owner=98184
INTEL_LIFECYCLE phase=vm_create_end generation=82 owner=98184
INTEL_LIFECYCLE phase=vcpu_create_begin generation=82 owner=98184
INTEL_LIFECYCLE phase=vcpu_create_end generation=82 owner=98184
[       OK ] HvfIntelProbe.FiniteDeadline (19 ms)
[----------] 1 test from HvfIntelProbe (19 ms total)

[==========] 1 test from 1 test suite ran. (19 ms total)
[  PASSED  ] 1 test.

Repeating all tests (iteration 82) . . .

Note: Google Test filter = HvfIntelProbe.FiniteDeadline
[==========] Running 1 test from 1 test suite.
[----------] 1 test from HvfIntelProbe
[ RUN      ] HvfIntelProbe.FiniteDeadline
INTEL_PROBE phase=executor_initialization
INTEL_PROBE phase=executor_retained
INTEL_PROBE phase=startup_probe
INTEL_PROBE phase=prepare_with_transport
INTEL_PROBE witness_budget mach_start=1889437089561 mach_end=1891435852430 remaining_ns=1998762869 timebase_numer=1 timebase_denom=1 max_calls=4096
INTEL_PROBE begin=finite_loop call=1 deadline=1889442124175 rip=65537 nonce=1889435491749 witness=0
INTEL_PROBE end=finite_loop call=1 status=0 mach_before=1889437134157 mach_after=1889451079036
INTEL_PROBE capture=finite_loop call=1 exec_before=1383624 exec_after=15184197 reason_before=37 reason=52 rip_before=65537 rip=65540 rax=1889435491749 nonce=1889435491749 witness=1889435491749
INTEL_PROBE phase=prepare_with_transport
INTEL_PROBE begin=expired_mtf call=2 deadline=0 rip=65543 nonce=1889451178605 witness=0
INTEL_PROBE end=expired_mtf call=2 status=0 mach_before=1889453052142 mach_after=1889453103482
INTEL_PROBE capture=expired_mtf call=2 exec_before=15513291 exec_after=15555198 reason_before=37 reason=52 rip_before=65543 rip=65543 rax=1889451178605 nonce=1889451178605 witness=0
INTEL_PROBE phase=prepare_with_transport
INTEL_PROBE begin=finite_mtf call=3 deadline=1889458977654 rip=65543 nonce=1889453162721 witness=0
INTEL_PROBE end=finite_mtf call=3 status=0 mach_before=1889453991476 mach_after=1889454412770
INTEL_PROBE capture=finite_mtf call=3 exec_before=15882256 exec_after=16221482 reason_before=37 reason=37 rip_before=65543 rip=65546 rax=1889453162722 nonce=1889453162721 witness=0
INTEL_PROBE phase=verified_retry
INTEL_PROBE phase=prepare_with_transport
INTEL_PROBE phase=finite_retirement
INTEL_LIFECYCLE phase=vcpu_destroy_begin generation=82 owner=98184
INTEL_LIFECYCLE phase=vcpu_destroy_end generation=82 owner=98184
INTEL_LIFECYCLE phase=vm_destroy_begin generation=82 owner=98184
INTEL_LIFECYCLE phase=vm_destroy_end generation=82 owner=98184
INTEL_LIFECYCLE phase=vm_create_begin generation=83 owner=98184
INTEL_LIFECYCLE phase=vm_create_end generation=83 owner=98184
INTEL_LIFECYCLE phase=vcpu_create_begin generation=83 owner=98184
INTEL_LIFECYCLE phase=vcpu_create_end generation=83 owner=98184
[       OK ] HvfIntelProbe.FiniteDeadline (28 ms)
[----------] 1 test from HvfIntelProbe (28 ms total)

[==========] 1 test from 1 test suite ran. (28 ms total)
[  PASSED  ] 1 test.

Repeating all tests (iteration 83) . . .

Note: Google Test filter = HvfIntelProbe.FiniteDeadline
[==========] Running 1 test from 1 test suite.
[----------] 1 test from HvfIntelProbe
[ RUN      ] HvfIntelProbe.FiniteDeadline
INTEL_PROBE phase=executor_initialization
INTEL_PROBE phase=executor_retained
INTEL_PROBE phase=startup_probe
INTEL_PROBE phase=prepare_with_transport
INTEL_PROBE witness_budget mach_start=1889463841152 mach_end=1891463055474 remaining_ns=1999214322 timebase_numer=1 timebase_denom=1 max_calls=4096
INTEL_PROBE begin=finite_loop call=1 deadline=1889468863613 rip=65537 nonce=1889462657540 witness=0
INTEL_PROBE end=finite_loop call=1 status=0 mach_before=1889463868587 mach_after=1889468925347
INTEL_PROBE capture=finite_loop call=1 exec_before=1024583 exec_after=5942751 reason_before=37 reason=52 rip_before=65537 rip=65540 rax=1889462657540 nonce=1889462657540 witness=1889462657540
INTEL_PROBE phase=prepare_with_transport
INTEL_PROBE begin=expired_mtf call=2 deadline=0 rip=65543 nonce=1889468995910 witness=0
INTEL_PROBE end=expired_mtf call=2 status=0 mach_before=1889470483942 mach_after=1889470527717
INTEL_PROBE capture=expired_mtf call=2 exec_before=6274678 exec_after=6316179 reason_before=37 reason=52 rip_before=65543 rip=65543 rax=1889468995910 nonce=1889468995910 witness=0
INTEL_PROBE phase=prepare_with_transport
INTEL_PROBE begin=finite_mtf call=3 deadline=1889476434852 rip=65543 nonce=1889470585285 witness=0
INTEL_PROBE end=finite_mtf call=3 status=0 mach_before=1889471446551 mach_after=1889471862666
INTEL_PROBE capture=finite_mtf call=3 exec_before=6646741 exec_after=6978505 reason_before=37 reason=37 rip_before=65543 rip=65546 rax=1889470585286 nonce=1889470585285 witness=0
INTEL_PROBE phase=verified_retry
INTEL_PROBE phase=prepare_with_transport
INTEL_PROBE phase=finite_retirement
INTEL_LIFECYCLE phase=vcpu_destroy_begin generation=83 owner=98184
INTEL_LIFECYCLE phase=vcpu_destroy_end generation=83 owner=98184
INTEL_LIFECYCLE phase=vm_destroy_begin generation=83 owner=98184
INTEL_LIFECYCLE phase=vm_destroy_end generation=83 owner=98184
INTEL_LIFECYCLE phase=vm_create_begin generation=84 owner=98184
INTEL_LIFECYCLE phase=vm_create_end generation=84 owner=98184
INTEL_LIFECYCLE phase=vcpu_create_begin generation=84 owner=98184
INTEL_LIFECYCLE phase=vcpu_create_end generation=84 owner=98184
[       OK ] HvfIntelProbe.FiniteDeadline (17 ms)
[----------] 1 test from HvfIntelProbe (17 ms total)

[==========] 1 test from 1 test suite ran. (17 ms total)
[  PASSED  ] 1 test.

Repeating all tests (iteration 84) . . .

Note: Google Test filter = HvfIntelProbe.FiniteDeadline
[==========] Running 1 test from 1 test suite.
[----------] 1 test from HvfIntelProbe
[ RUN      ] HvfIntelProbe.FiniteDeadline
INTEL_PROBE phase=executor_initialization
INTEL_PROBE phase=executor_retained
INTEL_PROBE phase=startup_probe
INTEL_PROBE phase=prepare_with_transport
INTEL_PROBE witness_budget mach_start=1889481037527 mach_end=1891480334643 remaining_ns=1999297116 timebase_numer=1 timebase_denom=1 max_calls=4096
INTEL_PROBE begin=finite_loop call=1 deadline=1889486058673 rip=65537 nonce=1889480007152 witness=0
INTEL_PROBE end=finite_loop call=1 status=0 mach_before=1889481063216 mach_after=1889487054578
INTEL_PROBE capture=finite_loop call=1 exec_before=984459 exec_after=6783637 reason_before=37 reason=52 rip_before=65537 rip=65540 rax=1889480007152 nonce=1889480007152 witness=1889480007152
INTEL_PROBE phase=prepare_with_transport
INTEL_PROBE begin=expired_mtf call=2 deadline=0 rip=65543 nonce=1889487124970 witness=0
INTEL_PROBE end=expired_mtf call=2 status=0 mach_before=1889488473630 mach_after=1889488518414
INTEL_PROBE capture=expired_mtf call=2 exec_before=7162133 exec_after=7204085 reason_before=37 reason=52 rip_before=65543 rip=65543 rax=1889487124970 nonce=1889487124970 witness=0
INTEL_PROBE phase=prepare_with_transport
INTEL_PROBE begin=finite_mtf call=3 deadline=1889494433411 rip=65543 nonce=1889488579383 witness=0
INTEL_PROBE end=finite_mtf call=3 status=0 mach_before=1889489446566 mach_after=1889489855445
INTEL_PROBE capture=finite_mtf call=3 exec_before=7539129 exec_after=7866247 reason_before=37 reason=37 rip_before=65543 rip=65546 rax=1889488579384 nonce=1889488579383 witness=0
INTEL_PROBE phase=verified_retry
INTEL_PROBE phase=prepare_with_transport
INTEL_PROBE phase=finite_retirement
INTEL_LIFECYCLE phase=vcpu_destroy_begin generation=84 owner=98184
INTEL_LIFECYCLE phase=vcpu_destroy_end generation=84 owner=98184
INTEL_LIFECYCLE phase=vm_destroy_begin generation=84 owner=98184
INTEL_LIFECYCLE phase=vm_destroy_end generation=84 owner=98184
INTEL_LIFECYCLE phase=vm_create_begin generation=85 owner=98184
INTEL_LIFECYCLE phase=vm_create_end generation=85 owner=98184
INTEL_LIFECYCLE phase=vcpu_create_begin generation=85 owner=98184
INTEL_LIFECYCLE phase=vcpu_create_end generation=85 owner=98184
[       OK ] HvfIntelProbe.FiniteDeadline (18 ms)
[----------] 1 test from HvfIntelProbe (18 ms total)

[==========] 1 test from 1 test suite ran. (18 ms total)
[  PASSED  ] 1 test.

Repeating all tests (iteration 85) . . .

Note: Google Test filter = HvfIntelProbe.FiniteDeadline
[==========] Running 1 test from 1 test suite.
[----------] 1 test from HvfIntelProbe
[ RUN      ] HvfIntelProbe.FiniteDeadline
INTEL_PROBE phase=executor_initialization
INTEL_PROBE phase=executor_retained
INTEL_PROBE phase=startup_probe
INTEL_PROBE phase=prepare_with_transport
INTEL_PROBE witness_budget mach_start=1889499163811 mach_end=1891498660004 remaining_ns=1999496193 timebase_numer=1 timebase_denom=1 max_calls=4096
INTEL_PROBE begin=finite_loop call=1 deadline=1889504185434 rip=65537 nonce=1889498318513 witness=0
INTEL_PROBE end=finite_loop call=1 status=0 mach_before=1889499190352 mach_after=1889513763086
INTEL_PROBE capture=finite_loop call=1 exec_before=981375 exec_after=15447494 reason_before=37 reason=52 rip_before=65537 rip=65540 rax=1889498318513 nonce=1889498318513 witness=1889498318513
INTEL_PROBE phase=prepare_with_transport
INTEL_PROBE begin=expired_mtf call=2 deadline=0 rip=65543 nonce=1889513860849 witness=0
INTEL_PROBE end=expired_mtf call=2 status=0 mach_before=1889515559212 mach_after=1889515602057
INTEL_PROBE capture=expired_mtf call=2 exec_before=15787154 exec_after=15827549 reason_before=37 reason=52 rip_before=65543 rip=65543 rax=1889513860849 nonce=1889513860849 witness=0
INTEL_PROBE phase=prepare_with_transport
INTEL_PROBE begin=finite_mtf call=3 deadline=1889521513234 rip=65543 nonce=1889515660038 witness=0
INTEL_PROBE end=finite_mtf call=3 status=0 mach_before=1889516527281 mach_after=1889517054616
INTEL_PROBE capture=finite_mtf call=3 exec_before=16153185 exec_after=16456268 reason_before=37 reason=1 rip_before=65543 rip=65543 rax=1889515660038 nonce=1889515660038 witness=0
INTEL_PROBE phase=verified_retry
INTEL_PROBE phase=prepare_with_transport
INTEL_PROBE phase=finite_retirement
INTEL_LIFECYCLE phase=vcpu_destroy_begin generation=85 owner=98184
INTEL_LIFECYCLE phase=vcpu_destroy_end generation=85 owner=98184
INTEL_LIFECYCLE phase=vm_destroy_begin generation=85 owner=98184
INTEL_LIFECYCLE phase=vm_destroy_end generation=85 owner=98184
INTEL_LIFECYCLE phase=vm_create_begin generation=86 owner=98184
INTEL_LIFECYCLE phase=vm_create_end generation=86 owner=98184
INTEL_LIFECYCLE phase=vcpu_create_begin generation=86 owner=98184
INTEL_LIFECYCLE phase=vcpu_create_end generation=86 owner=98184
[       OK ] HvfIntelProbe.FiniteDeadline (26 ms)
[----------] 1 test from HvfIntelProbe (26 ms total)

[==========] 1 test from 1 test suite ran. (26 ms total)
[  PASSED  ] 1 test.

Repeating all tests (iteration 86) . . .

Note: Google Test filter = HvfIntelProbe.FiniteDeadline
[==========] Running 1 test from 1 test suite.
[----------] 1 test from HvfIntelProbe
[ RUN      ] HvfIntelProbe.FiniteDeadline
INTEL_PROBE phase=executor_initialization
INTEL_PROBE phase=executor_retained
INTEL_PROBE phase=startup_probe
INTEL_PROBE phase=prepare_with_transport
INTEL_PROBE witness_budget mach_start=1889527341393 mach_end=1891525898890 remaining_ns=1998557497 timebase_numer=1 timebase_denom=1 max_calls=4096
INTEL_PROBE begin=finite_loop call=1 deadline=1889532368001 rip=65537 nonce=1889525548405 witness=0
INTEL_PROBE end=finite_loop call=1 status=0 mach_before=1889527373032 mach_after=1889533459140
INTEL_PROBE capture=finite_loop call=1 exec_before=1051186 exec_after=6883869 reason_before=37 reason=52 rip_before=65537 rip=65540 rax=1889525548405 nonce=1889525548405 witness=1889525548405
INTEL_PROBE phase=prepare_with_transport
INTEL_PROBE begin=expired_mtf call=2 deadline=0 rip=65543 nonce=1889533547645 witness=0
INTEL_PROBE end=expired_mtf call=2 status=0 mach_before=1889536039720 mach_after=1889536084287
INTEL_PROBE capture=expired_mtf call=2 exec_before=7226681 exec_after=7268973 reason_before=37 reason=52 rip_before=65543 rip=65543 rax=1889533547645 nonce=1889533547645 witness=0
INTEL_PROBE phase=prepare_with_transport
INTEL_PROBE begin=finite_mtf call=3 deadline=1889542199092 rip=65543 nonce=1889536165017 witness=0
INTEL_PROBE end=finite_mtf call=3 status=0 mach_before=1889537214126 mach_after=1889537672026
INTEL_PROBE capture=finite_mtf call=3 exec_before=7603659 exec_after=7950911 reason_before=37 reason=37 rip_before=65543 rip=65546 rax=1889536165018 nonce=1889536165017 witness=0
INTEL_PROBE phase=verified_retry
INTEL_PROBE phase=prepare_with_transport
INTEL_PROBE phase=finite_retirement
INTEL_LIFECYCLE phase=vcpu_destroy_begin generation=86 owner=98184
INTEL_LIFECYCLE phase=vcpu_destroy_end generation=86 owner=98184
INTEL_LIFECYCLE phase=vm_destroy_begin generation=86 owner=98184
INTEL_LIFECYCLE phase=vm_destroy_end generation=86 owner=98184
INTEL_LIFECYCLE phase=vm_create_begin generation=87 owner=98184
INTEL_LIFECYCLE phase=vm_create_end generation=87 owner=98184
INTEL_LIFECYCLE phase=vcpu_create_begin generation=87 owner=98184
INTEL_LIFECYCLE phase=vcpu_create_end generation=87 owner=98184
[       OK ] HvfIntelProbe.FiniteDeadline (20 ms)
[----------] 1 test from HvfIntelProbe (20 ms total)

[==========] 1 test from 1 test suite ran. (20 ms total)
[  PASSED  ] 1 test.

Repeating all tests (iteration 87) . . .

Note: Google Test filter = HvfIntelProbe.FiniteDeadline
[==========] Running 1 test from 1 test suite.
[----------] 1 test from HvfIntelProbe
[ RUN      ] HvfIntelProbe.FiniteDeadline
INTEL_PROBE phase=executor_initialization
INTEL_PROBE phase=executor_retained
INTEL_PROBE phase=startup_probe
INTEL_PROBE phase=prepare_with_transport
INTEL_PROBE witness_budget mach_start=1889549973417 mach_end=1891548633872 remaining_ns=1998660455 timebase_numer=1 timebase_denom=1 max_calls=4096
INTEL_PROBE begin=finite_loop call=1 deadline=1889554999815 rip=65537 nonce=1889548293477 witness=0
INTEL_PROBE end=finite_loop call=1 status=0 mach_before=1889550006654 mach_after=1889551086445
INTEL_PROBE capture=finite_loop call=1 exec_before=2167054 exec_after=3024097 reason_before=37 reason=1 rip_before=65537 rip=65540 rax=1889548293477 nonce=1889548293477 witness=1889548293477
INTEL_PROBE begin=finite_loop call=2 deadline=1889554999815 rip=65540 nonce=1889548293477 witness=1889548293477
INTEL_PROBE end=finite_loop call=2 status=0 mach_before=1889551109623 mach_after=1889555632127
INTEL_PROBE capture=finite_loop call=2 exec_before=3024097 exec_after=7427767 reason_before=1 reason=52 rip_before=65540 rip=65540 rax=1889548293477 nonce=1889548293477 witness=1889548293477
INTEL_PROBE phase=prepare_with_transport
INTEL_PROBE begin=expired_mtf call=3 deadline=0 rip=65543 nonce=1889555736304 witness=0
INTEL_PROBE end=expired_mtf call=3 status=0 mach_before=1889557687745 mach_after=1889557731950
INTEL_PROBE capture=expired_mtf call=3 exec_before=7799501 exec_after=7841303 reason_before=37 reason=52 rip_before=65543 rip=65543 rax=1889555736304 nonce=1889555736304 witness=0
INTEL_PROBE phase=prepare_with_transport
INTEL_PROBE begin=finite_mtf call=4 deadline=1889563607912 rip=65543 nonce=1889557791144 witness=0
INTEL_PROBE end=finite_mtf call=4 status=0 mach_before=1889558619715 mach_after=1889559349076
INTEL_PROBE capture=finite_mtf call=4 exec_before=8171323 exec_after=8674720 reason_before=37 reason=37 rip_before=65543 rip=65546 rax=1889557791145 nonce=1889557791144 witness=0
INTEL_PROBE phase=verified_retry
INTEL_PROBE phase=prepare_with_transport
INTEL_PROBE phase=finite_retirement
INTEL_LIFECYCLE phase=vcpu_destroy_begin generation=87 owner=98184
INTEL_LIFECYCLE phase=vcpu_destroy_end generation=87 owner=98184
INTEL_LIFECYCLE phase=vm_destroy_begin generation=87 owner=98184
INTEL_LIFECYCLE phase=vm_destroy_end generation=87 owner=98184
INTEL_LIFECYCLE phase=vm_create_begin generation=88 owner=98184
INTEL_LIFECYCLE phase=vm_create_end generation=88 owner=98184
INTEL_LIFECYCLE phase=vcpu_create_begin generation=88 owner=98184
INTEL_LIFECYCLE phase=vcpu_create_end generation=88 owner=98184
[       OK ] HvfIntelProbe.FiniteDeadline (21 ms)
[----------] 1 test from HvfIntelProbe (21 ms total)

[==========] 1 test from 1 test suite ran. (21 ms total)
[  PASSED  ] 1 test.

Repeating all tests (iteration 88) . . .

Note: Google Test filter = HvfIntelProbe.FiniteDeadline
[==========] Running 1 test from 1 test suite.
[----------] 1 test from HvfIntelProbe
[ RUN      ] HvfIntelProbe.FiniteDeadline
INTEL_PROBE phase=executor_initialization
INTEL_PROBE phase=executor_retained
INTEL_PROBE phase=startup_probe
INTEL_PROBE phase=prepare_with_transport
INTEL_PROBE witness_budget mach_start=1889570260679 mach_end=1891568950777 remaining_ns=1998690098 timebase_numer=1 timebase_denom=1 max_calls=4096
INTEL_PROBE begin=finite_loop call=1 deadline=1889575282506 rip=65537 nonce=1889568602794 witness=0
INTEL_PROBE end=finite_loop call=1 status=0 mach_before=1889570287073 mach_after=1889589238570
INTEL_PROBE capture=finite_loop call=1 exec_before=1153774 exec_after=19984123 reason_before=37 reason=52 rip_before=65537 rip=65540 rax=1889568602794 nonce=1889568602794 witness=1889568602794
INTEL_PROBE phase=prepare_with_transport
INTEL_PROBE begin=expired_mtf call=2 deadline=0 rip=65543 nonce=1889589404842 witness=0
INTEL_PROBE end=expired_mtf call=2 status=0 mach_before=1889591864243 mach_after=1889591922530
INTEL_PROBE capture=expired_mtf call=2 exec_before=20359742 exec_after=20413499 reason_before=37 reason=52 rip_before=65543 rip=65543 rax=1889589404842 nonce=1889589404842 witness=0
INTEL_PROBE phase=prepare_with_transport
INTEL_PROBE begin=finite_mtf call=3 deadline=1889598104687 rip=65543 nonce=1889591995690 witness=0
INTEL_PROBE end=finite_mtf call=3 status=0 mach_before=1889593124741 mach_after=1889593557338
INTEL_PROBE capture=finite_mtf call=3 exec_before=20861433 exec_after=21206346 reason_before=37 reason=37 rip_before=65543 rip=65546 rax=1889591995691 nonce=1889591995690 witness=0
INTEL_PROBE phase=verified_retry
INTEL_PROBE phase=prepare_with_transport
INTEL_PROBE phase=finite_retirement
INTEL_LIFECYCLE phase=vcpu_destroy_begin generation=88 owner=98184
INTEL_LIFECYCLE phase=vcpu_destroy_end generation=88 owner=98184
INTEL_LIFECYCLE phase=vm_destroy_begin generation=88 owner=98184
INTEL_LIFECYCLE phase=vm_destroy_end generation=88 owner=98184
INTEL_LIFECYCLE phase=vm_create_begin generation=89 owner=98184
INTEL_LIFECYCLE phase=vm_create_end generation=89 owner=98184
INTEL_LIFECYCLE phase=vcpu_create_begin generation=89 owner=98184
INTEL_LIFECYCLE phase=vcpu_create_end generation=89 owner=98184
[       OK ] HvfIntelProbe.FiniteDeadline (34 ms)
[----------] 1 test from HvfIntelProbe (34 ms total)

[==========] 1 test from 1 test suite ran. (34 ms total)
[  PASSED  ] 1 test.

Repeating all tests (iteration 89) . . .

Note: Google Test filter = HvfIntelProbe.FiniteDeadline
[==========] Running 1 test from 1 test suite.
[----------] 1 test from HvfIntelProbe
[ RUN      ] HvfIntelProbe.FiniteDeadline
INTEL_PROBE phase=executor_initialization
INTEL_PROBE phase=executor_retained
INTEL_PROBE phase=startup_probe
INTEL_PROBE phase=prepare_with_transport
INTEL_PROBE witness_budget mach_start=1889605598638 mach_end=1891604680487 remaining_ns=1999081849 timebase_numer=1 timebase_denom=1 max_calls=4096
INTEL_PROBE begin=finite_loop call=1 deadline=1889610617994 rip=65537 nonce=1889604191431 witness=0
INTEL_PROBE end=finite_loop call=1 status=0 mach_before=1889605624660 mach_after=1889616199174
INTEL_PROBE capture=finite_loop call=1 exec_before=2198609 exec_after=12624621 reason_before=37 reason=52 rip_before=65537 rip=65540 rax=1889604191431 nonce=1889604191431 witness=1889604191431
INTEL_PROBE phase=prepare_with_transport
INTEL_PROBE begin=expired_mtf call=2 deadline=0 rip=65543 nonce=1889616283668 witness=0
INTEL_PROBE end=expired_mtf call=2 status=0 mach_before=1889618510531 mach_after=1889618553205
INTEL_PROBE capture=expired_mtf call=2 exec_before=13081503 exec_after=13121798 reason_before=37 reason=52 rip_before=65543 rip=65543 rax=1889616283668 nonce=1889616283668 witness=0
INTEL_PROBE phase=prepare_with_transport
INTEL_PROBE begin=finite_mtf call=3 deadline=1889624550907 rip=65543 nonce=1889618601809 witness=0
INTEL_PROBE end=finite_mtf call=3 status=0 mach_before=1889619565748 mach_after=1889620061063
INTEL_PROBE capture=finite_mtf call=3 exec_before=13514120 exec_after=13902149 reason_before=37 reason=37 rip_before=65543 rip=65546 rax=1889618601810 nonce=1889618601809 witness=0
INTEL_PROBE phase=verified_retry
INTEL_PROBE phase=prepare_with_transport
INTEL_PROBE phase=finite_retirement
INTEL_LIFECYCLE phase=vcpu_destroy_begin generation=89 owner=98184
INTEL_LIFECYCLE phase=vcpu_destroy_end generation=89 owner=98184
INTEL_LIFECYCLE phase=vm_destroy_begin generation=89 owner=98184
INTEL_LIFECYCLE phase=vm_destroy_end generation=89 owner=98184
INTEL_LIFECYCLE phase=vm_create_begin generation=90 owner=98184
INTEL_LIFECYCLE phase=vm_create_end generation=90 owner=98184
INTEL_LIFECYCLE phase=vcpu_create_begin generation=90 owner=98184
INTEL_LIFECYCLE phase=vcpu_create_end generation=90 owner=98184
[       OK ] HvfIntelProbe.FiniteDeadline (26 ms)
[----------] 1 test from HvfIntelProbe (26 ms total)

[==========] 1 test from 1 test suite ran. (26 ms total)
[  PASSED  ] 1 test.

Repeating all tests (iteration 90) . . .

Note: Google Test filter = HvfIntelProbe.FiniteDeadline
[==========] Running 1 test from 1 test suite.
[----------] 1 test from HvfIntelProbe
[ RUN      ] HvfIntelProbe.FiniteDeadline
INTEL_PROBE phase=executor_initialization
INTEL_PROBE phase=executor_retained
INTEL_PROBE phase=startup_probe
INTEL_PROBE phase=prepare_with_transport
INTEL_PROBE witness_budget mach_start=1889630934888 mach_end=1891629666965 remaining_ns=1998732077 timebase_numer=1 timebase_denom=1 max_calls=4096
INTEL_PROBE begin=finite_loop call=1 deadline=1889635952372 rip=65537 nonce=1889629341739 witness=0
INTEL_PROBE end=finite_loop call=1 status=0 mach_before=1889630957051 mach_after=1889637622676
INTEL_PROBE capture=finite_loop call=1 exec_before=1228568 exec_after=7738658 reason_before=37 reason=52 rip_before=65537 rip=65540 rax=1889629341739 nonce=1889629341739 witness=1889629341739
INTEL_PROBE phase=prepare_with_transport
INTEL_PROBE begin=expired_mtf call=2 deadline=0 rip=65543 nonce=1889637694799 witness=0
INTEL_PROBE end=expired_mtf call=2 status=0 mach_before=1889639579987 mach_after=1889639622546
INTEL_PROBE capture=expired_mtf call=2 exec_before=8125501 exec_after=8165595 reason_before=37 reason=52 rip_before=65543 rip=65543 rax=1889637694799 nonce=1889637694799 witness=0
INTEL_PROBE phase=prepare_with_transport
INTEL_PROBE begin=finite_mtf call=3 deadline=1889645563525 rip=65543 nonce=1889639670520 witness=0
INTEL_PROBE end=finite_mtf call=3 status=0 mach_before=1889640578828 mach_after=1889641024535
INTEL_PROBE capture=finite_mtf call=3 exec_before=8499869 exec_after=8849311 reason_before=37 reason=37 rip_before=65543 rip=65546 rax=1889639670521 nonce=1889639670520 witness=0
INTEL_PROBE phase=verified_retry
INTEL_PROBE phase=prepare_with_transport
INTEL_PROBE phase=finite_retirement
INTEL_LIFECYCLE phase=vcpu_destroy_begin generation=90 owner=98184
INTEL_LIFECYCLE phase=vcpu_destroy_end generation=90 owner=98184
INTEL_LIFECYCLE phase=vm_destroy_begin generation=90 owner=98184
INTEL_LIFECYCLE phase=vm_destroy_end generation=90 owner=98184
INTEL_LIFECYCLE phase=vm_create_begin generation=91 owner=98184
INTEL_LIFECYCLE phase=vm_create_end generation=91 owner=98184
INTEL_LIFECYCLE phase=vcpu_create_begin generation=91 owner=98184
INTEL_LIFECYCLE phase=vcpu_create_end generation=91 owner=98184
[       OK ] HvfIntelProbe.FiniteDeadline (20 ms)
[----------] 1 test from HvfIntelProbe (20 ms total)

[==========] 1 test from 1 test suite ran. (20 ms total)
[  PASSED  ] 1 test.

Repeating all tests (iteration 91) . . .

Note: Google Test filter = HvfIntelProbe.FiniteDeadline
[==========] Running 1 test from 1 test suite.
[----------] 1 test from HvfIntelProbe
[ RUN      ] HvfIntelProbe.FiniteDeadline
INTEL_PROBE phase=executor_initialization
INTEL_PROBE phase=executor_retained
INTEL_PROBE phase=startup_probe
INTEL_PROBE phase=prepare_with_transport
INTEL_PROBE witness_budget mach_start=1889651048750 mach_end=1891649801110 remaining_ns=1998752360 timebase_numer=1 timebase_denom=1 max_calls=4096
INTEL_PROBE begin=finite_loop call=1 deadline=1889656066702 rip=65537 nonce=1889649490236 witness=0
INTEL_PROBE end=finite_loop call=1 status=0 mach_before=1889651072097 mach_after=1889656529800
INTEL_PROBE capture=finite_loop call=1 exec_before=993080 exec_after=6284159 reason_before=37 reason=52 rip_before=65537 rip=65540 rax=1889649490236 nonce=1889649490236 witness=1889649490236
INTEL_PROBE phase=prepare_with_transport
INTEL_PROBE begin=expired_mtf call=2 deadline=0 rip=65543 nonce=1889656604068 witness=0
INTEL_PROBE end=expired_mtf call=2 status=0 mach_before=1889658493279 mach_after=1889658536167
INTEL_PROBE capture=expired_mtf call=2 exec_before=6646460 exec_after=6687114 reason_before=37 reason=52 rip_before=65543 rip=65543 rax=1889656604068 nonce=1889656604068 witness=0
INTEL_PROBE phase=prepare_with_transport
INTEL_PROBE begin=finite_mtf call=3 deadline=1889665135938 rip=65543 nonce=1889658594835 witness=0
INTEL_PROBE end=finite_mtf call=3 status=0 mach_before=1889660148859 mach_after=1889660578125
INTEL_PROBE capture=finite_mtf call=3 exec_before=7017176 exec_after=7360247 reason_before=37 reason=37 rip_before=65543 rip=65546 rax=1889658594836 nonce=1889658594835 witness=0
INTEL_PROBE phase=verified_retry
INTEL_PROBE phase=prepare_with_transport
INTEL_PROBE phase=finite_retirement
INTEL_LIFECYCLE phase=vcpu_destroy_begin generation=91 owner=98184
INTEL_LIFECYCLE phase=vcpu_destroy_end generation=91 owner=98184
INTEL_LIFECYCLE phase=vm_destroy_begin generation=91 owner=98184
INTEL_LIFECYCLE phase=vm_destroy_end generation=91 owner=98184
INTEL_LIFECYCLE phase=vm_create_begin generation=92 owner=98184
INTEL_LIFECYCLE phase=vm_create_end generation=92 owner=98184
INTEL_LIFECYCLE phase=vcpu_create_begin generation=92 owner=98184
INTEL_LIFECYCLE phase=vcpu_create_end generation=92 owner=98184
[       OK ] HvfIntelProbe.FiniteDeadline (19 ms)
[----------] 1 test from HvfIntelProbe (19 ms total)

[==========] 1 test from 1 test suite ran. (19 ms total)
[  PASSED  ] 1 test.

Repeating all tests (iteration 92) . . .

Note: Google Test filter = HvfIntelProbe.FiniteDeadline
[==========] Running 1 test from 1 test suite.
[----------] 1 test from HvfIntelProbe
[ RUN      ] HvfIntelProbe.FiniteDeadline
INTEL_PROBE phase=executor_initialization
INTEL_PROBE phase=executor_retained
INTEL_PROBE phase=startup_probe
INTEL_PROBE phase=prepare_with_transport
INTEL_PROBE witness_budget mach_start=1889671429333 mach_end=1891670268193 remaining_ns=1998838860 timebase_numer=1 timebase_denom=1 max_calls=4096
INTEL_PROBE begin=finite_loop call=1 deadline=1889676454034 rip=65537 nonce=1889669934312 witness=0
INTEL_PROBE end=finite_loop call=1 status=0 mach_before=1889671459152 mach_after=1889683300792
INTEL_PROBE capture=finite_loop call=1 exec_before=1343581 exec_after=13017895 reason_before=37 reason=52 rip_before=65537 rip=65540 rax=1889669934312 nonce=1889669934312 witness=1889669934312
INTEL_PROBE phase=prepare_with_transport
INTEL_PROBE begin=expired_mtf call=2 deadline=0 rip=65543 nonce=1889683396572 witness=0
INTEL_PROBE end=expired_mtf call=2 status=0 mach_before=1889685558857 mach_after=1889685626561
INTEL_PROBE capture=expired_mtf call=2 exec_before=13381631 exec_after=13425159 reason_before=37 reason=52 rip_before=65543 rip=65543 rax=1889683396572 nonce=1889683396572 witness=0
INTEL_PROBE phase=prepare_with_transport
INTEL_PROBE begin=finite_mtf call=3 deadline=1889692047917 rip=65543 nonce=1889685769824 witness=0
INTEL_PROBE end=finite_mtf call=3 status=0 mach_before=1889687063020 mach_after=1889687648448
INTEL_PROBE capture=finite_mtf call=3 exec_before=13832855 exec_after=14252267 reason_before=37 reason=37 rip_before=65543 rip=65546 rax=1889685769825 nonce=1889685769824 witness=0
INTEL_PROBE phase=verified_retry
INTEL_PROBE phase=prepare_with_transport
INTEL_PROBE phase=finite_retirement
INTEL_LIFECYCLE phase=vcpu_destroy_begin generation=92 owner=98184
INTEL_LIFECYCLE phase=vcpu_destroy_end generation=92 owner=98184
INTEL_LIFECYCLE phase=vm_destroy_begin generation=92 owner=98184
INTEL_LIFECYCLE phase=vm_destroy_end generation=92 owner=98184
INTEL_LIFECYCLE phase=vm_create_begin generation=93 owner=98184
INTEL_LIFECYCLE phase=vm_create_end generation=93 owner=98184
INTEL_LIFECYCLE phase=vcpu_create_begin generation=93 owner=98184
INTEL_LIFECYCLE phase=vcpu_create_end generation=93 owner=98184
[       OK ] HvfIntelProbe.FiniteDeadline (26 ms)
[----------] 1 test from HvfIntelProbe (26 ms total)

[==========] 1 test from 1 test suite ran. (26 ms total)
[  PASSED  ] 1 test.

Repeating all tests (iteration 93) . . .

Note: Google Test filter = HvfIntelProbe.FiniteDeadline
[==========] Running 1 test from 1 test suite.
[----------] 1 test from HvfIntelProbe
[ RUN      ] HvfIntelProbe.FiniteDeadline
INTEL_PROBE phase=executor_initialization
INTEL_PROBE phase=executor_retained
INTEL_PROBE phase=startup_probe
INTEL_PROBE phase=prepare_with_transport
INTEL_PROBE witness_budget mach_start=1889697932598 mach_end=1891696607000 remaining_ns=1998674402 timebase_numer=1 timebase_denom=1 max_calls=4096
INTEL_PROBE begin=finite_loop call=1 deadline=1889702950856 rip=65537 nonce=1889696251452 witness=0
INTEL_PROBE end=finite_loop call=1 status=0 mach_before=1889697955754 mach_after=1889704717031
INTEL_PROBE capture=finite_loop call=1 exec_before=991284 exec_after=7541137 reason_before=37 reason=52 rip_before=65537 rip=65540 rax=1889696251452 nonce=1889696251452 witness=1889696251452
INTEL_PROBE phase=prepare_with_transport
INTEL_PROBE begin=expired_mtf call=2 deadline=0 rip=65543 nonce=1889704825535 witness=0
INTEL_PROBE end=expired_mtf call=2 status=0 mach_before=1889706946808 mach_after=1889706991402
INTEL_PROBE capture=expired_mtf call=2 exec_before=7915240 exec_after=7957512 reason_before=37 reason=52 rip_before=65543 rip=65543 rax=1889704825535 nonce=1889704825535 witness=0
INTEL_PROBE phase=prepare_with_transport
INTEL_PROBE begin=finite_mtf call=3 deadline=1889712915532 rip=65543 nonce=1889707053361 witness=0
INTEL_PROBE end=finite_mtf call=3 status=0 mach_before=1889707935290 mach_after=1889708370304
INTEL_PROBE capture=finite_mtf call=3 exec_before=8295902 exec_after=8643324 reason_before=37 reason=37 rip_before=65543 rip=65546 rax=1889707053362 nonce=1889707053361 witness=0
INTEL_PROBE phase=verified_retry
INTEL_PROBE phase=prepare_with_transport
INTEL_PROBE phase=finite_retirement
INTEL_LIFECYCLE phase=vcpu_destroy_begin generation=93 owner=98184
INTEL_LIFECYCLE phase=vcpu_destroy_end generation=93 owner=98184
INTEL_LIFECYCLE phase=vm_destroy_begin generation=93 owner=98184
INTEL_LIFECYCLE phase=vm_destroy_end generation=93 owner=98184
INTEL_LIFECYCLE phase=vm_create_begin generation=94 owner=98184
INTEL_LIFECYCLE phase=vm_create_end generation=94 owner=98184
INTEL_LIFECYCLE phase=vcpu_create_begin generation=94 owner=98184
INTEL_LIFECYCLE phase=vcpu_create_end generation=94 owner=98184
[       OK ] HvfIntelProbe.FiniteDeadline (20 ms)
[----------] 1 test from HvfIntelProbe (20 ms total)

[==========] 1 test from 1 test suite ran. (20 ms total)
[  PASSED  ] 1 test.

Repeating all tests (iteration 94) . . .

Note: Google Test filter = HvfIntelProbe.FiniteDeadline
[==========] Running 1 test from 1 test suite.
[----------] 1 test from HvfIntelProbe
[ RUN      ] HvfIntelProbe.FiniteDeadline
INTEL_PROBE phase=executor_initialization
INTEL_PROBE phase=executor_retained
INTEL_PROBE phase=startup_probe
INTEL_PROBE phase=prepare_with_transport
INTEL_PROBE witness_budget mach_start=1889719220335 mach_end=1891718283031 remaining_ns=1999062696 timebase_numer=1 timebase_denom=1 max_calls=4096
INTEL_PROBE begin=finite_loop call=1 deadline=1889724240409 rip=65537 nonce=1889717791372 witness=0
INTEL_PROBE end=finite_loop call=1 status=0 mach_before=1889719245486 mach_after=1889725293718
INTEL_PROBE capture=finite_loop call=1 exec_before=1317622 exec_after=7195369 reason_before=37 reason=52 rip_before=65537 rip=65540 rax=1889717791372 nonce=1889717791372 witness=1889717791372
INTEL_PROBE phase=prepare_with_transport
INTEL_PROBE begin=expired_mtf call=2 deadline=0 rip=65543 nonce=1889725377529 witness=0
INTEL_PROBE end=expired_mtf call=2 status=0 mach_before=1889727357533 mach_after=1889727402282
INTEL_PROBE capture=expired_mtf call=2 exec_before=7573223 exec_after=7615531 reason_before=37 reason=52 rip_before=65543 rip=65543 rax=1889725377529 nonce=1889725377529 witness=0
INTEL_PROBE phase=prepare_with_transport
INTEL_PROBE begin=finite_mtf call=3 deadline=1889733338887 rip=65543 nonce=1889727458376 witness=0
INTEL_PROBE end=finite_mtf call=3 status=0 mach_before=1889728353324 mach_after=1889728763417
INTEL_PROBE capture=finite_mtf call=3 exec_before=7976398 exec_after=8303218 reason_before=37 reason=37 rip_before=65543 rip=65546 rax=1889727458377 nonce=1889727458376 witness=0
INTEL_PROBE phase=verified_retry
INTEL_PROBE phase=prepare_with_transport
INTEL_PROBE phase=finite_retirement
INTEL_LIFECYCLE phase=vcpu_destroy_begin generation=94 owner=98184
INTEL_LIFECYCLE phase=vcpu_destroy_end generation=94 owner=98184
INTEL_LIFECYCLE phase=vm_destroy_begin generation=94 owner=98184
INTEL_LIFECYCLE phase=vm_destroy_end generation=94 owner=98184
INTEL_LIFECYCLE phase=vm_create_begin generation=95 owner=98184
INTEL_LIFECYCLE phase=vm_create_end generation=95 owner=98184
INTEL_LIFECYCLE phase=vcpu_create_begin generation=95 owner=98184
INTEL_LIFECYCLE phase=vcpu_create_end generation=95 owner=98184
[       OK ] HvfIntelProbe.FiniteDeadline (20 ms)
[----------] 1 test from HvfIntelProbe (20 ms total)

[==========] 1 test from 1 test suite ran. (20 ms total)
[  PASSED  ] 1 test.

Repeating all tests (iteration 95) . . .

Note: Google Test filter = HvfIntelProbe.FiniteDeadline
[==========] Running 1 test from 1 test suite.
[----------] 1 test from HvfIntelProbe
[ RUN      ] HvfIntelProbe.FiniteDeadline
INTEL_PROBE phase=executor_initialization
INTEL_PROBE phase=executor_retained
INTEL_PROBE phase=startup_probe
INTEL_PROBE phase=prepare_with_transport
INTEL_PROBE witness_budget mach_start=1889738973099 mach_end=1891737986750 remaining_ns=1999013651 timebase_numer=1 timebase_denom=1 max_calls=4096
INTEL_PROBE begin=finite_loop call=1 deadline=1889743991256 rip=65537 nonce=1889737658583 witness=0
INTEL_PROBE end=finite_loop call=1 status=0 mach_before=1889738996126 mach_after=1889745183982
INTEL_PROBE capture=finite_loop call=1 exec_before=1069504 exec_after=6921861 reason_before=37 reason=52 rip_before=65537 rip=65540 rax=1889737658583 nonce=1889737658583 witness=1889737658583
INTEL_PROBE phase=prepare_with_transport
INTEL_PROBE begin=expired_mtf call=2 deadline=0 rip=65543 nonce=1889745343865 witness=0
INTEL_PROBE end=expired_mtf call=2 status=0 mach_before=1889747260083 mach_after=1889747305623
INTEL_PROBE capture=expired_mtf call=2 exec_before=7315919 exec_after=7358567 reason_before=37 reason=52 rip_before=65543 rip=65543 rax=1889745343865 nonce=1889745343865 witness=0
INTEL_PROBE phase=prepare_with_transport
INTEL_PROBE begin=finite_mtf call=3 deadline=1889753637794 rip=65543 nonce=1889747364698 witness=0
INTEL_PROBE end=finite_mtf call=3 status=0 mach_before=1889748653774 mach_after=1889749182568
INTEL_PROBE capture=finite_mtf call=3 exec_before=7694936 exec_after=8099507 reason_before=37 reason=37 rip_before=65543 rip=65546 rax=1889747364699 nonce=1889747364698 witness=0
INTEL_PROBE phase=verified_retry
INTEL_PROBE phase=prepare_with_transport
INTEL_PROBE phase=finite_retirement
INTEL_LIFECYCLE phase=vcpu_destroy_begin generation=95 owner=98184
INTEL_LIFECYCLE phase=vcpu_destroy_end generation=95 owner=98184
INTEL_LIFECYCLE phase=vm_destroy_begin generation=95 owner=98184
INTEL_LIFECYCLE phase=vm_destroy_end generation=95 owner=98184
INTEL_LIFECYCLE phase=vm_create_begin generation=96 owner=98184
INTEL_LIFECYCLE phase=vm_create_end generation=96 owner=98184
INTEL_LIFECYCLE phase=vcpu_create_begin generation=96 owner=98184
INTEL_LIFECYCLE phase=vcpu_create_end generation=96 owner=98184
[       OK ] HvfIntelProbe.FiniteDeadline (20 ms)
[----------] 1 test from HvfIntelProbe (20 ms total)

[==========] 1 test from 1 test suite ran. (20 ms total)
[  PASSED  ] 1 test.

Repeating all tests (iteration 96) . . .

Note: Google Test filter = HvfIntelProbe.FiniteDeadline
[==========] Running 1 test from 1 test suite.
[----------] 1 test from HvfIntelProbe
[ RUN      ] HvfIntelProbe.FiniteDeadline
INTEL_PROBE phase=executor_initialization
INTEL_PROBE phase=executor_retained
INTEL_PROBE phase=startup_probe
INTEL_PROBE phase=prepare_with_transport
INTEL_PROBE witness_budget mach_start=1889760204897 mach_end=1891758930497 remaining_ns=1998725600 timebase_numer=1 timebase_denom=1 max_calls=4096
INTEL_PROBE begin=finite_loop call=1 deadline=1889765226292 rip=65537 nonce=1889758605343 witness=0
INTEL_PROBE end=finite_loop call=1 status=0 mach_before=1889760230957 mach_after=1889766100839
INTEL_PROBE capture=finite_loop call=1 exec_before=1153109 exec_after=6814286 reason_before=37 reason=52 rip_before=65537 rip=65540 rax=1889758605343 nonce=1889758605343 witness=1889758605343
INTEL_PROBE phase=prepare_with_transport
INTEL_PROBE begin=expired_mtf call=2 deadline=0 rip=65543 nonce=1889766176316 witness=0
INTEL_PROBE end=expired_mtf call=2 status=0 mach_before=1889768083261 mach_after=1889768127718
INTEL_PROBE capture=expired_mtf call=2 exec_before=7177315 exec_after=7219278 reason_before=37 reason=52 rip_before=65543 rip=65543 rax=1889766176316 nonce=1889766176316 witness=0
INTEL_PROBE phase=prepare_with_transport
INTEL_PROBE begin=finite_mtf call=3 deadline=1889774046873 rip=65543 nonce=1889768176978 witness=0
INTEL_PROBE end=finite_mtf call=3 status=0 mach_before=1889769059093 mach_after=1889769478624
INTEL_PROBE capture=finite_mtf call=3 exec_before=7588636 exec_after=7922624 reason_before=37 reason=37 rip_before=65543 rip=65546 rax=1889768176979 nonce=1889768176978 witness=0
INTEL_PROBE phase=verified_retry
INTEL_PROBE phase=prepare_with_transport
INTEL_PROBE phase=finite_retirement
INTEL_LIFECYCLE phase=vcpu_destroy_begin generation=96 owner=98184
INTEL_LIFECYCLE phase=vcpu_destroy_end generation=96 owner=98184
INTEL_LIFECYCLE phase=vm_destroy_begin generation=96 owner=98184
INTEL_LIFECYCLE phase=vm_destroy_end generation=96 owner=98184
INTEL_LIFECYCLE phase=vm_create_begin generation=97 owner=98184
INTEL_LIFECYCLE phase=vm_create_end generation=97 owner=98184
INTEL_LIFECYCLE phase=vcpu_create_begin generation=97 owner=98184
INTEL_LIFECYCLE phase=vcpu_create_end generation=97 owner=98184
[       OK ] HvfIntelProbe.FiniteDeadline (20 ms)
[----------] 1 test from HvfIntelProbe (20 ms total)

[==========] 1 test from 1 test suite ran. (20 ms total)
[  PASSED  ] 1 test.

Repeating all tests (iteration 97) . . .

Note: Google Test filter = HvfIntelProbe.FiniteDeadline
[==========] Running 1 test from 1 test suite.
[----------] 1 test from HvfIntelProbe
[ RUN      ] HvfIntelProbe.FiniteDeadline
INTEL_PROBE phase=executor_initialization
INTEL_PROBE phase=executor_retained
INTEL_PROBE phase=startup_probe
INTEL_PROBE phase=prepare_with_transport
INTEL_PROBE witness_budget mach_start=1889780831463 mach_end=1891779744524 remaining_ns=1998913061 timebase_numer=1 timebase_denom=1 max_calls=4096
INTEL_PROBE begin=finite_loop call=1 deadline=1889785849838 rip=65537 nonce=1889779417535 witness=0
INTEL_PROBE end=finite_loop call=1 status=0 mach_before=1889780854568 mach_after=1889786293169
INTEL_PROBE capture=finite_loop call=1 exec_before=1228057 exec_after=6541509 reason_before=37 reason=52 rip_before=65537 rip=65540 rax=1889779417535 nonce=1889779417535 witness=1889779417535
INTEL_PROBE phase=prepare_with_transport
INTEL_PROBE begin=expired_mtf call=2 deadline=0 rip=65543 nonce=1889786389714 witness=0
INTEL_PROBE end=expired_mtf call=2 status=0 mach_before=1889788620910 mach_after=1889788666682
INTEL_PROBE capture=expired_mtf call=2 exec_before=6946828 exec_after=6990089 reason_before=37 reason=52 rip_before=65543 rip=65543 rax=1889786389714 nonce=1889786389714 witness=0
INTEL_PROBE phase=prepare_with_transport
INTEL_PROBE begin=finite_mtf call=3 deadline=1889794830486 rip=65543 nonce=1889788724045 witness=0
INTEL_PROBE end=finite_mtf call=3 status=0 mach_before=1889789847655 mach_after=1889790314185
INTEL_PROBE capture=finite_mtf call=3 exec_before=7378708 exec_after=7729578 reason_before=37 reason=37 rip_before=65543 rip=65546 rax=1889788724046 nonce=1889788724045 witness=0
INTEL_PROBE phase=verified_retry
INTEL_PROBE phase=prepare_with_transport
INTEL_PROBE phase=finite_retirement
INTEL_LIFECYCLE phase=vcpu_destroy_begin generation=97 owner=98184
INTEL_LIFECYCLE phase=vcpu_destroy_end generation=97 owner=98184
INTEL_LIFECYCLE phase=vm_destroy_begin generation=97 owner=98184
INTEL_LIFECYCLE phase=vm_destroy_end generation=97 owner=98184
INTEL_LIFECYCLE phase=vm_create_begin generation=98 owner=98184
INTEL_LIFECYCLE phase=vm_create_end generation=98 owner=98184
INTEL_LIFECYCLE phase=vcpu_create_begin generation=98 owner=98184
INTEL_LIFECYCLE phase=vcpu_create_end generation=98 owner=98184
[       OK ] HvfIntelProbe.FiniteDeadline (21 ms)
[----------] 1 test from HvfIntelProbe (21 ms total)

[==========] 1 test from 1 test suite ran. (21 ms total)
[  PASSED  ] 1 test.

Repeating all tests (iteration 98) . . .

Note: Google Test filter = HvfIntelProbe.FiniteDeadline
[==========] Running 1 test from 1 test suite.
[----------] 1 test from HvfIntelProbe
[ RUN      ] HvfIntelProbe.FiniteDeadline
INTEL_PROBE phase=executor_initialization
INTEL_PROBE phase=executor_retained
INTEL_PROBE phase=startup_probe
INTEL_PROBE phase=prepare_with_transport
INTEL_PROBE witness_budget mach_start=1889802389711 mach_end=1891801290116 remaining_ns=1998900405 timebase_numer=1 timebase_denom=1 max_calls=4096
INTEL_PROBE begin=finite_loop call=1 deadline=1889807411220 rip=65537 nonce=1889800696329 witness=0
INTEL_PROBE end=finite_loop call=1 status=0 mach_before=1889802415985 mach_after=1889808208605
INTEL_PROBE capture=finite_loop call=1 exec_before=1425873 exec_after=7036102 reason_before=37 reason=52 rip_before=65537 rip=65540 rax=1889800696329 nonce=1889800696329 witness=1889800696329
INTEL_PROBE phase=prepare_with_transport
INTEL_PROBE begin=expired_mtf call=2 deadline=0 rip=65543 nonce=1889808282104 witness=0
INTEL_PROBE end=expired_mtf call=2 status=0 mach_before=1889810553268 mach_after=1889810596535
INTEL_PROBE capture=expired_mtf call=2 exec_before=7509528 exec_after=7550510 reason_before=37 reason=52 rip_before=65543 rip=65543 rax=1889808282104 nonce=1889808282104 witness=0
INTEL_PROBE phase=prepare_with_transport
INTEL_PROBE begin=finite_mtf call=3 deadline=1889816682722 rip=65543 nonce=1889810645321 witness=0
INTEL_PROBE end=finite_mtf call=3 status=0 mach_before=1889811696097 mach_after=1889812179895
INTEL_PROBE capture=finite_mtf call=3 exec_before=7965085 exec_after=8325815 reason_before=37 reason=37 rip_before=65543 rip=65546 rax=1889810645322 nonce=1889810645321 witness=0
INTEL_PROBE phase=verified_retry
INTEL_PROBE phase=prepare_with_transport
INTEL_PROBE phase=finite_retirement
INTEL_LIFECYCLE phase=vcpu_destroy_begin generation=98 owner=98184
INTEL_LIFECYCLE phase=vcpu_destroy_end generation=98 owner=98184
INTEL_LIFECYCLE phase=vm_destroy_begin generation=98 owner=98184
INTEL_LIFECYCLE phase=vm_destroy_end generation=98 owner=98184
INTEL_LIFECYCLE phase=vm_create_begin generation=99 owner=98184
INTEL_LIFECYCLE phase=vm_create_end generation=99 owner=98184
INTEL_LIFECYCLE phase=vcpu_create_begin generation=99 owner=98184
INTEL_LIFECYCLE phase=vcpu_create_end generation=99 owner=98184
[       OK ] HvfIntelProbe.FiniteDeadline (21 ms)
[----------] 1 test from HvfIntelProbe (21 ms total)

[==========] 1 test from 1 test suite ran. (21 ms total)
[  PASSED  ] 1 test.

Repeating all tests (iteration 99) . . .

Note: Google Test filter = HvfIntelProbe.FiniteDeadline
[==========] Running 1 test from 1 test suite.
[----------] 1 test from HvfIntelProbe
[ RUN      ] HvfIntelProbe.FiniteDeadline
INTEL_PROBE phase=executor_initialization
INTEL_PROBE phase=executor_retained
INTEL_PROBE phase=startup_probe
INTEL_PROBE phase=prepare_with_transport
INTEL_PROBE witness_budget mach_start=1889823579571 mach_end=1891822163011 remaining_ns=1998583440 timebase_numer=1 timebase_denom=1 max_calls=4096
INTEL_PROBE begin=finite_loop call=1 deadline=1889828601024 rip=65537 nonce=1889821842093 witness=0
INTEL_PROBE end=finite_loop call=1 status=0 mach_before=1889823606180 mach_after=1889830010245
INTEL_PROBE capture=finite_loop call=1 exec_before=1204819 exec_after=7477375 reason_before=37 reason=52 rip_before=65537 rip=65540 rax=1889821842093 nonce=1889821842093 witness=1889821842093
INTEL_PROBE phase=prepare_with_transport
INTEL_PROBE begin=expired_mtf call=2 deadline=0 rip=65543 nonce=1889830072247 witness=0
INTEL_PROBE end=expired_mtf call=2 status=0 mach_before=1889832040217 mach_after=1889832112506
INTEL_PROBE capture=expired_mtf call=2 exec_before=7880724 exec_after=7949822 reason_before=37 reason=52 rip_before=65543 rip=65543 rax=1889830072247 nonce=1889830072247 witness=0
INTEL_PROBE phase=prepare_with_transport
INTEL_PROBE begin=finite_mtf call=3 deadline=1889837994409 rip=65543 nonce=1889832165743 witness=0
INTEL_PROBE end=finite_mtf call=3 status=0 mach_before=1889833007109 mach_after=1889833419523
INTEL_PROBE capture=finite_mtf call=3 exec_before=8281011 exec_after=8609763 reason_before=37 reason=37 rip_before=65543 rip=65546 rax=1889832165744 nonce=1889832165743 witness=0
INTEL_PROBE phase=verified_retry
INTEL_PROBE phase=prepare_with_transport
INTEL_PROBE phase=finite_retirement
INTEL_LIFECYCLE phase=vcpu_destroy_begin generation=99 owner=98184
INTEL_LIFECYCLE phase=vcpu_destroy_end generation=99 owner=98184
INTEL_LIFECYCLE phase=vm_destroy_begin generation=99 owner=98184
INTEL_LIFECYCLE phase=vm_destroy_end generation=99 owner=98184
INTEL_LIFECYCLE phase=vm_create_begin generation=100 owner=98184
INTEL_LIFECYCLE phase=vm_create_end generation=100 owner=98184
INTEL_LIFECYCLE phase=vcpu_create_begin generation=100 owner=98184
INTEL_LIFECYCLE phase=vcpu_create_end generation=100 owner=98184
[       OK ] HvfIntelProbe.FiniteDeadline (21 ms)
[----------] 1 test from HvfIntelProbe (21 ms total)

[==========] 1 test from 1 test suite ran. (21 ms total)
[  PASSED  ] 1 test.

Repeating all tests (iteration 100) . . .

Note: Google Test filter = HvfIntelProbe.FiniteDeadline
[==========] Running 1 test from 1 test suite.
[----------] 1 test from HvfIntelProbe
[ RUN      ] HvfIntelProbe.FiniteDeadline
INTEL_PROBE phase=executor_initialization
INTEL_PROBE phase=executor_retained
INTEL_PROBE phase=startup_probe
INTEL_PROBE phase=prepare_with_transport
INTEL_PROBE witness_budget mach_start=1889912045913 mach_end=1891909404758 remaining_ns=1997358845 timebase_numer=1 timebase_denom=1 max_calls=4096
INTEL_PROBE begin=finite_loop call=1 deadline=1889917071540 rip=65537 nonce=1889908578518 witness=0
INTEL_PROBE end=finite_loop call=1 status=0 mach_before=1889912078116 mach_after=1889914277181
INTEL_PROBE capture=finite_loop call=1 exec_before=2934264 exec_after=4279809 reason_before=37 reason=1 rip_before=65537 rip=65540 rax=1889908578518 nonce=1889908578518 witness=1889908578518
INTEL_PROBE begin=finite_loop call=2 deadline=1889917071540 rip=65540 nonce=1889908578518 witness=1889908578518
INTEL_PROBE end=finite_loop call=2 status=0 mach_before=1889914330055 mach_after=1889914416598
INTEL_PROBE capture=finite_loop call=2 exec_before=4279809 exec_after=4349317 reason_before=1 reason=1 rip_before=65540 rip=65540 rax=1889908578518 nonce=1889908578518 witness=1889908578518
INTEL_PROBE begin=finite_loop call=3 deadline=1889917071540 rip=65540 nonce=1889908578518 witness=1889908578518
INTEL_PROBE end=finite_loop call=3 status=0 mach_before=1889914434815 mach_after=1889914566759
INTEL_PROBE capture=finite_loop call=3 exec_before=4349317 exec_after=4417519 reason_before=1 reason=1 rip_before=65540 rip=65540 rax=1889908578518 nonce=1889908578518 witness=1889908578518
INTEL_PROBE begin=finite_loop call=4 deadline=1889917071540 rip=65540 nonce=1889908578518 witness=1889908578518
INTEL_PROBE end=finite_loop call=4 status=0 mach_before=1889914592203 mach_after=1889915470463
INTEL_PROBE capture=finite_loop call=4 exec_before=4417519 exec_after=5006554 reason_before=1 reason=1 rip_before=65540 rip=65540 rax=1889908578518 nonce=1889908578518 witness=1889908578518
INTEL_PROBE begin=finite_loop call=5 deadline=1889917071540 rip=65540 nonce=1889908578518 witness=1889908578518
INTEL_PROBE end=finite_loop call=5 status=0 mach_before=1889915768502 mach_after=1889916154256
INTEL_PROBE capture=finite_loop call=5 exec_before=5006554 exec_after=5219509 reason_before=1 reason=1 rip_before=65540 rip=65540 rax=1889908578518 nonce=1889908578518 witness=1889908578518
INTEL_PROBE begin=finite_loop call=6 deadline=1889917071540 rip=65540 nonce=1889908578518 witness=1889908578518
INTEL_PROBE end=finite_loop call=6 status=0 mach_before=1889916803321 mach_after=1889917507489
INTEL_PROBE capture=finite_loop call=6 exec_before=5219509 exec_after=5298525 reason_before=1 reason=1 rip_before=65540 rip=65540 rax=1889908578518 nonce=1889908578518 witness=1889908578518
INTEL_PROBE begin=finite_loop call=7 deadline=1889917071540 rip=65540 nonce=1889908578518 witness=1889908578518
INTEL_PROBE end=finite_loop call=7 status=0 mach_before=1889917559564 mach_after=1889917700545
INTEL_PROBE capture=finite_loop call=7 exec_before=5298525 exec_after=5421913 reason_before=1 reason=52 rip_before=65540 rip=65540 rax=1889908578518 nonce=1889908578518 witness=1889908578518
INTEL_PROBE phase=prepare_with_transport
INTEL_PROBE begin=expired_mtf call=8 deadline=0 rip=65543 nonce=1889917757042 witness=0
INTEL_PROBE end=expired_mtf call=8 status=0 mach_before=1889925498819 mach_after=1889925803657
INTEL_PROBE capture=expired_mtf call=8 exec_before=6139875 exec_after=6231374 reason_before=37 reason=52 rip_before=65543 rip=65543 rax=1889917757042 nonce=1889917757042 witness=0
INTEL_PROBE phase=prepare_with_transport
INTEL_PROBE begin=finite_mtf call=9 deadline=1889938082826 rip=65543 nonce=1889925875684 witness=0
INTEL_PROBE end=finite_mtf call=9 status=0 mach_before=1889933109319 mach_after=1889934324012
INTEL_PROBE capture=finite_mtf call=9 exec_before=6677234 exec_after=7165329 reason_before=37 reason=37 rip_before=65543 rip=65546 rax=1889925875685 nonce=1889925875684 witness=0
INTEL_PROBE phase=verified_retry
INTEL_PROBE phase=prepare_with_transport
INTEL_PROBE phase=finite_retirement
INTEL_LIFECYCLE phase=vcpu_destroy_begin generation=100 owner=98184
INTEL_LIFECYCLE phase=vcpu_destroy_end generation=100 owner=98184
INTEL_LIFECYCLE phase=vm_destroy_begin generation=100 owner=98184
INTEL_LIFECYCLE phase=vm_destroy_end generation=100 owner=98184
INTEL_LIFECYCLE phase=vm_create_begin generation=101 owner=98184
INTEL_LIFECYCLE phase=vm_create_end generation=101 owner=98184
INTEL_LIFECYCLE phase=vcpu_create_begin generation=101 owner=98184
INTEL_LIFECYCLE phase=vcpu_create_end generation=101 owner=98184
[       OK ] HvfIntelProbe.FiniteDeadline (120 ms)
[----------] 1 test from HvfIntelProbe (120 ms total)

[==========] 1 test from 1 test suite ran. (120 ms total)
[  PASSED  ] 1 test.

Repeating all tests (iteration 101) . . .

Note: Google Test filter = HvfIntelProbe.FiniteDeadline
[==========] Running 1 test from 1 test suite.
[----------] 1 test from HvfIntelProbe
[ RUN      ] HvfIntelProbe.FiniteDeadline
INTEL_PROBE phase=executor_initialization
INTEL_PROBE phase=executor_retained
INTEL_PROBE phase=startup_probe
INTEL_PROBE phase=prepare_with_transport
INTEL_PROBE witness_budget mach_start=1889964428475 mach_end=1891963253940 remaining_ns=1998825465 timebase_numer=1 timebase_denom=1 max_calls=4096
INTEL_PROBE begin=finite_loop call=1 deadline=1889969445359 rip=65537 nonce=1889962856995 witness=0
INTEL_PROBE end=finite_loop call=1 status=0 mach_before=1889964450070 mach_after=1889972600172
INTEL_PROBE capture=finite_loop call=1 exec_before=1041918 exec_after=8964332 reason_before=37 reason=52 rip_before=65537 rip=65540 rax=1889962856995 nonce=1889962856995 witness=1889962856995
INTEL_PROBE phase=prepare_with_transport
INTEL_PROBE begin=expired_mtf call=2 deadline=0 rip=65543 nonce=1889972676222 witness=0
INTEL_PROBE end=expired_mtf call=2 status=0 mach_before=1889974662671 mach_after=1889974718697
INTEL_PROBE capture=expired_mtf call=2 exec_before=9427604 exec_after=9480547 reason_before=37 reason=52 rip_before=65543 rip=65543 rax=1889972676222 nonce=1889972676222 witness=0
INTEL_PROBE phase=prepare_with_transport
INTEL_PROBE begin=finite_mtf call=3 deadline=1889980772239 rip=65543 nonce=1889974772843 witness=0
INTEL_PROBE end=finite_mtf call=3 status=0 mach_before=1889975789784 mach_after=1889976300435
INTEL_PROBE capture=finite_mtf call=3 exec_before=9873623 exec_after=10267705 reason_before=37 reason=37 rip_before=65543 rip=65546 rax=1889974772844 nonce=1889974772843 witness=0
INTEL_PROBE phase=verified_retry
INTEL_PROBE phase=prepare_with_transport
INTEL_PROBE phase=finite_retirement
INTEL_LIFECYCLE phase=vcpu_destroy_begin generation=101 owner=98184
INTEL_LIFECYCLE phase=vcpu_destroy_end generation=101 owner=98184
INTEL_LIFECYCLE phase=vm_destroy_begin generation=101 owner=98184
INTEL_LIFECYCLE phase=vm_destroy_end generation=101 owner=98184
INTEL_LIFECYCLE phase=vm_create_begin generation=102 owner=98184
INTEL_LIFECYCLE phase=vm_create_end generation=102 owner=98184
INTEL_LIFECYCLE phase=vcpu_create_begin generation=102 owner=98184
INTEL_LIFECYCLE phase=vcpu_create_end generation=102 owner=98184
[       OK ] HvfIntelProbe.FiniteDeadline (22 ms)
[----------] 1 test from HvfIntelProbe (22 ms total)

[==========] 1 test from 1 test suite ran. (22 ms total)
[  PASSED  ] 1 test.

Repeating all tests (iteration 102) . . .

Note: Google Test filter = HvfIntelProbe.FiniteDeadline
[==========] Running 1 test from 1 test suite.
[----------] 1 test from HvfIntelProbe
[ RUN      ] HvfIntelProbe.FiniteDeadline
INTEL_PROBE phase=executor_initialization
INTEL_PROBE phase=executor_retained
INTEL_PROBE phase=startup_probe
INTEL_PROBE phase=prepare_with_transport
INTEL_PROBE witness_budget mach_start=1889987192004 mach_end=1891986479473 remaining_ns=1999287469 timebase_numer=1 timebase_denom=1 max_calls=4096
INTEL_PROBE begin=finite_loop call=1 deadline=1889992216186 rip=65537 nonce=1889986017338 witness=0
INTEL_PROBE end=finite_loop call=1 status=0 mach_before=1889987221124 mach_after=1889991268035
INTEL_PROBE capture=finite_loop call=1 exec_before=1264152 exec_after=5185111 reason_before=37 reason=1 rip_before=65537 rip=65540 rax=1889986017338 nonce=1889986017338 witness=1889986017338
INTEL_PROBE begin=finite_loop call=2 deadline=1889992216186 rip=65540 nonce=1889986017338 witness=1889986017338
INTEL_PROBE end=finite_loop call=2 status=0 mach_before=1889991304486 mach_after=1889992262912
INTEL_PROBE capture=finite_loop call=2 exec_before=5185111 exec_after=6139166 reason_before=1 reason=52 rip_before=65540 rip=65540 rax=1889986017338 nonce=1889986017338 witness=1889986017338
INTEL_PROBE phase=prepare_with_transport
INTEL_PROBE begin=expired_mtf call=3 deadline=0 rip=65543 nonce=1889992320496 witness=0
INTEL_PROBE end=expired_mtf call=3 status=0 mach_before=1889994040234 mach_after=1889994089280
INTEL_PROBE capture=expired_mtf call=3 exec_before=6548139 exec_after=6594582 reason_before=37 reason=52 rip_before=65543 rip=65543 rax=1889992320496 nonce=1889992320496 witness=0
INTEL_PROBE phase=prepare_with_transport
INTEL_PROBE begin=finite_mtf call=4 deadline=1890000623267 rip=65543 nonce=1889994144285 witness=0
INTEL_PROBE end=finite_mtf call=4 status=0 mach_before=1889995651073 mach_after=1889996093424
INTEL_PROBE capture=finite_mtf call=4 exec_before=6994864 exec_after=7326571 reason_before=37 reason=37 rip_before=65543 rip=65546 rax=1889994144286 nonce=1889994144285 witness=0
INTEL_PROBE phase=verified_retry
INTEL_PROBE phase=prepare_with_transport
INTEL_PROBE phase=finite_retirement
INTEL_LIFECYCLE phase=vcpu_destroy_begin generation=102 owner=98184
INTEL_LIFECYCLE phase=vcpu_destroy_end generation=102 owner=98184
INTEL_LIFECYCLE phase=vm_destroy_begin generation=102 owner=98184
INTEL_LIFECYCLE phase=vm_destroy_end generation=102 owner=98184
INTEL_LIFECYCLE phase=vm_create_begin generation=103 owner=98184
INTEL_LIFECYCLE phase=vm_create_end generation=103 owner=98184
INTEL_LIFECYCLE phase=vcpu_create_begin generation=103 owner=98184
INTEL_LIFECYCLE phase=vcpu_create_end generation=103 owner=98184
[       OK ] HvfIntelProbe.FiniteDeadline (19 ms)
[----------] 1 test from HvfIntelProbe (19 ms total)

[==========] 1 test from 1 test suite ran. (19 ms total)
[  PASSED  ] 1 test.

Repeating all tests (iteration 103) . . .

Note: Google Test filter = HvfIntelProbe.FiniteDeadline
[==========] Running 1 test from 1 test suite.
[----------] 1 test from HvfIntelProbe
[ RUN      ] HvfIntelProbe.FiniteDeadline
INTEL_PROBE phase=executor_initialization
INTEL_PROBE phase=executor_retained
INTEL_PROBE phase=startup_probe
INTEL_PROBE phase=prepare_with_transport
INTEL_PROBE witness_budget mach_start=1890007654484 mach_end=1892006513723 remaining_ns=1998859239 timebase_numer=1 timebase_denom=1 max_calls=4096
INTEL_PROBE begin=finite_loop call=1 deadline=1890012672302 rip=65537 nonce=1890006200480 witness=0
INTEL_PROBE end=finite_loop call=1 status=0 mach_before=1890007676874 mach_after=1890014580340
INTEL_PROBE capture=finite_loop call=1 exec_before=1049443 exec_after=7828254 reason_before=37 reason=52 rip_before=65537 rip=65540 rax=1890006200480 nonce=1890006200480 witness=1890006200480
INTEL_PROBE phase=prepare_with_transport
INTEL_PROBE begin=expired_mtf call=2 deadline=0 rip=65543 nonce=1890014653027 witness=0
INTEL_PROBE end=expired_mtf call=2 status=0 mach_before=1890016605208 mach_after=1890016686708
INTEL_PROBE capture=expired_mtf call=2 exec_before=8187886 exec_after=8266131 reason_before=37 reason=52 rip_before=65543 rip=65543 rax=1890014653027 nonce=1890014653027 witness=0
INTEL_PROBE phase=prepare_with_transport
INTEL_PROBE begin=finite_mtf call=3 deadline=1890022721768 rip=65543 nonce=1890016740110 witness=0
INTEL_PROBE end=finite_mtf call=3 status=0 mach_before=1890017737175 mach_after=1890018219396
INTEL_PROBE capture=finite_mtf call=3 exec_before=8601728 exec_after=8977408 reason_before=37 reason=37 rip_before=65543 rip=65546 rax=1890016740111 nonce=1890016740110 witness=0
INTEL_PROBE phase=verified_retry
INTEL_PROBE phase=prepare_with_transport
INTEL_PROBE phase=finite_retirement
INTEL_LIFECYCLE phase=vcpu_destroy_begin generation=103 owner=98184
INTEL_LIFECYCLE phase=vcpu_destroy_end generation=103 owner=98184
INTEL_LIFECYCLE phase=vm_destroy_begin generation=103 owner=98184
INTEL_LIFECYCLE phase=vm_destroy_end generation=103 owner=98184
INTEL_LIFECYCLE phase=vm_create_begin generation=104 owner=98184
INTEL_LIFECYCLE phase=vm_create_end generation=104 owner=98184
INTEL_LIFECYCLE phase=vcpu_create_begin generation=104 owner=98184
INTEL_LIFECYCLE phase=vcpu_create_end generation=104 owner=98184
[       OK ] HvfIntelProbe.FiniteDeadline (21 ms)
[----------] 1 test from HvfIntelProbe (21 ms total)

[==========] 1 test from 1 test suite ran. (21 ms total)
[  PASSED  ] 1 test.

Repeating all tests (iteration 104) . . .

Note: Google Test filter = HvfIntelProbe.FiniteDeadline
[==========] Running 1 test from 1 test suite.
[----------] 1 test from HvfIntelProbe
[ RUN      ] HvfIntelProbe.FiniteDeadline
INTEL_PROBE phase=executor_initialization
INTEL_PROBE phase=executor_retained
INTEL_PROBE phase=startup_probe
INTEL_PROBE phase=prepare_with_transport
INTEL_PROBE witness_budget mach_start=1890030099880 mach_end=1892029003256 remaining_ns=1998903376 timebase_numer=1 timebase_denom=1 max_calls=4096
INTEL_PROBE begin=finite_loop call=1 deadline=1890035128714 rip=65537 nonce=1890028663737 witness=0
INTEL_PROBE end=finite_loop call=1 status=0 mach_before=1890030134217 mach_after=1890037104983
INTEL_PROBE capture=finite_loop call=1 exec_before=1507539 exec_after=8321098 reason_before=37 reason=1 rip_before=65537 rip=65540 rax=1890028663737 nonce=1890028663737 witness=1890028663737
INTEL_PROBE begin=finite_loop call=2 deadline=1890035128714 rip=65540 nonce=1890028663737 witness=1890028663737
INTEL_PROBE end=finite_loop call=2 status=0 mach_before=1890037138605 mach_after=1890037183175
INTEL_PROBE capture=finite_loop call=2 exec_before=8321098 exec_after=8362653 reason_before=1 reason=52 rip_before=65540 rip=65540 rax=1890028663737 nonce=1890028663737 witness=1890028663737
INTEL_PROBE phase=prepare_with_transport
INTEL_PROBE begin=expired_mtf call=3 deadline=0 rip=65543 nonce=1890037236277 witness=0
INTEL_PROBE end=expired_mtf call=3 status=0 mach_before=1890039162319 mach_after=1890039250360
INTEL_PROBE capture=expired_mtf call=3 exec_before=8715116 exec_after=8799291 reason_before=37 reason=52 rip_before=65543 rip=65543 rax=1890037236277 nonce=1890037236277 witness=0
INTEL_PROBE phase=prepare_with_transport
INTEL_PROBE begin=finite_mtf call=4 deadline=1890045840485 rip=65543 nonce=1890039313561 witness=0
INTEL_PROBE end=finite_mtf call=4 status=0 mach_before=1890040865244 mach_after=1890041426489
INTEL_PROBE capture=finite_mtf call=4 exec_before=9392742 exec_after=9809658 reason_before=37 reason=37 rip_before=65543 rip=65546 rax=1890039313562 nonce=1890039313561 witness=0
INTEL_PROBE phase=verified_retry
INTEL_PROBE phase=prepare_with_transport
INTEL_PROBE phase=finite_retirement
INTEL_LIFECYCLE phase=vcpu_destroy_begin generation=104 owner=98184
INTEL_LIFECYCLE phase=vcpu_destroy_end generation=104 owner=98184
INTEL_LIFECYCLE phase=vm_destroy_begin generation=104 owner=98184
INTEL_LIFECYCLE phase=vm_destroy_end generation=104 owner=98184
INTEL_LIFECYCLE phase=vm_create_begin generation=105 owner=98184
INTEL_LIFECYCLE phase=vm_create_end generation=105 owner=98184
INTEL_LIFECYCLE phase=vcpu_create_begin generation=105 owner=98184
INTEL_LIFECYCLE phase=vcpu_create_end generation=105 owner=98184
[       OK ] HvfIntelProbe.FiniteDeadline (23 ms)
[----------] 1 test from HvfIntelProbe (23 ms total)

[==========] 1 test from 1 test suite ran. (23 ms total)
[  PASSED  ] 1 test.

Repeating all tests (iteration 105) . . .

Note: Google Test filter = HvfIntelProbe.FiniteDeadline
[==========] Running 1 test from 1 test suite.
[----------] 1 test from HvfIntelProbe
[ RUN      ] HvfIntelProbe.FiniteDeadline
INTEL_PROBE phase=executor_initialization
INTEL_PROBE phase=executor_retained
INTEL_PROBE phase=startup_probe
INTEL_PROBE phase=prepare_with_transport
INTEL_PROBE witness_budget mach_start=1890054015316 mach_end=1892052616184 remaining_ns=1998600868 timebase_numer=1 timebase_denom=1 max_calls=4096
INTEL_PROBE begin=finite_loop call=1 deadline=1890059044480 rip=65537 nonce=1890052272239 witness=0
INTEL_PROBE end=finite_loop call=1 status=0 mach_before=1890054049909 mach_after=1890056432689
INTEL_PROBE capture=finite_loop call=1 exec_before=1258732 exec_after=3405879 reason_before=37 reason=1 rip_before=65537 rip=65540 rax=1890052272239 nonce=1890052272239 witness=1890052272239
INTEL_PROBE begin=finite_loop call=2 deadline=1890059044480 rip=65540 nonce=1890052272239 witness=1890052272239
INTEL_PROBE end=finite_loop call=2 status=0 mach_before=1890056479377 mach_after=1890056788490
INTEL_PROBE capture=finite_loop call=2 exec_before=3405879 exec_after=3684522 reason_before=1 reason=1 rip_before=65540 rip=65540 rax=1890052272239 nonce=1890052272239 witness=1890052272239
INTEL_PROBE begin=finite_loop call=3 deadline=1890059044480 rip=65540 nonce=1890052272239 witness=1890052272239
INTEL_PROBE end=finite_loop call=3 status=0 mach_before=1890057242610 mach_after=1890057541620
INTEL_PROBE capture=finite_loop call=3 exec_before=3684522 exec_after=3884771 reason_before=1 reason=1 rip_before=65540 rip=65540 rax=1890052272239 nonce=1890052272239 witness=1890052272239
INTEL_PROBE begin=finite_loop call=4 deadline=1890059044480 rip=65540 nonce=1890052272239 witness=1890052272239
INTEL_PROBE end=finite_loop call=4 status=0 mach_before=1890058340308 mach_after=1890058622103
INTEL_PROBE capture=finite_loop call=4 exec_before=3884771 exec_after=4086479 reason_before=1 reason=1 rip_before=65540 rip=65540 rax=1890052272239 nonce=1890052272239 witness=1890052272239
INTEL_PROBE begin=finite_loop call=5 deadline=1890059044480 rip=65540 nonce=1890052272239 witness=1890052272239
INTEL_PROBE end=finite_loop call=5 status=0 mach_before=1890058680797 mach_after=1890058878326
INTEL_PROBE capture=finite_loop call=5 exec_before=4086479 exec_after=4234288 reason_before=1 reason=1 rip_before=65540 rip=65540 rax=1890052272239 nonce=1890052272239 witness=1890052272239
INTEL_PROBE begin=finite_loop call=6 deadline=1890059044480 rip=65540 nonce=1890052272239 witness=1890052272239
INTEL_PROBE end=finite_loop call=6 status=0 mach_before=1890058902086 mach_after=1890059165109
INTEL_PROBE capture=finite_loop call=6 exec_before=4234288 exec_after=4493914 reason_before=1 reason=52 rip_before=65540 rip=65540 rax=1890052272239 nonce=1890052272239 witness=1890052272239
INTEL_PROBE phase=prepare_with_transport
INTEL_PROBE begin=expired_mtf call=7 deadline=0 rip=65543 nonce=1890059274609 witness=0
INTEL_PROBE end=expired_mtf call=7 status=0 mach_before=1890065524153 mach_after=1890065646125
INTEL_PROBE capture=expired_mtf call=7 exec_before=5034266 exec_after=5082015 reason_before=37 reason=52 rip_before=65543 rip=65543 rax=1890059274609 nonce=1890059274609 witness=0
INTEL_PROBE phase=prepare_with_transport
INTEL_PROBE begin=finite_mtf call=8 deadline=1890072510885 rip=65543 nonce=1890065700677 witness=0
INTEL_PROBE end=finite_mtf call=8 status=0 mach_before=1890067601261 mach_after=1890069062043
INTEL_PROBE capture=finite_mtf call=8 exec_before=5465532 exec_after=5971165 reason_before=37 reason=37 rip_before=65543 rip=65546 rax=1890065700678 nonce=1890065700677 witness=0
INTEL_PROBE phase=verified_retry
INTEL_PROBE phase=prepare_with_transport
INTEL_PROBE phase=finite_retirement
INTEL_LIFECYCLE phase=vcpu_destroy_begin generation=105 owner=98184
INTEL_LIFECYCLE phase=vcpu_destroy_end generation=105 owner=98184
INTEL_LIFECYCLE phase=vm_destroy_begin generation=105 owner=98184
INTEL_LIFECYCLE phase=vm_destroy_end generation=105 owner=98184
INTEL_LIFECYCLE phase=vm_create_begin generation=106 owner=98184
INTEL_LIFECYCLE phase=vm_create_end generation=106 owner=98184
INTEL_LIFECYCLE phase=vcpu_create_begin generation=106 owner=98184
INTEL_LIFECYCLE phase=vcpu_create_end generation=106 owner=98184
[       OK ] HvfIntelProbe.FiniteDeadline (27 ms)
[----------] 1 test from HvfIntelProbe (28 ms total)

[==========] 1 test from 1 test suite ran. (28 ms total)
[  PASSED  ] 1 test.

Repeating all tests (iteration 106) . . .

Note: Google Test filter = HvfIntelProbe.FiniteDeadline
[==========] Running 1 test from 1 test suite.
[----------] 1 test from HvfIntelProbe
[ RUN      ] HvfIntelProbe.FiniteDeadline
INTEL_PROBE phase=executor_initialization
INTEL_PROBE phase=executor_retained
INTEL_PROBE phase=startup_probe
INTEL_PROBE phase=prepare_with_transport
INTEL_PROBE witness_budget mach_start=1890080924466 mach_end=1892079530235 remaining_ns=1998605769 timebase_numer=1 timebase_denom=1 max_calls=4096
INTEL_PROBE begin=finite_loop call=1 deadline=1890085969811 rip=65537 nonce=1890079214898 witness=0
INTEL_PROBE end=finite_loop call=1 status=0 mach_before=1890080979958 mach_after=1890086080184
INTEL_PROBE capture=finite_loop call=1 exec_before=1108297 exec_after=6072868 reason_before=37 reason=52 rip_before=65537 rip=65540 rax=1890079214898 nonce=1890079214898 witness=1890079214898
INTEL_PROBE phase=prepare_with_transport
INTEL_PROBE begin=expired_mtf call=2 deadline=0 rip=65543 nonce=1890086160695 witness=0
INTEL_PROBE end=expired_mtf call=2 status=0 mach_before=1890087999442 mach_after=1890088042576
INTEL_PROBE capture=expired_mtf call=2 exec_before=6408019 exec_after=6448810 reason_before=37 reason=52 rip_before=65543 rip=65543 rax=1890086160695 nonce=1890086160695 witness=0
INTEL_PROBE phase=prepare_with_transport
INTEL_PROBE begin=finite_mtf call=3 deadline=1890093971526 rip=65543 nonce=1890088090903 witness=0
INTEL_PROBE end=finite_mtf call=3 status=0 mach_before=1890088987915 mach_after=1890089411969
INTEL_PROBE capture=finite_mtf call=3 exec_before=6791416 exec_after=7127872 reason_before=37 reason=37 rip_before=65543 rip=65546 rax=1890088090904 nonce=1890088090903 witness=0
INTEL_PROBE phase=verified_retry
INTEL_PROBE phase=prepare_with_transport
INTEL_PROBE phase=finite_retirement
INTEL_LIFECYCLE phase=vcpu_destroy_begin generation=106 owner=98184
INTEL_LIFECYCLE phase=vcpu_destroy_end generation=106 owner=98184
INTEL_LIFECYCLE phase=vm_destroy_begin generation=106 owner=98184
INTEL_LIFECYCLE phase=vm_destroy_end generation=106 owner=98184
INTEL_LIFECYCLE phase=vm_create_begin generation=107 owner=98184
INTEL_LIFECYCLE phase=vm_create_end generation=107 owner=98184
INTEL_LIFECYCLE phase=vcpu_create_begin generation=107 owner=98184
INTEL_LIFECYCLE phase=vcpu_create_end generation=107 owner=98184
[       OK ] HvfIntelProbe.FiniteDeadline (20 ms)
[----------] 1 test from HvfIntelProbe (20 ms total)

[==========] 1 test from 1 test suite ran. (20 ms total)
[  PASSED  ] 1 test.

Repeating all tests (iteration 107) . . .

Note: Google Test filter = HvfIntelProbe.FiniteDeadline
[==========] Running 1 test from 1 test suite.
[----------] 1 test from HvfIntelProbe
[ RUN      ] HvfIntelProbe.FiniteDeadline
INTEL_PROBE phase=executor_initialization
INTEL_PROBE phase=executor_retained
INTEL_PROBE phase=startup_probe
INTEL_PROBE phase=prepare_with_transport
INTEL_PROBE witness_budget mach_start=1890100589626 mach_end=1892099361307 remaining_ns=1998771681 timebase_numer=1 timebase_denom=1 max_calls=4096
INTEL_PROBE begin=finite_loop call=1 deadline=1890105607288 rip=65537 nonce=1890099054286 witness=0
INTEL_PROBE end=finite_loop call=1 status=0 mach_before=1890100612253 mach_after=1890118345416
INTEL_PROBE capture=finite_loop call=1 exec_before=1023145 exec_after=18571949 reason_before=37 reason=52 rip_before=65537 rip=65540 rax=1890099054286 nonce=1890099054286 witness=1890099054286
INTEL_PROBE phase=prepare_with_transport
INTEL_PROBE begin=expired_mtf call=2 deadline=0 rip=65543 nonce=1890118429697 witness=0
INTEL_PROBE end=expired_mtf call=2 status=0 mach_before=1890120521774 mach_after=1890120594199
INTEL_PROBE capture=expired_mtf call=2 exec_before=18916798 exec_after=18985958 reason_before=37 reason=52 rip_before=65543 rip=65543 rax=1890118429697 nonce=1890118429697 witness=0
INTEL_PROBE phase=prepare_with_transport
INTEL_PROBE begin=finite_mtf call=3 deadline=1890126602915 rip=65543 nonce=1890120648218 witness=0
INTEL_PROBE end=finite_mtf call=3 status=0 mach_before=1890121620905 mach_after=1890122095555
INTEL_PROBE capture=finite_mtf call=3 exec_before=19320017 exec_after=19684531 reason_before=37 reason=37 rip_before=65543 rip=65546 rax=1890120648219 nonce=1890120648218 witness=0
INTEL_PROBE phase=verified_retry
INTEL_PROBE phase=prepare_with_transport
INTEL_PROBE phase=finite_retirement
INTEL_LIFECYCLE phase=vcpu_destroy_begin generation=107 owner=98184
INTEL_LIFECYCLE phase=vcpu_destroy_end generation=107 owner=98184
INTEL_LIFECYCLE phase=vm_destroy_begin generation=107 owner=98184
INTEL_LIFECYCLE phase=vm_destroy_end generation=107 owner=98184
INTEL_LIFECYCLE phase=vm_create_begin generation=108 owner=98184
INTEL_LIFECYCLE phase=vm_create_end generation=108 owner=98184
INTEL_LIFECYCLE phase=vcpu_create_begin generation=108 owner=98184
INTEL_LIFECYCLE phase=vcpu_create_end generation=108 owner=98184
[       OK ] HvfIntelProbe.FiniteDeadline (31 ms)
[----------] 1 test from HvfIntelProbe (31 ms total)

[==========] 1 test from 1 test suite ran. (31 ms total)
[  PASSED  ] 1 test.

Repeating all tests (iteration 108) . . .

Note: Google Test filter = HvfIntelProbe.FiniteDeadline
[==========] Running 1 test from 1 test suite.
[----------] 1 test from HvfIntelProbe
[ RUN      ] HvfIntelProbe.FiniteDeadline
INTEL_PROBE phase=executor_initialization
INTEL_PROBE phase=executor_retained
INTEL_PROBE phase=startup_probe
INTEL_PROBE phase=prepare_with_transport
INTEL_PROBE witness_budget mach_start=1890132289904 mach_end=1892131297517 remaining_ns=1999007613 timebase_numer=1 timebase_denom=1 max_calls=4096
INTEL_PROBE begin=finite_loop call=1 deadline=1890137306828 rip=65537 nonce=1890130836171 witness=0
INTEL_PROBE end=finite_loop call=1 status=0 mach_before=1890132311418 mach_after=1890133637165
INTEL_PROBE capture=finite_loop call=1 exec_before=1179170 exec_after=2339538 reason_before=37 reason=1 rip_before=65537 rip=65540 rax=1890130836171 nonce=1890130836171 witness=1890130836171
INTEL_PROBE begin=finite_loop call=2 deadline=1890137306828 rip=65540 nonce=1890130836171 witness=1890130836171
INTEL_PROBE end=finite_loop call=2 status=0 mach_before=1890133660124 mach_after=1890137426802
INTEL_PROBE capture=finite_loop call=2 exec_before=2339538 exec_after=5831394 reason_before=1 reason=52 rip_before=65540 rip=65540 rax=1890130836171 nonce=1890130836171 witness=1890130836171
INTEL_PROBE phase=prepare_with_transport
INTEL_PROBE begin=expired_mtf call=3 deadline=0 rip=65543 nonce=1890137516826 witness=0
INTEL_PROBE end=expired_mtf call=3 status=0 mach_before=1890139085162 mach_after=1890139142145
INTEL_PROBE capture=expired_mtf call=3 exec_before=6284348 exec_after=6337115 reason_before=37 reason=52 rip_before=65543 rip=65543 rax=1890137516826 nonce=1890137516826 witness=0
INTEL_PROBE phase=prepare_with_transport
INTEL_PROBE begin=finite_mtf call=4 deadline=1890145317347 rip=65543 nonce=1890139239926 witness=0
INTEL_PROBE end=finite_mtf call=4 status=0 mach_before=1890140335383 mach_after=1890140820759
INTEL_PROBE capture=finite_mtf call=4 exec_before=6722091 exec_after=7101246 reason_before=37 reason=37 rip_before=65543 rip=65546 rax=1890139239927 nonce=1890139239926 witness=0
INTEL_PROBE phase=verified_retry
INTEL_PROBE phase=prepare_with_transport
INTEL_PROBE phase=finite_retirement
INTEL_LIFECYCLE phase=vcpu_destroy_begin generation=108 owner=98184
INTEL_LIFECYCLE phase=vcpu_destroy_end generation=108 owner=98184
INTEL_LIFECYCLE phase=vm_destroy_begin generation=108 owner=98184
INTEL_LIFECYCLE phase=vm_destroy_end generation=108 owner=98184
INTEL_LIFECYCLE phase=vm_create_begin generation=109 owner=98184
INTEL_LIFECYCLE phase=vm_create_end generation=109 owner=98184
INTEL_LIFECYCLE phase=vcpu_create_begin generation=109 owner=98184
INTEL_LIFECYCLE phase=vcpu_create_end generation=109 owner=98184
[       OK ] HvfIntelProbe.FiniteDeadline (19 ms)
[----------] 1 test from HvfIntelProbe (19 ms total)

[==========] 1 test from 1 test suite ran. (19 ms total)
[  PASSED  ] 1 test.

Repeating all tests (iteration 109) . . .

Note: Google Test filter = HvfIntelProbe.FiniteDeadline
[==========] Running 1 test from 1 test suite.
[----------] 1 test from HvfIntelProbe
[ RUN      ] HvfIntelProbe.FiniteDeadline
INTEL_PROBE phase=executor_initialization
INTEL_PROBE phase=executor_retained
INTEL_PROBE phase=startup_probe
INTEL_PROBE phase=prepare_with_transport
INTEL_PROBE witness_budget mach_start=1890152485706 mach_end=1892151147949 remaining_ns=1998662243 timebase_numer=1 timebase_denom=1 max_calls=4096
INTEL_PROBE begin=finite_loop call=1 deadline=1890157505571 rip=65537 nonce=1890150830699 witness=0
INTEL_PROBE end=finite_loop call=1 status=0 mach_before=1890152510189 mach_after=1890165083387
INTEL_PROBE capture=finite_loop call=1 exec_before=1130049 exec_after=13565675 reason_before=37 reason=52 rip_before=65537 rip=65540 rax=1890150830699 nonce=1890150830699 witness=1890150830699
INTEL_PROBE phase=prepare_with_transport
INTEL_PROBE begin=expired_mtf call=2 deadline=0 rip=65543 nonce=1890165233239 witness=0
INTEL_PROBE end=expired_mtf call=2 status=0 mach_before=1890167442417 mach_after=1890167485507
INTEL_PROBE capture=expired_mtf call=2 exec_before=13900120 exec_after=13940914 reason_before=37 reason=52 rip_before=65543 rip=65543 rax=1890165233239 nonce=1890165233239 witness=0
INTEL_PROBE phase=prepare_with_transport
INTEL_PROBE begin=finite_mtf call=3 deadline=1890173506139 rip=65543 nonce=1890167532794 witness=0
INTEL_PROBE end=finite_mtf call=3 status=0 mach_before=1890168520224 mach_after=1890168944182
INTEL_PROBE capture=finite_mtf call=3 exec_before=14375561 exec_after=14711361 reason_before=37 reason=37 rip_before=65543 rip=65546 rax=1890167532795 nonce=1890167532794 witness=0
INTEL_PROBE phase=verified_retry
INTEL_PROBE phase=prepare_with_transport
INTEL_PROBE phase=finite_retirement
INTEL_LIFECYCLE phase=vcpu_destroy_begin generation=109 owner=98184
INTEL_LIFECYCLE phase=vcpu_destroy_end generation=109 owner=98184
INTEL_LIFECYCLE phase=vm_destroy_begin generation=109 owner=98184
INTEL_LIFECYCLE phase=vm_destroy_end generation=109 owner=98184
INTEL_LIFECYCLE phase=vm_create_begin generation=110 owner=98184
INTEL_LIFECYCLE phase=vm_create_end generation=110 owner=98184
INTEL_LIFECYCLE phase=vcpu_create_begin generation=110 owner=98184
INTEL_LIFECYCLE phase=vcpu_create_end generation=110 owner=98184
[       OK ] HvfIntelProbe.FiniteDeadline (27 ms)
[----------] 1 test from HvfIntelProbe (27 ms total)

[==========] 1 test from 1 test suite ran. (27 ms total)
[  PASSED  ] 1 test.

Repeating all tests (iteration 110) . . .

Note: Google Test filter = HvfIntelProbe.FiniteDeadline
[==========] Running 1 test from 1 test suite.
[----------] 1 test from HvfIntelProbe
[ RUN      ] HvfIntelProbe.FiniteDeadline
INTEL_PROBE phase=executor_initialization
INTEL_PROBE phase=executor_retained
INTEL_PROBE phase=startup_probe
INTEL_PROBE phase=prepare_with_transport
INTEL_PROBE witness_budget mach_start=1890179562755 mach_end=1892178123465 remaining_ns=1998560710 timebase_numer=1 timebase_denom=1 max_calls=4096
INTEL_PROBE begin=finite_loop call=1 deadline=1890184588077 rip=65537 nonce=1890177789701 witness=0
INTEL_PROBE end=finite_loop call=1 status=0 mach_before=1890179592675 mach_after=1890182402213
INTEL_PROBE capture=finite_loop call=1 exec_before=1000143 exec_after=3622133 reason_before=37 reason=1 rip_before=65537 rip=65540 rax=1890177789701 nonce=1890177789701 witness=1890177789701
INTEL_PROBE begin=finite_loop call=2 deadline=1890184588077 rip=65540 nonce=1890177789701 witness=1890177789701
INTEL_PROBE end=finite_loop call=2 status=0 mach_before=1890182468497 mach_after=1890189583545
INTEL_PROBE capture=finite_loop call=2 exec_before=3622133 exec_after=10727045 reason_before=1 reason=52 rip_before=65540 rip=65540 rax=1890177789701 nonce=1890177789701 witness=1890177789701
INTEL_PROBE phase=prepare_with_transport
INTEL_PROBE begin=expired_mtf call=3 deadline=0 rip=65543 nonce=1890189685517 witness=0
INTEL_PROBE end=expired_mtf call=3 status=0 mach_before=1890192044090 mach_after=1890192118529
INTEL_PROBE capture=expired_mtf call=3 exec_before=11222490 exec_after=11293226 reason_before=37 reason=52 rip_before=65543 rip=65543 rax=1890189685517 nonce=1890189685517 witness=0
INTEL_PROBE phase=prepare_with_transport
INTEL_PROBE begin=finite_mtf call=4 deadline=1890198353725 rip=65543 nonce=1890192195954 witness=0
INTEL_PROBE end=finite_mtf call=4 status=0 mach_before=1890193370683 mach_after=1890193964348
INTEL_PROBE capture=finite_mtf call=4 exec_before=11659004 exec_after=12082926 reason_before=37 reason=37 rip_before=65543 rip=65546 rax=1890192195955 nonce=1890192195954 witness=0
INTEL_PROBE phase=verified_retry
INTEL_PROBE phase=prepare_with_transport
INTEL_PROBE phase=finite_retirement
INTEL_LIFECYCLE phase=vcpu_destroy_begin generation=110 owner=98184
INTEL_LIFECYCLE phase=vcpu_destroy_end generation=110 owner=98184
INTEL_LIFECYCLE phase=vm_destroy_begin generation=110 owner=98184
INTEL_LIFECYCLE phase=vm_destroy_end generation=110 owner=98184
INTEL_LIFECYCLE phase=vm_create_begin generation=111 owner=98184
INTEL_LIFECYCLE phase=vm_create_end generation=111 owner=98184
INTEL_LIFECYCLE phase=vcpu_create_begin generation=111 owner=98184
INTEL_LIFECYCLE phase=vcpu_create_end generation=111 owner=98184
[       OK ] HvfIntelProbe.FiniteDeadline (25 ms)
[----------] 1 test from HvfIntelProbe (25 ms total)

[==========] 1 test from 1 test suite ran. (25 ms total)
[  PASSED  ] 1 test.

Repeating all tests (iteration 111) . . .

Note: Google Test filter = HvfIntelProbe.FiniteDeadline
[==========] Running 1 test from 1 test suite.
[----------] 1 test from HvfIntelProbe
[ RUN      ] HvfIntelProbe.FiniteDeadline
INTEL_PROBE phase=executor_initialization
INTEL_PROBE phase=executor_retained
INTEL_PROBE phase=startup_probe
INTEL_PROBE phase=prepare_with_transport
INTEL_PROBE witness_budget mach_start=1890206426332 mach_end=1892205100733 remaining_ns=1998674401 timebase_numer=1 timebase_denom=1 max_calls=4096
INTEL_PROBE begin=finite_loop call=1 deadline=1890211445055 rip=65537 nonce=1890204790471 witness=0
INTEL_PROBE end=finite_loop call=1 status=0 mach_before=1890206449612 mach_after=1890220527647
INTEL_PROBE capture=finite_loop call=1 exec_before=1211898 exec_after=15137443 reason_before=37 reason=52 rip_before=65537 rip=65540 rax=1890204790471 nonce=1890204790471 witness=1890204790471
INTEL_PROBE phase=prepare_with_transport
INTEL_PROBE begin=expired_mtf call=2 deadline=0 rip=65543 nonce=1890220621586 witness=0
INTEL_PROBE end=expired_mtf call=2 status=0 mach_before=1890222690005 mach_after=1890222733332
INTEL_PROBE capture=expired_mtf call=2 exec_before=15474098 exec_after=15515098 reason_before=37 reason=52 rip_before=65543 rip=65543 rax=1890220621586 nonce=1890220621586 witness=0
INTEL_PROBE phase=prepare_with_transport
INTEL_PROBE begin=finite_mtf call=3 deadline=1890228610442 rip=65543 nonce=1890222785087 witness=0
INTEL_PROBE end=finite_mtf call=3 status=0 mach_before=1890223622624 mach_after=1890224044754
INTEL_PROBE capture=finite_mtf call=3 exec_before=15845817 exec_after=16181114 reason_before=37 reason=37 rip_before=65543 rip=65546 rax=1890222785088 nonce=1890222785087 witness=0
INTEL_PROBE phase=verified_retry
INTEL_PROBE phase=prepare_with_transport
INTEL_PROBE phase=finite_retirement
INTEL_LIFECYCLE phase=vcpu_destroy_begin generation=111 owner=98184
INTEL_LIFECYCLE phase=vcpu_destroy_end generation=111 owner=98184
INTEL_LIFECYCLE phase=vm_destroy_begin generation=111 owner=98184
INTEL_LIFECYCLE phase=vm_destroy_end generation=111 owner=98184
INTEL_LIFECYCLE phase=vm_create_begin generation=112 owner=98184
INTEL_LIFECYCLE phase=vm_create_end generation=112 owner=98184
INTEL_LIFECYCLE phase=vcpu_create_begin generation=112 owner=98184
INTEL_LIFECYCLE phase=vcpu_create_end generation=112 owner=98184
[       OK ] HvfIntelProbe.FiniteDeadline (29 ms)
[----------] 1 test from HvfIntelProbe (29 ms total)

[==========] 1 test from 1 test suite ran. (29 ms total)
[  PASSED  ] 1 test.

Repeating all tests (iteration 112) . . .

Note: Google Test filter = HvfIntelProbe.FiniteDeadline
[==========] Running 1 test from 1 test suite.
[----------] 1 test from HvfIntelProbe
[ RUN      ] HvfIntelProbe.FiniteDeadline
INTEL_PROBE phase=executor_initialization
INTEL_PROBE phase=executor_retained
INTEL_PROBE phase=startup_probe
INTEL_PROBE phase=prepare_with_transport
INTEL_PROBE witness_budget mach_start=1890235133027 mach_end=1892233630197 remaining_ns=1998497170 timebase_numer=1 timebase_denom=1 max_calls=4096
INTEL_PROBE begin=finite_loop call=1 deadline=1890240150780 rip=65537 nonce=1890233316903 witness=0
INTEL_PROBE end=finite_loop call=1 status=0 mach_before=1890235155314 mach_after=1890236638494
INTEL_PROBE capture=finite_loop call=1 exec_before=1178222 exec_after=2424832 reason_before=37 reason=1 rip_before=65537 rip=65540 rax=1890233316903 nonce=1890233316903 witness=1890233316903
INTEL_PROBE begin=finite_loop call=2 deadline=1890240150780 rip=65540 nonce=1890233316903 witness=1890233316903
INTEL_PROBE end=finite_loop call=2 status=0 mach_before=1890236663064 mach_after=1890236927468
INTEL_PROBE capture=finite_loop call=2 exec_before=2424832 exec_after=2622101 reason_before=1 reason=1 rip_before=65540 rip=65540 rax=1890233316903 nonce=1890233316903 witness=1890233316903
INTEL_PROBE begin=finite_loop call=3 deadline=1890240150780 rip=65540 nonce=1890233316903 witness=1890233316903
INTEL_PROBE end=finite_loop call=3 status=0 mach_before=1890236947241 mach_after=1890240414619
INTEL_PROBE capture=finite_loop call=3 exec_before=2622101 exec_after=5919622 reason_before=1 reason=52 rip_before=65540 rip=65540 rax=1890233316903 nonce=1890233316903 witness=1890233316903
INTEL_PROBE phase=prepare_with_transport
INTEL_PROBE begin=expired_mtf call=4 deadline=0 rip=65543 nonce=1890240500724 witness=0
INTEL_PROBE end=expired_mtf call=4 status=0 mach_before=1890242344726 mach_after=1890242409911
INTEL_PROBE capture=expired_mtf call=4 exec_before=6340116 exec_after=6402317 reason_before=37 reason=52 rip_before=65543 rip=65543 rax=1890240500724 nonce=1890240500724 witness=0
INTEL_PROBE phase=prepare_with_transport
INTEL_PROBE begin=finite_mtf call=5 deadline=1890248360531 rip=65543 nonce=1890242462934 witness=0
INTEL_PROBE end=finite_mtf call=5 status=0 mach_before=1890243373247 mach_after=1890243838539
INTEL_PROBE capture=finite_mtf call=5 exec_before=6785157 exec_after=7162678 reason_before=37 reason=37 rip_before=65543 rip=65546 rax=1890242462935 nonce=1890242462934 witness=0
INTEL_PROBE phase=verified_retry
INTEL_PROBE phase=prepare_with_transport
INTEL_PROBE phase=finite_retirement
INTEL_LIFECYCLE phase=vcpu_destroy_begin generation=112 owner=98184
INTEL_LIFECYCLE phase=vcpu_destroy_end generation=112 owner=98184
INTEL_LIFECYCLE phase=vm_destroy_begin generation=112 owner=98184
INTEL_LIFECYCLE phase=vm_destroy_end generation=112 owner=98184
INTEL_LIFECYCLE phase=vm_create_begin generation=113 owner=98184
INTEL_LIFECYCLE phase=vm_create_end generation=113 owner=98184
INTEL_LIFECYCLE phase=vcpu_create_begin generation=113 owner=98184
INTEL_LIFECYCLE phase=vcpu_create_end generation=113 owner=98184
[       OK ] HvfIntelProbe.FiniteDeadline (19 ms)
[----------] 1 test from HvfIntelProbe (19 ms total)

[==========] 1 test from 1 test suite ran. (19 ms total)
[  PASSED  ] 1 test.

Repeating all tests (iteration 113) . . .

Note: Google Test filter = HvfIntelProbe.FiniteDeadline
[==========] Running 1 test from 1 test suite.
[----------] 1 test from HvfIntelProbe
[ RUN      ] HvfIntelProbe.FiniteDeadline
INTEL_PROBE phase=executor_initialization
INTEL_PROBE phase=executor_retained
INTEL_PROBE phase=startup_probe
INTEL_PROBE phase=prepare_with_transport
INTEL_PROBE witness_budget mach_start=1890254689791 mach_end=1892253417132 remaining_ns=1998727341 timebase_numer=1 timebase_denom=1 max_calls=4096
INTEL_PROBE begin=finite_loop call=1 deadline=1890259712137 rip=65537 nonce=1890253067788 witness=0
INTEL_PROBE end=finite_loop call=1 status=0 mach_before=1890254717441 mach_after=1890259819101
INTEL_PROBE capture=finite_loop call=1 exec_before=1089656 exec_after=5649448 reason_before=37 reason=1 rip_before=65537 rip=65540 rax=1890253067788 nonce=1890253067788 witness=1890253067788
INTEL_PROBE begin=finite_loop call=2 deadline=1890259712137 rip=65540 nonce=1890253067788 witness=1890253067788
INTEL_PROBE end=finite_loop call=2 status=0 mach_before=1890259850517 mach_after=1890260063309
INTEL_PROBE capture=finite_loop call=2 exec_before=5649448 exec_after=5858448 reason_before=1 reason=52 rip_before=65540 rip=65540 rax=1890253067788 nonce=1890253067788 witness=1890253067788
INTEL_PROBE phase=prepare_with_transport
INTEL_PROBE begin=expired_mtf call=3 deadline=0 rip=65543 nonce=1890260120314 witness=0
INTEL_PROBE end=expired_mtf call=3 status=0 mach_before=1890261868167 mach_after=1890261919655
INTEL_PROBE capture=expired_mtf call=3 exec_before=6206577 exec_after=6255534 reason_before=37 reason=52 rip_before=65543 rip=65543 rax=1890260120314 nonce=1890260120314 witness=0
INTEL_PROBE phase=prepare_with_transport
INTEL_PROBE begin=finite_mtf call=4 deadline=1890268096668 rip=65543 nonce=1890261980947 witness=0
INTEL_PROBE end=finite_mtf call=4 status=0 mach_before=1890263119243 mach_after=1890263693215
INTEL_PROBE capture=finite_mtf call=4 exec_before=6606080 exec_after=7061939 reason_before=37 reason=37 rip_before=65543 rip=65546 rax=1890261980948 nonce=1890261980947 witness=0
INTEL_PROBE phase=verified_retry
INTEL_PROBE phase=prepare_with_transport
INTEL_PROBE phase=finite_retirement
INTEL_LIFECYCLE phase=vcpu_destroy_begin generation=113 owner=98184
INTEL_LIFECYCLE phase=vcpu_destroy_end generation=113 owner=98184
INTEL_LIFECYCLE phase=vm_destroy_begin generation=113 owner=98184
INTEL_LIFECYCLE phase=vm_destroy_end generation=113 owner=98184
INTEL_LIFECYCLE phase=vm_create_begin generation=114 owner=98184
INTEL_LIFECYCLE phase=vm_create_end generation=114 owner=98184
INTEL_LIFECYCLE phase=vcpu_create_begin generation=114 owner=98184
INTEL_LIFECYCLE phase=vcpu_create_end generation=114 owner=98184
[       OK ] HvfIntelProbe.FiniteDeadline (20 ms)
[----------] 1 test from HvfIntelProbe (20 ms total)

[==========] 1 test from 1 test suite ran. (20 ms total)
[  PASSED  ] 1 test.

Repeating all tests (iteration 114) . . .

Note: Google Test filter = HvfIntelProbe.FiniteDeadline
[==========] Running 1 test from 1 test suite.
[----------] 1 test from HvfIntelProbe
[ RUN      ] HvfIntelProbe.FiniteDeadline
INTEL_PROBE phase=executor_initialization
INTEL_PROBE phase=executor_retained
INTEL_PROBE phase=startup_probe
INTEL_PROBE phase=prepare_with_transport
INTEL_PROBE witness_budget mach_start=1890275473573 mach_end=1892274092030 remaining_ns=1998618457 timebase_numer=1 timebase_denom=1 max_calls=4096
INTEL_PROBE begin=finite_loop call=1 deadline=1890280491023 rip=65537 nonce=1890273759255 witness=0
INTEL_PROBE end=finite_loop call=1 status=0 mach_before=1890275495737 mach_after=1890276834472
INTEL_PROBE capture=finite_loop call=1 exec_before=1228163 exec_after=2282778 reason_before=37 reason=1 rip_before=65537 rip=65540 rax=1890273759255 nonce=1890273759255 witness=1890273759255
INTEL_PROBE begin=finite_loop call=2 deadline=1890280491023 rip=65540 nonce=1890273759255 witness=1890273759255
INTEL_PROBE end=finite_loop call=2 status=0 mach_before=1890276860196 mach_after=1890282094334
INTEL_PROBE capture=finite_loop call=2 exec_before=2282778 exec_after=7436446 reason_before=1 reason=1 rip_before=65540 rip=65540 rax=1890273759255 nonce=1890273759255 witness=1890273759255
INTEL_PROBE begin=finite_loop call=3 deadline=1890280491023 rip=65540 nonce=1890273759255 witness=1890273759255
INTEL_PROBE end=finite_loop call=3 status=0 mach_before=1890282127215 mach_after=1890282301216
INTEL_PROBE capture=finite_loop call=3 exec_before=7436446 exec_after=7605978 reason_before=1 reason=52 rip_before=65540 rip=65540 rax=1890273759255 nonce=1890273759255 witness=1890273759255
INTEL_PROBE phase=prepare_with_transport
INTEL_PROBE begin=expired_mtf call=4 deadline=0 rip=65543 nonce=1890282368529 witness=0
INTEL_PROBE end=expired_mtf call=4 status=0 mach_before=1890284515908 mach_after=1890284597408
INTEL_PROBE capture=expired_mtf call=4 exec_before=8002734 exec_after=8080678 reason_before=37 reason=52 rip_before=65543 rip=65543 rax=1890282368529 nonce=1890282368529 witness=0
INTEL_PROBE phase=prepare_with_transport
INTEL_PROBE begin=finite_mtf call=5 deadline=1890290673186 rip=65543 nonce=1890284653500 witness=0
INTEL_PROBE end=finite_mtf call=5 status=0 mach_before=1890285688274 mach_after=1890286158241
INTEL_PROBE capture=finite_mtf call=5 exec_before=8415136 exec_after=8754476 reason_before=37 reason=37 rip_before=65543 rip=65546 rax=1890284653501 nonce=1890284653500 witness=0
INTEL_PROBE phase=verified_retry
INTEL_PROBE phase=prepare_with_transport
INTEL_PROBE phase=finite_retirement
INTEL_LIFECYCLE phase=vcpu_destroy_begin generation=114 owner=98184
INTEL_LIFECYCLE phase=vcpu_destroy_end generation=114 owner=98184
INTEL_LIFECYCLE phase=vm_destroy_begin generation=114 owner=98184
INTEL_LIFECYCLE phase=vm_destroy_end generation=114 owner=98184
INTEL_LIFECYCLE phase=vm_create_begin generation=115 owner=98184
INTEL_LIFECYCLE phase=vm_create_end generation=115 owner=98184
INTEL_LIFECYCLE phase=vcpu_create_begin generation=115 owner=98184
INTEL_LIFECYCLE phase=vcpu_create_end generation=115 owner=98184
[       OK ] HvfIntelProbe.FiniteDeadline (22 ms)
[----------] 1 test from HvfIntelProbe (22 ms total)

[==========] 1 test from 1 test suite ran. (22 ms total)
[  PASSED  ] 1 test.

Repeating all tests (iteration 115) . . .

Note: Google Test filter = HvfIntelProbe.FiniteDeadline
[==========] Running 1 test from 1 test suite.
[----------] 1 test from HvfIntelProbe
[ RUN      ] HvfIntelProbe.FiniteDeadline
INTEL_PROBE phase=executor_initialization
INTEL_PROBE phase=executor_retained
INTEL_PROBE phase=startup_probe
INTEL_PROBE phase=prepare_with_transport
INTEL_PROBE witness_budget mach_start=1890297320899 mach_end=1892296076435 remaining_ns=1998755536 timebase_numer=1 timebase_denom=1 max_calls=4096
INTEL_PROBE begin=finite_loop call=1 deadline=1890302339910 rip=65537 nonce=1890295745675 witness=0
INTEL_PROBE end=finite_loop call=1 status=0 mach_before=1890297344475 mach_after=1890302385584
INTEL_PROBE capture=finite_loop call=1 exec_before=1118149 exec_after=5696326 reason_before=37 reason=52 rip_before=65537 rip=65540 rax=1890295745675 nonce=1890295745675 witness=1890295745675
INTEL_PROBE phase=prepare_with_transport
INTEL_PROBE begin=expired_mtf call=2 deadline=0 rip=65543 nonce=1890302446959 witness=0
INTEL_PROBE end=expired_mtf call=2 status=0 mach_before=1890304000947 mach_after=1890304044555
INTEL_PROBE capture=expired_mtf call=2 exec_before=6052656 exec_after=6093922 reason_before=37 reason=52 rip_before=65543 rip=65543 rax=1890302446959 nonce=1890302446959 witness=0
INTEL_PROBE phase=prepare_with_transport
INTEL_PROBE begin=finite_mtf call=3 deadline=1890310356766 rip=65543 nonce=1890304096392 witness=0
INTEL_PROBE end=finite_mtf call=3 status=0 mach_before=1890305369347 mach_after=1890305915123
INTEL_PROBE capture=finite_mtf call=3 exec_before=6438433 exec_after=6805428 reason_before=37 reason=37 rip_before=65543 rip=65546 rax=1890304096393 nonce=1890304096392 witness=0
INTEL_PROBE phase=verified_retry
INTEL_PROBE phase=prepare_with_transport
INTEL_PROBE phase=finite_retirement
INTEL_LIFECYCLE phase=vcpu_destroy_begin generation=115 owner=98184
INTEL_LIFECYCLE phase=vcpu_destroy_end generation=115 owner=98184
INTEL_LIFECYCLE phase=vm_destroy_begin generation=115 owner=98184
INTEL_LIFECYCLE phase=vm_destroy_end generation=115 owner=98184
INTEL_LIFECYCLE phase=vm_create_begin generation=116 owner=98184
INTEL_LIFECYCLE phase=vm_create_end generation=116 owner=98184
INTEL_LIFECYCLE phase=vcpu_create_begin generation=116 owner=98184
INTEL_LIFECYCLE phase=vcpu_create_end generation=116 owner=98184
[       OK ] HvfIntelProbe.FiniteDeadline (19 ms)
[----------] 1 test from HvfIntelProbe (19 ms total)

[==========] 1 test from 1 test suite ran. (19 ms total)
[  PASSED  ] 1 test.

Repeating all tests (iteration 116) . . .

Note: Google Test filter = HvfIntelProbe.FiniteDeadline
[==========] Running 1 test from 1 test suite.
[----------] 1 test from HvfIntelProbe
[ RUN      ] HvfIntelProbe.FiniteDeadline
INTEL_PROBE phase=executor_initialization
INTEL_PROBE phase=executor_retained
INTEL_PROBE phase=startup_probe
INTEL_PROBE phase=prepare_with_transport
INTEL_PROBE witness_budget mach_start=1890317857029 mach_end=1892316253140 remaining_ns=1998396111 timebase_numer=1 timebase_denom=1 max_calls=4096
INTEL_PROBE begin=finite_loop call=1 deadline=1890322874101 rip=65537 nonce=1890315930086 witness=0
INTEL_PROBE end=finite_loop call=1 status=0 mach_before=1890317878918 mach_after=1890323703220
INTEL_PROBE capture=finite_loop call=1 exec_before=1181433 exec_after=6800948 reason_before=37 reason=52 rip_before=65537 rip=65540 rax=1890315930086 nonce=1890315930086 witness=1890315930086
INTEL_PROBE phase=prepare_with_transport
INTEL_PROBE begin=expired_mtf call=2 deadline=0 rip=65543 nonce=1890323768416 witness=0
INTEL_PROBE end=expired_mtf call=2 status=0 mach_before=1890325676107 mach_after=1890325720531
INTEL_PROBE capture=expired_mtf call=2 exec_before=7145174 exec_after=7187013 reason_before=37 reason=52 rip_before=65543 rip=65543 rax=1890323768416 nonce=1890323768416 witness=0
INTEL_PROBE phase=prepare_with_transport
INTEL_PROBE begin=finite_mtf call=3 deadline=1890331659180 rip=65543 nonce=1890325800276 witness=0
INTEL_PROBE end=finite_mtf call=3 status=0 mach_before=1890326695824 mach_after=1890327111649
INTEL_PROBE capture=finite_mtf call=3 exec_before=7533294 exec_after=7862509 reason_before=37 reason=37 rip_before=65543 rip=65546 rax=1890325800277 nonce=1890325800276 witness=0
INTEL_PROBE phase=verified_retry
INTEL_PROBE phase=prepare_with_transport
INTEL_PROBE phase=finite_retirement
INTEL_LIFECYCLE phase=vcpu_destroy_begin generation=116 owner=98184
INTEL_LIFECYCLE phase=vcpu_destroy_end generation=116 owner=98184
INTEL_LIFECYCLE phase=vm_destroy_begin generation=116 owner=98184
INTEL_LIFECYCLE phase=vm_destroy_end generation=116 owner=98184
INTEL_LIFECYCLE phase=vm_create_begin generation=117 owner=98184
INTEL_LIFECYCLE phase=vm_create_end generation=117 owner=98184
INTEL_LIFECYCLE phase=vcpu_create_begin generation=117 owner=98184
INTEL_LIFECYCLE phase=vcpu_create_end generation=117 owner=98184
[       OK ] HvfIntelProbe.FiniteDeadline (20 ms)
[----------] 1 test from HvfIntelProbe (20 ms total)

[==========] 1 test from 1 test suite ran. (20 ms total)
[  PASSED  ] 1 test.

Repeating all tests (iteration 117) . . .

Note: Google Test filter = HvfIntelProbe.FiniteDeadline
[==========] Running 1 test from 1 test suite.
[----------] 1 test from HvfIntelProbe
[ RUN      ] HvfIntelProbe.FiniteDeadline
INTEL_PROBE phase=executor_initialization
INTEL_PROBE phase=executor_retained
INTEL_PROBE phase=startup_probe
INTEL_PROBE phase=prepare_with_transport
INTEL_PROBE witness_budget mach_start=1890338798735 mach_end=1892337335981 remaining_ns=1998537246 timebase_numer=1 timebase_denom=1 max_calls=4096
INTEL_PROBE begin=finite_loop call=1 deadline=1890343858096 rip=65537 nonce=1890337013224 witness=0
INTEL_PROBE end=finite_loop call=1 status=0 mach_before=1890338877744 mach_after=1890339407050
INTEL_PROBE capture=finite_loop call=1 exec_before=1316522 exec_after=1706390 reason_before=37 reason=1 rip_before=65537 rip=65540 rax=1890337013224 nonce=1890337013224 witness=1890337013224
INTEL_PROBE begin=finite_loop call=2 deadline=1890343858096 rip=65540 nonce=1890337013224 witness=1890337013224
INTEL_PROBE end=finite_loop call=2 status=0 mach_before=1890339468654 mach_after=1890350662168
INTEL_PROBE capture=finite_loop call=2 exec_before=1706390 exec_after=12878018 reason_before=1 reason=52 rip_before=65540 rip=65540 rax=1890337013224 nonce=1890337013224 witness=1890337013224
INTEL_PROBE phase=prepare_with_transport
INTEL_PROBE begin=expired_mtf call=3 deadline=0 rip=65543 nonce=1890350741860 witness=0
INTEL_PROBE end=expired_mtf call=3 status=0 mach_before=1890352569904 mach_after=1890352614334
INTEL_PROBE capture=expired_mtf call=3 exec_before=13223655 exec_after=13265650 reason_before=37 reason=52 rip_before=65543 rip=65543 rax=1890350741860 nonce=1890350741860 witness=0
INTEL_PROBE phase=prepare_with_transport
INTEL_PROBE begin=finite_mtf call=4 deadline=1890359084433 rip=65543 nonce=1890352666649 witness=0
INTEL_PROBE end=finite_mtf call=4 status=0 mach_before=1890354119394 mach_after=1890354544135
INTEL_PROBE capture=finite_mtf call=4 exec_before=13596559 exec_after=13935076 reason_before=37 reason=37 rip_before=65543 rip=65546 rax=1890352666650 nonce=1890352666649 witness=0
INTEL_PROBE phase=verified_retry
INTEL_PROBE phase=prepare_with_transport
INTEL_PROBE phase=finite_retirement
INTEL_LIFECYCLE phase=vcpu_destroy_begin generation=117 owner=98184
INTEL_LIFECYCLE phase=vcpu_destroy_end generation=117 owner=98184
INTEL_LIFECYCLE phase=vm_destroy_begin generation=117 owner=98184
INTEL_LIFECYCLE phase=vm_destroy_end generation=117 owner=98184
INTEL_LIFECYCLE phase=vm_create_begin generation=118 owner=98184
INTEL_LIFECYCLE phase=vm_create_end generation=118 owner=98184
INTEL_LIFECYCLE phase=vcpu_create_begin generation=118 owner=98184
INTEL_LIFECYCLE phase=vcpu_create_end generation=118 owner=98184
[       OK ] HvfIntelProbe.FiniteDeadline (27 ms)
[----------] 1 test from HvfIntelProbe (27 ms total)

[==========] 1 test from 1 test suite ran. (27 ms total)
[  PASSED  ] 1 test.

Repeating all tests (iteration 118) . . .

Note: Google Test filter = HvfIntelProbe.FiniteDeadline
[==========] Running 1 test from 1 test suite.
[----------] 1 test from HvfIntelProbe
[ RUN      ] HvfIntelProbe.FiniteDeadline
INTEL_PROBE phase=executor_initialization
INTEL_PROBE phase=executor_retained
INTEL_PROBE phase=startup_probe
INTEL_PROBE phase=prepare_with_transport
INTEL_PROBE witness_budget mach_start=1890365774072 mach_end=1892364490365 remaining_ns=1998716293 timebase_numer=1 timebase_denom=1 max_calls=4096
INTEL_PROBE begin=finite_loop call=1 deadline=1890370791933 rip=65537 nonce=1890364159456 witness=0
INTEL_PROBE end=finite_loop call=1 status=0 mach_before=1890365796867 mach_after=1890368204765
INTEL_PROBE capture=finite_loop call=1 exec_before=1191282 exec_after=3445213 reason_before=37 reason=1 rip_before=65537 rip=65540 rax=1890364159456 nonce=1890364159456 witness=1890364159456
INTEL_PROBE begin=finite_loop call=2 deadline=1890370791933 rip=65540 nonce=1890364159456 witness=1890364159456
INTEL_PROBE end=finite_loop call=2 status=0 mach_before=1890368231419 mach_after=1890372463380
INTEL_PROBE capture=finite_loop call=2 exec_before=3445213 exec_after=7655393 reason_before=1 reason=52 rip_before=65540 rip=65540 rax=1890364159456 nonce=1890364159456 witness=1890364159456
INTEL_PROBE phase=prepare_with_transport
INTEL_PROBE begin=expired_mtf call=3 deadline=0 rip=65543 nonce=1890372552683 witness=0
INTEL_PROBE end=expired_mtf call=3 status=0 mach_before=1890374552605 mach_after=1890374598575
INTEL_PROBE capture=expired_mtf call=3 exec_before=8027746 exec_after=8070815 reason_before=37 reason=52 rip_before=65543 rip=65543 rax=1890372552683 nonce=1890372552683 witness=0
INTEL_PROBE phase=prepare_with_transport
INTEL_PROBE begin=finite_mtf call=4 deadline=1890381028421 rip=65543 nonce=1890374651415 witness=0
INTEL_PROBE end=finite_mtf call=4 status=0 mach_before=1890376047094 mach_after=1890376550704
INTEL_PROBE capture=finite_mtf call=4 exec_before=8452748 exec_after=8821459 reason_before=37 reason=37 rip_before=65543 rip=65546 rax=1890374651416 nonce=1890374651415 witness=0
INTEL_PROBE phase=verified_retry
INTEL_PROBE phase=prepare_with_transport
INTEL_PROBE phase=finite_retirement
INTEL_LIFECYCLE phase=vcpu_destroy_begin generation=118 owner=98184
INTEL_LIFECYCLE phase=vcpu_destroy_end generation=118 owner=98184
INTEL_LIFECYCLE phase=vm_destroy_begin generation=118 owner=98184
INTEL_LIFECYCLE phase=vm_destroy_end generation=118 owner=98184
INTEL_LIFECYCLE phase=vm_create_begin generation=119 owner=98184
INTEL_LIFECYCLE phase=vm_create_end generation=119 owner=98184
INTEL_LIFECYCLE phase=vcpu_create_begin generation=119 owner=98184
INTEL_LIFECYCLE phase=vcpu_create_end generation=119 owner=98184
[       OK ] HvfIntelProbe.FiniteDeadline (21 ms)
[----------] 1 test from HvfIntelProbe (22 ms total)

[==========] 1 test from 1 test suite ran. (22 ms total)
[  PASSED  ] 1 test.

Repeating all tests (iteration 119) . . .

Note: Google Test filter = HvfIntelProbe.FiniteDeadline
[==========] Running 1 test from 1 test suite.
[----------] 1 test from HvfIntelProbe
[ RUN      ] HvfIntelProbe.FiniteDeadline
INTEL_PROBE phase=executor_initialization
INTEL_PROBE phase=executor_retained
INTEL_PROBE phase=startup_probe
INTEL_PROBE phase=prepare_with_transport
INTEL_PROBE witness_budget mach_start=1890388432142 mach_end=1892386839254 remaining_ns=1998407112 timebase_numer=1 timebase_denom=1 max_calls=4096
INTEL_PROBE begin=finite_loop call=1 deadline=1890393466803 rip=65537 nonce=1890386503429 witness=0
INTEL_PROBE end=finite_loop call=1 status=0 mach_before=1890388475147 mach_after=1890405170454
INTEL_PROBE capture=finite_loop call=1 exec_before=1189368 exec_after=17620054 reason_before=37 reason=52 rip_before=65537 rip=65540 rax=1890386503429 nonce=1890386503429 witness=1890386503429
INTEL_PROBE phase=prepare_with_transport
INTEL_PROBE begin=expired_mtf call=2 deadline=0 rip=65543 nonce=1890405265567 witness=0
INTEL_PROBE end=expired_mtf call=2 status=0 mach_before=1890407503917 mach_after=1890407547793
INTEL_PROBE capture=expired_mtf call=2 exec_before=17977119 exec_after=18018697 reason_before=37 reason=52 rip_before=65543 rip=65543 rax=1890405265567 nonce=1890405265567 witness=0
INTEL_PROBE phase=prepare_with_transport
INTEL_PROBE begin=finite_mtf call=3 deadline=1890413515580 rip=65543 nonce=1890407598977 witness=0
INTEL_PROBE end=finite_mtf call=3 status=0 mach_before=1890408531209 mach_after=1890408994865
INTEL_PROBE capture=finite_mtf call=3 exec_before=18397443 exec_after=18756440 reason_before=37 reason=37 rip_before=65543 rip=65546 rax=1890407598978 nonce=1890407598977 witness=0
INTEL_PROBE phase=verified_retry
INTEL_PROBE phase=prepare_with_transport
INTEL_PROBE phase=finite_retirement
INTEL_LIFECYCLE phase=vcpu_destroy_begin generation=119 owner=98184
INTEL_LIFECYCLE phase=vcpu_destroy_end generation=119 owner=98184
INTEL_LIFECYCLE phase=vm_destroy_begin generation=119 owner=98184
INTEL_LIFECYCLE phase=vm_destroy_end generation=119 owner=98184
INTEL_LIFECYCLE phase=vm_create_begin generation=120 owner=98184
INTEL_LIFECYCLE phase=vm_create_end generation=120 owner=98184
INTEL_LIFECYCLE phase=vcpu_create_begin generation=120 owner=98184
INTEL_LIFECYCLE phase=vcpu_create_end generation=120 owner=98184
[       OK ] HvfIntelProbe.FiniteDeadline (32 ms)
[----------] 1 test from HvfIntelProbe (32 ms total)

[==========] 1 test from 1 test suite ran. (32 ms total)
[  PASSED  ] 1 test.

Repeating all tests (iteration 120) . . .

Note: Google Test filter = HvfIntelProbe.FiniteDeadline
[==========] Running 1 test from 1 test suite.
[----------] 1 test from HvfIntelProbe
[ RUN      ] HvfIntelProbe.FiniteDeadline
INTEL_PROBE phase=executor_initialization
INTEL_PROBE phase=executor_retained
INTEL_PROBE phase=startup_probe
INTEL_PROBE phase=prepare_with_transport
INTEL_PROBE witness_budget mach_start=1890420383337 mach_end=1892419289316 remaining_ns=1998905979 timebase_numer=1 timebase_denom=1 max_calls=4096
INTEL_PROBE begin=finite_loop call=1 deadline=1890425400694 rip=65537 nonce=1890418968125 witness=0
INTEL_PROBE end=finite_loop call=1 status=0 mach_before=1890420405480 mach_after=1890434289957
INTEL_PROBE capture=finite_loop call=1 exec_before=1857788 exec_after=15612415 reason_before=37 reason=52 rip_before=65537 rip=65540 rax=1890418968125 nonce=1890418968125 witness=1890418968125
INTEL_PROBE phase=prepare_with_transport
INTEL_PROBE begin=expired_mtf call=2 deadline=0 rip=65543 nonce=1890434360983 witness=0
INTEL_PROBE end=expired_mtf call=2 status=0 mach_before=1890436330237 mach_after=1890436374546
INTEL_PROBE capture=expired_mtf call=2 exec_before=15950513 exec_after=15992631 reason_before=37 reason=52 rip_before=65543 rip=65543 rax=1890434360983 nonce=1890434360983 witness=0
INTEL_PROBE phase=prepare_with_transport
INTEL_PROBE begin=finite_mtf call=3 deadline=1890442439466 rip=65543 nonce=1890436437288 witness=0
INTEL_PROBE end=finite_mtf call=3 status=0 mach_before=1890437451396 mach_after=1890437876450
INTEL_PROBE capture=finite_mtf call=3 exec_before=16348928 exec_after=16687901 reason_before=37 reason=37 rip_before=65543 rip=65546 rax=1890436437289 nonce=1890436437288 witness=0
INTEL_PROBE phase=verified_retry
INTEL_PROBE phase=prepare_with_transport
INTEL_PROBE phase=finite_retirement
INTEL_LIFECYCLE phase=vcpu_destroy_begin generation=120 owner=98184
INTEL_LIFECYCLE phase=vcpu_destroy_end generation=120 owner=98184
INTEL_LIFECYCLE phase=vm_destroy_begin generation=120 owner=98184
INTEL_LIFECYCLE phase=vm_destroy_end generation=120 owner=98184
INTEL_LIFECYCLE phase=vm_create_begin generation=121 owner=98184
INTEL_LIFECYCLE phase=vm_create_end generation=121 owner=98184
INTEL_LIFECYCLE phase=vcpu_create_begin generation=121 owner=98184
INTEL_LIFECYCLE phase=vcpu_create_end generation=121 owner=98184
[       OK ] HvfIntelProbe.FiniteDeadline (28 ms)
[----------] 1 test from HvfIntelProbe (28 ms total)

[==========] 1 test from 1 test suite ran. (28 ms total)
[  PASSED  ] 1 test.

Repeating all tests (iteration 121) . . .

Note: Google Test filter = HvfIntelProbe.FiniteDeadline
[==========] Running 1 test from 1 test suite.
[----------] 1 test from HvfIntelProbe
[ RUN      ] HvfIntelProbe.FiniteDeadline
INTEL_PROBE phase=executor_initialization
INTEL_PROBE phase=executor_retained
INTEL_PROBE phase=startup_probe
INTEL_PROBE phase=prepare_with_transport
INTEL_PROBE witness_budget mach_start=1890449349811 mach_end=1892447921086 remaining_ns=1998571275 timebase_numer=1 timebase_denom=1 max_calls=4096
INTEL_PROBE begin=finite_loop call=1 deadline=1890454370711 rip=65537 nonce=1890447593436 witness=0
INTEL_PROBE end=finite_loop call=1 status=0 mach_before=1890449375828 mach_after=1890455400412
INTEL_PROBE capture=finite_loop call=1 exec_before=1283015 exec_after=7124093 reason_before=37 reason=52 rip_before=65537 rip=65540 rax=1890447593436 nonce=1890447593436 witness=1890447593436
INTEL_PROBE phase=prepare_with_transport
INTEL_PROBE begin=expired_mtf call=2 deadline=0 rip=65543 nonce=1890455482767 witness=0
INTEL_PROBE end=expired_mtf call=2 status=0 mach_before=1890457384824 mach_after=1890457427689
INTEL_PROBE capture=expired_mtf call=2 exec_before=7457656 exec_after=7498176 reason_before=37 reason=52 rip_before=65543 rip=65543 rax=1890455482767 nonce=1890455482767 witness=0
INTEL_PROBE phase=prepare_with_transport
INTEL_PROBE begin=finite_mtf call=3 deadline=1890463342051 rip=65543 nonce=1890457476065 witness=0
INTEL_PROBE end=finite_mtf call=3 status=0 mach_before=1890458354186 mach_after=1890458988184
INTEL_PROBE capture=finite_mtf call=3 exec_before=7843574 exec_after=8369669 reason_before=37 reason=37 rip_before=65543 rip=65546 rax=1890457476066 nonce=1890457476065 witness=0
INTEL_PROBE phase=verified_retry
INTEL_PROBE phase=prepare_with_transport
INTEL_PROBE phase=finite_retirement
INTEL_LIFECYCLE phase=vcpu_destroy_begin generation=121 owner=98184
INTEL_LIFECYCLE phase=vcpu_destroy_end generation=121 owner=98184
INTEL_LIFECYCLE phase=vm_destroy_begin generation=121 owner=98184
INTEL_LIFECYCLE phase=vm_destroy_end generation=121 owner=98184
INTEL_LIFECYCLE phase=vm_create_begin generation=122 owner=98184
INTEL_LIFECYCLE phase=vm_create_end generation=122 owner=98184
INTEL_LIFECYCLE phase=vcpu_create_begin generation=122 owner=98184
INTEL_LIFECYCLE phase=vcpu_create_end generation=122 owner=98184
[       OK ] HvfIntelProbe.FiniteDeadline (21 ms)
[----------] 1 test from HvfIntelProbe (21 ms total)

[==========] 1 test from 1 test suite ran. (21 ms total)
[  PASSED  ] 1 test.

Repeating all tests (iteration 122) . . .

Note: Google Test filter = HvfIntelProbe.FiniteDeadline
[==========] Running 1 test from 1 test suite.
[----------] 1 test from HvfIntelProbe
[ RUN      ] HvfIntelProbe.FiniteDeadline
INTEL_PROBE phase=executor_initialization
INTEL_PROBE phase=executor_retained
INTEL_PROBE phase=startup_probe
INTEL_PROBE phase=prepare_with_transport
INTEL_PROBE witness_budget mach_start=1890470781839 mach_end=1892469738135 remaining_ns=1998956296 timebase_numer=1 timebase_denom=1 max_calls=4096
INTEL_PROBE begin=finite_loop call=1 deadline=1890475802327 rip=65537 nonce=1890469411245 witness=0
INTEL_PROBE end=finite_loop call=1 status=0 mach_before=1890470807396 mach_after=1890485462824
INTEL_PROBE capture=finite_loop call=1 exec_before=1751089 exec_after=16291486 reason_before=37 reason=52 rip_before=65537 rip=65540 rax=1890469411245 nonce=1890469411245 witness=1890469411245
INTEL_PROBE phase=prepare_with_transport
INTEL_PROBE begin=expired_mtf call=2 deadline=0 rip=65543 nonce=1890485535684 witness=0
INTEL_PROBE end=expired_mtf call=2 status=0 mach_before=1890487761699 mach_after=1890487835834
INTEL_PROBE capture=expired_mtf call=2 exec_before=16663126 exec_after=16733761 reason_before=37 reason=52 rip_before=65543 rip=65543 rax=1890485535684 nonce=1890485535684 witness=0
INTEL_PROBE phase=prepare_with_transport
INTEL_PROBE begin=finite_mtf call=3 deadline=1890493927617 rip=65543 nonce=1890487924369 witness=0
INTEL_PROBE end=finite_mtf call=3 status=0 mach_before=1890488942693 mach_after=1890489373560
INTEL_PROBE capture=finite_mtf call=3 exec_before=17080295 exec_after=17421012 reason_before=37 reason=37 rip_before=65543 rip=65546 rax=1890487924370 nonce=1890487924369 witness=0
INTEL_PROBE phase=verified_retry
INTEL_PROBE phase=prepare_with_transport
INTEL_PROBE phase=finite_retirement
INTEL_LIFECYCLE phase=vcpu_destroy_begin generation=122 owner=98184
INTEL_LIFECYCLE phase=vcpu_destroy_end generation=122 owner=98184
INTEL_LIFECYCLE phase=vm_destroy_begin generation=122 owner=98184
INTEL_LIFECYCLE phase=vm_destroy_end generation=122 owner=98184
INTEL_LIFECYCLE phase=vm_create_begin generation=123 owner=98184
INTEL_LIFECYCLE phase=vm_create_end generation=123 owner=98184
INTEL_LIFECYCLE phase=vcpu_create_begin generation=123 owner=98184
INTEL_LIFECYCLE phase=vcpu_create_end generation=123 owner=98184
[       OK ] HvfIntelProbe.FiniteDeadline (30 ms)
[----------] 1 test from HvfIntelProbe (30 ms total)

[==========] 1 test from 1 test suite ran. (30 ms total)
[  PASSED  ] 1 test.

Repeating all tests (iteration 123) . . .

Note: Google Test filter = HvfIntelProbe.FiniteDeadline
[==========] Running 1 test from 1 test suite.
[----------] 1 test from HvfIntelProbe
[ RUN      ] HvfIntelProbe.FiniteDeadline
INTEL_PROBE phase=executor_initialization
INTEL_PROBE phase=executor_retained
INTEL_PROBE phase=startup_probe
INTEL_PROBE phase=prepare_with_transport
INTEL_PROBE witness_budget mach_start=1890500497159 mach_end=1892499178927 remaining_ns=1998681768 timebase_numer=1 timebase_denom=1 max_calls=4096
INTEL_PROBE begin=finite_loop call=1 deadline=1890505514395 rip=65537 nonce=1890498733600 witness=0
INTEL_PROBE end=finite_loop call=1 status=0 mach_before=1890500519039 mach_after=1890505726794
INTEL_PROBE capture=finite_loop call=1 exec_before=1118875 exec_after=6150388 reason_before=37 reason=52 rip_before=65537 rip=65540 rax=1890498733600 nonce=1890498733600 witness=1890498733600
INTEL_PROBE phase=prepare_with_transport
INTEL_PROBE begin=expired_mtf call=2 deadline=0 rip=65543 nonce=1890505794716 witness=0
INTEL_PROBE end=expired_mtf call=2 status=0 mach_before=1890507595845 mach_after=1890507640667
INTEL_PROBE capture=expired_mtf call=2 exec_before=6490951 exec_after=6533393 reason_before=37 reason=52 rip_before=65543 rip=65543 rax=1890505794716 nonce=1890505794716 witness=0
INTEL_PROBE phase=prepare_with_transport
INTEL_PROBE begin=finite_mtf call=3 deadline=1890513676068 rip=65543 nonce=1890507690036 witness=0
INTEL_PROBE end=finite_mtf call=3 status=0 mach_before=1890508692044 mach_after=1890509171760
INTEL_PROBE capture=finite_mtf call=3 exec_before=6881395 exec_after=7245770 reason_before=37 reason=37 rip_before=65543 rip=65546 rax=1890507690037 nonce=1890507690036 witness=0
INTEL_PROBE phase=verified_retry
INTEL_PROBE phase=prepare_with_transport
INTEL_PROBE phase=finite_retirement
INTEL_LIFECYCLE phase=vcpu_destroy_begin generation=123 owner=98184
INTEL_LIFECYCLE phase=vcpu_destroy_end generation=123 owner=98184
INTEL_LIFECYCLE phase=vm_destroy_begin generation=123 owner=98184
INTEL_LIFECYCLE phase=vm_destroy_end generation=123 owner=98184
INTEL_LIFECYCLE phase=vm_create_begin generation=124 owner=98184
INTEL_LIFECYCLE phase=vm_create_end generation=124 owner=98184
INTEL_LIFECYCLE phase=vcpu_create_begin generation=124 owner=98184
INTEL_LIFECYCLE phase=vcpu_create_end generation=124 owner=98184
[       OK ] HvfIntelProbe.FiniteDeadline (19 ms)
[----------] 1 test from HvfIntelProbe (19 ms total)

[==========] 1 test from 1 test suite ran. (19 ms total)
[  PASSED  ] 1 test.

Repeating all tests (iteration 124) . . .

Note: Google Test filter = HvfIntelProbe.FiniteDeadline
[==========] Running 1 test from 1 test suite.
[----------] 1 test from HvfIntelProbe
[ RUN      ] HvfIntelProbe.FiniteDeadline
INTEL_PROBE phase=executor_initialization
INTEL_PROBE phase=executor_retained
INTEL_PROBE phase=startup_probe
INTEL_PROBE phase=prepare_with_transport
INTEL_PROBE witness_budget mach_start=1890521277650 mach_end=1892520596000 remaining_ns=1999318350 timebase_numer=1 timebase_denom=1 max_calls=4096
INTEL_PROBE begin=finite_loop call=1 deadline=1890526299806 rip=65537 nonce=1890519890532 witness=0
INTEL_PROBE end=finite_loop call=1 status=0 mach_before=1890521322948 mach_after=1890537162315
INTEL_PROBE capture=finite_loop call=1 exec_before=1527176 exec_after=16968026 reason_before=37 reason=1 rip_before=65537 rip=65540 rax=1890519890532 nonce=1890519890532 witness=1890519890532
INTEL_PROBE begin=finite_loop call=2 deadline=1890526299806 rip=65540 nonce=1890519890532 witness=1890519890532
INTEL_PROBE end=finite_loop call=2 status=0 mach_before=1890537197439 mach_after=1890537242210
INTEL_PROBE capture=finite_loop call=2 exec_before=16968026 exec_after=17009529 reason_before=1 reason=52 rip_before=65540 rip=65540 rax=1890519890532 nonce=1890519890532 witness=1890519890532
INTEL_PROBE phase=prepare_with_transport
INTEL_PROBE begin=expired_mtf call=3 deadline=0 rip=65543 nonce=1890537293808 witness=0
INTEL_PROBE end=expired_mtf call=3 status=0 mach_before=1890539724824 mach_after=1890539769515
INTEL_PROBE capture=expired_mtf call=3 exec_before=17348566 exec_after=17390941 reason_before=37 reason=52 rip_before=65543 rip=65543 rax=1890537293808 nonce=1890537293808 witness=0
INTEL_PROBE phase=prepare_with_transport
INTEL_PROBE begin=finite_mtf call=4 deadline=1890545653300 rip=65543 nonce=1890539818750 witness=0
INTEL_PROBE end=finite_mtf call=4 status=0 mach_before=1890540669347 mach_after=1890541084548
INTEL_PROBE capture=finite_mtf call=4 exec_before=17724373 exec_after=18054835 reason_before=37 reason=37 rip_before=65543 rip=65546 rax=1890539818751 nonce=1890539818750 witness=0
INTEL_PROBE phase=verified_retry
INTEL_PROBE phase=prepare_with_transport
INTEL_PROBE phase=finite_retirement
INTEL_LIFECYCLE phase=vcpu_destroy_begin generation=124 owner=98184
INTEL_LIFECYCLE phase=vcpu_destroy_end generation=124 owner=98184
INTEL_LIFECYCLE phase=vm_destroy_begin generation=124 owner=98184
INTEL_LIFECYCLE phase=vm_destroy_end generation=124 owner=98184
INTEL_LIFECYCLE phase=vm_create_begin generation=125 owner=98184
INTEL_LIFECYCLE phase=vm_create_end generation=125 owner=98184
INTEL_LIFECYCLE phase=vcpu_create_begin generation=125 owner=98184
INTEL_LIFECYCLE phase=vcpu_create_end generation=125 owner=98184
[       OK ] HvfIntelProbe.FiniteDeadline (31 ms)
[----------] 1 test from HvfIntelProbe (31 ms total)

[==========] 1 test from 1 test suite ran. (31 ms total)
[  PASSED  ] 1 test.

Repeating all tests (iteration 125) . . .

Note: Google Test filter = HvfIntelProbe.FiniteDeadline
[==========] Running 1 test from 1 test suite.
[----------] 1 test from HvfIntelProbe
[ RUN      ] HvfIntelProbe.FiniteDeadline
INTEL_PROBE phase=executor_initialization
INTEL_PROBE phase=executor_retained
INTEL_PROBE phase=startup_probe
INTEL_PROBE phase=prepare_with_transport
INTEL_PROBE witness_budget mach_start=1890552479143 mach_end=1892551152949 remaining_ns=1998673806 timebase_numer=1 timebase_denom=1 max_calls=4096
INTEL_PROBE begin=finite_loop call=1 deadline=1890557495669 rip=65537 nonce=1890550838283 witness=0
INTEL_PROBE end=finite_loop call=1 status=0 mach_before=1890552500627 mach_after=1890567229769
INTEL_PROBE capture=finite_loop call=1 exec_before=1130926 exec_after=15735524 reason_before=37 reason=52 rip_before=65537 rip=65540 rax=1890550838283 nonce=1890550838283 witness=1890550838283
INTEL_PROBE phase=prepare_with_transport
INTEL_PROBE begin=expired_mtf call=2 deadline=0 rip=65543 nonce=1890567302000 witness=0
INTEL_PROBE end=expired_mtf call=2 status=0 mach_before=1890569376096 mach_after=1890569419148
INTEL_PROBE capture=expired_mtf call=2 exec_before=16080337 exec_after=16121117 reason_before=37 reason=52 rip_before=65543 rip=65543 rax=1890567302000 nonce=1890567302000 witness=0
INTEL_PROBE phase=prepare_with_transport
INTEL_PROBE begin=finite_mtf call=3 deadline=1890575383116 rip=65543 nonce=1890569466737 witness=0
INTEL_PROBE end=finite_mtf call=3 status=0 mach_before=1890570398505 mach_after=1890570819337
INTEL_PROBE capture=finite_mtf call=3 exec_before=16453935 exec_after=16789309 reason_before=37 reason=37 rip_before=65543 rip=65546 rax=1890569466738 nonce=1890569466737 witness=0
INTEL_PROBE phase=verified_retry
INTEL_PROBE phase=prepare_with_transport
INTEL_PROBE phase=finite_retirement
INTEL_LIFECYCLE phase=vcpu_destroy_begin generation=125 owner=98184
INTEL_LIFECYCLE phase=vcpu_destroy_end generation=125 owner=98184
INTEL_LIFECYCLE phase=vm_destroy_begin generation=125 owner=98184
INTEL_LIFECYCLE phase=vm_destroy_end generation=125 owner=98184
INTEL_LIFECYCLE phase=vm_create_begin generation=126 owner=98184
INTEL_LIFECYCLE phase=vm_create_end generation=126 owner=98184
INTEL_LIFECYCLE phase=vcpu_create_begin generation=126 owner=98184
INTEL_LIFECYCLE phase=vcpu_create_end generation=126 owner=98184
[       OK ] HvfIntelProbe.FiniteDeadline (30 ms)
[----------] 1 test from HvfIntelProbe (30 ms total)

[==========] 1 test from 1 test suite ran. (30 ms total)
[  PASSED  ] 1 test.

Repeating all tests (iteration 126) . . .

Note: Google Test filter = HvfIntelProbe.FiniteDeadline
[==========] Running 1 test from 1 test suite.
[----------] 1 test from HvfIntelProbe
[ RUN      ] HvfIntelProbe.FiniteDeadline
INTEL_PROBE phase=executor_initialization
INTEL_PROBE phase=executor_retained
INTEL_PROBE phase=startup_probe
INTEL_PROBE phase=prepare_with_transport
INTEL_PROBE witness_budget mach_start=1890583215907 mach_end=1892581688378 remaining_ns=1998472471 timebase_numer=1 timebase_denom=1 max_calls=4096
INTEL_PROBE begin=finite_loop call=1 deadline=1890588239797 rip=65537 nonce=1890581359908 witness=0
INTEL_PROBE end=finite_loop call=1 status=0 mach_before=1890583244744 mach_after=1890593027930
INTEL_PROBE capture=finite_loop call=1 exec_before=1349851 exec_after=10908552 reason_before=37 reason=1 rip_before=65537 rip=65540 rax=1890581359908 nonce=1890581359908 witness=1890581359908
INTEL_PROBE begin=finite_loop call=2 deadline=1890588239797 rip=65540 nonce=1890581359908 witness=1890581359908
INTEL_PROBE end=finite_loop call=2 status=0 mach_before=1890593062287 mach_after=1890593107652
INTEL_PROBE capture=finite_loop call=2 exec_before=10908552 exec_after=10950183 reason_before=1 reason=52 rip_before=65540 rip=65540 rax=1890581359908 nonce=1890581359908 witness=1890581359908
INTEL_PROBE phase=prepare_with_transport
INTEL_PROBE begin=expired_mtf call=3 deadline=0 rip=65543 nonce=1890593163924 witness=0
INTEL_PROBE end=expired_mtf call=3 status=0 mach_before=1890595407910 mach_after=1890595461301
INTEL_PROBE capture=expired_mtf call=3 exec_before=11293755 exec_after=11344049 reason_before=37 reason=52 rip_before=65543 rip=65543 rax=1890593163924 nonce=1890593163924 witness=0
INTEL_PROBE phase=prepare_with_transport
INTEL_PROBE begin=finite_mtf call=4 deadline=1890601537786 rip=65543 nonce=1890595524834 witness=0
INTEL_PROBE end=finite_mtf call=4 status=0 mach_before=1890596558923 mach_after=1890597018690
INTEL_PROBE capture=finite_mtf call=4 exec_before=11734856 exec_after=12038580 reason_before=37 reason=1 rip_before=65543 rip=65543 rax=1890595524834 nonce=1890595524834 witness=0
INTEL_PROBE phase=verified_retry
INTEL_PROBE phase=prepare_with_transport
INTEL_PROBE phase=finite_retirement
INTEL_LIFECYCLE phase=vcpu_destroy_begin generation=126 owner=98184
INTEL_LIFECYCLE phase=vcpu_destroy_end generation=126 owner=98184
INTEL_LIFECYCLE phase=vm_destroy_begin generation=126 owner=98184
INTEL_LIFECYCLE phase=vm_destroy_end generation=126 owner=98184
INTEL_LIFECYCLE phase=vm_create_begin generation=127 owner=98184
INTEL_LIFECYCLE phase=vm_create_end generation=127 owner=98184
INTEL_LIFECYCLE phase=vcpu_create_begin generation=127 owner=98184
INTEL_LIFECYCLE phase=vcpu_create_end generation=127 owner=98184
[       OK ] HvfIntelProbe.FiniteDeadline (25 ms)
[----------] 1 test from HvfIntelProbe (25 ms total)

[==========] 1 test from 1 test suite ran. (25 ms total)
[  PASSED  ] 1 test.

Repeating all tests (iteration 127) . . .

Note: Google Test filter = HvfIntelProbe.FiniteDeadline
[==========] Running 1 test from 1 test suite.
[----------] 1 test from HvfIntelProbe
[ RUN      ] HvfIntelProbe.FiniteDeadline
INTEL_PROBE phase=executor_initialization
INTEL_PROBE phase=executor_retained
INTEL_PROBE phase=startup_probe
INTEL_PROBE phase=prepare_with_transport
INTEL_PROBE witness_budget mach_start=1890608766619 mach_end=1892607244306 remaining_ns=1998477687 timebase_numer=1 timebase_denom=1 max_calls=4096
INTEL_PROBE begin=finite_loop call=1 deadline=1890613785000 rip=65537 nonce=1890606886443 witness=0
INTEL_PROBE end=finite_loop call=1 status=0 mach_before=1890608790153 mach_after=1890614213767
INTEL_PROBE capture=finite_loop call=1 exec_before=1193725 exec_after=6494959 reason_before=37 reason=52 rip_before=65537 rip=65540 rax=1890606886443 nonce=1890606886443 witness=1890606886443
INTEL_PROBE phase=prepare_with_transport
INTEL_PROBE begin=expired_mtf call=2 deadline=0 rip=65543 nonce=1890614283217 witness=0
INTEL_PROBE end=expired_mtf call=2 status=0 mach_before=1890616290787 mach_after=1890616334257
INTEL_PROBE capture=expired_mtf call=2 exec_before=6857158 exec_after=6898052 reason_before=37 reason=52 rip_before=65543 rip=65543 rax=1890614283217 nonce=1890614283217 witness=0
INTEL_PROBE phase=prepare_with_transport
INTEL_PROBE begin=finite_mtf call=3 deadline=1890622457395 rip=65543 nonce=1890616385879 witness=0
INTEL_PROBE end=finite_mtf call=3 status=0 mach_before=1890617470677 mach_after=1890618010289
INTEL_PROBE capture=finite_mtf call=3 exec_before=7256694 exec_after=7662817 reason_before=37 reason=37 rip_before=65543 rip=65546 rax=1890616385880 nonce=1890616385879 witness=0
INTEL_PROBE phase=verified_retry
INTEL_PROBE phase=prepare_with_transport
INTEL_PROBE phase=finite_retirement
INTEL_LIFECYCLE phase=vcpu_destroy_begin generation=127 owner=98184
INTEL_LIFECYCLE phase=vcpu_destroy_end generation=127 owner=98184
INTEL_LIFECYCLE phase=vm_destroy_begin generation=127 owner=98184
INTEL_LIFECYCLE phase=vm_destroy_end generation=127 owner=98184
INTEL_LIFECYCLE phase=vm_create_begin generation=128 owner=98184
INTEL_LIFECYCLE phase=vm_create_end generation=128 owner=98184
INTEL_LIFECYCLE phase=vcpu_create_begin generation=128 owner=98184
INTEL_LIFECYCLE phase=vcpu_create_end generation=128 owner=98184
[       OK ] HvfIntelProbe.FiniteDeadline (21 ms)
[----------] 1 test from HvfIntelProbe (21 ms total)

[==========] 1 test from 1 test suite ran. (21 ms total)
[  PASSED  ] 1 test.

Repeating all tests (iteration 128) . . .

Note: Google Test filter = HvfIntelProbe.FiniteDeadline
[==========] Running 1 test from 1 test suite.
[----------] 1 test from HvfIntelProbe
[ RUN      ] HvfIntelProbe.FiniteDeadline
INTEL_PROBE phase=executor_initialization
INTEL_PROBE phase=executor_retained
INTEL_PROBE phase=startup_probe
INTEL_PROBE phase=prepare_with_transport
INTEL_PROBE witness_budget mach_start=1890629335959 mach_end=1892628607217 remaining_ns=1999271258 timebase_numer=1 timebase_denom=1 max_calls=4096
INTEL_PROBE begin=finite_loop call=1 deadline=1890634353984 rip=65537 nonce=1890628011036 witness=0
INTEL_PROBE end=finite_loop call=1 status=0 mach_before=1890629358926 mach_after=1890634673876
INTEL_PROBE capture=finite_loop call=1 exec_before=2059074 exec_after=7223298 reason_before=37 reason=52 rip_before=65537 rip=65540 rax=1890628011036 nonce=1890628011036 witness=1890628011036
INTEL_PROBE phase=prepare_with_transport
INTEL_PROBE begin=expired_mtf call=2 deadline=0 rip=65543 nonce=1890634746102 witness=0
INTEL_PROBE end=expired_mtf call=2 status=0 mach_before=1890636642299 mach_after=1890636686815
INTEL_PROBE capture=expired_mtf call=2 exec_before=7563489 exec_after=7605519 reason_before=37 reason=52 rip_before=65543 rip=65543 rax=1890634746102 nonce=1890634746102 witness=0
INTEL_PROBE phase=prepare_with_transport
INTEL_PROBE begin=finite_mtf call=3 deadline=1890642598983 rip=65543 nonce=1890636760895 witness=0
INTEL_PROBE end=finite_mtf call=3 status=0 mach_before=1890637610614 mach_after=1890638026133
INTEL_PROBE capture=finite_mtf call=3 exec_before=7937044 exec_after=8267518 reason_before=37 reason=37 rip_before=65543 rip=65546 rax=1890636760896 nonce=1890636760895 witness=0
INTEL_PROBE phase=verified_retry
INTEL_PROBE phase=prepare_with_transport
INTEL_PROBE phase=finite_retirement
INTEL_LIFECYCLE phase=vcpu_destroy_begin generation=128 owner=98184
INTEL_LIFECYCLE phase=vcpu_destroy_end generation=128 owner=98184
INTEL_LIFECYCLE phase=vm_destroy_begin generation=128 owner=98184
INTEL_LIFECYCLE phase=vm_destroy_end generation=128 owner=98184
INTEL_LIFECYCLE phase=vm_create_begin generation=129 owner=98184
INTEL_LIFECYCLE phase=vm_create_end generation=129 owner=98184
INTEL_LIFECYCLE phase=vcpu_create_begin generation=129 owner=98184
INTEL_LIFECYCLE phase=vcpu_create_end generation=129 owner=98184
[       OK ] HvfIntelProbe.FiniteDeadline (20 ms)
[----------] 1 test from HvfIntelProbe (20 ms total)

[==========] 1 test from 1 test suite ran. (20 ms total)
[  PASSED  ] 1 test.

Repeating all tests (iteration 129) . . .

Note: Google Test filter = HvfIntelProbe.FiniteDeadline
[==========] Running 1 test from 1 test suite.
[----------] 1 test from HvfIntelProbe
[ RUN      ] HvfIntelProbe.FiniteDeadline
INTEL_PROBE phase=executor_initialization
INTEL_PROBE phase=executor_retained
INTEL_PROBE phase=startup_probe
INTEL_PROBE phase=prepare_with_transport
INTEL_PROBE witness_budget mach_start=1890649076076 mach_end=1892647763570 remaining_ns=1998687494 timebase_numer=1 timebase_denom=1 max_calls=4096
INTEL_PROBE begin=finite_loop call=1 deadline=1890654093412 rip=65537 nonce=1890647416638 witness=0
INTEL_PROBE end=finite_loop call=1 status=0 mach_before=1890649098351 mach_after=1890654139222
INTEL_PROBE capture=finite_loop call=1 exec_before=1216273 exec_after=6134468 reason_before=37 reason=52 rip_before=65537 rip=65540 rax=1890647416638 nonce=1890647416638 witness=1890647416638
INTEL_PROBE phase=prepare_with_transport
INTEL_PROBE begin=expired_mtf call=2 deadline=0 rip=65543 nonce=1890654209198 witness=0
INTEL_PROBE end=expired_mtf call=2 status=0 mach_before=1890656145705 mach_after=1890656191642
INTEL_PROBE capture=expired_mtf call=2 exec_before=6508539 exec_after=6551850 reason_before=37 reason=52 rip_before=65543 rip=65543 rax=1890654209198 nonce=1890654209198 witness=0
INTEL_PROBE phase=prepare_with_transport
INTEL_PROBE begin=finite_mtf call=3 deadline=1890662277106 rip=65543 nonce=1890656240586 witness=0
INTEL_PROBE end=finite_mtf call=3 status=0 mach_before=1890657293965 mach_after=1890657925329
INTEL_PROBE capture=finite_mtf call=3 exec_before=6921214 exec_after=7379701 reason_before=37 reason=37 rip_before=65543 rip=65546 rax=1890656240587 nonce=1890656240586 witness=0
INTEL_PROBE phase=verified_retry
INTEL_PROBE phase=prepare_with_transport
INTEL_PROBE phase=finite_retirement
INTEL_LIFECYCLE phase=vcpu_destroy_begin generation=129 owner=98184
INTEL_LIFECYCLE phase=vcpu_destroy_end generation=129 owner=98184
INTEL_LIFECYCLE phase=vm_destroy_begin generation=129 owner=98184
INTEL_LIFECYCLE phase=vm_destroy_end generation=129 owner=98184
INTEL_LIFECYCLE phase=vm_create_begin generation=130 owner=98184
INTEL_LIFECYCLE phase=vm_create_end generation=130 owner=98184
INTEL_LIFECYCLE phase=vcpu_create_begin generation=130 owner=98184
INTEL_LIFECYCLE phase=vcpu_create_end generation=130 owner=98184
[       OK ] HvfIntelProbe.FiniteDeadline (20 ms)
[----------] 1 test from HvfIntelProbe (20 ms total)

[==========] 1 test from 1 test suite ran. (20 ms total)
[  PASSED  ] 1 test.

Repeating all tests (iteration 130) . . .

Note: Google Test filter = HvfIntelProbe.FiniteDeadline
[==========] Running 1 test from 1 test suite.
[----------] 1 test from HvfIntelProbe
[ RUN      ] HvfIntelProbe.FiniteDeadline
INTEL_PROBE phase=executor_initialization
INTEL_PROBE phase=executor_retained
INTEL_PROBE phase=startup_probe
INTEL_PROBE phase=prepare_with_transport
INTEL_PROBE witness_budget mach_start=1890669529650 mach_end=1892668144328 remaining_ns=1998614678 timebase_numer=1 timebase_denom=1 max_calls=4096
INTEL_PROBE begin=finite_loop call=1 deadline=1890674548385 rip=65537 nonce=1890667827876 witness=0
INTEL_PROBE end=finite_loop call=1 status=0 mach_before=1890669553489 mach_after=1890677323726
INTEL_PROBE capture=finite_loop call=1 exec_before=1219964 exec_after=8790149 reason_before=37 reason=52 rip_before=65537 rip=65540 rax=1890667827876 nonce=1890667827876 witness=1890667827876
INTEL_PROBE phase=prepare_with_transport
INTEL_PROBE begin=expired_mtf call=2 deadline=0 rip=65543 nonce=1890677466123 witness=0
INTEL_PROBE end=expired_mtf call=2 status=0 mach_before=1890680004449 mach_after=1890680049926
INTEL_PROBE capture=expired_mtf call=2 exec_before=9192671 exec_after=9235720 reason_before=37 reason=52 rip_before=65543 rip=65543 rax=1890677466123 nonce=1890677466123 witness=0
INTEL_PROBE phase=prepare_with_transport
INTEL_PROBE begin=finite_mtf call=3 deadline=1890686081900 rip=65543 nonce=1890680147113 witness=0
INTEL_PROBE end=finite_mtf call=3 status=0 mach_before=1890681097225 mach_after=1890681645123
INTEL_PROBE capture=finite_mtf call=3 exec_before=9596121 exec_after=10010716 reason_before=37 reason=37 rip_before=65543 rip=65546 rax=1890680147114 nonce=1890680147113 witness=0
INTEL_PROBE phase=verified_retry
INTEL_PROBE phase=prepare_with_transport
INTEL_PROBE phase=finite_retirement
INTEL_LIFECYCLE phase=vcpu_destroy_begin generation=130 owner=98184
INTEL_LIFECYCLE phase=vcpu_destroy_end generation=130 owner=98184
INTEL_LIFECYCLE phase=vm_destroy_begin generation=130 owner=98184
INTEL_LIFECYCLE phase=vm_destroy_end generation=130 owner=98184
INTEL_LIFECYCLE phase=vm_create_begin generation=131 owner=98184
INTEL_LIFECYCLE phase=vm_create_end generation=131 owner=98184
INTEL_LIFECYCLE phase=vcpu_create_begin generation=131 owner=98184
INTEL_LIFECYCLE phase=vcpu_create_end generation=131 owner=98184
[       OK ] HvfIntelProbe.FiniteDeadline (24 ms)
[----------] 1 test from HvfIntelProbe (24 ms total)

[==========] 1 test from 1 test suite ran. (24 ms total)
[  PASSED  ] 1 test.

Repeating all tests (iteration 131) . . .

Note: Google Test filter = HvfIntelProbe.FiniteDeadline
[==========] Running 1 test from 1 test suite.
[----------] 1 test from HvfIntelProbe
[ RUN      ] HvfIntelProbe.FiniteDeadline
INTEL_PROBE phase=executor_initialization
INTEL_PROBE phase=executor_retained
INTEL_PROBE phase=startup_probe
INTEL_PROBE phase=prepare_with_transport
INTEL_PROBE witness_budget mach_start=1890694257911 mach_end=1892693409264 remaining_ns=1999151353 timebase_numer=1 timebase_denom=1 max_calls=4096
INTEL_PROBE begin=finite_loop call=1 deadline=1890699275952 rip=65537 nonce=1890693083865 witness=0
INTEL_PROBE end=finite_loop call=1 status=0 mach_before=1890694280840 mach_after=1890700147646
INTEL_PROBE capture=finite_loop call=1 exec_before=2057138 exec_after=7630198 reason_before=37 reason=52 rip_before=65537 rip=65540 rax=1890693083865 nonce=1890693083865 witness=1890693083865
INTEL_PROBE phase=prepare_with_transport
INTEL_PROBE begin=expired_mtf call=2 deadline=0 rip=65543 nonce=1890700222010 witness=0
INTEL_PROBE end=expired_mtf call=2 status=0 mach_before=1890702441773 mach_after=1890702518121
INTEL_PROBE capture=expired_mtf call=2 exec_before=8050592 exec_after=8123220 reason_before=37 reason=52 rip_before=65543 rip=65543 rax=1890700222010 nonce=1890700222010 witness=0
INTEL_PROBE phase=prepare_with_transport
INTEL_PROBE begin=finite_mtf call=3 deadline=1890708412197 rip=65543 nonce=1890702571392 witness=0
INTEL_PROBE end=finite_mtf call=3 status=0 mach_before=1890703425137 mach_after=1890703835753
INTEL_PROBE capture=finite_mtf call=3 exec_before=8453610 exec_after=8780146 reason_before=37 reason=37 rip_before=65543 rip=65546 rax=1890702571393 nonce=1890702571392 witness=0
INTEL_PROBE phase=verified_retry
INTEL_PROBE phase=prepare_with_transport
INTEL_PROBE phase=finite_retirement
INTEL_LIFECYCLE phase=vcpu_destroy_begin generation=131 owner=98184
INTEL_LIFECYCLE phase=vcpu_destroy_end generation=131 owner=98184
INTEL_LIFECYCLE phase=vm_destroy_begin generation=131 owner=98184
INTEL_LIFECYCLE phase=vm_destroy_end generation=131 owner=98184
INTEL_LIFECYCLE phase=vm_create_begin generation=132 owner=98184
INTEL_LIFECYCLE phase=vm_create_end generation=132 owner=98184
INTEL_LIFECYCLE phase=vcpu_create_begin generation=132 owner=98184
INTEL_LIFECYCLE phase=vcpu_create_end generation=132 owner=98184
[       OK ] HvfIntelProbe.FiniteDeadline (21 ms)
[----------] 1 test from HvfIntelProbe (21 ms total)

[==========] 1 test from 1 test suite ran. (21 ms total)
[  PASSED  ] 1 test.

Repeating all tests (iteration 132) . . .

Note: Google Test filter = HvfIntelProbe.FiniteDeadline
[==========] Running 1 test from 1 test suite.
[----------] 1 test from HvfIntelProbe
[ RUN      ] HvfIntelProbe.FiniteDeadline
INTEL_PROBE phase=executor_initialization
INTEL_PROBE phase=executor_retained
INTEL_PROBE phase=startup_probe
INTEL_PROBE phase=prepare_with_transport
INTEL_PROBE witness_budget mach_start=1890745090517 mach_end=1892734941620 remaining_ns=1989851103 timebase_numer=1 timebase_denom=1 max_calls=4096
INTEL_PROBE begin=finite_loop call=1 deadline=1890750164496 rip=65537 nonce=1890731231073 witness=0
INTEL_PROBE end=finite_loop call=1 status=0 mach_before=1890745170309 mach_after=1890750235072
INTEL_PROBE capture=finite_loop call=1 exec_before=2016712 exec_after=2252921 reason_before=37 reason=52 rip_before=65537 rip=65537 rax=1890731231073 nonce=1890731231073 witness=0
INTEL_PROBE phase=finite_slice_without_guest_progress
INTEL_PROBE begin=finite_loop call=2 deadline=1890755269890 rip=65537 nonce=1890731231073 witness=0
INTEL_PROBE end=finite_loop call=2 status=0 mach_before=1890750273134 mach_after=1890755075523
INTEL_PROBE capture=finite_loop call=2 exec_before=2252921 exec_after=5902828 reason_before=52 reason=1 rip_before=65537 rip=65540 rax=1890731231073 nonce=1890731231073 witness=1890731231073
INTEL_PROBE begin=finite_loop call=3 deadline=1890755269890 rip=65540 nonce=1890731231073 witness=1890731231073
INTEL_PROBE end=finite_loop call=3 status=0 mach_before=1890755288080 mach_after=1890755556498
INTEL_PROBE capture=finite_loop call=3 exec_before=5902828 exec_after=6165652 reason_before=1 reason=52 rip_before=65540 rip=65540 rax=1890731231073 nonce=1890731231073 witness=1890731231073
INTEL_PROBE phase=prepare_with_transport
INTEL_PROBE begin=expired_mtf call=4 deadline=0 rip=65543 nonce=1890755614950 witness=0
INTEL_PROBE end=expired_mtf call=4 status=0 mach_before=1890761714562 mach_after=1890761757784
INTEL_PROBE capture=expired_mtf call=4 exec_before=6502018 exec_after=6542615 reason_before=37 reason=52 rip_before=65543 rip=65543 rax=1890755614950 nonce=1890755614950 witness=0
INTEL_PROBE phase=prepare_with_transport
INTEL_PROBE begin=finite_mtf call=5 deadline=1890767751616 rip=65543 nonce=1890761806771 witness=0
INTEL_PROBE end=finite_mtf call=5 status=0 mach_before=1890762768223 mach_after=1890763448071
INTEL_PROBE capture=finite_mtf call=5 exec_before=6919191 exec_after=7368458 reason_before=37 reason=37 rip_before=65543 rip=65546 rax=1890761806772 nonce=1890761806771 witness=0
INTEL_PROBE phase=verified_retry
INTEL_PROBE phase=prepare_with_transport
INTEL_PROBE phase=finite_retirement
INTEL_LIFECYCLE phase=vcpu_destroy_begin generation=132 owner=98184
INTEL_LIFECYCLE phase=vcpu_destroy_end generation=132 owner=98184
INTEL_LIFECYCLE phase=vm_destroy_begin generation=132 owner=98184
INTEL_LIFECYCLE phase=vm_destroy_end generation=132 owner=98184
INTEL_LIFECYCLE phase=vm_create_begin generation=133 owner=98184
INTEL_LIFECYCLE phase=vm_create_end generation=133 owner=98184
INTEL_LIFECYCLE phase=vcpu_create_begin generation=133 owner=98184
INTEL_LIFECYCLE phase=vcpu_create_end generation=133 owner=98184
[       OK ] HvfIntelProbe.FiniteDeadline (59 ms)
[----------] 1 test from HvfIntelProbe (59 ms total)

[==========] 1 test from 1 test suite ran. (59 ms total)
[  PASSED  ] 1 test.

Repeating all tests (iteration 133) . . .

Note: Google Test filter = HvfIntelProbe.FiniteDeadline
[==========] Running 1 test from 1 test suite.
[----------] 1 test from HvfIntelProbe
[ RUN      ] HvfIntelProbe.FiniteDeadline
INTEL_PROBE phase=executor_initialization
INTEL_PROBE phase=executor_retained
INTEL_PROBE phase=startup_probe
INTEL_PROBE phase=prepare_with_transport
INTEL_PROBE witness_budget mach_start=1890841588312 mach_end=1892840372469 remaining_ns=1998784157 timebase_numer=1 timebase_denom=1 max_calls=4096
INTEL_PROBE begin=finite_loop call=1 deadline=1890846607647 rip=65537 nonce=1890840040211 witness=0
INTEL_PROBE end=finite_loop call=1 status=0 mach_before=1890841615593 mach_after=1890852777443
INTEL_PROBE capture=finite_loop call=1 exec_before=1783819 exec_after=12819761 reason_before=37 reason=52 rip_before=65537 rip=65540 rax=1890840040211 nonce=1890840040211 witness=1890840040211
INTEL_PROBE phase=prepare_with_transport
INTEL_PROBE begin=expired_mtf call=2 deadline=0 rip=65543 nonce=1890852857190 witness=0
INTEL_PROBE end=expired_mtf call=2 status=0 mach_before=1890855189828 mach_after=1890855234823
INTEL_PROBE capture=expired_mtf call=2 exec_before=13216793 exec_after=13259302 reason_before=37 reason=52 rip_before=65543 rip=65543 rax=1890852857190 nonce=1890852857190 witness=0
INTEL_PROBE phase=prepare_with_transport
INTEL_PROBE begin=finite_mtf call=3 deadline=1890861164615 rip=65543 nonce=1890855292131 witness=0
INTEL_PROBE end=finite_mtf call=3 status=0 mach_before=1890856179218 mach_after=1890856601260
INTEL_PROBE capture=finite_mtf call=3 exec_before=13593782 exec_after=13929419 reason_before=37 reason=37 rip_before=65543 rip=65546 rax=1890855292132 nonce=1890855292131 witness=0
INTEL_PROBE phase=verified_retry
INTEL_PROBE phase=prepare_with_transport
INTEL_PROBE phase=finite_retirement
INTEL_LIFECYCLE phase=vcpu_destroy_begin generation=133 owner=98184
INTEL_LIFECYCLE phase=vcpu_destroy_end generation=133 owner=98184
INTEL_LIFECYCLE phase=vm_destroy_begin generation=133 owner=98184
INTEL_LIFECYCLE phase=vm_destroy_end generation=133 owner=98184
INTEL_LIFECYCLE phase=vm_create_begin generation=134 owner=98184
INTEL_LIFECYCLE phase=vm_create_end generation=134 owner=98184
INTEL_LIFECYCLE phase=vcpu_create_begin generation=134 owner=98184
INTEL_LIFECYCLE phase=vcpu_create_end generation=134 owner=98184
[       OK ] HvfIntelProbe.FiniteDeadline (92 ms)
[----------] 1 test from HvfIntelProbe (92 ms total)

[==========] 1 test from 1 test suite ran. (93 ms total)
[  PASSED  ] 1 test.

Repeating all tests (iteration 134) . . .

Note: Google Test filter = HvfIntelProbe.FiniteDeadline
[==========] Running 1 test from 1 test suite.
[----------] 1 test from HvfIntelProbe
[ RUN      ] HvfIntelProbe.FiniteDeadline
INTEL_PROBE phase=executor_initialization
INTEL_PROBE phase=executor_retained
INTEL_PROBE phase=startup_probe
INTEL_PROBE phase=prepare_with_transport
INTEL_PROBE witness_budget mach_start=1890868653148 mach_end=1892867170082 remaining_ns=1998516934 timebase_numer=1 timebase_denom=1 max_calls=4096
INTEL_PROBE begin=finite_loop call=1 deadline=1890873670160 rip=65537 nonce=1890866824237 witness=0
INTEL_PROBE end=finite_loop call=1 status=0 mach_before=1890868674548 mach_after=1890870947952
INTEL_PROBE capture=finite_loop call=1 exec_before=1180742 exec_after=3134483 reason_before=37 reason=1 rip_before=65537 rip=65540 rax=1890866824237 nonce=1890866824237 witness=1890866824237
INTEL_PROBE begin=finite_loop call=2 deadline=1890873670160 rip=65540 nonce=1890866824237 witness=1890866824237
