Running main() from /Users/runner/work/test_mac_intel/test_mac_intel/source/build-hvf/_deps/googletest-src/googletest/src/gtest_main.cc

Repeating all tests (iteration 1) . . .

Note: Google Test filter = HvfExecutor.Native*
[==========] Running 1 test from 1 test suite.
[----------] Global test environment set-up.
[----------] 1 test from HvfExecutor
[ RUN      ] HvfExecutor.NativeIntelCancellationAndCompletionFailureAllowRetry
INTEL_PROBE phase=executor_retained
INTEL_LIFECYCLE phase=vcpu_destroy_begin generation=1 owner=36073
INTEL_LIFECYCLE phase=vcpu_destroy_end generation=1 owner=36073
INTEL_LIFECYCLE phase=vm_destroy_begin generation=1 owner=36073
INTEL_LIFECYCLE phase=vm_destroy_end generation=1 owner=36073
INTEL_LIFECYCLE phase=vm_create_begin generation=2 owner=36073
INTEL_LIFECYCLE phase=vm_create_end generation=2 owner=36073
INTEL_LIFECYCLE phase=vcpu_create_begin generation=2 owner=36073
INTEL_LIFECYCLE phase=vcpu_create_end generation=2 owner=36073
[       OK ] HvfExecutor.NativeIntelCancellationAndCompletionFailureAllowRetry (134 ms)
[----------] 1 test from HvfExecutor (134 ms total)

[==========] 1 test from 1 test suite ran. (134 ms total)
[  PASSED  ] 1 test.

Repeating all tests (iteration 2) . . .

Note: Google Test filter = HvfExecutor.Native*
[==========] Running 1 test from 1 test suite.
[----------] 1 test from HvfExecutor
[ RUN      ] HvfExecutor.NativeIntelCancellationAndCompletionFailureAllowRetry
INTEL_PROBE phase=executor_retained
INTEL_LIFECYCLE phase=vcpu_destroy_begin generation=2 owner=36073
INTEL_LIFECYCLE phase=vcpu_destroy_end generation=2 owner=36073
INTEL_LIFECYCLE phase=vm_destroy_begin generation=2 owner=36073
INTEL_LIFECYCLE phase=vm_destroy_end generation=2 owner=36073
INTEL_LIFECYCLE phase=vm_create_begin generation=3 owner=36073
INTEL_LIFECYCLE phase=vm_create_end generation=3 owner=36073
INTEL_LIFECYCLE phase=vcpu_create_begin generation=3 owner=36073
INTEL_LIFECYCLE phase=vcpu_create_end generation=3 owner=36073
[       OK ] HvfExecutor.NativeIntelCancellationAndCompletionFailureAllowRetry (166 ms)
[----------] 1 test from HvfExecutor (166 ms total)

[==========] 1 test from 1 test suite ran. (167 ms total)
[  PASSED  ] 1 test.

Repeating all tests (iteration 3) . . .

Note: Google Test filter = HvfExecutor.Native*
[==========] Running 1 test from 1 test suite.
[----------] 1 test from HvfExecutor
[ RUN      ] HvfExecutor.NativeIntelCancellationAndCompletionFailureAllowRetry
INTEL_PROBE phase=executor_retained
INTEL_LIFECYCLE phase=vcpu_destroy_begin generation=3 owner=36073
INTEL_LIFECYCLE phase=vcpu_destroy_end generation=3 owner=36073
INTEL_LIFECYCLE phase=vm_destroy_begin generation=3 owner=36073
INTEL_LIFECYCLE phase=vm_destroy_end generation=3 owner=36073
INTEL_LIFECYCLE phase=vm_create_begin generation=4 owner=36073
INTEL_LIFECYCLE phase=vm_create_end generation=4 owner=36073
INTEL_LIFECYCLE phase=vcpu_create_begin generation=4 owner=36073
INTEL_LIFECYCLE phase=vcpu_create_end generation=4 owner=36073
[       OK ] HvfExecutor.NativeIntelCancellationAndCompletionFailureAllowRetry (280 ms)
[----------] 1 test from HvfExecutor (280 ms total)

[==========] 1 test from 1 test suite ran. (280 ms total)
[  PASSED  ] 1 test.

Repeating all tests (iteration 4) . . .

Note: Google Test filter = HvfExecutor.Native*
[==========] Running 1 test from 1 test suite.
[----------] 1 test from HvfExecutor
[ RUN      ] HvfExecutor.NativeIntelCancellationAndCompletionFailureAllowRetry
INTEL_PROBE phase=executor_retained
INTEL_LIFECYCLE phase=vcpu_destroy_begin generation=4 owner=36073
INTEL_LIFECYCLE phase=vcpu_destroy_end generation=4 owner=36073
INTEL_LIFECYCLE phase=vm_destroy_begin generation=4 owner=36073
INTEL_LIFECYCLE phase=vm_destroy_end generation=4 owner=36073
INTEL_LIFECYCLE phase=vm_create_begin generation=5 owner=36073
INTEL_LIFECYCLE phase=vm_create_end generation=5 owner=36073
INTEL_LIFECYCLE phase=vcpu_create_begin generation=5 owner=36073
INTEL_LIFECYCLE phase=vcpu_create_end generation=5 owner=36073
[       OK ] HvfExecutor.NativeIntelCancellationAndCompletionFailureAllowRetry (240 ms)
[----------] 1 test from HvfExecutor (240 ms total)

[==========] 1 test from 1 test suite ran. (241 ms total)
[  PASSED  ] 1 test.

Repeating all tests (iteration 5) . . .

Note: Google Test filter = HvfExecutor.Native*
[==========] Running 1 test from 1 test suite.
[----------] 1 test from HvfExecutor
[ RUN      ] HvfExecutor.NativeIntelCancellationAndCompletionFailureAllowRetry
INTEL_PROBE phase=executor_retained
INTEL_LIFECYCLE phase=vcpu_destroy_begin generation=5 owner=36073
INTEL_LIFECYCLE phase=vcpu_destroy_end generation=5 owner=36073
INTEL_LIFECYCLE phase=vm_destroy_begin generation=5 owner=36073
INTEL_LIFECYCLE phase=vm_destroy_end generation=5 owner=36073
INTEL_LIFECYCLE phase=vm_create_begin generation=6 owner=36073
INTEL_LIFECYCLE phase=vm_create_end generation=6 owner=36073
INTEL_LIFECYCLE phase=vcpu_create_begin generation=6 owner=36073
INTEL_LIFECYCLE phase=vcpu_create_end generation=6 owner=36073
[       OK ] HvfExecutor.NativeIntelCancellationAndCompletionFailureAllowRetry (280 ms)
[----------] 1 test from HvfExecutor (280 ms total)

[==========] 1 test from 1 test suite ran. (280 ms total)
[  PASSED  ] 1 test.

Repeating all tests (iteration 6) . . .

Note: Google Test filter = HvfExecutor.Native*
[==========] Running 1 test from 1 test suite.
[----------] 1 test from HvfExecutor
[ RUN      ] HvfExecutor.NativeIntelCancellationAndCompletionFailureAllowRetry
INTEL_PROBE phase=executor_retained
INTEL_LIFECYCLE phase=vcpu_destroy_begin generation=6 owner=36073
INTEL_LIFECYCLE phase=vcpu_destroy_end generation=6 owner=36073
INTEL_LIFECYCLE phase=vm_destroy_begin generation=6 owner=36073
INTEL_LIFECYCLE phase=vm_destroy_end generation=6 owner=36073
INTEL_LIFECYCLE phase=vm_create_begin generation=7 owner=36073
INTEL_LIFECYCLE phase=vm_create_end generation=7 owner=36073
INTEL_LIFECYCLE phase=vcpu_create_begin generation=7 owner=36073
INTEL_LIFECYCLE phase=vcpu_create_end generation=7 owner=36073
[       OK ] HvfExecutor.NativeIntelCancellationAndCompletionFailureAllowRetry (310 ms)
[----------] 1 test from HvfExecutor (310 ms total)

[==========] 1 test from 1 test suite ran. (311 ms total)
[  PASSED  ] 1 test.

Repeating all tests (iteration 7) . . .

Note: Google Test filter = HvfExecutor.Native*
[==========] Running 1 test from 1 test suite.
[----------] 1 test from HvfExecutor
[ RUN      ] HvfExecutor.NativeIntelCancellationAndCompletionFailureAllowRetry
INTEL_PROBE phase=executor_retained
INTEL_LIFECYCLE phase=vcpu_destroy_begin generation=7 owner=36073
INTEL_LIFECYCLE phase=vcpu_destroy_end generation=7 owner=36073
INTEL_LIFECYCLE phase=vm_destroy_begin generation=7 owner=36073
INTEL_LIFECYCLE phase=vm_destroy_end generation=7 owner=36073
INTEL_LIFECYCLE phase=vm_create_begin generation=8 owner=36073
INTEL_LIFECYCLE phase=vm_create_end generation=8 owner=36073
INTEL_LIFECYCLE phase=vcpu_create_begin generation=8 owner=36073
INTEL_LIFECYCLE phase=vcpu_create_end generation=8 owner=36073
[       OK ] HvfExecutor.NativeIntelCancellationAndCompletionFailureAllowRetry (170 ms)
[----------] 1 test from HvfExecutor (170 ms total)

[==========] 1 test from 1 test suite ran. (170 ms total)
[  PASSED  ] 1 test.

Repeating all tests (iteration 8) . . .

Note: Google Test filter = HvfExecutor.Native*
[==========] Running 1 test from 1 test suite.
[----------] 1 test from HvfExecutor
[ RUN      ] HvfExecutor.NativeIntelCancellationAndCompletionFailureAllowRetry
INTEL_PROBE phase=executor_retained
INTEL_LIFECYCLE phase=vcpu_destroy_begin generation=8 owner=36073
INTEL_LIFECYCLE phase=vcpu_destroy_end generation=8 owner=36073
INTEL_LIFECYCLE phase=vm_destroy_begin generation=8 owner=36073
INTEL_LIFECYCLE phase=vm_destroy_end generation=8 owner=36073
INTEL_LIFECYCLE phase=vm_create_begin generation=9 owner=36073
INTEL_LIFECYCLE phase=vm_create_end generation=9 owner=36073
INTEL_LIFECYCLE phase=vcpu_create_begin generation=9 owner=36073
INTEL_LIFECYCLE phase=vcpu_create_end generation=9 owner=36073
[       OK ] HvfExecutor.NativeIntelCancellationAndCompletionFailureAllowRetry (353 ms)
[----------] 1 test from HvfExecutor (353 ms total)

[==========] 1 test from 1 test suite ran. (353 ms total)
[  PASSED  ] 1 test.

Repeating all tests (iteration 9) . . .

Note: Google Test filter = HvfExecutor.Native*
[==========] Running 1 test from 1 test suite.
[----------] 1 test from HvfExecutor
[ RUN      ] HvfExecutor.NativeIntelCancellationAndCompletionFailureAllowRetry
INTEL_PROBE phase=executor_retained
INTEL_LIFECYCLE phase=vcpu_destroy_begin generation=9 owner=36073
INTEL_LIFECYCLE phase=vcpu_destroy_end generation=9 owner=36073
INTEL_LIFECYCLE phase=vm_destroy_begin generation=9 owner=36073
INTEL_LIFECYCLE phase=vm_destroy_end generation=9 owner=36073
INTEL_LIFECYCLE phase=vm_create_begin generation=10 owner=36073
INTEL_LIFECYCLE phase=vm_create_end generation=10 owner=36073
INTEL_LIFECYCLE phase=vcpu_create_begin generation=10 owner=36073
INTEL_LIFECYCLE phase=vcpu_create_end generation=10 owner=36073
[       OK ] HvfExecutor.NativeIntelCancellationAndCompletionFailureAllowRetry (209 ms)
[----------] 1 test from HvfExecutor (209 ms total)

[==========] 1 test from 1 test suite ran. (209 ms total)
[  PASSED  ] 1 test.

Repeating all tests (iteration 10) . . .

Note: Google Test filter = HvfExecutor.Native*
[==========] Running 1 test from 1 test suite.
[----------] 1 test from HvfExecutor
[ RUN      ] HvfExecutor.NativeIntelCancellationAndCompletionFailureAllowRetry
INTEL_PROBE phase=executor_retained
INTEL_LIFECYCLE phase=vcpu_destroy_begin generation=10 owner=36073
INTEL_LIFECYCLE phase=vcpu_destroy_end generation=10 owner=36073
INTEL_LIFECYCLE phase=vm_destroy_begin generation=10 owner=36073
INTEL_LIFECYCLE phase=vm_destroy_end generation=10 owner=36073
INTEL_LIFECYCLE phase=vm_create_begin generation=11 owner=36073
INTEL_LIFECYCLE phase=vm_create_end generation=11 owner=36073
INTEL_LIFECYCLE phase=vcpu_create_begin generation=11 owner=36073
INTEL_LIFECYCLE phase=vcpu_create_end generation=11 owner=36073
[       OK ] HvfExecutor.NativeIntelCancellationAndCompletionFailureAllowRetry (175 ms)
[----------] 1 test from HvfExecutor (175 ms total)

[==========] 1 test from 1 test suite ran. (175 ms total)
[  PASSED  ] 1 test.

Repeating all tests (iteration 11) . . .

Note: Google Test filter = HvfExecutor.Native*
[==========] Running 1 test from 1 test suite.
[----------] 1 test from HvfExecutor
[ RUN      ] HvfExecutor.NativeIntelCancellationAndCompletionFailureAllowRetry
INTEL_PROBE phase=executor_retained
INTEL_LIFECYCLE phase=vcpu_destroy_begin generation=11 owner=36073
INTEL_LIFECYCLE phase=vcpu_destroy_end generation=11 owner=36073
INTEL_LIFECYCLE phase=vm_destroy_begin generation=11 owner=36073
INTEL_LIFECYCLE phase=vm_destroy_end generation=11 owner=36073
INTEL_LIFECYCLE phase=vm_create_begin generation=12 owner=36073
INTEL_LIFECYCLE phase=vm_create_end generation=12 owner=36073
INTEL_LIFECYCLE phase=vcpu_create_begin generation=12 owner=36073
INTEL_LIFECYCLE phase=vcpu_create_end generation=12 owner=36073
[       OK ] HvfExecutor.NativeIntelCancellationAndCompletionFailureAllowRetry (235 ms)
[----------] 1 test from HvfExecutor (235 ms total)

[==========] 1 test from 1 test suite ran. (235 ms total)
[  PASSED  ] 1 test.

Repeating all tests (iteration 12) . . .

Note: Google Test filter = HvfExecutor.Native*
[==========] Running 1 test from 1 test suite.
[----------] 1 test from HvfExecutor
[ RUN      ] HvfExecutor.NativeIntelCancellationAndCompletionFailureAllowRetry
INTEL_PROBE phase=executor_retained
INTEL_LIFECYCLE phase=vcpu_destroy_begin generation=12 owner=36073
INTEL_LIFECYCLE phase=vcpu_destroy_end generation=12 owner=36073
INTEL_LIFECYCLE phase=vm_destroy_begin generation=12 owner=36073
INTEL_LIFECYCLE phase=vm_destroy_end generation=12 owner=36073
INTEL_LIFECYCLE phase=vm_create_begin generation=13 owner=36073
INTEL_LIFECYCLE phase=vm_create_end generation=13 owner=36073
INTEL_LIFECYCLE phase=vcpu_create_begin generation=13 owner=36073
INTEL_LIFECYCLE phase=vcpu_create_end generation=13 owner=36073
[       OK ] HvfExecutor.NativeIntelCancellationAndCompletionFailureAllowRetry (431 ms)
[----------] 1 test from HvfExecutor (431 ms total)

[==========] 1 test from 1 test suite ran. (431 ms total)
[  PASSED  ] 1 test.

Repeating all tests (iteration 13) . . .

Note: Google Test filter = HvfExecutor.Native*
[==========] Running 1 test from 1 test suite.
[----------] 1 test from HvfExecutor
[ RUN      ] HvfExecutor.NativeIntelCancellationAndCompletionFailureAllowRetry
INTEL_PROBE phase=executor_retained
INTEL_LIFECYCLE phase=vcpu_destroy_begin generation=13 owner=36073
INTEL_LIFECYCLE phase=vcpu_destroy_end generation=13 owner=36073
INTEL_LIFECYCLE phase=vm_destroy_begin generation=13 owner=36073
INTEL_LIFECYCLE phase=vm_destroy_end generation=13 owner=36073
INTEL_LIFECYCLE phase=vm_create_begin generation=14 owner=36073
INTEL_LIFECYCLE phase=vm_create_end generation=14 owner=36073
INTEL_LIFECYCLE phase=vcpu_create_begin generation=14 owner=36073
INTEL_LIFECYCLE phase=vcpu_create_end generation=14 owner=36073
[       OK ] HvfExecutor.NativeIntelCancellationAndCompletionFailureAllowRetry (222 ms)
[----------] 1 test from HvfExecutor (222 ms total)

[==========] 1 test from 1 test suite ran. (223 ms total)
[  PASSED  ] 1 test.

Repeating all tests (iteration 14) . . .

Note: Google Test filter = HvfExecutor.Native*
[==========] Running 1 test from 1 test suite.
[----------] 1 test from HvfExecutor
[ RUN      ] HvfExecutor.NativeIntelCancellationAndCompletionFailureAllowRetry
INTEL_PROBE phase=executor_retained
INTEL_LIFECYCLE phase=vcpu_destroy_begin generation=14 owner=36073
INTEL_LIFECYCLE phase=vcpu_destroy_end generation=14 owner=36073
INTEL_LIFECYCLE phase=vm_destroy_begin generation=14 owner=36073
INTEL_LIFECYCLE phase=vm_destroy_end generation=14 owner=36073
INTEL_LIFECYCLE phase=vm_create_begin generation=15 owner=36073
INTEL_LIFECYCLE phase=vm_create_end generation=15 owner=36073
INTEL_LIFECYCLE phase=vcpu_create_begin generation=15 owner=36073
INTEL_LIFECYCLE phase=vcpu_create_end generation=15 owner=36073
[       OK ] HvfExecutor.NativeIntelCancellationAndCompletionFailureAllowRetry (244 ms)
[----------] 1 test from HvfExecutor (244 ms total)

[==========] 1 test from 1 test suite ran. (244 ms total)
[  PASSED  ] 1 test.

Repeating all tests (iteration 15) . . .

Note: Google Test filter = HvfExecutor.Native*
[==========] Running 1 test from 1 test suite.
[----------] 1 test from HvfExecutor
[ RUN      ] HvfExecutor.NativeIntelCancellationAndCompletionFailureAllowRetry
INTEL_PROBE phase=executor_retained
INTEL_LIFECYCLE phase=vcpu_destroy_begin generation=15 owner=36073
INTEL_LIFECYCLE phase=vcpu_destroy_end generation=15 owner=36073
INTEL_LIFECYCLE phase=vm_destroy_begin generation=15 owner=36073
INTEL_LIFECYCLE phase=vm_destroy_end generation=15 owner=36073
INTEL_LIFECYCLE phase=vm_create_begin generation=16 owner=36073
INTEL_LIFECYCLE phase=vm_create_end generation=16 owner=36073
INTEL_LIFECYCLE phase=vcpu_create_begin generation=16 owner=36073
INTEL_LIFECYCLE phase=vcpu_create_end generation=16 owner=36073
[       OK ] HvfExecutor.NativeIntelCancellationAndCompletionFailureAllowRetry (244 ms)
[----------] 1 test from HvfExecutor (244 ms total)

[==========] 1 test from 1 test suite ran. (244 ms total)
[  PASSED  ] 1 test.

Repeating all tests (iteration 16) . . .

Note: Google Test filter = HvfExecutor.Native*
[==========] Running 1 test from 1 test suite.
[----------] 1 test from HvfExecutor
[ RUN      ] HvfExecutor.NativeIntelCancellationAndCompletionFailureAllowRetry
INTEL_PROBE phase=executor_retained
INTEL_LIFECYCLE phase=vcpu_destroy_begin generation=16 owner=36073
INTEL_LIFECYCLE phase=vcpu_destroy_end generation=16 owner=36073
INTEL_LIFECYCLE phase=vm_destroy_begin generation=16 owner=36073
INTEL_LIFECYCLE phase=vm_destroy_end generation=16 owner=36073
INTEL_LIFECYCLE phase=vm_create_begin generation=17 owner=36073
INTEL_LIFECYCLE phase=vm_create_end generation=17 owner=36073
INTEL_LIFECYCLE phase=vcpu_create_begin generation=17 owner=36073
INTEL_LIFECYCLE phase=vcpu_create_end generation=17 owner=36073
[       OK ] HvfExecutor.NativeIntelCancellationAndCompletionFailureAllowRetry (365 ms)
[----------] 1 test from HvfExecutor (366 ms total)

[==========] 1 test from 1 test suite ran. (366 ms total)
[  PASSED  ] 1 test.

Repeating all tests (iteration 17) . . .

Note: Google Test filter = HvfExecutor.Native*
[==========] Running 1 test from 1 test suite.
[----------] 1 test from HvfExecutor
[ RUN      ] HvfExecutor.NativeIntelCancellationAndCompletionFailureAllowRetry
INTEL_PROBE phase=executor_retained
INTEL_LIFECYCLE phase=vcpu_destroy_begin generation=17 owner=36073
INTEL_LIFECYCLE phase=vcpu_destroy_end generation=17 owner=36073
INTEL_LIFECYCLE phase=vm_destroy_begin generation=17 owner=36073
INTEL_LIFECYCLE phase=vm_destroy_end generation=17 owner=36073
INTEL_LIFECYCLE phase=vm_create_begin generation=18 owner=36073
INTEL_LIFECYCLE phase=vm_create_end generation=18 owner=36073
INTEL_LIFECYCLE phase=vcpu_create_begin generation=18 owner=36073
INTEL_LIFECYCLE phase=vcpu_create_end generation=18 owner=36073
[       OK ] HvfExecutor.NativeIntelCancellationAndCompletionFailureAllowRetry (410 ms)
[----------] 1 test from HvfExecutor (410 ms total)

[==========] 1 test from 1 test suite ran. (410 ms total)
[  PASSED  ] 1 test.

Repeating all tests (iteration 18) . . .

Note: Google Test filter = HvfExecutor.Native*
[==========] Running 1 test from 1 test suite.
[----------] 1 test from HvfExecutor
[ RUN      ] HvfExecutor.NativeIntelCancellationAndCompletionFailureAllowRetry
INTEL_PROBE phase=executor_retained
INTEL_LIFECYCLE phase=vcpu_destroy_begin generation=18 owner=36073
INTEL_LIFECYCLE phase=vcpu_destroy_end generation=18 owner=36073
INTEL_LIFECYCLE phase=vm_destroy_begin generation=18 owner=36073
INTEL_LIFECYCLE phase=vm_destroy_end generation=18 owner=36073
INTEL_LIFECYCLE phase=vm_create_begin generation=19 owner=36073
INTEL_LIFECYCLE phase=vm_create_end generation=19 owner=36073
INTEL_LIFECYCLE phase=vcpu_create_begin generation=19 owner=36073
INTEL_LIFECYCLE phase=vcpu_create_end generation=19 owner=36073
[       OK ] HvfExecutor.NativeIntelCancellationAndCompletionFailureAllowRetry (299 ms)
[----------] 1 test from HvfExecutor (299 ms total)

[==========] 1 test from 1 test suite ran. (299 ms total)
[  PASSED  ] 1 test.

Repeating all tests (iteration 19) . . .

Note: Google Test filter = HvfExecutor.Native*
[==========] Running 1 test from 1 test suite.
[----------] 1 test from HvfExecutor
[ RUN      ] HvfExecutor.NativeIntelCancellationAndCompletionFailureAllowRetry
INTEL_PROBE phase=executor_retained
INTEL_LIFECYCLE phase=vcpu_destroy_begin generation=19 owner=36073
INTEL_LIFECYCLE phase=vcpu_destroy_end generation=19 owner=36073
INTEL_LIFECYCLE phase=vm_destroy_begin generation=19 owner=36073
INTEL_LIFECYCLE phase=vm_destroy_end generation=19 owner=36073
INTEL_LIFECYCLE phase=vm_create_begin generation=20 owner=36073
INTEL_LIFECYCLE phase=vm_create_end generation=20 owner=36073
INTEL_LIFECYCLE phase=vcpu_create_begin generation=20 owner=36073
INTEL_LIFECYCLE phase=vcpu_create_end generation=20 owner=36073
[       OK ] HvfExecutor.NativeIntelCancellationAndCompletionFailureAllowRetry (257 ms)
[----------] 1 test from HvfExecutor (257 ms total)

[==========] 1 test from 1 test suite ran. (257 ms total)
[  PASSED  ] 1 test.

Repeating all tests (iteration 20) . . .

Note: Google Test filter = HvfExecutor.Native*
[==========] Running 1 test from 1 test suite.
[----------] 1 test from HvfExecutor
[ RUN      ] HvfExecutor.NativeIntelCancellationAndCompletionFailureAllowRetry
INTEL_PROBE phase=executor_retained
INTEL_LIFECYCLE phase=vcpu_destroy_begin generation=20 owner=36073
INTEL_LIFECYCLE phase=vcpu_destroy_end generation=20 owner=36073
INTEL_LIFECYCLE phase=vm_destroy_begin generation=20 owner=36073
INTEL_LIFECYCLE phase=vm_destroy_end generation=20 owner=36073
INTEL_LIFECYCLE phase=vm_create_begin generation=21 owner=36073
INTEL_LIFECYCLE phase=vm_create_end generation=21 owner=36073
INTEL_LIFECYCLE phase=vcpu_create_begin generation=21 owner=36073
INTEL_LIFECYCLE phase=vcpu_create_end generation=21 owner=36073
[       OK ] HvfExecutor.NativeIntelCancellationAndCompletionFailureAllowRetry (228 ms)
[----------] 1 test from HvfExecutor (228 ms total)

[==========] 1 test from 1 test suite ran. (228 ms total)
[  PASSED  ] 1 test.

Repeating all tests (iteration 21) . . .

Note: Google Test filter = HvfExecutor.Native*
[==========] Running 1 test from 1 test suite.
[----------] 1 test from HvfExecutor
[ RUN      ] HvfExecutor.NativeIntelCancellationAndCompletionFailureAllowRetry
INTEL_PROBE phase=executor_retained
INTEL_LIFECYCLE phase=vcpu_destroy_begin generation=21 owner=36073
INTEL_LIFECYCLE phase=vcpu_destroy_end generation=21 owner=36073
INTEL_LIFECYCLE phase=vm_destroy_begin generation=21 owner=36073
INTEL_LIFECYCLE phase=vm_destroy_end generation=21 owner=36073
INTEL_LIFECYCLE phase=vm_create_begin generation=22 owner=36073
INTEL_LIFECYCLE phase=vm_create_end generation=22 owner=36073
INTEL_LIFECYCLE phase=vcpu_create_begin generation=22 owner=36073
INTEL_LIFECYCLE phase=vcpu_create_end generation=22 owner=36073
[       OK ] HvfExecutor.NativeIntelCancellationAndCompletionFailureAllowRetry (312 ms)
[----------] 1 test from HvfExecutor (312 ms total)

[==========] 1 test from 1 test suite ran. (312 ms total)
[  PASSED  ] 1 test.

Repeating all tests (iteration 22) . . .

Note: Google Test filter = HvfExecutor.Native*
[==========] Running 1 test from 1 test suite.
[----------] 1 test from HvfExecutor
[ RUN      ] HvfExecutor.NativeIntelCancellationAndCompletionFailureAllowRetry
INTEL_PROBE phase=executor_retained
INTEL_LIFECYCLE phase=vcpu_destroy_begin generation=22 owner=36073
INTEL_LIFECYCLE phase=vcpu_destroy_end generation=22 owner=36073
INTEL_LIFECYCLE phase=vm_destroy_begin generation=22 owner=36073
INTEL_LIFECYCLE phase=vm_destroy_end generation=22 owner=36073
INTEL_LIFECYCLE phase=vm_create_begin generation=23 owner=36073
INTEL_LIFECYCLE phase=vm_create_end generation=23 owner=36073
INTEL_LIFECYCLE phase=vcpu_create_begin generation=23 owner=36073
INTEL_LIFECYCLE phase=vcpu_create_end generation=23 owner=36073
[       OK ] HvfExecutor.NativeIntelCancellationAndCompletionFailureAllowRetry (294 ms)
[----------] 1 test from HvfExecutor (294 ms total)

[==========] 1 test from 1 test suite ran. (294 ms total)
[  PASSED  ] 1 test.

Repeating all tests (iteration 23) . . .

Note: Google Test filter = HvfExecutor.Native*
[==========] Running 1 test from 1 test suite.
[----------] 1 test from HvfExecutor
[ RUN      ] HvfExecutor.NativeIntelCancellationAndCompletionFailureAllowRetry
INTEL_PROBE phase=executor_retained
INTEL_LIFECYCLE phase=vcpu_destroy_begin generation=23 owner=36073
INTEL_LIFECYCLE phase=vcpu_destroy_end generation=23 owner=36073
INTEL_LIFECYCLE phase=vm_destroy_begin generation=23 owner=36073
INTEL_LIFECYCLE phase=vm_destroy_end generation=23 owner=36073
INTEL_LIFECYCLE phase=vm_create_begin generation=24 owner=36073
INTEL_LIFECYCLE phase=vm_create_end generation=24 owner=36073
INTEL_LIFECYCLE phase=vcpu_create_begin generation=24 owner=36073
INTEL_LIFECYCLE phase=vcpu_create_end generation=24 owner=36073
[       OK ] HvfExecutor.NativeIntelCancellationAndCompletionFailureAllowRetry (271 ms)
[----------] 1 test from HvfExecutor (271 ms total)

[==========] 1 test from 1 test suite ran. (271 ms total)
[  PASSED  ] 1 test.

Repeating all tests (iteration 24) . . .

Note: Google Test filter = HvfExecutor.Native*
[==========] Running 1 test from 1 test suite.
[----------] 1 test from HvfExecutor
[ RUN      ] HvfExecutor.NativeIntelCancellationAndCompletionFailureAllowRetry
INTEL_PROBE phase=executor_retained
INTEL_LIFECYCLE phase=vcpu_destroy_begin generation=24 owner=36073
INTEL_LIFECYCLE phase=vcpu_destroy_end generation=24 owner=36073
INTEL_LIFECYCLE phase=vm_destroy_begin generation=24 owner=36073
INTEL_LIFECYCLE phase=vm_destroy_end generation=24 owner=36073
INTEL_LIFECYCLE phase=vm_create_begin generation=25 owner=36073
INTEL_LIFECYCLE phase=vm_create_end generation=25 owner=36073
INTEL_LIFECYCLE phase=vcpu_create_begin generation=25 owner=36073
INTEL_LIFECYCLE phase=vcpu_create_end generation=25 owner=36073
[       OK ] HvfExecutor.NativeIntelCancellationAndCompletionFailureAllowRetry (133 ms)
[----------] 1 test from HvfExecutor (133 ms total)

[==========] 1 test from 1 test suite ran. (133 ms total)
[  PASSED  ] 1 test.

Repeating all tests (iteration 25) . . .

Note: Google Test filter = HvfExecutor.Native*
[==========] Running 1 test from 1 test suite.
[----------] 1 test from HvfExecutor
[ RUN      ] HvfExecutor.NativeIntelCancellationAndCompletionFailureAllowRetry
INTEL_PROBE phase=executor_retained
INTEL_LIFECYCLE phase=vcpu_destroy_begin generation=25 owner=36073
INTEL_LIFECYCLE phase=vcpu_destroy_end generation=25 owner=36073
INTEL_LIFECYCLE phase=vm_destroy_begin generation=25 owner=36073
INTEL_LIFECYCLE phase=vm_destroy_end generation=25 owner=36073
INTEL_LIFECYCLE phase=vm_create_begin generation=26 owner=36073
INTEL_LIFECYCLE phase=vm_create_end generation=26 owner=36073
INTEL_LIFECYCLE phase=vcpu_create_begin generation=26 owner=36073
INTEL_LIFECYCLE phase=vcpu_create_end generation=26 owner=36073
[       OK ] HvfExecutor.NativeIntelCancellationAndCompletionFailureAllowRetry (177 ms)
[----------] 1 test from HvfExecutor (177 ms total)

[==========] 1 test from 1 test suite ran. (178 ms total)
[  PASSED  ] 1 test.

Repeating all tests (iteration 26) . . .

Note: Google Test filter = HvfExecutor.Native*
[==========] Running 1 test from 1 test suite.
[----------] 1 test from HvfExecutor
[ RUN      ] HvfExecutor.NativeIntelCancellationAndCompletionFailureAllowRetry
INTEL_PROBE phase=executor_retained
INTEL_LIFECYCLE phase=vcpu_destroy_begin generation=26 owner=36073
INTEL_LIFECYCLE phase=vcpu_destroy_end generation=26 owner=36073
INTEL_LIFECYCLE phase=vm_destroy_begin generation=26 owner=36073
INTEL_LIFECYCLE phase=vm_destroy_end generation=26 owner=36073
INTEL_LIFECYCLE phase=vm_create_begin generation=27 owner=36073
INTEL_LIFECYCLE phase=vm_create_end generation=27 owner=36073
INTEL_LIFECYCLE phase=vcpu_create_begin generation=27 owner=36073
INTEL_LIFECYCLE phase=vcpu_create_end generation=27 owner=36073
[       OK ] HvfExecutor.NativeIntelCancellationAndCompletionFailureAllowRetry (282 ms)
[----------] 1 test from HvfExecutor (282 ms total)

[==========] 1 test from 1 test suite ran. (283 ms total)
[  PASSED  ] 1 test.

Repeating all tests (iteration 27) . . .

Note: Google Test filter = HvfExecutor.Native*
[==========] Running 1 test from 1 test suite.
[----------] 1 test from HvfExecutor
[ RUN      ] HvfExecutor.NativeIntelCancellationAndCompletionFailureAllowRetry
INTEL_PROBE phase=executor_retained
INTEL_LIFECYCLE phase=vcpu_destroy_begin generation=27 owner=36073
INTEL_LIFECYCLE phase=vcpu_destroy_end generation=27 owner=36073
INTEL_LIFECYCLE phase=vm_destroy_begin generation=27 owner=36073
INTEL_LIFECYCLE phase=vm_destroy_end generation=27 owner=36073
INTEL_LIFECYCLE phase=vm_create_begin generation=28 owner=36073
INTEL_LIFECYCLE phase=vm_create_end generation=28 owner=36073
INTEL_LIFECYCLE phase=vcpu_create_begin generation=28 owner=36073
INTEL_LIFECYCLE phase=vcpu_create_end generation=28 owner=36073
[       OK ] HvfExecutor.NativeIntelCancellationAndCompletionFailureAllowRetry (271 ms)
[----------] 1 test from HvfExecutor (271 ms total)

[==========] 1 test from 1 test suite ran. (271 ms total)
[  PASSED  ] 1 test.

Repeating all tests (iteration 28) . . .

Note: Google Test filter = HvfExecutor.Native*
[==========] Running 1 test from 1 test suite.
[----------] 1 test from HvfExecutor
[ RUN      ] HvfExecutor.NativeIntelCancellationAndCompletionFailureAllowRetry
INTEL_PROBE phase=executor_retained
INTEL_LIFECYCLE phase=vcpu_destroy_begin generation=28 owner=36073
INTEL_LIFECYCLE phase=vcpu_destroy_end generation=28 owner=36073
INTEL_LIFECYCLE phase=vm_destroy_begin generation=28 owner=36073
INTEL_LIFECYCLE phase=vm_destroy_end generation=28 owner=36073
INTEL_LIFECYCLE phase=vm_create_begin generation=29 owner=36073
INTEL_LIFECYCLE phase=vm_create_end generation=29 owner=36073
INTEL_LIFECYCLE phase=vcpu_create_begin generation=29 owner=36073
INTEL_LIFECYCLE phase=vcpu_create_end generation=29 owner=36073
[       OK ] HvfExecutor.NativeIntelCancellationAndCompletionFailureAllowRetry (256 ms)
[----------] 1 test from HvfExecutor (256 ms total)

[==========] 1 test from 1 test suite ran. (256 ms total)
[  PASSED  ] 1 test.

Repeating all tests (iteration 29) . . .

Note: Google Test filter = HvfExecutor.Native*
[==========] Running 1 test from 1 test suite.
[----------] 1 test from HvfExecutor
[ RUN      ] HvfExecutor.NativeIntelCancellationAndCompletionFailureAllowRetry
INTEL_PROBE phase=executor_retained
INTEL_LIFECYCLE phase=vcpu_destroy_begin generation=29 owner=36073
INTEL_LIFECYCLE phase=vcpu_destroy_end generation=29 owner=36073
INTEL_LIFECYCLE phase=vm_destroy_begin generation=29 owner=36073
INTEL_LIFECYCLE phase=vm_destroy_end generation=29 owner=36073
INTEL_LIFECYCLE phase=vm_create_begin generation=30 owner=36073
INTEL_LIFECYCLE phase=vm_create_end generation=30 owner=36073
INTEL_LIFECYCLE phase=vcpu_create_begin generation=30 owner=36073
INTEL_LIFECYCLE phase=vcpu_create_end generation=30 owner=36073
[       OK ] HvfExecutor.NativeIntelCancellationAndCompletionFailureAllowRetry (241 ms)
[----------] 1 test from HvfExecutor (241 ms total)

[==========] 1 test from 1 test suite ran. (241 ms total)
[  PASSED  ] 1 test.

Repeating all tests (iteration 30) . . .

Note: Google Test filter = HvfExecutor.Native*
[==========] Running 1 test from 1 test suite.
[----------] 1 test from HvfExecutor
[ RUN      ] HvfExecutor.NativeIntelCancellationAndCompletionFailureAllowRetry
INTEL_PROBE phase=executor_retained
INTEL_LIFECYCLE phase=vcpu_destroy_begin generation=30 owner=36073
INTEL_LIFECYCLE phase=vcpu_destroy_end generation=30 owner=36073
INTEL_LIFECYCLE phase=vm_destroy_begin generation=30 owner=36073
INTEL_LIFECYCLE phase=vm_destroy_end generation=30 owner=36073
INTEL_LIFECYCLE phase=vm_create_begin generation=31 owner=36073
INTEL_LIFECYCLE phase=vm_create_end generation=31 owner=36073
INTEL_LIFECYCLE phase=vcpu_create_begin generation=31 owner=36073
INTEL_LIFECYCLE phase=vcpu_create_end generation=31 owner=36073
[       OK ] HvfExecutor.NativeIntelCancellationAndCompletionFailureAllowRetry (239 ms)
[----------] 1 test from HvfExecutor (239 ms total)

[==========] 1 test from 1 test suite ran. (239 ms total)
[  PASSED  ] 1 test.

Repeating all tests (iteration 31) . . .

Note: Google Test filter = HvfExecutor.Native*
[==========] Running 1 test from 1 test suite.
[----------] 1 test from HvfExecutor
[ RUN      ] HvfExecutor.NativeIntelCancellationAndCompletionFailureAllowRetry
INTEL_PROBE phase=executor_retained
INTEL_LIFECYCLE phase=vcpu_destroy_begin generation=31 owner=36073
INTEL_LIFECYCLE phase=vcpu_destroy_end generation=31 owner=36073
INTEL_LIFECYCLE phase=vm_destroy_begin generation=31 owner=36073
INTEL_LIFECYCLE phase=vm_destroy_end generation=31 owner=36073
INTEL_LIFECYCLE phase=vm_create_begin generation=32 owner=36073
INTEL_LIFECYCLE phase=vm_create_end generation=32 owner=36073
INTEL_LIFECYCLE phase=vcpu_create_begin generation=32 owner=36073
INTEL_LIFECYCLE phase=vcpu_create_end generation=32 owner=36073
[       OK ] HvfExecutor.NativeIntelCancellationAndCompletionFailureAllowRetry (272 ms)
[----------] 1 test from HvfExecutor (272 ms total)

[==========] 1 test from 1 test suite ran. (272 ms total)
[  PASSED  ] 1 test.

Repeating all tests (iteration 32) . . .

Note: Google Test filter = HvfExecutor.Native*
[==========] Running 1 test from 1 test suite.
[----------] 1 test from HvfExecutor
[ RUN      ] HvfExecutor.NativeIntelCancellationAndCompletionFailureAllowRetry
INTEL_PROBE phase=executor_retained
INTEL_LIFECYCLE phase=vcpu_destroy_begin generation=32 owner=36073
INTEL_LIFECYCLE phase=vcpu_destroy_end generation=32 owner=36073
INTEL_LIFECYCLE phase=vm_destroy_begin generation=32 owner=36073
INTEL_LIFECYCLE phase=vm_destroy_end generation=32 owner=36073
INTEL_LIFECYCLE phase=vm_create_begin generation=33 owner=36073
INTEL_LIFECYCLE phase=vm_create_end generation=33 owner=36073
INTEL_LIFECYCLE phase=vcpu_create_begin generation=33 owner=36073
INTEL_LIFECYCLE phase=vcpu_create_end generation=33 owner=36073
[       OK ] HvfExecutor.NativeIntelCancellationAndCompletionFailureAllowRetry (274 ms)
[----------] 1 test from HvfExecutor (274 ms total)

[==========] 1 test from 1 test suite ran. (274 ms total)
[  PASSED  ] 1 test.

Repeating all tests (iteration 33) . . .

Note: Google Test filter = HvfExecutor.Native*
[==========] Running 1 test from 1 test suite.
[----------] 1 test from HvfExecutor
[ RUN      ] HvfExecutor.NativeIntelCancellationAndCompletionFailureAllowRetry
INTEL_PROBE phase=executor_retained
INTEL_LIFECYCLE phase=vcpu_destroy_begin generation=33 owner=36073
INTEL_LIFECYCLE phase=vcpu_destroy_end generation=33 owner=36073
INTEL_LIFECYCLE phase=vm_destroy_begin generation=33 owner=36073
INTEL_LIFECYCLE phase=vm_destroy_end generation=33 owner=36073
INTEL_LIFECYCLE phase=vm_create_begin generation=34 owner=36073
INTEL_LIFECYCLE phase=vm_create_end generation=34 owner=36073
INTEL_LIFECYCLE phase=vcpu_create_begin generation=34 owner=36073
INTEL_LIFECYCLE phase=vcpu_create_end generation=34 owner=36073
[       OK ] HvfExecutor.NativeIntelCancellationAndCompletionFailureAllowRetry (150 ms)
[----------] 1 test from HvfExecutor (150 ms total)

[==========] 1 test from 1 test suite ran. (150 ms total)
[  PASSED  ] 1 test.

Repeating all tests (iteration 34) . . .

Note: Google Test filter = HvfExecutor.Native*
[==========] Running 1 test from 1 test suite.
[----------] 1 test from HvfExecutor
[ RUN      ] HvfExecutor.NativeIntelCancellationAndCompletionFailureAllowRetry
INTEL_PROBE phase=executor_retained
INTEL_LIFECYCLE phase=vcpu_destroy_begin generation=34 owner=36073
INTEL_LIFECYCLE phase=vcpu_destroy_end generation=34 owner=36073
INTEL_LIFECYCLE phase=vm_destroy_begin generation=34 owner=36073
INTEL_LIFECYCLE phase=vm_destroy_end generation=34 owner=36073
INTEL_LIFECYCLE phase=vm_create_begin generation=35 owner=36073
INTEL_LIFECYCLE phase=vm_create_end generation=35 owner=36073
INTEL_LIFECYCLE phase=vcpu_create_begin generation=35 owner=36073
INTEL_LIFECYCLE phase=vcpu_create_end generation=35 owner=36073
[       OK ] HvfExecutor.NativeIntelCancellationAndCompletionFailureAllowRetry (237 ms)
[----------] 1 test from HvfExecutor (237 ms total)

[==========] 1 test from 1 test suite ran. (237 ms total)
[  PASSED  ] 1 test.

Repeating all tests (iteration 35) . . .

Note: Google Test filter = HvfExecutor.Native*
[==========] Running 1 test from 1 test suite.
[----------] 1 test from HvfExecutor
[ RUN      ] HvfExecutor.NativeIntelCancellationAndCompletionFailureAllowRetry
INTEL_PROBE phase=executor_retained
INTEL_LIFECYCLE phase=vcpu_destroy_begin generation=35 owner=36073
INTEL_LIFECYCLE phase=vcpu_destroy_end generation=35 owner=36073
INTEL_LIFECYCLE phase=vm_destroy_begin generation=35 owner=36073
INTEL_LIFECYCLE phase=vm_destroy_end generation=35 owner=36073
INTEL_LIFECYCLE phase=vm_create_begin generation=36 owner=36073
INTEL_LIFECYCLE phase=vm_create_end generation=36 owner=36073
INTEL_LIFECYCLE phase=vcpu_create_begin generation=36 owner=36073
INTEL_LIFECYCLE phase=vcpu_create_end generation=36 owner=36073
[       OK ] HvfExecutor.NativeIntelCancellationAndCompletionFailureAllowRetry (153 ms)
[----------] 1 test from HvfExecutor (153 ms total)

[==========] 1 test from 1 test suite ran. (153 ms total)
[  PASSED  ] 1 test.

Repeating all tests (iteration 36) . . .

Note: Google Test filter = HvfExecutor.Native*
[==========] Running 1 test from 1 test suite.
[----------] 1 test from HvfExecutor
[ RUN      ] HvfExecutor.NativeIntelCancellationAndCompletionFailureAllowRetry
INTEL_PROBE phase=executor_retained
INTEL_LIFECYCLE phase=vcpu_destroy_begin generation=36 owner=36073
INTEL_LIFECYCLE phase=vcpu_destroy_end generation=36 owner=36073
INTEL_LIFECYCLE phase=vm_destroy_begin generation=36 owner=36073
INTEL_LIFECYCLE phase=vm_destroy_end generation=36 owner=36073
INTEL_LIFECYCLE phase=vm_create_begin generation=37 owner=36073
INTEL_LIFECYCLE phase=vm_create_end generation=37 owner=36073
INTEL_LIFECYCLE phase=vcpu_create_begin generation=37 owner=36073
INTEL_LIFECYCLE phase=vcpu_create_end generation=37 owner=36073
[       OK ] HvfExecutor.NativeIntelCancellationAndCompletionFailureAllowRetry (241 ms)
[----------] 1 test from HvfExecutor (241 ms total)

[==========] 1 test from 1 test suite ran. (241 ms total)
[  PASSED  ] 1 test.

Repeating all tests (iteration 37) . . .

Note: Google Test filter = HvfExecutor.Native*
[==========] Running 1 test from 1 test suite.
[----------] 1 test from HvfExecutor
[ RUN      ] HvfExecutor.NativeIntelCancellationAndCompletionFailureAllowRetry
INTEL_PROBE phase=executor_retained
INTEL_LIFECYCLE phase=vcpu_destroy_begin generation=37 owner=36073
INTEL_LIFECYCLE phase=vcpu_destroy_end generation=37 owner=36073
INTEL_LIFECYCLE phase=vm_destroy_begin generation=37 owner=36073
INTEL_LIFECYCLE phase=vm_destroy_end generation=37 owner=36073
INTEL_LIFECYCLE phase=vm_create_begin generation=38 owner=36073
INTEL_LIFECYCLE phase=vm_create_end generation=38 owner=36073
INTEL_LIFECYCLE phase=vcpu_create_begin generation=38 owner=36073
INTEL_LIFECYCLE phase=vcpu_create_end generation=38 owner=36073
[       OK ] HvfExecutor.NativeIntelCancellationAndCompletionFailureAllowRetry (332 ms)
[----------] 1 test from HvfExecutor (332 ms total)

[==========] 1 test from 1 test suite ran. (332 ms total)
[  PASSED  ] 1 test.

Repeating all tests (iteration 38) . . .

Note: Google Test filter = HvfExecutor.Native*
[==========] Running 1 test from 1 test suite.
[----------] 1 test from HvfExecutor
[ RUN      ] HvfExecutor.NativeIntelCancellationAndCompletionFailureAllowRetry
INTEL_PROBE phase=executor_retained
INTEL_LIFECYCLE phase=vcpu_destroy_begin generation=38 owner=36073
INTEL_LIFECYCLE phase=vcpu_destroy_end generation=38 owner=36073
INTEL_LIFECYCLE phase=vm_destroy_begin generation=38 owner=36073
INTEL_LIFECYCLE phase=vm_destroy_end generation=38 owner=36073
INTEL_LIFECYCLE phase=vm_create_begin generation=39 owner=36073
INTEL_LIFECYCLE phase=vm_create_end generation=39 owner=36073
INTEL_LIFECYCLE phase=vcpu_create_begin generation=39 owner=36073
INTEL_LIFECYCLE phase=vcpu_create_end generation=39 owner=36073
[       OK ] HvfExecutor.NativeIntelCancellationAndCompletionFailureAllowRetry (268 ms)
[----------] 1 test from HvfExecutor (268 ms total)

[==========] 1 test from 1 test suite ran. (268 ms total)
[  PASSED  ] 1 test.

Repeating all tests (iteration 39) . . .

Note: Google Test filter = HvfExecutor.Native*
[==========] Running 1 test from 1 test suite.
[----------] 1 test from HvfExecutor
[ RUN      ] HvfExecutor.NativeIntelCancellationAndCompletionFailureAllowRetry
INTEL_PROBE phase=executor_retained
INTEL_LIFECYCLE phase=vcpu_destroy_begin generation=39 owner=36073
INTEL_LIFECYCLE phase=vcpu_destroy_end generation=39 owner=36073
INTEL_LIFECYCLE phase=vm_destroy_begin generation=39 owner=36073
INTEL_LIFECYCLE phase=vm_destroy_end generation=39 owner=36073
INTEL_LIFECYCLE phase=vm_create_begin generation=40 owner=36073
INTEL_LIFECYCLE phase=vm_create_end generation=40 owner=36073
INTEL_LIFECYCLE phase=vcpu_create_begin generation=40 owner=36073
INTEL_LIFECYCLE phase=vcpu_create_end generation=40 owner=36073
[       OK ] HvfExecutor.NativeIntelCancellationAndCompletionFailureAllowRetry (153 ms)
[----------] 1 test from HvfExecutor (153 ms total)

[==========] 1 test from 1 test suite ran. (153 ms total)
[  PASSED  ] 1 test.

Repeating all tests (iteration 40) . . .

Note: Google Test filter = HvfExecutor.Native*
[==========] Running 1 test from 1 test suite.
[----------] 1 test from HvfExecutor
[ RUN      ] HvfExecutor.NativeIntelCancellationAndCompletionFailureAllowRetry
INTEL_PROBE phase=executor_retained
INTEL_LIFECYCLE phase=vcpu_destroy_begin generation=40 owner=36073
INTEL_LIFECYCLE phase=vcpu_destroy_end generation=40 owner=36073
INTEL_LIFECYCLE phase=vm_destroy_begin generation=40 owner=36073
INTEL_LIFECYCLE phase=vm_destroy_end generation=40 owner=36073
INTEL_LIFECYCLE phase=vm_create_begin generation=41 owner=36073
INTEL_LIFECYCLE phase=vm_create_end generation=41 owner=36073
INTEL_LIFECYCLE phase=vcpu_create_begin generation=41 owner=36073
INTEL_LIFECYCLE phase=vcpu_create_end generation=41 owner=36073
[       OK ] HvfExecutor.NativeIntelCancellationAndCompletionFailureAllowRetry (140 ms)
[----------] 1 test from HvfExecutor (141 ms total)

[==========] 1 test from 1 test suite ran. (141 ms total)
[  PASSED  ] 1 test.

Repeating all tests (iteration 41) . . .

Note: Google Test filter = HvfExecutor.Native*
[==========] Running 1 test from 1 test suite.
[----------] 1 test from HvfExecutor
[ RUN      ] HvfExecutor.NativeIntelCancellationAndCompletionFailureAllowRetry
INTEL_PROBE phase=executor_retained
INTEL_LIFECYCLE phase=vcpu_destroy_begin generation=41 owner=36073
INTEL_LIFECYCLE phase=vcpu_destroy_end generation=41 owner=36073
INTEL_LIFECYCLE phase=vm_destroy_begin generation=41 owner=36073
INTEL_LIFECYCLE phase=vm_destroy_end generation=41 owner=36073
INTEL_LIFECYCLE phase=vm_create_begin generation=42 owner=36073
INTEL_LIFECYCLE phase=vm_create_end generation=42 owner=36073
INTEL_LIFECYCLE phase=vcpu_create_begin generation=42 owner=36073
INTEL_LIFECYCLE phase=vcpu_create_end generation=42 owner=36073
[       OK ] HvfExecutor.NativeIntelCancellationAndCompletionFailureAllowRetry (225 ms)
[----------] 1 test from HvfExecutor (225 ms total)

[==========] 1 test from 1 test suite ran. (225 ms total)
[  PASSED  ] 1 test.

Repeating all tests (iteration 42) . . .

Note: Google Test filter = HvfExecutor.Native*
[==========] Running 1 test from 1 test suite.
[----------] 1 test from HvfExecutor
[ RUN      ] HvfExecutor.NativeIntelCancellationAndCompletionFailureAllowRetry
INTEL_PROBE phase=executor_retained
INTEL_LIFECYCLE phase=vcpu_destroy_begin generation=42 owner=36073
INTEL_LIFECYCLE phase=vcpu_destroy_end generation=42 owner=36073
INTEL_LIFECYCLE phase=vm_destroy_begin generation=42 owner=36073
INTEL_LIFECYCLE phase=vm_destroy_end generation=42 owner=36073
INTEL_LIFECYCLE phase=vm_create_begin generation=43 owner=36073
INTEL_LIFECYCLE phase=vm_create_end generation=43 owner=36073
INTEL_LIFECYCLE phase=vcpu_create_begin generation=43 owner=36073
INTEL_LIFECYCLE phase=vcpu_create_end generation=43 owner=36073
[       OK ] HvfExecutor.NativeIntelCancellationAndCompletionFailureAllowRetry (357 ms)
[----------] 1 test from HvfExecutor (357 ms total)

[==========] 1 test from 1 test suite ran. (357 ms total)
[  PASSED  ] 1 test.

Repeating all tests (iteration 43) . . .

Note: Google Test filter = HvfExecutor.Native*
[==========] Running 1 test from 1 test suite.
[----------] 1 test from HvfExecutor
[ RUN      ] HvfExecutor.NativeIntelCancellationAndCompletionFailureAllowRetry
INTEL_PROBE phase=executor_retained
INTEL_LIFECYCLE phase=vcpu_destroy_begin generation=43 owner=36073
INTEL_LIFECYCLE phase=vcpu_destroy_end generation=43 owner=36073
INTEL_LIFECYCLE phase=vm_destroy_begin generation=43 owner=36073
INTEL_LIFECYCLE phase=vm_destroy_end generation=43 owner=36073
INTEL_LIFECYCLE phase=vm_create_begin generation=44 owner=36073
INTEL_LIFECYCLE phase=vm_create_end generation=44 owner=36073
INTEL_LIFECYCLE phase=vcpu_create_begin generation=44 owner=36073
INTEL_LIFECYCLE phase=vcpu_create_end generation=44 owner=36073
[       OK ] HvfExecutor.NativeIntelCancellationAndCompletionFailureAllowRetry (125 ms)
[----------] 1 test from HvfExecutor (125 ms total)

[==========] 1 test from 1 test suite ran. (125 ms total)
[  PASSED  ] 1 test.

Repeating all tests (iteration 44) . . .

Note: Google Test filter = HvfExecutor.Native*
[==========] Running 1 test from 1 test suite.
[----------] 1 test from HvfExecutor
[ RUN      ] HvfExecutor.NativeIntelCancellationAndCompletionFailureAllowRetry
INTEL_PROBE phase=executor_retained
INTEL_LIFECYCLE phase=vcpu_destroy_begin generation=44 owner=36073
INTEL_LIFECYCLE phase=vcpu_destroy_end generation=44 owner=36073
INTEL_LIFECYCLE phase=vm_destroy_begin generation=44 owner=36073
INTEL_LIFECYCLE phase=vm_destroy_end generation=44 owner=36073
INTEL_LIFECYCLE phase=vm_create_begin generation=45 owner=36073
INTEL_LIFECYCLE phase=vm_create_end generation=45 owner=36073
INTEL_LIFECYCLE phase=vcpu_create_begin generation=45 owner=36073
INTEL_LIFECYCLE phase=vcpu_create_end generation=45 owner=36073
[       OK ] HvfExecutor.NativeIntelCancellationAndCompletionFailureAllowRetry (344 ms)
[----------] 1 test from HvfExecutor (344 ms total)

[==========] 1 test from 1 test suite ran. (344 ms total)
[  PASSED  ] 1 test.

Repeating all tests (iteration 45) . . .

Note: Google Test filter = HvfExecutor.Native*
[==========] Running 1 test from 1 test suite.
[----------] 1 test from HvfExecutor
[ RUN      ] HvfExecutor.NativeIntelCancellationAndCompletionFailureAllowRetry
INTEL_PROBE phase=executor_retained
INTEL_LIFECYCLE phase=vcpu_destroy_begin generation=45 owner=36073
INTEL_LIFECYCLE phase=vcpu_destroy_end generation=45 owner=36073
INTEL_LIFECYCLE phase=vm_destroy_begin generation=45 owner=36073
INTEL_LIFECYCLE phase=vm_destroy_end generation=45 owner=36073
INTEL_LIFECYCLE phase=vm_create_begin generation=46 owner=36073
INTEL_LIFECYCLE phase=vm_create_end generation=46 owner=36073
INTEL_LIFECYCLE phase=vcpu_create_begin generation=46 owner=36073
INTEL_LIFECYCLE phase=vcpu_create_end generation=46 owner=36073
[       OK ] HvfExecutor.NativeIntelCancellationAndCompletionFailureAllowRetry (154 ms)
[----------] 1 test from HvfExecutor (154 ms total)

[==========] 1 test from 1 test suite ran. (154 ms total)
[  PASSED  ] 1 test.

Repeating all tests (iteration 46) . . .

Note: Google Test filter = HvfExecutor.Native*
[==========] Running 1 test from 1 test suite.
[----------] 1 test from HvfExecutor
[ RUN      ] HvfExecutor.NativeIntelCancellationAndCompletionFailureAllowRetry
INTEL_PROBE phase=executor_retained
INTEL_LIFECYCLE phase=vcpu_destroy_begin generation=46 owner=36073
INTEL_LIFECYCLE phase=vcpu_destroy_end generation=46 owner=36073
INTEL_LIFECYCLE phase=vm_destroy_begin generation=46 owner=36073
INTEL_LIFECYCLE phase=vm_destroy_end generation=46 owner=36073
INTEL_LIFECYCLE phase=vm_create_begin generation=47 owner=36073
INTEL_LIFECYCLE phase=vm_create_end generation=47 owner=36073
INTEL_LIFECYCLE phase=vcpu_create_begin generation=47 owner=36073
INTEL_LIFECYCLE phase=vcpu_create_end generation=47 owner=36073
[       OK ] HvfExecutor.NativeIntelCancellationAndCompletionFailureAllowRetry (272 ms)
[----------] 1 test from HvfExecutor (272 ms total)

[==========] 1 test from 1 test suite ran. (272 ms total)
[  PASSED  ] 1 test.

Repeating all tests (iteration 47) . . .

Note: Google Test filter = HvfExecutor.Native*
[==========] Running 1 test from 1 test suite.
[----------] 1 test from HvfExecutor
[ RUN      ] HvfExecutor.NativeIntelCancellationAndCompletionFailureAllowRetry
INTEL_PROBE phase=executor_retained
INTEL_LIFECYCLE phase=vcpu_destroy_begin generation=47 owner=36073
INTEL_LIFECYCLE phase=vcpu_destroy_end generation=47 owner=36073
INTEL_LIFECYCLE phase=vm_destroy_begin generation=47 owner=36073
INTEL_LIFECYCLE phase=vm_destroy_end generation=47 owner=36073
INTEL_LIFECYCLE phase=vm_create_begin generation=48 owner=36073
INTEL_LIFECYCLE phase=vm_create_end generation=48 owner=36073
INTEL_LIFECYCLE phase=vcpu_create_begin generation=48 owner=36073
INTEL_LIFECYCLE phase=vcpu_create_end generation=48 owner=36073
[       OK ] HvfExecutor.NativeIntelCancellationAndCompletionFailureAllowRetry (359 ms)
[----------] 1 test from HvfExecutor (359 ms total)

[==========] 1 test from 1 test suite ran. (360 ms total)
[  PASSED  ] 1 test.

Repeating all tests (iteration 48) . . .

Note: Google Test filter = HvfExecutor.Native*
[==========] Running 1 test from 1 test suite.
[----------] 1 test from HvfExecutor
[ RUN      ] HvfExecutor.NativeIntelCancellationAndCompletionFailureAllowRetry
INTEL_PROBE phase=executor_retained
INTEL_LIFECYCLE phase=vcpu_destroy_begin generation=48 owner=36073
INTEL_LIFECYCLE phase=vcpu_destroy_end generation=48 owner=36073
INTEL_LIFECYCLE phase=vm_destroy_begin generation=48 owner=36073
INTEL_LIFECYCLE phase=vm_destroy_end generation=48 owner=36073
INTEL_LIFECYCLE phase=vm_create_begin generation=49 owner=36073
INTEL_LIFECYCLE phase=vm_create_end generation=49 owner=36073
INTEL_LIFECYCLE phase=vcpu_create_begin generation=49 owner=36073
INTEL_LIFECYCLE phase=vcpu_create_end generation=49 owner=36073
[       OK ] HvfExecutor.NativeIntelCancellationAndCompletionFailureAllowRetry (231 ms)
[----------] 1 test from HvfExecutor (231 ms total)

[==========] 1 test from 1 test suite ran. (231 ms total)
[  PASSED  ] 1 test.

Repeating all tests (iteration 49) . . .

Note: Google Test filter = HvfExecutor.Native*
[==========] Running 1 test from 1 test suite.
[----------] 1 test from HvfExecutor
[ RUN      ] HvfExecutor.NativeIntelCancellationAndCompletionFailureAllowRetry
INTEL_PROBE phase=executor_retained
INTEL_LIFECYCLE phase=vcpu_destroy_begin generation=49 owner=36073
INTEL_LIFECYCLE phase=vcpu_destroy_end generation=49 owner=36073
INTEL_LIFECYCLE phase=vm_destroy_begin generation=49 owner=36073
INTEL_LIFECYCLE phase=vm_destroy_end generation=49 owner=36073
INTEL_LIFECYCLE phase=vm_create_begin generation=50 owner=36073
INTEL_LIFECYCLE phase=vm_create_end generation=50 owner=36073
INTEL_LIFECYCLE phase=vcpu_create_begin generation=50 owner=36073
INTEL_LIFECYCLE phase=vcpu_create_end generation=50 owner=36073
[       OK ] HvfExecutor.NativeIntelCancellationAndCompletionFailureAllowRetry (153 ms)
[----------] 1 test from HvfExecutor (153 ms total)

[==========] 1 test from 1 test suite ran. (153 ms total)
[  PASSED  ] 1 test.

Repeating all tests (iteration 50) . . .

Note: Google Test filter = HvfExecutor.Native*
[==========] Running 1 test from 1 test suite.
[----------] 1 test from HvfExecutor
[ RUN      ] HvfExecutor.NativeIntelCancellationAndCompletionFailureAllowRetry
INTEL_PROBE phase=executor_retained
INTEL_LIFECYCLE phase=vcpu_destroy_begin generation=50 owner=36073
INTEL_LIFECYCLE phase=vcpu_destroy_end generation=50 owner=36073
INTEL_LIFECYCLE phase=vm_destroy_begin generation=50 owner=36073
INTEL_LIFECYCLE phase=vm_destroy_end generation=50 owner=36073
INTEL_LIFECYCLE phase=vm_create_begin generation=51 owner=36073
INTEL_LIFECYCLE phase=vm_create_end generation=51 owner=36073
INTEL_LIFECYCLE phase=vcpu_create_begin generation=51 owner=36073
INTEL_LIFECYCLE phase=vcpu_create_end generation=51 owner=36073
[       OK ] HvfExecutor.NativeIntelCancellationAndCompletionFailureAllowRetry (180 ms)
[----------] 1 test from HvfExecutor (180 ms total)

[==========] 1 test from 1 test suite ran. (180 ms total)
[  PASSED  ] 1 test.

Repeating all tests (iteration 51) . . .

Note: Google Test filter = HvfExecutor.Native*
[==========] Running 1 test from 1 test suite.
[----------] 1 test from HvfExecutor
[ RUN      ] HvfExecutor.NativeIntelCancellationAndCompletionFailureAllowRetry
INTEL_PROBE phase=executor_retained
INTEL_LIFECYCLE phase=vcpu_destroy_begin generation=51 owner=36073
INTEL_LIFECYCLE phase=vcpu_destroy_end generation=51 owner=36073
INTEL_LIFECYCLE phase=vm_destroy_begin generation=51 owner=36073
INTEL_LIFECYCLE phase=vm_destroy_end generation=51 owner=36073
INTEL_LIFECYCLE phase=vm_create_begin generation=52 owner=36073
INTEL_LIFECYCLE phase=vm_create_end generation=52 owner=36073
INTEL_LIFECYCLE phase=vcpu_create_begin generation=52 owner=36073
INTEL_LIFECYCLE phase=vcpu_create_end generation=52 owner=36073
[       OK ] HvfExecutor.NativeIntelCancellationAndCompletionFailureAllowRetry (223 ms)
[----------] 1 test from HvfExecutor (223 ms total)

[==========] 1 test from 1 test suite ran. (223 ms total)
[  PASSED  ] 1 test.

Repeating all tests (iteration 52) . . .

Note: Google Test filter = HvfExecutor.Native*
[==========] Running 1 test from 1 test suite.
[----------] 1 test from HvfExecutor
[ RUN      ] HvfExecutor.NativeIntelCancellationAndCompletionFailureAllowRetry
INTEL_PROBE phase=executor_retained
INTEL_LIFECYCLE phase=vcpu_destroy_begin generation=52 owner=36073
INTEL_LIFECYCLE phase=vcpu_destroy_end generation=52 owner=36073
INTEL_LIFECYCLE phase=vm_destroy_begin generation=52 owner=36073
INTEL_LIFECYCLE phase=vm_destroy_end generation=52 owner=36073
INTEL_LIFECYCLE phase=vm_create_begin generation=53 owner=36073
INTEL_LIFECYCLE phase=vm_create_end generation=53 owner=36073
INTEL_LIFECYCLE phase=vcpu_create_begin generation=53 owner=36073
INTEL_LIFECYCLE phase=vcpu_create_end generation=53 owner=36073
[       OK ] HvfExecutor.NativeIntelCancellationAndCompletionFailureAllowRetry (130 ms)
[----------] 1 test from HvfExecutor (130 ms total)

[==========] 1 test from 1 test suite ran. (130 ms total)
[  PASSED  ] 1 test.

Repeating all tests (iteration 53) . . .

Note: Google Test filter = HvfExecutor.Native*
[==========] Running 1 test from 1 test suite.
[----------] 1 test from HvfExecutor
[ RUN      ] HvfExecutor.NativeIntelCancellationAndCompletionFailureAllowRetry
INTEL_PROBE phase=executor_retained
INTEL_LIFECYCLE phase=vcpu_destroy_begin generation=53 owner=36073
INTEL_LIFECYCLE phase=vcpu_destroy_end generation=53 owner=36073
INTEL_LIFECYCLE phase=vm_destroy_begin generation=53 owner=36073
INTEL_LIFECYCLE phase=vm_destroy_end generation=53 owner=36073
INTEL_LIFECYCLE phase=vm_create_begin generation=54 owner=36073
INTEL_LIFECYCLE phase=vm_create_end generation=54 owner=36073
INTEL_LIFECYCLE phase=vcpu_create_begin generation=54 owner=36073
INTEL_LIFECYCLE phase=vcpu_create_end generation=54 owner=36073
[       OK ] HvfExecutor.NativeIntelCancellationAndCompletionFailureAllowRetry (150 ms)
[----------] 1 test from HvfExecutor (150 ms total)

[==========] 1 test from 1 test suite ran. (150 ms total)
[  PASSED  ] 1 test.

Repeating all tests (iteration 54) . . .

Note: Google Test filter = HvfExecutor.Native*
[==========] Running 1 test from 1 test suite.
[----------] 1 test from HvfExecutor
[ RUN      ] HvfExecutor.NativeIntelCancellationAndCompletionFailureAllowRetry
INTEL_PROBE phase=executor_retained
INTEL_LIFECYCLE phase=vcpu_destroy_begin generation=54 owner=36073
INTEL_LIFECYCLE phase=vcpu_destroy_end generation=54 owner=36073
INTEL_LIFECYCLE phase=vm_destroy_begin generation=54 owner=36073
INTEL_LIFECYCLE phase=vm_destroy_end generation=54 owner=36073
INTEL_LIFECYCLE phase=vm_create_begin generation=55 owner=36073
INTEL_LIFECYCLE phase=vm_create_end generation=55 owner=36073
INTEL_LIFECYCLE phase=vcpu_create_begin generation=55 owner=36073
INTEL_LIFECYCLE phase=vcpu_create_end generation=55 owner=36073
[       OK ] HvfExecutor.NativeIntelCancellationAndCompletionFailureAllowRetry (363 ms)
[----------] 1 test from HvfExecutor (363 ms total)

[==========] 1 test from 1 test suite ran. (363 ms total)
[  PASSED  ] 1 test.

Repeating all tests (iteration 55) . . .

Note: Google Test filter = HvfExecutor.Native*
[==========] Running 1 test from 1 test suite.
[----------] 1 test from HvfExecutor
[ RUN      ] HvfExecutor.NativeIntelCancellationAndCompletionFailureAllowRetry
INTEL_PROBE phase=executor_retained
INTEL_LIFECYCLE phase=vcpu_destroy_begin generation=55 owner=36073
INTEL_LIFECYCLE phase=vcpu_destroy_end generation=55 owner=36073
INTEL_LIFECYCLE phase=vm_destroy_begin generation=55 owner=36073
INTEL_LIFECYCLE phase=vm_destroy_end generation=55 owner=36073
INTEL_LIFECYCLE phase=vm_create_begin generation=56 owner=36073
INTEL_LIFECYCLE phase=vm_create_end generation=56 owner=36073
INTEL_LIFECYCLE phase=vcpu_create_begin generation=56 owner=36073
INTEL_LIFECYCLE phase=vcpu_create_end generation=56 owner=36073
[       OK ] HvfExecutor.NativeIntelCancellationAndCompletionFailureAllowRetry (274 ms)
[----------] 1 test from HvfExecutor (274 ms total)

[==========] 1 test from 1 test suite ran. (274 ms total)
[  PASSED  ] 1 test.

Repeating all tests (iteration 56) . . .

Note: Google Test filter = HvfExecutor.Native*
[==========] Running 1 test from 1 test suite.
[----------] 1 test from HvfExecutor
[ RUN      ] HvfExecutor.NativeIntelCancellationAndCompletionFailureAllowRetry
INTEL_PROBE phase=executor_retained
INTEL_LIFECYCLE phase=vcpu_destroy_begin generation=56 owner=36073
INTEL_LIFECYCLE phase=vcpu_destroy_end generation=56 owner=36073
INTEL_LIFECYCLE phase=vm_destroy_begin generation=56 owner=36073
INTEL_LIFECYCLE phase=vm_destroy_end generation=56 owner=36073
INTEL_LIFECYCLE phase=vm_create_begin generation=57 owner=36073
INTEL_LIFECYCLE phase=vm_create_end generation=57 owner=36073
INTEL_LIFECYCLE phase=vcpu_create_begin generation=57 owner=36073
INTEL_LIFECYCLE phase=vcpu_create_end generation=57 owner=36073
[       OK ] HvfExecutor.NativeIntelCancellationAndCompletionFailureAllowRetry (381 ms)
[----------] 1 test from HvfExecutor (381 ms total)

[==========] 1 test from 1 test suite ran. (381 ms total)
[  PASSED  ] 1 test.

Repeating all tests (iteration 57) . . .

Note: Google Test filter = HvfExecutor.Native*
[==========] Running 1 test from 1 test suite.
[----------] 1 test from HvfExecutor
[ RUN      ] HvfExecutor.NativeIntelCancellationAndCompletionFailureAllowRetry
INTEL_PROBE phase=executor_retained
INTEL_LIFECYCLE phase=vcpu_destroy_begin generation=57 owner=36073
INTEL_LIFECYCLE phase=vcpu_destroy_end generation=57 owner=36073
INTEL_LIFECYCLE phase=vm_destroy_begin generation=57 owner=36073
INTEL_LIFECYCLE phase=vm_destroy_end generation=57 owner=36073
INTEL_LIFECYCLE phase=vm_create_begin generation=58 owner=36073
INTEL_LIFECYCLE phase=vm_create_end generation=58 owner=36073
INTEL_LIFECYCLE phase=vcpu_create_begin generation=58 owner=36073
INTEL_LIFECYCLE phase=vcpu_create_end generation=58 owner=36073
[       OK ] HvfExecutor.NativeIntelCancellationAndCompletionFailureAllowRetry (275 ms)
[----------] 1 test from HvfExecutor (275 ms total)

[==========] 1 test from 1 test suite ran. (275 ms total)
[  PASSED  ] 1 test.

Repeating all tests (iteration 58) . . .

Note: Google Test filter = HvfExecutor.Native*
[==========] Running 1 test from 1 test suite.
[----------] 1 test from HvfExecutor
[ RUN      ] HvfExecutor.NativeIntelCancellationAndCompletionFailureAllowRetry
INTEL_PROBE phase=executor_retained
INTEL_LIFECYCLE phase=vcpu_destroy_begin generation=58 owner=36073
INTEL_LIFECYCLE phase=vcpu_destroy_end generation=58 owner=36073
INTEL_LIFECYCLE phase=vm_destroy_begin generation=58 owner=36073
INTEL_LIFECYCLE phase=vm_destroy_end generation=58 owner=36073
INTEL_LIFECYCLE phase=vm_create_begin generation=59 owner=36073
INTEL_LIFECYCLE phase=vm_create_end generation=59 owner=36073
INTEL_LIFECYCLE phase=vcpu_create_begin generation=59 owner=36073
INTEL_LIFECYCLE phase=vcpu_create_end generation=59 owner=36073
[       OK ] HvfExecutor.NativeIntelCancellationAndCompletionFailureAllowRetry (305 ms)
[----------] 1 test from HvfExecutor (305 ms total)

[==========] 1 test from 1 test suite ran. (306 ms total)
[  PASSED  ] 1 test.

Repeating all tests (iteration 59) . . .

Note: Google Test filter = HvfExecutor.Native*
[==========] Running 1 test from 1 test suite.
[----------] 1 test from HvfExecutor
[ RUN      ] HvfExecutor.NativeIntelCancellationAndCompletionFailureAllowRetry
INTEL_PROBE phase=executor_retained
INTEL_LIFECYCLE phase=vcpu_destroy_begin generation=59 owner=36073
INTEL_LIFECYCLE phase=vcpu_destroy_end generation=59 owner=36073
INTEL_LIFECYCLE phase=vm_destroy_begin generation=59 owner=36073
INTEL_LIFECYCLE phase=vm_destroy_end generation=59 owner=36073
INTEL_LIFECYCLE phase=vm_create_begin generation=60 owner=36073
INTEL_LIFECYCLE phase=vm_create_end generation=60 owner=36073
INTEL_LIFECYCLE phase=vcpu_create_begin generation=60 owner=36073
INTEL_LIFECYCLE phase=vcpu_create_end generation=60 owner=36073
[       OK ] HvfExecutor.NativeIntelCancellationAndCompletionFailureAllowRetry (415 ms)
[----------] 1 test from HvfExecutor (415 ms total)

[==========] 1 test from 1 test suite ran. (415 ms total)
[  PASSED  ] 1 test.

Repeating all tests (iteration 60) . . .

Note: Google Test filter = HvfExecutor.Native*
[==========] Running 1 test from 1 test suite.
[----------] 1 test from HvfExecutor
[ RUN      ] HvfExecutor.NativeIntelCancellationAndCompletionFailureAllowRetry
INTEL_PROBE phase=executor_retained
INTEL_LIFECYCLE phase=vcpu_destroy_begin generation=60 owner=36073
INTEL_LIFECYCLE phase=vcpu_destroy_end generation=60 owner=36073
INTEL_LIFECYCLE phase=vm_destroy_begin generation=60 owner=36073
INTEL_LIFECYCLE phase=vm_destroy_end generation=60 owner=36073
INTEL_LIFECYCLE phase=vm_create_begin generation=61 owner=36073
INTEL_LIFECYCLE phase=vm_create_end generation=61 owner=36073
INTEL_LIFECYCLE phase=vcpu_create_begin generation=61 owner=36073
INTEL_LIFECYCLE phase=vcpu_create_end generation=61 owner=36073
[       OK ] HvfExecutor.NativeIntelCancellationAndCompletionFailureAllowRetry (258 ms)
[----------] 1 test from HvfExecutor (258 ms total)

[==========] 1 test from 1 test suite ran. (258 ms total)
[  PASSED  ] 1 test.

Repeating all tests (iteration 61) . . .

Note: Google Test filter = HvfExecutor.Native*
[==========] Running 1 test from 1 test suite.
[----------] 1 test from HvfExecutor
[ RUN      ] HvfExecutor.NativeIntelCancellationAndCompletionFailureAllowRetry
INTEL_PROBE phase=executor_retained
INTEL_LIFECYCLE phase=vcpu_destroy_begin generation=61 owner=36073
INTEL_LIFECYCLE phase=vcpu_destroy_end generation=61 owner=36073
INTEL_LIFECYCLE phase=vm_destroy_begin generation=61 owner=36073
INTEL_LIFECYCLE phase=vm_destroy_end generation=61 owner=36073
INTEL_LIFECYCLE phase=vm_create_begin generation=62 owner=36073
INTEL_LIFECYCLE phase=vm_create_end generation=62 owner=36073
INTEL_LIFECYCLE phase=vcpu_create_begin generation=62 owner=36073
INTEL_LIFECYCLE phase=vcpu_create_end generation=62 owner=36073
[       OK ] HvfExecutor.NativeIntelCancellationAndCompletionFailureAllowRetry (175 ms)
[----------] 1 test from HvfExecutor (175 ms total)

[==========] 1 test from 1 test suite ran. (175 ms total)
[  PASSED  ] 1 test.

Repeating all tests (iteration 62) . . .

Note: Google Test filter = HvfExecutor.Native*
[==========] Running 1 test from 1 test suite.
[----------] 1 test from HvfExecutor
[ RUN      ] HvfExecutor.NativeIntelCancellationAndCompletionFailureAllowRetry
INTEL_PROBE phase=executor_retained
INTEL_LIFECYCLE phase=vcpu_destroy_begin generation=62 owner=36073
INTEL_LIFECYCLE phase=vcpu_destroy_end generation=62 owner=36073
INTEL_LIFECYCLE phase=vm_destroy_begin generation=62 owner=36073
INTEL_LIFECYCLE phase=vm_destroy_end generation=62 owner=36073
INTEL_LIFECYCLE phase=vm_create_begin generation=63 owner=36073
INTEL_LIFECYCLE phase=vm_create_end generation=63 owner=36073
INTEL_LIFECYCLE phase=vcpu_create_begin generation=63 owner=36073
INTEL_LIFECYCLE phase=vcpu_create_end generation=63 owner=36073
[       OK ] HvfExecutor.NativeIntelCancellationAndCompletionFailureAllowRetry (255 ms)
[----------] 1 test from HvfExecutor (255 ms total)

[==========] 1 test from 1 test suite ran. (255 ms total)
[  PASSED  ] 1 test.

Repeating all tests (iteration 63) . . .

Note: Google Test filter = HvfExecutor.Native*
[==========] Running 1 test from 1 test suite.
[----------] 1 test from HvfExecutor
[ RUN      ] HvfExecutor.NativeIntelCancellationAndCompletionFailureAllowRetry
INTEL_PROBE phase=executor_retained
INTEL_LIFECYCLE phase=vcpu_destroy_begin generation=63 owner=36073
INTEL_LIFECYCLE phase=vcpu_destroy_end generation=63 owner=36073
INTEL_LIFECYCLE phase=vm_destroy_begin generation=63 owner=36073
INTEL_LIFECYCLE phase=vm_destroy_end generation=63 owner=36073
INTEL_LIFECYCLE phase=vm_create_begin generation=64 owner=36073
INTEL_LIFECYCLE phase=vm_create_end generation=64 owner=36073
INTEL_LIFECYCLE phase=vcpu_create_begin generation=64 owner=36073
INTEL_LIFECYCLE phase=vcpu_create_end generation=64 owner=36073
[       OK ] HvfExecutor.NativeIntelCancellationAndCompletionFailureAllowRetry (255 ms)
[----------] 1 test from HvfExecutor (255 ms total)

[==========] 1 test from 1 test suite ran. (255 ms total)
[  PASSED  ] 1 test.

Repeating all tests (iteration 64) . . .

Note: Google Test filter = HvfExecutor.Native*
[==========] Running 1 test from 1 test suite.
[----------] 1 test from HvfExecutor
[ RUN      ] HvfExecutor.NativeIntelCancellationAndCompletionFailureAllowRetry
INTEL_PROBE phase=executor_retained
INTEL_LIFECYCLE phase=vcpu_destroy_begin generation=64 owner=36073
INTEL_LIFECYCLE phase=vcpu_destroy_end generation=64 owner=36073
INTEL_LIFECYCLE phase=vm_destroy_begin generation=64 owner=36073
INTEL_LIFECYCLE phase=vm_destroy_end generation=64 owner=36073
INTEL_LIFECYCLE phase=vm_create_begin generation=65 owner=36073
INTEL_LIFECYCLE phase=vm_create_end generation=65 owner=36073
INTEL_LIFECYCLE phase=vcpu_create_begin generation=65 owner=36073
INTEL_LIFECYCLE phase=vcpu_create_end generation=65 owner=36073
[       OK ] HvfExecutor.NativeIntelCancellationAndCompletionFailureAllowRetry (332 ms)
[----------] 1 test from HvfExecutor (332 ms total)

[==========] 1 test from 1 test suite ran. (332 ms total)
[  PASSED  ] 1 test.

Repeating all tests (iteration 65) . . .

Note: Google Test filter = HvfExecutor.Native*
[==========] Running 1 test from 1 test suite.
[----------] 1 test from HvfExecutor
[ RUN      ] HvfExecutor.NativeIntelCancellationAndCompletionFailureAllowRetry
INTEL_PROBE phase=executor_retained
INTEL_LIFECYCLE phase=vcpu_destroy_begin generation=65 owner=36073
INTEL_LIFECYCLE phase=vcpu_destroy_end generation=65 owner=36073
INTEL_LIFECYCLE phase=vm_destroy_begin generation=65 owner=36073
INTEL_LIFECYCLE phase=vm_destroy_end generation=65 owner=36073
INTEL_LIFECYCLE phase=vm_create_begin generation=66 owner=36073
INTEL_LIFECYCLE phase=vm_create_end generation=66 owner=36073
INTEL_LIFECYCLE phase=vcpu_create_begin generation=66 owner=36073
INTEL_LIFECYCLE phase=vcpu_create_end generation=66 owner=36073
[       OK ] HvfExecutor.NativeIntelCancellationAndCompletionFailureAllowRetry (511 ms)
[----------] 1 test from HvfExecutor (511 ms total)

[==========] 1 test from 1 test suite ran. (511 ms total)
[  PASSED  ] 1 test.

Repeating all tests (iteration 66) . . .

Note: Google Test filter = HvfExecutor.Native*
[==========] Running 1 test from 1 test suite.
[----------] 1 test from HvfExecutor
[ RUN      ] HvfExecutor.NativeIntelCancellationAndCompletionFailureAllowRetry
INTEL_PROBE phase=executor_retained
INTEL_LIFECYCLE phase=vcpu_destroy_begin generation=66 owner=36073
INTEL_LIFECYCLE phase=vcpu_destroy_end generation=66 owner=36073
INTEL_LIFECYCLE phase=vm_destroy_begin generation=66 owner=36073
INTEL_LIFECYCLE phase=vm_destroy_end generation=66 owner=36073
INTEL_LIFECYCLE phase=vm_create_begin generation=67 owner=36073
INTEL_LIFECYCLE phase=vm_create_end generation=67 owner=36073
INTEL_LIFECYCLE phase=vcpu_create_begin generation=67 owner=36073
INTEL_LIFECYCLE phase=vcpu_create_end generation=67 owner=36073
[       OK ] HvfExecutor.NativeIntelCancellationAndCompletionFailureAllowRetry (261 ms)
[----------] 1 test from HvfExecutor (261 ms total)

[==========] 1 test from 1 test suite ran. (261 ms total)
[  PASSED  ] 1 test.

Repeating all tests (iteration 67) . . .

Note: Google Test filter = HvfExecutor.Native*
[==========] Running 1 test from 1 test suite.
[----------] 1 test from HvfExecutor
[ RUN      ] HvfExecutor.NativeIntelCancellationAndCompletionFailureAllowRetry
INTEL_PROBE phase=executor_retained
INTEL_LIFECYCLE phase=vcpu_destroy_begin generation=67 owner=36073
INTEL_LIFECYCLE phase=vcpu_destroy_end generation=67 owner=36073
INTEL_LIFECYCLE phase=vm_destroy_begin generation=67 owner=36073
INTEL_LIFECYCLE phase=vm_destroy_end generation=67 owner=36073
INTEL_LIFECYCLE phase=vm_create_begin generation=68 owner=36073
INTEL_LIFECYCLE phase=vm_create_end generation=68 owner=36073
INTEL_LIFECYCLE phase=vcpu_create_begin generation=68 owner=36073
INTEL_LIFECYCLE phase=vcpu_create_end generation=68 owner=36073
[       OK ] HvfExecutor.NativeIntelCancellationAndCompletionFailureAllowRetry (316 ms)
[----------] 1 test from HvfExecutor (316 ms total)

[==========] 1 test from 1 test suite ran. (316 ms total)
[  PASSED  ] 1 test.

Repeating all tests (iteration 68) . . .

Note: Google Test filter = HvfExecutor.Native*
[==========] Running 1 test from 1 test suite.
[----------] 1 test from HvfExecutor
[ RUN      ] HvfExecutor.NativeIntelCancellationAndCompletionFailureAllowRetry
INTEL_PROBE phase=executor_retained
INTEL_LIFECYCLE phase=vcpu_destroy_begin generation=68 owner=36073
INTEL_LIFECYCLE phase=vcpu_destroy_end generation=68 owner=36073
INTEL_LIFECYCLE phase=vm_destroy_begin generation=68 owner=36073
INTEL_LIFECYCLE phase=vm_destroy_end generation=68 owner=36073
INTEL_LIFECYCLE phase=vm_create_begin generation=69 owner=36073
INTEL_LIFECYCLE phase=vm_create_end generation=69 owner=36073
INTEL_LIFECYCLE phase=vcpu_create_begin generation=69 owner=36073
INTEL_LIFECYCLE phase=vcpu_create_end generation=69 owner=36073
[       OK ] HvfExecutor.NativeIntelCancellationAndCompletionFailureAllowRetry (214 ms)
[----------] 1 test from HvfExecutor (214 ms total)

[==========] 1 test from 1 test suite ran. (214 ms total)
[  PASSED  ] 1 test.

Repeating all tests (iteration 69) . . .

Note: Google Test filter = HvfExecutor.Native*
[==========] Running 1 test from 1 test suite.
[----------] 1 test from HvfExecutor
[ RUN      ] HvfExecutor.NativeIntelCancellationAndCompletionFailureAllowRetry
INTEL_PROBE phase=executor_retained
INTEL_LIFECYCLE phase=vcpu_destroy_begin generation=69 owner=36073
INTEL_LIFECYCLE phase=vcpu_destroy_end generation=69 owner=36073
INTEL_LIFECYCLE phase=vm_destroy_begin generation=69 owner=36073
INTEL_LIFECYCLE phase=vm_destroy_end generation=69 owner=36073
INTEL_LIFECYCLE phase=vm_create_begin generation=70 owner=36073
INTEL_LIFECYCLE phase=vm_create_end generation=70 owner=36073
INTEL_LIFECYCLE phase=vcpu_create_begin generation=70 owner=36073
INTEL_LIFECYCLE phase=vcpu_create_end generation=70 owner=36073
[       OK ] HvfExecutor.NativeIntelCancellationAndCompletionFailureAllowRetry (356 ms)
[----------] 1 test from HvfExecutor (356 ms total)

[==========] 1 test from 1 test suite ran. (356 ms total)
[  PASSED  ] 1 test.

Repeating all tests (iteration 70) . . .

Note: Google Test filter = HvfExecutor.Native*
[==========] Running 1 test from 1 test suite.
[----------] 1 test from HvfExecutor
[ RUN      ] HvfExecutor.NativeIntelCancellationAndCompletionFailureAllowRetry
INTEL_PROBE phase=executor_retained
INTEL_LIFECYCLE phase=vcpu_destroy_begin generation=70 owner=36073
INTEL_LIFECYCLE phase=vcpu_destroy_end generation=70 owner=36073
INTEL_LIFECYCLE phase=vm_destroy_begin generation=70 owner=36073
INTEL_LIFECYCLE phase=vm_destroy_end generation=70 owner=36073
INTEL_LIFECYCLE phase=vm_create_begin generation=71 owner=36073
INTEL_LIFECYCLE phase=vm_create_end generation=71 owner=36073
INTEL_LIFECYCLE phase=vcpu_create_begin generation=71 owner=36073
INTEL_LIFECYCLE phase=vcpu_create_end generation=71 owner=36073
[       OK ] HvfExecutor.NativeIntelCancellationAndCompletionFailureAllowRetry (229 ms)
[----------] 1 test from HvfExecutor (229 ms total)

[==========] 1 test from 1 test suite ran. (229 ms total)
[  PASSED  ] 1 test.

Repeating all tests (iteration 71) . . .

Note: Google Test filter = HvfExecutor.Native*
[==========] Running 1 test from 1 test suite.
[----------] 1 test from HvfExecutor
[ RUN      ] HvfExecutor.NativeIntelCancellationAndCompletionFailureAllowRetry
INTEL_PROBE phase=executor_retained
INTEL_LIFECYCLE phase=vcpu_destroy_begin generation=71 owner=36073
INTEL_LIFECYCLE phase=vcpu_destroy_end generation=71 owner=36073
INTEL_LIFECYCLE phase=vm_destroy_begin generation=71 owner=36073
INTEL_LIFECYCLE phase=vm_destroy_end generation=71 owner=36073
INTEL_LIFECYCLE phase=vm_create_begin generation=72 owner=36073
INTEL_LIFECYCLE phase=vm_create_end generation=72 owner=36073
INTEL_LIFECYCLE phase=vcpu_create_begin generation=72 owner=36073
INTEL_LIFECYCLE phase=vcpu_create_end generation=72 owner=36073
[       OK ] HvfExecutor.NativeIntelCancellationAndCompletionFailureAllowRetry (230 ms)
[----------] 1 test from HvfExecutor (230 ms total)

[==========] 1 test from 1 test suite ran. (230 ms total)
[  PASSED  ] 1 test.

Repeating all tests (iteration 72) . . .

Note: Google Test filter = HvfExecutor.Native*
[==========] Running 1 test from 1 test suite.
[----------] 1 test from HvfExecutor
[ RUN      ] HvfExecutor.NativeIntelCancellationAndCompletionFailureAllowRetry
INTEL_PROBE phase=executor_retained
INTEL_LIFECYCLE phase=vcpu_destroy_begin generation=72 owner=36073
INTEL_LIFECYCLE phase=vcpu_destroy_end generation=72 owner=36073
INTEL_LIFECYCLE phase=vm_destroy_begin generation=72 owner=36073
INTEL_LIFECYCLE phase=vm_destroy_end generation=72 owner=36073
INTEL_LIFECYCLE phase=vm_create_begin generation=73 owner=36073
INTEL_LIFECYCLE phase=vm_create_end generation=73 owner=36073
INTEL_LIFECYCLE phase=vcpu_create_begin generation=73 owner=36073
INTEL_LIFECYCLE phase=vcpu_create_end generation=73 owner=36073
[       OK ] HvfExecutor.NativeIntelCancellationAndCompletionFailureAllowRetry (228 ms)
[----------] 1 test from HvfExecutor (228 ms total)

[==========] 1 test from 1 test suite ran. (228 ms total)
[  PASSED  ] 1 test.

Repeating all tests (iteration 73) . . .

Note: Google Test filter = HvfExecutor.Native*
[==========] Running 1 test from 1 test suite.
[----------] 1 test from HvfExecutor
[ RUN      ] HvfExecutor.NativeIntelCancellationAndCompletionFailureAllowRetry
INTEL_PROBE phase=executor_retained
INTEL_LIFECYCLE phase=vcpu_destroy_begin generation=73 owner=36073
INTEL_LIFECYCLE phase=vcpu_destroy_end generation=73 owner=36073
INTEL_LIFECYCLE phase=vm_destroy_begin generation=73 owner=36073
INTEL_LIFECYCLE phase=vm_destroy_end generation=73 owner=36073
INTEL_LIFECYCLE phase=vm_create_begin generation=74 owner=36073
INTEL_LIFECYCLE phase=vm_create_end generation=74 owner=36073
INTEL_LIFECYCLE phase=vcpu_create_begin generation=74 owner=36073
INTEL_LIFECYCLE phase=vcpu_create_end generation=74 owner=36073
[       OK ] HvfExecutor.NativeIntelCancellationAndCompletionFailureAllowRetry (373 ms)
[----------] 1 test from HvfExecutor (373 ms total)

[==========] 1 test from 1 test suite ran. (373 ms total)
[  PASSED  ] 1 test.

Repeating all tests (iteration 74) . . .

Note: Google Test filter = HvfExecutor.Native*
[==========] Running 1 test from 1 test suite.
[----------] 1 test from HvfExecutor
[ RUN      ] HvfExecutor.NativeIntelCancellationAndCompletionFailureAllowRetry
INTEL_PROBE phase=executor_retained
INTEL_LIFECYCLE phase=vcpu_destroy_begin generation=74 owner=36073
INTEL_LIFECYCLE phase=vcpu_destroy_end generation=74 owner=36073
INTEL_LIFECYCLE phase=vm_destroy_begin generation=74 owner=36073
INTEL_LIFECYCLE phase=vm_destroy_end generation=74 owner=36073
INTEL_LIFECYCLE phase=vm_create_begin generation=75 owner=36073
INTEL_LIFECYCLE phase=vm_create_end generation=75 owner=36073
INTEL_LIFECYCLE phase=vcpu_create_begin generation=75 owner=36073
INTEL_LIFECYCLE phase=vcpu_create_end generation=75 owner=36073
[       OK ] HvfExecutor.NativeIntelCancellationAndCompletionFailureAllowRetry (172 ms)
[----------] 1 test from HvfExecutor (172 ms total)

[==========] 1 test from 1 test suite ran. (172 ms total)
[  PASSED  ] 1 test.

Repeating all tests (iteration 75) . . .

Note: Google Test filter = HvfExecutor.Native*
[==========] Running 1 test from 1 test suite.
[----------] 1 test from HvfExecutor
[ RUN      ] HvfExecutor.NativeIntelCancellationAndCompletionFailureAllowRetry
INTEL_PROBE phase=executor_retained
INTEL_LIFECYCLE phase=vcpu_destroy_begin generation=75 owner=36073
INTEL_LIFECYCLE phase=vcpu_destroy_end generation=75 owner=36073
INTEL_LIFECYCLE phase=vm_destroy_begin generation=75 owner=36073
INTEL_LIFECYCLE phase=vm_destroy_end generation=75 owner=36073
INTEL_LIFECYCLE phase=vm_create_begin generation=76 owner=36073
INTEL_LIFECYCLE phase=vm_create_end generation=76 owner=36073
INTEL_LIFECYCLE phase=vcpu_create_begin generation=76 owner=36073
INTEL_LIFECYCLE phase=vcpu_create_end generation=76 owner=36073
[       OK ] HvfExecutor.NativeIntelCancellationAndCompletionFailureAllowRetry (199 ms)
[----------] 1 test from HvfExecutor (199 ms total)

[==========] 1 test from 1 test suite ran. (199 ms total)
[  PASSED  ] 1 test.

Repeating all tests (iteration 76) . . .

Note: Google Test filter = HvfExecutor.Native*
[==========] Running 1 test from 1 test suite.
[----------] 1 test from HvfExecutor
[ RUN      ] HvfExecutor.NativeIntelCancellationAndCompletionFailureAllowRetry
INTEL_PROBE phase=executor_retained
INTEL_LIFECYCLE phase=vcpu_destroy_begin generation=76 owner=36073
INTEL_LIFECYCLE phase=vcpu_destroy_end generation=76 owner=36073
INTEL_LIFECYCLE phase=vm_destroy_begin generation=76 owner=36073
INTEL_LIFECYCLE phase=vm_destroy_end generation=76 owner=36073
INTEL_LIFECYCLE phase=vm_create_begin generation=77 owner=36073
INTEL_LIFECYCLE phase=vm_create_end generation=77 owner=36073
INTEL_LIFECYCLE phase=vcpu_create_begin generation=77 owner=36073
INTEL_LIFECYCLE phase=vcpu_create_end generation=77 owner=36073
[       OK ] HvfExecutor.NativeIntelCancellationAndCompletionFailureAllowRetry (121 ms)
[----------] 1 test from HvfExecutor (121 ms total)

[==========] 1 test from 1 test suite ran. (121 ms total)
[  PASSED  ] 1 test.

Repeating all tests (iteration 77) . . .

Note: Google Test filter = HvfExecutor.Native*
[==========] Running 1 test from 1 test suite.
[----------] 1 test from HvfExecutor
[ RUN      ] HvfExecutor.NativeIntelCancellationAndCompletionFailureAllowRetry
INTEL_PROBE phase=executor_retained
INTEL_LIFECYCLE phase=vcpu_destroy_begin generation=77 owner=36073
INTEL_LIFECYCLE phase=vcpu_destroy_end generation=77 owner=36073
INTEL_LIFECYCLE phase=vm_destroy_begin generation=77 owner=36073
INTEL_LIFECYCLE phase=vm_destroy_end generation=77 owner=36073
INTEL_LIFECYCLE phase=vm_create_begin generation=78 owner=36073
INTEL_LIFECYCLE phase=vm_create_end generation=78 owner=36073
INTEL_LIFECYCLE phase=vcpu_create_begin generation=78 owner=36073
INTEL_LIFECYCLE phase=vcpu_create_end generation=78 owner=36073
[       OK ] HvfExecutor.NativeIntelCancellationAndCompletionFailureAllowRetry (267 ms)
[----------] 1 test from HvfExecutor (267 ms total)

[==========] 1 test from 1 test suite ran. (267 ms total)
[  PASSED  ] 1 test.

Repeating all tests (iteration 78) . . .

Note: Google Test filter = HvfExecutor.Native*
[==========] Running 1 test from 1 test suite.
[----------] 1 test from HvfExecutor
[ RUN      ] HvfExecutor.NativeIntelCancellationAndCompletionFailureAllowRetry
INTEL_PROBE phase=executor_retained
INTEL_LIFECYCLE phase=vcpu_destroy_begin generation=78 owner=36073
INTEL_LIFECYCLE phase=vcpu_destroy_end generation=78 owner=36073
INTEL_LIFECYCLE phase=vm_destroy_begin generation=78 owner=36073
INTEL_LIFECYCLE phase=vm_destroy_end generation=78 owner=36073
INTEL_LIFECYCLE phase=vm_create_begin generation=79 owner=36073
INTEL_LIFECYCLE phase=vm_create_end generation=79 owner=36073
INTEL_LIFECYCLE phase=vcpu_create_begin generation=79 owner=36073
INTEL_LIFECYCLE phase=vcpu_create_end generation=79 owner=36073
[       OK ] HvfExecutor.NativeIntelCancellationAndCompletionFailureAllowRetry (264 ms)
[----------] 1 test from HvfExecutor (264 ms total)

[==========] 1 test from 1 test suite ran. (264 ms total)
[  PASSED  ] 1 test.

Repeating all tests (iteration 79) . . .

Note: Google Test filter = HvfExecutor.Native*
[==========] Running 1 test from 1 test suite.
[----------] 1 test from HvfExecutor
[ RUN      ] HvfExecutor.NativeIntelCancellationAndCompletionFailureAllowRetry
INTEL_PROBE phase=executor_retained
INTEL_LIFECYCLE phase=vcpu_destroy_begin generation=79 owner=36073
INTEL_LIFECYCLE phase=vcpu_destroy_end generation=79 owner=36073
INTEL_LIFECYCLE phase=vm_destroy_begin generation=79 owner=36073
INTEL_LIFECYCLE phase=vm_destroy_end generation=79 owner=36073
INTEL_LIFECYCLE phase=vm_create_begin generation=80 owner=36073
INTEL_LIFECYCLE phase=vm_create_end generation=80 owner=36073
INTEL_LIFECYCLE phase=vcpu_create_begin generation=80 owner=36073
INTEL_LIFECYCLE phase=vcpu_create_end generation=80 owner=36073
[       OK ] HvfExecutor.NativeIntelCancellationAndCompletionFailureAllowRetry (315 ms)
[----------] 1 test from HvfExecutor (315 ms total)

[==========] 1 test from 1 test suite ran. (315 ms total)
[  PASSED  ] 1 test.

Repeating all tests (iteration 80) . . .

Note: Google Test filter = HvfExecutor.Native*
[==========] Running 1 test from 1 test suite.
[----------] 1 test from HvfExecutor
[ RUN      ] HvfExecutor.NativeIntelCancellationAndCompletionFailureAllowRetry
INTEL_PROBE phase=executor_retained
INTEL_LIFECYCLE phase=vcpu_destroy_begin generation=80 owner=36073
INTEL_LIFECYCLE phase=vcpu_destroy_end generation=80 owner=36073
INTEL_LIFECYCLE phase=vm_destroy_begin generation=80 owner=36073
INTEL_LIFECYCLE phase=vm_destroy_end generation=80 owner=36073
INTEL_LIFECYCLE phase=vm_create_begin generation=81 owner=36073
INTEL_LIFECYCLE phase=vm_create_end generation=81 owner=36073
INTEL_LIFECYCLE phase=vcpu_create_begin generation=81 owner=36073
INTEL_LIFECYCLE phase=vcpu_create_end generation=81 owner=36073
[       OK ] HvfExecutor.NativeIntelCancellationAndCompletionFailureAllowRetry (334 ms)
[----------] 1 test from HvfExecutor (334 ms total)

[==========] 1 test from 1 test suite ran. (334 ms total)
[  PASSED  ] 1 test.

Repeating all tests (iteration 81) . . .

Note: Google Test filter = HvfExecutor.Native*
[==========] Running 1 test from 1 test suite.
[----------] 1 test from HvfExecutor
[ RUN      ] HvfExecutor.NativeIntelCancellationAndCompletionFailureAllowRetry
INTEL_PROBE phase=executor_retained
INTEL_LIFECYCLE phase=vcpu_destroy_begin generation=81 owner=36073
INTEL_LIFECYCLE phase=vcpu_destroy_end generation=81 owner=36073
INTEL_LIFECYCLE phase=vm_destroy_begin generation=81 owner=36073
INTEL_LIFECYCLE phase=vm_destroy_end generation=81 owner=36073
INTEL_LIFECYCLE phase=vm_create_begin generation=82 owner=36073
INTEL_LIFECYCLE phase=vm_create_end generation=82 owner=36073
INTEL_LIFECYCLE phase=vcpu_create_begin generation=82 owner=36073
INTEL_LIFECYCLE phase=vcpu_create_end generation=82 owner=36073
[       OK ] HvfExecutor.NativeIntelCancellationAndCompletionFailureAllowRetry (319 ms)
[----------] 1 test from HvfExecutor (319 ms total)

[==========] 1 test from 1 test suite ran. (319 ms total)
[  PASSED  ] 1 test.

Repeating all tests (iteration 82) . . .

Note: Google Test filter = HvfExecutor.Native*
[==========] Running 1 test from 1 test suite.
[----------] 1 test from HvfExecutor
[ RUN      ] HvfExecutor.NativeIntelCancellationAndCompletionFailureAllowRetry
INTEL_PROBE phase=executor_retained
INTEL_LIFECYCLE phase=vcpu_destroy_begin generation=82 owner=36073
INTEL_LIFECYCLE phase=vcpu_destroy_end generation=82 owner=36073
INTEL_LIFECYCLE phase=vm_destroy_begin generation=82 owner=36073
INTEL_LIFECYCLE phase=vm_destroy_end generation=82 owner=36073
INTEL_LIFECYCLE phase=vm_create_begin generation=83 owner=36073
INTEL_LIFECYCLE phase=vm_create_end generation=83 owner=36073
INTEL_LIFECYCLE phase=vcpu_create_begin generation=83 owner=36073
INTEL_LIFECYCLE phase=vcpu_create_end generation=83 owner=36073
[       OK ] HvfExecutor.NativeIntelCancellationAndCompletionFailureAllowRetry (215 ms)
[----------] 1 test from HvfExecutor (215 ms total)

[==========] 1 test from 1 test suite ran. (215 ms total)
[  PASSED  ] 1 test.

Repeating all tests (iteration 83) . . .

Note: Google Test filter = HvfExecutor.Native*
[==========] Running 1 test from 1 test suite.
[----------] 1 test from HvfExecutor
[ RUN      ] HvfExecutor.NativeIntelCancellationAndCompletionFailureAllowRetry
INTEL_PROBE phase=executor_retained
INTEL_LIFECYCLE phase=vcpu_destroy_begin generation=83 owner=36073
INTEL_LIFECYCLE phase=vcpu_destroy_end generation=83 owner=36073
INTEL_LIFECYCLE phase=vm_destroy_begin generation=83 owner=36073
INTEL_LIFECYCLE phase=vm_destroy_end generation=83 owner=36073
INTEL_LIFECYCLE phase=vm_create_begin generation=84 owner=36073
INTEL_LIFECYCLE phase=vm_create_end generation=84 owner=36073
INTEL_LIFECYCLE phase=vcpu_create_begin generation=84 owner=36073
INTEL_LIFECYCLE phase=vcpu_create_end generation=84 owner=36073
[       OK ] HvfExecutor.NativeIntelCancellationAndCompletionFailureAllowRetry (131 ms)
[----------] 1 test from HvfExecutor (131 ms total)

[==========] 1 test from 1 test suite ran. (131 ms total)
[  PASSED  ] 1 test.

Repeating all tests (iteration 84) . . .

Note: Google Test filter = HvfExecutor.Native*
[==========] Running 1 test from 1 test suite.
[----------] 1 test from HvfExecutor
[ RUN      ] HvfExecutor.NativeIntelCancellationAndCompletionFailureAllowRetry
INTEL_PROBE phase=executor_retained
INTEL_LIFECYCLE phase=vcpu_destroy_begin generation=84 owner=36073
INTEL_LIFECYCLE phase=vcpu_destroy_end generation=84 owner=36073
INTEL_LIFECYCLE phase=vm_destroy_begin generation=84 owner=36073
INTEL_LIFECYCLE phase=vm_destroy_end generation=84 owner=36073
INTEL_LIFECYCLE phase=vm_create_begin generation=85 owner=36073
INTEL_LIFECYCLE phase=vm_create_end generation=85 owner=36073
INTEL_LIFECYCLE phase=vcpu_create_begin generation=85 owner=36073
INTEL_LIFECYCLE phase=vcpu_create_end generation=85 owner=36073
[       OK ] HvfExecutor.NativeIntelCancellationAndCompletionFailureAllowRetry (241 ms)
[----------] 1 test from HvfExecutor (241 ms total)

[==========] 1 test from 1 test suite ran. (241 ms total)
[  PASSED  ] 1 test.

Repeating all tests (iteration 85) . . .

Note: Google Test filter = HvfExecutor.Native*
[==========] Running 1 test from 1 test suite.
[----------] 1 test from HvfExecutor
[ RUN      ] HvfExecutor.NativeIntelCancellationAndCompletionFailureAllowRetry
INTEL_PROBE phase=executor_retained
INTEL_LIFECYCLE phase=vcpu_destroy_begin generation=85 owner=36073
INTEL_LIFECYCLE phase=vcpu_destroy_end generation=85 owner=36073
INTEL_LIFECYCLE phase=vm_destroy_begin generation=85 owner=36073
INTEL_LIFECYCLE phase=vm_destroy_end generation=85 owner=36073
INTEL_LIFECYCLE phase=vm_create_begin generation=86 owner=36073
INTEL_LIFECYCLE phase=vm_create_end generation=86 owner=36073
INTEL_LIFECYCLE phase=vcpu_create_begin generation=86 owner=36073
INTEL_LIFECYCLE phase=vcpu_create_end generation=86 owner=36073
[       OK ] HvfExecutor.NativeIntelCancellationAndCompletionFailureAllowRetry (121 ms)
[----------] 1 test from HvfExecutor (121 ms total)

[==========] 1 test from 1 test suite ran. (121 ms total)
[  PASSED  ] 1 test.

Repeating all tests (iteration 86) . . .

Note: Google Test filter = HvfExecutor.Native*
[==========] Running 1 test from 1 test suite.
[----------] 1 test from HvfExecutor
[ RUN      ] HvfExecutor.NativeIntelCancellationAndCompletionFailureAllowRetry
INTEL_PROBE phase=executor_retained
INTEL_LIFECYCLE phase=vcpu_destroy_begin generation=86 owner=36073
INTEL_LIFECYCLE phase=vcpu_destroy_end generation=86 owner=36073
INTEL_LIFECYCLE phase=vm_destroy_begin generation=86 owner=36073
INTEL_LIFECYCLE phase=vm_destroy_end generation=86 owner=36073
INTEL_LIFECYCLE phase=vm_create_begin generation=87 owner=36073
INTEL_LIFECYCLE phase=vm_create_end generation=87 owner=36073
INTEL_LIFECYCLE phase=vcpu_create_begin generation=87 owner=36073
INTEL_LIFECYCLE phase=vcpu_create_end generation=87 owner=36073
[       OK ] HvfExecutor.NativeIntelCancellationAndCompletionFailureAllowRetry (271 ms)
[----------] 1 test from HvfExecutor (271 ms total)

[==========] 1 test from 1 test suite ran. (271 ms total)
[  PASSED  ] 1 test.

Repeating all tests (iteration 87) . . .

Note: Google Test filter = HvfExecutor.Native*
[==========] Running 1 test from 1 test suite.
[----------] 1 test from HvfExecutor
[ RUN      ] HvfExecutor.NativeIntelCancellationAndCompletionFailureAllowRetry
INTEL_PROBE phase=executor_retained
INTEL_LIFECYCLE phase=vcpu_destroy_begin generation=87 owner=36073
INTEL_LIFECYCLE phase=vcpu_destroy_end generation=87 owner=36073
INTEL_LIFECYCLE phase=vm_destroy_begin generation=87 owner=36073
INTEL_LIFECYCLE phase=vm_destroy_end generation=87 owner=36073
INTEL_LIFECYCLE phase=vm_create_begin generation=88 owner=36073
INTEL_LIFECYCLE phase=vm_create_end generation=88 owner=36073
INTEL_LIFECYCLE phase=vcpu_create_begin generation=88 owner=36073
INTEL_LIFECYCLE phase=vcpu_create_end generation=88 owner=36073
[       OK ] HvfExecutor.NativeIntelCancellationAndCompletionFailureAllowRetry (399 ms)
[----------] 1 test from HvfExecutor (399 ms total)

[==========] 1 test from 1 test suite ran. (399 ms total)
[  PASSED  ] 1 test.

Repeating all tests (iteration 88) . . .

Note: Google Test filter = HvfExecutor.Native*
[==========] Running 1 test from 1 test suite.
[----------] 1 test from HvfExecutor
[ RUN      ] HvfExecutor.NativeIntelCancellationAndCompletionFailureAllowRetry
INTEL_PROBE phase=executor_retained
INTEL_LIFECYCLE phase=vcpu_destroy_begin generation=88 owner=36073
INTEL_LIFECYCLE phase=vcpu_destroy_end generation=88 owner=36073
INTEL_LIFECYCLE phase=vm_destroy_begin generation=88 owner=36073
INTEL_LIFECYCLE phase=vm_destroy_end generation=88 owner=36073
INTEL_LIFECYCLE phase=vm_create_begin generation=89 owner=36073
INTEL_LIFECYCLE phase=vm_create_end generation=89 owner=36073
INTEL_LIFECYCLE phase=vcpu_create_begin generation=89 owner=36073
INTEL_LIFECYCLE phase=vcpu_create_end generation=89 owner=36073
[       OK ] HvfExecutor.NativeIntelCancellationAndCompletionFailureAllowRetry (123 ms)
[----------] 1 test from HvfExecutor (124 ms total)

[==========] 1 test from 1 test suite ran. (124 ms total)
[  PASSED  ] 1 test.

Repeating all tests (iteration 89) . . .

Note: Google Test filter = HvfExecutor.Native*
[==========] Running 1 test from 1 test suite.
[----------] 1 test from HvfExecutor
[ RUN      ] HvfExecutor.NativeIntelCancellationAndCompletionFailureAllowRetry
INTEL_PROBE phase=executor_retained
INTEL_LIFECYCLE phase=vcpu_destroy_begin generation=89 owner=36073
INTEL_LIFECYCLE phase=vcpu_destroy_end generation=89 owner=36073
INTEL_LIFECYCLE phase=vm_destroy_begin generation=89 owner=36073
INTEL_LIFECYCLE phase=vm_destroy_end generation=89 owner=36073
INTEL_LIFECYCLE phase=vm_create_begin generation=90 owner=36073
INTEL_LIFECYCLE phase=vm_create_end generation=90 owner=36073
INTEL_LIFECYCLE phase=vcpu_create_begin generation=90 owner=36073
INTEL_LIFECYCLE phase=vcpu_create_end generation=90 owner=36073
[       OK ] HvfExecutor.NativeIntelCancellationAndCompletionFailureAllowRetry (174 ms)
[----------] 1 test from HvfExecutor (175 ms total)

[==========] 1 test from 1 test suite ran. (175 ms total)
[  PASSED  ] 1 test.

Repeating all tests (iteration 90) . . .

Note: Google Test filter = HvfExecutor.Native*
[==========] Running 1 test from 1 test suite.
[----------] 1 test from HvfExecutor
[ RUN      ] HvfExecutor.NativeIntelCancellationAndCompletionFailureAllowRetry
INTEL_PROBE phase=executor_retained
INTEL_LIFECYCLE phase=vcpu_destroy_begin generation=90 owner=36073
INTEL_LIFECYCLE phase=vcpu_destroy_end generation=90 owner=36073
INTEL_LIFECYCLE phase=vm_destroy_begin generation=90 owner=36073
INTEL_LIFECYCLE phase=vm_destroy_end generation=90 owner=36073
INTEL_LIFECYCLE phase=vm_create_begin generation=91 owner=36073
INTEL_LIFECYCLE phase=vm_create_end generation=91 owner=36073
INTEL_LIFECYCLE phase=vcpu_create_begin generation=91 owner=36073
INTEL_LIFECYCLE phase=vcpu_create_end generation=91 owner=36073
[       OK ] HvfExecutor.NativeIntelCancellationAndCompletionFailureAllowRetry (269 ms)
[----------] 1 test from HvfExecutor (269 ms total)

[==========] 1 test from 1 test suite ran. (269 ms total)
[  PASSED  ] 1 test.

Repeating all tests (iteration 91) . . .

Note: Google Test filter = HvfExecutor.Native*
[==========] Running 1 test from 1 test suite.
[----------] 1 test from HvfExecutor
[ RUN      ] HvfExecutor.NativeIntelCancellationAndCompletionFailureAllowRetry
INTEL_PROBE phase=executor_retained
INTEL_LIFECYCLE phase=vcpu_destroy_begin generation=91 owner=36073
INTEL_LIFECYCLE phase=vcpu_destroy_end generation=91 owner=36073
INTEL_LIFECYCLE phase=vm_destroy_begin generation=91 owner=36073
INTEL_LIFECYCLE phase=vm_destroy_end generation=91 owner=36073
INTEL_LIFECYCLE phase=vm_create_begin generation=92 owner=36073
INTEL_LIFECYCLE phase=vm_create_end generation=92 owner=36073
INTEL_LIFECYCLE phase=vcpu_create_begin generation=92 owner=36073
INTEL_LIFECYCLE phase=vcpu_create_end generation=92 owner=36073
[       OK ] HvfExecutor.NativeIntelCancellationAndCompletionFailureAllowRetry (256 ms)
[----------] 1 test from HvfExecutor (256 ms total)

[==========] 1 test from 1 test suite ran. (256 ms total)
[  PASSED  ] 1 test.

Repeating all tests (iteration 92) . . .

Note: Google Test filter = HvfExecutor.Native*
[==========] Running 1 test from 1 test suite.
[----------] 1 test from HvfExecutor
[ RUN      ] HvfExecutor.NativeIntelCancellationAndCompletionFailureAllowRetry
INTEL_PROBE phase=executor_retained
INTEL_LIFECYCLE phase=vcpu_destroy_begin generation=92 owner=36073
INTEL_LIFECYCLE phase=vcpu_destroy_end generation=92 owner=36073
INTEL_LIFECYCLE phase=vm_destroy_begin generation=92 owner=36073
INTEL_LIFECYCLE phase=vm_destroy_end generation=92 owner=36073
INTEL_LIFECYCLE phase=vm_create_begin generation=93 owner=36073
INTEL_LIFECYCLE phase=vm_create_end generation=93 owner=36073
INTEL_LIFECYCLE phase=vcpu_create_begin generation=93 owner=36073
INTEL_LIFECYCLE phase=vcpu_create_end generation=93 owner=36073
[       OK ] HvfExecutor.NativeIntelCancellationAndCompletionFailureAllowRetry (128 ms)
[----------] 1 test from HvfExecutor (128 ms total)

[==========] 1 test from 1 test suite ran. (128 ms total)
[  PASSED  ] 1 test.

Repeating all tests (iteration 93) . . .

Note: Google Test filter = HvfExecutor.Native*
[==========] Running 1 test from 1 test suite.
[----------] 1 test from HvfExecutor
[ RUN      ] HvfExecutor.NativeIntelCancellationAndCompletionFailureAllowRetry
INTEL_PROBE phase=executor_retained
INTEL_LIFECYCLE phase=vcpu_destroy_begin generation=93 owner=36073
INTEL_LIFECYCLE phase=vcpu_destroy_end generation=93 owner=36073
INTEL_LIFECYCLE phase=vm_destroy_begin generation=93 owner=36073
INTEL_LIFECYCLE phase=vm_destroy_end generation=93 owner=36073
INTEL_LIFECYCLE phase=vm_create_begin generation=94 owner=36073
INTEL_LIFECYCLE phase=vm_create_end generation=94 owner=36073
INTEL_LIFECYCLE phase=vcpu_create_begin generation=94 owner=36073
INTEL_LIFECYCLE phase=vcpu_create_end generation=94 owner=36073
[       OK ] HvfExecutor.NativeIntelCancellationAndCompletionFailureAllowRetry (279 ms)
[----------] 1 test from HvfExecutor (279 ms total)

[==========] 1 test from 1 test suite ran. (279 ms total)
[  PASSED  ] 1 test.

Repeating all tests (iteration 94) . . .

Note: Google Test filter = HvfExecutor.Native*
[==========] Running 1 test from 1 test suite.
[----------] 1 test from HvfExecutor
[ RUN      ] HvfExecutor.NativeIntelCancellationAndCompletionFailureAllowRetry
INTEL_PROBE phase=executor_retained
INTEL_LIFECYCLE phase=vcpu_destroy_begin generation=94 owner=36073
INTEL_LIFECYCLE phase=vcpu_destroy_end generation=94 owner=36073
INTEL_LIFECYCLE phase=vm_destroy_begin generation=94 owner=36073
INTEL_LIFECYCLE phase=vm_destroy_end generation=94 owner=36073
INTEL_LIFECYCLE phase=vm_create_begin generation=95 owner=36073
INTEL_LIFECYCLE phase=vm_create_end generation=95 owner=36073
INTEL_LIFECYCLE phase=vcpu_create_begin generation=95 owner=36073
INTEL_LIFECYCLE phase=vcpu_create_end generation=95 owner=36073
[       OK ] HvfExecutor.NativeIntelCancellationAndCompletionFailureAllowRetry (266 ms)
[----------] 1 test from HvfExecutor (266 ms total)

[==========] 1 test from 1 test suite ran. (266 ms total)
[  PASSED  ] 1 test.

Repeating all tests (iteration 95) . . .

Note: Google Test filter = HvfExecutor.Native*
[==========] Running 1 test from 1 test suite.
[----------] 1 test from HvfExecutor
[ RUN      ] HvfExecutor.NativeIntelCancellationAndCompletionFailureAllowRetry
INTEL_PROBE phase=executor_retained
INTEL_LIFECYCLE phase=vcpu_destroy_begin generation=95 owner=36073
INTEL_LIFECYCLE phase=vcpu_destroy_end generation=95 owner=36073
INTEL_LIFECYCLE phase=vm_destroy_begin generation=95 owner=36073
INTEL_LIFECYCLE phase=vm_destroy_end generation=95 owner=36073
INTEL_LIFECYCLE phase=vm_create_begin generation=96 owner=36073
INTEL_LIFECYCLE phase=vm_create_end generation=96 owner=36073
INTEL_LIFECYCLE phase=vcpu_create_begin generation=96 owner=36073
INTEL_LIFECYCLE phase=vcpu_create_end generation=96 owner=36073
[       OK ] HvfExecutor.NativeIntelCancellationAndCompletionFailureAllowRetry (163 ms)
[----------] 1 test from HvfExecutor (163 ms total)

[==========] 1 test from 1 test suite ran. (163 ms total)
[  PASSED  ] 1 test.

Repeating all tests (iteration 96) . . .

Note: Google Test filter = HvfExecutor.Native*
[==========] Running 1 test from 1 test suite.
[----------] 1 test from HvfExecutor
[ RUN      ] HvfExecutor.NativeIntelCancellationAndCompletionFailureAllowRetry
INTEL_PROBE phase=executor_retained
INTEL_LIFECYCLE phase=vcpu_destroy_begin generation=96 owner=36073
INTEL_LIFECYCLE phase=vcpu_destroy_end generation=96 owner=36073
INTEL_LIFECYCLE phase=vm_destroy_begin generation=96 owner=36073
INTEL_LIFECYCLE phase=vm_destroy_end generation=96 owner=36073
INTEL_LIFECYCLE phase=vm_create_begin generation=97 owner=36073
INTEL_LIFECYCLE phase=vm_create_end generation=97 owner=36073
INTEL_LIFECYCLE phase=vcpu_create_begin generation=97 owner=36073
INTEL_LIFECYCLE phase=vcpu_create_end generation=97 owner=36073
[       OK ] HvfExecutor.NativeIntelCancellationAndCompletionFailureAllowRetry (171 ms)
[----------] 1 test from HvfExecutor (171 ms total)

[==========] 1 test from 1 test suite ran. (171 ms total)
[  PASSED  ] 1 test.

Repeating all tests (iteration 97) . . .

Note: Google Test filter = HvfExecutor.Native*
[==========] Running 1 test from 1 test suite.
[----------] 1 test from HvfExecutor
[ RUN      ] HvfExecutor.NativeIntelCancellationAndCompletionFailureAllowRetry
INTEL_PROBE phase=executor_retained
INTEL_LIFECYCLE phase=vcpu_destroy_begin generation=97 owner=36073
INTEL_LIFECYCLE phase=vcpu_destroy_end generation=97 owner=36073
INTEL_LIFECYCLE phase=vm_destroy_begin generation=97 owner=36073
INTEL_LIFECYCLE phase=vm_destroy_end generation=97 owner=36073
INTEL_LIFECYCLE phase=vm_create_begin generation=98 owner=36073
INTEL_LIFECYCLE phase=vm_create_end generation=98 owner=36073
INTEL_LIFECYCLE phase=vcpu_create_begin generation=98 owner=36073
INTEL_LIFECYCLE phase=vcpu_create_end generation=98 owner=36073
[       OK ] HvfExecutor.NativeIntelCancellationAndCompletionFailureAllowRetry (153 ms)
[----------] 1 test from HvfExecutor (153 ms total)

[==========] 1 test from 1 test suite ran. (153 ms total)
[  PASSED  ] 1 test.

Repeating all tests (iteration 98) . . .

Note: Google Test filter = HvfExecutor.Native*
[==========] Running 1 test from 1 test suite.
[----------] 1 test from HvfExecutor
[ RUN      ] HvfExecutor.NativeIntelCancellationAndCompletionFailureAllowRetry
INTEL_PROBE phase=executor_retained
INTEL_LIFECYCLE phase=vcpu_destroy_begin generation=98 owner=36073
INTEL_LIFECYCLE phase=vcpu_destroy_end generation=98 owner=36073
INTEL_LIFECYCLE phase=vm_destroy_begin generation=98 owner=36073
INTEL_LIFECYCLE phase=vm_destroy_end generation=98 owner=36073
INTEL_LIFECYCLE phase=vm_create_begin generation=99 owner=36073
INTEL_LIFECYCLE phase=vm_create_end generation=99 owner=36073
INTEL_LIFECYCLE phase=vcpu_create_begin generation=99 owner=36073
INTEL_LIFECYCLE phase=vcpu_create_end generation=99 owner=36073
[       OK ] HvfExecutor.NativeIntelCancellationAndCompletionFailureAllowRetry (233 ms)
[----------] 1 test from HvfExecutor (233 ms total)

[==========] 1 test from 1 test suite ran. (233 ms total)
[  PASSED  ] 1 test.

Repeating all tests (iteration 99) . . .

Note: Google Test filter = HvfExecutor.Native*
[==========] Running 1 test from 1 test suite.
[----------] 1 test from HvfExecutor
[ RUN      ] HvfExecutor.NativeIntelCancellationAndCompletionFailureAllowRetry
INTEL_PROBE phase=executor_retained
INTEL_LIFECYCLE phase=vcpu_destroy_begin generation=99 owner=36073
INTEL_LIFECYCLE phase=vcpu_destroy_end generation=99 owner=36073
INTEL_LIFECYCLE phase=vm_destroy_begin generation=99 owner=36073
INTEL_LIFECYCLE phase=vm_destroy_end generation=99 owner=36073
INTEL_LIFECYCLE phase=vm_create_begin generation=100 owner=36073
INTEL_LIFECYCLE phase=vm_create_end generation=100 owner=36073
INTEL_LIFECYCLE phase=vcpu_create_begin generation=100 owner=36073
INTEL_LIFECYCLE phase=vcpu_create_end generation=100 owner=36073
[       OK ] HvfExecutor.NativeIntelCancellationAndCompletionFailureAllowRetry (124 ms)
[----------] 1 test from HvfExecutor (124 ms total)

[==========] 1 test from 1 test suite ran. (124 ms total)
[  PASSED  ] 1 test.

Repeating all tests (iteration 100) . . .

Note: Google Test filter = HvfExecutor.Native*
[==========] Running 1 test from 1 test suite.
[----------] 1 test from HvfExecutor
[ RUN      ] HvfExecutor.NativeIntelCancellationAndCompletionFailureAllowRetry
INTEL_PROBE phase=executor_retained
INTEL_LIFECYCLE phase=vcpu_destroy_begin generation=100 owner=36073
INTEL_LIFECYCLE phase=vcpu_destroy_end generation=100 owner=36073
INTEL_LIFECYCLE phase=vm_destroy_begin generation=100 owner=36073
INTEL_LIFECYCLE phase=vm_destroy_end generation=100 owner=36073
INTEL_LIFECYCLE phase=vm_create_begin generation=101 owner=36073
INTEL_LIFECYCLE phase=vm_create_end generation=101 owner=36073
INTEL_LIFECYCLE phase=vcpu_create_begin generation=101 owner=36073
INTEL_LIFECYCLE phase=vcpu_create_end generation=101 owner=36073
[       OK ] HvfExecutor.NativeIntelCancellationAndCompletionFailureAllowRetry (223 ms)
[----------] 1 test from HvfExecutor (223 ms total)

[==========] 1 test from 1 test suite ran. (223 ms total)
[  PASSED  ] 1 test.

Repeating all tests (iteration 101) . . .

Note: Google Test filter = HvfExecutor.Native*
[==========] Running 1 test from 1 test suite.
[----------] 1 test from HvfExecutor
[ RUN      ] HvfExecutor.NativeIntelCancellationAndCompletionFailureAllowRetry
INTEL_PROBE phase=executor_retained
INTEL_LIFECYCLE phase=vcpu_destroy_begin generation=101 owner=36073
INTEL_LIFECYCLE phase=vcpu_destroy_end generation=101 owner=36073
INTEL_LIFECYCLE phase=vm_destroy_begin generation=101 owner=36073
INTEL_LIFECYCLE phase=vm_destroy_end generation=101 owner=36073
INTEL_LIFECYCLE phase=vm_create_begin generation=102 owner=36073
INTEL_LIFECYCLE phase=vm_create_end generation=102 owner=36073
INTEL_LIFECYCLE phase=vcpu_create_begin generation=102 owner=36073
INTEL_LIFECYCLE phase=vcpu_create_end generation=102 owner=36073
[       OK ] HvfExecutor.NativeIntelCancellationAndCompletionFailureAllowRetry (263 ms)
[----------] 1 test from HvfExecutor (263 ms total)

[==========] 1 test from 1 test suite ran. (263 ms total)
[  PASSED  ] 1 test.

Repeating all tests (iteration 102) . . .

Note: Google Test filter = HvfExecutor.Native*
[==========] Running 1 test from 1 test suite.
[----------] 1 test from HvfExecutor
[ RUN      ] HvfExecutor.NativeIntelCancellationAndCompletionFailureAllowRetry
INTEL_PROBE phase=executor_retained
INTEL_LIFECYCLE phase=vcpu_destroy_begin generation=102 owner=36073
INTEL_LIFECYCLE phase=vcpu_destroy_end generation=102 owner=36073
INTEL_LIFECYCLE phase=vm_destroy_begin generation=102 owner=36073
INTEL_LIFECYCLE phase=vm_destroy_end generation=102 owner=36073
INTEL_LIFECYCLE phase=vm_create_begin generation=103 owner=36073
INTEL_LIFECYCLE phase=vm_create_end generation=103 owner=36073
INTEL_LIFECYCLE phase=vcpu_create_begin generation=103 owner=36073
INTEL_LIFECYCLE phase=vcpu_create_end generation=103 owner=36073
[       OK ] HvfExecutor.NativeIntelCancellationAndCompletionFailureAllowRetry (146 ms)
[----------] 1 test from HvfExecutor (146 ms total)

[==========] 1 test from 1 test suite ran. (146 ms total)
[  PASSED  ] 1 test.

Repeating all tests (iteration 103) . . .

Note: Google Test filter = HvfExecutor.Native*
[==========] Running 1 test from 1 test suite.
[----------] 1 test from HvfExecutor
[ RUN      ] HvfExecutor.NativeIntelCancellationAndCompletionFailureAllowRetry
INTEL_PROBE phase=executor_retained
INTEL_LIFECYCLE phase=vcpu_destroy_begin generation=103 owner=36073
INTEL_LIFECYCLE phase=vcpu_destroy_end generation=103 owner=36073
INTEL_LIFECYCLE phase=vm_destroy_begin generation=103 owner=36073
INTEL_LIFECYCLE phase=vm_destroy_end generation=103 owner=36073
INTEL_LIFECYCLE phase=vm_create_begin generation=104 owner=36073
INTEL_LIFECYCLE phase=vm_create_end generation=104 owner=36073
INTEL_LIFECYCLE phase=vcpu_create_begin generation=104 owner=36073
INTEL_LIFECYCLE phase=vcpu_create_end generation=104 owner=36073
[       OK ] HvfExecutor.NativeIntelCancellationAndCompletionFailureAllowRetry (186 ms)
[----------] 1 test from HvfExecutor (186 ms total)

[==========] 1 test from 1 test suite ran. (186 ms total)
[  PASSED  ] 1 test.

Repeating all tests (iteration 104) . . .

Note: Google Test filter = HvfExecutor.Native*
[==========] Running 1 test from 1 test suite.
[----------] 1 test from HvfExecutor
[ RUN      ] HvfExecutor.NativeIntelCancellationAndCompletionFailureAllowRetry
INTEL_PROBE phase=executor_retained
INTEL_LIFECYCLE phase=vcpu_destroy_begin generation=104 owner=36073
INTEL_LIFECYCLE phase=vcpu_destroy_end generation=104 owner=36073
INTEL_LIFECYCLE phase=vm_destroy_begin generation=104 owner=36073
INTEL_LIFECYCLE phase=vm_destroy_end generation=104 owner=36073
INTEL_LIFECYCLE phase=vm_create_begin generation=105 owner=36073
INTEL_LIFECYCLE phase=vm_create_end generation=105 owner=36073
INTEL_LIFECYCLE phase=vcpu_create_begin generation=105 owner=36073
INTEL_LIFECYCLE phase=vcpu_create_end generation=105 owner=36073
[       OK ] HvfExecutor.NativeIntelCancellationAndCompletionFailureAllowRetry (336 ms)
[----------] 1 test from HvfExecutor (336 ms total)

[==========] 1 test from 1 test suite ran. (336 ms total)
[  PASSED  ] 1 test.

Repeating all tests (iteration 105) . . .

Note: Google Test filter = HvfExecutor.Native*
[==========] Running 1 test from 1 test suite.
[----------] 1 test from HvfExecutor
[ RUN      ] HvfExecutor.NativeIntelCancellationAndCompletionFailureAllowRetry
INTEL_PROBE phase=executor_retained
INTEL_LIFECYCLE phase=vcpu_destroy_begin generation=105 owner=36073
INTEL_LIFECYCLE phase=vcpu_destroy_end generation=105 owner=36073
INTEL_LIFECYCLE phase=vm_destroy_begin generation=105 owner=36073
INTEL_LIFECYCLE phase=vm_destroy_end generation=105 owner=36073
INTEL_LIFECYCLE phase=vm_create_begin generation=106 owner=36073
INTEL_LIFECYCLE phase=vm_create_end generation=106 owner=36073
INTEL_LIFECYCLE phase=vcpu_create_begin generation=106 owner=36073
INTEL_LIFECYCLE phase=vcpu_create_end generation=106 owner=36073
[       OK ] HvfExecutor.NativeIntelCancellationAndCompletionFailureAllowRetry (369 ms)
[----------] 1 test from HvfExecutor (369 ms total)

[==========] 1 test from 1 test suite ran. (370 ms total)
[  PASSED  ] 1 test.

Repeating all tests (iteration 106) . . .

Note: Google Test filter = HvfExecutor.Native*
[==========] Running 1 test from 1 test suite.
[----------] 1 test from HvfExecutor
[ RUN      ] HvfExecutor.NativeIntelCancellationAndCompletionFailureAllowRetry
INTEL_PROBE phase=executor_retained
INTEL_LIFECYCLE phase=vcpu_destroy_begin generation=106 owner=36073
INTEL_LIFECYCLE phase=vcpu_destroy_end generation=106 owner=36073
INTEL_LIFECYCLE phase=vm_destroy_begin generation=106 owner=36073
INTEL_LIFECYCLE phase=vm_destroy_end generation=106 owner=36073
INTEL_LIFECYCLE phase=vm_create_begin generation=107 owner=36073
INTEL_LIFECYCLE phase=vm_create_end generation=107 owner=36073
INTEL_LIFECYCLE phase=vcpu_create_begin generation=107 owner=36073
INTEL_LIFECYCLE phase=vcpu_create_end generation=107 owner=36073
[       OK ] HvfExecutor.NativeIntelCancellationAndCompletionFailureAllowRetry (249 ms)
[----------] 1 test from HvfExecutor (249 ms total)

[==========] 1 test from 1 test suite ran. (249 ms total)
[  PASSED  ] 1 test.

Repeating all tests (iteration 107) . . .

Note: Google Test filter = HvfExecutor.Native*
[==========] Running 1 test from 1 test suite.
[----------] 1 test from HvfExecutor
[ RUN      ] HvfExecutor.NativeIntelCancellationAndCompletionFailureAllowRetry
INTEL_PROBE phase=executor_retained
INTEL_LIFECYCLE phase=vcpu_destroy_begin generation=107 owner=36073
INTEL_LIFECYCLE phase=vcpu_destroy_end generation=107 owner=36073
INTEL_LIFECYCLE phase=vm_destroy_begin generation=107 owner=36073
INTEL_LIFECYCLE phase=vm_destroy_end generation=107 owner=36073
INTEL_LIFECYCLE phase=vm_create_begin generation=108 owner=36073
INTEL_LIFECYCLE phase=vm_create_end generation=108 owner=36073
INTEL_LIFECYCLE phase=vcpu_create_begin generation=108 owner=36073
INTEL_LIFECYCLE phase=vcpu_create_end generation=108 owner=36073
[       OK ] HvfExecutor.NativeIntelCancellationAndCompletionFailureAllowRetry (158 ms)
[----------] 1 test from HvfExecutor (158 ms total)

[==========] 1 test from 1 test suite ran. (158 ms total)
[  PASSED  ] 1 test.

Repeating all tests (iteration 108) . . .

Note: Google Test filter = HvfExecutor.Native*
[==========] Running 1 test from 1 test suite.
[----------] 1 test from HvfExecutor
[ RUN      ] HvfExecutor.NativeIntelCancellationAndCompletionFailureAllowRetry
INTEL_PROBE phase=executor_retained
INTEL_LIFECYCLE phase=vcpu_destroy_begin generation=108 owner=36073
INTEL_LIFECYCLE phase=vcpu_destroy_end generation=108 owner=36073
INTEL_LIFECYCLE phase=vm_destroy_begin generation=108 owner=36073
INTEL_LIFECYCLE phase=vm_destroy_end generation=108 owner=36073
INTEL_LIFECYCLE phase=vm_create_begin generation=109 owner=36073
INTEL_LIFECYCLE phase=vm_create_end generation=109 owner=36073
INTEL_LIFECYCLE phase=vcpu_create_begin generation=109 owner=36073
INTEL_LIFECYCLE phase=vcpu_create_end generation=109 owner=36073
[       OK ] HvfExecutor.NativeIntelCancellationAndCompletionFailureAllowRetry (284 ms)
[----------] 1 test from HvfExecutor (284 ms total)

[==========] 1 test from 1 test suite ran. (284 ms total)
[  PASSED  ] 1 test.

Repeating all tests (iteration 109) . . .

Note: Google Test filter = HvfExecutor.Native*
[==========] Running 1 test from 1 test suite.
[----------] 1 test from HvfExecutor
[ RUN      ] HvfExecutor.NativeIntelCancellationAndCompletionFailureAllowRetry
INTEL_PROBE phase=executor_retained
INTEL_LIFECYCLE phase=vcpu_destroy_begin generation=109 owner=36073
INTEL_LIFECYCLE phase=vcpu_destroy_end generation=109 owner=36073
INTEL_LIFECYCLE phase=vm_destroy_begin generation=109 owner=36073
INTEL_LIFECYCLE phase=vm_destroy_end generation=109 owner=36073
INTEL_LIFECYCLE phase=vm_create_begin generation=110 owner=36073
INTEL_LIFECYCLE phase=vm_create_end generation=110 owner=36073
INTEL_LIFECYCLE phase=vcpu_create_begin generation=110 owner=36073
INTEL_LIFECYCLE phase=vcpu_create_end generation=110 owner=36073
[       OK ] HvfExecutor.NativeIntelCancellationAndCompletionFailureAllowRetry (189 ms)
[----------] 1 test from HvfExecutor (189 ms total)

[==========] 1 test from 1 test suite ran. (189 ms total)
[  PASSED  ] 1 test.

Repeating all tests (iteration 110) . . .

Note: Google Test filter = HvfExecutor.Native*
[==========] Running 1 test from 1 test suite.
[----------] 1 test from HvfExecutor
[ RUN      ] HvfExecutor.NativeIntelCancellationAndCompletionFailureAllowRetry
INTEL_PROBE phase=executor_retained
INTEL_LIFECYCLE phase=vcpu_destroy_begin generation=110 owner=36073
INTEL_LIFECYCLE phase=vcpu_destroy_end generation=110 owner=36073
INTEL_LIFECYCLE phase=vm_destroy_begin generation=110 owner=36073
INTEL_LIFECYCLE phase=vm_destroy_end generation=110 owner=36073
INTEL_LIFECYCLE phase=vm_create_begin generation=111 owner=36073
INTEL_LIFECYCLE phase=vm_create_end generation=111 owner=36073
INTEL_LIFECYCLE phase=vcpu_create_begin generation=111 owner=36073
INTEL_LIFECYCLE phase=vcpu_create_end generation=111 owner=36073
[       OK ] HvfExecutor.NativeIntelCancellationAndCompletionFailureAllowRetry (184 ms)
[----------] 1 test from HvfExecutor (184 ms total)

[==========] 1 test from 1 test suite ran. (184 ms total)
[  PASSED  ] 1 test.

Repeating all tests (iteration 111) . . .

Note: Google Test filter = HvfExecutor.Native*
[==========] Running 1 test from 1 test suite.
[----------] 1 test from HvfExecutor
[ RUN      ] HvfExecutor.NativeIntelCancellationAndCompletionFailureAllowRetry
INTEL_PROBE phase=executor_retained
INTEL_LIFECYCLE phase=vcpu_destroy_begin generation=111 owner=36073
INTEL_LIFECYCLE phase=vcpu_destroy_end generation=111 owner=36073
INTEL_LIFECYCLE phase=vm_destroy_begin generation=111 owner=36073
INTEL_LIFECYCLE phase=vm_destroy_end generation=111 owner=36073
INTEL_LIFECYCLE phase=vm_create_begin generation=112 owner=36073
INTEL_LIFECYCLE phase=vm_create_end generation=112 owner=36073
INTEL_LIFECYCLE phase=vcpu_create_begin generation=112 owner=36073
INTEL_LIFECYCLE phase=vcpu_create_end generation=112 owner=36073
[       OK ] HvfExecutor.NativeIntelCancellationAndCompletionFailureAllowRetry (455 ms)
[----------] 1 test from HvfExecutor (455 ms total)

[==========] 1 test from 1 test suite ran. (455 ms total)
[  PASSED  ] 1 test.

Repeating all tests (iteration 112) . . .

Note: Google Test filter = HvfExecutor.Native*
[==========] Running 1 test from 1 test suite.
[----------] 1 test from HvfExecutor
[ RUN      ] HvfExecutor.NativeIntelCancellationAndCompletionFailureAllowRetry
INTEL_PROBE phase=executor_retained
INTEL_LIFECYCLE phase=vcpu_destroy_begin generation=112 owner=36073
INTEL_LIFECYCLE phase=vcpu_destroy_end generation=112 owner=36073
INTEL_LIFECYCLE phase=vm_destroy_begin generation=112 owner=36073
INTEL_LIFECYCLE phase=vm_destroy_end generation=112 owner=36073
INTEL_LIFECYCLE phase=vm_create_begin generation=113 owner=36073
INTEL_LIFECYCLE phase=vm_create_end generation=113 owner=36073
INTEL_LIFECYCLE phase=vcpu_create_begin generation=113 owner=36073
INTEL_LIFECYCLE phase=vcpu_create_end generation=113 owner=36073
[       OK ] HvfExecutor.NativeIntelCancellationAndCompletionFailureAllowRetry (396 ms)
[----------] 1 test from HvfExecutor (396 ms total)

[==========] 1 test from 1 test suite ran. (396 ms total)
[  PASSED  ] 1 test.

Repeating all tests (iteration 113) . . .

Note: Google Test filter = HvfExecutor.Native*
[==========] Running 1 test from 1 test suite.
[----------] 1 test from HvfExecutor
[ RUN      ] HvfExecutor.NativeIntelCancellationAndCompletionFailureAllowRetry
INTEL_PROBE phase=executor_retained
INTEL_LIFECYCLE phase=vcpu_destroy_begin generation=113 owner=36073
INTEL_LIFECYCLE phase=vcpu_destroy_end generation=113 owner=36073
INTEL_LIFECYCLE phase=vm_destroy_begin generation=113 owner=36073
INTEL_LIFECYCLE phase=vm_destroy_end generation=113 owner=36073
INTEL_LIFECYCLE phase=vm_create_begin generation=114 owner=36073
INTEL_LIFECYCLE phase=vm_create_end generation=114 owner=36073
INTEL_LIFECYCLE phase=vcpu_create_begin generation=114 owner=36073
INTEL_LIFECYCLE phase=vcpu_create_end generation=114 owner=36073
[       OK ] HvfExecutor.NativeIntelCancellationAndCompletionFailureAllowRetry (273 ms)
[----------] 1 test from HvfExecutor (273 ms total)

[==========] 1 test from 1 test suite ran. (273 ms total)
[  PASSED  ] 1 test.

Repeating all tests (iteration 114) . . .

Note: Google Test filter = HvfExecutor.Native*
[==========] Running 1 test from 1 test suite.
[----------] 1 test from HvfExecutor
[ RUN      ] HvfExecutor.NativeIntelCancellationAndCompletionFailureAllowRetry
INTEL_PROBE phase=executor_retained
INTEL_LIFECYCLE phase=vcpu_destroy_begin generation=114 owner=36073
INTEL_LIFECYCLE phase=vcpu_destroy_end generation=114 owner=36073
INTEL_LIFECYCLE phase=vm_destroy_begin generation=114 owner=36073
INTEL_LIFECYCLE phase=vm_destroy_end generation=114 owner=36073
INTEL_LIFECYCLE phase=vm_create_begin generation=115 owner=36073
INTEL_LIFECYCLE phase=vm_create_end generation=115 owner=36073
INTEL_LIFECYCLE phase=vcpu_create_begin generation=115 owner=36073
INTEL_LIFECYCLE phase=vcpu_create_end generation=115 owner=36073
[       OK ] HvfExecutor.NativeIntelCancellationAndCompletionFailureAllowRetry (167 ms)
[----------] 1 test from HvfExecutor (167 ms total)

[==========] 1 test from 1 test suite ran. (167 ms total)
[  PASSED  ] 1 test.

Repeating all tests (iteration 115) . . .

Note: Google Test filter = HvfExecutor.Native*
[==========] Running 1 test from 1 test suite.
[----------] 1 test from HvfExecutor
[ RUN      ] HvfExecutor.NativeIntelCancellationAndCompletionFailureAllowRetry
INTEL_PROBE phase=executor_retained
INTEL_LIFECYCLE phase=vcpu_destroy_begin generation=115 owner=36073
INTEL_LIFECYCLE phase=vcpu_destroy_end generation=115 owner=36073
INTEL_LIFECYCLE phase=vm_destroy_begin generation=115 owner=36073
INTEL_LIFECYCLE phase=vm_destroy_end generation=115 owner=36073
INTEL_LIFECYCLE phase=vm_create_begin generation=116 owner=36073
INTEL_LIFECYCLE phase=vm_create_end generation=116 owner=36073
INTEL_LIFECYCLE phase=vcpu_create_begin generation=116 owner=36073
INTEL_LIFECYCLE phase=vcpu_create_end generation=116 owner=36073
[       OK ] HvfExecutor.NativeIntelCancellationAndCompletionFailureAllowRetry (216 ms)
[----------] 1 test from HvfExecutor (216 ms total)

[==========] 1 test from 1 test suite ran. (216 ms total)
[  PASSED  ] 1 test.

Repeating all tests (iteration 116) . . .

Note: Google Test filter = HvfExecutor.Native*
[==========] Running 1 test from 1 test suite.
[----------] 1 test from HvfExecutor
[ RUN      ] HvfExecutor.NativeIntelCancellationAndCompletionFailureAllowRetry
INTEL_PROBE phase=executor_retained
INTEL_LIFECYCLE phase=vcpu_destroy_begin generation=116 owner=36073
INTEL_LIFECYCLE phase=vcpu_destroy_end generation=116 owner=36073
INTEL_LIFECYCLE phase=vm_destroy_begin generation=116 owner=36073
INTEL_LIFECYCLE phase=vm_destroy_end generation=116 owner=36073
INTEL_LIFECYCLE phase=vm_create_begin generation=117 owner=36073
INTEL_LIFECYCLE phase=vm_create_end generation=117 owner=36073
INTEL_LIFECYCLE phase=vcpu_create_begin generation=117 owner=36073
INTEL_LIFECYCLE phase=vcpu_create_end generation=117 owner=36073
[       OK ] HvfExecutor.NativeIntelCancellationAndCompletionFailureAllowRetry (297 ms)
[----------] 1 test from HvfExecutor (297 ms total)

[==========] 1 test from 1 test suite ran. (297 ms total)
[  PASSED  ] 1 test.

Repeating all tests (iteration 117) . . .

Note: Google Test filter = HvfExecutor.Native*
[==========] Running 1 test from 1 test suite.
[----------] 1 test from HvfExecutor
[ RUN      ] HvfExecutor.NativeIntelCancellationAndCompletionFailureAllowRetry
INTEL_PROBE phase=executor_retained
INTEL_LIFECYCLE phase=vcpu_destroy_begin generation=117 owner=36073
INTEL_LIFECYCLE phase=vcpu_destroy_end generation=117 owner=36073
INTEL_LIFECYCLE phase=vm_destroy_begin generation=117 owner=36073
INTEL_LIFECYCLE phase=vm_destroy_end generation=117 owner=36073
INTEL_LIFECYCLE phase=vm_create_begin generation=118 owner=36073
INTEL_LIFECYCLE phase=vm_create_end generation=118 owner=36073
INTEL_LIFECYCLE phase=vcpu_create_begin generation=118 owner=36073
INTEL_LIFECYCLE phase=vcpu_create_end generation=118 owner=36073
[       OK ] HvfExecutor.NativeIntelCancellationAndCompletionFailureAllowRetry (270 ms)
[----------] 1 test from HvfExecutor (270 ms total)

[==========] 1 test from 1 test suite ran. (270 ms total)
[  PASSED  ] 1 test.

Repeating all tests (iteration 118) . . .

Note: Google Test filter = HvfExecutor.Native*
[==========] Running 1 test from 1 test suite.
[----------] 1 test from HvfExecutor
[ RUN      ] HvfExecutor.NativeIntelCancellationAndCompletionFailureAllowRetry
INTEL_PROBE phase=executor_retained
INTEL_LIFECYCLE phase=vcpu_destroy_begin generation=118 owner=36073
INTEL_LIFECYCLE phase=vcpu_destroy_end generation=118 owner=36073
INTEL_LIFECYCLE phase=vm_destroy_begin generation=118 owner=36073
INTEL_LIFECYCLE phase=vm_destroy_end generation=118 owner=36073
INTEL_LIFECYCLE phase=vm_create_begin generation=119 owner=36073
INTEL_LIFECYCLE phase=vm_create_end generation=119 owner=36073
INTEL_LIFECYCLE phase=vcpu_create_begin generation=119 owner=36073
INTEL_LIFECYCLE phase=vcpu_create_end generation=119 owner=36073
[       OK ] HvfExecutor.NativeIntelCancellationAndCompletionFailureAllowRetry (356 ms)
[----------] 1 test from HvfExecutor (356 ms total)

[==========] 1 test from 1 test suite ran. (356 ms total)
[  PASSED  ] 1 test.

Repeating all tests (iteration 119) . . .

Note: Google Test filter = HvfExecutor.Native*
[==========] Running 1 test from 1 test suite.
[----------] 1 test from HvfExecutor
[ RUN      ] HvfExecutor.NativeIntelCancellationAndCompletionFailureAllowRetry
INTEL_PROBE phase=executor_retained
INTEL_LIFECYCLE phase=vcpu_destroy_begin generation=119 owner=36073
INTEL_LIFECYCLE phase=vcpu_destroy_end generation=119 owner=36073
INTEL_LIFECYCLE phase=vm_destroy_begin generation=119 owner=36073
INTEL_LIFECYCLE phase=vm_destroy_end generation=119 owner=36073
INTEL_LIFECYCLE phase=vm_create_begin generation=120 owner=36073
INTEL_LIFECYCLE phase=vm_create_end generation=120 owner=36073
INTEL_LIFECYCLE phase=vcpu_create_begin generation=120 owner=36073
INTEL_LIFECYCLE phase=vcpu_create_end generation=120 owner=36073
[       OK ] HvfExecutor.NativeIntelCancellationAndCompletionFailureAllowRetry (248 ms)
[----------] 1 test from HvfExecutor (248 ms total)

[==========] 1 test from 1 test suite ran. (248 ms total)
[  PASSED  ] 1 test.

Repeating all tests (iteration 120) . . .

Note: Google Test filter = HvfExecutor.Native*
[==========] Running 1 test from 1 test suite.
[----------] 1 test from HvfExecutor
[ RUN      ] HvfExecutor.NativeIntelCancellationAndCompletionFailureAllowRetry
INTEL_PROBE phase=executor_retained
INTEL_LIFECYCLE phase=vcpu_destroy_begin generation=120 owner=36073
INTEL_LIFECYCLE phase=vcpu_destroy_end generation=120 owner=36073
INTEL_LIFECYCLE phase=vm_destroy_begin generation=120 owner=36073
INTEL_LIFECYCLE phase=vm_destroy_end generation=120 owner=36073
INTEL_LIFECYCLE phase=vm_create_begin generation=121 owner=36073
INTEL_LIFECYCLE phase=vm_create_end generation=121 owner=36073
INTEL_LIFECYCLE phase=vcpu_create_begin generation=121 owner=36073
INTEL_LIFECYCLE phase=vcpu_create_end generation=121 owner=36073
[       OK ] HvfExecutor.NativeIntelCancellationAndCompletionFailureAllowRetry (376 ms)
[----------] 1 test from HvfExecutor (376 ms total)

[==========] 1 test from 1 test suite ran. (376 ms total)
[  PASSED  ] 1 test.

Repeating all tests (iteration 121) . . .

Note: Google Test filter = HvfExecutor.Native*
[==========] Running 1 test from 1 test suite.
[----------] 1 test from HvfExecutor
[ RUN      ] HvfExecutor.NativeIntelCancellationAndCompletionFailureAllowRetry
INTEL_PROBE phase=executor_retained
INTEL_LIFECYCLE phase=vcpu_destroy_begin generation=121 owner=36073
INTEL_LIFECYCLE phase=vcpu_destroy_end generation=121 owner=36073
INTEL_LIFECYCLE phase=vm_destroy_begin generation=121 owner=36073
INTEL_LIFECYCLE phase=vm_destroy_end generation=121 owner=36073
INTEL_LIFECYCLE phase=vm_create_begin generation=122 owner=36073
INTEL_LIFECYCLE phase=vm_create_end generation=122 owner=36073
INTEL_LIFECYCLE phase=vcpu_create_begin generation=122 owner=36073
INTEL_LIFECYCLE phase=vcpu_create_end generation=122 owner=36073
[       OK ] HvfExecutor.NativeIntelCancellationAndCompletionFailureAllowRetry (226 ms)
[----------] 1 test from HvfExecutor (226 ms total)

[==========] 1 test from 1 test suite ran. (226 ms total)
[  PASSED  ] 1 test.

Repeating all tests (iteration 122) . . .

Note: Google Test filter = HvfExecutor.Native*
[==========] Running 1 test from 1 test suite.
[----------] 1 test from HvfExecutor
[ RUN      ] HvfExecutor.NativeIntelCancellationAndCompletionFailureAllowRetry
INTEL_PROBE phase=executor_retained
INTEL_LIFECYCLE phase=vcpu_destroy_begin generation=122 owner=36073
INTEL_LIFECYCLE phase=vcpu_destroy_end generation=122 owner=36073
INTEL_LIFECYCLE phase=vm_destroy_begin generation=122 owner=36073
INTEL_LIFECYCLE phase=vm_destroy_end generation=122 owner=36073
INTEL_LIFECYCLE phase=vm_create_begin generation=123 owner=36073
INTEL_LIFECYCLE phase=vm_create_end generation=123 owner=36073
INTEL_LIFECYCLE phase=vcpu_create_begin generation=123 owner=36073
INTEL_LIFECYCLE phase=vcpu_create_end generation=123 owner=36073
[       OK ] HvfExecutor.NativeIntelCancellationAndCompletionFailureAllowRetry (307 ms)
[----------] 1 test from HvfExecutor (307 ms total)

[==========] 1 test from 1 test suite ran. (307 ms total)
[  PASSED  ] 1 test.

Repeating all tests (iteration 123) . . .

Note: Google Test filter = HvfExecutor.Native*
[==========] Running 1 test from 1 test suite.
[----------] 1 test from HvfExecutor
[ RUN      ] HvfExecutor.NativeIntelCancellationAndCompletionFailureAllowRetry
INTEL_PROBE phase=executor_retained
INTEL_LIFECYCLE phase=vcpu_destroy_begin generation=123 owner=36073
INTEL_LIFECYCLE phase=vcpu_destroy_end generation=123 owner=36073
INTEL_LIFECYCLE phase=vm_destroy_begin generation=123 owner=36073
INTEL_LIFECYCLE phase=vm_destroy_end generation=123 owner=36073
INTEL_LIFECYCLE phase=vm_create_begin generation=124 owner=36073
INTEL_LIFECYCLE phase=vm_create_end generation=124 owner=36073
INTEL_LIFECYCLE phase=vcpu_create_begin generation=124 owner=36073
INTEL_LIFECYCLE phase=vcpu_create_end generation=124 owner=36073
[       OK ] HvfExecutor.NativeIntelCancellationAndCompletionFailureAllowRetry (298 ms)
[----------] 1 test from HvfExecutor (298 ms total)

[==========] 1 test from 1 test suite ran. (298 ms total)
[  PASSED  ] 1 test.

Repeating all tests (iteration 124) . . .

Note: Google Test filter = HvfExecutor.Native*
[==========] Running 1 test from 1 test suite.
[----------] 1 test from HvfExecutor
[ RUN      ] HvfExecutor.NativeIntelCancellationAndCompletionFailureAllowRetry
INTEL_PROBE phase=executor_retained
INTEL_LIFECYCLE phase=vcpu_destroy_begin generation=124 owner=36073
INTEL_LIFECYCLE phase=vcpu_destroy_end generation=124 owner=36073
INTEL_LIFECYCLE phase=vm_destroy_begin generation=124 owner=36073
INTEL_LIFECYCLE phase=vm_destroy_end generation=124 owner=36073
INTEL_LIFECYCLE phase=vm_create_begin generation=125 owner=36073
INTEL_LIFECYCLE phase=vm_create_end generation=125 owner=36073
INTEL_LIFECYCLE phase=vcpu_create_begin generation=125 owner=36073
INTEL_LIFECYCLE phase=vcpu_create_end generation=125 owner=36073
[       OK ] HvfExecutor.NativeIntelCancellationAndCompletionFailureAllowRetry (291 ms)
[----------] 1 test from HvfExecutor (291 ms total)

[==========] 1 test from 1 test suite ran. (291 ms total)
[  PASSED  ] 1 test.

Repeating all tests (iteration 125) . . .

Note: Google Test filter = HvfExecutor.Native*
[==========] Running 1 test from 1 test suite.
[----------] 1 test from HvfExecutor
[ RUN      ] HvfExecutor.NativeIntelCancellationAndCompletionFailureAllowRetry
INTEL_PROBE phase=executor_retained
INTEL_LIFECYCLE phase=vcpu_destroy_begin generation=125 owner=36073
INTEL_LIFECYCLE phase=vcpu_destroy_end generation=125 owner=36073
INTEL_LIFECYCLE phase=vm_destroy_begin generation=125 owner=36073
INTEL_LIFECYCLE phase=vm_destroy_end generation=125 owner=36073
INTEL_LIFECYCLE phase=vm_create_begin generation=126 owner=36073
INTEL_LIFECYCLE phase=vm_create_end generation=126 owner=36073
INTEL_LIFECYCLE phase=vcpu_create_begin generation=126 owner=36073
INTEL_LIFECYCLE phase=vcpu_create_end generation=126 owner=36073
[       OK ] HvfExecutor.NativeIntelCancellationAndCompletionFailureAllowRetry (276 ms)
[----------] 1 test from HvfExecutor (276 ms total)

[==========] 1 test from 1 test suite ran. (276 ms total)
[  PASSED  ] 1 test.

Repeating all tests (iteration 126) . . .

Note: Google Test filter = HvfExecutor.Native*
[==========] Running 1 test from 1 test suite.
[----------] 1 test from HvfExecutor
[ RUN      ] HvfExecutor.NativeIntelCancellationAndCompletionFailureAllowRetry
INTEL_PROBE phase=executor_retained
INTEL_LIFECYCLE phase=vcpu_destroy_begin generation=126 owner=36073
INTEL_LIFECYCLE phase=vcpu_destroy_end generation=126 owner=36073
INTEL_LIFECYCLE phase=vm_destroy_begin generation=126 owner=36073
INTEL_LIFECYCLE phase=vm_destroy_end generation=126 owner=36073
INTEL_LIFECYCLE phase=vm_create_begin generation=127 owner=36073
INTEL_LIFECYCLE phase=vm_create_end generation=127 owner=36073
INTEL_LIFECYCLE phase=vcpu_create_begin generation=127 owner=36073
INTEL_LIFECYCLE phase=vcpu_create_end generation=127 owner=36073
[       OK ] HvfExecutor.NativeIntelCancellationAndCompletionFailureAllowRetry (317 ms)
[----------] 1 test from HvfExecutor (317 ms total)

[==========] 1 test from 1 test suite ran. (317 ms total)
[  PASSED  ] 1 test.

Repeating all tests (iteration 127) . . .

Note: Google Test filter = HvfExecutor.Native*
[==========] Running 1 test from 1 test suite.
[----------] 1 test from HvfExecutor
[ RUN      ] HvfExecutor.NativeIntelCancellationAndCompletionFailureAllowRetry
INTEL_PROBE phase=executor_retained
INTEL_LIFECYCLE phase=vcpu_destroy_begin generation=127 owner=36073
INTEL_LIFECYCLE phase=vcpu_destroy_end generation=127 owner=36073
INTEL_LIFECYCLE phase=vm_destroy_begin generation=127 owner=36073
INTEL_LIFECYCLE phase=vm_destroy_end generation=127 owner=36073
INTEL_LIFECYCLE phase=vm_create_begin generation=128 owner=36073
INTEL_LIFECYCLE phase=vm_create_end generation=128 owner=36073
INTEL_LIFECYCLE phase=vcpu_create_begin generation=128 owner=36073
INTEL_LIFECYCLE phase=vcpu_create_end generation=128 owner=36073
[       OK ] HvfExecutor.NativeIntelCancellationAndCompletionFailureAllowRetry (351 ms)
[----------] 1 test from HvfExecutor (351 ms total)

[==========] 1 test from 1 test suite ran. (351 ms total)
[  PASSED  ] 1 test.

Repeating all tests (iteration 128) . . .

Note: Google Test filter = HvfExecutor.Native*
[==========] Running 1 test from 1 test suite.
[----------] 1 test from HvfExecutor
[ RUN      ] HvfExecutor.NativeIntelCancellationAndCompletionFailureAllowRetry
INTEL_PROBE phase=executor_retained
INTEL_LIFECYCLE phase=vcpu_destroy_begin generation=128 owner=36073
INTEL_LIFECYCLE phase=vcpu_destroy_end generation=128 owner=36073
INTEL_LIFECYCLE phase=vm_destroy_begin generation=128 owner=36073
INTEL_LIFECYCLE phase=vm_destroy_end generation=128 owner=36073
INTEL_LIFECYCLE phase=vm_create_begin generation=129 owner=36073
INTEL_LIFECYCLE phase=vm_create_end generation=129 owner=36073
INTEL_LIFECYCLE phase=vcpu_create_begin generation=129 owner=36073
INTEL_LIFECYCLE phase=vcpu_create_end generation=129 owner=36073
[       OK ] HvfExecutor.NativeIntelCancellationAndCompletionFailureAllowRetry (233 ms)
[----------] 1 test from HvfExecutor (233 ms total)

[==========] 1 test from 1 test suite ran. (233 ms total)
[  PASSED  ] 1 test.

Repeating all tests (iteration 129) . . .

Note: Google Test filter = HvfExecutor.Native*
[==========] Running 1 test from 1 test suite.
[----------] 1 test from HvfExecutor
[ RUN      ] HvfExecutor.NativeIntelCancellationAndCompletionFailureAllowRetry
INTEL_PROBE phase=executor_retained
INTEL_LIFECYCLE phase=vcpu_destroy_begin generation=129 owner=36073
INTEL_LIFECYCLE phase=vcpu_destroy_end generation=129 owner=36073
INTEL_LIFECYCLE phase=vm_destroy_begin generation=129 owner=36073
INTEL_LIFECYCLE phase=vm_destroy_end generation=129 owner=36073
INTEL_LIFECYCLE phase=vm_create_begin generation=130 owner=36073
INTEL_LIFECYCLE phase=vm_create_end generation=130 owner=36073
INTEL_LIFECYCLE phase=vcpu_create_begin generation=130 owner=36073
INTEL_LIFECYCLE phase=vcpu_create_end generation=130 owner=36073
[       OK ] HvfExecutor.NativeIntelCancellationAndCompletionFailureAllowRetry (292 ms)
[----------] 1 test from HvfExecutor (292 ms total)

[==========] 1 test from 1 test suite ran. (292 ms total)
[  PASSED  ] 1 test.

Repeating all tests (iteration 130) . . .

Note: Google Test filter = HvfExecutor.Native*
[==========] Running 1 test from 1 test suite.
[----------] 1 test from HvfExecutor
[ RUN      ] HvfExecutor.NativeIntelCancellationAndCompletionFailureAllowRetry
INTEL_PROBE phase=executor_retained
INTEL_LIFECYCLE phase=vcpu_destroy_begin generation=130 owner=36073
INTEL_LIFECYCLE phase=vcpu_destroy_end generation=130 owner=36073
INTEL_LIFECYCLE phase=vm_destroy_begin generation=130 owner=36073
INTEL_LIFECYCLE phase=vm_destroy_end generation=130 owner=36073
INTEL_LIFECYCLE phase=vm_create_begin generation=131 owner=36073
INTEL_LIFECYCLE phase=vm_create_end generation=131 owner=36073
INTEL_LIFECYCLE phase=vcpu_create_begin generation=131 owner=36073
INTEL_LIFECYCLE phase=vcpu_create_end generation=131 owner=36073
[       OK ] HvfExecutor.NativeIntelCancellationAndCompletionFailureAllowRetry (266 ms)
[----------] 1 test from HvfExecutor (266 ms total)

[==========] 1 test from 1 test suite ran. (266 ms total)
[  PASSED  ] 1 test.

Repeating all tests (iteration 131) . . .

Note: Google Test filter = HvfExecutor.Native*
[==========] Running 1 test from 1 test suite.
[----------] 1 test from HvfExecutor
[ RUN      ] HvfExecutor.NativeIntelCancellationAndCompletionFailureAllowRetry
INTEL_PROBE phase=executor_retained
INTEL_LIFECYCLE phase=vcpu_destroy_begin generation=131 owner=36073
INTEL_LIFECYCLE phase=vcpu_destroy_end generation=131 owner=36073
INTEL_LIFECYCLE phase=vm_destroy_begin generation=131 owner=36073
INTEL_LIFECYCLE phase=vm_destroy_end generation=131 owner=36073
INTEL_LIFECYCLE phase=vm_create_begin generation=132 owner=36073
INTEL_LIFECYCLE phase=vm_create_end generation=132 owner=36073
INTEL_LIFECYCLE phase=vcpu_create_begin generation=132 owner=36073
INTEL_LIFECYCLE phase=vcpu_create_end generation=132 owner=36073
[       OK ] HvfExecutor.NativeIntelCancellationAndCompletionFailureAllowRetry (382 ms)
[----------] 1 test from HvfExecutor (382 ms total)

[==========] 1 test from 1 test suite ran. (382 ms total)
[  PASSED  ] 1 test.

Repeating all tests (iteration 132) . . .

Note: Google Test filter = HvfExecutor.Native*
[==========] Running 1 test from 1 test suite.
[----------] 1 test from HvfExecutor
[ RUN      ] HvfExecutor.NativeIntelCancellationAndCompletionFailureAllowRetry
INTEL_PROBE phase=executor_retained
INTEL_LIFECYCLE phase=vcpu_destroy_begin generation=132 owner=36073
INTEL_LIFECYCLE phase=vcpu_destroy_end generation=132 owner=36073
INTEL_LIFECYCLE phase=vm_destroy_begin generation=132 owner=36073
INTEL_LIFECYCLE phase=vm_destroy_end generation=132 owner=36073
INTEL_LIFECYCLE phase=vm_create_begin generation=133 owner=36073
INTEL_LIFECYCLE phase=vm_create_end generation=133 owner=36073
INTEL_LIFECYCLE phase=vcpu_create_begin generation=133 owner=36073
INTEL_LIFECYCLE phase=vcpu_create_end generation=133 owner=36073
[       OK ] HvfExecutor.NativeIntelCancellationAndCompletionFailureAllowRetry (207 ms)
[----------] 1 test from HvfExecutor (207 ms total)

[==========] 1 test from 1 test suite ran. (207 ms total)
[  PASSED  ] 1 test.

Repeating all tests (iteration 133) . . .

Note: Google Test filter = HvfExecutor.Native*
[==========] Running 1 test from 1 test suite.
[----------] 1 test from HvfExecutor
[ RUN      ] HvfExecutor.NativeIntelCancellationAndCompletionFailureAllowRetry
INTEL_PROBE phase=executor_retained
INTEL_LIFECYCLE phase=vcpu_destroy_begin generation=133 owner=36073
INTEL_LIFECYCLE phase=vcpu_destroy_end generation=133 owner=36073
INTEL_LIFECYCLE phase=vm_destroy_begin generation=133 owner=36073
INTEL_LIFECYCLE phase=vm_destroy_end generation=133 owner=36073
INTEL_LIFECYCLE phase=vm_create_begin generation=134 owner=36073
INTEL_LIFECYCLE phase=vm_create_end generation=134 owner=36073
INTEL_LIFECYCLE phase=vcpu_create_begin generation=134 owner=36073
INTEL_LIFECYCLE phase=vcpu_create_end generation=134 owner=36073
[       OK ] HvfExecutor.NativeIntelCancellationAndCompletionFailureAllowRetry (327 ms)
[----------] 1 test from HvfExecutor (327 ms total)

[==========] 1 test from 1 test suite ran. (327 ms total)
[  PASSED  ] 1 test.

Repeating all tests (iteration 134) . . .

Note: Google Test filter = HvfExecutor.Native*
[==========] Running 1 test from 1 test suite.
[----------] 1 test from HvfExecutor
[ RUN      ] HvfExecutor.NativeIntelCancellationAndCompletionFailureAllowRetry
INTEL_PROBE phase=executor_retained
INTEL_LIFECYCLE phase=vcpu_destroy_begin generation=134 owner=36073
INTEL_LIFECYCLE phase=vcpu_destroy_end generation=134 owner=36073
INTEL_LIFECYCLE phase=vm_destroy_begin generation=134 owner=36073
INTEL_LIFECYCLE phase=vm_destroy_end generation=134 owner=36073
INTEL_LIFECYCLE phase=vm_create_begin generation=135 owner=36073
INTEL_LIFECYCLE phase=vm_create_end generation=135 owner=36073
INTEL_LIFECYCLE phase=vcpu_create_begin generation=135 owner=36073
INTEL_LIFECYCLE phase=vcpu_create_end generation=135 owner=36073
[       OK ] HvfExecutor.NativeIntelCancellationAndCompletionFailureAllowRetry (432 ms)
[----------] 1 test from HvfExecutor (432 ms total)

[==========] 1 test from 1 test suite ran. (432 ms total)
[  PASSED  ] 1 test.

Repeating all tests (iteration 135) . . .

Note: Google Test filter = HvfExecutor.Native*
[==========] Running 1 test from 1 test suite.
[----------] 1 test from HvfExecutor
[ RUN      ] HvfExecutor.NativeIntelCancellationAndCompletionFailureAllowRetry
INTEL_PROBE phase=executor_retained
INTEL_LIFECYCLE phase=vcpu_destroy_begin generation=135 owner=36073
INTEL_LIFECYCLE phase=vcpu_destroy_end generation=135 owner=36073
INTEL_LIFECYCLE phase=vm_destroy_begin generation=135 owner=36073
INTEL_LIFECYCLE phase=vm_destroy_end generation=135 owner=36073
INTEL_LIFECYCLE phase=vm_create_begin generation=136 owner=36073
INTEL_LIFECYCLE phase=vm_create_end generation=136 owner=36073
INTEL_LIFECYCLE phase=vcpu_create_begin generation=136 owner=36073
INTEL_LIFECYCLE phase=vcpu_create_end generation=136 owner=36073
[       OK ] HvfExecutor.NativeIntelCancellationAndCompletionFailureAllowRetry (218 ms)
[----------] 1 test from HvfExecutor (218 ms total)

[==========] 1 test from 1 test suite ran. (218 ms total)
[  PASSED  ] 1 test.

Repeating all tests (iteration 136) . . .

Note: Google Test filter = HvfExecutor.Native*
[==========] Running 1 test from 1 test suite.
[----------] 1 test from HvfExecutor
[ RUN      ] HvfExecutor.NativeIntelCancellationAndCompletionFailureAllowRetry
INTEL_PROBE phase=executor_retained
INTEL_LIFECYCLE phase=vcpu_destroy_begin generation=136 owner=36073
INTEL_LIFECYCLE phase=vcpu_destroy_end generation=136 owner=36073
INTEL_LIFECYCLE phase=vm_destroy_begin generation=136 owner=36073
INTEL_LIFECYCLE phase=vm_destroy_end generation=136 owner=36073
INTEL_LIFECYCLE phase=vm_create_begin generation=137 owner=36073
INTEL_LIFECYCLE phase=vm_create_end generation=137 owner=36073
INTEL_LIFECYCLE phase=vcpu_create_begin generation=137 owner=36073
INTEL_LIFECYCLE phase=vcpu_create_end generation=137 owner=36073
[       OK ] HvfExecutor.NativeIntelCancellationAndCompletionFailureAllowRetry (227 ms)
[----------] 1 test from HvfExecutor (227 ms total)

[==========] 1 test from 1 test suite ran. (227 ms total)
[  PASSED  ] 1 test.

Repeating all tests (iteration 137) . . .

Note: Google Test filter = HvfExecutor.Native*
[==========] Running 1 test from 1 test suite.
[----------] 1 test from HvfExecutor
[ RUN      ] HvfExecutor.NativeIntelCancellationAndCompletionFailureAllowRetry
INTEL_PROBE phase=executor_retained
INTEL_LIFECYCLE phase=vcpu_destroy_begin generation=137 owner=36073
INTEL_LIFECYCLE phase=vcpu_destroy_end generation=137 owner=36073
INTEL_LIFECYCLE phase=vm_destroy_begin generation=137 owner=36073
INTEL_LIFECYCLE phase=vm_destroy_end generation=137 owner=36073
INTEL_LIFECYCLE phase=vm_create_begin generation=138 owner=36073
INTEL_LIFECYCLE phase=vm_create_end generation=138 owner=36073
INTEL_LIFECYCLE phase=vcpu_create_begin generation=138 owner=36073
INTEL_LIFECYCLE phase=vcpu_create_end generation=138 owner=36073
[       OK ] HvfExecutor.NativeIntelCancellationAndCompletionFailureAllowRetry (217 ms)
[----------] 1 test from HvfExecutor (217 ms total)

[==========] 1 test from 1 test suite ran. (217 ms total)
[  PASSED  ] 1 test.

Repeating all tests (iteration 138) . . .

Note: Google Test filter = HvfExecutor.Native*
[==========] Running 1 test from 1 test suite.
[----------] 1 test from HvfExecutor
[ RUN      ] HvfExecutor.NativeIntelCancellationAndCompletionFailureAllowRetry
INTEL_PROBE phase=executor_retained
INTEL_LIFECYCLE phase=vcpu_destroy_begin generation=138 owner=36073
INTEL_LIFECYCLE phase=vcpu_destroy_end generation=138 owner=36073
INTEL_LIFECYCLE phase=vm_destroy_begin generation=138 owner=36073
INTEL_LIFECYCLE phase=vm_destroy_end generation=138 owner=36073
INTEL_LIFECYCLE phase=vm_create_begin generation=139 owner=36073
INTEL_LIFECYCLE phase=vm_create_end generation=139 owner=36073
INTEL_LIFECYCLE phase=vcpu_create_begin generation=139 owner=36073
INTEL_LIFECYCLE phase=vcpu_create_end generation=139 owner=36073
[       OK ] HvfExecutor.NativeIntelCancellationAndCompletionFailureAllowRetry (317 ms)
[----------] 1 test from HvfExecutor (317 ms total)

[==========] 1 test from 1 test suite ran. (317 ms total)
[  PASSED  ] 1 test.

Repeating all tests (iteration 139) . . .

Note: Google Test filter = HvfExecutor.Native*
[==========] Running 1 test from 1 test suite.
[----------] 1 test from HvfExecutor
[ RUN      ] HvfExecutor.NativeIntelCancellationAndCompletionFailureAllowRetry
INTEL_PROBE phase=executor_retained
INTEL_LIFECYCLE phase=vcpu_destroy_begin generation=139 owner=36073
INTEL_LIFECYCLE phase=vcpu_destroy_end generation=139 owner=36073
INTEL_LIFECYCLE phase=vm_destroy_begin generation=139 owner=36073
INTEL_LIFECYCLE phase=vm_destroy_end generation=139 owner=36073
INTEL_LIFECYCLE phase=vm_create_begin generation=140 owner=36073
INTEL_LIFECYCLE phase=vm_create_end generation=140 owner=36073
INTEL_LIFECYCLE phase=vcpu_create_begin generation=140 owner=36073
INTEL_LIFECYCLE phase=vcpu_create_end generation=140 owner=36073
[       OK ] HvfExecutor.NativeIntelCancellationAndCompletionFailureAllowRetry (229 ms)
[----------] 1 test from HvfExecutor (229 ms total)

[==========] 1 test from 1 test suite ran. (229 ms total)
[  PASSED  ] 1 test.

Repeating all tests (iteration 140) . . .

Note: Google Test filter = HvfExecutor.Native*
[==========] Running 1 test from 1 test suite.
[----------] 1 test from HvfExecutor
[ RUN      ] HvfExecutor.NativeIntelCancellationAndCompletionFailureAllowRetry
INTEL_PROBE phase=executor_retained
INTEL_LIFECYCLE phase=vcpu_destroy_begin generation=140 owner=36073
INTEL_LIFECYCLE phase=vcpu_destroy_end generation=140 owner=36073
INTEL_LIFECYCLE phase=vm_destroy_begin generation=140 owner=36073
INTEL_LIFECYCLE phase=vm_destroy_end generation=140 owner=36073
INTEL_LIFECYCLE phase=vm_create_begin generation=141 owner=36073
INTEL_LIFECYCLE phase=vm_create_end generation=141 owner=36073
INTEL_LIFECYCLE phase=vcpu_create_begin generation=141 owner=36073
INTEL_LIFECYCLE phase=vcpu_create_end generation=141 owner=36073
[       OK ] HvfExecutor.NativeIntelCancellationAndCompletionFailureAllowRetry (139 ms)
[----------] 1 test from HvfExecutor (139 ms total)

[==========] 1 test from 1 test suite ran. (140 ms total)
[  PASSED  ] 1 test.

Repeating all tests (iteration 141) . . .

Note: Google Test filter = HvfExecutor.Native*
[==========] Running 1 test from 1 test suite.
[----------] 1 test from HvfExecutor
[ RUN      ] HvfExecutor.NativeIntelCancellationAndCompletionFailureAllowRetry
INTEL_PROBE phase=executor_retained
INTEL_LIFECYCLE phase=vcpu_destroy_begin generation=141 owner=36073
INTEL_LIFECYCLE phase=vcpu_destroy_end generation=141 owner=36073
INTEL_LIFECYCLE phase=vm_destroy_begin generation=141 owner=36073
INTEL_LIFECYCLE phase=vm_destroy_end generation=141 owner=36073
INTEL_LIFECYCLE phase=vm_create_begin generation=142 owner=36073
INTEL_LIFECYCLE phase=vm_create_end generation=142 owner=36073
INTEL_LIFECYCLE phase=vcpu_create_begin generation=142 owner=36073
INTEL_LIFECYCLE phase=vcpu_create_end generation=142 owner=36073
[       OK ] HvfExecutor.NativeIntelCancellationAndCompletionFailureAllowRetry (266 ms)
[----------] 1 test from HvfExecutor (266 ms total)

[==========] 1 test from 1 test suite ran. (266 ms total)
[  PASSED  ] 1 test.

Repeating all tests (iteration 142) . . .

Note: Google Test filter = HvfExecutor.Native*
[==========] Running 1 test from 1 test suite.
[----------] 1 test from HvfExecutor
[ RUN      ] HvfExecutor.NativeIntelCancellationAndCompletionFailureAllowRetry
INTEL_PROBE phase=executor_retained
INTEL_LIFECYCLE phase=vcpu_destroy_begin generation=142 owner=36073
INTEL_LIFECYCLE phase=vcpu_destroy_end generation=142 owner=36073
INTEL_LIFECYCLE phase=vm_destroy_begin generation=142 owner=36073
INTEL_LIFECYCLE phase=vm_destroy_end generation=142 owner=36073
INTEL_LIFECYCLE phase=vm_create_begin generation=143 owner=36073
INTEL_LIFECYCLE phase=vm_create_end generation=143 owner=36073
INTEL_LIFECYCLE phase=vcpu_create_begin generation=143 owner=36073
INTEL_LIFECYCLE phase=vcpu_create_end generation=143 owner=36073
[       OK ] HvfExecutor.NativeIntelCancellationAndCompletionFailureAllowRetry (171 ms)
[----------] 1 test from HvfExecutor (171 ms total)

[==========] 1 test from 1 test suite ran. (171 ms total)
[  PASSED  ] 1 test.

Repeating all tests (iteration 143) . . .

Note: Google Test filter = HvfExecutor.Native*
[==========] Running 1 test from 1 test suite.
[----------] 1 test from HvfExecutor
[ RUN      ] HvfExecutor.NativeIntelCancellationAndCompletionFailureAllowRetry
INTEL_PROBE phase=executor_retained
INTEL_LIFECYCLE phase=vcpu_destroy_begin generation=143 owner=36073
INTEL_LIFECYCLE phase=vcpu_destroy_end generation=143 owner=36073
INTEL_LIFECYCLE phase=vm_destroy_begin generation=143 owner=36073
INTEL_LIFECYCLE phase=vm_destroy_end generation=143 owner=36073
INTEL_LIFECYCLE phase=vm_create_begin generation=144 owner=36073
INTEL_LIFECYCLE phase=vm_create_end generation=144 owner=36073
INTEL_LIFECYCLE phase=vcpu_create_begin generation=144 owner=36073
INTEL_LIFECYCLE phase=vcpu_create_end generation=144 owner=36073
[       OK ] HvfExecutor.NativeIntelCancellationAndCompletionFailureAllowRetry (207 ms)
[----------] 1 test from HvfExecutor (207 ms total)

[==========] 1 test from 1 test suite ran. (207 ms total)
[  PASSED  ] 1 test.

Repeating all tests (iteration 144) . . .

Note: Google Test filter = HvfExecutor.Native*
[==========] Running 1 test from 1 test suite.
[----------] 1 test from HvfExecutor
[ RUN      ] HvfExecutor.NativeIntelCancellationAndCompletionFailureAllowRetry
INTEL_PROBE phase=executor_retained
INTEL_LIFECYCLE phase=vcpu_destroy_begin generation=144 owner=36073
INTEL_LIFECYCLE phase=vcpu_destroy_end generation=144 owner=36073
INTEL_LIFECYCLE phase=vm_destroy_begin generation=144 owner=36073
INTEL_LIFECYCLE phase=vm_destroy_end generation=144 owner=36073
INTEL_LIFECYCLE phase=vm_create_begin generation=145 owner=36073
INTEL_LIFECYCLE phase=vm_create_end generation=145 owner=36073
INTEL_LIFECYCLE phase=vcpu_create_begin generation=145 owner=36073
INTEL_LIFECYCLE phase=vcpu_create_end generation=145 owner=36073
[       OK ] HvfExecutor.NativeIntelCancellationAndCompletionFailureAllowRetry (415 ms)
[----------] 1 test from HvfExecutor (415 ms total)

[==========] 1 test from 1 test suite ran. (415 ms total)
[  PASSED  ] 1 test.

Repeating all tests (iteration 145) . . .

Note: Google Test filter = HvfExecutor.Native*
[==========] Running 1 test from 1 test suite.
[----------] 1 test from HvfExecutor
[ RUN      ] HvfExecutor.NativeIntelCancellationAndCompletionFailureAllowRetry
INTEL_PROBE phase=executor_retained
INTEL_LIFECYCLE phase=vcpu_destroy_begin generation=145 owner=36073
INTEL_LIFECYCLE phase=vcpu_destroy_end generation=145 owner=36073
INTEL_LIFECYCLE phase=vm_destroy_begin generation=145 owner=36073
INTEL_LIFECYCLE phase=vm_destroy_end generation=145 owner=36073
INTEL_LIFECYCLE phase=vm_create_begin generation=146 owner=36073
INTEL_LIFECYCLE phase=vm_create_end generation=146 owner=36073
INTEL_LIFECYCLE phase=vcpu_create_begin generation=146 owner=36073
INTEL_LIFECYCLE phase=vcpu_create_end generation=146 owner=36073
[       OK ] HvfExecutor.NativeIntelCancellationAndCompletionFailureAllowRetry (144 ms)
[----------] 1 test from HvfExecutor (144 ms total)

[==========] 1 test from 1 test suite ran. (144 ms total)
[  PASSED  ] 1 test.

Repeating all tests (iteration 146) . . .

Note: Google Test filter = HvfExecutor.Native*
[==========] Running 1 test from 1 test suite.
[----------] 1 test from HvfExecutor
[ RUN      ] HvfExecutor.NativeIntelCancellationAndCompletionFailureAllowRetry
INTEL_PROBE phase=executor_retained
INTEL_LIFECYCLE phase=vcpu_destroy_begin generation=146 owner=36073
INTEL_LIFECYCLE phase=vcpu_destroy_end generation=146 owner=36073
INTEL_LIFECYCLE phase=vm_destroy_begin generation=146 owner=36073
INTEL_LIFECYCLE phase=vm_destroy_end generation=146 owner=36073
INTEL_LIFECYCLE phase=vm_create_begin generation=147 owner=36073
INTEL_LIFECYCLE phase=vm_create_end generation=147 owner=36073
INTEL_LIFECYCLE phase=vcpu_create_begin generation=147 owner=36073
INTEL_LIFECYCLE phase=vcpu_create_end generation=147 owner=36073
[       OK ] HvfExecutor.NativeIntelCancellationAndCompletionFailureAllowRetry (341 ms)
[----------] 1 test from HvfExecutor (341 ms total)

[==========] 1 test from 1 test suite ran. (341 ms total)
[  PASSED  ] 1 test.

Repeating all tests (iteration 147) . . .

Note: Google Test filter = HvfExecutor.Native*
[==========] Running 1 test from 1 test suite.
[----------] 1 test from HvfExecutor
[ RUN      ] HvfExecutor.NativeIntelCancellationAndCompletionFailureAllowRetry
INTEL_PROBE phase=executor_retained
INTEL_LIFECYCLE phase=vcpu_destroy_begin generation=147 owner=36073
INTEL_LIFECYCLE phase=vcpu_destroy_end generation=147 owner=36073
INTEL_LIFECYCLE phase=vm_destroy_begin generation=147 owner=36073
INTEL_LIFECYCLE phase=vm_destroy_end generation=147 owner=36073
INTEL_LIFECYCLE phase=vm_create_begin generation=148 owner=36073
INTEL_LIFECYCLE phase=vm_create_end generation=148 owner=36073
INTEL_LIFECYCLE phase=vcpu_create_begin generation=148 owner=36073
INTEL_LIFECYCLE phase=vcpu_create_end generation=148 owner=36073
[       OK ] HvfExecutor.NativeIntelCancellationAndCompletionFailureAllowRetry (323 ms)
[----------] 1 test from HvfExecutor (323 ms total)

[==========] 1 test from 1 test suite ran. (323 ms total)
[  PASSED  ] 1 test.

Repeating all tests (iteration 148) . . .

Note: Google Test filter = HvfExecutor.Native*
[==========] Running 1 test from 1 test suite.
[----------] 1 test from HvfExecutor
[ RUN      ] HvfExecutor.NativeIntelCancellationAndCompletionFailureAllowRetry
INTEL_PROBE phase=executor_retained
INTEL_LIFECYCLE phase=vcpu_destroy_begin generation=148 owner=36073
INTEL_LIFECYCLE phase=vcpu_destroy_end generation=148 owner=36073
INTEL_LIFECYCLE phase=vm_destroy_begin generation=148 owner=36073
INTEL_LIFECYCLE phase=vm_destroy_end generation=148 owner=36073
INTEL_LIFECYCLE phase=vm_create_begin generation=149 owner=36073
INTEL_LIFECYCLE phase=vm_create_end generation=149 owner=36073
INTEL_LIFECYCLE phase=vcpu_create_begin generation=149 owner=36073
INTEL_LIFECYCLE phase=vcpu_create_end generation=149 owner=36073
[       OK ] HvfExecutor.NativeIntelCancellationAndCompletionFailureAllowRetry (212 ms)
[----------] 1 test from HvfExecutor (212 ms total)

[==========] 1 test from 1 test suite ran. (212 ms total)
[  PASSED  ] 1 test.

Repeating all tests (iteration 149) . . .

Note: Google Test filter = HvfExecutor.Native*
[==========] Running 1 test from 1 test suite.
[----------] 1 test from HvfExecutor
[ RUN      ] HvfExecutor.NativeIntelCancellationAndCompletionFailureAllowRetry
INTEL_PROBE phase=executor_retained
INTEL_LIFECYCLE phase=vcpu_destroy_begin generation=149 owner=36073
INTEL_LIFECYCLE phase=vcpu_destroy_end generation=149 owner=36073
INTEL_LIFECYCLE phase=vm_destroy_begin generation=149 owner=36073
INTEL_LIFECYCLE phase=vm_destroy_end generation=149 owner=36073
INTEL_LIFECYCLE phase=vm_create_begin generation=150 owner=36073
INTEL_LIFECYCLE phase=vm_create_end generation=150 owner=36073
INTEL_LIFECYCLE phase=vcpu_create_begin generation=150 owner=36073
INTEL_LIFECYCLE phase=vcpu_create_end generation=150 owner=36073
[       OK ] HvfExecutor.NativeIntelCancellationAndCompletionFailureAllowRetry (259 ms)
[----------] 1 test from HvfExecutor (259 ms total)

[==========] 1 test from 1 test suite ran. (259 ms total)
[  PASSED  ] 1 test.

Repeating all tests (iteration 150) . . .

Note: Google Test filter = HvfExecutor.Native*
[==========] Running 1 test from 1 test suite.
[----------] 1 test from HvfExecutor
[ RUN      ] HvfExecutor.NativeIntelCancellationAndCompletionFailureAllowRetry
INTEL_PROBE phase=executor_retained
INTEL_LIFECYCLE phase=vcpu_destroy_begin generation=150 owner=36073
INTEL_LIFECYCLE phase=vcpu_destroy_end generation=150 owner=36073
INTEL_LIFECYCLE phase=vm_destroy_begin generation=150 owner=36073
INTEL_LIFECYCLE phase=vm_destroy_end generation=150 owner=36073
INTEL_LIFECYCLE phase=vm_create_begin generation=151 owner=36073
INTEL_LIFECYCLE phase=vm_create_end generation=151 owner=36073
INTEL_LIFECYCLE phase=vcpu_create_begin generation=151 owner=36073
INTEL_LIFECYCLE phase=vcpu_create_end generation=151 owner=36073
[       OK ] HvfExecutor.NativeIntelCancellationAndCompletionFailureAllowRetry (240 ms)
[----------] 1 test from HvfExecutor (240 ms total)

[==========] 1 test from 1 test suite ran. (240 ms total)
[  PASSED  ] 1 test.

Repeating all tests (iteration 151) . . .

Note: Google Test filter = HvfExecutor.Native*
[==========] Running 1 test from 1 test suite.
[----------] 1 test from HvfExecutor
[ RUN      ] HvfExecutor.NativeIntelCancellationAndCompletionFailureAllowRetry
INTEL_PROBE phase=executor_retained
INTEL_LIFECYCLE phase=vcpu_destroy_begin generation=151 owner=36073
INTEL_LIFECYCLE phase=vcpu_destroy_end generation=151 owner=36073
INTEL_LIFECYCLE phase=vm_destroy_begin generation=151 owner=36073
INTEL_LIFECYCLE phase=vm_destroy_end generation=151 owner=36073
INTEL_LIFECYCLE phase=vm_create_begin generation=152 owner=36073
INTEL_LIFECYCLE phase=vm_create_end generation=152 owner=36073
INTEL_LIFECYCLE phase=vcpu_create_begin generation=152 owner=36073
INTEL_LIFECYCLE phase=vcpu_create_end generation=152 owner=36073
[       OK ] HvfExecutor.NativeIntelCancellationAndCompletionFailureAllowRetry (288 ms)
[----------] 1 test from HvfExecutor (288 ms total)

[==========] 1 test from 1 test suite ran. (288 ms total)
[  PASSED  ] 1 test.

Repeating all tests (iteration 152) . . .

Note: Google Test filter = HvfExecutor.Native*
[==========] Running 1 test from 1 test suite.
[----------] 1 test from HvfExecutor
[ RUN      ] HvfExecutor.NativeIntelCancellationAndCompletionFailureAllowRetry
INTEL_PROBE phase=executor_retained
INTEL_LIFECYCLE phase=vcpu_destroy_begin generation=152 owner=36073
INTEL_LIFECYCLE phase=vcpu_destroy_end generation=152 owner=36073
INTEL_LIFECYCLE phase=vm_destroy_begin generation=152 owner=36073
INTEL_LIFECYCLE phase=vm_destroy_end generation=152 owner=36073
INTEL_LIFECYCLE phase=vm_create_begin generation=153 owner=36073
INTEL_LIFECYCLE phase=vm_create_end generation=153 owner=36073
INTEL_LIFECYCLE phase=vcpu_create_begin generation=153 owner=36073
INTEL_LIFECYCLE phase=vcpu_create_end generation=153 owner=36073
[       OK ] HvfExecutor.NativeIntelCancellationAndCompletionFailureAllowRetry (232 ms)
[----------] 1 test from HvfExecutor (232 ms total)

[==========] 1 test from 1 test suite ran. (232 ms total)
[  PASSED  ] 1 test.

Repeating all tests (iteration 153) . . .

Note: Google Test filter = HvfExecutor.Native*
[==========] Running 1 test from 1 test suite.
[----------] 1 test from HvfExecutor
[ RUN      ] HvfExecutor.NativeIntelCancellationAndCompletionFailureAllowRetry
INTEL_PROBE phase=executor_retained
INTEL_LIFECYCLE phase=vcpu_destroy_begin generation=153 owner=36073
INTEL_LIFECYCLE phase=vcpu_destroy_end generation=153 owner=36073
INTEL_LIFECYCLE phase=vm_destroy_begin generation=153 owner=36073
INTEL_LIFECYCLE phase=vm_destroy_end generation=153 owner=36073
INTEL_LIFECYCLE phase=vm_create_begin generation=154 owner=36073
INTEL_LIFECYCLE phase=vm_create_end generation=154 owner=36073
INTEL_LIFECYCLE phase=vcpu_create_begin generation=154 owner=36073
INTEL_LIFECYCLE phase=vcpu_create_end generation=154 owner=36073
[       OK ] HvfExecutor.NativeIntelCancellationAndCompletionFailureAllowRetry (350 ms)
[----------] 1 test from HvfExecutor (350 ms total)

[==========] 1 test from 1 test suite ran. (350 ms total)
[  PASSED  ] 1 test.

Repeating all tests (iteration 154) . . .

Note: Google Test filter = HvfExecutor.Native*
[==========] Running 1 test from 1 test suite.
[----------] 1 test from HvfExecutor
[ RUN      ] HvfExecutor.NativeIntelCancellationAndCompletionFailureAllowRetry
INTEL_PROBE phase=executor_retained
INTEL_LIFECYCLE phase=vcpu_destroy_begin generation=154 owner=36073
INTEL_LIFECYCLE phase=vcpu_destroy_end generation=154 owner=36073
INTEL_LIFECYCLE phase=vm_destroy_begin generation=154 owner=36073
INTEL_LIFECYCLE phase=vm_destroy_end generation=154 owner=36073
INTEL_LIFECYCLE phase=vm_create_begin generation=155 owner=36073
INTEL_LIFECYCLE phase=vm_create_end generation=155 owner=36073
INTEL_LIFECYCLE phase=vcpu_create_begin generation=155 owner=36073
INTEL_LIFECYCLE phase=vcpu_create_end generation=155 owner=36073
[       OK ] HvfExecutor.NativeIntelCancellationAndCompletionFailureAllowRetry (181 ms)
[----------] 1 test from HvfExecutor (181 ms total)

[==========] 1 test from 1 test suite ran. (181 ms total)
[  PASSED  ] 1 test.

Repeating all tests (iteration 155) . . .

Note: Google Test filter = HvfExecutor.Native*
[==========] Running 1 test from 1 test suite.
[----------] 1 test from HvfExecutor
[ RUN      ] HvfExecutor.NativeIntelCancellationAndCompletionFailureAllowRetry
INTEL_PROBE phase=executor_retained
INTEL_LIFECYCLE phase=vcpu_destroy_begin generation=155 owner=36073
INTEL_LIFECYCLE phase=vcpu_destroy_end generation=155 owner=36073
INTEL_LIFECYCLE phase=vm_destroy_begin generation=155 owner=36073
INTEL_LIFECYCLE phase=vm_destroy_end generation=155 owner=36073
INTEL_LIFECYCLE phase=vm_create_begin generation=156 owner=36073
INTEL_LIFECYCLE phase=vm_create_end generation=156 owner=36073
INTEL_LIFECYCLE phase=vcpu_create_begin generation=156 owner=36073
INTEL_LIFECYCLE phase=vcpu_create_end generation=156 owner=36073
[       OK ] HvfExecutor.NativeIntelCancellationAndCompletionFailureAllowRetry (267 ms)
[----------] 1 test from HvfExecutor (267 ms total)

[==========] 1 test from 1 test suite ran. (267 ms total)
[  PASSED  ] 1 test.

Repeating all tests (iteration 156) . . .

Note: Google Test filter = HvfExecutor.Native*
[==========] Running 1 test from 1 test suite.
[----------] 1 test from HvfExecutor
[ RUN      ] HvfExecutor.NativeIntelCancellationAndCompletionFailureAllowRetry
INTEL_PROBE phase=executor_retained
INTEL_LIFECYCLE phase=vcpu_destroy_begin generation=156 owner=36073
INTEL_LIFECYCLE phase=vcpu_destroy_end generation=156 owner=36073
INTEL_LIFECYCLE phase=vm_destroy_begin generation=156 owner=36073
INTEL_LIFECYCLE phase=vm_destroy_end generation=156 owner=36073
INTEL_LIFECYCLE phase=vm_create_begin generation=157 owner=36073
INTEL_LIFECYCLE phase=vm_create_end generation=157 owner=36073
INTEL_LIFECYCLE phase=vcpu_create_begin generation=157 owner=36073
INTEL_LIFECYCLE phase=vcpu_create_end generation=157 owner=36073
[       OK ] HvfExecutor.NativeIntelCancellationAndCompletionFailureAllowRetry (432 ms)
[----------] 1 test from HvfExecutor (432 ms total)

[==========] 1 test from 1 test suite ran. (432 ms total)
[  PASSED  ] 1 test.

Repeating all tests (iteration 157) . . .

Note: Google Test filter = HvfExecutor.Native*
[==========] Running 1 test from 1 test suite.
[----------] 1 test from HvfExecutor
[ RUN      ] HvfExecutor.NativeIntelCancellationAndCompletionFailureAllowRetry
INTEL_PROBE phase=executor_retained
INTEL_LIFECYCLE phase=vcpu_destroy_begin generation=157 owner=36073
INTEL_LIFECYCLE phase=vcpu_destroy_end generation=157 owner=36073
INTEL_LIFECYCLE phase=vm_destroy_begin generation=157 owner=36073
INTEL_LIFECYCLE phase=vm_destroy_end generation=157 owner=36073
INTEL_LIFECYCLE phase=vm_create_begin generation=158 owner=36073
INTEL_LIFECYCLE phase=vm_create_end generation=158 owner=36073
INTEL_LIFECYCLE phase=vcpu_create_begin generation=158 owner=36073
INTEL_LIFECYCLE phase=vcpu_create_end generation=158 owner=36073
[       OK ] HvfExecutor.NativeIntelCancellationAndCompletionFailureAllowRetry (379 ms)
[----------] 1 test from HvfExecutor (379 ms total)

[==========] 1 test from 1 test suite ran. (379 ms total)
[  PASSED  ] 1 test.

Repeating all tests (iteration 158) . . .

Note: Google Test filter = HvfExecutor.Native*
[==========] Running 1 test from 1 test suite.
[----------] 1 test from HvfExecutor
[ RUN      ] HvfExecutor.NativeIntelCancellationAndCompletionFailureAllowRetry
INTEL_PROBE phase=executor_retained
INTEL_LIFECYCLE phase=vcpu_destroy_begin generation=158 owner=36073
INTEL_LIFECYCLE phase=vcpu_destroy_end generation=158 owner=36073
INTEL_LIFECYCLE phase=vm_destroy_begin generation=158 owner=36073
INTEL_LIFECYCLE phase=vm_destroy_end generation=158 owner=36073
INTEL_LIFECYCLE phase=vm_create_begin generation=159 owner=36073
INTEL_LIFECYCLE phase=vm_create_end generation=159 owner=36073
INTEL_LIFECYCLE phase=vcpu_create_begin generation=159 owner=36073
INTEL_LIFECYCLE phase=vcpu_create_end generation=159 owner=36073
[       OK ] HvfExecutor.NativeIntelCancellationAndCompletionFailureAllowRetry (342 ms)
[----------] 1 test from HvfExecutor (342 ms total)

[==========] 1 test from 1 test suite ran. (342 ms total)
[  PASSED  ] 1 test.

Repeating all tests (iteration 159) . . .

Note: Google Test filter = HvfExecutor.Native*
[==========] Running 1 test from 1 test suite.
[----------] 1 test from HvfExecutor
[ RUN      ] HvfExecutor.NativeIntelCancellationAndCompletionFailureAllowRetry
INTEL_PROBE phase=executor_retained
INTEL_LIFECYCLE phase=vcpu_destroy_begin generation=159 owner=36073
INTEL_LIFECYCLE phase=vcpu_destroy_end generation=159 owner=36073
INTEL_LIFECYCLE phase=vm_destroy_begin generation=159 owner=36073
INTEL_LIFECYCLE phase=vm_destroy_end generation=159 owner=36073
INTEL_LIFECYCLE phase=vm_create_begin generation=160 owner=36073
INTEL_LIFECYCLE phase=vm_create_end generation=160 owner=36073
INTEL_LIFECYCLE phase=vcpu_create_begin generation=160 owner=36073
INTEL_LIFECYCLE phase=vcpu_create_end generation=160 owner=36073
[       OK ] HvfExecutor.NativeIntelCancellationAndCompletionFailureAllowRetry (223 ms)
[----------] 1 test from HvfExecutor (223 ms total)

[==========] 1 test from 1 test suite ran. (223 ms total)
[  PASSED  ] 1 test.

Repeating all tests (iteration 160) . . .

Note: Google Test filter = HvfExecutor.Native*
[==========] Running 1 test from 1 test suite.
[----------] 1 test from HvfExecutor
[ RUN      ] HvfExecutor.NativeIntelCancellationAndCompletionFailureAllowRetry
INTEL_PROBE phase=executor_retained
INTEL_LIFECYCLE phase=vcpu_destroy_begin generation=160 owner=36073
INTEL_LIFECYCLE phase=vcpu_destroy_end generation=160 owner=36073
INTEL_LIFECYCLE phase=vm_destroy_begin generation=160 owner=36073
INTEL_LIFECYCLE phase=vm_destroy_end generation=160 owner=36073
INTEL_LIFECYCLE phase=vm_create_begin generation=161 owner=36073
INTEL_LIFECYCLE phase=vm_create_end generation=161 owner=36073
INTEL_LIFECYCLE phase=vcpu_create_begin generation=161 owner=36073
INTEL_LIFECYCLE phase=vcpu_create_end generation=161 owner=36073
[       OK ] HvfExecutor.NativeIntelCancellationAndCompletionFailureAllowRetry (185 ms)
[----------] 1 test from HvfExecutor (185 ms total)

[==========] 1 test from 1 test suite ran. (185 ms total)
[  PASSED  ] 1 test.

Repeating all tests (iteration 161) . . .

Note: Google Test filter = HvfExecutor.Native*
[==========] Running 1 test from 1 test suite.
[----------] 1 test from HvfExecutor
[ RUN      ] HvfExecutor.NativeIntelCancellationAndCompletionFailureAllowRetry
INTEL_PROBE phase=executor_retained
INTEL_LIFECYCLE phase=vcpu_destroy_begin generation=161 owner=36073
INTEL_LIFECYCLE phase=vcpu_destroy_end generation=161 owner=36073
INTEL_LIFECYCLE phase=vm_destroy_begin generation=161 owner=36073
INTEL_LIFECYCLE phase=vm_destroy_end generation=161 owner=36073
INTEL_LIFECYCLE phase=vm_create_begin generation=162 owner=36073
INTEL_LIFECYCLE phase=vm_create_end generation=162 owner=36073
INTEL_LIFECYCLE phase=vcpu_create_begin generation=162 owner=36073
INTEL_LIFECYCLE phase=vcpu_create_end generation=162 owner=36073
[       OK ] HvfExecutor.NativeIntelCancellationAndCompletionFailureAllowRetry (236 ms)
[----------] 1 test from HvfExecutor (236 ms total)

[==========] 1 test from 1 test suite ran. (236 ms total)
[  PASSED  ] 1 test.

Repeating all tests (iteration 162) . . .

Note: Google Test filter = HvfExecutor.Native*
[==========] Running 1 test from 1 test suite.
[----------] 1 test from HvfExecutor
[ RUN      ] HvfExecutor.NativeIntelCancellationAndCompletionFailureAllowRetry
INTEL_PROBE phase=executor_retained
INTEL_LIFECYCLE phase=vcpu_destroy_begin generation=162 owner=36073
INTEL_LIFECYCLE phase=vcpu_destroy_end generation=162 owner=36073
INTEL_LIFECYCLE phase=vm_destroy_begin generation=162 owner=36073
INTEL_LIFECYCLE phase=vm_destroy_end generation=162 owner=36073
INTEL_LIFECYCLE phase=vm_create_begin generation=163 owner=36073
INTEL_LIFECYCLE phase=vm_create_end generation=163 owner=36073
INTEL_LIFECYCLE phase=vcpu_create_begin generation=163 owner=36073
INTEL_LIFECYCLE phase=vcpu_create_end generation=163 owner=36073
[       OK ] HvfExecutor.NativeIntelCancellationAndCompletionFailureAllowRetry (161 ms)
[----------] 1 test from HvfExecutor (161 ms total)

[==========] 1 test from 1 test suite ran. (161 ms total)
[  PASSED  ] 1 test.

Repeating all tests (iteration 163) . . .

Note: Google Test filter = HvfExecutor.Native*
[==========] Running 1 test from 1 test suite.
[----------] 1 test from HvfExecutor
[ RUN      ] HvfExecutor.NativeIntelCancellationAndCompletionFailureAllowRetry
INTEL_PROBE phase=executor_retained
INTEL_LIFECYCLE phase=vcpu_destroy_begin generation=163 owner=36073
INTEL_LIFECYCLE phase=vcpu_destroy_end generation=163 owner=36073
INTEL_LIFECYCLE phase=vm_destroy_begin generation=163 owner=36073
INTEL_LIFECYCLE phase=vm_destroy_end generation=163 owner=36073
INTEL_LIFECYCLE phase=vm_create_begin generation=164 owner=36073
INTEL_LIFECYCLE phase=vm_create_end generation=164 owner=36073
INTEL_LIFECYCLE phase=vcpu_create_begin generation=164 owner=36073
INTEL_LIFECYCLE phase=vcpu_create_end generation=164 owner=36073
[       OK ] HvfExecutor.NativeIntelCancellationAndCompletionFailureAllowRetry (268 ms)
[----------] 1 test from HvfExecutor (268 ms total)

[==========] 1 test from 1 test suite ran. (269 ms total)
[  PASSED  ] 1 test.

Repeating all tests (iteration 164) . . .

Note: Google Test filter = HvfExecutor.Native*
[==========] Running 1 test from 1 test suite.
[----------] 1 test from HvfExecutor
[ RUN      ] HvfExecutor.NativeIntelCancellationAndCompletionFailureAllowRetry
INTEL_PROBE phase=executor_retained
INTEL_LIFECYCLE phase=vcpu_destroy_begin generation=164 owner=36073
INTEL_LIFECYCLE phase=vcpu_destroy_end generation=164 owner=36073
INTEL_LIFECYCLE phase=vm_destroy_begin generation=164 owner=36073
INTEL_LIFECYCLE phase=vm_destroy_end generation=164 owner=36073
INTEL_LIFECYCLE phase=vm_create_begin generation=165 owner=36073
INTEL_LIFECYCLE phase=vm_create_end generation=165 owner=36073
INTEL_LIFECYCLE phase=vcpu_create_begin generation=165 owner=36073
INTEL_LIFECYCLE phase=vcpu_create_end generation=165 owner=36073
[       OK ] HvfExecutor.NativeIntelCancellationAndCompletionFailureAllowRetry (258 ms)
[----------] 1 test from HvfExecutor (258 ms total)

[==========] 1 test from 1 test suite ran. (258 ms total)
[  PASSED  ] 1 test.

Repeating all tests (iteration 165) . . .

Note: Google Test filter = HvfExecutor.Native*
[==========] Running 1 test from 1 test suite.
[----------] 1 test from HvfExecutor
[ RUN      ] HvfExecutor.NativeIntelCancellationAndCompletionFailureAllowRetry
INTEL_PROBE phase=executor_retained
INTEL_LIFECYCLE phase=vcpu_destroy_begin generation=165 owner=36073
INTEL_LIFECYCLE phase=vcpu_destroy_end generation=165 owner=36073
INTEL_LIFECYCLE phase=vm_destroy_begin generation=165 owner=36073
INTEL_LIFECYCLE phase=vm_destroy_end generation=165 owner=36073
INTEL_LIFECYCLE phase=vm_create_begin generation=166 owner=36073
INTEL_LIFECYCLE phase=vm_create_end generation=166 owner=36073
INTEL_LIFECYCLE phase=vcpu_create_begin generation=166 owner=36073
INTEL_LIFECYCLE phase=vcpu_create_end generation=166 owner=36073
[       OK ] HvfExecutor.NativeIntelCancellationAndCompletionFailureAllowRetry (291 ms)
[----------] 1 test from HvfExecutor (291 ms total)

[==========] 1 test from 1 test suite ran. (291 ms total)
[  PASSED  ] 1 test.

Repeating all tests (iteration 166) . . .

Note: Google Test filter = HvfExecutor.Native*
[==========] Running 1 test from 1 test suite.
[----------] 1 test from HvfExecutor
[ RUN      ] HvfExecutor.NativeIntelCancellationAndCompletionFailureAllowRetry
INTEL_PROBE phase=executor_retained
INTEL_LIFECYCLE phase=vcpu_destroy_begin generation=166 owner=36073
INTEL_LIFECYCLE phase=vcpu_destroy_end generation=166 owner=36073
INTEL_LIFECYCLE phase=vm_destroy_begin generation=166 owner=36073
INTEL_LIFECYCLE phase=vm_destroy_end generation=166 owner=36073
INTEL_LIFECYCLE phase=vm_create_begin generation=167 owner=36073
INTEL_LIFECYCLE phase=vm_create_end generation=167 owner=36073
INTEL_LIFECYCLE phase=vcpu_create_begin generation=167 owner=36073
INTEL_LIFECYCLE phase=vcpu_create_end generation=167 owner=36073
[       OK ] HvfExecutor.NativeIntelCancellationAndCompletionFailureAllowRetry (250 ms)
[----------] 1 test from HvfExecutor (250 ms total)

[==========] 1 test from 1 test suite ran. (250 ms total)
[  PASSED  ] 1 test.

Repeating all tests (iteration 167) . . .

Note: Google Test filter = HvfExecutor.Native*
[==========] Running 1 test from 1 test suite.
[----------] 1 test from HvfExecutor
[ RUN      ] HvfExecutor.NativeIntelCancellationAndCompletionFailureAllowRetry
INTEL_PROBE phase=executor_retained
INTEL_LIFECYCLE phase=vcpu_destroy_begin generation=167 owner=36073
INTEL_LIFECYCLE phase=vcpu_destroy_end generation=167 owner=36073
INTEL_LIFECYCLE phase=vm_destroy_begin generation=167 owner=36073
INTEL_LIFECYCLE phase=vm_destroy_end generation=167 owner=36073
INTEL_LIFECYCLE phase=vm_create_begin generation=168 owner=36073
INTEL_LIFECYCLE phase=vm_create_end generation=168 owner=36073
INTEL_LIFECYCLE phase=vcpu_create_begin generation=168 owner=36073
INTEL_LIFECYCLE phase=vcpu_create_end generation=168 owner=36073
[       OK ] HvfExecutor.NativeIntelCancellationAndCompletionFailureAllowRetry (267 ms)
[----------] 1 test from HvfExecutor (267 ms total)

[==========] 1 test from 1 test suite ran. (267 ms total)
[  PASSED  ] 1 test.

Repeating all tests (iteration 168) . . .

Note: Google Test filter = HvfExecutor.Native*
[==========] Running 1 test from 1 test suite.
[----------] 1 test from HvfExecutor
[ RUN      ] HvfExecutor.NativeIntelCancellationAndCompletionFailureAllowRetry
INTEL_PROBE phase=executor_retained
INTEL_LIFECYCLE phase=vcpu_destroy_begin generation=168 owner=36073
INTEL_LIFECYCLE phase=vcpu_destroy_end generation=168 owner=36073
INTEL_LIFECYCLE phase=vm_destroy_begin generation=168 owner=36073
INTEL_LIFECYCLE phase=vm_destroy_end generation=168 owner=36073
INTEL_LIFECYCLE phase=vm_create_begin generation=169 owner=36073
INTEL_LIFECYCLE phase=vm_create_end generation=169 owner=36073
INTEL_LIFECYCLE phase=vcpu_create_begin generation=169 owner=36073
INTEL_LIFECYCLE phase=vcpu_create_end generation=169 owner=36073
[       OK ] HvfExecutor.NativeIntelCancellationAndCompletionFailureAllowRetry (162 ms)
[----------] 1 test from HvfExecutor (162 ms total)

[==========] 1 test from 1 test suite ran. (162 ms total)
[  PASSED  ] 1 test.

Repeating all tests (iteration 169) . . .

Note: Google Test filter = HvfExecutor.Native*
[==========] Running 1 test from 1 test suite.
[----------] 1 test from HvfExecutor
[ RUN      ] HvfExecutor.NativeIntelCancellationAndCompletionFailureAllowRetry
INTEL_PROBE phase=executor_retained
INTEL_LIFECYCLE phase=vcpu_destroy_begin generation=169 owner=36073
INTEL_LIFECYCLE phase=vcpu_destroy_end generation=169 owner=36073
INTEL_LIFECYCLE phase=vm_destroy_begin generation=169 owner=36073
INTEL_LIFECYCLE phase=vm_destroy_end generation=169 owner=36073
INTEL_LIFECYCLE phase=vm_create_begin generation=170 owner=36073
INTEL_LIFECYCLE phase=vm_create_end generation=170 owner=36073
INTEL_LIFECYCLE phase=vcpu_create_begin generation=170 owner=36073
INTEL_LIFECYCLE phase=vcpu_create_end generation=170 owner=36073
[       OK ] HvfExecutor.NativeIntelCancellationAndCompletionFailureAllowRetry (162 ms)
[----------] 1 test from HvfExecutor (162 ms total)

[==========] 1 test from 1 test suite ran. (162 ms total)
[  PASSED  ] 1 test.

Repeating all tests (iteration 170) . . .

Note: Google Test filter = HvfExecutor.Native*
[==========] Running 1 test from 1 test suite.
[----------] 1 test from HvfExecutor
[ RUN      ] HvfExecutor.NativeIntelCancellationAndCompletionFailureAllowRetry
INTEL_PROBE phase=executor_retained
INTEL_LIFECYCLE phase=vcpu_destroy_begin generation=170 owner=36073
INTEL_LIFECYCLE phase=vcpu_destroy_end generation=170 owner=36073
INTEL_LIFECYCLE phase=vm_destroy_begin generation=170 owner=36073
INTEL_LIFECYCLE phase=vm_destroy_end generation=170 owner=36073
INTEL_LIFECYCLE phase=vm_create_begin generation=171 owner=36073
INTEL_LIFECYCLE phase=vm_create_end generation=171 owner=36073
INTEL_LIFECYCLE phase=vcpu_create_begin generation=171 owner=36073
INTEL_LIFECYCLE phase=vcpu_create_end generation=171 owner=36073
[       OK ] HvfExecutor.NativeIntelCancellationAndCompletionFailureAllowRetry (377 ms)
[----------] 1 test from HvfExecutor (377 ms total)

[==========] 1 test from 1 test suite ran. (377 ms total)
[  PASSED  ] 1 test.

Repeating all tests (iteration 171) . . .

Note: Google Test filter = HvfExecutor.Native*
[==========] Running 1 test from 1 test suite.
[----------] 1 test from HvfExecutor
[ RUN      ] HvfExecutor.NativeIntelCancellationAndCompletionFailureAllowRetry
INTEL_PROBE phase=executor_retained
INTEL_LIFECYCLE phase=vcpu_destroy_begin generation=171 owner=36073
INTEL_LIFECYCLE phase=vcpu_destroy_end generation=171 owner=36073
INTEL_LIFECYCLE phase=vm_destroy_begin generation=171 owner=36073
INTEL_LIFECYCLE phase=vm_destroy_end generation=171 owner=36073
INTEL_LIFECYCLE phase=vm_create_begin generation=172 owner=36073
INTEL_LIFECYCLE phase=vm_create_end generation=172 owner=36073
INTEL_LIFECYCLE phase=vcpu_create_begin generation=172 owner=36073
INTEL_LIFECYCLE phase=vcpu_create_end generation=172 owner=36073
[       OK ] HvfExecutor.NativeIntelCancellationAndCompletionFailureAllowRetry (283 ms)
[----------] 1 test from HvfExecutor (283 ms total)

[==========] 1 test from 1 test suite ran. (283 ms total)
[  PASSED  ] 1 test.

Repeating all tests (iteration 172) . . .

Note: Google Test filter = HvfExecutor.Native*
[==========] Running 1 test from 1 test suite.
[----------] 1 test from HvfExecutor
[ RUN      ] HvfExecutor.NativeIntelCancellationAndCompletionFailureAllowRetry
INTEL_PROBE phase=executor_retained
INTEL_LIFECYCLE phase=vcpu_destroy_begin generation=172 owner=36073
INTEL_LIFECYCLE phase=vcpu_destroy_end generation=172 owner=36073
INTEL_LIFECYCLE phase=vm_destroy_begin generation=172 owner=36073
INTEL_LIFECYCLE phase=vm_destroy_end generation=172 owner=36073
INTEL_LIFECYCLE phase=vm_create_begin generation=173 owner=36073
INTEL_LIFECYCLE phase=vm_create_end generation=173 owner=36073
INTEL_LIFECYCLE phase=vcpu_create_begin generation=173 owner=36073
INTEL_LIFECYCLE phase=vcpu_create_end generation=173 owner=36073
[       OK ] HvfExecutor.NativeIntelCancellationAndCompletionFailureAllowRetry (414 ms)
[----------] 1 test from HvfExecutor (414 ms total)

[==========] 1 test from 1 test suite ran. (414 ms total)
[  PASSED  ] 1 test.

Repeating all tests (iteration 173) . . .

Note: Google Test filter = HvfExecutor.Native*
[==========] Running 1 test from 1 test suite.
[----------] 1 test from HvfExecutor
[ RUN      ] HvfExecutor.NativeIntelCancellationAndCompletionFailureAllowRetry
INTEL_PROBE phase=executor_retained
INTEL_LIFECYCLE phase=vcpu_destroy_begin generation=173 owner=36073
INTEL_LIFECYCLE phase=vcpu_destroy_end generation=173 owner=36073
INTEL_LIFECYCLE phase=vm_destroy_begin generation=173 owner=36073
INTEL_LIFECYCLE phase=vm_destroy_end generation=173 owner=36073
INTEL_LIFECYCLE phase=vm_create_begin generation=174 owner=36073
INTEL_LIFECYCLE phase=vm_create_end generation=174 owner=36073
INTEL_LIFECYCLE phase=vcpu_create_begin generation=174 owner=36073
INTEL_LIFECYCLE phase=vcpu_create_end generation=174 owner=36073
[       OK ] HvfExecutor.NativeIntelCancellationAndCompletionFailureAllowRetry (126 ms)
[----------] 1 test from HvfExecutor (126 ms total)

[==========] 1 test from 1 test suite ran. (126 ms total)
[  PASSED  ] 1 test.

Repeating all tests (iteration 174) . . .

Note: Google Test filter = HvfExecutor.Native*
[==========] Running 1 test from 1 test suite.
[----------] 1 test from HvfExecutor
[ RUN      ] HvfExecutor.NativeIntelCancellationAndCompletionFailureAllowRetry
INTEL_PROBE phase=executor_retained
INTEL_LIFECYCLE phase=vcpu_destroy_begin generation=174 owner=36073
INTEL_LIFECYCLE phase=vcpu_destroy_end generation=174 owner=36073
INTEL_LIFECYCLE phase=vm_destroy_begin generation=174 owner=36073
INTEL_LIFECYCLE phase=vm_destroy_end generation=174 owner=36073
INTEL_LIFECYCLE phase=vm_create_begin generation=175 owner=36073
INTEL_LIFECYCLE phase=vm_create_end generation=175 owner=36073
INTEL_LIFECYCLE phase=vcpu_create_begin generation=175 owner=36073
INTEL_LIFECYCLE phase=vcpu_create_end generation=175 owner=36073
[       OK ] HvfExecutor.NativeIntelCancellationAndCompletionFailureAllowRetry (331 ms)
[----------] 1 test from HvfExecutor (331 ms total)

[==========] 1 test from 1 test suite ran. (331 ms total)
[  PASSED  ] 1 test.

Repeating all tests (iteration 175) . . .

Note: Google Test filter = HvfExecutor.Native*
[==========] Running 1 test from 1 test suite.
[----------] 1 test from HvfExecutor
[ RUN      ] HvfExecutor.NativeIntelCancellationAndCompletionFailureAllowRetry
INTEL_PROBE phase=executor_retained
INTEL_LIFECYCLE phase=vcpu_destroy_begin generation=175 owner=36073
INTEL_LIFECYCLE phase=vcpu_destroy_end generation=175 owner=36073
INTEL_LIFECYCLE phase=vm_destroy_begin generation=175 owner=36073
INTEL_LIFECYCLE phase=vm_destroy_end generation=175 owner=36073
INTEL_LIFECYCLE phase=vm_create_begin generation=176 owner=36073
INTEL_LIFECYCLE phase=vm_create_end generation=176 owner=36073
INTEL_LIFECYCLE phase=vcpu_create_begin generation=176 owner=36073
INTEL_LIFECYCLE phase=vcpu_create_end generation=176 owner=36073
[       OK ] HvfExecutor.NativeIntelCancellationAndCompletionFailureAllowRetry (374 ms)
[----------] 1 test from HvfExecutor (374 ms total)

[==========] 1 test from 1 test suite ran. (374 ms total)
[  PASSED  ] 1 test.

Repeating all tests (iteration 176) . . .

Note: Google Test filter = HvfExecutor.Native*
[==========] Running 1 test from 1 test suite.
[----------] 1 test from HvfExecutor
[ RUN      ] HvfExecutor.NativeIntelCancellationAndCompletionFailureAllowRetry
INTEL_PROBE phase=executor_retained
INTEL_LIFECYCLE phase=vcpu_destroy_begin generation=176 owner=36073
INTEL_LIFECYCLE phase=vcpu_destroy_end generation=176 owner=36073
INTEL_LIFECYCLE phase=vm_destroy_begin generation=176 owner=36073
INTEL_LIFECYCLE phase=vm_destroy_end generation=176 owner=36073
INTEL_LIFECYCLE phase=vm_create_begin generation=177 owner=36073
INTEL_LIFECYCLE phase=vm_create_end generation=177 owner=36073
INTEL_LIFECYCLE phase=vcpu_create_begin generation=177 owner=36073
INTEL_LIFECYCLE phase=vcpu_create_end generation=177 owner=36073
[       OK ] HvfExecutor.NativeIntelCancellationAndCompletionFailureAllowRetry (217 ms)
[----------] 1 test from HvfExecutor (217 ms total)

[==========] 1 test from 1 test suite ran. (217 ms total)
[  PASSED  ] 1 test.

Repeating all tests (iteration 177) . . .

Note: Google Test filter = HvfExecutor.Native*
[==========] Running 1 test from 1 test suite.
[----------] 1 test from HvfExecutor
[ RUN      ] HvfExecutor.NativeIntelCancellationAndCompletionFailureAllowRetry
INTEL_PROBE phase=executor_retained
INTEL_LIFECYCLE phase=vcpu_destroy_begin generation=177 owner=36073
INTEL_LIFECYCLE phase=vcpu_destroy_end generation=177 owner=36073
INTEL_LIFECYCLE phase=vm_destroy_begin generation=177 owner=36073
INTEL_LIFECYCLE phase=vm_destroy_end generation=177 owner=36073
INTEL_LIFECYCLE phase=vm_create_begin generation=178 owner=36073
INTEL_LIFECYCLE phase=vm_create_end generation=178 owner=36073
INTEL_LIFECYCLE phase=vcpu_create_begin generation=178 owner=36073
INTEL_LIFECYCLE phase=vcpu_create_end generation=178 owner=36073
[       OK ] HvfExecutor.NativeIntelCancellationAndCompletionFailureAllowRetry (315 ms)
[----------] 1 test from HvfExecutor (315 ms total)

[==========] 1 test from 1 test suite ran. (315 ms total)
[  PASSED  ] 1 test.

Repeating all tests (iteration 178) . . .

Note: Google Test filter = HvfExecutor.Native*
[==========] Running 1 test from 1 test suite.
[----------] 1 test from HvfExecutor
[ RUN      ] HvfExecutor.NativeIntelCancellationAndCompletionFailureAllowRetry
INTEL_PROBE phase=executor_retained
INTEL_LIFECYCLE phase=vcpu_destroy_begin generation=178 owner=36073
INTEL_LIFECYCLE phase=vcpu_destroy_end generation=178 owner=36073
INTEL_LIFECYCLE phase=vm_destroy_begin generation=178 owner=36073
INTEL_LIFECYCLE phase=vm_destroy_end generation=178 owner=36073
INTEL_LIFECYCLE phase=vm_create_begin generation=179 owner=36073
INTEL_LIFECYCLE phase=vm_create_end generation=179 owner=36073
INTEL_LIFECYCLE phase=vcpu_create_begin generation=179 owner=36073
INTEL_LIFECYCLE phase=vcpu_create_end generation=179 owner=36073
[       OK ] HvfExecutor.NativeIntelCancellationAndCompletionFailureAllowRetry (301 ms)
[----------] 1 test from HvfExecutor (301 ms total)

[==========] 1 test from 1 test suite ran. (301 ms total)
[  PASSED  ] 1 test.

Repeating all tests (iteration 179) . . .

Note: Google Test filter = HvfExecutor.Native*
[==========] Running 1 test from 1 test suite.
[----------] 1 test from HvfExecutor
[ RUN      ] HvfExecutor.NativeIntelCancellationAndCompletionFailureAllowRetry
INTEL_PROBE phase=executor_retained
INTEL_LIFECYCLE phase=vcpu_destroy_begin generation=179 owner=36073
INTEL_LIFECYCLE phase=vcpu_destroy_end generation=179 owner=36073
INTEL_LIFECYCLE phase=vm_destroy_begin generation=179 owner=36073
INTEL_LIFECYCLE phase=vm_destroy_end generation=179 owner=36073
INTEL_LIFECYCLE phase=vm_create_begin generation=180 owner=36073
INTEL_LIFECYCLE phase=vm_create_end generation=180 owner=36073
INTEL_LIFECYCLE phase=vcpu_create_begin generation=180 owner=36073
INTEL_LIFECYCLE phase=vcpu_create_end generation=180 owner=36073
[       OK ] HvfExecutor.NativeIntelCancellationAndCompletionFailureAllowRetry (231 ms)
[----------] 1 test from HvfExecutor (231 ms total)

[==========] 1 test from 1 test suite ran. (232 ms total)
[  PASSED  ] 1 test.

Repeating all tests (iteration 180) . . .

Note: Google Test filter = HvfExecutor.Native*
[==========] Running 1 test from 1 test suite.
[----------] 1 test from HvfExecutor
[ RUN      ] HvfExecutor.NativeIntelCancellationAndCompletionFailureAllowRetry
INTEL_PROBE phase=executor_retained
INTEL_LIFECYCLE phase=vcpu_destroy_begin generation=180 owner=36073
INTEL_LIFECYCLE phase=vcpu_destroy_end generation=180 owner=36073
INTEL_LIFECYCLE phase=vm_destroy_begin generation=180 owner=36073
INTEL_LIFECYCLE phase=vm_destroy_end generation=180 owner=36073
INTEL_LIFECYCLE phase=vm_create_begin generation=181 owner=36073
INTEL_LIFECYCLE phase=vm_create_end generation=181 owner=36073
INTEL_LIFECYCLE phase=vcpu_create_begin generation=181 owner=36073
INTEL_LIFECYCLE phase=vcpu_create_end generation=181 owner=36073
[       OK ] HvfExecutor.NativeIntelCancellationAndCompletionFailureAllowRetry (360 ms)
[----------] 1 test from HvfExecutor (360 ms total)

[==========] 1 test from 1 test suite ran. (361 ms total)
[  PASSED  ] 1 test.

Repeating all tests (iteration 181) . . .

Note: Google Test filter = HvfExecutor.Native*
[==========] Running 1 test from 1 test suite.
[----------] 1 test from HvfExecutor
[ RUN      ] HvfExecutor.NativeIntelCancellationAndCompletionFailureAllowRetry
INTEL_PROBE phase=executor_retained
INTEL_LIFECYCLE phase=vcpu_destroy_begin generation=181 owner=36073
INTEL_LIFECYCLE phase=vcpu_destroy_end generation=181 owner=36073
INTEL_LIFECYCLE phase=vm_destroy_begin generation=181 owner=36073
INTEL_LIFECYCLE phase=vm_destroy_end generation=181 owner=36073
INTEL_LIFECYCLE phase=vm_create_begin generation=182 owner=36073
INTEL_LIFECYCLE phase=vm_create_end generation=182 owner=36073
INTEL_LIFECYCLE phase=vcpu_create_begin generation=182 owner=36073
INTEL_LIFECYCLE phase=vcpu_create_end generation=182 owner=36073
[       OK ] HvfExecutor.NativeIntelCancellationAndCompletionFailureAllowRetry (322 ms)
[----------] 1 test from HvfExecutor (322 ms total)

[==========] 1 test from 1 test suite ran. (322 ms total)
[  PASSED  ] 1 test.

Repeating all tests (iteration 182) . . .

Note: Google Test filter = HvfExecutor.Native*
[==========] Running 1 test from 1 test suite.
[----------] 1 test from HvfExecutor
[ RUN      ] HvfExecutor.NativeIntelCancellationAndCompletionFailureAllowRetry
INTEL_PROBE phase=executor_retained
INTEL_LIFECYCLE phase=vcpu_destroy_begin generation=182 owner=36073
INTEL_LIFECYCLE phase=vcpu_destroy_end generation=182 owner=36073
INTEL_LIFECYCLE phase=vm_destroy_begin generation=182 owner=36073
INTEL_LIFECYCLE phase=vm_destroy_end generation=182 owner=36073
INTEL_LIFECYCLE phase=vm_create_begin generation=183 owner=36073
INTEL_LIFECYCLE phase=vm_create_end generation=183 owner=36073
INTEL_LIFECYCLE phase=vcpu_create_begin generation=183 owner=36073
INTEL_LIFECYCLE phase=vcpu_create_end generation=183 owner=36073
[       OK ] HvfExecutor.NativeIntelCancellationAndCompletionFailureAllowRetry (243 ms)
[----------] 1 test from HvfExecutor (243 ms total)

[==========] 1 test from 1 test suite ran. (243 ms total)
[  PASSED  ] 1 test.

Repeating all tests (iteration 183) . . .

Note: Google Test filter = HvfExecutor.Native*
[==========] Running 1 test from 1 test suite.
[----------] 1 test from HvfExecutor
[ RUN      ] HvfExecutor.NativeIntelCancellationAndCompletionFailureAllowRetry
INTEL_PROBE phase=executor_retained
INTEL_LIFECYCLE phase=vcpu_destroy_begin generation=183 owner=36073
INTEL_LIFECYCLE phase=vcpu_destroy_end generation=183 owner=36073
INTEL_LIFECYCLE phase=vm_destroy_begin generation=183 owner=36073
INTEL_LIFECYCLE phase=vm_destroy_end generation=183 owner=36073
INTEL_LIFECYCLE phase=vm_create_begin generation=184 owner=36073
INTEL_LIFECYCLE phase=vm_create_end generation=184 owner=36073
INTEL_LIFECYCLE phase=vcpu_create_begin generation=184 owner=36073
INTEL_LIFECYCLE phase=vcpu_create_end generation=184 owner=36073
[       OK ] HvfExecutor.NativeIntelCancellationAndCompletionFailureAllowRetry (252 ms)
[----------] 1 test from HvfExecutor (252 ms total)

[==========] 1 test from 1 test suite ran. (252 ms total)
[  PASSED  ] 1 test.

Repeating all tests (iteration 184) . . .

Note: Google Test filter = HvfExecutor.Native*
[==========] Running 1 test from 1 test suite.
[----------] 1 test from HvfExecutor
[ RUN      ] HvfExecutor.NativeIntelCancellationAndCompletionFailureAllowRetry
INTEL_PROBE phase=executor_retained
INTEL_LIFECYCLE phase=vcpu_destroy_begin generation=184 owner=36073
INTEL_LIFECYCLE phase=vcpu_destroy_end generation=184 owner=36073
INTEL_LIFECYCLE phase=vm_destroy_begin generation=184 owner=36073
INTEL_LIFECYCLE phase=vm_destroy_end generation=184 owner=36073
INTEL_LIFECYCLE phase=vm_create_begin generation=185 owner=36073
INTEL_LIFECYCLE phase=vm_create_end generation=185 owner=36073
INTEL_LIFECYCLE phase=vcpu_create_begin generation=185 owner=36073
INTEL_LIFECYCLE phase=vcpu_create_end generation=185 owner=36073
[       OK ] HvfExecutor.NativeIntelCancellationAndCompletionFailureAllowRetry (302 ms)
[----------] 1 test from HvfExecutor (302 ms total)

[==========] 1 test from 1 test suite ran. (302 ms total)
[  PASSED  ] 1 test.

Repeating all tests (iteration 185) . . .

Note: Google Test filter = HvfExecutor.Native*
[==========] Running 1 test from 1 test suite.
[----------] 1 test from HvfExecutor
[ RUN      ] HvfExecutor.NativeIntelCancellationAndCompletionFailureAllowRetry
INTEL_PROBE phase=executor_retained
INTEL_LIFECYCLE phase=vcpu_destroy_begin generation=185 owner=36073
INTEL_LIFECYCLE phase=vcpu_destroy_end generation=185 owner=36073
INTEL_LIFECYCLE phase=vm_destroy_begin generation=185 owner=36073
INTEL_LIFECYCLE phase=vm_destroy_end generation=185 owner=36073
INTEL_LIFECYCLE phase=vm_create_begin generation=186 owner=36073
INTEL_LIFECYCLE phase=vm_create_end generation=186 owner=36073
INTEL_LIFECYCLE phase=vcpu_create_begin generation=186 owner=36073
INTEL_LIFECYCLE phase=vcpu_create_end generation=186 owner=36073
[       OK ] HvfExecutor.NativeIntelCancellationAndCompletionFailureAllowRetry (275 ms)
[----------] 1 test from HvfExecutor (275 ms total)

[==========] 1 test from 1 test suite ran. (275 ms total)
[  PASSED  ] 1 test.

Repeating all tests (iteration 186) . . .

Note: Google Test filter = HvfExecutor.Native*
[==========] Running 1 test from 1 test suite.
[----------] 1 test from HvfExecutor
[ RUN      ] HvfExecutor.NativeIntelCancellationAndCompletionFailureAllowRetry
INTEL_PROBE phase=executor_retained
INTEL_LIFECYCLE phase=vcpu_destroy_begin generation=186 owner=36073
INTEL_LIFECYCLE phase=vcpu_destroy_end generation=186 owner=36073
INTEL_LIFECYCLE phase=vm_destroy_begin generation=186 owner=36073
INTEL_LIFECYCLE phase=vm_destroy_end generation=186 owner=36073
INTEL_LIFECYCLE phase=vm_create_begin generation=187 owner=36073
INTEL_LIFECYCLE phase=vm_create_end generation=187 owner=36073
INTEL_LIFECYCLE phase=vcpu_create_begin generation=187 owner=36073
INTEL_LIFECYCLE phase=vcpu_create_end generation=187 owner=36073
[       OK ] HvfExecutor.NativeIntelCancellationAndCompletionFailureAllowRetry (307 ms)
[----------] 1 test from HvfExecutor (308 ms total)

[==========] 1 test from 1 test suite ran. (308 ms total)
[  PASSED  ] 1 test.

Repeating all tests (iteration 187) . . .

Note: Google Test filter = HvfExecutor.Native*
[==========] Running 1 test from 1 test suite.
[----------] 1 test from HvfExecutor
[ RUN      ] HvfExecutor.NativeIntelCancellationAndCompletionFailureAllowRetry
INTEL_PROBE phase=executor_retained
INTEL_LIFECYCLE phase=vcpu_destroy_begin generation=187 owner=36073
INTEL_LIFECYCLE phase=vcpu_destroy_end generation=187 owner=36073
INTEL_LIFECYCLE phase=vm_destroy_begin generation=187 owner=36073
INTEL_LIFECYCLE phase=vm_destroy_end generation=187 owner=36073
INTEL_LIFECYCLE phase=vm_create_begin generation=188 owner=36073
INTEL_LIFECYCLE phase=vm_create_end generation=188 owner=36073
INTEL_LIFECYCLE phase=vcpu_create_begin generation=188 owner=36073
INTEL_LIFECYCLE phase=vcpu_create_end generation=188 owner=36073
[       OK ] HvfExecutor.NativeIntelCancellationAndCompletionFailureAllowRetry (266 ms)
[----------] 1 test from HvfExecutor (266 ms total)

[==========] 1 test from 1 test suite ran. (266 ms total)
[  PASSED  ] 1 test.

Repeating all tests (iteration 188) . . .

Note: Google Test filter = HvfExecutor.Native*
[==========] Running 1 test from 1 test suite.
[----------] 1 test from HvfExecutor
[ RUN      ] HvfExecutor.NativeIntelCancellationAndCompletionFailureAllowRetry
INTEL_PROBE phase=executor_retained
INTEL_LIFECYCLE phase=vcpu_destroy_begin generation=188 owner=36073
INTEL_LIFECYCLE phase=vcpu_destroy_end generation=188 owner=36073
INTEL_LIFECYCLE phase=vm_destroy_begin generation=188 owner=36073
INTEL_LIFECYCLE phase=vm_destroy_end generation=188 owner=36073
INTEL_LIFECYCLE phase=vm_create_begin generation=189 owner=36073
INTEL_LIFECYCLE phase=vm_create_end generation=189 owner=36073
INTEL_LIFECYCLE phase=vcpu_create_begin generation=189 owner=36073
INTEL_LIFECYCLE phase=vcpu_create_end generation=189 owner=36073
[       OK ] HvfExecutor.NativeIntelCancellationAndCompletionFailureAllowRetry (165 ms)
[----------] 1 test from HvfExecutor (165 ms total)

[==========] 1 test from 1 test suite ran. (165 ms total)
[  PASSED  ] 1 test.

Repeating all tests (iteration 189) . . .

Note: Google Test filter = HvfExecutor.Native*
[==========] Running 1 test from 1 test suite.
[----------] 1 test from HvfExecutor
[ RUN      ] HvfExecutor.NativeIntelCancellationAndCompletionFailureAllowRetry
INTEL_PROBE phase=executor_retained
INTEL_LIFECYCLE phase=vcpu_destroy_begin generation=189 owner=36073
INTEL_LIFECYCLE phase=vcpu_destroy_end generation=189 owner=36073
INTEL_LIFECYCLE phase=vm_destroy_begin generation=189 owner=36073
INTEL_LIFECYCLE phase=vm_destroy_end generation=189 owner=36073
INTEL_LIFECYCLE phase=vm_create_begin generation=190 owner=36073
INTEL_LIFECYCLE phase=vm_create_end generation=190 owner=36073
INTEL_LIFECYCLE phase=vcpu_create_begin generation=190 owner=36073
INTEL_LIFECYCLE phase=vcpu_create_end generation=190 owner=36073
[       OK ] HvfExecutor.NativeIntelCancellationAndCompletionFailureAllowRetry (234 ms)
[----------] 1 test from HvfExecutor (234 ms total)

[==========] 1 test from 1 test suite ran. (234 ms total)
[  PASSED  ] 1 test.

Repeating all tests (iteration 190) . . .

Note: Google Test filter = HvfExecutor.Native*
[==========] Running 1 test from 1 test suite.
[----------] 1 test from HvfExecutor
[ RUN      ] HvfExecutor.NativeIntelCancellationAndCompletionFailureAllowRetry
INTEL_PROBE phase=executor_retained
INTEL_LIFECYCLE phase=vcpu_destroy_begin generation=190 owner=36073
INTEL_LIFECYCLE phase=vcpu_destroy_end generation=190 owner=36073
INTEL_LIFECYCLE phase=vm_destroy_begin generation=190 owner=36073
INTEL_LIFECYCLE phase=vm_destroy_end generation=190 owner=36073
INTEL_LIFECYCLE phase=vm_create_begin generation=191 owner=36073
INTEL_LIFECYCLE phase=vm_create_end generation=191 owner=36073
INTEL_LIFECYCLE phase=vcpu_create_begin generation=191 owner=36073
INTEL_LIFECYCLE phase=vcpu_create_end generation=191 owner=36073
[       OK ] HvfExecutor.NativeIntelCancellationAndCompletionFailureAllowRetry (288 ms)
[----------] 1 test from HvfExecutor (288 ms total)

[==========] 1 test from 1 test suite ran. (288 ms total)
[  PASSED  ] 1 test.

Repeating all tests (iteration 191) . . .

Note: Google Test filter = HvfExecutor.Native*
[==========] Running 1 test from 1 test suite.
[----------] 1 test from HvfExecutor
[ RUN      ] HvfExecutor.NativeIntelCancellationAndCompletionFailureAllowRetry
INTEL_PROBE phase=executor_retained
INTEL_LIFECYCLE phase=vcpu_destroy_begin generation=191 owner=36073
INTEL_LIFECYCLE phase=vcpu_destroy_end generation=191 owner=36073
INTEL_LIFECYCLE phase=vm_destroy_begin generation=191 owner=36073
INTEL_LIFECYCLE phase=vm_destroy_end generation=191 owner=36073
INTEL_LIFECYCLE phase=vm_create_begin generation=192 owner=36073
INTEL_LIFECYCLE phase=vm_create_end generation=192 owner=36073
INTEL_LIFECYCLE phase=vcpu_create_begin generation=192 owner=36073
INTEL_LIFECYCLE phase=vcpu_create_end generation=192 owner=36073
[       OK ] HvfExecutor.NativeIntelCancellationAndCompletionFailureAllowRetry (286 ms)
[----------] 1 test from HvfExecutor (286 ms total)

[==========] 1 test from 1 test suite ran. (286 ms total)
[  PASSED  ] 1 test.

Repeating all tests (iteration 192) . . .

Note: Google Test filter = HvfExecutor.Native*
[==========] Running 1 test from 1 test suite.
[----------] 1 test from HvfExecutor
[ RUN      ] HvfExecutor.NativeIntelCancellationAndCompletionFailureAllowRetry
INTEL_PROBE phase=executor_retained
INTEL_LIFECYCLE phase=vcpu_destroy_begin generation=192 owner=36073
INTEL_LIFECYCLE phase=vcpu_destroy_end generation=192 owner=36073
INTEL_LIFECYCLE phase=vm_destroy_begin generation=192 owner=36073
INTEL_LIFECYCLE phase=vm_destroy_end generation=192 owner=36073
INTEL_LIFECYCLE phase=vm_create_begin generation=193 owner=36073
INTEL_LIFECYCLE phase=vm_create_end generation=193 owner=36073
INTEL_LIFECYCLE phase=vcpu_create_begin generation=193 owner=36073
INTEL_LIFECYCLE phase=vcpu_create_end generation=193 owner=36073
[       OK ] HvfExecutor.NativeIntelCancellationAndCompletionFailureAllowRetry (201 ms)
[----------] 1 test from HvfExecutor (201 ms total)

[==========] 1 test from 1 test suite ran. (201 ms total)
[  PASSED  ] 1 test.

Repeating all tests (iteration 193) . . .

Note: Google Test filter = HvfExecutor.Native*
[==========] Running 1 test from 1 test suite.
[----------] 1 test from HvfExecutor
[ RUN      ] HvfExecutor.NativeIntelCancellationAndCompletionFailureAllowRetry
INTEL_PROBE phase=executor_retained
INTEL_LIFECYCLE phase=vcpu_destroy_begin generation=193 owner=36073
INTEL_LIFECYCLE phase=vcpu_destroy_end generation=193 owner=36073
INTEL_LIFECYCLE phase=vm_destroy_begin generation=193 owner=36073
INTEL_LIFECYCLE phase=vm_destroy_end generation=193 owner=36073
INTEL_LIFECYCLE phase=vm_create_begin generation=194 owner=36073
INTEL_LIFECYCLE phase=vm_create_end generation=194 owner=36073
INTEL_LIFECYCLE phase=vcpu_create_begin generation=194 owner=36073
INTEL_LIFECYCLE phase=vcpu_create_end generation=194 owner=36073
[       OK ] HvfExecutor.NativeIntelCancellationAndCompletionFailureAllowRetry (276 ms)
[----------] 1 test from HvfExecutor (276 ms total)

[==========] 1 test from 1 test suite ran. (276 ms total)
[  PASSED  ] 1 test.

Repeating all tests (iteration 194) . . .

Note: Google Test filter = HvfExecutor.Native*
[==========] Running 1 test from 1 test suite.
[----------] 1 test from HvfExecutor
[ RUN      ] HvfExecutor.NativeIntelCancellationAndCompletionFailureAllowRetry
INTEL_PROBE phase=executor_retained
INTEL_LIFECYCLE phase=vcpu_destroy_begin generation=194 owner=36073
INTEL_LIFECYCLE phase=vcpu_destroy_end generation=194 owner=36073
INTEL_LIFECYCLE phase=vm_destroy_begin generation=194 owner=36073
INTEL_LIFECYCLE phase=vm_destroy_end generation=194 owner=36073
INTEL_LIFECYCLE phase=vm_create_begin generation=195 owner=36073
INTEL_LIFECYCLE phase=vm_create_end generation=195 owner=36073
INTEL_LIFECYCLE phase=vcpu_create_begin generation=195 owner=36073
INTEL_LIFECYCLE phase=vcpu_create_end generation=195 owner=36073
[       OK ] HvfExecutor.NativeIntelCancellationAndCompletionFailureAllowRetry (293 ms)
[----------] 1 test from HvfExecutor (293 ms total)

[==========] 1 test from 1 test suite ran. (293 ms total)
[  PASSED  ] 1 test.

Repeating all tests (iteration 195) . . .

Note: Google Test filter = HvfExecutor.Native*
[==========] Running 1 test from 1 test suite.
[----------] 1 test from HvfExecutor
[ RUN      ] HvfExecutor.NativeIntelCancellationAndCompletionFailureAllowRetry
INTEL_PROBE phase=executor_retained
INTEL_LIFECYCLE phase=vcpu_destroy_begin generation=195 owner=36073
INTEL_LIFECYCLE phase=vcpu_destroy_end generation=195 owner=36073
INTEL_LIFECYCLE phase=vm_destroy_begin generation=195 owner=36073
INTEL_LIFECYCLE phase=vm_destroy_end generation=195 owner=36073
INTEL_LIFECYCLE phase=vm_create_begin generation=196 owner=36073
INTEL_LIFECYCLE phase=vm_create_end generation=196 owner=36073
INTEL_LIFECYCLE phase=vcpu_create_begin generation=196 owner=36073
INTEL_LIFECYCLE phase=vcpu_create_end generation=196 owner=36073
[       OK ] HvfExecutor.NativeIntelCancellationAndCompletionFailureAllowRetry (264 ms)
[----------] 1 test from HvfExecutor (264 ms total)

[==========] 1 test from 1 test suite ran. (264 ms total)
[  PASSED  ] 1 test.

Repeating all tests (iteration 196) . . .

Note: Google Test filter = HvfExecutor.Native*
[==========] Running 1 test from 1 test suite.
[----------] 1 test from HvfExecutor
[ RUN      ] HvfExecutor.NativeIntelCancellationAndCompletionFailureAllowRetry
INTEL_PROBE phase=executor_retained
INTEL_LIFECYCLE phase=vcpu_destroy_begin generation=196 owner=36073
INTEL_LIFECYCLE phase=vcpu_destroy_end generation=196 owner=36073
INTEL_LIFECYCLE phase=vm_destroy_begin generation=196 owner=36073
INTEL_LIFECYCLE phase=vm_destroy_end generation=196 owner=36073
INTEL_LIFECYCLE phase=vm_create_begin generation=197 owner=36073
INTEL_LIFECYCLE phase=vm_create_end generation=197 owner=36073
INTEL_LIFECYCLE phase=vcpu_create_begin generation=197 owner=36073
INTEL_LIFECYCLE phase=vcpu_create_end generation=197 owner=36073
[       OK ] HvfExecutor.NativeIntelCancellationAndCompletionFailureAllowRetry (363 ms)
[----------] 1 test from HvfExecutor (363 ms total)

[==========] 1 test from 1 test suite ran. (363 ms total)
[  PASSED  ] 1 test.

Repeating all tests (iteration 197) . . .

Note: Google Test filter = HvfExecutor.Native*
[==========] Running 1 test from 1 test suite.
[----------] 1 test from HvfExecutor
[ RUN      ] HvfExecutor.NativeIntelCancellationAndCompletionFailureAllowRetry
INTEL_PROBE phase=executor_retained
INTEL_LIFECYCLE phase=vcpu_destroy_begin generation=197 owner=36073
INTEL_LIFECYCLE phase=vcpu_destroy_end generation=197 owner=36073
INTEL_LIFECYCLE phase=vm_destroy_begin generation=197 owner=36073
INTEL_LIFECYCLE phase=vm_destroy_end generation=197 owner=36073
INTEL_LIFECYCLE phase=vm_create_begin generation=198 owner=36073
INTEL_LIFECYCLE phase=vm_create_end generation=198 owner=36073
INTEL_LIFECYCLE phase=vcpu_create_begin generation=198 owner=36073
INTEL_LIFECYCLE phase=vcpu_create_end generation=198 owner=36073
[       OK ] HvfExecutor.NativeIntelCancellationAndCompletionFailureAllowRetry (215 ms)
[----------] 1 test from HvfExecutor (215 ms total)

[==========] 1 test from 1 test suite ran. (215 ms total)
[  PASSED  ] 1 test.

Repeating all tests (iteration 198) . . .

Note: Google Test filter = HvfExecutor.Native*
[==========] Running 1 test from 1 test suite.
[----------] 1 test from HvfExecutor
[ RUN      ] HvfExecutor.NativeIntelCancellationAndCompletionFailureAllowRetry
INTEL_PROBE phase=executor_retained
INTEL_LIFECYCLE phase=vcpu_destroy_begin generation=198 owner=36073
INTEL_LIFECYCLE phase=vcpu_destroy_end generation=198 owner=36073
INTEL_LIFECYCLE phase=vm_destroy_begin generation=198 owner=36073
INTEL_LIFECYCLE phase=vm_destroy_end generation=198 owner=36073
INTEL_LIFECYCLE phase=vm_create_begin generation=199 owner=36073
INTEL_LIFECYCLE phase=vm_create_end generation=199 owner=36073
INTEL_LIFECYCLE phase=vcpu_create_begin generation=199 owner=36073
INTEL_LIFECYCLE phase=vcpu_create_end generation=199 owner=36073
[       OK ] HvfExecutor.NativeIntelCancellationAndCompletionFailureAllowRetry (310 ms)
[----------] 1 test from HvfExecutor (310 ms total)

[==========] 1 test from 1 test suite ran. (310 ms total)
[  PASSED  ] 1 test.

Repeating all tests (iteration 199) . . .

Note: Google Test filter = HvfExecutor.Native*
[==========] Running 1 test from 1 test suite.
[----------] 1 test from HvfExecutor
[ RUN      ] HvfExecutor.NativeIntelCancellationAndCompletionFailureAllowRetry
INTEL_PROBE phase=executor_retained
INTEL_LIFECYCLE phase=vcpu_destroy_begin generation=199 owner=36073
INTEL_LIFECYCLE phase=vcpu_destroy_end generation=199 owner=36073
INTEL_LIFECYCLE phase=vm_destroy_begin generation=199 owner=36073
INTEL_LIFECYCLE phase=vm_destroy_end generation=199 owner=36073
INTEL_LIFECYCLE phase=vm_create_begin generation=200 owner=36073
INTEL_LIFECYCLE phase=vm_create_end generation=200 owner=36073
INTEL_LIFECYCLE phase=vcpu_create_begin generation=200 owner=36073
INTEL_LIFECYCLE phase=vcpu_create_end generation=200 owner=36073
[       OK ] HvfExecutor.NativeIntelCancellationAndCompletionFailureAllowRetry (317 ms)
[----------] 1 test from HvfExecutor (317 ms total)

[==========] 1 test from 1 test suite ran. (317 ms total)
[  PASSED  ] 1 test.

Repeating all tests (iteration 200) . . .

Note: Google Test filter = HvfExecutor.Native*
[==========] Running 1 test from 1 test suite.
[----------] 1 test from HvfExecutor
[ RUN      ] HvfExecutor.NativeIntelCancellationAndCompletionFailureAllowRetry
INTEL_PROBE phase=executor_retained
INTEL_LIFECYCLE phase=vcpu_destroy_begin generation=200 owner=36073
INTEL_LIFECYCLE phase=vcpu_destroy_end generation=200 owner=36073
INTEL_LIFECYCLE phase=vm_destroy_begin generation=200 owner=36073
INTEL_LIFECYCLE phase=vm_destroy_end generation=200 owner=36073
INTEL_LIFECYCLE phase=vm_create_begin generation=201 owner=36073
INTEL_LIFECYCLE phase=vm_create_end generation=201 owner=36073
INTEL_LIFECYCLE phase=vcpu_create_begin generation=201 owner=36073
INTEL_LIFECYCLE phase=vcpu_create_end generation=201 owner=36073
[       OK ] HvfExecutor.NativeIntelCancellationAndCompletionFailureAllowRetry (258 ms)
[----------] 1 test from HvfExecutor (258 ms total)

[==========] 1 test from 1 test suite ran. (258 ms total)
[  PASSED  ] 1 test.

Repeating all tests (iteration 201) . . .

Note: Google Test filter = HvfExecutor.Native*
[==========] Running 1 test from 1 test suite.
[----------] 1 test from HvfExecutor
[ RUN      ] HvfExecutor.NativeIntelCancellationAndCompletionFailureAllowRetry
INTEL_PROBE phase=executor_retained
INTEL_LIFECYCLE phase=vcpu_destroy_begin generation=201 owner=36073
INTEL_LIFECYCLE phase=vcpu_destroy_end generation=201 owner=36073
INTEL_LIFECYCLE phase=vm_destroy_begin generation=201 owner=36073
INTEL_LIFECYCLE phase=vm_destroy_end generation=201 owner=36073
INTEL_LIFECYCLE phase=vm_create_begin generation=202 owner=36073
INTEL_LIFECYCLE phase=vm_create_end generation=202 owner=36073
INTEL_LIFECYCLE phase=vcpu_create_begin generation=202 owner=36073
INTEL_LIFECYCLE phase=vcpu_create_end generation=202 owner=36073
[       OK ] HvfExecutor.NativeIntelCancellationAndCompletionFailureAllowRetry (235 ms)
[----------] 1 test from HvfExecutor (235 ms total)

[==========] 1 test from 1 test suite ran. (235 ms total)
[  PASSED  ] 1 test.

Repeating all tests (iteration 202) . . .

Note: Google Test filter = HvfExecutor.Native*
[==========] Running 1 test from 1 test suite.
[----------] 1 test from HvfExecutor
[ RUN      ] HvfExecutor.NativeIntelCancellationAndCompletionFailureAllowRetry
INTEL_PROBE phase=executor_retained
INTEL_LIFECYCLE phase=vcpu_destroy_begin generation=202 owner=36073
INTEL_LIFECYCLE phase=vcpu_destroy_end generation=202 owner=36073
INTEL_LIFECYCLE phase=vm_destroy_begin generation=202 owner=36073
INTEL_LIFECYCLE phase=vm_destroy_end generation=202 owner=36073
INTEL_LIFECYCLE phase=vm_create_begin generation=203 owner=36073
INTEL_LIFECYCLE phase=vm_create_end generation=203 owner=36073
INTEL_LIFECYCLE phase=vcpu_create_begin generation=203 owner=36073
INTEL_LIFECYCLE phase=vcpu_create_end generation=203 owner=36073
[       OK ] HvfExecutor.NativeIntelCancellationAndCompletionFailureAllowRetry (269 ms)
[----------] 1 test from HvfExecutor (269 ms total)

[==========] 1 test from 1 test suite ran. (269 ms total)
[  PASSED  ] 1 test.

Repeating all tests (iteration 203) . . .

Note: Google Test filter = HvfExecutor.Native*
[==========] Running 1 test from 1 test suite.
[----------] 1 test from HvfExecutor
[ RUN      ] HvfExecutor.NativeIntelCancellationAndCompletionFailureAllowRetry
INTEL_PROBE phase=executor_retained
INTEL_LIFECYCLE phase=vcpu_destroy_begin generation=203 owner=36073
INTEL_LIFECYCLE phase=vcpu_destroy_end generation=203 owner=36073
INTEL_LIFECYCLE phase=vm_destroy_begin generation=203 owner=36073
INTEL_LIFECYCLE phase=vm_destroy_end generation=203 owner=36073
INTEL_LIFECYCLE phase=vm_create_begin generation=204 owner=36073
INTEL_LIFECYCLE phase=vm_create_end generation=204 owner=36073
INTEL_LIFECYCLE phase=vcpu_create_begin generation=204 owner=36073
INTEL_LIFECYCLE phase=vcpu_create_end generation=204 owner=36073
[       OK ] HvfExecutor.NativeIntelCancellationAndCompletionFailureAllowRetry (278 ms)
[----------] 1 test from HvfExecutor (278 ms total)

[==========] 1 test from 1 test suite ran. (278 ms total)
[  PASSED  ] 1 test.

Repeating all tests (iteration 204) . . .

Note: Google Test filter = HvfExecutor.Native*
[==========] Running 1 test from 1 test suite.
[----------] 1 test from HvfExecutor
[ RUN      ] HvfExecutor.NativeIntelCancellationAndCompletionFailureAllowRetry
INTEL_PROBE phase=executor_retained
INTEL_LIFECYCLE phase=vcpu_destroy_begin generation=204 owner=36073
INTEL_LIFECYCLE phase=vcpu_destroy_end generation=204 owner=36073
INTEL_LIFECYCLE phase=vm_destroy_begin generation=204 owner=36073
INTEL_LIFECYCLE phase=vm_destroy_end generation=204 owner=36073
INTEL_LIFECYCLE phase=vm_create_begin generation=205 owner=36073
INTEL_LIFECYCLE phase=vm_create_end generation=205 owner=36073
INTEL_LIFECYCLE phase=vcpu_create_begin generation=205 owner=36073
INTEL_LIFECYCLE phase=vcpu_create_end generation=205 owner=36073
[       OK ] HvfExecutor.NativeIntelCancellationAndCompletionFailureAllowRetry (277 ms)
[----------] 1 test from HvfExecutor (277 ms total)

[==========] 1 test from 1 test suite ran. (277 ms total)
[  PASSED  ] 1 test.

Repeating all tests (iteration 205) . . .

Note: Google Test filter = HvfExecutor.Native*
[==========] Running 1 test from 1 test suite.
[----------] 1 test from HvfExecutor
[ RUN      ] HvfExecutor.NativeIntelCancellationAndCompletionFailureAllowRetry
INTEL_PROBE phase=executor_retained
INTEL_LIFECYCLE phase=vcpu_destroy_begin generation=205 owner=36073
INTEL_LIFECYCLE phase=vcpu_destroy_end generation=205 owner=36073
INTEL_LIFECYCLE phase=vm_destroy_begin generation=205 owner=36073
INTEL_LIFECYCLE phase=vm_destroy_end generation=205 owner=36073
INTEL_LIFECYCLE phase=vm_create_begin generation=206 owner=36073
INTEL_LIFECYCLE phase=vm_create_end generation=206 owner=36073
INTEL_LIFECYCLE phase=vcpu_create_begin generation=206 owner=36073
INTEL_LIFECYCLE phase=vcpu_create_end generation=206 owner=36073
[       OK ] HvfExecutor.NativeIntelCancellationAndCompletionFailureAllowRetry (293 ms)
[----------] 1 test from HvfExecutor (293 ms total)

[==========] 1 test from 1 test suite ran. (293 ms total)
[  PASSED  ] 1 test.

Repeating all tests (iteration 206) . . .

Note: Google Test filter = HvfExecutor.Native*
[==========] Running 1 test from 1 test suite.
[----------] 1 test from HvfExecutor
[ RUN      ] HvfExecutor.NativeIntelCancellationAndCompletionFailureAllowRetry
INTEL_PROBE phase=executor_retained
INTEL_LIFECYCLE phase=vcpu_destroy_begin generation=206 owner=36073
INTEL_LIFECYCLE phase=vcpu_destroy_end generation=206 owner=36073
INTEL_LIFECYCLE phase=vm_destroy_begin generation=206 owner=36073
INTEL_LIFECYCLE phase=vm_destroy_end generation=206 owner=36073
INTEL_LIFECYCLE phase=vm_create_begin generation=207 owner=36073
INTEL_LIFECYCLE phase=vm_create_end generation=207 owner=36073
INTEL_LIFECYCLE phase=vcpu_create_begin generation=207 owner=36073
INTEL_LIFECYCLE phase=vcpu_create_end generation=207 owner=36073
[       OK ] HvfExecutor.NativeIntelCancellationAndCompletionFailureAllowRetry (155 ms)
[----------] 1 test from HvfExecutor (155 ms total)

[==========] 1 test from 1 test suite ran. (155 ms total)
[  PASSED  ] 1 test.

Repeating all tests (iteration 207) . . .

Note: Google Test filter = HvfExecutor.Native*
[==========] Running 1 test from 1 test suite.
[----------] 1 test from HvfExecutor
[ RUN      ] HvfExecutor.NativeIntelCancellationAndCompletionFailureAllowRetry
INTEL_PROBE phase=executor_retained
INTEL_LIFECYCLE phase=vcpu_destroy_begin generation=207 owner=36073
INTEL_LIFECYCLE phase=vcpu_destroy_end generation=207 owner=36073
INTEL_LIFECYCLE phase=vm_destroy_begin generation=207 owner=36073
INTEL_LIFECYCLE phase=vm_destroy_end generation=207 owner=36073
INTEL_LIFECYCLE phase=vm_create_begin generation=208 owner=36073
INTEL_LIFECYCLE phase=vm_create_end generation=208 owner=36073
INTEL_LIFECYCLE phase=vcpu_create_begin generation=208 owner=36073
INTEL_LIFECYCLE phase=vcpu_create_end generation=208 owner=36073
[       OK ] HvfExecutor.NativeIntelCancellationAndCompletionFailureAllowRetry (347 ms)
[----------] 1 test from HvfExecutor (347 ms total)

[==========] 1 test from 1 test suite ran. (347 ms total)
[  PASSED  ] 1 test.

Repeating all tests (iteration 208) . . .

Note: Google Test filter = HvfExecutor.Native*
[==========] Running 1 test from 1 test suite.
[----------] 1 test from HvfExecutor
[ RUN      ] HvfExecutor.NativeIntelCancellationAndCompletionFailureAllowRetry
INTEL_PROBE phase=executor_retained
INTEL_LIFECYCLE phase=vcpu_destroy_begin generation=208 owner=36073
INTEL_LIFECYCLE phase=vcpu_destroy_end generation=208 owner=36073
INTEL_LIFECYCLE phase=vm_destroy_begin generation=208 owner=36073
INTEL_LIFECYCLE phase=vm_destroy_end generation=208 owner=36073
INTEL_LIFECYCLE phase=vm_create_begin generation=209 owner=36073
INTEL_LIFECYCLE phase=vm_create_end generation=209 owner=36073
INTEL_LIFECYCLE phase=vcpu_create_begin generation=209 owner=36073
INTEL_LIFECYCLE phase=vcpu_create_end generation=209 owner=36073
[       OK ] HvfExecutor.NativeIntelCancellationAndCompletionFailureAllowRetry (158 ms)
[----------] 1 test from HvfExecutor (158 ms total)

[==========] 1 test from 1 test suite ran. (158 ms total)
[  PASSED  ] 1 test.

Repeating all tests (iteration 209) . . .

Note: Google Test filter = HvfExecutor.Native*
[==========] Running 1 test from 1 test suite.
[----------] 1 test from HvfExecutor
[ RUN      ] HvfExecutor.NativeIntelCancellationAndCompletionFailureAllowRetry
INTEL_PROBE phase=executor_retained
INTEL_LIFECYCLE phase=vcpu_destroy_begin generation=209 owner=36073
INTEL_LIFECYCLE phase=vcpu_destroy_end generation=209 owner=36073
INTEL_LIFECYCLE phase=vm_destroy_begin generation=209 owner=36073
INTEL_LIFECYCLE phase=vm_destroy_end generation=209 owner=36073
INTEL_LIFECYCLE phase=vm_create_begin generation=210 owner=36073
INTEL_LIFECYCLE phase=vm_create_end generation=210 owner=36073
INTEL_LIFECYCLE phase=vcpu_create_begin generation=210 owner=36073
INTEL_LIFECYCLE phase=vcpu_create_end generation=210 owner=36073
[       OK ] HvfExecutor.NativeIntelCancellationAndCompletionFailureAllowRetry (283 ms)
[----------] 1 test from HvfExecutor (283 ms total)

[==========] 1 test from 1 test suite ran. (283 ms total)
[  PASSED  ] 1 test.

Repeating all tests (iteration 210) . . .

Note: Google Test filter = HvfExecutor.Native*
[==========] Running 1 test from 1 test suite.
[----------] 1 test from HvfExecutor
[ RUN      ] HvfExecutor.NativeIntelCancellationAndCompletionFailureAllowRetry
INTEL_PROBE phase=executor_retained
INTEL_LIFECYCLE phase=vcpu_destroy_begin generation=210 owner=36073
INTEL_LIFECYCLE phase=vcpu_destroy_end generation=210 owner=36073
INTEL_LIFECYCLE phase=vm_destroy_begin generation=210 owner=36073
INTEL_LIFECYCLE phase=vm_destroy_end generation=210 owner=36073
INTEL_LIFECYCLE phase=vm_create_begin generation=211 owner=36073
INTEL_LIFECYCLE phase=vm_create_end generation=211 owner=36073
INTEL_LIFECYCLE phase=vcpu_create_begin generation=211 owner=36073
INTEL_LIFECYCLE phase=vcpu_create_end generation=211 owner=36073
[       OK ] HvfExecutor.NativeIntelCancellationAndCompletionFailureAllowRetry (339 ms)
[----------] 1 test from HvfExecutor (339 ms total)

[==========] 1 test from 1 test suite ran. (339 ms total)
[  PASSED  ] 1 test.

Repeating all tests (iteration 211) . . .

Note: Google Test filter = HvfExecutor.Native*
[==========] Running 1 test from 1 test suite.
[----------] 1 test from HvfExecutor
[ RUN      ] HvfExecutor.NativeIntelCancellationAndCompletionFailureAllowRetry
INTEL_PROBE phase=executor_retained
INTEL_LIFECYCLE phase=vcpu_destroy_begin generation=211 owner=36073
INTEL_LIFECYCLE phase=vcpu_destroy_end generation=211 owner=36073
INTEL_LIFECYCLE phase=vm_destroy_begin generation=211 owner=36073
INTEL_LIFECYCLE phase=vm_destroy_end generation=211 owner=36073
INTEL_LIFECYCLE phase=vm_create_begin generation=212 owner=36073
INTEL_LIFECYCLE phase=vm_create_end generation=212 owner=36073
INTEL_LIFECYCLE phase=vcpu_create_begin generation=212 owner=36073
INTEL_LIFECYCLE phase=vcpu_create_end generation=212 owner=36073
[       OK ] HvfExecutor.NativeIntelCancellationAndCompletionFailureAllowRetry (252 ms)
[----------] 1 test from HvfExecutor (252 ms total)

[==========] 1 test from 1 test suite ran. (252 ms total)
[  PASSED  ] 1 test.

Repeating all tests (iteration 212) . . .

Note: Google Test filter = HvfExecutor.Native*
[==========] Running 1 test from 1 test suite.
[----------] 1 test from HvfExecutor
[ RUN      ] HvfExecutor.NativeIntelCancellationAndCompletionFailureAllowRetry
INTEL_PROBE phase=executor_retained
INTEL_LIFECYCLE phase=vcpu_destroy_begin generation=212 owner=36073
INTEL_LIFECYCLE phase=vcpu_destroy_end generation=212 owner=36073
INTEL_LIFECYCLE phase=vm_destroy_begin generation=212 owner=36073
INTEL_LIFECYCLE phase=vm_destroy_end generation=212 owner=36073
INTEL_LIFECYCLE phase=vm_create_begin generation=213 owner=36073
INTEL_LIFECYCLE phase=vm_create_end generation=213 owner=36073
INTEL_LIFECYCLE phase=vcpu_create_begin generation=213 owner=36073
INTEL_LIFECYCLE phase=vcpu_create_end generation=213 owner=36073
[       OK ] HvfExecutor.NativeIntelCancellationAndCompletionFailureAllowRetry (231 ms)
[----------] 1 test from HvfExecutor (231 ms total)

[==========] 1 test from 1 test suite ran. (231 ms total)
[  PASSED  ] 1 test.

Repeating all tests (iteration 213) . . .

Note: Google Test filter = HvfExecutor.Native*
[==========] Running 1 test from 1 test suite.
[----------] 1 test from HvfExecutor
[ RUN      ] HvfExecutor.NativeIntelCancellationAndCompletionFailureAllowRetry
INTEL_PROBE phase=executor_retained
INTEL_LIFECYCLE phase=vcpu_destroy_begin generation=213 owner=36073
INTEL_LIFECYCLE phase=vcpu_destroy_end generation=213 owner=36073
INTEL_LIFECYCLE phase=vm_destroy_begin generation=213 owner=36073
INTEL_LIFECYCLE phase=vm_destroy_end generation=213 owner=36073
INTEL_LIFECYCLE phase=vm_create_begin generation=214 owner=36073
INTEL_LIFECYCLE phase=vm_create_end generation=214 owner=36073
INTEL_LIFECYCLE phase=vcpu_create_begin generation=214 owner=36073
INTEL_LIFECYCLE phase=vcpu_create_end generation=214 owner=36073
[       OK ] HvfExecutor.NativeIntelCancellationAndCompletionFailureAllowRetry (300 ms)
[----------] 1 test from HvfExecutor (300 ms total)

[==========] 1 test from 1 test suite ran. (300 ms total)
[  PASSED  ] 1 test.

Repeating all tests (iteration 214) . . .

Note: Google Test filter = HvfExecutor.Native*
[==========] Running 1 test from 1 test suite.
[----------] 1 test from HvfExecutor
[ RUN      ] HvfExecutor.NativeIntelCancellationAndCompletionFailureAllowRetry
INTEL_PROBE phase=executor_retained
INTEL_LIFECYCLE phase=vcpu_destroy_begin generation=214 owner=36073
INTEL_LIFECYCLE phase=vcpu_destroy_end generation=214 owner=36073
INTEL_LIFECYCLE phase=vm_destroy_begin generation=214 owner=36073
INTEL_LIFECYCLE phase=vm_destroy_end generation=214 owner=36073
INTEL_LIFECYCLE phase=vm_create_begin generation=215 owner=36073
INTEL_LIFECYCLE phase=vm_create_end generation=215 owner=36073
INTEL_LIFECYCLE phase=vcpu_create_begin generation=215 owner=36073
INTEL_LIFECYCLE phase=vcpu_create_end generation=215 owner=36073
[       OK ] HvfExecutor.NativeIntelCancellationAndCompletionFailureAllowRetry (162 ms)
[----------] 1 test from HvfExecutor (162 ms total)

[==========] 1 test from 1 test suite ran. (162 ms total)
[  PASSED  ] 1 test.

Repeating all tests (iteration 215) . . .

Note: Google Test filter = HvfExecutor.Native*
[==========] Running 1 test from 1 test suite.
[----------] 1 test from HvfExecutor
[ RUN      ] HvfExecutor.NativeIntelCancellationAndCompletionFailureAllowRetry
INTEL_PROBE phase=executor_retained
INTEL_LIFECYCLE phase=vcpu_destroy_begin generation=215 owner=36073
INTEL_LIFECYCLE phase=vcpu_destroy_end generation=215 owner=36073
INTEL_LIFECYCLE phase=vm_destroy_begin generation=215 owner=36073
INTEL_LIFECYCLE phase=vm_destroy_end generation=215 owner=36073
INTEL_LIFECYCLE phase=vm_create_begin generation=216 owner=36073
INTEL_LIFECYCLE phase=vm_create_end generation=216 owner=36073
INTEL_LIFECYCLE phase=vcpu_create_begin generation=216 owner=36073
INTEL_LIFECYCLE phase=vcpu_create_end generation=216 owner=36073
[       OK ] HvfExecutor.NativeIntelCancellationAndCompletionFailureAllowRetry (136 ms)
[----------] 1 test from HvfExecutor (136 ms total)

[==========] 1 test from 1 test suite ran. (136 ms total)
[  PASSED  ] 1 test.

Repeating all tests (iteration 216) . . .

Note: Google Test filter = HvfExecutor.Native*
[==========] Running 1 test from 1 test suite.
[----------] 1 test from HvfExecutor
[ RUN      ] HvfExecutor.NativeIntelCancellationAndCompletionFailureAllowRetry
INTEL_PROBE phase=executor_retained
INTEL_LIFECYCLE phase=vcpu_destroy_begin generation=216 owner=36073
INTEL_LIFECYCLE phase=vcpu_destroy_end generation=216 owner=36073
INTEL_LIFECYCLE phase=vm_destroy_begin generation=216 owner=36073
INTEL_LIFECYCLE phase=vm_destroy_end generation=216 owner=36073
INTEL_LIFECYCLE phase=vm_create_begin generation=217 owner=36073
INTEL_LIFECYCLE phase=vm_create_end generation=217 owner=36073
INTEL_LIFECYCLE phase=vcpu_create_begin generation=217 owner=36073
INTEL_LIFECYCLE phase=vcpu_create_end generation=217 owner=36073
[       OK ] HvfExecutor.NativeIntelCancellationAndCompletionFailureAllowRetry (275 ms)
[----------] 1 test from HvfExecutor (275 ms total)

[==========] 1 test from 1 test suite ran. (275 ms total)
[  PASSED  ] 1 test.

Repeating all tests (iteration 217) . . .

Note: Google Test filter = HvfExecutor.Native*
[==========] Running 1 test from 1 test suite.
[----------] 1 test from HvfExecutor
[ RUN      ] HvfExecutor.NativeIntelCancellationAndCompletionFailureAllowRetry
INTEL_PROBE phase=executor_retained
INTEL_LIFECYCLE phase=vcpu_destroy_begin generation=217 owner=36073
INTEL_LIFECYCLE phase=vcpu_destroy_end generation=217 owner=36073
INTEL_LIFECYCLE phase=vm_destroy_begin generation=217 owner=36073
INTEL_LIFECYCLE phase=vm_destroy_end generation=217 owner=36073
INTEL_LIFECYCLE phase=vm_create_begin generation=218 owner=36073
INTEL_LIFECYCLE phase=vm_create_end generation=218 owner=36073
INTEL_LIFECYCLE phase=vcpu_create_begin generation=218 owner=36073
INTEL_LIFECYCLE phase=vcpu_create_end generation=218 owner=36073
[       OK ] HvfExecutor.NativeIntelCancellationAndCompletionFailureAllowRetry (191 ms)
[----------] 1 test from HvfExecutor (191 ms total)

[==========] 1 test from 1 test suite ran. (191 ms total)
[  PASSED  ] 1 test.

Repeating all tests (iteration 218) . . .

Note: Google Test filter = HvfExecutor.Native*
[==========] Running 1 test from 1 test suite.
[----------] 1 test from HvfExecutor
[ RUN      ] HvfExecutor.NativeIntelCancellationAndCompletionFailureAllowRetry
INTEL_PROBE phase=executor_retained
INTEL_LIFECYCLE phase=vcpu_destroy_begin generation=218 owner=36073
INTEL_LIFECYCLE phase=vcpu_destroy_end generation=218 owner=36073
INTEL_LIFECYCLE phase=vm_destroy_begin generation=218 owner=36073
INTEL_LIFECYCLE phase=vm_destroy_end generation=218 owner=36073
INTEL_LIFECYCLE phase=vm_create_begin generation=219 owner=36073
INTEL_LIFECYCLE phase=vm_create_end generation=219 owner=36073
INTEL_LIFECYCLE phase=vcpu_create_begin generation=219 owner=36073
INTEL_LIFECYCLE phase=vcpu_create_end generation=219 owner=36073
[       OK ] HvfExecutor.NativeIntelCancellationAndCompletionFailureAllowRetry (272 ms)
[----------] 1 test from HvfExecutor (272 ms total)

[==========] 1 test from 1 test suite ran. (272 ms total)
[  PASSED  ] 1 test.

Repeating all tests (iteration 219) . . .

Note: Google Test filter = HvfExecutor.Native*
[==========] Running 1 test from 1 test suite.
[----------] 1 test from HvfExecutor
[ RUN      ] HvfExecutor.NativeIntelCancellationAndCompletionFailureAllowRetry
INTEL_PROBE phase=executor_retained
INTEL_LIFECYCLE phase=vcpu_destroy_begin generation=219 owner=36073
INTEL_LIFECYCLE phase=vcpu_destroy_end generation=219 owner=36073
INTEL_LIFECYCLE phase=vm_destroy_begin generation=219 owner=36073
INTEL_LIFECYCLE phase=vm_destroy_end generation=219 owner=36073
INTEL_LIFECYCLE phase=vm_create_begin generation=220 owner=36073
INTEL_LIFECYCLE phase=vm_create_end generation=220 owner=36073
INTEL_LIFECYCLE phase=vcpu_create_begin generation=220 owner=36073
INTEL_LIFECYCLE phase=vcpu_create_end generation=220 owner=36073
[       OK ] HvfExecutor.NativeIntelCancellationAndCompletionFailureAllowRetry (267 ms)
[----------] 1 test from HvfExecutor (267 ms total)

[==========] 1 test from 1 test suite ran. (267 ms total)
[  PASSED  ] 1 test.

Repeating all tests (iteration 220) . . .

Note: Google Test filter = HvfExecutor.Native*
[==========] Running 1 test from 1 test suite.
[----------] 1 test from HvfExecutor
[ RUN      ] HvfExecutor.NativeIntelCancellationAndCompletionFailureAllowRetry
INTEL_PROBE phase=executor_retained
INTEL_LIFECYCLE phase=vcpu_destroy_begin generation=220 owner=36073
INTEL_LIFECYCLE phase=vcpu_destroy_end generation=220 owner=36073
INTEL_LIFECYCLE phase=vm_destroy_begin generation=220 owner=36073
INTEL_LIFECYCLE phase=vm_destroy_end generation=220 owner=36073
INTEL_LIFECYCLE phase=vm_create_begin generation=221 owner=36073
INTEL_LIFECYCLE phase=vm_create_end generation=221 owner=36073
INTEL_LIFECYCLE phase=vcpu_create_begin generation=221 owner=36073
INTEL_LIFECYCLE phase=vcpu_create_end generation=221 owner=36073
[       OK ] HvfExecutor.NativeIntelCancellationAndCompletionFailureAllowRetry (159 ms)
[----------] 1 test from HvfExecutor (159 ms total)

[==========] 1 test from 1 test suite ran. (159 ms total)
[  PASSED  ] 1 test.

Repeating all tests (iteration 221) . . .

Note: Google Test filter = HvfExecutor.Native*
[==========] Running 1 test from 1 test suite.
[----------] 1 test from HvfExecutor
[ RUN      ] HvfExecutor.NativeIntelCancellationAndCompletionFailureAllowRetry
INTEL_PROBE phase=executor_retained
INTEL_LIFECYCLE phase=vcpu_destroy_begin generation=221 owner=36073
INTEL_LIFECYCLE phase=vcpu_destroy_end generation=221 owner=36073
INTEL_LIFECYCLE phase=vm_destroy_begin generation=221 owner=36073
INTEL_LIFECYCLE phase=vm_destroy_end generation=221 owner=36073
INTEL_LIFECYCLE phase=vm_create_begin generation=222 owner=36073
INTEL_LIFECYCLE phase=vm_create_end generation=222 owner=36073
INTEL_LIFECYCLE phase=vcpu_create_begin generation=222 owner=36073
INTEL_LIFECYCLE phase=vcpu_create_end generation=222 owner=36073
[       OK ] HvfExecutor.NativeIntelCancellationAndCompletionFailureAllowRetry (246 ms)
[----------] 1 test from HvfExecutor (246 ms total)

[==========] 1 test from 1 test suite ran. (246 ms total)
[  PASSED  ] 1 test.

Repeating all tests (iteration 222) . . .

Note: Google Test filter = HvfExecutor.Native*
[==========] Running 1 test from 1 test suite.
[----------] 1 test from HvfExecutor
[ RUN      ] HvfExecutor.NativeIntelCancellationAndCompletionFailureAllowRetry
INTEL_PROBE phase=executor_retained
INTEL_LIFECYCLE phase=vcpu_destroy_begin generation=222 owner=36073
INTEL_LIFECYCLE phase=vcpu_destroy_end generation=222 owner=36073
INTEL_LIFECYCLE phase=vm_destroy_begin generation=222 owner=36073
INTEL_LIFECYCLE phase=vm_destroy_end generation=222 owner=36073
INTEL_LIFECYCLE phase=vm_create_begin generation=223 owner=36073
INTEL_LIFECYCLE phase=vm_create_end generation=223 owner=36073
INTEL_LIFECYCLE phase=vcpu_create_begin generation=223 owner=36073
INTEL_LIFECYCLE phase=vcpu_create_end generation=223 owner=36073
[       OK ] HvfExecutor.NativeIntelCancellationAndCompletionFailureAllowRetry (127 ms)
[----------] 1 test from HvfExecutor (127 ms total)

[==========] 1 test from 1 test suite ran. (127 ms total)
[  PASSED  ] 1 test.

Repeating all tests (iteration 223) . . .

Note: Google Test filter = HvfExecutor.Native*
[==========] Running 1 test from 1 test suite.
[----------] 1 test from HvfExecutor
[ RUN      ] HvfExecutor.NativeIntelCancellationAndCompletionFailureAllowRetry
INTEL_PROBE phase=executor_retained
INTEL_LIFECYCLE phase=vcpu_destroy_begin generation=223 owner=36073
INTEL_LIFECYCLE phase=vcpu_destroy_end generation=223 owner=36073
INTEL_LIFECYCLE phase=vm_destroy_begin generation=223 owner=36073
INTEL_LIFECYCLE phase=vm_destroy_end generation=223 owner=36073
INTEL_LIFECYCLE phase=vm_create_begin generation=224 owner=36073
INTEL_LIFECYCLE phase=vm_create_end generation=224 owner=36073
INTEL_LIFECYCLE phase=vcpu_create_begin generation=224 owner=36073
INTEL_LIFECYCLE phase=vcpu_create_end generation=224 owner=36073
[       OK ] HvfExecutor.NativeIntelCancellationAndCompletionFailureAllowRetry (224 ms)
[----------] 1 test from HvfExecutor (224 ms total)

[==========] 1 test from 1 test suite ran. (224 ms total)
[  PASSED  ] 1 test.

Repeating all tests (iteration 224) . . .

Note: Google Test filter = HvfExecutor.Native*
[==========] Running 1 test from 1 test suite.
[----------] 1 test from HvfExecutor
[ RUN      ] HvfExecutor.NativeIntelCancellationAndCompletionFailureAllowRetry
INTEL_PROBE phase=executor_retained
INTEL_LIFECYCLE phase=vcpu_destroy_begin generation=224 owner=36073
INTEL_LIFECYCLE phase=vcpu_destroy_end generation=224 owner=36073
INTEL_LIFECYCLE phase=vm_destroy_begin generation=224 owner=36073
INTEL_LIFECYCLE phase=vm_destroy_end generation=224 owner=36073
INTEL_LIFECYCLE phase=vm_create_begin generation=225 owner=36073
INTEL_LIFECYCLE phase=vm_create_end generation=225 owner=36073
INTEL_LIFECYCLE phase=vcpu_create_begin generation=225 owner=36073
INTEL_LIFECYCLE phase=vcpu_create_end generation=225 owner=36073
[       OK ] HvfExecutor.NativeIntelCancellationAndCompletionFailureAllowRetry (267 ms)
[----------] 1 test from HvfExecutor (267 ms total)

[==========] 1 test from 1 test suite ran. (267 ms total)
[  PASSED  ] 1 test.

Repeating all tests (iteration 225) . . .

Note: Google Test filter = HvfExecutor.Native*
[==========] Running 1 test from 1 test suite.
[----------] 1 test from HvfExecutor
[ RUN      ] HvfExecutor.NativeIntelCancellationAndCompletionFailureAllowRetry
INTEL_PROBE phase=executor_retained
INTEL_LIFECYCLE phase=vcpu_destroy_begin generation=225 owner=36073
INTEL_LIFECYCLE phase=vcpu_destroy_end generation=225 owner=36073
INTEL_LIFECYCLE phase=vm_destroy_begin generation=225 owner=36073
INTEL_LIFECYCLE phase=vm_destroy_end generation=225 owner=36073
INTEL_LIFECYCLE phase=vm_create_begin generation=226 owner=36073
INTEL_LIFECYCLE phase=vm_create_end generation=226 owner=36073
INTEL_LIFECYCLE phase=vcpu_create_begin generation=226 owner=36073
INTEL_LIFECYCLE phase=vcpu_create_end generation=226 owner=36073
[       OK ] HvfExecutor.NativeIntelCancellationAndCompletionFailureAllowRetry (366 ms)
[----------] 1 test from HvfExecutor (366 ms total)

[==========] 1 test from 1 test suite ran. (366 ms total)
[  PASSED  ] 1 test.

Repeating all tests (iteration 226) . . .

Note: Google Test filter = HvfExecutor.Native*
[==========] Running 1 test from 1 test suite.
[----------] 1 test from HvfExecutor
[ RUN      ] HvfExecutor.NativeIntelCancellationAndCompletionFailureAllowRetry
INTEL_PROBE phase=executor_retained
INTEL_LIFECYCLE phase=vcpu_destroy_begin generation=226 owner=36073
INTEL_LIFECYCLE phase=vcpu_destroy_end generation=226 owner=36073
INTEL_LIFECYCLE phase=vm_destroy_begin generation=226 owner=36073
INTEL_LIFECYCLE phase=vm_destroy_end generation=226 owner=36073
INTEL_LIFECYCLE phase=vm_create_begin generation=227 owner=36073
INTEL_LIFECYCLE phase=vm_create_end generation=227 owner=36073
INTEL_LIFECYCLE phase=vcpu_create_begin generation=227 owner=36073
INTEL_LIFECYCLE phase=vcpu_create_end generation=227 owner=36073
[       OK ] HvfExecutor.NativeIntelCancellationAndCompletionFailureAllowRetry (204 ms)
[----------] 1 test from HvfExecutor (204 ms total)

[==========] 1 test from 1 test suite ran. (204 ms total)
[  PASSED  ] 1 test.

Repeating all tests (iteration 227) . . .

Note: Google Test filter = HvfExecutor.Native*
[==========] Running 1 test from 1 test suite.
[----------] 1 test from HvfExecutor
[ RUN      ] HvfExecutor.NativeIntelCancellationAndCompletionFailureAllowRetry
INTEL_PROBE phase=executor_retained
INTEL_LIFECYCLE phase=vcpu_destroy_begin generation=227 owner=36073
INTEL_LIFECYCLE phase=vcpu_destroy_end generation=227 owner=36073
INTEL_LIFECYCLE phase=vm_destroy_begin generation=227 owner=36073
INTEL_LIFECYCLE phase=vm_destroy_end generation=227 owner=36073
INTEL_LIFECYCLE phase=vm_create_begin generation=228 owner=36073
INTEL_LIFECYCLE phase=vm_create_end generation=228 owner=36073
INTEL_LIFECYCLE phase=vcpu_create_begin generation=228 owner=36073
INTEL_LIFECYCLE phase=vcpu_create_end generation=228 owner=36073
[       OK ] HvfExecutor.NativeIntelCancellationAndCompletionFailureAllowRetry (258 ms)
[----------] 1 test from HvfExecutor (258 ms total)

[==========] 1 test from 1 test suite ran. (258 ms total)
[  PASSED  ] 1 test.

Repeating all tests (iteration 228) . . .

Note: Google Test filter = HvfExecutor.Native*
[==========] Running 1 test from 1 test suite.
[----------] 1 test from HvfExecutor
[ RUN      ] HvfExecutor.NativeIntelCancellationAndCompletionFailureAllowRetry
INTEL_PROBE phase=executor_retained
INTEL_LIFECYCLE phase=vcpu_destroy_begin generation=228 owner=36073
INTEL_LIFECYCLE phase=vcpu_destroy_end generation=228 owner=36073
INTEL_LIFECYCLE phase=vm_destroy_begin generation=228 owner=36073
INTEL_LIFECYCLE phase=vm_destroy_end generation=228 owner=36073
INTEL_LIFECYCLE phase=vm_create_begin generation=229 owner=36073
INTEL_LIFECYCLE phase=vm_create_end generation=229 owner=36073
INTEL_LIFECYCLE phase=vcpu_create_begin generation=229 owner=36073
INTEL_LIFECYCLE phase=vcpu_create_end generation=229 owner=36073
[       OK ] HvfExecutor.NativeIntelCancellationAndCompletionFailureAllowRetry (158 ms)
[----------] 1 test from HvfExecutor (158 ms total)

[==========] 1 test from 1 test suite ran. (158 ms total)
[  PASSED  ] 1 test.

Repeating all tests (iteration 229) . . .

Note: Google Test filter = HvfExecutor.Native*
[==========] Running 1 test from 1 test suite.
[----------] 1 test from HvfExecutor
[ RUN      ] HvfExecutor.NativeIntelCancellationAndCompletionFailureAllowRetry
INTEL_PROBE phase=executor_retained
INTEL_LIFECYCLE phase=vcpu_destroy_begin generation=229 owner=36073
INTEL_LIFECYCLE phase=vcpu_destroy_end generation=229 owner=36073
INTEL_LIFECYCLE phase=vm_destroy_begin generation=229 owner=36073
INTEL_LIFECYCLE phase=vm_destroy_end generation=229 owner=36073
INTEL_LIFECYCLE phase=vm_create_begin generation=230 owner=36073
INTEL_LIFECYCLE phase=vm_create_end generation=230 owner=36073
INTEL_LIFECYCLE phase=vcpu_create_begin generation=230 owner=36073
INTEL_LIFECYCLE phase=vcpu_create_end generation=230 owner=36073
[       OK ] HvfExecutor.NativeIntelCancellationAndCompletionFailureAllowRetry (383 ms)
[----------] 1 test from HvfExecutor (383 ms total)

[==========] 1 test from 1 test suite ran. (383 ms total)
[  PASSED  ] 1 test.

Repeating all tests (iteration 230) . . .

Note: Google Test filter = HvfExecutor.Native*
[==========] Running 1 test from 1 test suite.
[----------] 1 test from HvfExecutor
[ RUN      ] HvfExecutor.NativeIntelCancellationAndCompletionFailureAllowRetry
INTEL_PROBE phase=executor_retained
INTEL_LIFECYCLE phase=vcpu_destroy_begin generation=230 owner=36073
INTEL_LIFECYCLE phase=vcpu_destroy_end generation=230 owner=36073
INTEL_LIFECYCLE phase=vm_destroy_begin generation=230 owner=36073
INTEL_LIFECYCLE phase=vm_destroy_end generation=230 owner=36073
INTEL_LIFECYCLE phase=vm_create_begin generation=231 owner=36073
INTEL_LIFECYCLE phase=vm_create_end generation=231 owner=36073
INTEL_LIFECYCLE phase=vcpu_create_begin generation=231 owner=36073
INTEL_LIFECYCLE phase=vcpu_create_end generation=231 owner=36073
[       OK ] HvfExecutor.NativeIntelCancellationAndCompletionFailureAllowRetry (310 ms)
[----------] 1 test from HvfExecutor (310 ms total)

[==========] 1 test from 1 test suite ran. (310 ms total)
[  PASSED  ] 1 test.

Repeating all tests (iteration 231) . . .

Note: Google Test filter = HvfExecutor.Native*
[==========] Running 1 test from 1 test suite.
[----------] 1 test from HvfExecutor
[ RUN      ] HvfExecutor.NativeIntelCancellationAndCompletionFailureAllowRetry
INTEL_PROBE phase=executor_retained
INTEL_LIFECYCLE phase=vcpu_destroy_begin generation=231 owner=36073
INTEL_LIFECYCLE phase=vcpu_destroy_end generation=231 owner=36073
INTEL_LIFECYCLE phase=vm_destroy_begin generation=231 owner=36073
INTEL_LIFECYCLE phase=vm_destroy_end generation=231 owner=36073
INTEL_LIFECYCLE phase=vm_create_begin generation=232 owner=36073
INTEL_LIFECYCLE phase=vm_create_end generation=232 owner=36073
INTEL_LIFECYCLE phase=vcpu_create_begin generation=232 owner=36073
INTEL_LIFECYCLE phase=vcpu_create_end generation=232 owner=36073
[       OK ] HvfExecutor.NativeIntelCancellationAndCompletionFailureAllowRetry (203 ms)
[----------] 1 test from HvfExecutor (203 ms total)

[==========] 1 test from 1 test suite ran. (203 ms total)
[  PASSED  ] 1 test.

Repeating all tests (iteration 232) . . .

Note: Google Test filter = HvfExecutor.Native*
[==========] Running 1 test from 1 test suite.
[----------] 1 test from HvfExecutor
[ RUN      ] HvfExecutor.NativeIntelCancellationAndCompletionFailureAllowRetry
INTEL_PROBE phase=executor_retained
INTEL_LIFECYCLE phase=vcpu_destroy_begin generation=232 owner=36073
INTEL_LIFECYCLE phase=vcpu_destroy_end generation=232 owner=36073
INTEL_LIFECYCLE phase=vm_destroy_begin generation=232 owner=36073
INTEL_LIFECYCLE phase=vm_destroy_end generation=232 owner=36073
INTEL_LIFECYCLE phase=vm_create_begin generation=233 owner=36073
INTEL_LIFECYCLE phase=vm_create_end generation=233 owner=36073
INTEL_LIFECYCLE phase=vcpu_create_begin generation=233 owner=36073
INTEL_LIFECYCLE phase=vcpu_create_end generation=233 owner=36073
[       OK ] HvfExecutor.NativeIntelCancellationAndCompletionFailureAllowRetry (139 ms)
[----------] 1 test from HvfExecutor (139 ms total)

[==========] 1 test from 1 test suite ran. (139 ms total)
[  PASSED  ] 1 test.

Repeating all tests (iteration 233) . . .

Note: Google Test filter = HvfExecutor.Native*
[==========] Running 1 test from 1 test suite.
[----------] 1 test from HvfExecutor
[ RUN      ] HvfExecutor.NativeIntelCancellationAndCompletionFailureAllowRetry
INTEL_PROBE phase=executor_retained
INTEL_LIFECYCLE phase=vcpu_destroy_begin generation=233 owner=36073
INTEL_LIFECYCLE phase=vcpu_destroy_end generation=233 owner=36073
INTEL_LIFECYCLE phase=vm_destroy_begin generation=233 owner=36073
INTEL_LIFECYCLE phase=vm_destroy_end generation=233 owner=36073
INTEL_LIFECYCLE phase=vm_create_begin generation=234 owner=36073
INTEL_LIFECYCLE phase=vm_create_end generation=234 owner=36073
INTEL_LIFECYCLE phase=vcpu_create_begin generation=234 owner=36073
INTEL_LIFECYCLE phase=vcpu_create_end generation=234 owner=36073
[       OK ] HvfExecutor.NativeIntelCancellationAndCompletionFailureAllowRetry (402 ms)
[----------] 1 test from HvfExecutor (402 ms total)

[==========] 1 test from 1 test suite ran. (403 ms total)
[  PASSED  ] 1 test.

Repeating all tests (iteration 234) . . .

Note: Google Test filter = HvfExecutor.Native*
[==========] Running 1 test from 1 test suite.
[----------] 1 test from HvfExecutor
[ RUN      ] HvfExecutor.NativeIntelCancellationAndCompletionFailureAllowRetry
INTEL_PROBE phase=executor_retained
INTEL_LIFECYCLE phase=vcpu_destroy_begin generation=234 owner=36073
INTEL_LIFECYCLE phase=vcpu_destroy_end generation=234 owner=36073
INTEL_LIFECYCLE phase=vm_destroy_begin generation=234 owner=36073
INTEL_LIFECYCLE phase=vm_destroy_end generation=234 owner=36073
INTEL_LIFECYCLE phase=vm_create_begin generation=235 owner=36073
INTEL_LIFECYCLE phase=vm_create_end generation=235 owner=36073
INTEL_LIFECYCLE phase=vcpu_create_begin generation=235 owner=36073
INTEL_LIFECYCLE phase=vcpu_create_end generation=235 owner=36073
[       OK ] HvfExecutor.NativeIntelCancellationAndCompletionFailureAllowRetry (210 ms)
[----------] 1 test from HvfExecutor (210 ms total)

[==========] 1 test from 1 test suite ran. (210 ms total)
[  PASSED  ] 1 test.

Repeating all tests (iteration 235) . . .

Note: Google Test filter = HvfExecutor.Native*
[==========] Running 1 test from 1 test suite.
[----------] 1 test from HvfExecutor
[ RUN      ] HvfExecutor.NativeIntelCancellationAndCompletionFailureAllowRetry
INTEL_PROBE phase=executor_retained
INTEL_LIFECYCLE phase=vcpu_destroy_begin generation=235 owner=36073
INTEL_LIFECYCLE phase=vcpu_destroy_end generation=235 owner=36073
INTEL_LIFECYCLE phase=vm_destroy_begin generation=235 owner=36073
INTEL_LIFECYCLE phase=vm_destroy_end generation=235 owner=36073
INTEL_LIFECYCLE phase=vm_create_begin generation=236 owner=36073
INTEL_LIFECYCLE phase=vm_create_end generation=236 owner=36073
INTEL_LIFECYCLE phase=vcpu_create_begin generation=236 owner=36073
INTEL_LIFECYCLE phase=vcpu_create_end generation=236 owner=36073
[       OK ] HvfExecutor.NativeIntelCancellationAndCompletionFailureAllowRetry (361 ms)
[----------] 1 test from HvfExecutor (361 ms total)

[==========] 1 test from 1 test suite ran. (361 ms total)
[  PASSED  ] 1 test.

Repeating all tests (iteration 236) . . .

Note: Google Test filter = HvfExecutor.Native*
[==========] Running 1 test from 1 test suite.
[----------] 1 test from HvfExecutor
[ RUN      ] HvfExecutor.NativeIntelCancellationAndCompletionFailureAllowRetry
INTEL_PROBE phase=executor_retained
INTEL_LIFECYCLE phase=vcpu_destroy_begin generation=236 owner=36073
INTEL_LIFECYCLE phase=vcpu_destroy_end generation=236 owner=36073
INTEL_LIFECYCLE phase=vm_destroy_begin generation=236 owner=36073
INTEL_LIFECYCLE phase=vm_destroy_end generation=236 owner=36073
INTEL_LIFECYCLE phase=vm_create_begin generation=237 owner=36073
INTEL_LIFECYCLE phase=vm_create_end generation=237 owner=36073
INTEL_LIFECYCLE phase=vcpu_create_begin generation=237 owner=36073
INTEL_LIFECYCLE phase=vcpu_create_end generation=237 owner=36073
[       OK ] HvfExecutor.NativeIntelCancellationAndCompletionFailureAllowRetry (217 ms)
[----------] 1 test from HvfExecutor (218 ms total)

[==========] 1 test from 1 test suite ran. (218 ms total)
[  PASSED  ] 1 test.

Repeating all tests (iteration 237) . . .

Note: Google Test filter = HvfExecutor.Native*
[==========] Running 1 test from 1 test suite.
[----------] 1 test from HvfExecutor
[ RUN      ] HvfExecutor.NativeIntelCancellationAndCompletionFailureAllowRetry
INTEL_PROBE phase=executor_retained
INTEL_LIFECYCLE phase=vcpu_destroy_begin generation=237 owner=36073
INTEL_LIFECYCLE phase=vcpu_destroy_end generation=237 owner=36073
INTEL_LIFECYCLE phase=vm_destroy_begin generation=237 owner=36073
INTEL_LIFECYCLE phase=vm_destroy_end generation=237 owner=36073
INTEL_LIFECYCLE phase=vm_create_begin generation=238 owner=36073
INTEL_LIFECYCLE phase=vm_create_end generation=238 owner=36073
INTEL_LIFECYCLE phase=vcpu_create_begin generation=238 owner=36073
INTEL_LIFECYCLE phase=vcpu_create_end generation=238 owner=36073
[       OK ] HvfExecutor.NativeIntelCancellationAndCompletionFailureAllowRetry (262 ms)
[----------] 1 test from HvfExecutor (262 ms total)

[==========] 1 test from 1 test suite ran. (262 ms total)
[  PASSED  ] 1 test.

Repeating all tests (iteration 238) . . .

Note: Google Test filter = HvfExecutor.Native*
[==========] Running 1 test from 1 test suite.
[----------] 1 test from HvfExecutor
[ RUN      ] HvfExecutor.NativeIntelCancellationAndCompletionFailureAllowRetry
INTEL_PROBE phase=executor_retained
INTEL_LIFECYCLE phase=vcpu_destroy_begin generation=238 owner=36073
INTEL_LIFECYCLE phase=vcpu_destroy_end generation=238 owner=36073
INTEL_LIFECYCLE phase=vm_destroy_begin generation=238 owner=36073
INTEL_LIFECYCLE phase=vm_destroy_end generation=238 owner=36073
INTEL_LIFECYCLE phase=vm_create_begin generation=239 owner=36073
INTEL_LIFECYCLE phase=vm_create_end generation=239 owner=36073
INTEL_LIFECYCLE phase=vcpu_create_begin generation=239 owner=36073
INTEL_LIFECYCLE phase=vcpu_create_end generation=239 owner=36073
[       OK ] HvfExecutor.NativeIntelCancellationAndCompletionFailureAllowRetry (182 ms)
[----------] 1 test from HvfExecutor (182 ms total)

[==========] 1 test from 1 test suite ran. (182 ms total)
[  PASSED  ] 1 test.

Repeating all tests (iteration 239) . . .

Note: Google Test filter = HvfExecutor.Native*
[==========] Running 1 test from 1 test suite.
[----------] 1 test from HvfExecutor
[ RUN      ] HvfExecutor.NativeIntelCancellationAndCompletionFailureAllowRetry
INTEL_PROBE phase=executor_retained
INTEL_LIFECYCLE phase=vcpu_destroy_begin generation=239 owner=36073
INTEL_LIFECYCLE phase=vcpu_destroy_end generation=239 owner=36073
INTEL_LIFECYCLE phase=vm_destroy_begin generation=239 owner=36073
INTEL_LIFECYCLE phase=vm_destroy_end generation=239 owner=36073
INTEL_LIFECYCLE phase=vm_create_begin generation=240 owner=36073
INTEL_LIFECYCLE phase=vm_create_end generation=240 owner=36073
INTEL_LIFECYCLE phase=vcpu_create_begin generation=240 owner=36073
INTEL_LIFECYCLE phase=vcpu_create_end generation=240 owner=36073
[       OK ] HvfExecutor.NativeIntelCancellationAndCompletionFailureAllowRetry (415 ms)
[----------] 1 test from HvfExecutor (415 ms total)

[==========] 1 test from 1 test suite ran. (415 ms total)
[  PASSED  ] 1 test.

Repeating all tests (iteration 240) . . .

Note: Google Test filter = HvfExecutor.Native*
[==========] Running 1 test from 1 test suite.
[----------] 1 test from HvfExecutor
[ RUN      ] HvfExecutor.NativeIntelCancellationAndCompletionFailureAllowRetry
INTEL_PROBE phase=executor_retained
INTEL_LIFECYCLE phase=vcpu_destroy_begin generation=240 owner=36073
INTEL_LIFECYCLE phase=vcpu_destroy_end generation=240 owner=36073
INTEL_LIFECYCLE phase=vm_destroy_begin generation=240 owner=36073
INTEL_LIFECYCLE phase=vm_destroy_end generation=240 owner=36073
INTEL_LIFECYCLE phase=vm_create_begin generation=241 owner=36073
INTEL_LIFECYCLE phase=vm_create_end generation=241 owner=36073
INTEL_LIFECYCLE phase=vcpu_create_begin generation=241 owner=36073
INTEL_LIFECYCLE phase=vcpu_create_end generation=241 owner=36073
[       OK ] HvfExecutor.NativeIntelCancellationAndCompletionFailureAllowRetry (193 ms)
[----------] 1 test from HvfExecutor (193 ms total)

[==========] 1 test from 1 test suite ran. (193 ms total)
[  PASSED  ] 1 test.

Repeating all tests (iteration 241) . . .

Note: Google Test filter = HvfExecutor.Native*
[==========] Running 1 test from 1 test suite.
[----------] 1 test from HvfExecutor
[ RUN      ] HvfExecutor.NativeIntelCancellationAndCompletionFailureAllowRetry
INTEL_PROBE phase=executor_retained
INTEL_LIFECYCLE phase=vcpu_destroy_begin generation=241 owner=36073
INTEL_LIFECYCLE phase=vcpu_destroy_end generation=241 owner=36073
INTEL_LIFECYCLE phase=vm_destroy_begin generation=241 owner=36073
INTEL_LIFECYCLE phase=vm_destroy_end generation=241 owner=36073
INTEL_LIFECYCLE phase=vm_create_begin generation=242 owner=36073
INTEL_LIFECYCLE phase=vm_create_end generation=242 owner=36073
INTEL_LIFECYCLE phase=vcpu_create_begin generation=242 owner=36073
INTEL_LIFECYCLE phase=vcpu_create_end generation=242 owner=36073
[       OK ] HvfExecutor.NativeIntelCancellationAndCompletionFailureAllowRetry (258 ms)
[----------] 1 test from HvfExecutor (259 ms total)

[==========] 1 test from 1 test suite ran. (259 ms total)
[  PASSED  ] 1 test.

Repeating all tests (iteration 242) . . .

Note: Google Test filter = HvfExecutor.Native*
[==========] Running 1 test from 1 test suite.
[----------] 1 test from HvfExecutor
[ RUN      ] HvfExecutor.NativeIntelCancellationAndCompletionFailureAllowRetry
INTEL_PROBE phase=executor_retained
INTEL_LIFECYCLE phase=vcpu_destroy_begin generation=242 owner=36073
INTEL_LIFECYCLE phase=vcpu_destroy_end generation=242 owner=36073
INTEL_LIFECYCLE phase=vm_destroy_begin generation=242 owner=36073
INTEL_LIFECYCLE phase=vm_destroy_end generation=242 owner=36073
INTEL_LIFECYCLE phase=vm_create_begin generation=243 owner=36073
INTEL_LIFECYCLE phase=vm_create_end generation=243 owner=36073
INTEL_LIFECYCLE phase=vcpu_create_begin generation=243 owner=36073
INTEL_LIFECYCLE phase=vcpu_create_end generation=243 owner=36073
[       OK ] HvfExecutor.NativeIntelCancellationAndCompletionFailureAllowRetry (233 ms)
[----------] 1 test from HvfExecutor (233 ms total)

[==========] 1 test from 1 test suite ran. (233 ms total)
[  PASSED  ] 1 test.

Repeating all tests (iteration 243) . . .

Note: Google Test filter = HvfExecutor.Native*
[==========] Running 1 test from 1 test suite.
[----------] 1 test from HvfExecutor
[ RUN      ] HvfExecutor.NativeIntelCancellationAndCompletionFailureAllowRetry
INTEL_PROBE phase=executor_retained
INTEL_LIFECYCLE phase=vcpu_destroy_begin generation=243 owner=36073
INTEL_LIFECYCLE phase=vcpu_destroy_end generation=243 owner=36073
INTEL_LIFECYCLE phase=vm_destroy_begin generation=243 owner=36073
INTEL_LIFECYCLE phase=vm_destroy_end generation=243 owner=36073
INTEL_LIFECYCLE phase=vm_create_begin generation=244 owner=36073
INTEL_LIFECYCLE phase=vm_create_end generation=244 owner=36073
INTEL_LIFECYCLE phase=vcpu_create_begin generation=244 owner=36073
INTEL_LIFECYCLE phase=vcpu_create_end generation=244 owner=36073
[       OK ] HvfExecutor.NativeIntelCancellationAndCompletionFailureAllowRetry (267 ms)
[----------] 1 test from HvfExecutor (267 ms total)

[==========] 1 test from 1 test suite ran. (267 ms total)
[  PASSED  ] 1 test.

Repeating all tests (iteration 244) . . .

Note: Google Test filter = HvfExecutor.Native*
[==========] Running 1 test from 1 test suite.
[----------] 1 test from HvfExecutor
[ RUN      ] HvfExecutor.NativeIntelCancellationAndCompletionFailureAllowRetry
INTEL_PROBE phase=executor_retained
INTEL_LIFECYCLE phase=vcpu_destroy_begin generation=244 owner=36073
INTEL_LIFECYCLE phase=vcpu_destroy_end generation=244 owner=36073
INTEL_LIFECYCLE phase=vm_destroy_begin generation=244 owner=36073
INTEL_LIFECYCLE phase=vm_destroy_end generation=244 owner=36073
INTEL_LIFECYCLE phase=vm_create_begin generation=245 owner=36073
INTEL_LIFECYCLE phase=vm_create_end generation=245 owner=36073
INTEL_LIFECYCLE phase=vcpu_create_begin generation=245 owner=36073
INTEL_LIFECYCLE phase=vcpu_create_end generation=245 owner=36073
[       OK ] HvfExecutor.NativeIntelCancellationAndCompletionFailureAllowRetry (126 ms)
[----------] 1 test from HvfExecutor (126 ms total)

[==========] 1 test from 1 test suite ran. (126 ms total)
[  PASSED  ] 1 test.

Repeating all tests (iteration 245) . . .

Note: Google Test filter = HvfExecutor.Native*
[==========] Running 1 test from 1 test suite.
[----------] 1 test from HvfExecutor
[ RUN      ] HvfExecutor.NativeIntelCancellationAndCompletionFailureAllowRetry
INTEL_PROBE phase=executor_retained
INTEL_LIFECYCLE phase=vcpu_destroy_begin generation=245 owner=36073
INTEL_LIFECYCLE phase=vcpu_destroy_end generation=245 owner=36073
INTEL_LIFECYCLE phase=vm_destroy_begin generation=245 owner=36073
INTEL_LIFECYCLE phase=vm_destroy_end generation=245 owner=36073
INTEL_LIFECYCLE phase=vm_create_begin generation=246 owner=36073
INTEL_LIFECYCLE phase=vm_create_end generation=246 owner=36073
INTEL_LIFECYCLE phase=vcpu_create_begin generation=246 owner=36073
INTEL_LIFECYCLE phase=vcpu_create_end generation=246 owner=36073
[       OK ] HvfExecutor.NativeIntelCancellationAndCompletionFailureAllowRetry (396 ms)
[----------] 1 test from HvfExecutor (396 ms total)

[==========] 1 test from 1 test suite ran. (397 ms total)
[  PASSED  ] 1 test.

Repeating all tests (iteration 246) . . .

Note: Google Test filter = HvfExecutor.Native*
[==========] Running 1 test from 1 test suite.
[----------] 1 test from HvfExecutor
[ RUN      ] HvfExecutor.NativeIntelCancellationAndCompletionFailureAllowRetry
INTEL_PROBE phase=executor_retained
INTEL_LIFECYCLE phase=vcpu_destroy_begin generation=246 owner=36073
INTEL_LIFECYCLE phase=vcpu_destroy_end generation=246 owner=36073
INTEL_LIFECYCLE phase=vm_destroy_begin generation=246 owner=36073
INTEL_LIFECYCLE phase=vm_destroy_end generation=246 owner=36073
INTEL_LIFECYCLE phase=vm_create_begin generation=247 owner=36073
INTEL_LIFECYCLE phase=vm_create_end generation=247 owner=36073
INTEL_LIFECYCLE phase=vcpu_create_begin generation=247 owner=36073
INTEL_LIFECYCLE phase=vcpu_create_end generation=247 owner=36073
[       OK ] HvfExecutor.NativeIntelCancellationAndCompletionFailureAllowRetry (308 ms)
[----------] 1 test from HvfExecutor (308 ms total)

[==========] 1 test from 1 test suite ran. (308 ms total)
[  PASSED  ] 1 test.

Repeating all tests (iteration 247) . . .

Note: Google Test filter = HvfExecutor.Native*
[==========] Running 1 test from 1 test suite.
[----------] 1 test from HvfExecutor
[ RUN      ] HvfExecutor.NativeIntelCancellationAndCompletionFailureAllowRetry
INTEL_PROBE phase=executor_retained
INTEL_LIFECYCLE phase=vcpu_destroy_begin generation=247 owner=36073
INTEL_LIFECYCLE phase=vcpu_destroy_end generation=247 owner=36073
INTEL_LIFECYCLE phase=vm_destroy_begin generation=247 owner=36073
INTEL_LIFECYCLE phase=vm_destroy_end generation=247 owner=36073
INTEL_LIFECYCLE phase=vm_create_begin generation=248 owner=36073
INTEL_LIFECYCLE phase=vm_create_end generation=248 owner=36073
INTEL_LIFECYCLE phase=vcpu_create_begin generation=248 owner=36073
INTEL_LIFECYCLE phase=vcpu_create_end generation=248 owner=36073
[       OK ] HvfExecutor.NativeIntelCancellationAndCompletionFailureAllowRetry (167 ms)
[----------] 1 test from HvfExecutor (167 ms total)

[==========] 1 test from 1 test suite ran. (167 ms total)
[  PASSED  ] 1 test.

Repeating all tests (iteration 248) . . .

Note: Google Test filter = HvfExecutor.Native*
[==========] Running 1 test from 1 test suite.
[----------] 1 test from HvfExecutor
[ RUN      ] HvfExecutor.NativeIntelCancellationAndCompletionFailureAllowRetry
INTEL_PROBE phase=executor_retained
INTEL_LIFECYCLE phase=vcpu_destroy_begin generation=248 owner=36073
INTEL_LIFECYCLE phase=vcpu_destroy_end generation=248 owner=36073
INTEL_LIFECYCLE phase=vm_destroy_begin generation=248 owner=36073
INTEL_LIFECYCLE phase=vm_destroy_end generation=248 owner=36073
INTEL_LIFECYCLE phase=vm_create_begin generation=249 owner=36073
INTEL_LIFECYCLE phase=vm_create_end generation=249 owner=36073
INTEL_LIFECYCLE phase=vcpu_create_begin generation=249 owner=36073
INTEL_LIFECYCLE phase=vcpu_create_end generation=249 owner=36073
[       OK ] HvfExecutor.NativeIntelCancellationAndCompletionFailureAllowRetry (166 ms)
[----------] 1 test from HvfExecutor (166 ms total)

[==========] 1 test from 1 test suite ran. (166 ms total)
[  PASSED  ] 1 test.

Repeating all tests (iteration 249) . . .

Note: Google Test filter = HvfExecutor.Native*
[==========] Running 1 test from 1 test suite.
[----------] 1 test from HvfExecutor
[ RUN      ] HvfExecutor.NativeIntelCancellationAndCompletionFailureAllowRetry
INTEL_PROBE phase=executor_retained
INTEL_LIFECYCLE phase=vcpu_destroy_begin generation=249 owner=36073
INTEL_LIFECYCLE phase=vcpu_destroy_end generation=249 owner=36073
INTEL_LIFECYCLE phase=vm_destroy_begin generation=249 owner=36073
INTEL_LIFECYCLE phase=vm_destroy_end generation=249 owner=36073
INTEL_LIFECYCLE phase=vm_create_begin generation=250 owner=36073
INTEL_LIFECYCLE phase=vm_create_end generation=250 owner=36073
INTEL_LIFECYCLE phase=vcpu_create_begin generation=250 owner=36073
INTEL_LIFECYCLE phase=vcpu_create_end generation=250 owner=36073
[       OK ] HvfExecutor.NativeIntelCancellationAndCompletionFailureAllowRetry (232 ms)
[----------] 1 test from HvfExecutor (232 ms total)

[==========] 1 test from 1 test suite ran. (232 ms total)
[  PASSED  ] 1 test.

Repeating all tests (iteration 250) . . .

Note: Google Test filter = HvfExecutor.Native*
[==========] Running 1 test from 1 test suite.
[----------] 1 test from HvfExecutor
[ RUN      ] HvfExecutor.NativeIntelCancellationAndCompletionFailureAllowRetry
INTEL_PROBE phase=executor_retained
INTEL_LIFECYCLE phase=vcpu_destroy_begin generation=250 owner=36073
INTEL_LIFECYCLE phase=vcpu_destroy_end generation=250 owner=36073
INTEL_LIFECYCLE phase=vm_destroy_begin generation=250 owner=36073
INTEL_LIFECYCLE phase=vm_destroy_end generation=250 owner=36073
INTEL_LIFECYCLE phase=vm_create_begin generation=251 owner=36073
INTEL_LIFECYCLE phase=vm_create_end generation=251 owner=36073
INTEL_LIFECYCLE phase=vcpu_create_begin generation=251 owner=36073
INTEL_LIFECYCLE phase=vcpu_create_end generation=251 owner=36073
[       OK ] HvfExecutor.NativeIntelCancellationAndCompletionFailureAllowRetry (254 ms)
[----------] 1 test from HvfExecutor (254 ms total)

[==========] 1 test from 1 test suite ran. (254 ms total)
[  PASSED  ] 1 test.

Repeating all tests (iteration 251) . . .

Note: Google Test filter = HvfExecutor.Native*
[==========] Running 1 test from 1 test suite.
[----------] 1 test from HvfExecutor
[ RUN      ] HvfExecutor.NativeIntelCancellationAndCompletionFailureAllowRetry
INTEL_PROBE phase=executor_retained
INTEL_LIFECYCLE phase=vcpu_destroy_begin generation=251 owner=36073
INTEL_LIFECYCLE phase=vcpu_destroy_end generation=251 owner=36073
INTEL_LIFECYCLE phase=vm_destroy_begin generation=251 owner=36073
INTEL_LIFECYCLE phase=vm_destroy_end generation=251 owner=36073
INTEL_LIFECYCLE phase=vm_create_begin generation=252 owner=36073
INTEL_LIFECYCLE phase=vm_create_end generation=252 owner=36073
INTEL_LIFECYCLE phase=vcpu_create_begin generation=252 owner=36073
INTEL_LIFECYCLE phase=vcpu_create_end generation=252 owner=36073
[       OK ] HvfExecutor.NativeIntelCancellationAndCompletionFailureAllowRetry (393 ms)
[----------] 1 test from HvfExecutor (393 ms total)

[==========] 1 test from 1 test suite ran. (393 ms total)
[  PASSED  ] 1 test.

Repeating all tests (iteration 252) . . .

Note: Google Test filter = HvfExecutor.Native*
[==========] Running 1 test from 1 test suite.
[----------] 1 test from HvfExecutor
[ RUN      ] HvfExecutor.NativeIntelCancellationAndCompletionFailureAllowRetry
INTEL_PROBE phase=executor_retained
INTEL_LIFECYCLE phase=vcpu_destroy_begin generation=252 owner=36073
INTEL_LIFECYCLE phase=vcpu_destroy_end generation=252 owner=36073
INTEL_LIFECYCLE phase=vm_destroy_begin generation=252 owner=36073
INTEL_LIFECYCLE phase=vm_destroy_end generation=252 owner=36073
INTEL_LIFECYCLE phase=vm_create_begin generation=253 owner=36073
INTEL_LIFECYCLE phase=vm_create_end generation=253 owner=36073
INTEL_LIFECYCLE phase=vcpu_create_begin generation=253 owner=36073
INTEL_LIFECYCLE phase=vcpu_create_end generation=253 owner=36073
[       OK ] HvfExecutor.NativeIntelCancellationAndCompletionFailureAllowRetry (236 ms)
[----------] 1 test from HvfExecutor (236 ms total)

[==========] 1 test from 1 test suite ran. (236 ms total)
[  PASSED  ] 1 test.

Repeating all tests (iteration 253) . . .

Note: Google Test filter = HvfExecutor.Native*
[==========] Running 1 test from 1 test suite.
[----------] 1 test from HvfExecutor
[ RUN      ] HvfExecutor.NativeIntelCancellationAndCompletionFailureAllowRetry
INTEL_PROBE phase=executor_retained
INTEL_LIFECYCLE phase=vcpu_destroy_begin generation=253 owner=36073
INTEL_LIFECYCLE phase=vcpu_destroy_end generation=253 owner=36073
INTEL_LIFECYCLE phase=vm_destroy_begin generation=253 owner=36073
INTEL_LIFECYCLE phase=vm_destroy_end generation=253 owner=36073
INTEL_LIFECYCLE phase=vm_create_begin generation=254 owner=36073
INTEL_LIFECYCLE phase=vm_create_end generation=254 owner=36073
INTEL_LIFECYCLE phase=vcpu_create_begin generation=254 owner=36073
INTEL_LIFECYCLE phase=vcpu_create_end generation=254 owner=36073
[       OK ] HvfExecutor.NativeIntelCancellationAndCompletionFailureAllowRetry (316 ms)
[----------] 1 test from HvfExecutor (316 ms total)

[==========] 1 test from 1 test suite ran. (316 ms total)
[  PASSED  ] 1 test.

Repeating all tests (iteration 254) . . .

Note: Google Test filter = HvfExecutor.Native*
[==========] Running 1 test from 1 test suite.
[----------] 1 test from HvfExecutor
[ RUN      ] HvfExecutor.NativeIntelCancellationAndCompletionFailureAllowRetry
INTEL_PROBE phase=executor_retained
INTEL_LIFECYCLE phase=vcpu_destroy_begin generation=254 owner=36073
INTEL_LIFECYCLE phase=vcpu_destroy_end generation=254 owner=36073
INTEL_LIFECYCLE phase=vm_destroy_begin generation=254 owner=36073
INTEL_LIFECYCLE phase=vm_destroy_end generation=254 owner=36073
INTEL_LIFECYCLE phase=vm_create_begin generation=255 owner=36073
INTEL_LIFECYCLE phase=vm_create_end generation=255 owner=36073
INTEL_LIFECYCLE phase=vcpu_create_begin generation=255 owner=36073
INTEL_LIFECYCLE phase=vcpu_create_end generation=255 owner=36073
[       OK ] HvfExecutor.NativeIntelCancellationAndCompletionFailureAllowRetry (198 ms)
[----------] 1 test from HvfExecutor (198 ms total)

[==========] 1 test from 1 test suite ran. (199 ms total)
[  PASSED  ] 1 test.

Repeating all tests (iteration 255) . . .

Note: Google Test filter = HvfExecutor.Native*
[==========] Running 1 test from 1 test suite.
[----------] 1 test from HvfExecutor
[ RUN      ] HvfExecutor.NativeIntelCancellationAndCompletionFailureAllowRetry
INTEL_PROBE phase=executor_retained
INTEL_LIFECYCLE phase=vcpu_destroy_begin generation=255 owner=36073
INTEL_LIFECYCLE phase=vcpu_destroy_end generation=255 owner=36073
INTEL_LIFECYCLE phase=vm_destroy_begin generation=255 owner=36073
INTEL_LIFECYCLE phase=vm_destroy_end generation=255 owner=36073
INTEL_LIFECYCLE phase=vm_create_begin generation=256 owner=36073
INTEL_LIFECYCLE phase=vm_create_end generation=256 owner=36073
INTEL_LIFECYCLE phase=vcpu_create_begin generation=256 owner=36073
INTEL_LIFECYCLE phase=vcpu_create_end generation=256 owner=36073
[       OK ] HvfExecutor.NativeIntelCancellationAndCompletionFailureAllowRetry (433 ms)
[----------] 1 test from HvfExecutor (433 ms total)

[==========] 1 test from 1 test suite ran. (434 ms total)
[  PASSED  ] 1 test.

Repeating all tests (iteration 256) . . .

Note: Google Test filter = HvfExecutor.Native*
[==========] Running 1 test from 1 test suite.
[----------] 1 test from HvfExecutor
[ RUN      ] HvfExecutor.NativeIntelCancellationAndCompletionFailureAllowRetry
INTEL_PROBE phase=executor_retained
INTEL_LIFECYCLE phase=vcpu_destroy_begin generation=256 owner=36073
INTEL_LIFECYCLE phase=vcpu_destroy_end generation=256 owner=36073
INTEL_LIFECYCLE phase=vm_destroy_begin generation=256 owner=36073
INTEL_LIFECYCLE phase=vm_destroy_end generation=256 owner=36073
INTEL_LIFECYCLE phase=vm_create_begin generation=257 owner=36073
INTEL_LIFECYCLE phase=vm_create_end generation=257 owner=36073
INTEL_LIFECYCLE phase=vcpu_create_begin generation=257 owner=36073
INTEL_LIFECYCLE phase=vcpu_create_end generation=257 owner=36073
[       OK ] HvfExecutor.NativeIntelCancellationAndCompletionFailureAllowRetry (195 ms)
[----------] 1 test from HvfExecutor (195 ms total)

[==========] 1 test from 1 test suite ran. (195 ms total)
[  PASSED  ] 1 test.

Repeating all tests (iteration 257) . . .

Note: Google Test filter = HvfExecutor.Native*
[==========] Running 1 test from 1 test suite.
[----------] 1 test from HvfExecutor
[ RUN      ] HvfExecutor.NativeIntelCancellationAndCompletionFailureAllowRetry
INTEL_PROBE phase=executor_retained
INTEL_LIFECYCLE phase=vcpu_destroy_begin generation=257 owner=36073
INTEL_LIFECYCLE phase=vcpu_destroy_end generation=257 owner=36073
INTEL_LIFECYCLE phase=vm_destroy_begin generation=257 owner=36073
INTEL_LIFECYCLE phase=vm_destroy_end generation=257 owner=36073
INTEL_LIFECYCLE phase=vm_create_begin generation=258 owner=36073
INTEL_LIFECYCLE phase=vm_create_end generation=258 owner=36073
INTEL_LIFECYCLE phase=vcpu_create_begin generation=258 owner=36073
INTEL_LIFECYCLE phase=vcpu_create_end generation=258 owner=36073
[       OK ] HvfExecutor.NativeIntelCancellationAndCompletionFailureAllowRetry (166 ms)
[----------] 1 test from HvfExecutor (166 ms total)

[==========] 1 test from 1 test suite ran. (166 ms total)
[  PASSED  ] 1 test.

Repeating all tests (iteration 258) . . .

Note: Google Test filter = HvfExecutor.Native*
[==========] Running 1 test from 1 test suite.
[----------] 1 test from HvfExecutor
[ RUN      ] HvfExecutor.NativeIntelCancellationAndCompletionFailureAllowRetry
INTEL_PROBE phase=executor_retained
INTEL_LIFECYCLE phase=vcpu_destroy_begin generation=258 owner=36073
INTEL_LIFECYCLE phase=vcpu_destroy_end generation=258 owner=36073
INTEL_LIFECYCLE phase=vm_destroy_begin generation=258 owner=36073
INTEL_LIFECYCLE phase=vm_destroy_end generation=258 owner=36073
INTEL_LIFECYCLE phase=vm_create_begin generation=259 owner=36073
INTEL_LIFECYCLE phase=vm_create_end generation=259 owner=36073
INTEL_LIFECYCLE phase=vcpu_create_begin generation=259 owner=36073
INTEL_LIFECYCLE phase=vcpu_create_end generation=259 owner=36073
[       OK ] HvfExecutor.NativeIntelCancellationAndCompletionFailureAllowRetry (275 ms)
[----------] 1 test from HvfExecutor (275 ms total)

[==========] 1 test from 1 test suite ran. (275 ms total)
[  PASSED  ] 1 test.

Repeating all tests (iteration 259) . . .

Note: Google Test filter = HvfExecutor.Native*
[==========] Running 1 test from 1 test suite.
[----------] 1 test from HvfExecutor
[ RUN      ] HvfExecutor.NativeIntelCancellationAndCompletionFailureAllowRetry
INTEL_PROBE phase=executor_retained
INTEL_LIFECYCLE phase=vcpu_destroy_begin generation=259 owner=36073
INTEL_LIFECYCLE phase=vcpu_destroy_end generation=259 owner=36073
INTEL_LIFECYCLE phase=vm_destroy_begin generation=259 owner=36073
INTEL_LIFECYCLE phase=vm_destroy_end generation=259 owner=36073
INTEL_LIFECYCLE phase=vm_create_begin generation=260 owner=36073
INTEL_LIFECYCLE phase=vm_create_end generation=260 owner=36073
INTEL_LIFECYCLE phase=vcpu_create_begin generation=260 owner=36073
INTEL_LIFECYCLE phase=vcpu_create_end generation=260 owner=36073
[       OK ] HvfExecutor.NativeIntelCancellationAndCompletionFailureAllowRetry (289 ms)
[----------] 1 test from HvfExecutor (289 ms total)

[==========] 1 test from 1 test suite ran. (289 ms total)
[  PASSED  ] 1 test.

Repeating all tests (iteration 260) . . .

Note: Google Test filter = HvfExecutor.Native*
[==========] Running 1 test from 1 test suite.
[----------] 1 test from HvfExecutor
[ RUN      ] HvfExecutor.NativeIntelCancellationAndCompletionFailureAllowRetry
INTEL_PROBE phase=executor_retained
INTEL_LIFECYCLE phase=vcpu_destroy_begin generation=260 owner=36073
INTEL_LIFECYCLE phase=vcpu_destroy_end generation=260 owner=36073
INTEL_LIFECYCLE phase=vm_destroy_begin generation=260 owner=36073
INTEL_LIFECYCLE phase=vm_destroy_end generation=260 owner=36073
INTEL_LIFECYCLE phase=vm_create_begin generation=261 owner=36073
INTEL_LIFECYCLE phase=vm_create_end generation=261 owner=36073
INTEL_LIFECYCLE phase=vcpu_create_begin generation=261 owner=36073
INTEL_LIFECYCLE phase=vcpu_create_end generation=261 owner=36073
[       OK ] HvfExecutor.NativeIntelCancellationAndCompletionFailureAllowRetry (139 ms)
[----------] 1 test from HvfExecutor (139 ms total)

[==========] 1 test from 1 test suite ran. (139 ms total)
[  PASSED  ] 1 test.

Repeating all tests (iteration 261) . . .

Note: Google Test filter = HvfExecutor.Native*
[==========] Running 1 test from 1 test suite.
[----------] 1 test from HvfExecutor
[ RUN      ] HvfExecutor.NativeIntelCancellationAndCompletionFailureAllowRetry
INTEL_PROBE phase=executor_retained
INTEL_LIFECYCLE phase=vcpu_destroy_begin generation=261 owner=36073
INTEL_LIFECYCLE phase=vcpu_destroy_end generation=261 owner=36073
INTEL_LIFECYCLE phase=vm_destroy_begin generation=261 owner=36073
INTEL_LIFECYCLE phase=vm_destroy_end generation=261 owner=36073
INTEL_LIFECYCLE phase=vm_create_begin generation=262 owner=36073
INTEL_LIFECYCLE phase=vm_create_end generation=262 owner=36073
INTEL_LIFECYCLE phase=vcpu_create_begin generation=262 owner=36073
INTEL_LIFECYCLE phase=vcpu_create_end generation=262 owner=36073
[       OK ] HvfExecutor.NativeIntelCancellationAndCompletionFailureAllowRetry (195 ms)
[----------] 1 test from HvfExecutor (195 ms total)

[==========] 1 test from 1 test suite ran. (195 ms total)
[  PASSED  ] 1 test.

Repeating all tests (iteration 262) . . .

Note: Google Test filter = HvfExecutor.Native*
[==========] Running 1 test from 1 test suite.
[----------] 1 test from HvfExecutor
[ RUN      ] HvfExecutor.NativeIntelCancellationAndCompletionFailureAllowRetry
INTEL_PROBE phase=executor_retained
INTEL_LIFECYCLE phase=vcpu_destroy_begin generation=262 owner=36073
INTEL_LIFECYCLE phase=vcpu_destroy_end generation=262 owner=36073
INTEL_LIFECYCLE phase=vm_destroy_begin generation=262 owner=36073
INTEL_LIFECYCLE phase=vm_destroy_end generation=262 owner=36073
INTEL_LIFECYCLE phase=vm_create_begin generation=263 owner=36073
INTEL_LIFECYCLE phase=vm_create_end generation=263 owner=36073
INTEL_LIFECYCLE phase=vcpu_create_begin generation=263 owner=36073
INTEL_LIFECYCLE phase=vcpu_create_end generation=263 owner=36073
[       OK ] HvfExecutor.NativeIntelCancellationAndCompletionFailureAllowRetry (266 ms)
[----------] 1 test from HvfExecutor (266 ms total)

[==========] 1 test from 1 test suite ran. (266 ms total)
[  PASSED  ] 1 test.

Repeating all tests (iteration 263) . . .

Note: Google Test filter = HvfExecutor.Native*
[==========] Running 1 test from 1 test suite.
[----------] 1 test from HvfExecutor
[ RUN      ] HvfExecutor.NativeIntelCancellationAndCompletionFailureAllowRetry
INTEL_PROBE phase=executor_retained
INTEL_LIFECYCLE phase=vcpu_destroy_begin generation=263 owner=36073
INTEL_LIFECYCLE phase=vcpu_destroy_end generation=263 owner=36073
INTEL_LIFECYCLE phase=vm_destroy_begin generation=263 owner=36073
INTEL_LIFECYCLE phase=vm_destroy_end generation=263 owner=36073
INTEL_LIFECYCLE phase=vm_create_begin generation=264 owner=36073
INTEL_LIFECYCLE phase=vm_create_end generation=264 owner=36073
INTEL_LIFECYCLE phase=vcpu_create_begin generation=264 owner=36073
INTEL_LIFECYCLE phase=vcpu_create_end generation=264 owner=36073
[       OK ] HvfExecutor.NativeIntelCancellationAndCompletionFailureAllowRetry (134 ms)
[----------] 1 test from HvfExecutor (134 ms total)

[==========] 1 test from 1 test suite ran. (134 ms total)
[  PASSED  ] 1 test.

Repeating all tests (iteration 264) . . .

Note: Google Test filter = HvfExecutor.Native*
[==========] Running 1 test from 1 test suite.
[----------] 1 test from HvfExecutor
[ RUN      ] HvfExecutor.NativeIntelCancellationAndCompletionFailureAllowRetry
INTEL_PROBE phase=executor_retained
INTEL_LIFECYCLE phase=vcpu_destroy_begin generation=264 owner=36073
INTEL_LIFECYCLE phase=vcpu_destroy_end generation=264 owner=36073
INTEL_LIFECYCLE phase=vm_destroy_begin generation=264 owner=36073
INTEL_LIFECYCLE phase=vm_destroy_end generation=264 owner=36073
INTEL_LIFECYCLE phase=vm_create_begin generation=265 owner=36073
INTEL_LIFECYCLE phase=vm_create_end generation=265 owner=36073
INTEL_LIFECYCLE phase=vcpu_create_begin generation=265 owner=36073
INTEL_LIFECYCLE phase=vcpu_create_end generation=265 owner=36073
[       OK ] HvfExecutor.NativeIntelCancellationAndCompletionFailureAllowRetry (170 ms)
[----------] 1 test from HvfExecutor (170 ms total)

[==========] 1 test from 1 test suite ran. (170 ms total)
[  PASSED  ] 1 test.

Repeating all tests (iteration 265) . . .

Note: Google Test filter = HvfExecutor.Native*
[==========] Running 1 test from 1 test suite.
[----------] 1 test from HvfExecutor
[ RUN      ] HvfExecutor.NativeIntelCancellationAndCompletionFailureAllowRetry
INTEL_PROBE phase=executor_retained
INTEL_LIFECYCLE phase=vcpu_destroy_begin generation=265 owner=36073
INTEL_LIFECYCLE phase=vcpu_destroy_end generation=265 owner=36073
INTEL_LIFECYCLE phase=vm_destroy_begin generation=265 owner=36073
INTEL_LIFECYCLE phase=vm_destroy_end generation=265 owner=36073
INTEL_LIFECYCLE phase=vm_create_begin generation=266 owner=36073
INTEL_LIFECYCLE phase=vm_create_end generation=266 owner=36073
INTEL_LIFECYCLE phase=vcpu_create_begin generation=266 owner=36073
INTEL_LIFECYCLE phase=vcpu_create_end generation=266 owner=36073
[       OK ] HvfExecutor.NativeIntelCancellationAndCompletionFailureAllowRetry (197 ms)
[----------] 1 test from HvfExecutor (197 ms total)

[==========] 1 test from 1 test suite ran. (197 ms total)
[  PASSED  ] 1 test.

Repeating all tests (iteration 266) . . .

Note: Google Test filter = HvfExecutor.Native*
[==========] Running 1 test from 1 test suite.
[----------] 1 test from HvfExecutor
[ RUN      ] HvfExecutor.NativeIntelCancellationAndCompletionFailureAllowRetry
INTEL_PROBE phase=executor_retained
INTEL_LIFECYCLE phase=vcpu_destroy_begin generation=266 owner=36073
INTEL_LIFECYCLE phase=vcpu_destroy_end generation=266 owner=36073
INTEL_LIFECYCLE phase=vm_destroy_begin generation=266 owner=36073
INTEL_LIFECYCLE phase=vm_destroy_end generation=266 owner=36073
INTEL_LIFECYCLE phase=vm_create_begin generation=267 owner=36073
INTEL_LIFECYCLE phase=vm_create_end generation=267 owner=36073
INTEL_LIFECYCLE phase=vcpu_create_begin generation=267 owner=36073
INTEL_LIFECYCLE phase=vcpu_create_end generation=267 owner=36073
[       OK ] HvfExecutor.NativeIntelCancellationAndCompletionFailureAllowRetry (123 ms)
[----------] 1 test from HvfExecutor (123 ms total)

[==========] 1 test from 1 test suite ran. (123 ms total)
[  PASSED  ] 1 test.

Repeating all tests (iteration 267) . . .

Note: Google Test filter = HvfExecutor.Native*
[==========] Running 1 test from 1 test suite.
[----------] 1 test from HvfExecutor
[ RUN      ] HvfExecutor.NativeIntelCancellationAndCompletionFailureAllowRetry
INTEL_PROBE phase=executor_retained
INTEL_LIFECYCLE phase=vcpu_destroy_begin generation=267 owner=36073
INTEL_LIFECYCLE phase=vcpu_destroy_end generation=267 owner=36073
INTEL_LIFECYCLE phase=vm_destroy_begin generation=267 owner=36073
INTEL_LIFECYCLE phase=vm_destroy_end generation=267 owner=36073
INTEL_LIFECYCLE phase=vm_create_begin generation=268 owner=36073
INTEL_LIFECYCLE phase=vm_create_end generation=268 owner=36073
INTEL_LIFECYCLE phase=vcpu_create_begin generation=268 owner=36073
INTEL_LIFECYCLE phase=vcpu_create_end generation=268 owner=36073
[       OK ] HvfExecutor.NativeIntelCancellationAndCompletionFailureAllowRetry (344 ms)
[----------] 1 test from HvfExecutor (344 ms total)

[==========] 1 test from 1 test suite ran. (344 ms total)
[  PASSED  ] 1 test.

Repeating all tests (iteration 268) . . .

Note: Google Test filter = HvfExecutor.Native*
[==========] Running 1 test from 1 test suite.
[----------] 1 test from HvfExecutor
[ RUN      ] HvfExecutor.NativeIntelCancellationAndCompletionFailureAllowRetry
INTEL_PROBE phase=executor_retained
INTEL_LIFECYCLE phase=vcpu_destroy_begin generation=268 owner=36073
INTEL_LIFECYCLE phase=vcpu_destroy_end generation=268 owner=36073
INTEL_LIFECYCLE phase=vm_destroy_begin generation=268 owner=36073
INTEL_LIFECYCLE phase=vm_destroy_end generation=268 owner=36073
INTEL_LIFECYCLE phase=vm_create_begin generation=269 owner=36073
INTEL_LIFECYCLE phase=vm_create_end generation=269 owner=36073
INTEL_LIFECYCLE phase=vcpu_create_begin generation=269 owner=36073
INTEL_LIFECYCLE phase=vcpu_create_end generation=269 owner=36073
[       OK ] HvfExecutor.NativeIntelCancellationAndCompletionFailureAllowRetry (382 ms)
[----------] 1 test from HvfExecutor (382 ms total)

[==========] 1 test from 1 test suite ran. (382 ms total)
[  PASSED  ] 1 test.

Repeating all tests (iteration 269) . . .

Note: Google Test filter = HvfExecutor.Native*
[==========] Running 1 test from 1 test suite.
[----------] 1 test from HvfExecutor
[ RUN      ] HvfExecutor.NativeIntelCancellationAndCompletionFailureAllowRetry
INTEL_PROBE phase=executor_retained
INTEL_LIFECYCLE phase=vcpu_destroy_begin generation=269 owner=36073
INTEL_LIFECYCLE phase=vcpu_destroy_end generation=269 owner=36073
INTEL_LIFECYCLE phase=vm_destroy_begin generation=269 owner=36073
INTEL_LIFECYCLE phase=vm_destroy_end generation=269 owner=36073
INTEL_LIFECYCLE phase=vm_create_begin generation=270 owner=36073
INTEL_LIFECYCLE phase=vm_create_end generation=270 owner=36073
INTEL_LIFECYCLE phase=vcpu_create_begin generation=270 owner=36073
INTEL_LIFECYCLE phase=vcpu_create_end generation=270 owner=36073
[       OK ] HvfExecutor.NativeIntelCancellationAndCompletionFailureAllowRetry (343 ms)
[----------] 1 test from HvfExecutor (343 ms total)

[==========] 1 test from 1 test suite ran. (343 ms total)
[  PASSED  ] 1 test.

Repeating all tests (iteration 270) . . .

Note: Google Test filter = HvfExecutor.Native*
[==========] Running 1 test from 1 test suite.
[----------] 1 test from HvfExecutor
[ RUN      ] HvfExecutor.NativeIntelCancellationAndCompletionFailureAllowRetry
INTEL_PROBE phase=executor_retained
INTEL_LIFECYCLE phase=vcpu_destroy_begin generation=270 owner=36073
INTEL_LIFECYCLE phase=vcpu_destroy_end generation=270 owner=36073
INTEL_LIFECYCLE phase=vm_destroy_begin generation=270 owner=36073
INTEL_LIFECYCLE phase=vm_destroy_end generation=270 owner=36073
INTEL_LIFECYCLE phase=vm_create_begin generation=271 owner=36073
INTEL_LIFECYCLE phase=vm_create_end generation=271 owner=36073
INTEL_LIFECYCLE phase=vcpu_create_begin generation=271 owner=36073
INTEL_LIFECYCLE phase=vcpu_create_end generation=271 owner=36073
[       OK ] HvfExecutor.NativeIntelCancellationAndCompletionFailureAllowRetry (207 ms)
[----------] 1 test from HvfExecutor (207 ms total)

[==========] 1 test from 1 test suite ran. (207 ms total)
[  PASSED  ] 1 test.

Repeating all tests (iteration 271) . . .

Note: Google Test filter = HvfExecutor.Native*
[==========] Running 1 test from 1 test suite.
[----------] 1 test from HvfExecutor
[ RUN      ] HvfExecutor.NativeIntelCancellationAndCompletionFailureAllowRetry
INTEL_PROBE phase=executor_retained
INTEL_LIFECYCLE phase=vcpu_destroy_begin generation=271 owner=36073
INTEL_LIFECYCLE phase=vcpu_destroy_end generation=271 owner=36073
INTEL_LIFECYCLE phase=vm_destroy_begin generation=271 owner=36073
INTEL_LIFECYCLE phase=vm_destroy_end generation=271 owner=36073
INTEL_LIFECYCLE phase=vm_create_begin generation=272 owner=36073
INTEL_LIFECYCLE phase=vm_create_end generation=272 owner=36073
INTEL_LIFECYCLE phase=vcpu_create_begin generation=272 owner=36073
INTEL_LIFECYCLE phase=vcpu_create_end generation=272 owner=36073
[       OK ] HvfExecutor.NativeIntelCancellationAndCompletionFailureAllowRetry (414 ms)
[----------] 1 test from HvfExecutor (414 ms total)

[==========] 1 test from 1 test suite ran. (414 ms total)
[  PASSED  ] 1 test.

Repeating all tests (iteration 272) . . .

Note: Google Test filter = HvfExecutor.Native*
[==========] Running 1 test from 1 test suite.
[----------] 1 test from HvfExecutor
[ RUN      ] HvfExecutor.NativeIntelCancellationAndCompletionFailureAllowRetry
INTEL_PROBE phase=executor_retained
INTEL_LIFECYCLE phase=vcpu_destroy_begin generation=272 owner=36073
INTEL_LIFECYCLE phase=vcpu_destroy_end generation=272 owner=36073
INTEL_LIFECYCLE phase=vm_destroy_begin generation=272 owner=36073
INTEL_LIFECYCLE phase=vm_destroy_end generation=272 owner=36073
INTEL_LIFECYCLE phase=vm_create_begin generation=273 owner=36073
INTEL_LIFECYCLE phase=vm_create_end generation=273 owner=36073
INTEL_LIFECYCLE phase=vcpu_create_begin generation=273 owner=36073
INTEL_LIFECYCLE phase=vcpu_create_end generation=273 owner=36073
[       OK ] HvfExecutor.NativeIntelCancellationAndCompletionFailureAllowRetry (156 ms)
[----------] 1 test from HvfExecutor (157 ms total)

[==========] 1 test from 1 test suite ran. (157 ms total)
[  PASSED  ] 1 test.

Repeating all tests (iteration 273) . . .

Note: Google Test filter = HvfExecutor.Native*
[==========] Running 1 test from 1 test suite.
[----------] 1 test from HvfExecutor
[ RUN      ] HvfExecutor.NativeIntelCancellationAndCompletionFailureAllowRetry
INTEL_PROBE phase=executor_retained
INTEL_LIFECYCLE phase=vcpu_destroy_begin generation=273 owner=36073
INTEL_LIFECYCLE phase=vcpu_destroy_end generation=273 owner=36073
INTEL_LIFECYCLE phase=vm_destroy_begin generation=273 owner=36073
INTEL_LIFECYCLE phase=vm_destroy_end generation=273 owner=36073
INTEL_LIFECYCLE phase=vm_create_begin generation=274 owner=36073
INTEL_LIFECYCLE phase=vm_create_end generation=274 owner=36073
INTEL_LIFECYCLE phase=vcpu_create_begin generation=274 owner=36073
INTEL_LIFECYCLE phase=vcpu_create_end generation=274 owner=36073
[       OK ] HvfExecutor.NativeIntelCancellationAndCompletionFailureAllowRetry (282 ms)
[----------] 1 test from HvfExecutor (282 ms total)

[==========] 1 test from 1 test suite ran. (282 ms total)
[  PASSED  ] 1 test.

Repeating all tests (iteration 274) . . .

Note: Google Test filter = HvfExecutor.Native*
[==========] Running 1 test from 1 test suite.
[----------] 1 test from HvfExecutor
[ RUN      ] HvfExecutor.NativeIntelCancellationAndCompletionFailureAllowRetry
INTEL_PROBE phase=executor_retained
INTEL_LIFECYCLE phase=vcpu_destroy_begin generation=274 owner=36073
INTEL_LIFECYCLE phase=vcpu_destroy_end generation=274 owner=36073
INTEL_LIFECYCLE phase=vm_destroy_begin generation=274 owner=36073
INTEL_LIFECYCLE phase=vm_destroy_end generation=274 owner=36073
INTEL_LIFECYCLE phase=vm_create_begin generation=275 owner=36073
INTEL_LIFECYCLE phase=vm_create_end generation=275 owner=36073
INTEL_LIFECYCLE phase=vcpu_create_begin generation=275 owner=36073
INTEL_LIFECYCLE phase=vcpu_create_end generation=275 owner=36073
[       OK ] HvfExecutor.NativeIntelCancellationAndCompletionFailureAllowRetry (242 ms)
[----------] 1 test from HvfExecutor (242 ms total)

[==========] 1 test from 1 test suite ran. (242 ms total)
[  PASSED  ] 1 test.

Repeating all tests (iteration 275) . . .

Note: Google Test filter = HvfExecutor.Native*
[==========] Running 1 test from 1 test suite.
[----------] 1 test from HvfExecutor
[ RUN      ] HvfExecutor.NativeIntelCancellationAndCompletionFailureAllowRetry
INTEL_PROBE phase=executor_retained
INTEL_LIFECYCLE phase=vcpu_destroy_begin generation=275 owner=36073
INTEL_LIFECYCLE phase=vcpu_destroy_end generation=275 owner=36073
INTEL_LIFECYCLE phase=vm_destroy_begin generation=275 owner=36073
INTEL_LIFECYCLE phase=vm_destroy_end generation=275 owner=36073
INTEL_LIFECYCLE phase=vm_create_begin generation=276 owner=36073
INTEL_LIFECYCLE phase=vm_create_end generation=276 owner=36073
INTEL_LIFECYCLE phase=vcpu_create_begin generation=276 owner=36073
INTEL_LIFECYCLE phase=vcpu_create_end generation=276 owner=36073
[       OK ] HvfExecutor.NativeIntelCancellationAndCompletionFailureAllowRetry (237 ms)
[----------] 1 test from HvfExecutor (237 ms total)

[==========] 1 test from 1 test suite ran. (237 ms total)
[  PASSED  ] 1 test.

Repeating all tests (iteration 276) . . .

Note: Google Test filter = HvfExecutor.Native*
[==========] Running 1 test from 1 test suite.
[----------] 1 test from HvfExecutor
[ RUN      ] HvfExecutor.NativeIntelCancellationAndCompletionFailureAllowRetry
INTEL_PROBE phase=executor_retained
INTEL_LIFECYCLE phase=vcpu_destroy_begin generation=276 owner=36073
INTEL_LIFECYCLE phase=vcpu_destroy_end generation=276 owner=36073
INTEL_LIFECYCLE phase=vm_destroy_begin generation=276 owner=36073
INTEL_LIFECYCLE phase=vm_destroy_end generation=276 owner=36073
INTEL_LIFECYCLE phase=vm_create_begin generation=277 owner=36073
INTEL_LIFECYCLE phase=vm_create_end generation=277 owner=36073
INTEL_LIFECYCLE phase=vcpu_create_begin generation=277 owner=36073
INTEL_LIFECYCLE phase=vcpu_create_end generation=277 owner=36073
[       OK ] HvfExecutor.NativeIntelCancellationAndCompletionFailureAllowRetry (246 ms)
[----------] 1 test from HvfExecutor (246 ms total)

[==========] 1 test from 1 test suite ran. (246 ms total)
[  PASSED  ] 1 test.

Repeating all tests (iteration 277) . . .

Note: Google Test filter = HvfExecutor.Native*
[==========] Running 1 test from 1 test suite.
[----------] 1 test from HvfExecutor
[ RUN      ] HvfExecutor.NativeIntelCancellationAndCompletionFailureAllowRetry
INTEL_PROBE phase=executor_retained
INTEL_LIFECYCLE phase=vcpu_destroy_begin generation=277 owner=36073
INTEL_LIFECYCLE phase=vcpu_destroy_end generation=277 owner=36073
INTEL_LIFECYCLE phase=vm_destroy_begin generation=277 owner=36073
INTEL_LIFECYCLE phase=vm_destroy_end generation=277 owner=36073
INTEL_LIFECYCLE phase=vm_create_begin generation=278 owner=36073
INTEL_LIFECYCLE phase=vm_create_end generation=278 owner=36073
INTEL_LIFECYCLE phase=vcpu_create_begin generation=278 owner=36073
INTEL_LIFECYCLE phase=vcpu_create_end generation=278 owner=36073
[       OK ] HvfExecutor.NativeIntelCancellationAndCompletionFailureAllowRetry (223 ms)
[----------] 1 test from HvfExecutor (223 ms total)

[==========] 1 test from 1 test suite ran. (223 ms total)
[  PASSED  ] 1 test.

Repeating all tests (iteration 278) . . .

Note: Google Test filter = HvfExecutor.Native*
[==========] Running 1 test from 1 test suite.
[----------] 1 test from HvfExecutor
[ RUN      ] HvfExecutor.NativeIntelCancellationAndCompletionFailureAllowRetry
INTEL_PROBE phase=executor_retained
INTEL_LIFECYCLE phase=vcpu_destroy_begin generation=278 owner=36073
INTEL_LIFECYCLE phase=vcpu_destroy_end generation=278 owner=36073
INTEL_LIFECYCLE phase=vm_destroy_begin generation=278 owner=36073
INTEL_LIFECYCLE phase=vm_destroy_end generation=278 owner=36073
INTEL_LIFECYCLE phase=vm_create_begin generation=279 owner=36073
INTEL_LIFECYCLE phase=vm_create_end generation=279 owner=36073
INTEL_LIFECYCLE phase=vcpu_create_begin generation=279 owner=36073
INTEL_LIFECYCLE phase=vcpu_create_end generation=279 owner=36073
[       OK ] HvfExecutor.NativeIntelCancellationAndCompletionFailureAllowRetry (310 ms)
[----------] 1 test from HvfExecutor (310 ms total)

[==========] 1 test from 1 test suite ran. (310 ms total)
[  PASSED  ] 1 test.

Repeating all tests (iteration 279) . . .

Note: Google Test filter = HvfExecutor.Native*
[==========] Running 1 test from 1 test suite.
[----------] 1 test from HvfExecutor
[ RUN      ] HvfExecutor.NativeIntelCancellationAndCompletionFailureAllowRetry
INTEL_PROBE phase=executor_retained
INTEL_LIFECYCLE phase=vcpu_destroy_begin generation=279 owner=36073
INTEL_LIFECYCLE phase=vcpu_destroy_end generation=279 owner=36073
INTEL_LIFECYCLE phase=vm_destroy_begin generation=279 owner=36073
INTEL_LIFECYCLE phase=vm_destroy_end generation=279 owner=36073
INTEL_LIFECYCLE phase=vm_create_begin generation=280 owner=36073
INTEL_LIFECYCLE phase=vm_create_end generation=280 owner=36073
INTEL_LIFECYCLE phase=vcpu_create_begin generation=280 owner=36073
INTEL_LIFECYCLE phase=vcpu_create_end generation=280 owner=36073
[       OK ] HvfExecutor.NativeIntelCancellationAndCompletionFailureAllowRetry (357 ms)
[----------] 1 test from HvfExecutor (357 ms total)

[==========] 1 test from 1 test suite ran. (357 ms total)
[  PASSED  ] 1 test.

Repeating all tests (iteration 280) . . .

Note: Google Test filter = HvfExecutor.Native*
[==========] Running 1 test from 1 test suite.
[----------] 1 test from HvfExecutor
[ RUN      ] HvfExecutor.NativeIntelCancellationAndCompletionFailureAllowRetry
INTEL_PROBE phase=executor_retained
INTEL_LIFECYCLE phase=vcpu_destroy_begin generation=280 owner=36073
INTEL_LIFECYCLE phase=vcpu_destroy_end generation=280 owner=36073
INTEL_LIFECYCLE phase=vm_destroy_begin generation=280 owner=36073
INTEL_LIFECYCLE phase=vm_destroy_end generation=280 owner=36073
INTEL_LIFECYCLE phase=vm_create_begin generation=281 owner=36073
INTEL_LIFECYCLE phase=vm_create_end generation=281 owner=36073
INTEL_LIFECYCLE phase=vcpu_create_begin generation=281 owner=36073
INTEL_LIFECYCLE phase=vcpu_create_end generation=281 owner=36073
[       OK ] HvfExecutor.NativeIntelCancellationAndCompletionFailureAllowRetry (352 ms)
[----------] 1 test from HvfExecutor (352 ms total)

[==========] 1 test from 1 test suite ran. (352 ms total)
[  PASSED  ] 1 test.

Repeating all tests (iteration 281) . . .

Note: Google Test filter = HvfExecutor.Native*
[==========] Running 1 test from 1 test suite.
[----------] 1 test from HvfExecutor
[ RUN      ] HvfExecutor.NativeIntelCancellationAndCompletionFailureAllowRetry
INTEL_PROBE phase=executor_retained
INTEL_LIFECYCLE phase=vcpu_destroy_begin generation=281 owner=36073
INTEL_LIFECYCLE phase=vcpu_destroy_end generation=281 owner=36073
INTEL_LIFECYCLE phase=vm_destroy_begin generation=281 owner=36073
INTEL_LIFECYCLE phase=vm_destroy_end generation=281 owner=36073
INTEL_LIFECYCLE phase=vm_create_begin generation=282 owner=36073
INTEL_LIFECYCLE phase=vm_create_end generation=282 owner=36073
INTEL_LIFECYCLE phase=vcpu_create_begin generation=282 owner=36073
INTEL_LIFECYCLE phase=vcpu_create_end generation=282 owner=36073
[       OK ] HvfExecutor.NativeIntelCancellationAndCompletionFailureAllowRetry (221 ms)
[----------] 1 test from HvfExecutor (221 ms total)

[==========] 1 test from 1 test suite ran. (222 ms total)
[  PASSED  ] 1 test.

Repeating all tests (iteration 282) . . .

Note: Google Test filter = HvfExecutor.Native*
[==========] Running 1 test from 1 test suite.
[----------] 1 test from HvfExecutor
[ RUN      ] HvfExecutor.NativeIntelCancellationAndCompletionFailureAllowRetry
INTEL_PROBE phase=executor_retained
INTEL_LIFECYCLE phase=vcpu_destroy_begin generation=282 owner=36073
INTEL_LIFECYCLE phase=vcpu_destroy_end generation=282 owner=36073
INTEL_LIFECYCLE phase=vm_destroy_begin generation=282 owner=36073
INTEL_LIFECYCLE phase=vm_destroy_end generation=282 owner=36073
INTEL_LIFECYCLE phase=vm_create_begin generation=283 owner=36073
INTEL_LIFECYCLE phase=vm_create_end generation=283 owner=36073
INTEL_LIFECYCLE phase=vcpu_create_begin generation=283 owner=36073
INTEL_LIFECYCLE phase=vcpu_create_end generation=283 owner=36073
[       OK ] HvfExecutor.NativeIntelCancellationAndCompletionFailureAllowRetry (272 ms)
[----------] 1 test from HvfExecutor (272 ms total)

[==========] 1 test from 1 test suite ran. (272 ms total)
[  PASSED  ] 1 test.

Repeating all tests (iteration 283) . . .

Note: Google Test filter = HvfExecutor.Native*
[==========] Running 1 test from 1 test suite.
[----------] 1 test from HvfExecutor
[ RUN      ] HvfExecutor.NativeIntelCancellationAndCompletionFailureAllowRetry
INTEL_PROBE phase=executor_retained
INTEL_LIFECYCLE phase=vcpu_destroy_begin generation=283 owner=36073
INTEL_LIFECYCLE phase=vcpu_destroy_end generation=283 owner=36073
INTEL_LIFECYCLE phase=vm_destroy_begin generation=283 owner=36073
INTEL_LIFECYCLE phase=vm_destroy_end generation=283 owner=36073
INTEL_LIFECYCLE phase=vm_create_begin generation=284 owner=36073
INTEL_LIFECYCLE phase=vm_create_end generation=284 owner=36073
INTEL_LIFECYCLE phase=vcpu_create_begin generation=284 owner=36073
INTEL_LIFECYCLE phase=vcpu_create_end generation=284 owner=36073
[       OK ] HvfExecutor.NativeIntelCancellationAndCompletionFailureAllowRetry (313 ms)
[----------] 1 test from HvfExecutor (313 ms total)

[==========] 1 test from 1 test suite ran. (313 ms total)
[  PASSED  ] 1 test.

Repeating all tests (iteration 284) . . .

Note: Google Test filter = HvfExecutor.Native*
[==========] Running 1 test from 1 test suite.
[----------] 1 test from HvfExecutor
[ RUN      ] HvfExecutor.NativeIntelCancellationAndCompletionFailureAllowRetry
INTEL_PROBE phase=executor_retained
INTEL_LIFECYCLE phase=vcpu_destroy_begin generation=284 owner=36073
INTEL_LIFECYCLE phase=vcpu_destroy_end generation=284 owner=36073
INTEL_LIFECYCLE phase=vm_destroy_begin generation=284 owner=36073
INTEL_LIFECYCLE phase=vm_destroy_end generation=284 owner=36073
INTEL_LIFECYCLE phase=vm_create_begin generation=285 owner=36073
INTEL_LIFECYCLE phase=vm_create_end generation=285 owner=36073
INTEL_LIFECYCLE phase=vcpu_create_begin generation=285 owner=36073
INTEL_LIFECYCLE phase=vcpu_create_end generation=285 owner=36073
[       OK ] HvfExecutor.NativeIntelCancellationAndCompletionFailureAllowRetry (256 ms)
[----------] 1 test from HvfExecutor (256 ms total)

[==========] 1 test from 1 test suite ran. (256 ms total)
[  PASSED  ] 1 test.

Repeating all tests (iteration 285) . . .

Note: Google Test filter = HvfExecutor.Native*
[==========] Running 1 test from 1 test suite.
[----------] 1 test from HvfExecutor
[ RUN      ] HvfExecutor.NativeIntelCancellationAndCompletionFailureAllowRetry
INTEL_PROBE phase=executor_retained
INTEL_LIFECYCLE phase=vcpu_destroy_begin generation=285 owner=36073
INTEL_LIFECYCLE phase=vcpu_destroy_end generation=285 owner=36073
INTEL_LIFECYCLE phase=vm_destroy_begin generation=285 owner=36073
INTEL_LIFECYCLE phase=vm_destroy_end generation=285 owner=36073
INTEL_LIFECYCLE phase=vm_create_begin generation=286 owner=36073
INTEL_LIFECYCLE phase=vm_create_end generation=286 owner=36073
INTEL_LIFECYCLE phase=vcpu_create_begin generation=286 owner=36073
INTEL_LIFECYCLE phase=vcpu_create_end generation=286 owner=36073
[       OK ] HvfExecutor.NativeIntelCancellationAndCompletionFailureAllowRetry (245 ms)
[----------] 1 test from HvfExecutor (245 ms total)

[==========] 1 test from 1 test suite ran. (245 ms total)
[  PASSED  ] 1 test.

Repeating all tests (iteration 286) . . .

Note: Google Test filter = HvfExecutor.Native*
[==========] Running 1 test from 1 test suite.
[----------] 1 test from HvfExecutor
[ RUN      ] HvfExecutor.NativeIntelCancellationAndCompletionFailureAllowRetry
INTEL_PROBE phase=executor_retained
INTEL_LIFECYCLE phase=vcpu_destroy_begin generation=286 owner=36073
INTEL_LIFECYCLE phase=vcpu_destroy_end generation=286 owner=36073
INTEL_LIFECYCLE phase=vm_destroy_begin generation=286 owner=36073
INTEL_LIFECYCLE phase=vm_destroy_end generation=286 owner=36073
INTEL_LIFECYCLE phase=vm_create_begin generation=287 owner=36073
INTEL_LIFECYCLE phase=vm_create_end generation=287 owner=36073
INTEL_LIFECYCLE phase=vcpu_create_begin generation=287 owner=36073
INTEL_LIFECYCLE phase=vcpu_create_end generation=287 owner=36073
[       OK ] HvfExecutor.NativeIntelCancellationAndCompletionFailureAllowRetry (356 ms)
[----------] 1 test from HvfExecutor (356 ms total)

[==========] 1 test from 1 test suite ran. (356 ms total)
[  PASSED  ] 1 test.

Repeating all tests (iteration 287) . . .

Note: Google Test filter = HvfExecutor.Native*
[==========] Running 1 test from 1 test suite.
[----------] 1 test from HvfExecutor
[ RUN      ] HvfExecutor.NativeIntelCancellationAndCompletionFailureAllowRetry
INTEL_PROBE phase=executor_retained
INTEL_LIFECYCLE phase=vcpu_destroy_begin generation=287 owner=36073
INTEL_LIFECYCLE phase=vcpu_destroy_end generation=287 owner=36073
INTEL_LIFECYCLE phase=vm_destroy_begin generation=287 owner=36073
INTEL_LIFECYCLE phase=vm_destroy_end generation=287 owner=36073
INTEL_LIFECYCLE phase=vm_create_begin generation=288 owner=36073
INTEL_LIFECYCLE phase=vm_create_end generation=288 owner=36073
INTEL_LIFECYCLE phase=vcpu_create_begin generation=288 owner=36073
INTEL_LIFECYCLE phase=vcpu_create_end generation=288 owner=36073
[       OK ] HvfExecutor.NativeIntelCancellationAndCompletionFailureAllowRetry (139 ms)
[----------] 1 test from HvfExecutor (139 ms total)

[==========] 1 test from 1 test suite ran. (140 ms total)
[  PASSED  ] 1 test.

Repeating all tests (iteration 288) . . .

Note: Google Test filter = HvfExecutor.Native*
[==========] Running 1 test from 1 test suite.
[----------] 1 test from HvfExecutor
[ RUN      ] HvfExecutor.NativeIntelCancellationAndCompletionFailureAllowRetry
INTEL_PROBE phase=executor_retained
INTEL_LIFECYCLE phase=vcpu_destroy_begin generation=288 owner=36073
INTEL_LIFECYCLE phase=vcpu_destroy_end generation=288 owner=36073
INTEL_LIFECYCLE phase=vm_destroy_begin generation=288 owner=36073
INTEL_LIFECYCLE phase=vm_destroy_end generation=288 owner=36073
INTEL_LIFECYCLE phase=vm_create_begin generation=289 owner=36073
INTEL_LIFECYCLE phase=vm_create_end generation=289 owner=36073
INTEL_LIFECYCLE phase=vcpu_create_begin generation=289 owner=36073
INTEL_LIFECYCLE phase=vcpu_create_end generation=289 owner=36073
[       OK ] HvfExecutor.NativeIntelCancellationAndCompletionFailureAllowRetry (262 ms)
[----------] 1 test from HvfExecutor (262 ms total)

[==========] 1 test from 1 test suite ran. (262 ms total)
[  PASSED  ] 1 test.

Repeating all tests (iteration 289) . . .

Note: Google Test filter = HvfExecutor.Native*
[==========] Running 1 test from 1 test suite.
[----------] 1 test from HvfExecutor
[ RUN      ] HvfExecutor.NativeIntelCancellationAndCompletionFailureAllowRetry
INTEL_PROBE phase=executor_retained
INTEL_LIFECYCLE phase=vcpu_destroy_begin generation=289 owner=36073
INTEL_LIFECYCLE phase=vcpu_destroy_end generation=289 owner=36073
INTEL_LIFECYCLE phase=vm_destroy_begin generation=289 owner=36073
INTEL_LIFECYCLE phase=vm_destroy_end generation=289 owner=36073
INTEL_LIFECYCLE phase=vm_create_begin generation=290 owner=36073
INTEL_LIFECYCLE phase=vm_create_end generation=290 owner=36073
INTEL_LIFECYCLE phase=vcpu_create_begin generation=290 owner=36073
INTEL_LIFECYCLE phase=vcpu_create_end generation=290 owner=36073
[       OK ] HvfExecutor.NativeIntelCancellationAndCompletionFailureAllowRetry (273 ms)
[----------] 1 test from HvfExecutor (273 ms total)

[==========] 1 test from 1 test suite ran. (273 ms total)
[  PASSED  ] 1 test.

Repeating all tests (iteration 290) . . .

Note: Google Test filter = HvfExecutor.Native*
[==========] Running 1 test from 1 test suite.
[----------] 1 test from HvfExecutor
[ RUN      ] HvfExecutor.NativeIntelCancellationAndCompletionFailureAllowRetry
INTEL_PROBE phase=executor_retained
INTEL_LIFECYCLE phase=vcpu_destroy_begin generation=290 owner=36073
INTEL_LIFECYCLE phase=vcpu_destroy_end generation=290 owner=36073
INTEL_LIFECYCLE phase=vm_destroy_begin generation=290 owner=36073
INTEL_LIFECYCLE phase=vm_destroy_end generation=290 owner=36073
INTEL_LIFECYCLE phase=vm_create_begin generation=291 owner=36073
INTEL_LIFECYCLE phase=vm_create_end generation=291 owner=36073
INTEL_LIFECYCLE phase=vcpu_create_begin generation=291 owner=36073
INTEL_LIFECYCLE phase=vcpu_create_end generation=291 owner=36073
[       OK ] HvfExecutor.NativeIntelCancellationAndCompletionFailureAllowRetry (248 ms)
[----------] 1 test from HvfExecutor (248 ms total)

[==========] 1 test from 1 test suite ran. (249 ms total)
[  PASSED  ] 1 test.

Repeating all tests (iteration 291) . . .

Note: Google Test filter = HvfExecutor.Native*
[==========] Running 1 test from 1 test suite.
[----------] 1 test from HvfExecutor
[ RUN      ] HvfExecutor.NativeIntelCancellationAndCompletionFailureAllowRetry
INTEL_PROBE phase=executor_retained
INTEL_LIFECYCLE phase=vcpu_destroy_begin generation=291 owner=36073
INTEL_LIFECYCLE phase=vcpu_destroy_end generation=291 owner=36073
INTEL_LIFECYCLE phase=vm_destroy_begin generation=291 owner=36073
INTEL_LIFECYCLE phase=vm_destroy_end generation=291 owner=36073
INTEL_LIFECYCLE phase=vm_create_begin generation=292 owner=36073
INTEL_LIFECYCLE phase=vm_create_end generation=292 owner=36073
INTEL_LIFECYCLE phase=vcpu_create_begin generation=292 owner=36073
INTEL_LIFECYCLE phase=vcpu_create_end generation=292 owner=36073
[       OK ] HvfExecutor.NativeIntelCancellationAndCompletionFailureAllowRetry (147 ms)
[----------] 1 test from HvfExecutor (147 ms total)

[==========] 1 test from 1 test suite ran. (147 ms total)
[  PASSED  ] 1 test.

Repeating all tests (iteration 292) . . .

Note: Google Test filter = HvfExecutor.Native*
[==========] Running 1 test from 1 test suite.
[----------] 1 test from HvfExecutor
[ RUN      ] HvfExecutor.NativeIntelCancellationAndCompletionFailureAllowRetry
INTEL_PROBE phase=executor_retained
INTEL_LIFECYCLE phase=vcpu_destroy_begin generation=292 owner=36073
INTEL_LIFECYCLE phase=vcpu_destroy_end generation=292 owner=36073
INTEL_LIFECYCLE phase=vm_destroy_begin generation=292 owner=36073
INTEL_LIFECYCLE phase=vm_destroy_end generation=292 owner=36073
INTEL_LIFECYCLE phase=vm_create_begin generation=293 owner=36073
INTEL_LIFECYCLE phase=vm_create_end generation=293 owner=36073
INTEL_LIFECYCLE phase=vcpu_create_begin generation=293 owner=36073
INTEL_LIFECYCLE phase=vcpu_create_end generation=293 owner=36073
[       OK ] HvfExecutor.NativeIntelCancellationAndCompletionFailureAllowRetry (353 ms)
[----------] 1 test from HvfExecutor (353 ms total)

[==========] 1 test from 1 test suite ran. (353 ms total)
[  PASSED  ] 1 test.

Repeating all tests (iteration 293) . . .

Note: Google Test filter = HvfExecutor.Native*
[==========] Running 1 test from 1 test suite.
[----------] 1 test from HvfExecutor
[ RUN      ] HvfExecutor.NativeIntelCancellationAndCompletionFailureAllowRetry
INTEL_PROBE phase=executor_retained
INTEL_LIFECYCLE phase=vcpu_destroy_begin generation=293 owner=36073
INTEL_LIFECYCLE phase=vcpu_destroy_end generation=293 owner=36073
INTEL_LIFECYCLE phase=vm_destroy_begin generation=293 owner=36073
INTEL_LIFECYCLE phase=vm_destroy_end generation=293 owner=36073
INTEL_LIFECYCLE phase=vm_create_begin generation=294 owner=36073
INTEL_LIFECYCLE phase=vm_create_end generation=294 owner=36073
INTEL_LIFECYCLE phase=vcpu_create_begin generation=294 owner=36073
INTEL_LIFECYCLE phase=vcpu_create_end generation=294 owner=36073
[       OK ] HvfExecutor.NativeIntelCancellationAndCompletionFailureAllowRetry (178 ms)
[----------] 1 test from HvfExecutor (178 ms total)

[==========] 1 test from 1 test suite ran. (178 ms total)
[  PASSED  ] 1 test.

Repeating all tests (iteration 294) . . .

Note: Google Test filter = HvfExecutor.Native*
[==========] Running 1 test from 1 test suite.
[----------] 1 test from HvfExecutor
[ RUN      ] HvfExecutor.NativeIntelCancellationAndCompletionFailureAllowRetry
INTEL_PROBE phase=executor_retained
INTEL_LIFECYCLE phase=vcpu_destroy_begin generation=294 owner=36073
INTEL_LIFECYCLE phase=vcpu_destroy_end generation=294 owner=36073
INTEL_LIFECYCLE phase=vm_destroy_begin generation=294 owner=36073
INTEL_LIFECYCLE phase=vm_destroy_end generation=294 owner=36073
INTEL_LIFECYCLE phase=vm_create_begin generation=295 owner=36073
INTEL_LIFECYCLE phase=vm_create_end generation=295 owner=36073
INTEL_LIFECYCLE phase=vcpu_create_begin generation=295 owner=36073
INTEL_LIFECYCLE phase=vcpu_create_end generation=295 owner=36073
[       OK ] HvfExecutor.NativeIntelCancellationAndCompletionFailureAllowRetry (366 ms)
[----------] 1 test from HvfExecutor (366 ms total)

[==========] 1 test from 1 test suite ran. (366 ms total)
[  PASSED  ] 1 test.

Repeating all tests (iteration 295) . . .

Note: Google Test filter = HvfExecutor.Native*
[==========] Running 1 test from 1 test suite.
[----------] 1 test from HvfExecutor
[ RUN      ] HvfExecutor.NativeIntelCancellationAndCompletionFailureAllowRetry
INTEL_PROBE phase=executor_retained
INTEL_LIFECYCLE phase=vcpu_destroy_begin generation=295 owner=36073
INTEL_LIFECYCLE phase=vcpu_destroy_end generation=295 owner=36073
INTEL_LIFECYCLE phase=vm_destroy_begin generation=295 owner=36073
INTEL_LIFECYCLE phase=vm_destroy_end generation=295 owner=36073
INTEL_LIFECYCLE phase=vm_create_begin generation=296 owner=36073
INTEL_LIFECYCLE phase=vm_create_end generation=296 owner=36073
INTEL_LIFECYCLE phase=vcpu_create_begin generation=296 owner=36073
INTEL_LIFECYCLE phase=vcpu_create_end generation=296 owner=36073
[       OK ] HvfExecutor.NativeIntelCancellationAndCompletionFailureAllowRetry (213 ms)
[----------] 1 test from HvfExecutor (213 ms total)

[==========] 1 test from 1 test suite ran. (213 ms total)
[  PASSED  ] 1 test.

Repeating all tests (iteration 296) . . .

Note: Google Test filter = HvfExecutor.Native*
[==========] Running 1 test from 1 test suite.
[----------] 1 test from HvfExecutor
[ RUN      ] HvfExecutor.NativeIntelCancellationAndCompletionFailureAllowRetry
INTEL_PROBE phase=executor_retained
INTEL_LIFECYCLE phase=vcpu_destroy_begin generation=296 owner=36073
INTEL_LIFECYCLE phase=vcpu_destroy_end generation=296 owner=36073
INTEL_LIFECYCLE phase=vm_destroy_begin generation=296 owner=36073
INTEL_LIFECYCLE phase=vm_destroy_end generation=296 owner=36073
INTEL_LIFECYCLE phase=vm_create_begin generation=297 owner=36073
INTEL_LIFECYCLE phase=vm_create_end generation=297 owner=36073
INTEL_LIFECYCLE phase=vcpu_create_begin generation=297 owner=36073
INTEL_LIFECYCLE phase=vcpu_create_end generation=297 owner=36073
[       OK ] HvfExecutor.NativeIntelCancellationAndCompletionFailureAllowRetry (423 ms)
[----------] 1 test from HvfExecutor (423 ms total)

[==========] 1 test from 1 test suite ran. (423 ms total)
[  PASSED  ] 1 test.

Repeating all tests (iteration 297) . . .

Note: Google Test filter = HvfExecutor.Native*
[==========] Running 1 test from 1 test suite.
[----------] 1 test from HvfExecutor
[ RUN      ] HvfExecutor.NativeIntelCancellationAndCompletionFailureAllowRetry
INTEL_PROBE phase=executor_retained
INTEL_LIFECYCLE phase=vcpu_destroy_begin generation=297 owner=36073
INTEL_LIFECYCLE phase=vcpu_destroy_end generation=297 owner=36073
INTEL_LIFECYCLE phase=vm_destroy_begin generation=297 owner=36073
INTEL_LIFECYCLE phase=vm_destroy_end generation=297 owner=36073
INTEL_LIFECYCLE phase=vm_create_begin generation=298 owner=36073
INTEL_LIFECYCLE phase=vm_create_end generation=298 owner=36073
INTEL_LIFECYCLE phase=vcpu_create_begin generation=298 owner=36073
INTEL_LIFECYCLE phase=vcpu_create_end generation=298 owner=36073
[       OK ] HvfExecutor.NativeIntelCancellationAndCompletionFailureAllowRetry (302 ms)
[----------] 1 test from HvfExecutor (302 ms total)

[==========] 1 test from 1 test suite ran. (302 ms total)
[  PASSED  ] 1 test.

Repeating all tests (iteration 298) . . .

Note: Google Test filter = HvfExecutor.Native*
[==========] Running 1 test from 1 test suite.
[----------] 1 test from HvfExecutor
[ RUN      ] HvfExecutor.NativeIntelCancellationAndCompletionFailureAllowRetry
INTEL_PROBE phase=executor_retained
INTEL_LIFECYCLE phase=vcpu_destroy_begin generation=298 owner=36073
INTEL_LIFECYCLE phase=vcpu_destroy_end generation=298 owner=36073
INTEL_LIFECYCLE phase=vm_destroy_begin generation=298 owner=36073
INTEL_LIFECYCLE phase=vm_destroy_end generation=298 owner=36073
INTEL_LIFECYCLE phase=vm_create_begin generation=299 owner=36073
INTEL_LIFECYCLE phase=vm_create_end generation=299 owner=36073
INTEL_LIFECYCLE phase=vcpu_create_begin generation=299 owner=36073
INTEL_LIFECYCLE phase=vcpu_create_end generation=299 owner=36073
[       OK ] HvfExecutor.NativeIntelCancellationAndCompletionFailureAllowRetry (297 ms)
[----------] 1 test from HvfExecutor (298 ms total)

[==========] 1 test from 1 test suite ran. (298 ms total)
[  PASSED  ] 1 test.

Repeating all tests (iteration 299) . . .

Note: Google Test filter = HvfExecutor.Native*
[==========] Running 1 test from 1 test suite.
[----------] 1 test from HvfExecutor
[ RUN      ] HvfExecutor.NativeIntelCancellationAndCompletionFailureAllowRetry
INTEL_PROBE phase=executor_retained
INTEL_LIFECYCLE phase=vcpu_destroy_begin generation=299 owner=36073
INTEL_LIFECYCLE phase=vcpu_destroy_end generation=299 owner=36073
INTEL_LIFECYCLE phase=vm_destroy_begin generation=299 owner=36073
INTEL_LIFECYCLE phase=vm_destroy_end generation=299 owner=36073
INTEL_LIFECYCLE phase=vm_create_begin generation=300 owner=36073
INTEL_LIFECYCLE phase=vm_create_end generation=300 owner=36073
INTEL_LIFECYCLE phase=vcpu_create_begin generation=300 owner=36073
INTEL_LIFECYCLE phase=vcpu_create_end generation=300 owner=36073
[       OK ] HvfExecutor.NativeIntelCancellationAndCompletionFailureAllowRetry (137 ms)
[----------] 1 test from HvfExecutor (137 ms total)

[==========] 1 test from 1 test suite ran. (137 ms total)
[  PASSED  ] 1 test.

Repeating all tests (iteration 300) . . .

Note: Google Test filter = HvfExecutor.Native*
[==========] Running 1 test from 1 test suite.
[----------] 1 test from HvfExecutor
[ RUN      ] HvfExecutor.NativeIntelCancellationAndCompletionFailureAllowRetry
INTEL_PROBE phase=executor_retained
INTEL_LIFECYCLE phase=vcpu_destroy_begin generation=300 owner=36073
INTEL_LIFECYCLE phase=vcpu_destroy_end generation=300 owner=36073
INTEL_LIFECYCLE phase=vm_destroy_begin generation=300 owner=36073
INTEL_LIFECYCLE phase=vm_destroy_end generation=300 owner=36073
INTEL_LIFECYCLE phase=vm_create_begin generation=301 owner=36073
INTEL_LIFECYCLE phase=vm_create_end generation=301 owner=36073
INTEL_LIFECYCLE phase=vcpu_create_begin generation=301 owner=36073
INTEL_LIFECYCLE phase=vcpu_create_end generation=301 owner=36073
[       OK ] HvfExecutor.NativeIntelCancellationAndCompletionFailureAllowRetry (346 ms)
[----------] 1 test from HvfExecutor (346 ms total)

[==========] 1 test from 1 test suite ran. (346 ms total)
[  PASSED  ] 1 test.

Repeating all tests (iteration 301) . . .

Note: Google Test filter = HvfExecutor.Native*
[==========] Running 1 test from 1 test suite.
[----------] 1 test from HvfExecutor
[ RUN      ] HvfExecutor.NativeIntelCancellationAndCompletionFailureAllowRetry
INTEL_PROBE phase=executor_retained
INTEL_LIFECYCLE phase=vcpu_destroy_begin generation=301 owner=36073
INTEL_LIFECYCLE phase=vcpu_destroy_end generation=301 owner=36073
INTEL_LIFECYCLE phase=vm_destroy_begin generation=301 owner=36073
INTEL_LIFECYCLE phase=vm_destroy_end generation=301 owner=36073
INTEL_LIFECYCLE phase=vm_create_begin generation=302 owner=36073
INTEL_LIFECYCLE phase=vm_create_end generation=302 owner=36073
INTEL_LIFECYCLE phase=vcpu_create_begin generation=302 owner=36073
INTEL_LIFECYCLE phase=vcpu_create_end generation=302 owner=36073
[       OK ] HvfExecutor.NativeIntelCancellationAndCompletionFailureAllowRetry (286 ms)
[----------] 1 test from HvfExecutor (286 ms total)

[==========] 1 test from 1 test suite ran. (286 ms total)
[  PASSED  ] 1 test.

Repeating all tests (iteration 302) . . .

Note: Google Test filter = HvfExecutor.Native*
[==========] Running 1 test from 1 test suite.
[----------] 1 test from HvfExecutor
[ RUN      ] HvfExecutor.NativeIntelCancellationAndCompletionFailureAllowRetry
INTEL_PROBE phase=executor_retained
INTEL_LIFECYCLE phase=vcpu_destroy_begin generation=302 owner=36073
INTEL_LIFECYCLE phase=vcpu_destroy_end generation=302 owner=36073
INTEL_LIFECYCLE phase=vm_destroy_begin generation=302 owner=36073
INTEL_LIFECYCLE phase=vm_destroy_end generation=302 owner=36073
INTEL_LIFECYCLE phase=vm_create_begin generation=303 owner=36073
INTEL_LIFECYCLE phase=vm_create_end generation=303 owner=36073
INTEL_LIFECYCLE phase=vcpu_create_begin generation=303 owner=36073
INTEL_LIFECYCLE phase=vcpu_create_end generation=303 owner=36073
[       OK ] HvfExecutor.NativeIntelCancellationAndCompletionFailureAllowRetry (340 ms)
[----------] 1 test from HvfExecutor (340 ms total)

[==========] 1 test from 1 test suite ran. (340 ms total)
[  PASSED  ] 1 test.

Repeating all tests (iteration 303) . . .

Note: Google Test filter = HvfExecutor.Native*
[==========] Running 1 test from 1 test suite.
[----------] 1 test from HvfExecutor
[ RUN      ] HvfExecutor.NativeIntelCancellationAndCompletionFailureAllowRetry
INTEL_PROBE phase=executor_retained
INTEL_LIFECYCLE phase=vcpu_destroy_begin generation=303 owner=36073
INTEL_LIFECYCLE phase=vcpu_destroy_end generation=303 owner=36073
INTEL_LIFECYCLE phase=vm_destroy_begin generation=303 owner=36073
INTEL_LIFECYCLE phase=vm_destroy_end generation=303 owner=36073
INTEL_LIFECYCLE phase=vm_create_begin generation=304 owner=36073
INTEL_LIFECYCLE phase=vm_create_end generation=304 owner=36073
INTEL_LIFECYCLE phase=vcpu_create_begin generation=304 owner=36073
INTEL_LIFECYCLE phase=vcpu_create_end generation=304 owner=36073
[       OK ] HvfExecutor.NativeIntelCancellationAndCompletionFailureAllowRetry (153 ms)
[----------] 1 test from HvfExecutor (153 ms total)

[==========] 1 test from 1 test suite ran. (153 ms total)
[  PASSED  ] 1 test.

Repeating all tests (iteration 304) . . .

Note: Google Test filter = HvfExecutor.Native*
[==========] Running 1 test from 1 test suite.
[----------] 1 test from HvfExecutor
[ RUN      ] HvfExecutor.NativeIntelCancellationAndCompletionFailureAllowRetry
INTEL_PROBE phase=executor_retained
INTEL_LIFECYCLE phase=vcpu_destroy_begin generation=304 owner=36073
INTEL_LIFECYCLE phase=vcpu_destroy_end generation=304 owner=36073
INTEL_LIFECYCLE phase=vm_destroy_begin generation=304 owner=36073
INTEL_LIFECYCLE phase=vm_destroy_end generation=304 owner=36073
INTEL_LIFECYCLE phase=vm_create_begin generation=305 owner=36073
INTEL_LIFECYCLE phase=vm_create_end generation=305 owner=36073
INTEL_LIFECYCLE phase=vcpu_create_begin generation=305 owner=36073
INTEL_LIFECYCLE phase=vcpu_create_end generation=305 owner=36073
[       OK ] HvfExecutor.NativeIntelCancellationAndCompletionFailureAllowRetry (233 ms)
[----------] 1 test from HvfExecutor (233 ms total)

[==========] 1 test from 1 test suite ran. (233 ms total)
[  PASSED  ] 1 test.

Repeating all tests (iteration 305) . . .

Note: Google Test filter = HvfExecutor.Native*
[==========] Running 1 test from 1 test suite.
[----------] 1 test from HvfExecutor
[ RUN      ] HvfExecutor.NativeIntelCancellationAndCompletionFailureAllowRetry
INTEL_PROBE phase=executor_retained
INTEL_LIFECYCLE phase=vcpu_destroy_begin generation=305 owner=36073
INTEL_LIFECYCLE phase=vcpu_destroy_end generation=305 owner=36073
INTEL_LIFECYCLE phase=vm_destroy_begin generation=305 owner=36073
INTEL_LIFECYCLE phase=vm_destroy_end generation=305 owner=36073
INTEL_LIFECYCLE phase=vm_create_begin generation=306 owner=36073
INTEL_LIFECYCLE phase=vm_create_end generation=306 owner=36073
INTEL_LIFECYCLE phase=vcpu_create_begin generation=306 owner=36073
INTEL_LIFECYCLE phase=vcpu_create_end generation=306 owner=36073
[       OK ] HvfExecutor.NativeIntelCancellationAndCompletionFailureAllowRetry (236 ms)
[----------] 1 test from HvfExecutor (236 ms total)

[==========] 1 test from 1 test suite ran. (236 ms total)
[  PASSED  ] 1 test.

Repeating all tests (iteration 306) . . .

Note: Google Test filter = HvfExecutor.Native*
[==========] Running 1 test from 1 test suite.
[----------] 1 test from HvfExecutor
[ RUN      ] HvfExecutor.NativeIntelCancellationAndCompletionFailureAllowRetry
INTEL_PROBE phase=executor_retained
INTEL_LIFECYCLE phase=vcpu_destroy_begin generation=306 owner=36073
INTEL_LIFECYCLE phase=vcpu_destroy_end generation=306 owner=36073
INTEL_LIFECYCLE phase=vm_destroy_begin generation=306 owner=36073
INTEL_LIFECYCLE phase=vm_destroy_end generation=306 owner=36073
INTEL_LIFECYCLE phase=vm_create_begin generation=307 owner=36073
INTEL_LIFECYCLE phase=vm_create_end generation=307 owner=36073
INTEL_LIFECYCLE phase=vcpu_create_begin generation=307 owner=36073
INTEL_LIFECYCLE phase=vcpu_create_end generation=307 owner=36073
[       OK ] HvfExecutor.NativeIntelCancellationAndCompletionFailureAllowRetry (401 ms)
[----------] 1 test from HvfExecutor (402 ms total)

[==========] 1 test from 1 test suite ran. (402 ms total)
[  PASSED  ] 1 test.

Repeating all tests (iteration 307) . . .

Note: Google Test filter = HvfExecutor.Native*
[==========] Running 1 test from 1 test suite.
[----------] 1 test from HvfExecutor
[ RUN      ] HvfExecutor.NativeIntelCancellationAndCompletionFailureAllowRetry
INTEL_PROBE phase=executor_retained
INTEL_LIFECYCLE phase=vcpu_destroy_begin generation=307 owner=36073
INTEL_LIFECYCLE phase=vcpu_destroy_end generation=307 owner=36073
INTEL_LIFECYCLE phase=vm_destroy_begin generation=307 owner=36073
INTEL_LIFECYCLE phase=vm_destroy_end generation=307 owner=36073
INTEL_LIFECYCLE phase=vm_create_begin generation=308 owner=36073
INTEL_LIFECYCLE phase=vm_create_end generation=308 owner=36073
INTEL_LIFECYCLE phase=vcpu_create_begin generation=308 owner=36073
INTEL_LIFECYCLE phase=vcpu_create_end generation=308 owner=36073
[       OK ] HvfExecutor.NativeIntelCancellationAndCompletionFailureAllowRetry (367 ms)
[----------] 1 test from HvfExecutor (367 ms total)

[==========] 1 test from 1 test suite ran. (367 ms total)
[  PASSED  ] 1 test.

Repeating all tests (iteration 308) . . .

Note: Google Test filter = HvfExecutor.Native*
[==========] Running 1 test from 1 test suite.
[----------] 1 test from HvfExecutor
[ RUN      ] HvfExecutor.NativeIntelCancellationAndCompletionFailureAllowRetry
INTEL_PROBE phase=executor_retained
INTEL_LIFECYCLE phase=vcpu_destroy_begin generation=308 owner=36073
INTEL_LIFECYCLE phase=vcpu_destroy_end generation=308 owner=36073
INTEL_LIFECYCLE phase=vm_destroy_begin generation=308 owner=36073
INTEL_LIFECYCLE phase=vm_destroy_end generation=308 owner=36073
INTEL_LIFECYCLE phase=vm_create_begin generation=309 owner=36073
INTEL_LIFECYCLE phase=vm_create_end generation=309 owner=36073
INTEL_LIFECYCLE phase=vcpu_create_begin generation=309 owner=36073
INTEL_LIFECYCLE phase=vcpu_create_end generation=309 owner=36073
[       OK ] HvfExecutor.NativeIntelCancellationAndCompletionFailureAllowRetry (360 ms)
[----------] 1 test from HvfExecutor (360 ms total)

[==========] 1 test from 1 test suite ran. (360 ms total)
[  PASSED  ] 1 test.

Repeating all tests (iteration 309) . . .

Note: Google Test filter = HvfExecutor.Native*
[==========] Running 1 test from 1 test suite.
[----------] 1 test from HvfExecutor
[ RUN      ] HvfExecutor.NativeIntelCancellationAndCompletionFailureAllowRetry
INTEL_PROBE phase=executor_retained
INTEL_LIFECYCLE phase=vcpu_destroy_begin generation=309 owner=36073
INTEL_LIFECYCLE phase=vcpu_destroy_end generation=309 owner=36073
INTEL_LIFECYCLE phase=vm_destroy_begin generation=309 owner=36073
INTEL_LIFECYCLE phase=vm_destroy_end generation=309 owner=36073
INTEL_LIFECYCLE phase=vm_create_begin generation=310 owner=36073
INTEL_LIFECYCLE phase=vm_create_end generation=310 owner=36073
INTEL_LIFECYCLE phase=vcpu_create_begin generation=310 owner=36073
INTEL_LIFECYCLE phase=vcpu_create_end generation=310 owner=36073
[       OK ] HvfExecutor.NativeIntelCancellationAndCompletionFailureAllowRetry (254 ms)
[----------] 1 test from HvfExecutor (254 ms total)

[==========] 1 test from 1 test suite ran. (254 ms total)
[  PASSED  ] 1 test.

Repeating all tests (iteration 310) . . .

Note: Google Test filter = HvfExecutor.Native*
[==========] Running 1 test from 1 test suite.
[----------] 1 test from HvfExecutor
[ RUN      ] HvfExecutor.NativeIntelCancellationAndCompletionFailureAllowRetry
INTEL_PROBE phase=executor_retained
INTEL_LIFECYCLE phase=vcpu_destroy_begin generation=310 owner=36073
INTEL_LIFECYCLE phase=vcpu_destroy_end generation=310 owner=36073
INTEL_LIFECYCLE phase=vm_destroy_begin generation=310 owner=36073
INTEL_LIFECYCLE phase=vm_destroy_end generation=310 owner=36073
INTEL_LIFECYCLE phase=vm_create_begin generation=311 owner=36073
INTEL_LIFECYCLE phase=vm_create_end generation=311 owner=36073
INTEL_LIFECYCLE phase=vcpu_create_begin generation=311 owner=36073
INTEL_LIFECYCLE phase=vcpu_create_end generation=311 owner=36073
[       OK ] HvfExecutor.NativeIntelCancellationAndCompletionFailureAllowRetry (385 ms)
[----------] 1 test from HvfExecutor (385 ms total)

[==========] 1 test from 1 test suite ran. (385 ms total)
[  PASSED  ] 1 test.

Repeating all tests (iteration 311) . . .

Note: Google Test filter = HvfExecutor.Native*
[==========] Running 1 test from 1 test suite.
[----------] 1 test from HvfExecutor
[ RUN      ] HvfExecutor.NativeIntelCancellationAndCompletionFailureAllowRetry
INTEL_PROBE phase=executor_retained
INTEL_LIFECYCLE phase=vcpu_destroy_begin generation=311 owner=36073
INTEL_LIFECYCLE phase=vcpu_destroy_end generation=311 owner=36073
INTEL_LIFECYCLE phase=vm_destroy_begin generation=311 owner=36073
INTEL_LIFECYCLE phase=vm_destroy_end generation=311 owner=36073
INTEL_LIFECYCLE phase=vm_create_begin generation=312 owner=36073
INTEL_LIFECYCLE phase=vm_create_end generation=312 owner=36073
INTEL_LIFECYCLE phase=vcpu_create_begin generation=312 owner=36073
INTEL_LIFECYCLE phase=vcpu_create_end generation=312 owner=36073
[       OK ] HvfExecutor.NativeIntelCancellationAndCompletionFailureAllowRetry (301 ms)
[----------] 1 test from HvfExecutor (301 ms total)

[==========] 1 test from 1 test suite ran. (301 ms total)
[  PASSED  ] 1 test.

Repeating all tests (iteration 312) . . .

Note: Google Test filter = HvfExecutor.Native*
[==========] Running 1 test from 1 test suite.
[----------] 1 test from HvfExecutor
[ RUN      ] HvfExecutor.NativeIntelCancellationAndCompletionFailureAllowRetry
INTEL_PROBE phase=executor_retained
INTEL_LIFECYCLE phase=vcpu_destroy_begin generation=312 owner=36073
INTEL_LIFECYCLE phase=vcpu_destroy_end generation=312 owner=36073
INTEL_LIFECYCLE phase=vm_destroy_begin generation=312 owner=36073
INTEL_LIFECYCLE phase=vm_destroy_end generation=312 owner=36073
INTEL_LIFECYCLE phase=vm_create_begin generation=313 owner=36073
INTEL_LIFECYCLE phase=vm_create_end generation=313 owner=36073
INTEL_LIFECYCLE phase=vcpu_create_begin generation=313 owner=36073
INTEL_LIFECYCLE phase=vcpu_create_end generation=313 owner=36073
[       OK ] HvfExecutor.NativeIntelCancellationAndCompletionFailureAllowRetry (224 ms)
[----------] 1 test from HvfExecutor (224 ms total)

[==========] 1 test from 1 test suite ran. (224 ms total)
[  PASSED  ] 1 test.

Repeating all tests (iteration 313) . . .

Note: Google Test filter = HvfExecutor.Native*
[==========] Running 1 test from 1 test suite.
[----------] 1 test from HvfExecutor
[ RUN      ] HvfExecutor.NativeIntelCancellationAndCompletionFailureAllowRetry
INTEL_PROBE phase=executor_retained
INTEL_LIFECYCLE phase=vcpu_destroy_begin generation=313 owner=36073
INTEL_LIFECYCLE phase=vcpu_destroy_end generation=313 owner=36073
INTEL_LIFECYCLE phase=vm_destroy_begin generation=313 owner=36073
INTEL_LIFECYCLE phase=vm_destroy_end generation=313 owner=36073
INTEL_LIFECYCLE phase=vm_create_begin generation=314 owner=36073
INTEL_LIFECYCLE phase=vm_create_end generation=314 owner=36073
INTEL_LIFECYCLE phase=vcpu_create_begin generation=314 owner=36073
INTEL_LIFECYCLE phase=vcpu_create_end generation=314 owner=36073
[       OK ] HvfExecutor.NativeIntelCancellationAndCompletionFailureAllowRetry (307 ms)
[----------] 1 test from HvfExecutor (307 ms total)

[==========] 1 test from 1 test suite ran. (307 ms total)
[  PASSED  ] 1 test.

Repeating all tests (iteration 314) . . .

Note: Google Test filter = HvfExecutor.Native*
[==========] Running 1 test from 1 test suite.
[----------] 1 test from HvfExecutor
[ RUN      ] HvfExecutor.NativeIntelCancellationAndCompletionFailureAllowRetry
INTEL_PROBE phase=executor_retained
INTEL_LIFECYCLE phase=vcpu_destroy_begin generation=314 owner=36073
INTEL_LIFECYCLE phase=vcpu_destroy_end generation=314 owner=36073
INTEL_LIFECYCLE phase=vm_destroy_begin generation=314 owner=36073
INTEL_LIFECYCLE phase=vm_destroy_end generation=314 owner=36073
INTEL_LIFECYCLE phase=vm_create_begin generation=315 owner=36073
INTEL_LIFECYCLE phase=vm_create_end generation=315 owner=36073
INTEL_LIFECYCLE phase=vcpu_create_begin generation=315 owner=36073
INTEL_LIFECYCLE phase=vcpu_create_end generation=315 owner=36073
[       OK ] HvfExecutor.NativeIntelCancellationAndCompletionFailureAllowRetry (273 ms)
[----------] 1 test from HvfExecutor (273 ms total)

[==========] 1 test from 1 test suite ran. (273 ms total)
[  PASSED  ] 1 test.

Repeating all tests (iteration 315) . . .

Note: Google Test filter = HvfExecutor.Native*
[==========] Running 1 test from 1 test suite.
[----------] 1 test from HvfExecutor
[ RUN      ] HvfExecutor.NativeIntelCancellationAndCompletionFailureAllowRetry
INTEL_PROBE phase=executor_retained
INTEL_LIFECYCLE phase=vcpu_destroy_begin generation=315 owner=36073
INTEL_LIFECYCLE phase=vcpu_destroy_end generation=315 owner=36073
INTEL_LIFECYCLE phase=vm_destroy_begin generation=315 owner=36073
INTEL_LIFECYCLE phase=vm_destroy_end generation=315 owner=36073
INTEL_LIFECYCLE phase=vm_create_begin generation=316 owner=36073
INTEL_LIFECYCLE phase=vm_create_end generation=316 owner=36073
INTEL_LIFECYCLE phase=vcpu_create_begin generation=316 owner=36073
INTEL_LIFECYCLE phase=vcpu_create_end generation=316 owner=36073
[       OK ] HvfExecutor.NativeIntelCancellationAndCompletionFailureAllowRetry (319 ms)
[----------] 1 test from HvfExecutor (319 ms total)

[==========] 1 test from 1 test suite ran. (319 ms total)
[  PASSED  ] 1 test.

Repeating all tests (iteration 316) . . .

Note: Google Test filter = HvfExecutor.Native*
[==========] Running 1 test from 1 test suite.
[----------] 1 test from HvfExecutor
[ RUN      ] HvfExecutor.NativeIntelCancellationAndCompletionFailureAllowRetry
INTEL_PROBE phase=executor_retained
INTEL_LIFECYCLE phase=vcpu_destroy_begin generation=316 owner=36073
INTEL_LIFECYCLE phase=vcpu_destroy_end generation=316 owner=36073
INTEL_LIFECYCLE phase=vm_destroy_begin generation=316 owner=36073
INTEL_LIFECYCLE phase=vm_destroy_end generation=316 owner=36073
INTEL_LIFECYCLE phase=vm_create_begin generation=317 owner=36073
INTEL_LIFECYCLE phase=vm_create_end generation=317 owner=36073
INTEL_LIFECYCLE phase=vcpu_create_begin generation=317 owner=36073
INTEL_LIFECYCLE phase=vcpu_create_end generation=317 owner=36073
[       OK ] HvfExecutor.NativeIntelCancellationAndCompletionFailureAllowRetry (198 ms)
[----------] 1 test from HvfExecutor (198 ms total)

[==========] 1 test from 1 test suite ran. (198 ms total)
[  PASSED  ] 1 test.

Repeating all tests (iteration 317) . . .

Note: Google Test filter = HvfExecutor.Native*
[==========] Running 1 test from 1 test suite.
[----------] 1 test from HvfExecutor
[ RUN      ] HvfExecutor.NativeIntelCancellationAndCompletionFailureAllowRetry
INTEL_PROBE phase=executor_retained
INTEL_LIFECYCLE phase=vcpu_destroy_begin generation=317 owner=36073
INTEL_LIFECYCLE phase=vcpu_destroy_end generation=317 owner=36073
INTEL_LIFECYCLE phase=vm_destroy_begin generation=317 owner=36073
INTEL_LIFECYCLE phase=vm_destroy_end generation=317 owner=36073
INTEL_LIFECYCLE phase=vm_create_begin generation=318 owner=36073
INTEL_LIFECYCLE phase=vm_create_end generation=318 owner=36073
INTEL_LIFECYCLE phase=vcpu_create_begin generation=318 owner=36073
INTEL_LIFECYCLE phase=vcpu_create_end generation=318 owner=36073
[       OK ] HvfExecutor.NativeIntelCancellationAndCompletionFailureAllowRetry (228 ms)
[----------] 1 test from HvfExecutor (228 ms total)

[==========] 1 test from 1 test suite ran. (228 ms total)
[  PASSED  ] 1 test.

Repeating all tests (iteration 318) . . .

Note: Google Test filter = HvfExecutor.Native*
[==========] Running 1 test from 1 test suite.
[----------] 1 test from HvfExecutor
[ RUN      ] HvfExecutor.NativeIntelCancellationAndCompletionFailureAllowRetry
INTEL_PROBE phase=executor_retained
INTEL_LIFECYCLE phase=vcpu_destroy_begin generation=318 owner=36073
INTEL_LIFECYCLE phase=vcpu_destroy_end generation=318 owner=36073
INTEL_LIFECYCLE phase=vm_destroy_begin generation=318 owner=36073
INTEL_LIFECYCLE phase=vm_destroy_end generation=318 owner=36073
INTEL_LIFECYCLE phase=vm_create_begin generation=319 owner=36073
INTEL_LIFECYCLE phase=vm_create_end generation=319 owner=36073
INTEL_LIFECYCLE phase=vcpu_create_begin generation=319 owner=36073
INTEL_LIFECYCLE phase=vcpu_create_end generation=319 owner=36073
[       OK ] HvfExecutor.NativeIntelCancellationAndCompletionFailureAllowRetry (172 ms)
[----------] 1 test from HvfExecutor (172 ms total)

[==========] 1 test from 1 test suite ran. (172 ms total)
[  PASSED  ] 1 test.

Repeating all tests (iteration 319) . . .

Note: Google Test filter = HvfExecutor.Native*
[==========] Running 1 test from 1 test suite.
[----------] 1 test from HvfExecutor
[ RUN      ] HvfExecutor.NativeIntelCancellationAndCompletionFailureAllowRetry
INTEL_PROBE phase=executor_retained
INTEL_LIFECYCLE phase=vcpu_destroy_begin generation=319 owner=36073
INTEL_LIFECYCLE phase=vcpu_destroy_end generation=319 owner=36073
INTEL_LIFECYCLE phase=vm_destroy_begin generation=319 owner=36073
INTEL_LIFECYCLE phase=vm_destroy_end generation=319 owner=36073
INTEL_LIFECYCLE phase=vm_create_begin generation=320 owner=36073
INTEL_LIFECYCLE phase=vm_create_end generation=320 owner=36073
INTEL_LIFECYCLE phase=vcpu_create_begin generation=320 owner=36073
INTEL_LIFECYCLE phase=vcpu_create_end generation=320 owner=36073
[       OK ] HvfExecutor.NativeIntelCancellationAndCompletionFailureAllowRetry (276 ms)
[----------] 1 test from HvfExecutor (276 ms total)

[==========] 1 test from 1 test suite ran. (276 ms total)
[  PASSED  ] 1 test.

Repeating all tests (iteration 320) . . .

Note: Google Test filter = HvfExecutor.Native*
[==========] Running 1 test from 1 test suite.
[----------] 1 test from HvfExecutor
[ RUN      ] HvfExecutor.NativeIntelCancellationAndCompletionFailureAllowRetry
INTEL_PROBE phase=executor_retained
INTEL_LIFECYCLE phase=vcpu_destroy_begin generation=320 owner=36073
INTEL_LIFECYCLE phase=vcpu_destroy_end generation=320 owner=36073
INTEL_LIFECYCLE phase=vm_destroy_begin generation=320 owner=36073
INTEL_LIFECYCLE phase=vm_destroy_end generation=320 owner=36073
INTEL_LIFECYCLE phase=vm_create_begin generation=321 owner=36073
INTEL_LIFECYCLE phase=vm_create_end generation=321 owner=36073
INTEL_LIFECYCLE phase=vcpu_create_begin generation=321 owner=36073
INTEL_LIFECYCLE phase=vcpu_create_end generation=321 owner=36073
[       OK ] HvfExecutor.NativeIntelCancellationAndCompletionFailureAllowRetry (256 ms)
[----------] 1 test from HvfExecutor (256 ms total)

[==========] 1 test from 1 test suite ran. (256 ms total)
[  PASSED  ] 1 test.

Repeating all tests (iteration 321) . . .

Note: Google Test filter = HvfExecutor.Native*
[==========] Running 1 test from 1 test suite.
[----------] 1 test from HvfExecutor
[ RUN      ] HvfExecutor.NativeIntelCancellationAndCompletionFailureAllowRetry
INTEL_PROBE phase=executor_retained
INTEL_LIFECYCLE phase=vcpu_destroy_begin generation=321 owner=36073
INTEL_LIFECYCLE phase=vcpu_destroy_end generation=321 owner=36073
INTEL_LIFECYCLE phase=vm_destroy_begin generation=321 owner=36073
INTEL_LIFECYCLE phase=vm_destroy_end generation=321 owner=36073
INTEL_LIFECYCLE phase=vm_create_begin generation=322 owner=36073
INTEL_LIFECYCLE phase=vm_create_end generation=322 owner=36073
INTEL_LIFECYCLE phase=vcpu_create_begin generation=322 owner=36073
INTEL_LIFECYCLE phase=vcpu_create_end generation=322 owner=36073
[       OK ] HvfExecutor.NativeIntelCancellationAndCompletionFailureAllowRetry (164 ms)
[----------] 1 test from HvfExecutor (164 ms total)

[==========] 1 test from 1 test suite ran. (165 ms total)
[  PASSED  ] 1 test.

Repeating all tests (iteration 322) . . .

Note: Google Test filter = HvfExecutor.Native*
[==========] Running 1 test from 1 test suite.
[----------] 1 test from HvfExecutor
[ RUN      ] HvfExecutor.NativeIntelCancellationAndCompletionFailureAllowRetry
INTEL_PROBE phase=executor_retained
INTEL_LIFECYCLE phase=vcpu_destroy_begin generation=322 owner=36073
INTEL_LIFECYCLE phase=vcpu_destroy_end generation=322 owner=36073
INTEL_LIFECYCLE phase=vm_destroy_begin generation=322 owner=36073
INTEL_LIFECYCLE phase=vm_destroy_end generation=322 owner=36073
INTEL_LIFECYCLE phase=vm_create_begin generation=323 owner=36073
INTEL_LIFECYCLE phase=vm_create_end generation=323 owner=36073
INTEL_LIFECYCLE phase=vcpu_create_begin generation=323 owner=36073
INTEL_LIFECYCLE phase=vcpu_create_end generation=323 owner=36073
[       OK ] HvfExecutor.NativeIntelCancellationAndCompletionFailureAllowRetry (158 ms)
[----------] 1 test from HvfExecutor (158 ms total)

[==========] 1 test from 1 test suite ran. (158 ms total)
[  PASSED  ] 1 test.

Repeating all tests (iteration 323) . . .

Note: Google Test filter = HvfExecutor.Native*
[==========] Running 1 test from 1 test suite.
[----------] 1 test from HvfExecutor
[ RUN      ] HvfExecutor.NativeIntelCancellationAndCompletionFailureAllowRetry
INTEL_PROBE phase=executor_retained
INTEL_LIFECYCLE phase=vcpu_destroy_begin generation=323 owner=36073
INTEL_LIFECYCLE phase=vcpu_destroy_end generation=323 owner=36073
INTEL_LIFECYCLE phase=vm_destroy_begin generation=323 owner=36073
INTEL_LIFECYCLE phase=vm_destroy_end generation=323 owner=36073
INTEL_LIFECYCLE phase=vm_create_begin generation=324 owner=36073
INTEL_LIFECYCLE phase=vm_create_end generation=324 owner=36073
INTEL_LIFECYCLE phase=vcpu_create_begin generation=324 owner=36073
INTEL_LIFECYCLE phase=vcpu_create_end generation=324 owner=36073
[       OK ] HvfExecutor.NativeIntelCancellationAndCompletionFailureAllowRetry (378 ms)
[----------] 1 test from HvfExecutor (378 ms total)

[==========] 1 test from 1 test suite ran. (378 ms total)
[  PASSED  ] 1 test.

Repeating all tests (iteration 324) . . .

Note: Google Test filter = HvfExecutor.Native*
[==========] Running 1 test from 1 test suite.
[----------] 1 test from HvfExecutor
[ RUN      ] HvfExecutor.NativeIntelCancellationAndCompletionFailureAllowRetry
INTEL_PROBE phase=executor_retained
INTEL_LIFECYCLE phase=vcpu_destroy_begin generation=324 owner=36073
INTEL_LIFECYCLE phase=vcpu_destroy_end generation=324 owner=36073
INTEL_LIFECYCLE phase=vm_destroy_begin generation=324 owner=36073
INTEL_LIFECYCLE phase=vm_destroy_end generation=324 owner=36073
INTEL_LIFECYCLE phase=vm_create_begin generation=325 owner=36073
INTEL_LIFECYCLE phase=vm_create_end generation=325 owner=36073
INTEL_LIFECYCLE phase=vcpu_create_begin generation=325 owner=36073
INTEL_LIFECYCLE phase=vcpu_create_end generation=325 owner=36073
[       OK ] HvfExecutor.NativeIntelCancellationAndCompletionFailureAllowRetry (266 ms)
[----------] 1 test from HvfExecutor (266 ms total)

[==========] 1 test from 1 test suite ran. (266 ms total)
[  PASSED  ] 1 test.

Repeating all tests (iteration 325) . . .

Note: Google Test filter = HvfExecutor.Native*
[==========] Running 1 test from 1 test suite.
[----------] 1 test from HvfExecutor
[ RUN      ] HvfExecutor.NativeIntelCancellationAndCompletionFailureAllowRetry
INTEL_PROBE phase=executor_retained
INTEL_LIFECYCLE phase=vcpu_destroy_begin generation=325 owner=36073
INTEL_LIFECYCLE phase=vcpu_destroy_end generation=325 owner=36073
INTEL_LIFECYCLE phase=vm_destroy_begin generation=325 owner=36073
INTEL_LIFECYCLE phase=vm_destroy_end generation=325 owner=36073
INTEL_LIFECYCLE phase=vm_create_begin generation=326 owner=36073
INTEL_LIFECYCLE phase=vm_create_end generation=326 owner=36073
INTEL_LIFECYCLE phase=vcpu_create_begin generation=326 owner=36073
INTEL_LIFECYCLE phase=vcpu_create_end generation=326 owner=36073
[       OK ] HvfExecutor.NativeIntelCancellationAndCompletionFailureAllowRetry (246 ms)
[----------] 1 test from HvfExecutor (246 ms total)

[==========] 1 test from 1 test suite ran. (247 ms total)
[  PASSED  ] 1 test.

Repeating all tests (iteration 326) . . .

Note: Google Test filter = HvfExecutor.Native*
[==========] Running 1 test from 1 test suite.
[----------] 1 test from HvfExecutor
[ RUN      ] HvfExecutor.NativeIntelCancellationAndCompletionFailureAllowRetry
INTEL_PROBE phase=executor_retained
INTEL_LIFECYCLE phase=vcpu_destroy_begin generation=326 owner=36073
INTEL_LIFECYCLE phase=vcpu_destroy_end generation=326 owner=36073
INTEL_LIFECYCLE phase=vm_destroy_begin generation=326 owner=36073
INTEL_LIFECYCLE phase=vm_destroy_end generation=326 owner=36073
INTEL_LIFECYCLE phase=vm_create_begin generation=327 owner=36073
INTEL_LIFECYCLE phase=vm_create_end generation=327 owner=36073
INTEL_LIFECYCLE phase=vcpu_create_begin generation=327 owner=36073
INTEL_LIFECYCLE phase=vcpu_create_end generation=327 owner=36073
[       OK ] HvfExecutor.NativeIntelCancellationAndCompletionFailureAllowRetry (345 ms)
[----------] 1 test from HvfExecutor (345 ms total)

[==========] 1 test from 1 test suite ran. (345 ms total)
[  PASSED  ] 1 test.

Repeating all tests (iteration 327) . . .

Note: Google Test filter = HvfExecutor.Native*
[==========] Running 1 test from 1 test suite.
[----------] 1 test from HvfExecutor
[ RUN      ] HvfExecutor.NativeIntelCancellationAndCompletionFailureAllowRetry
INTEL_PROBE phase=executor_retained
INTEL_LIFECYCLE phase=vcpu_destroy_begin generation=327 owner=36073
INTEL_LIFECYCLE phase=vcpu_destroy_end generation=327 owner=36073
INTEL_LIFECYCLE phase=vm_destroy_begin generation=327 owner=36073
INTEL_LIFECYCLE phase=vm_destroy_end generation=327 owner=36073
INTEL_LIFECYCLE phase=vm_create_begin generation=328 owner=36073
INTEL_LIFECYCLE phase=vm_create_end generation=328 owner=36073
INTEL_LIFECYCLE phase=vcpu_create_begin generation=328 owner=36073
INTEL_LIFECYCLE phase=vcpu_create_end generation=328 owner=36073
[       OK ] HvfExecutor.NativeIntelCancellationAndCompletionFailureAllowRetry (239 ms)
[----------] 1 test from HvfExecutor (239 ms total)

[==========] 1 test from 1 test suite ran. (239 ms total)
[  PASSED  ] 1 test.

Repeating all tests (iteration 328) . . .

Note: Google Test filter = HvfExecutor.Native*
[==========] Running 1 test from 1 test suite.
[----------] 1 test from HvfExecutor
[ RUN      ] HvfExecutor.NativeIntelCancellationAndCompletionFailureAllowRetry
INTEL_PROBE phase=executor_retained
INTEL_LIFECYCLE phase=vcpu_destroy_begin generation=328 owner=36073
INTEL_LIFECYCLE phase=vcpu_destroy_end generation=328 owner=36073
INTEL_LIFECYCLE phase=vm_destroy_begin generation=328 owner=36073
INTEL_LIFECYCLE phase=vm_destroy_end generation=328 owner=36073
INTEL_LIFECYCLE phase=vm_create_begin generation=329 owner=36073
INTEL_LIFECYCLE phase=vm_create_end generation=329 owner=36073
INTEL_LIFECYCLE phase=vcpu_create_begin generation=329 owner=36073
INTEL_LIFECYCLE phase=vcpu_create_end generation=329 owner=36073
[       OK ] HvfExecutor.NativeIntelCancellationAndCompletionFailureAllowRetry (136 ms)
[----------] 1 test from HvfExecutor (136 ms total)

[==========] 1 test from 1 test suite ran. (136 ms total)
[  PASSED  ] 1 test.

Repeating all tests (iteration 329) . . .

Note: Google Test filter = HvfExecutor.Native*
[==========] Running 1 test from 1 test suite.
[----------] 1 test from HvfExecutor
[ RUN      ] HvfExecutor.NativeIntelCancellationAndCompletionFailureAllowRetry
INTEL_PROBE phase=executor_retained
INTEL_LIFECYCLE phase=vcpu_destroy_begin generation=329 owner=36073
INTEL_LIFECYCLE phase=vcpu_destroy_end generation=329 owner=36073
INTEL_LIFECYCLE phase=vm_destroy_begin generation=329 owner=36073
INTEL_LIFECYCLE phase=vm_destroy_end generation=329 owner=36073
INTEL_LIFECYCLE phase=vm_create_begin generation=330 owner=36073
INTEL_LIFECYCLE phase=vm_create_end generation=330 owner=36073
INTEL_LIFECYCLE phase=vcpu_create_begin generation=330 owner=36073
INTEL_LIFECYCLE phase=vcpu_create_end generation=330 owner=36073
[       OK ] HvfExecutor.NativeIntelCancellationAndCompletionFailureAllowRetry (395 ms)
[----------] 1 test from HvfExecutor (395 ms total)

[==========] 1 test from 1 test suite ran. (395 ms total)
[  PASSED  ] 1 test.

Repeating all tests (iteration 330) . . .

Note: Google Test filter = HvfExecutor.Native*
[==========] Running 1 test from 1 test suite.
[----------] 1 test from HvfExecutor
[ RUN      ] HvfExecutor.NativeIntelCancellationAndCompletionFailureAllowRetry
INTEL_PROBE phase=executor_retained
INTEL_LIFECYCLE phase=vcpu_destroy_begin generation=330 owner=36073
INTEL_LIFECYCLE phase=vcpu_destroy_end generation=330 owner=36073
INTEL_LIFECYCLE phase=vm_destroy_begin generation=330 owner=36073
INTEL_LIFECYCLE phase=vm_destroy_end generation=330 owner=36073
INTEL_LIFECYCLE phase=vm_create_begin generation=331 owner=36073
INTEL_LIFECYCLE phase=vm_create_end generation=331 owner=36073
INTEL_LIFECYCLE phase=vcpu_create_begin generation=331 owner=36073
INTEL_LIFECYCLE phase=vcpu_create_end generation=331 owner=36073
[       OK ] HvfExecutor.NativeIntelCancellationAndCompletionFailureAllowRetry (400 ms)
[----------] 1 test from HvfExecutor (400 ms total)

[==========] 1 test from 1 test suite ran. (400 ms total)
[  PASSED  ] 1 test.

Repeating all tests (iteration 331) . . .

Note: Google Test filter = HvfExecutor.Native*
[==========] Running 1 test from 1 test suite.
[----------] 1 test from HvfExecutor
[ RUN      ] HvfExecutor.NativeIntelCancellationAndCompletionFailureAllowRetry
INTEL_PROBE phase=executor_retained
INTEL_LIFECYCLE phase=vcpu_destroy_begin generation=331 owner=36073
INTEL_LIFECYCLE phase=vcpu_destroy_end generation=331 owner=36073
INTEL_LIFECYCLE phase=vm_destroy_begin generation=331 owner=36073
INTEL_LIFECYCLE phase=vm_destroy_end generation=331 owner=36073
INTEL_LIFECYCLE phase=vm_create_begin generation=332 owner=36073
INTEL_LIFECYCLE phase=vm_create_end generation=332 owner=36073
INTEL_LIFECYCLE phase=vcpu_create_begin generation=332 owner=36073
INTEL_LIFECYCLE phase=vcpu_create_end generation=332 owner=36073
[       OK ] HvfExecutor.NativeIntelCancellationAndCompletionFailureAllowRetry (168 ms)
[----------] 1 test from HvfExecutor (168 ms total)

[==========] 1 test from 1 test suite ran. (168 ms total)
[  PASSED  ] 1 test.

Repeating all tests (iteration 332) . . .

Note: Google Test filter = HvfExecutor.Native*
[==========] Running 1 test from 1 test suite.
[----------] 1 test from HvfExecutor
[ RUN      ] HvfExecutor.NativeIntelCancellationAndCompletionFailureAllowRetry
INTEL_PROBE phase=executor_retained
INTEL_LIFECYCLE phase=vcpu_destroy_begin generation=332 owner=36073
INTEL_LIFECYCLE phase=vcpu_destroy_end generation=332 owner=36073
INTEL_LIFECYCLE phase=vm_destroy_begin generation=332 owner=36073
INTEL_LIFECYCLE phase=vm_destroy_end generation=332 owner=36073
INTEL_LIFECYCLE phase=vm_create_begin generation=333 owner=36073
INTEL_LIFECYCLE phase=vm_create_end generation=333 owner=36073
INTEL_LIFECYCLE phase=vcpu_create_begin generation=333 owner=36073
INTEL_LIFECYCLE phase=vcpu_create_end generation=333 owner=36073
[       OK ] HvfExecutor.NativeIntelCancellationAndCompletionFailureAllowRetry (298 ms)
[----------] 1 test from HvfExecutor (298 ms total)

[==========] 1 test from 1 test suite ran. (298 ms total)
[  PASSED  ] 1 test.

Repeating all tests (iteration 333) . . .

Note: Google Test filter = HvfExecutor.Native*
[==========] Running 1 test from 1 test suite.
[----------] 1 test from HvfExecutor
[ RUN      ] HvfExecutor.NativeIntelCancellationAndCompletionFailureAllowRetry
INTEL_PROBE phase=executor_retained
INTEL_LIFECYCLE phase=vcpu_destroy_begin generation=333 owner=36073
INTEL_LIFECYCLE phase=vcpu_destroy_end generation=333 owner=36073
INTEL_LIFECYCLE phase=vm_destroy_begin generation=333 owner=36073
INTEL_LIFECYCLE phase=vm_destroy_end generation=333 owner=36073
INTEL_LIFECYCLE phase=vm_create_begin generation=334 owner=36073
INTEL_LIFECYCLE phase=vm_create_end generation=334 owner=36073
INTEL_LIFECYCLE phase=vcpu_create_begin generation=334 owner=36073
INTEL_LIFECYCLE phase=vcpu_create_end generation=334 owner=36073
[       OK ] HvfExecutor.NativeIntelCancellationAndCompletionFailureAllowRetry (132 ms)
[----------] 1 test from HvfExecutor (133 ms total)

[==========] 1 test from 1 test suite ran. (133 ms total)
[  PASSED  ] 1 test.

Repeating all tests (iteration 334) . . .

Note: Google Test filter = HvfExecutor.Native*
[==========] Running 1 test from 1 test suite.
[----------] 1 test from HvfExecutor
[ RUN      ] HvfExecutor.NativeIntelCancellationAndCompletionFailureAllowRetry
INTEL_PROBE phase=executor_retained
INTEL_LIFECYCLE phase=vcpu_destroy_begin generation=334 owner=36073
INTEL_LIFECYCLE phase=vcpu_destroy_end generation=334 owner=36073
INTEL_LIFECYCLE phase=vm_destroy_begin generation=334 owner=36073
INTEL_LIFECYCLE phase=vm_destroy_end generation=334 owner=36073
INTEL_LIFECYCLE phase=vm_create_begin generation=335 owner=36073
INTEL_LIFECYCLE phase=vm_create_end generation=335 owner=36073
INTEL_LIFECYCLE phase=vcpu_create_begin generation=335 owner=36073
INTEL_LIFECYCLE phase=vcpu_create_end generation=335 owner=36073
[       OK ] HvfExecutor.NativeIntelCancellationAndCompletionFailureAllowRetry (389 ms)
[----------] 1 test from HvfExecutor (389 ms total)

[==========] 1 test from 1 test suite ran. (389 ms total)
[  PASSED  ] 1 test.

Repeating all tests (iteration 335) . . .

Note: Google Test filter = HvfExecutor.Native*
[==========] Running 1 test from 1 test suite.
[----------] 1 test from HvfExecutor
[ RUN      ] HvfExecutor.NativeIntelCancellationAndCompletionFailureAllowRetry
INTEL_PROBE phase=executor_retained
INTEL_LIFECYCLE phase=vcpu_destroy_begin generation=335 owner=36073
INTEL_LIFECYCLE phase=vcpu_destroy_end generation=335 owner=36073
INTEL_LIFECYCLE phase=vm_destroy_begin generation=335 owner=36073
INTEL_LIFECYCLE phase=vm_destroy_end generation=335 owner=36073
INTEL_LIFECYCLE phase=vm_create_begin generation=336 owner=36073
INTEL_LIFECYCLE phase=vm_create_end generation=336 owner=36073
INTEL_LIFECYCLE phase=vcpu_create_begin generation=336 owner=36073
INTEL_LIFECYCLE phase=vcpu_create_end generation=336 owner=36073
[       OK ] HvfExecutor.NativeIntelCancellationAndCompletionFailureAllowRetry (301 ms)
[----------] 1 test from HvfExecutor (301 ms total)

[==========] 1 test from 1 test suite ran. (301 ms total)
[  PASSED  ] 1 test.

Repeating all tests (iteration 336) . . .

Note: Google Test filter = HvfExecutor.Native*
[==========] Running 1 test from 1 test suite.
[----------] 1 test from HvfExecutor
[ RUN      ] HvfExecutor.NativeIntelCancellationAndCompletionFailureAllowRetry
INTEL_PROBE phase=executor_retained
INTEL_LIFECYCLE phase=vcpu_destroy_begin generation=336 owner=36073
INTEL_LIFECYCLE phase=vcpu_destroy_end generation=336 owner=36073
INTEL_LIFECYCLE phase=vm_destroy_begin generation=336 owner=36073
INTEL_LIFECYCLE phase=vm_destroy_end generation=336 owner=36073
INTEL_LIFECYCLE phase=vm_create_begin generation=337 owner=36073
INTEL_LIFECYCLE phase=vm_create_end generation=337 owner=36073
INTEL_LIFECYCLE phase=vcpu_create_begin generation=337 owner=36073
INTEL_LIFECYCLE phase=vcpu_create_end generation=337 owner=36073
[       OK ] HvfExecutor.NativeIntelCancellationAndCompletionFailureAllowRetry (341 ms)
[----------] 1 test from HvfExecutor (341 ms total)

[==========] 1 test from 1 test suite ran. (341 ms total)
[  PASSED  ] 1 test.

Repeating all tests (iteration 337) . . .

Note: Google Test filter = HvfExecutor.Native*
[==========] Running 1 test from 1 test suite.
[----------] 1 test from HvfExecutor
[ RUN      ] HvfExecutor.NativeIntelCancellationAndCompletionFailureAllowRetry
INTEL_PROBE phase=executor_retained
INTEL_LIFECYCLE phase=vcpu_destroy_begin generation=337 owner=36073
INTEL_LIFECYCLE phase=vcpu_destroy_end generation=337 owner=36073
INTEL_LIFECYCLE phase=vm_destroy_begin generation=337 owner=36073
INTEL_LIFECYCLE phase=vm_destroy_end generation=337 owner=36073
INTEL_LIFECYCLE phase=vm_create_begin generation=338 owner=36073
INTEL_LIFECYCLE phase=vm_create_end generation=338 owner=36073
INTEL_LIFECYCLE phase=vcpu_create_begin generation=338 owner=36073
INTEL_LIFECYCLE phase=vcpu_create_end generation=338 owner=36073
[       OK ] HvfExecutor.NativeIntelCancellationAndCompletionFailureAllowRetry (408 ms)
[----------] 1 test from HvfExecutor (408 ms total)

[==========] 1 test from 1 test suite ran. (408 ms total)
[  PASSED  ] 1 test.

Repeating all tests (iteration 338) . . .

Note: Google Test filter = HvfExecutor.Native*
[==========] Running 1 test from 1 test suite.
[----------] 1 test from HvfExecutor
[ RUN      ] HvfExecutor.NativeIntelCancellationAndCompletionFailureAllowRetry
INTEL_PROBE phase=executor_retained
INTEL_LIFECYCLE phase=vcpu_destroy_begin generation=338 owner=36073
INTEL_LIFECYCLE phase=vcpu_destroy_end generation=338 owner=36073
INTEL_LIFECYCLE phase=vm_destroy_begin generation=338 owner=36073
INTEL_LIFECYCLE phase=vm_destroy_end generation=338 owner=36073
INTEL_LIFECYCLE phase=vm_create_begin generation=339 owner=36073
INTEL_LIFECYCLE phase=vm_create_end generation=339 owner=36073
INTEL_LIFECYCLE phase=vcpu_create_begin generation=339 owner=36073
INTEL_LIFECYCLE phase=vcpu_create_end generation=339 owner=36073
[       OK ] HvfExecutor.NativeIntelCancellationAndCompletionFailureAllowRetry (243 ms)
[----------] 1 test from HvfExecutor (243 ms total)

[==========] 1 test from 1 test suite ran. (243 ms total)
[  PASSED  ] 1 test.

Repeating all tests (iteration 339) . . .

Note: Google Test filter = HvfExecutor.Native*
[==========] Running 1 test from 1 test suite.
[----------] 1 test from HvfExecutor
[ RUN      ] HvfExecutor.NativeIntelCancellationAndCompletionFailureAllowRetry
INTEL_PROBE phase=executor_retained
INTEL_LIFECYCLE phase=vcpu_destroy_begin generation=339 owner=36073
INTEL_LIFECYCLE phase=vcpu_destroy_end generation=339 owner=36073
INTEL_LIFECYCLE phase=vm_destroy_begin generation=339 owner=36073
INTEL_LIFECYCLE phase=vm_destroy_end generation=339 owner=36073
INTEL_LIFECYCLE phase=vm_create_begin generation=340 owner=36073
INTEL_LIFECYCLE phase=vm_create_end generation=340 owner=36073
INTEL_LIFECYCLE phase=vcpu_create_begin generation=340 owner=36073
INTEL_LIFECYCLE phase=vcpu_create_end generation=340 owner=36073
[       OK ] HvfExecutor.NativeIntelCancellationAndCompletionFailureAllowRetry (256 ms)
[----------] 1 test from HvfExecutor (256 ms total)

[==========] 1 test from 1 test suite ran. (256 ms total)
[  PASSED  ] 1 test.

Repeating all tests (iteration 340) . . .

Note: Google Test filter = HvfExecutor.Native*
[==========] Running 1 test from 1 test suite.
[----------] 1 test from HvfExecutor
[ RUN      ] HvfExecutor.NativeIntelCancellationAndCompletionFailureAllowRetry
INTEL_PROBE phase=executor_retained
INTEL_LIFECYCLE phase=vcpu_destroy_begin generation=340 owner=36073
INTEL_LIFECYCLE phase=vcpu_destroy_end generation=340 owner=36073
INTEL_LIFECYCLE phase=vm_destroy_begin generation=340 owner=36073
INTEL_LIFECYCLE phase=vm_destroy_end generation=340 owner=36073
INTEL_LIFECYCLE phase=vm_create_begin generation=341 owner=36073
INTEL_LIFECYCLE phase=vm_create_end generation=341 owner=36073
INTEL_LIFECYCLE phase=vcpu_create_begin generation=341 owner=36073
INTEL_LIFECYCLE phase=vcpu_create_end generation=341 owner=36073
[       OK ] HvfExecutor.NativeIntelCancellationAndCompletionFailureAllowRetry (293 ms)
[----------] 1 test from HvfExecutor (293 ms total)

[==========] 1 test from 1 test suite ran. (293 ms total)
[  PASSED  ] 1 test.

Repeating all tests (iteration 341) . . .

Note: Google Test filter = HvfExecutor.Native*
[==========] Running 1 test from 1 test suite.
[----------] 1 test from HvfExecutor
[ RUN      ] HvfExecutor.NativeIntelCancellationAndCompletionFailureAllowRetry
INTEL_PROBE phase=executor_retained
INTEL_LIFECYCLE phase=vcpu_destroy_begin generation=341 owner=36073
INTEL_LIFECYCLE phase=vcpu_destroy_end generation=341 owner=36073
INTEL_LIFECYCLE phase=vm_destroy_begin generation=341 owner=36073
INTEL_LIFECYCLE phase=vm_destroy_end generation=341 owner=36073
INTEL_LIFECYCLE phase=vm_create_begin generation=342 owner=36073
INTEL_LIFECYCLE phase=vm_create_end generation=342 owner=36073
INTEL_LIFECYCLE phase=vcpu_create_begin generation=342 owner=36073
INTEL_LIFECYCLE phase=vcpu_create_end generation=342 owner=36073
[       OK ] HvfExecutor.NativeIntelCancellationAndCompletionFailureAllowRetry (398 ms)
[----------] 1 test from HvfExecutor (398 ms total)

[==========] 1 test from 1 test suite ran. (398 ms total)
[  PASSED  ] 1 test.

Repeating all tests (iteration 342) . . .

Note: Google Test filter = HvfExecutor.Native*
[==========] Running 1 test from 1 test suite.
[----------] 1 test from HvfExecutor
[ RUN      ] HvfExecutor.NativeIntelCancellationAndCompletionFailureAllowRetry
INTEL_PROBE phase=executor_retained
INTEL_LIFECYCLE phase=vcpu_destroy_begin generation=342 owner=36073
INTEL_LIFECYCLE phase=vcpu_destroy_end generation=342 owner=36073
INTEL_LIFECYCLE phase=vm_destroy_begin generation=342 owner=36073
INTEL_LIFECYCLE phase=vm_destroy_end generation=342 owner=36073
INTEL_LIFECYCLE phase=vm_create_begin generation=343 owner=36073
INTEL_LIFECYCLE phase=vm_create_end generation=343 owner=36073
INTEL_LIFECYCLE phase=vcpu_create_begin generation=343 owner=36073
INTEL_LIFECYCLE phase=vcpu_create_end generation=343 owner=36073
[       OK ] HvfExecutor.NativeIntelCancellationAndCompletionFailureAllowRetry (124 ms)
[----------] 1 test from HvfExecutor (124 ms total)

[==========] 1 test from 1 test suite ran. (124 ms total)
[  PASSED  ] 1 test.

Repeating all tests (iteration 343) . . .

Note: Google Test filter = HvfExecutor.Native*
[==========] Running 1 test from 1 test suite.
[----------] 1 test from HvfExecutor
[ RUN      ] HvfExecutor.NativeIntelCancellationAndCompletionFailureAllowRetry
INTEL_PROBE phase=executor_retained
INTEL_LIFECYCLE phase=vcpu_destroy_begin generation=343 owner=36073
INTEL_LIFECYCLE phase=vcpu_destroy_end generation=343 owner=36073
INTEL_LIFECYCLE phase=vm_destroy_begin generation=343 owner=36073
INTEL_LIFECYCLE phase=vm_destroy_end generation=343 owner=36073
INTEL_LIFECYCLE phase=vm_create_begin generation=344 owner=36073
INTEL_LIFECYCLE phase=vm_create_end generation=344 owner=36073
INTEL_LIFECYCLE phase=vcpu_create_begin generation=344 owner=36073
INTEL_LIFECYCLE phase=vcpu_create_end generation=344 owner=36073
[       OK ] HvfExecutor.NativeIntelCancellationAndCompletionFailureAllowRetry (336 ms)
[----------] 1 test from HvfExecutor (336 ms total)

[==========] 1 test from 1 test suite ran. (336 ms total)
[  PASSED  ] 1 test.

Repeating all tests (iteration 344) . . .

Note: Google Test filter = HvfExecutor.Native*
[==========] Running 1 test from 1 test suite.
[----------] 1 test from HvfExecutor
[ RUN      ] HvfExecutor.NativeIntelCancellationAndCompletionFailureAllowRetry
INTEL_PROBE phase=executor_retained
INTEL_LIFECYCLE phase=vcpu_destroy_begin generation=344 owner=36073
INTEL_LIFECYCLE phase=vcpu_destroy_end generation=344 owner=36073
INTEL_LIFECYCLE phase=vm_destroy_begin generation=344 owner=36073
INTEL_LIFECYCLE phase=vm_destroy_end generation=344 owner=36073
INTEL_LIFECYCLE phase=vm_create_begin generation=345 owner=36073
INTEL_LIFECYCLE phase=vm_create_end generation=345 owner=36073
INTEL_LIFECYCLE phase=vcpu_create_begin generation=345 owner=36073
INTEL_LIFECYCLE phase=vcpu_create_end generation=345 owner=36073
[       OK ] HvfExecutor.NativeIntelCancellationAndCompletionFailureAllowRetry (172 ms)
[----------] 1 test from HvfExecutor (172 ms total)

[==========] 1 test from 1 test suite ran. (172 ms total)
[  PASSED  ] 1 test.

Repeating all tests (iteration 345) . . .

Note: Google Test filter = HvfExecutor.Native*
[==========] Running 1 test from 1 test suite.
[----------] 1 test from HvfExecutor
[ RUN      ] HvfExecutor.NativeIntelCancellationAndCompletionFailureAllowRetry
INTEL_PROBE phase=executor_retained
INTEL_LIFECYCLE phase=vcpu_destroy_begin generation=345 owner=36073
INTEL_LIFECYCLE phase=vcpu_destroy_end generation=345 owner=36073
INTEL_LIFECYCLE phase=vm_destroy_begin generation=345 owner=36073
INTEL_LIFECYCLE phase=vm_destroy_end generation=345 owner=36073
INTEL_LIFECYCLE phase=vm_create_begin generation=346 owner=36073
INTEL_LIFECYCLE phase=vm_create_end generation=346 owner=36073
INTEL_LIFECYCLE phase=vcpu_create_begin generation=346 owner=36073
INTEL_LIFECYCLE phase=vcpu_create_end generation=346 owner=36073
[       OK ] HvfExecutor.NativeIntelCancellationAndCompletionFailureAllowRetry (244 ms)
[----------] 1 test from HvfExecutor (244 ms total)

[==========] 1 test from 1 test suite ran. (244 ms total)
[  PASSED  ] 1 test.

Repeating all tests (iteration 346) . . .

Note: Google Test filter = HvfExecutor.Native*
[==========] Running 1 test from 1 test suite.
[----------] 1 test from HvfExecutor
[ RUN      ] HvfExecutor.NativeIntelCancellationAndCompletionFailureAllowRetry
INTEL_PROBE phase=executor_retained
INTEL_LIFECYCLE phase=vcpu_destroy_begin generation=346 owner=36073
INTEL_LIFECYCLE phase=vcpu_destroy_end generation=346 owner=36073
INTEL_LIFECYCLE phase=vm_destroy_begin generation=346 owner=36073
INTEL_LIFECYCLE phase=vm_destroy_end generation=346 owner=36073
INTEL_LIFECYCLE phase=vm_create_begin generation=347 owner=36073
INTEL_LIFECYCLE phase=vm_create_end generation=347 owner=36073
INTEL_LIFECYCLE phase=vcpu_create_begin generation=347 owner=36073
INTEL_LIFECYCLE phase=vcpu_create_end generation=347 owner=36073
[       OK ] HvfExecutor.NativeIntelCancellationAndCompletionFailureAllowRetry (144 ms)
[----------] 1 test from HvfExecutor (144 ms total)

[==========] 1 test from 1 test suite ran. (144 ms total)
[  PASSED  ] 1 test.

Repeating all tests (iteration 347) . . .

Note: Google Test filter = HvfExecutor.Native*
[==========] Running 1 test from 1 test suite.
[----------] 1 test from HvfExecutor
[ RUN      ] HvfExecutor.NativeIntelCancellationAndCompletionFailureAllowRetry
INTEL_PROBE phase=executor_retained
INTEL_LIFECYCLE phase=vcpu_destroy_begin generation=347 owner=36073
INTEL_LIFECYCLE phase=vcpu_destroy_end generation=347 owner=36073
INTEL_LIFECYCLE phase=vm_destroy_begin generation=347 owner=36073
INTEL_LIFECYCLE phase=vm_destroy_end generation=347 owner=36073
INTEL_LIFECYCLE phase=vm_create_begin generation=348 owner=36073
INTEL_LIFECYCLE phase=vm_create_end generation=348 owner=36073
INTEL_LIFECYCLE phase=vcpu_create_begin generation=348 owner=36073
INTEL_LIFECYCLE phase=vcpu_create_end generation=348 owner=36073
[       OK ] HvfExecutor.NativeIntelCancellationAndCompletionFailureAllowRetry (411 ms)
[----------] 1 test from HvfExecutor (411 ms total)

[==========] 1 test from 1 test suite ran. (411 ms total)
[  PASSED  ] 1 test.

Repeating all tests (iteration 348) . . .

Note: Google Test filter = HvfExecutor.Native*
[==========] Running 1 test from 1 test suite.
[----------] 1 test from HvfExecutor
[ RUN      ] HvfExecutor.NativeIntelCancellationAndCompletionFailureAllowRetry
INTEL_PROBE phase=executor_retained
INTEL_LIFECYCLE phase=vcpu_destroy_begin generation=348 owner=36073
INTEL_LIFECYCLE phase=vcpu_destroy_end generation=348 owner=36073
INTEL_LIFECYCLE phase=vm_destroy_begin generation=348 owner=36073
INTEL_LIFECYCLE phase=vm_destroy_end generation=348 owner=36073
INTEL_LIFECYCLE phase=vm_create_begin generation=349 owner=36073
INTEL_LIFECYCLE phase=vm_create_end generation=349 owner=36073
INTEL_LIFECYCLE phase=vcpu_create_begin generation=349 owner=36073
INTEL_LIFECYCLE phase=vcpu_create_end generation=349 owner=36073
[       OK ] HvfExecutor.NativeIntelCancellationAndCompletionFailureAllowRetry (266 ms)
[----------] 1 test from HvfExecutor (266 ms total)

[==========] 1 test from 1 test suite ran. (266 ms total)
[  PASSED  ] 1 test.

Repeating all tests (iteration 349) . . .

Note: Google Test filter = HvfExecutor.Native*
[==========] Running 1 test from 1 test suite.
[----------] 1 test from HvfExecutor
[ RUN      ] HvfExecutor.NativeIntelCancellationAndCompletionFailureAllowRetry
INTEL_PROBE phase=executor_retained
INTEL_LIFECYCLE phase=vcpu_destroy_begin generation=349 owner=36073
INTEL_LIFECYCLE phase=vcpu_destroy_end generation=349 owner=36073
INTEL_LIFECYCLE phase=vm_destroy_begin generation=349 owner=36073
INTEL_LIFECYCLE phase=vm_destroy_end generation=349 owner=36073
INTEL_LIFECYCLE phase=vm_create_begin generation=350 owner=36073
INTEL_LIFECYCLE phase=vm_create_end generation=350 owner=36073
INTEL_LIFECYCLE phase=vcpu_create_begin generation=350 owner=36073
INTEL_LIFECYCLE phase=vcpu_create_end generation=350 owner=36073
[       OK ] HvfExecutor.NativeIntelCancellationAndCompletionFailureAllowRetry (198 ms)
[----------] 1 test from HvfExecutor (198 ms total)

[==========] 1 test from 1 test suite ran. (198 ms total)
[  PASSED  ] 1 test.

Repeating all tests (iteration 350) . . .

Note: Google Test filter = HvfExecutor.Native*
[==========] Running 1 test from 1 test suite.
[----------] 1 test from HvfExecutor
[ RUN      ] HvfExecutor.NativeIntelCancellationAndCompletionFailureAllowRetry
INTEL_PROBE phase=executor_retained
INTEL_LIFECYCLE phase=vcpu_destroy_begin generation=350 owner=36073
INTEL_LIFECYCLE phase=vcpu_destroy_end generation=350 owner=36073
INTEL_LIFECYCLE phase=vm_destroy_begin generation=350 owner=36073
INTEL_LIFECYCLE phase=vm_destroy_end generation=350 owner=36073
INTEL_LIFECYCLE phase=vm_create_begin generation=351 owner=36073
INTEL_LIFECYCLE phase=vm_create_end generation=351 owner=36073
INTEL_LIFECYCLE phase=vcpu_create_begin generation=351 owner=36073
INTEL_LIFECYCLE phase=vcpu_create_end generation=351 owner=36073
[       OK ] HvfExecutor.NativeIntelCancellationAndCompletionFailureAllowRetry (234 ms)
[----------] 1 test from HvfExecutor (234 ms total)

[==========] 1 test from 1 test suite ran. (234 ms total)
[  PASSED  ] 1 test.

Repeating all tests (iteration 351) . . .

Note: Google Test filter = HvfExecutor.Native*
[==========] Running 1 test from 1 test suite.
[----------] 1 test from HvfExecutor
[ RUN      ] HvfExecutor.NativeIntelCancellationAndCompletionFailureAllowRetry
INTEL_PROBE phase=executor_retained
INTEL_LIFECYCLE phase=vcpu_destroy_begin generation=351 owner=36073
INTEL_LIFECYCLE phase=vcpu_destroy_end generation=351 owner=36073
INTEL_LIFECYCLE phase=vm_destroy_begin generation=351 owner=36073
INTEL_LIFECYCLE phase=vm_destroy_end generation=351 owner=36073
INTEL_LIFECYCLE phase=vm_create_begin generation=352 owner=36073
INTEL_LIFECYCLE phase=vm_create_end generation=352 owner=36073
INTEL_LIFECYCLE phase=vcpu_create_begin generation=352 owner=36073
INTEL_LIFECYCLE phase=vcpu_create_end generation=352 owner=36073
[       OK ] HvfExecutor.NativeIntelCancellationAndCompletionFailureAllowRetry (433 ms)
[----------] 1 test from HvfExecutor (434 ms total)

[==========] 1 test from 1 test suite ran. (434 ms total)
[  PASSED  ] 1 test.

Repeating all tests (iteration 352) . . .

Note: Google Test filter = HvfExecutor.Native*
[==========] Running 1 test from 1 test suite.
[----------] 1 test from HvfExecutor
[ RUN      ] HvfExecutor.NativeIntelCancellationAndCompletionFailureAllowRetry
INTEL_PROBE phase=executor_retained
INTEL_LIFECYCLE phase=vcpu_destroy_begin generation=352 owner=36073
INTEL_LIFECYCLE phase=vcpu_destroy_end generation=352 owner=36073
INTEL_LIFECYCLE phase=vm_destroy_begin generation=352 owner=36073
INTEL_LIFECYCLE phase=vm_destroy_end generation=352 owner=36073
INTEL_LIFECYCLE phase=vm_create_begin generation=353 owner=36073
INTEL_LIFECYCLE phase=vm_create_end generation=353 owner=36073
INTEL_LIFECYCLE phase=vcpu_create_begin generation=353 owner=36073
INTEL_LIFECYCLE phase=vcpu_create_end generation=353 owner=36073
[       OK ] HvfExecutor.NativeIntelCancellationAndCompletionFailureAllowRetry (178 ms)
[----------] 1 test from HvfExecutor (178 ms total)

[==========] 1 test from 1 test suite ran. (178 ms total)
[  PASSED  ] 1 test.

Repeating all tests (iteration 353) . . .

Note: Google Test filter = HvfExecutor.Native*
[==========] Running 1 test from 1 test suite.
[----------] 1 test from HvfExecutor
[ RUN      ] HvfExecutor.NativeIntelCancellationAndCompletionFailureAllowRetry
INTEL_PROBE phase=executor_retained
INTEL_LIFECYCLE phase=vcpu_destroy_begin generation=353 owner=36073
INTEL_LIFECYCLE phase=vcpu_destroy_end generation=353 owner=36073
INTEL_LIFECYCLE phase=vm_destroy_begin generation=353 owner=36073
INTEL_LIFECYCLE phase=vm_destroy_end generation=353 owner=36073
INTEL_LIFECYCLE phase=vm_create_begin generation=354 owner=36073
INTEL_LIFECYCLE phase=vm_create_end generation=354 owner=36073
INTEL_LIFECYCLE phase=vcpu_create_begin generation=354 owner=36073
INTEL_LIFECYCLE phase=vcpu_create_end generation=354 owner=36073
[       OK ] HvfExecutor.NativeIntelCancellationAndCompletionFailureAllowRetry (123 ms)
[----------] 1 test from HvfExecutor (123 ms total)

[==========] 1 test from 1 test suite ran. (124 ms total)
[  PASSED  ] 1 test.

Repeating all tests (iteration 354) . . .

Note: Google Test filter = HvfExecutor.Native*
[==========] Running 1 test from 1 test suite.
[----------] 1 test from HvfExecutor
[ RUN      ] HvfExecutor.NativeIntelCancellationAndCompletionFailureAllowRetry
INTEL_PROBE phase=executor_retained
INTEL_LIFECYCLE phase=vcpu_destroy_begin generation=354 owner=36073
INTEL_LIFECYCLE phase=vcpu_destroy_end generation=354 owner=36073
INTEL_LIFECYCLE phase=vm_destroy_begin generation=354 owner=36073
INTEL_LIFECYCLE phase=vm_destroy_end generation=354 owner=36073
INTEL_LIFECYCLE phase=vm_create_begin generation=355 owner=36073
INTEL_LIFECYCLE phase=vm_create_end generation=355 owner=36073
INTEL_LIFECYCLE phase=vcpu_create_begin generation=355 owner=36073
INTEL_LIFECYCLE phase=vcpu_create_end generation=355 owner=36073
[       OK ] HvfExecutor.NativeIntelCancellationAndCompletionFailureAllowRetry (212 ms)
[----------] 1 test from HvfExecutor (212 ms total)

[==========] 1 test from 1 test suite ran. (212 ms total)
[  PASSED  ] 1 test.

Repeating all tests (iteration 355) . . .

Note: Google Test filter = HvfExecutor.Native*
[==========] Running 1 test from 1 test suite.
[----------] 1 test from HvfExecutor
[ RUN      ] HvfExecutor.NativeIntelCancellationAndCompletionFailureAllowRetry
INTEL_PROBE phase=executor_retained
INTEL_LIFECYCLE phase=vcpu_destroy_begin generation=355 owner=36073
INTEL_LIFECYCLE phase=vcpu_destroy_end generation=355 owner=36073
INTEL_LIFECYCLE phase=vm_destroy_begin generation=355 owner=36073
INTEL_LIFECYCLE phase=vm_destroy_end generation=355 owner=36073
INTEL_LIFECYCLE phase=vm_create_begin generation=356 owner=36073
INTEL_LIFECYCLE phase=vm_create_end generation=356 owner=36073
INTEL_LIFECYCLE phase=vcpu_create_begin generation=356 owner=36073
INTEL_LIFECYCLE phase=vcpu_create_end generation=356 owner=36073
[       OK ] HvfExecutor.NativeIntelCancellationAndCompletionFailureAllowRetry (418 ms)
[----------] 1 test from HvfExecutor (418 ms total)

[==========] 1 test from 1 test suite ran. (418 ms total)
[  PASSED  ] 1 test.

Repeating all tests (iteration 356) . . .

Note: Google Test filter = HvfExecutor.Native*
[==========] Running 1 test from 1 test suite.
[----------] 1 test from HvfExecutor
[ RUN      ] HvfExecutor.NativeIntelCancellationAndCompletionFailureAllowRetry
INTEL_PROBE phase=executor_retained
INTEL_LIFECYCLE phase=vcpu_destroy_begin generation=356 owner=36073
INTEL_LIFECYCLE phase=vcpu_destroy_end generation=356 owner=36073
INTEL_LIFECYCLE phase=vm_destroy_begin generation=356 owner=36073
INTEL_LIFECYCLE phase=vm_destroy_end generation=356 owner=36073
INTEL_LIFECYCLE phase=vm_create_begin generation=357 owner=36073
INTEL_LIFECYCLE phase=vm_create_end generation=357 owner=36073
INTEL_LIFECYCLE phase=vcpu_create_begin generation=357 owner=36073
INTEL_LIFECYCLE phase=vcpu_create_end generation=357 owner=36073
[       OK ] HvfExecutor.NativeIntelCancellationAndCompletionFailureAllowRetry (300 ms)
[----------] 1 test from HvfExecutor (300 ms total)

[==========] 1 test from 1 test suite ran. (300 ms total)
[  PASSED  ] 1 test.

Repeating all tests (iteration 357) . . .

Note: Google Test filter = HvfExecutor.Native*
[==========] Running 1 test from 1 test suite.
[----------] 1 test from HvfExecutor
[ RUN      ] HvfExecutor.NativeIntelCancellationAndCompletionFailureAllowRetry
INTEL_PROBE phase=executor_retained
INTEL_LIFECYCLE phase=vcpu_destroy_begin generation=357 owner=36073
INTEL_LIFECYCLE phase=vcpu_destroy_end generation=357 owner=36073
INTEL_LIFECYCLE phase=vm_destroy_begin generation=357 owner=36073
INTEL_LIFECYCLE phase=vm_destroy_end generation=357 owner=36073
INTEL_LIFECYCLE phase=vm_create_begin generation=358 owner=36073
INTEL_LIFECYCLE phase=vm_create_end generation=358 owner=36073
INTEL_LIFECYCLE phase=vcpu_create_begin generation=358 owner=36073
INTEL_LIFECYCLE phase=vcpu_create_end generation=358 owner=36073
[       OK ] HvfExecutor.NativeIntelCancellationAndCompletionFailureAllowRetry (190 ms)
[----------] 1 test from HvfExecutor (190 ms total)

[==========] 1 test from 1 test suite ran. (190 ms total)
[  PASSED  ] 1 test.

Repeating all tests (iteration 358) . . .

Note: Google Test filter = HvfExecutor.Native*
[==========] Running 1 test from 1 test suite.
[----------] 1 test from HvfExecutor
[ RUN      ] HvfExecutor.NativeIntelCancellationAndCompletionFailureAllowRetry
INTEL_PROBE phase=executor_retained
INTEL_LIFECYCLE phase=vcpu_destroy_begin generation=358 owner=36073
INTEL_LIFECYCLE phase=vcpu_destroy_end generation=358 owner=36073
INTEL_LIFECYCLE phase=vm_destroy_begin generation=358 owner=36073
INTEL_LIFECYCLE phase=vm_destroy_end generation=358 owner=36073
INTEL_LIFECYCLE phase=vm_create_begin generation=359 owner=36073
INTEL_LIFECYCLE phase=vm_create_end generation=359 owner=36073
INTEL_LIFECYCLE phase=vcpu_create_begin generation=359 owner=36073
INTEL_LIFECYCLE phase=vcpu_create_end generation=359 owner=36073
[       OK ] HvfExecutor.NativeIntelCancellationAndCompletionFailureAllowRetry (349 ms)
[----------] 1 test from HvfExecutor (349 ms total)

[==========] 1 test from 1 test suite ran. (349 ms total)
[  PASSED  ] 1 test.

Repeating all tests (iteration 359) . . .

Note: Google Test filter = HvfExecutor.Native*
[==========] Running 1 test from 1 test suite.
[----------] 1 test from HvfExecutor
[ RUN      ] HvfExecutor.NativeIntelCancellationAndCompletionFailureAllowRetry
INTEL_PROBE phase=executor_retained
INTEL_LIFECYCLE phase=vcpu_destroy_begin generation=359 owner=36073
INTEL_LIFECYCLE phase=vcpu_destroy_end generation=359 owner=36073
INTEL_LIFECYCLE phase=vm_destroy_begin generation=359 owner=36073
INTEL_LIFECYCLE phase=vm_destroy_end generation=359 owner=36073
INTEL_LIFECYCLE phase=vm_create_begin generation=360 owner=36073
INTEL_LIFECYCLE phase=vm_create_end generation=360 owner=36073
INTEL_LIFECYCLE phase=vcpu_create_begin generation=360 owner=36073
INTEL_LIFECYCLE phase=vcpu_create_end generation=360 owner=36073
[       OK ] HvfExecutor.NativeIntelCancellationAndCompletionFailureAllowRetry (247 ms)
[----------] 1 test from HvfExecutor (247 ms total)

[==========] 1 test from 1 test suite ran. (247 ms total)
[  PASSED  ] 1 test.

Repeating all tests (iteration 360) . . .

Note: Google Test filter = HvfExecutor.Native*
[==========] Running 1 test from 1 test suite.
[----------] 1 test from HvfExecutor
[ RUN      ] HvfExecutor.NativeIntelCancellationAndCompletionFailureAllowRetry
INTEL_PROBE phase=executor_retained
INTEL_LIFECYCLE phase=vcpu_destroy_begin generation=360 owner=36073
INTEL_LIFECYCLE phase=vcpu_destroy_end generation=360 owner=36073
INTEL_LIFECYCLE phase=vm_destroy_begin generation=360 owner=36073
INTEL_LIFECYCLE phase=vm_destroy_end generation=360 owner=36073
INTEL_LIFECYCLE phase=vm_create_begin generation=361 owner=36073
INTEL_LIFECYCLE phase=vm_create_end generation=361 owner=36073
INTEL_LIFECYCLE phase=vcpu_create_begin generation=361 owner=36073
INTEL_LIFECYCLE phase=vcpu_create_end generation=361 owner=36073
[       OK ] HvfExecutor.NativeIntelCancellationAndCompletionFailureAllowRetry (343 ms)
[----------] 1 test from HvfExecutor (343 ms total)

[==========] 1 test from 1 test suite ran. (343 ms total)
[  PASSED  ] 1 test.

Repeating all tests (iteration 361) . . .

Note: Google Test filter = HvfExecutor.Native*
[==========] Running 1 test from 1 test suite.
[----------] 1 test from HvfExecutor
[ RUN      ] HvfExecutor.NativeIntelCancellationAndCompletionFailureAllowRetry
INTEL_PROBE phase=executor_retained
INTEL_LIFECYCLE phase=vcpu_destroy_begin generation=361 owner=36073
INTEL_LIFECYCLE phase=vcpu_destroy_end generation=361 owner=36073
INTEL_LIFECYCLE phase=vm_destroy_begin generation=361 owner=36073
INTEL_LIFECYCLE phase=vm_destroy_end generation=361 owner=36073
INTEL_LIFECYCLE phase=vm_create_begin generation=362 owner=36073
INTEL_LIFECYCLE phase=vm_create_end generation=362 owner=36073
INTEL_LIFECYCLE phase=vcpu_create_begin generation=362 owner=36073
INTEL_LIFECYCLE phase=vcpu_create_end generation=362 owner=36073
[       OK ] HvfExecutor.NativeIntelCancellationAndCompletionFailureAllowRetry (273 ms)
[----------] 1 test from HvfExecutor (274 ms total)

[==========] 1 test from 1 test suite ran. (274 ms total)
[  PASSED  ] 1 test.

Repeating all tests (iteration 362) . . .

Note: Google Test filter = HvfExecutor.Native*
[==========] Running 1 test from 1 test suite.
[----------] 1 test from HvfExecutor
[ RUN      ] HvfExecutor.NativeIntelCancellationAndCompletionFailureAllowRetry
INTEL_PROBE phase=executor_retained
INTEL_LIFECYCLE phase=vcpu_destroy_begin generation=362 owner=36073
INTEL_LIFECYCLE phase=vcpu_destroy_end generation=362 owner=36073
INTEL_LIFECYCLE phase=vm_destroy_begin generation=362 owner=36073
INTEL_LIFECYCLE phase=vm_destroy_end generation=362 owner=36073
INTEL_LIFECYCLE phase=vm_create_begin generation=363 owner=36073
INTEL_LIFECYCLE phase=vm_create_end generation=363 owner=36073
INTEL_LIFECYCLE phase=vcpu_create_begin generation=363 owner=36073
INTEL_LIFECYCLE phase=vcpu_create_end generation=363 owner=36073
[       OK ] HvfExecutor.NativeIntelCancellationAndCompletionFailureAllowRetry (296 ms)
[----------] 1 test from HvfExecutor (297 ms total)

[==========] 1 test from 1 test suite ran. (297 ms total)
[  PASSED  ] 1 test.

Repeating all tests (iteration 363) . . .

Note: Google Test filter = HvfExecutor.Native*
[==========] Running 1 test from 1 test suite.
[----------] 1 test from HvfExecutor
[ RUN      ] HvfExecutor.NativeIntelCancellationAndCompletionFailureAllowRetry
INTEL_PROBE phase=executor_retained
INTEL_LIFECYCLE phase=vcpu_destroy_begin generation=363 owner=36073
INTEL_LIFECYCLE phase=vcpu_destroy_end generation=363 owner=36073
INTEL_LIFECYCLE phase=vm_destroy_begin generation=363 owner=36073
INTEL_LIFECYCLE phase=vm_destroy_end generation=363 owner=36073
INTEL_LIFECYCLE phase=vm_create_begin generation=364 owner=36073
INTEL_LIFECYCLE phase=vm_create_end generation=364 owner=36073
INTEL_LIFECYCLE phase=vcpu_create_begin generation=364 owner=36073
INTEL_LIFECYCLE phase=vcpu_create_end generation=364 owner=36073
[       OK ] HvfExecutor.NativeIntelCancellationAndCompletionFailureAllowRetry (305 ms)
[----------] 1 test from HvfExecutor (305 ms total)

[==========] 1 test from 1 test suite ran. (305 ms total)
[  PASSED  ] 1 test.

Repeating all tests (iteration 364) . . .

Note: Google Test filter = HvfExecutor.Native*
[==========] Running 1 test from 1 test suite.
[----------] 1 test from HvfExecutor
[ RUN      ] HvfExecutor.NativeIntelCancellationAndCompletionFailureAllowRetry
INTEL_PROBE phase=executor_retained
INTEL_LIFECYCLE phase=vcpu_destroy_begin generation=364 owner=36073
INTEL_LIFECYCLE phase=vcpu_destroy_end generation=364 owner=36073
INTEL_LIFECYCLE phase=vm_destroy_begin generation=364 owner=36073
INTEL_LIFECYCLE phase=vm_destroy_end generation=364 owner=36073
INTEL_LIFECYCLE phase=vm_create_begin generation=365 owner=36073
INTEL_LIFECYCLE phase=vm_create_end generation=365 owner=36073
INTEL_LIFECYCLE phase=vcpu_create_begin generation=365 owner=36073
INTEL_LIFECYCLE phase=vcpu_create_end generation=365 owner=36073
[       OK ] HvfExecutor.NativeIntelCancellationAndCompletionFailureAllowRetry (155 ms)
[----------] 1 test from HvfExecutor (155 ms total)

[==========] 1 test from 1 test suite ran. (155 ms total)
[  PASSED  ] 1 test.

Repeating all tests (iteration 365) . . .

Note: Google Test filter = HvfExecutor.Native*
[==========] Running 1 test from 1 test suite.
[----------] 1 test from HvfExecutor
[ RUN      ] HvfExecutor.NativeIntelCancellationAndCompletionFailureAllowRetry
INTEL_PROBE phase=executor_retained
INTEL_LIFECYCLE phase=vcpu_destroy_begin generation=365 owner=36073
INTEL_LIFECYCLE phase=vcpu_destroy_end generation=365 owner=36073
INTEL_LIFECYCLE phase=vm_destroy_begin generation=365 owner=36073
INTEL_LIFECYCLE phase=vm_destroy_end generation=365 owner=36073
INTEL_LIFECYCLE phase=vm_create_begin generation=366 owner=36073
INTEL_LIFECYCLE phase=vm_create_end generation=366 owner=36073
INTEL_LIFECYCLE phase=vcpu_create_begin generation=366 owner=36073
INTEL_LIFECYCLE phase=vcpu_create_end generation=366 owner=36073
[       OK ] HvfExecutor.NativeIntelCancellationAndCompletionFailureAllowRetry (395 ms)
[----------] 1 test from HvfExecutor (395 ms total)

[==========] 1 test from 1 test suite ran. (396 ms total)
[  PASSED  ] 1 test.

Repeating all tests (iteration 366) . . .

Note: Google Test filter = HvfExecutor.Native*
[==========] Running 1 test from 1 test suite.
[----------] 1 test from HvfExecutor
[ RUN      ] HvfExecutor.NativeIntelCancellationAndCompletionFailureAllowRetry
INTEL_PROBE phase=executor_retained
INTEL_LIFECYCLE phase=vcpu_destroy_begin generation=366 owner=36073
INTEL_LIFECYCLE phase=vcpu_destroy_end generation=366 owner=36073
INTEL_LIFECYCLE phase=vm_destroy_begin generation=366 owner=36073
INTEL_LIFECYCLE phase=vm_destroy_end generation=366 owner=36073
INTEL_LIFECYCLE phase=vm_create_begin generation=367 owner=36073
INTEL_LIFECYCLE phase=vm_create_end generation=367 owner=36073
INTEL_LIFECYCLE phase=vcpu_create_begin generation=367 owner=36073
INTEL_LIFECYCLE phase=vcpu_create_end generation=367 owner=36073
[       OK ] HvfExecutor.NativeIntelCancellationAndCompletionFailureAllowRetry (244 ms)
[----------] 1 test from HvfExecutor (244 ms total)

[==========] 1 test from 1 test suite ran. (244 ms total)
[  PASSED  ] 1 test.

Repeating all tests (iteration 367) . . .

Note: Google Test filter = HvfExecutor.Native*
[==========] Running 1 test from 1 test suite.
[----------] 1 test from HvfExecutor
[ RUN      ] HvfExecutor.NativeIntelCancellationAndCompletionFailureAllowRetry
INTEL_PROBE phase=executor_retained
INTEL_LIFECYCLE phase=vcpu_destroy_begin generation=367 owner=36073
INTEL_LIFECYCLE phase=vcpu_destroy_end generation=367 owner=36073
INTEL_LIFECYCLE phase=vm_destroy_begin generation=367 owner=36073
INTEL_LIFECYCLE phase=vm_destroy_end generation=367 owner=36073
INTEL_LIFECYCLE phase=vm_create_begin generation=368 owner=36073
INTEL_LIFECYCLE phase=vm_create_end generation=368 owner=36073
INTEL_LIFECYCLE phase=vcpu_create_begin generation=368 owner=36073
INTEL_LIFECYCLE phase=vcpu_create_end generation=368 owner=36073
[       OK ] HvfExecutor.NativeIntelCancellationAndCompletionFailureAllowRetry (295 ms)
[----------] 1 test from HvfExecutor (295 ms total)

[==========] 1 test from 1 test suite ran. (295 ms total)
[  PASSED  ] 1 test.

Repeating all tests (iteration 368) . . .

Note: Google Test filter = HvfExecutor.Native*
[==========] Running 1 test from 1 test suite.
[----------] 1 test from HvfExecutor
[ RUN      ] HvfExecutor.NativeIntelCancellationAndCompletionFailureAllowRetry
INTEL_PROBE phase=executor_retained
INTEL_LIFECYCLE phase=vcpu_destroy_begin generation=368 owner=36073
INTEL_LIFECYCLE phase=vcpu_destroy_end generation=368 owner=36073
INTEL_LIFECYCLE phase=vm_destroy_begin generation=368 owner=36073
INTEL_LIFECYCLE phase=vm_destroy_end generation=368 owner=36073
INTEL_LIFECYCLE phase=vm_create_begin generation=369 owner=36073
INTEL_LIFECYCLE phase=vm_create_end generation=369 owner=36073
INTEL_LIFECYCLE phase=vcpu_create_begin generation=369 owner=36073
INTEL_LIFECYCLE phase=vcpu_create_end generation=369 owner=36073
[       OK ] HvfExecutor.NativeIntelCancellationAndCompletionFailureAllowRetry (400 ms)
[----------] 1 test from HvfExecutor (400 ms total)

[==========] 1 test from 1 test suite ran. (400 ms total)
[  PASSED  ] 1 test.

Repeating all tests (iteration 369) . . .

Note: Google Test filter = HvfExecutor.Native*
[==========] Running 1 test from 1 test suite.
[----------] 1 test from HvfExecutor
[ RUN      ] HvfExecutor.NativeIntelCancellationAndCompletionFailureAllowRetry
INTEL_PROBE phase=executor_retained
INTEL_LIFECYCLE phase=vcpu_destroy_begin generation=369 owner=36073
INTEL_LIFECYCLE phase=vcpu_destroy_end generation=369 owner=36073
INTEL_LIFECYCLE phase=vm_destroy_begin generation=369 owner=36073
INTEL_LIFECYCLE phase=vm_destroy_end generation=369 owner=36073
INTEL_LIFECYCLE phase=vm_create_begin generation=370 owner=36073
INTEL_LIFECYCLE phase=vm_create_end generation=370 owner=36073
INTEL_LIFECYCLE phase=vcpu_create_begin generation=370 owner=36073
INTEL_LIFECYCLE phase=vcpu_create_end generation=370 owner=36073
[       OK ] HvfExecutor.NativeIntelCancellationAndCompletionFailureAllowRetry (223 ms)
[----------] 1 test from HvfExecutor (223 ms total)

[==========] 1 test from 1 test suite ran. (223 ms total)
[  PASSED  ] 1 test.

Repeating all tests (iteration 370) . . .

Note: Google Test filter = HvfExecutor.Native*
[==========] Running 1 test from 1 test suite.
[----------] 1 test from HvfExecutor
[ RUN      ] HvfExecutor.NativeIntelCancellationAndCompletionFailureAllowRetry
INTEL_PROBE phase=executor_retained
INTEL_LIFECYCLE phase=vcpu_destroy_begin generation=370 owner=36073
INTEL_LIFECYCLE phase=vcpu_destroy_end generation=370 owner=36073
INTEL_LIFECYCLE phase=vm_destroy_begin generation=370 owner=36073
INTEL_LIFECYCLE phase=vm_destroy_end generation=370 owner=36073
INTEL_LIFECYCLE phase=vm_create_begin generation=371 owner=36073
INTEL_LIFECYCLE phase=vm_create_end generation=371 owner=36073
INTEL_LIFECYCLE phase=vcpu_create_begin generation=371 owner=36073
INTEL_LIFECYCLE phase=vcpu_create_end generation=371 owner=36073
[       OK ] HvfExecutor.NativeIntelCancellationAndCompletionFailureAllowRetry (316 ms)
[----------] 1 test from HvfExecutor (316 ms total)

[==========] 1 test from 1 test suite ran. (316 ms total)
[  PASSED  ] 1 test.

Repeating all tests (iteration 371) . . .

Note: Google Test filter = HvfExecutor.Native*
[==========] Running 1 test from 1 test suite.
[----------] 1 test from HvfExecutor
[ RUN      ] HvfExecutor.NativeIntelCancellationAndCompletionFailureAllowRetry
INTEL_PROBE phase=executor_retained
INTEL_LIFECYCLE phase=vcpu_destroy_begin generation=371 owner=36073
INTEL_LIFECYCLE phase=vcpu_destroy_end generation=371 owner=36073
INTEL_LIFECYCLE phase=vm_destroy_begin generation=371 owner=36073
INTEL_LIFECYCLE phase=vm_destroy_end generation=371 owner=36073
INTEL_LIFECYCLE phase=vm_create_begin generation=372 owner=36073
INTEL_LIFECYCLE phase=vm_create_end generation=372 owner=36073
INTEL_LIFECYCLE phase=vcpu_create_begin generation=372 owner=36073
INTEL_LIFECYCLE phase=vcpu_create_end generation=372 owner=36073
[       OK ] HvfExecutor.NativeIntelCancellationAndCompletionFailureAllowRetry (324 ms)
[----------] 1 test from HvfExecutor (324 ms total)

[==========] 1 test from 1 test suite ran. (324 ms total)
[  PASSED  ] 1 test.

Repeating all tests (iteration 372) . . .

Note: Google Test filter = HvfExecutor.Native*
[==========] Running 1 test from 1 test suite.
[----------] 1 test from HvfExecutor
[ RUN      ] HvfExecutor.NativeIntelCancellationAndCompletionFailureAllowRetry
INTEL_PROBE phase=executor_retained
INTEL_LIFECYCLE phase=vcpu_destroy_begin generation=372 owner=36073
INTEL_LIFECYCLE phase=vcpu_destroy_end generation=372 owner=36073
INTEL_LIFECYCLE phase=vm_destroy_begin generation=372 owner=36073
INTEL_LIFECYCLE phase=vm_destroy_end generation=372 owner=36073
INTEL_LIFECYCLE phase=vm_create_begin generation=373 owner=36073
INTEL_LIFECYCLE phase=vm_create_end generation=373 owner=36073
INTEL_LIFECYCLE phase=vcpu_create_begin generation=373 owner=36073
INTEL_LIFECYCLE phase=vcpu_create_end generation=373 owner=36073
[       OK ] HvfExecutor.NativeIntelCancellationAndCompletionFailureAllowRetry (258 ms)
[----------] 1 test from HvfExecutor (258 ms total)

[==========] 1 test from 1 test suite ran. (258 ms total)
[  PASSED  ] 1 test.

Repeating all tests (iteration 373) . . .

Note: Google Test filter = HvfExecutor.Native*
[==========] Running 1 test from 1 test suite.
[----------] 1 test from HvfExecutor
[ RUN      ] HvfExecutor.NativeIntelCancellationAndCompletionFailureAllowRetry
INTEL_PROBE phase=executor_retained
INTEL_LIFECYCLE phase=vcpu_destroy_begin generation=373 owner=36073
INTEL_LIFECYCLE phase=vcpu_destroy_end generation=373 owner=36073
INTEL_LIFECYCLE phase=vm_destroy_begin generation=373 owner=36073
INTEL_LIFECYCLE phase=vm_destroy_end generation=373 owner=36073
INTEL_LIFECYCLE phase=vm_create_begin generation=374 owner=36073
INTEL_LIFECYCLE phase=vm_create_end generation=374 owner=36073
INTEL_LIFECYCLE phase=vcpu_create_begin generation=374 owner=36073
INTEL_LIFECYCLE phase=vcpu_create_end generation=374 owner=36073
[       OK ] HvfExecutor.NativeIntelCancellationAndCompletionFailureAllowRetry (217 ms)
[----------] 1 test from HvfExecutor (217 ms total)

[==========] 1 test from 1 test suite ran. (217 ms total)
[  PASSED  ] 1 test.

Repeating all tests (iteration 374) . . .

Note: Google Test filter = HvfExecutor.Native*
[==========] Running 1 test from 1 test suite.
[----------] 1 test from HvfExecutor
[ RUN      ] HvfExecutor.NativeIntelCancellationAndCompletionFailureAllowRetry
INTEL_PROBE phase=executor_retained
INTEL_LIFECYCLE phase=vcpu_destroy_begin generation=374 owner=36073
INTEL_LIFECYCLE phase=vcpu_destroy_end generation=374 owner=36073
INTEL_LIFECYCLE phase=vm_destroy_begin generation=374 owner=36073
INTEL_LIFECYCLE phase=vm_destroy_end generation=374 owner=36073
INTEL_LIFECYCLE phase=vm_create_begin generation=375 owner=36073
INTEL_LIFECYCLE phase=vm_create_end generation=375 owner=36073
INTEL_LIFECYCLE phase=vcpu_create_begin generation=375 owner=36073
INTEL_LIFECYCLE phase=vcpu_create_end generation=375 owner=36073
[       OK ] HvfExecutor.NativeIntelCancellationAndCompletionFailureAllowRetry (321 ms)
[----------] 1 test from HvfExecutor (321 ms total)

[==========] 1 test from 1 test suite ran. (321 ms total)
[  PASSED  ] 1 test.

Repeating all tests (iteration 375) . . .

Note: Google Test filter = HvfExecutor.Native*
[==========] Running 1 test from 1 test suite.
[----------] 1 test from HvfExecutor
[ RUN      ] HvfExecutor.NativeIntelCancellationAndCompletionFailureAllowRetry
INTEL_PROBE phase=executor_retained
INTEL_LIFECYCLE phase=vcpu_destroy_begin generation=375 owner=36073
INTEL_LIFECYCLE phase=vcpu_destroy_end generation=375 owner=36073
INTEL_LIFECYCLE phase=vm_destroy_begin generation=375 owner=36073
INTEL_LIFECYCLE phase=vm_destroy_end generation=375 owner=36073
INTEL_LIFECYCLE phase=vm_create_begin generation=376 owner=36073
INTEL_LIFECYCLE phase=vm_create_end generation=376 owner=36073
INTEL_LIFECYCLE phase=vcpu_create_begin generation=376 owner=36073
INTEL_LIFECYCLE phase=vcpu_create_end generation=376 owner=36073
[       OK ] HvfExecutor.NativeIntelCancellationAndCompletionFailureAllowRetry (426 ms)
[----------] 1 test from HvfExecutor (426 ms total)

[==========] 1 test from 1 test suite ran. (426 ms total)
[  PASSED  ] 1 test.

Repeating all tests (iteration 376) . . .

Note: Google Test filter = HvfExecutor.Native*
[==========] Running 1 test from 1 test suite.
[----------] 1 test from HvfExecutor
[ RUN      ] HvfExecutor.NativeIntelCancellationAndCompletionFailureAllowRetry
INTEL_PROBE phase=executor_retained
INTEL_LIFECYCLE phase=vcpu_destroy_begin generation=376 owner=36073
INTEL_LIFECYCLE phase=vcpu_destroy_end generation=376 owner=36073
INTEL_LIFECYCLE phase=vm_destroy_begin generation=376 owner=36073
INTEL_LIFECYCLE phase=vm_destroy_end generation=376 owner=36073
INTEL_LIFECYCLE phase=vm_create_begin generation=377 owner=36073
INTEL_LIFECYCLE phase=vm_create_end generation=377 owner=36073
INTEL_LIFECYCLE phase=vcpu_create_begin generation=377 owner=36073
INTEL_LIFECYCLE phase=vcpu_create_end generation=377 owner=36073
[       OK ] HvfExecutor.NativeIntelCancellationAndCompletionFailureAllowRetry (414 ms)
[----------] 1 test from HvfExecutor (414 ms total)

[==========] 1 test from 1 test suite ran. (414 ms total)
[  PASSED  ] 1 test.

Repeating all tests (iteration 377) . . .

Note: Google Test filter = HvfExecutor.Native*
[==========] Running 1 test from 1 test suite.
[----------] 1 test from HvfExecutor
[ RUN      ] HvfExecutor.NativeIntelCancellationAndCompletionFailureAllowRetry
INTEL_PROBE phase=executor_retained
INTEL_LIFECYCLE phase=vcpu_destroy_begin generation=377 owner=36073
INTEL_LIFECYCLE phase=vcpu_destroy_end generation=377 owner=36073
INTEL_LIFECYCLE phase=vm_destroy_begin generation=377 owner=36073
INTEL_LIFECYCLE phase=vm_destroy_end generation=377 owner=36073
INTEL_LIFECYCLE phase=vm_create_begin generation=378 owner=36073
INTEL_LIFECYCLE phase=vm_create_end generation=378 owner=36073
INTEL_LIFECYCLE phase=vcpu_create_begin generation=378 owner=36073
INTEL_LIFECYCLE phase=vcpu_create_end generation=378 owner=36073
[       OK ] HvfExecutor.NativeIntelCancellationAndCompletionFailureAllowRetry (253 ms)
[----------] 1 test from HvfExecutor (253 ms total)

[==========] 1 test from 1 test suite ran. (253 ms total)
[  PASSED  ] 1 test.

Repeating all tests (iteration 378) . . .

Note: Google Test filter = HvfExecutor.Native*
[==========] Running 1 test from 1 test suite.
[----------] 1 test from HvfExecutor
[ RUN      ] HvfExecutor.NativeIntelCancellationAndCompletionFailureAllowRetry
INTEL_PROBE phase=executor_retained
INTEL_LIFECYCLE phase=vcpu_destroy_begin generation=378 owner=36073
INTEL_LIFECYCLE phase=vcpu_destroy_end generation=378 owner=36073
INTEL_LIFECYCLE phase=vm_destroy_begin generation=378 owner=36073
INTEL_LIFECYCLE phase=vm_destroy_end generation=378 owner=36073
INTEL_LIFECYCLE phase=vm_create_begin generation=379 owner=36073
INTEL_LIFECYCLE phase=vm_create_end generation=379 owner=36073
INTEL_LIFECYCLE phase=vcpu_create_begin generation=379 owner=36073
INTEL_LIFECYCLE phase=vcpu_create_end generation=379 owner=36073
[       OK ] HvfExecutor.NativeIntelCancellationAndCompletionFailureAllowRetry (357 ms)
[----------] 1 test from HvfExecutor (357 ms total)

[==========] 1 test from 1 test suite ran. (357 ms total)
[  PASSED  ] 1 test.

Repeating all tests (iteration 379) . . .

Note: Google Test filter = HvfExecutor.Native*
[==========] Running 1 test from 1 test suite.
[----------] 1 test from HvfExecutor
[ RUN      ] HvfExecutor.NativeIntelCancellationAndCompletionFailureAllowRetry
INTEL_PROBE phase=executor_retained
INTEL_LIFECYCLE phase=vcpu_destroy_begin generation=379 owner=36073
INTEL_LIFECYCLE phase=vcpu_destroy_end generation=379 owner=36073
INTEL_LIFECYCLE phase=vm_destroy_begin generation=379 owner=36073
INTEL_LIFECYCLE phase=vm_destroy_end generation=379 owner=36073
INTEL_LIFECYCLE phase=vm_create_begin generation=380 owner=36073
INTEL_LIFECYCLE phase=vm_create_end generation=380 owner=36073
INTEL_LIFECYCLE phase=vcpu_create_begin generation=380 owner=36073
INTEL_LIFECYCLE phase=vcpu_create_end generation=380 owner=36073
[       OK ] HvfExecutor.NativeIntelCancellationAndCompletionFailureAllowRetry (274 ms)
[----------] 1 test from HvfExecutor (274 ms total)

[==========] 1 test from 1 test suite ran. (274 ms total)
[  PASSED  ] 1 test.

Repeating all tests (iteration 380) . . .

Note: Google Test filter = HvfExecutor.Native*
[==========] Running 1 test from 1 test suite.
[----------] 1 test from HvfExecutor
[ RUN      ] HvfExecutor.NativeIntelCancellationAndCompletionFailureAllowRetry
INTEL_PROBE phase=executor_retained
INTEL_LIFECYCLE phase=vcpu_destroy_begin generation=380 owner=36073
INTEL_LIFECYCLE phase=vcpu_destroy_end generation=380 owner=36073
INTEL_LIFECYCLE phase=vm_destroy_begin generation=380 owner=36073
INTEL_LIFECYCLE phase=vm_destroy_end generation=380 owner=36073
INTEL_LIFECYCLE phase=vm_create_begin generation=381 owner=36073
INTEL_LIFECYCLE phase=vm_create_end generation=381 owner=36073
INTEL_LIFECYCLE phase=vcpu_create_begin generation=381 owner=36073
INTEL_LIFECYCLE phase=vcpu_create_end generation=381 owner=36073
[       OK ] HvfExecutor.NativeIntelCancellationAndCompletionFailureAllowRetry (368 ms)
[----------] 1 test from HvfExecutor (368 ms total)

[==========] 1 test from 1 test suite ran. (368 ms total)
[  PASSED  ] 1 test.

Repeating all tests (iteration 381) . . .

Note: Google Test filter = HvfExecutor.Native*
[==========] Running 1 test from 1 test suite.
[----------] 1 test from HvfExecutor
[ RUN      ] HvfExecutor.NativeIntelCancellationAndCompletionFailureAllowRetry
INTEL_PROBE phase=executor_retained
INTEL_LIFECYCLE phase=vcpu_destroy_begin generation=381 owner=36073
INTEL_LIFECYCLE phase=vcpu_destroy_end generation=381 owner=36073
INTEL_LIFECYCLE phase=vm_destroy_begin generation=381 owner=36073
INTEL_LIFECYCLE phase=vm_destroy_end generation=381 owner=36073
INTEL_LIFECYCLE phase=vm_create_begin generation=382 owner=36073
INTEL_LIFECYCLE phase=vm_create_end generation=382 owner=36073
INTEL_LIFECYCLE phase=vcpu_create_begin generation=382 owner=36073
INTEL_LIFECYCLE phase=vcpu_create_end generation=382 owner=36073
[       OK ] HvfExecutor.NativeIntelCancellationAndCompletionFailureAllowRetry (238 ms)
[----------] 1 test from HvfExecutor (238 ms total)

[==========] 1 test from 1 test suite ran. (238 ms total)
[  PASSED  ] 1 test.

Repeating all tests (iteration 382) . . .

Note: Google Test filter = HvfExecutor.Native*
[==========] Running 1 test from 1 test suite.
[----------] 1 test from HvfExecutor
[ RUN      ] HvfExecutor.NativeIntelCancellationAndCompletionFailureAllowRetry
INTEL_PROBE phase=executor_retained
INTEL_LIFECYCLE phase=vcpu_destroy_begin generation=382 owner=36073
INTEL_LIFECYCLE phase=vcpu_destroy_end generation=382 owner=36073
INTEL_LIFECYCLE phase=vm_destroy_begin generation=382 owner=36073
INTEL_LIFECYCLE phase=vm_destroy_end generation=382 owner=36073
INTEL_LIFECYCLE phase=vm_create_begin generation=383 owner=36073
INTEL_LIFECYCLE phase=vm_create_end generation=383 owner=36073
INTEL_LIFECYCLE phase=vcpu_create_begin generation=383 owner=36073
INTEL_LIFECYCLE phase=vcpu_create_end generation=383 owner=36073
[       OK ] HvfExecutor.NativeIntelCancellationAndCompletionFailureAllowRetry (358 ms)
[----------] 1 test from HvfExecutor (358 ms total)

[==========] 1 test from 1 test suite ran. (358 ms total)
[  PASSED  ] 1 test.

Repeating all tests (iteration 383) . . .

Note: Google Test filter = HvfExecutor.Native*
[==========] Running 1 test from 1 test suite.
[----------] 1 test from HvfExecutor
[ RUN      ] HvfExecutor.NativeIntelCancellationAndCompletionFailureAllowRetry
INTEL_PROBE phase=executor_retained
INTEL_LIFECYCLE phase=vcpu_destroy_begin generation=383 owner=36073
INTEL_LIFECYCLE phase=vcpu_destroy_end generation=383 owner=36073
INTEL_LIFECYCLE phase=vm_destroy_begin generation=383 owner=36073
INTEL_LIFECYCLE phase=vm_destroy_end generation=383 owner=36073
INTEL_LIFECYCLE phase=vm_create_begin generation=384 owner=36073
INTEL_LIFECYCLE phase=vm_create_end generation=384 owner=36073
INTEL_LIFECYCLE phase=vcpu_create_begin generation=384 owner=36073
INTEL_LIFECYCLE phase=vcpu_create_end generation=384 owner=36073
[       OK ] HvfExecutor.NativeIntelCancellationAndCompletionFailureAllowRetry (336 ms)
[----------] 1 test from HvfExecutor (336 ms total)

[==========] 1 test from 1 test suite ran. (336 ms total)
[  PASSED  ] 1 test.

Repeating all tests (iteration 384) . . .

Note: Google Test filter = HvfExecutor.Native*
[==========] Running 1 test from 1 test suite.
[----------] 1 test from HvfExecutor
[ RUN      ] HvfExecutor.NativeIntelCancellationAndCompletionFailureAllowRetry
INTEL_PROBE phase=executor_retained
INTEL_LIFECYCLE phase=vcpu_destroy_begin generation=384 owner=36073
INTEL_LIFECYCLE phase=vcpu_destroy_end generation=384 owner=36073
INTEL_LIFECYCLE phase=vm_destroy_begin generation=384 owner=36073
INTEL_LIFECYCLE phase=vm_destroy_end generation=384 owner=36073
INTEL_LIFECYCLE phase=vm_create_begin generation=385 owner=36073
INTEL_LIFECYCLE phase=vm_create_end generation=385 owner=36073
INTEL_LIFECYCLE phase=vcpu_create_begin generation=385 owner=36073
INTEL_LIFECYCLE phase=vcpu_create_end generation=385 owner=36073
[       OK ] HvfExecutor.NativeIntelCancellationAndCompletionFailureAllowRetry (285 ms)
[----------] 1 test from HvfExecutor (285 ms total)

[==========] 1 test from 1 test suite ran. (285 ms total)
[  PASSED  ] 1 test.

Repeating all tests (iteration 385) . . .

Note: Google Test filter = HvfExecutor.Native*
[==========] Running 1 test from 1 test suite.
[----------] 1 test from HvfExecutor
[ RUN      ] HvfExecutor.NativeIntelCancellationAndCompletionFailureAllowRetry
INTEL_PROBE phase=executor_retained
INTEL_LIFECYCLE phase=vcpu_destroy_begin generation=385 owner=36073
INTEL_LIFECYCLE phase=vcpu_destroy_end generation=385 owner=36073
INTEL_LIFECYCLE phase=vm_destroy_begin generation=385 owner=36073
INTEL_LIFECYCLE phase=vm_destroy_end generation=385 owner=36073
INTEL_LIFECYCLE phase=vm_create_begin generation=386 owner=36073
INTEL_LIFECYCLE phase=vm_create_end generation=386 owner=36073
INTEL_LIFECYCLE phase=vcpu_create_begin generation=386 owner=36073
INTEL_LIFECYCLE phase=vcpu_create_end generation=386 owner=36073
[       OK ] HvfExecutor.NativeIntelCancellationAndCompletionFailureAllowRetry (290 ms)
[----------] 1 test from HvfExecutor (290 ms total)

[==========] 1 test from 1 test suite ran. (291 ms total)
[  PASSED  ] 1 test.

Repeating all tests (iteration 386) . . .

Note: Google Test filter = HvfExecutor.Native*
[==========] Running 1 test from 1 test suite.
[----------] 1 test from HvfExecutor
[ RUN      ] HvfExecutor.NativeIntelCancellationAndCompletionFailureAllowRetry
INTEL_PROBE phase=executor_retained
INTEL_LIFECYCLE phase=vcpu_destroy_begin generation=386 owner=36073
INTEL_LIFECYCLE phase=vcpu_destroy_end generation=386 owner=36073
INTEL_LIFECYCLE phase=vm_destroy_begin generation=386 owner=36073
INTEL_LIFECYCLE phase=vm_destroy_end generation=386 owner=36073
INTEL_LIFECYCLE phase=vm_create_begin generation=387 owner=36073
INTEL_LIFECYCLE phase=vm_create_end generation=387 owner=36073
INTEL_LIFECYCLE phase=vcpu_create_begin generation=387 owner=36073
INTEL_LIFECYCLE phase=vcpu_create_end generation=387 owner=36073
[       OK ] HvfExecutor.NativeIntelCancellationAndCompletionFailureAllowRetry (270 ms)
[----------] 1 test from HvfExecutor (270 ms total)

[==========] 1 test from 1 test suite ran. (270 ms total)
[  PASSED  ] 1 test.

Repeating all tests (iteration 387) . . .

Note: Google Test filter = HvfExecutor.Native*
[==========] Running 1 test from 1 test suite.
[----------] 1 test from HvfExecutor
[ RUN      ] HvfExecutor.NativeIntelCancellationAndCompletionFailureAllowRetry
INTEL_PROBE phase=executor_retained
INTEL_LIFECYCLE phase=vcpu_destroy_begin generation=387 owner=36073
INTEL_LIFECYCLE phase=vcpu_destroy_end generation=387 owner=36073
INTEL_LIFECYCLE phase=vm_destroy_begin generation=387 owner=36073
INTEL_LIFECYCLE phase=vm_destroy_end generation=387 owner=36073
INTEL_LIFECYCLE phase=vm_create_begin generation=388 owner=36073
INTEL_LIFECYCLE phase=vm_create_end generation=388 owner=36073
INTEL_LIFECYCLE phase=vcpu_create_begin generation=388 owner=36073
INTEL_LIFECYCLE phase=vcpu_create_end generation=388 owner=36073
[       OK ] HvfExecutor.NativeIntelCancellationAndCompletionFailureAllowRetry (129 ms)
[----------] 1 test from HvfExecutor (129 ms total)

[==========] 1 test from 1 test suite ran. (129 ms total)
[  PASSED  ] 1 test.

Repeating all tests (iteration 388) . . .

Note: Google Test filter = HvfExecutor.Native*
[==========] Running 1 test from 1 test suite.
[----------] 1 test from HvfExecutor
[ RUN      ] HvfExecutor.NativeIntelCancellationAndCompletionFailureAllowRetry
INTEL_PROBE phase=executor_retained
INTEL_LIFECYCLE phase=vcpu_destroy_begin generation=388 owner=36073
INTEL_LIFECYCLE phase=vcpu_destroy_end generation=388 owner=36073
INTEL_LIFECYCLE phase=vm_destroy_begin generation=388 owner=36073
INTEL_LIFECYCLE phase=vm_destroy_end generation=388 owner=36073
INTEL_LIFECYCLE phase=vm_create_begin generation=389 owner=36073
INTEL_LIFECYCLE phase=vm_create_end generation=389 owner=36073
INTEL_LIFECYCLE phase=vcpu_create_begin generation=389 owner=36073
INTEL_LIFECYCLE phase=vcpu_create_end generation=389 owner=36073
[       OK ] HvfExecutor.NativeIntelCancellationAndCompletionFailureAllowRetry (123 ms)
[----------] 1 test from HvfExecutor (123 ms total)

[==========] 1 test from 1 test suite ran. (123 ms total)
[  PASSED  ] 1 test.

Repeating all tests (iteration 389) . . .

Note: Google Test filter = HvfExecutor.Native*
[==========] Running 1 test from 1 test suite.
[----------] 1 test from HvfExecutor
[ RUN      ] HvfExecutor.NativeIntelCancellationAndCompletionFailureAllowRetry
INTEL_PROBE phase=executor_retained
INTEL_LIFECYCLE phase=vcpu_destroy_begin generation=389 owner=36073
INTEL_LIFECYCLE phase=vcpu_destroy_end generation=389 owner=36073
INTEL_LIFECYCLE phase=vm_destroy_begin generation=389 owner=36073
INTEL_LIFECYCLE phase=vm_destroy_end generation=389 owner=36073
INTEL_LIFECYCLE phase=vm_create_begin generation=390 owner=36073
INTEL_LIFECYCLE phase=vm_create_end generation=390 owner=36073
INTEL_LIFECYCLE phase=vcpu_create_begin generation=390 owner=36073
INTEL_LIFECYCLE phase=vcpu_create_end generation=390 owner=36073
[       OK ] HvfExecutor.NativeIntelCancellationAndCompletionFailureAllowRetry (276 ms)
[----------] 1 test from HvfExecutor (276 ms total)

[==========] 1 test from 1 test suite ran. (276 ms total)
[  PASSED  ] 1 test.

Repeating all tests (iteration 390) . . .

Note: Google Test filter = HvfExecutor.Native*
[==========] Running 1 test from 1 test suite.
[----------] 1 test from HvfExecutor
[ RUN      ] HvfExecutor.NativeIntelCancellationAndCompletionFailureAllowRetry
INTEL_PROBE phase=executor_retained
INTEL_LIFECYCLE phase=vcpu_destroy_begin generation=390 owner=36073
INTEL_LIFECYCLE phase=vcpu_destroy_end generation=390 owner=36073
INTEL_LIFECYCLE phase=vm_destroy_begin generation=390 owner=36073
INTEL_LIFECYCLE phase=vm_destroy_end generation=390 owner=36073
INTEL_LIFECYCLE phase=vm_create_begin generation=391 owner=36073
INTEL_LIFECYCLE phase=vm_create_end generation=391 owner=36073
INTEL_LIFECYCLE phase=vcpu_create_begin generation=391 owner=36073
INTEL_LIFECYCLE phase=vcpu_create_end generation=391 owner=36073
[       OK ] HvfExecutor.NativeIntelCancellationAndCompletionFailureAllowRetry (317 ms)
[----------] 1 test from HvfExecutor (317 ms total)

[==========] 1 test from 1 test suite ran. (317 ms total)
[  PASSED  ] 1 test.

Repeating all tests (iteration 391) . . .

Note: Google Test filter = HvfExecutor.Native*
[==========] Running 1 test from 1 test suite.
[----------] 1 test from HvfExecutor
[ RUN      ] HvfExecutor.NativeIntelCancellationAndCompletionFailureAllowRetry
INTEL_PROBE phase=executor_retained
INTEL_LIFECYCLE phase=vcpu_destroy_begin generation=391 owner=36073
INTEL_LIFECYCLE phase=vcpu_destroy_end generation=391 owner=36073
INTEL_LIFECYCLE phase=vm_destroy_begin generation=391 owner=36073
INTEL_LIFECYCLE phase=vm_destroy_end generation=391 owner=36073
INTEL_LIFECYCLE phase=vm_create_begin generation=392 owner=36073
INTEL_LIFECYCLE phase=vm_create_end generation=392 owner=36073
INTEL_LIFECYCLE phase=vcpu_create_begin generation=392 owner=36073
INTEL_LIFECYCLE phase=vcpu_create_end generation=392 owner=36073
[       OK ] HvfExecutor.NativeIntelCancellationAndCompletionFailureAllowRetry (186 ms)
[----------] 1 test from HvfExecutor (186 ms total)

[==========] 1 test from 1 test suite ran. (186 ms total)
[  PASSED  ] 1 test.

Repeating all tests (iteration 392) . . .

Note: Google Test filter = HvfExecutor.Native*
[==========] Running 1 test from 1 test suite.
[----------] 1 test from HvfExecutor
[ RUN      ] HvfExecutor.NativeIntelCancellationAndCompletionFailureAllowRetry
INTEL_PROBE phase=executor_retained
INTEL_LIFECYCLE phase=vcpu_destroy_begin generation=392 owner=36073
INTEL_LIFECYCLE phase=vcpu_destroy_end generation=392 owner=36073
INTEL_LIFECYCLE phase=vm_destroy_begin generation=392 owner=36073
INTEL_LIFECYCLE phase=vm_destroy_end generation=392 owner=36073
INTEL_LIFECYCLE phase=vm_create_begin generation=393 owner=36073
INTEL_LIFECYCLE phase=vm_create_end generation=393 owner=36073
INTEL_LIFECYCLE phase=vcpu_create_begin generation=393 owner=36073
INTEL_LIFECYCLE phase=vcpu_create_end generation=393 owner=36073
[       OK ] HvfExecutor.NativeIntelCancellationAndCompletionFailureAllowRetry (259 ms)
[----------] 1 test from HvfExecutor (259 ms total)

[==========] 1 test from 1 test suite ran. (259 ms total)
[  PASSED  ] 1 test.

Repeating all tests (iteration 393) . . .

Note: Google Test filter = HvfExecutor.Native*
[==========] Running 1 test from 1 test suite.
[----------] 1 test from HvfExecutor
[ RUN      ] HvfExecutor.NativeIntelCancellationAndCompletionFailureAllowRetry
INTEL_PROBE phase=executor_retained
INTEL_LIFECYCLE phase=vcpu_destroy_begin generation=393 owner=36073
INTEL_LIFECYCLE phase=vcpu_destroy_end generation=393 owner=36073
INTEL_LIFECYCLE phase=vm_destroy_begin generation=393 owner=36073
INTEL_LIFECYCLE phase=vm_destroy_end generation=393 owner=36073
INTEL_LIFECYCLE phase=vm_create_begin generation=394 owner=36073
INTEL_LIFECYCLE phase=vm_create_end generation=394 owner=36073
INTEL_LIFECYCLE phase=vcpu_create_begin generation=394 owner=36073
INTEL_LIFECYCLE phase=vcpu_create_end generation=394 owner=36073
[       OK ] HvfExecutor.NativeIntelCancellationAndCompletionFailureAllowRetry (270 ms)
[----------] 1 test from HvfExecutor (270 ms total)

[==========] 1 test from 1 test suite ran. (270 ms total)
[  PASSED  ] 1 test.

Repeating all tests (iteration 394) . . .

Note: Google Test filter = HvfExecutor.Native*
[==========] Running 1 test from 1 test suite.
[----------] 1 test from HvfExecutor
[ RUN      ] HvfExecutor.NativeIntelCancellationAndCompletionFailureAllowRetry
INTEL_PROBE phase=executor_retained
INTEL_LIFECYCLE phase=vcpu_destroy_begin generation=394 owner=36073
INTEL_LIFECYCLE phase=vcpu_destroy_end generation=394 owner=36073
INTEL_LIFECYCLE phase=vm_destroy_begin generation=394 owner=36073
INTEL_LIFECYCLE phase=vm_destroy_end generation=394 owner=36073
INTEL_LIFECYCLE phase=vm_create_begin generation=395 owner=36073
INTEL_LIFECYCLE phase=vm_create_end generation=395 owner=36073
INTEL_LIFECYCLE phase=vcpu_create_begin generation=395 owner=36073
INTEL_LIFECYCLE phase=vcpu_create_end generation=395 owner=36073
[       OK ] HvfExecutor.NativeIntelCancellationAndCompletionFailureAllowRetry (232 ms)
[----------] 1 test from HvfExecutor (232 ms total)

[==========] 1 test from 1 test suite ran. (232 ms total)
[  PASSED  ] 1 test.

Repeating all tests (iteration 395) . . .

Note: Google Test filter = HvfExecutor.Native*
[==========] Running 1 test from 1 test suite.
[----------] 1 test from HvfExecutor
[ RUN      ] HvfExecutor.NativeIntelCancellationAndCompletionFailureAllowRetry
INTEL_PROBE phase=executor_retained
INTEL_LIFECYCLE phase=vcpu_destroy_begin generation=395 owner=36073
INTEL_LIFECYCLE phase=vcpu_destroy_end generation=395 owner=36073
INTEL_LIFECYCLE phase=vm_destroy_begin generation=395 owner=36073
INTEL_LIFECYCLE phase=vm_destroy_end generation=395 owner=36073
INTEL_LIFECYCLE phase=vm_create_begin generation=396 owner=36073
INTEL_LIFECYCLE phase=vm_create_end generation=396 owner=36073
INTEL_LIFECYCLE phase=vcpu_create_begin generation=396 owner=36073
INTEL_LIFECYCLE phase=vcpu_create_end generation=396 owner=36073
[       OK ] HvfExecutor.NativeIntelCancellationAndCompletionFailureAllowRetry (298 ms)
[----------] 1 test from HvfExecutor (298 ms total)

[==========] 1 test from 1 test suite ran. (298 ms total)
[  PASSED  ] 1 test.

Repeating all tests (iteration 396) . . .

Note: Google Test filter = HvfExecutor.Native*
[==========] Running 1 test from 1 test suite.
[----------] 1 test from HvfExecutor
[ RUN      ] HvfExecutor.NativeIntelCancellationAndCompletionFailureAllowRetry
INTEL_PROBE phase=executor_retained
INTEL_LIFECYCLE phase=vcpu_destroy_begin generation=396 owner=36073
INTEL_LIFECYCLE phase=vcpu_destroy_end generation=396 owner=36073
INTEL_LIFECYCLE phase=vm_destroy_begin generation=396 owner=36073
INTEL_LIFECYCLE phase=vm_destroy_end generation=396 owner=36073
INTEL_LIFECYCLE phase=vm_create_begin generation=397 owner=36073
INTEL_LIFECYCLE phase=vm_create_end generation=397 owner=36073
INTEL_LIFECYCLE phase=vcpu_create_begin generation=397 owner=36073
INTEL_LIFECYCLE phase=vcpu_create_end generation=397 owner=36073
[       OK ] HvfExecutor.NativeIntelCancellationAndCompletionFailureAllowRetry (248 ms)
[----------] 1 test from HvfExecutor (248 ms total)

[==========] 1 test from 1 test suite ran. (248 ms total)
[  PASSED  ] 1 test.

Repeating all tests (iteration 397) . . .

Note: Google Test filter = HvfExecutor.Native*
[==========] Running 1 test from 1 test suite.
[----------] 1 test from HvfExecutor
[ RUN      ] HvfExecutor.NativeIntelCancellationAndCompletionFailureAllowRetry
INTEL_PROBE phase=executor_retained
INTEL_LIFECYCLE phase=vcpu_destroy_begin generation=397 owner=36073
INTEL_LIFECYCLE phase=vcpu_destroy_end generation=397 owner=36073
INTEL_LIFECYCLE phase=vm_destroy_begin generation=397 owner=36073
INTEL_LIFECYCLE phase=vm_destroy_end generation=397 owner=36073
INTEL_LIFECYCLE phase=vm_create_begin generation=398 owner=36073
INTEL_LIFECYCLE phase=vm_create_end generation=398 owner=36073
INTEL_LIFECYCLE phase=vcpu_create_begin generation=398 owner=36073
INTEL_LIFECYCLE phase=vcpu_create_end generation=398 owner=36073
[       OK ] HvfExecutor.NativeIntelCancellationAndCompletionFailureAllowRetry (370 ms)
[----------] 1 test from HvfExecutor (371 ms total)

[==========] 1 test from 1 test suite ran. (371 ms total)
[  PASSED  ] 1 test.

Repeating all tests (iteration 398) . . .

Note: Google Test filter = HvfExecutor.Native*
[==========] Running 1 test from 1 test suite.
[----------] 1 test from HvfExecutor
[ RUN      ] HvfExecutor.NativeIntelCancellationAndCompletionFailureAllowRetry
INTEL_PROBE phase=executor_retained
INTEL_LIFECYCLE phase=vcpu_destroy_begin generation=398 owner=36073
INTEL_LIFECYCLE phase=vcpu_destroy_end generation=398 owner=36073
INTEL_LIFECYCLE phase=vm_destroy_begin generation=398 owner=36073
INTEL_LIFECYCLE phase=vm_destroy_end generation=398 owner=36073
INTEL_LIFECYCLE phase=vm_create_begin generation=399 owner=36073
INTEL_LIFECYCLE phase=vm_create_end generation=399 owner=36073
INTEL_LIFECYCLE phase=vcpu_create_begin generation=399 owner=36073
INTEL_LIFECYCLE phase=vcpu_create_end generation=399 owner=36073
[       OK ] HvfExecutor.NativeIntelCancellationAndCompletionFailureAllowRetry (277 ms)
[----------] 1 test from HvfExecutor (278 ms total)

[==========] 1 test from 1 test suite ran. (278 ms total)
[  PASSED  ] 1 test.

Repeating all tests (iteration 399) . . .

Note: Google Test filter = HvfExecutor.Native*
[==========] Running 1 test from 1 test suite.
[----------] 1 test from HvfExecutor
[ RUN      ] HvfExecutor.NativeIntelCancellationAndCompletionFailureAllowRetry
INTEL_PROBE phase=executor_retained
INTEL_LIFECYCLE phase=vcpu_destroy_begin generation=399 owner=36073
INTEL_LIFECYCLE phase=vcpu_destroy_end generation=399 owner=36073
INTEL_LIFECYCLE phase=vm_destroy_begin generation=399 owner=36073
INTEL_LIFECYCLE phase=vm_destroy_end generation=399 owner=36073
INTEL_LIFECYCLE phase=vm_create_begin generation=400 owner=36073
INTEL_LIFECYCLE phase=vm_create_end generation=400 owner=36073
INTEL_LIFECYCLE phase=vcpu_create_begin generation=400 owner=36073
INTEL_LIFECYCLE phase=vcpu_create_end generation=400 owner=36073
[       OK ] HvfExecutor.NativeIntelCancellationAndCompletionFailureAllowRetry (269 ms)
[----------] 1 test from HvfExecutor (269 ms total)

[==========] 1 test from 1 test suite ran. (269 ms total)
[  PASSED  ] 1 test.

Repeating all tests (iteration 400) . . .

Note: Google Test filter = HvfExecutor.Native*
[==========] Running 1 test from 1 test suite.
[----------] 1 test from HvfExecutor
[ RUN      ] HvfExecutor.NativeIntelCancellationAndCompletionFailureAllowRetry
INTEL_PROBE phase=executor_retained
INTEL_LIFECYCLE phase=vcpu_destroy_begin generation=400 owner=36073
INTEL_LIFECYCLE phase=vcpu_destroy_end generation=400 owner=36073
INTEL_LIFECYCLE phase=vm_destroy_begin generation=400 owner=36073
INTEL_LIFECYCLE phase=vm_destroy_end generation=400 owner=36073
INTEL_LIFECYCLE phase=vm_create_begin generation=401 owner=36073
INTEL_LIFECYCLE phase=vm_create_end generation=401 owner=36073
INTEL_LIFECYCLE phase=vcpu_create_begin generation=401 owner=36073
INTEL_LIFECYCLE phase=vcpu_create_end generation=401 owner=36073
[       OK ] HvfExecutor.NativeIntelCancellationAndCompletionFailureAllowRetry (330 ms)
[----------] 1 test from HvfExecutor (330 ms total)

[==========] 1 test from 1 test suite ran. (330 ms total)
[  PASSED  ] 1 test.

Repeating all tests (iteration 401) . . .

Note: Google Test filter = HvfExecutor.Native*
[==========] Running 1 test from 1 test suite.
[----------] 1 test from HvfExecutor
[ RUN      ] HvfExecutor.NativeIntelCancellationAndCompletionFailureAllowRetry
INTEL_PROBE phase=executor_retained
INTEL_LIFECYCLE phase=vcpu_destroy_begin generation=401 owner=36073
INTEL_LIFECYCLE phase=vcpu_destroy_end generation=401 owner=36073
INTEL_LIFECYCLE phase=vm_destroy_begin generation=401 owner=36073
INTEL_LIFECYCLE phase=vm_destroy_end generation=401 owner=36073
INTEL_LIFECYCLE phase=vm_create_begin generation=402 owner=36073
INTEL_LIFECYCLE phase=vm_create_end generation=402 owner=36073
INTEL_LIFECYCLE phase=vcpu_create_begin generation=402 owner=36073
INTEL_LIFECYCLE phase=vcpu_create_end generation=402 owner=36073
[       OK ] HvfExecutor.NativeIntelCancellationAndCompletionFailureAllowRetry (366 ms)
[----------] 1 test from HvfExecutor (366 ms total)

[==========] 1 test from 1 test suite ran. (366 ms total)
[  PASSED  ] 1 test.

Repeating all tests (iteration 402) . . .

Note: Google Test filter = HvfExecutor.Native*
[==========] Running 1 test from 1 test suite.
[----------] 1 test from HvfExecutor
[ RUN      ] HvfExecutor.NativeIntelCancellationAndCompletionFailureAllowRetry
INTEL_PROBE phase=executor_retained
INTEL_LIFECYCLE phase=vcpu_destroy_begin generation=402 owner=36073
INTEL_LIFECYCLE phase=vcpu_destroy_end generation=402 owner=36073
INTEL_LIFECYCLE phase=vm_destroy_begin generation=402 owner=36073
INTEL_LIFECYCLE phase=vm_destroy_end generation=402 owner=36073
INTEL_LIFECYCLE phase=vm_create_begin generation=403 owner=36073
INTEL_LIFECYCLE phase=vm_create_end generation=403 owner=36073
INTEL_LIFECYCLE phase=vcpu_create_begin generation=403 owner=36073
INTEL_LIFECYCLE phase=vcpu_create_end generation=403 owner=36073
[       OK ] HvfExecutor.NativeIntelCancellationAndCompletionFailureAllowRetry (206 ms)
[----------] 1 test from HvfExecutor (206 ms total)

[==========] 1 test from 1 test suite ran. (206 ms total)
[  PASSED  ] 1 test.

Repeating all tests (iteration 403) . . .

Note: Google Test filter = HvfExecutor.Native*
[==========] Running 1 test from 1 test suite.
[----------] 1 test from HvfExecutor
[ RUN      ] HvfExecutor.NativeIntelCancellationAndCompletionFailureAllowRetry
INTEL_PROBE phase=executor_retained
INTEL_LIFECYCLE phase=vcpu_destroy_begin generation=403 owner=36073
INTEL_LIFECYCLE phase=vcpu_destroy_end generation=403 owner=36073
INTEL_LIFECYCLE phase=vm_destroy_begin generation=403 owner=36073
INTEL_LIFECYCLE phase=vm_destroy_end generation=403 owner=36073
INTEL_LIFECYCLE phase=vm_create_begin generation=404 owner=36073
INTEL_LIFECYCLE phase=vm_create_end generation=404 owner=36073
INTEL_LIFECYCLE phase=vcpu_create_begin generation=404 owner=36073
INTEL_LIFECYCLE phase=vcpu_create_end generation=404 owner=36073
[       OK ] HvfExecutor.NativeIntelCancellationAndCompletionFailureAllowRetry (152 ms)
[----------] 1 test from HvfExecutor (152 ms total)

[==========] 1 test from 1 test suite ran. (152 ms total)
[  PASSED  ] 1 test.

Repeating all tests (iteration 404) . . .

Note: Google Test filter = HvfExecutor.Native*
[==========] Running 1 test from 1 test suite.
[----------] 1 test from HvfExecutor
[ RUN      ] HvfExecutor.NativeIntelCancellationAndCompletionFailureAllowRetry
INTEL_PROBE phase=executor_retained
INTEL_LIFECYCLE phase=vcpu_destroy_begin generation=404 owner=36073
INTEL_LIFECYCLE phase=vcpu_destroy_end generation=404 owner=36073
INTEL_LIFECYCLE phase=vm_destroy_begin generation=404 owner=36073
INTEL_LIFECYCLE phase=vm_destroy_end generation=404 owner=36073
INTEL_LIFECYCLE phase=vm_create_begin generation=405 owner=36073
INTEL_LIFECYCLE phase=vm_create_end generation=405 owner=36073
INTEL_LIFECYCLE phase=vcpu_create_begin generation=405 owner=36073
INTEL_LIFECYCLE phase=vcpu_create_end generation=405 owner=36073
[       OK ] HvfExecutor.NativeIntelCancellationAndCompletionFailureAllowRetry (247 ms)
[----------] 1 test from HvfExecutor (247 ms total)

[==========] 1 test from 1 test suite ran. (247 ms total)
[  PASSED  ] 1 test.

Repeating all tests (iteration 405) . . .

Note: Google Test filter = HvfExecutor.Native*
[==========] Running 1 test from 1 test suite.
[----------] 1 test from HvfExecutor
[ RUN      ] HvfExecutor.NativeIntelCancellationAndCompletionFailureAllowRetry
INTEL_PROBE phase=executor_retained
INTEL_LIFECYCLE phase=vcpu_destroy_begin generation=405 owner=36073
INTEL_LIFECYCLE phase=vcpu_destroy_end generation=405 owner=36073
INTEL_LIFECYCLE phase=vm_destroy_begin generation=405 owner=36073
INTEL_LIFECYCLE phase=vm_destroy_end generation=405 owner=36073
INTEL_LIFECYCLE phase=vm_create_begin generation=406 owner=36073
INTEL_LIFECYCLE phase=vm_create_end generation=406 owner=36073
INTEL_LIFECYCLE phase=vcpu_create_begin generation=406 owner=36073
INTEL_LIFECYCLE phase=vcpu_create_end generation=406 owner=36073
[       OK ] HvfExecutor.NativeIntelCancellationAndCompletionFailureAllowRetry (466 ms)
[----------] 1 test from HvfExecutor (466 ms total)

[==========] 1 test from 1 test suite ran. (466 ms total)
[  PASSED  ] 1 test.

Repeating all tests (iteration 406) . . .

Note: Google Test filter = HvfExecutor.Native*
[==========] Running 1 test from 1 test suite.
[----------] 1 test from HvfExecutor
[ RUN      ] HvfExecutor.NativeIntelCancellationAndCompletionFailureAllowRetry
INTEL_PROBE phase=executor_retained
INTEL_LIFECYCLE phase=vcpu_destroy_begin generation=406 owner=36073
INTEL_LIFECYCLE phase=vcpu_destroy_end generation=406 owner=36073
INTEL_LIFECYCLE phase=vm_destroy_begin generation=406 owner=36073
INTEL_LIFECYCLE phase=vm_destroy_end generation=406 owner=36073
INTEL_LIFECYCLE phase=vm_create_begin generation=407 owner=36073
INTEL_LIFECYCLE phase=vm_create_end generation=407 owner=36073
INTEL_LIFECYCLE phase=vcpu_create_begin generation=407 owner=36073
INTEL_LIFECYCLE phase=vcpu_create_end generation=407 owner=36073
[       OK ] HvfExecutor.NativeIntelCancellationAndCompletionFailureAllowRetry (368 ms)
[----------] 1 test from HvfExecutor (368 ms total)

[==========] 1 test from 1 test suite ran. (368 ms total)
[  PASSED  ] 1 test.

Repeating all tests (iteration 407) . . .

Note: Google Test filter = HvfExecutor.Native*
[==========] Running 1 test from 1 test suite.
[----------] 1 test from HvfExecutor
[ RUN      ] HvfExecutor.NativeIntelCancellationAndCompletionFailureAllowRetry
INTEL_PROBE phase=executor_retained
INTEL_LIFECYCLE phase=vcpu_destroy_begin generation=407 owner=36073
INTEL_LIFECYCLE phase=vcpu_destroy_end generation=407 owner=36073
INTEL_LIFECYCLE phase=vm_destroy_begin generation=407 owner=36073
INTEL_LIFECYCLE phase=vm_destroy_end generation=407 owner=36073
INTEL_LIFECYCLE phase=vm_create_begin generation=408 owner=36073
INTEL_LIFECYCLE phase=vm_create_end generation=408 owner=36073
INTEL_LIFECYCLE phase=vcpu_create_begin generation=408 owner=36073
INTEL_LIFECYCLE phase=vcpu_create_end generation=408 owner=36073
[       OK ] HvfExecutor.NativeIntelCancellationAndCompletionFailureAllowRetry (361 ms)
[----------] 1 test from HvfExecutor (361 ms total)

[==========] 1 test from 1 test suite ran. (361 ms total)
[  PASSED  ] 1 test.

Repeating all tests (iteration 408) . . .

Note: Google Test filter = HvfExecutor.Native*
[==========] Running 1 test from 1 test suite.
[----------] 1 test from HvfExecutor
[ RUN      ] HvfExecutor.NativeIntelCancellationAndCompletionFailureAllowRetry
INTEL_PROBE phase=executor_retained
INTEL_LIFECYCLE phase=vcpu_destroy_begin generation=408 owner=36073
INTEL_LIFECYCLE phase=vcpu_destroy_end generation=408 owner=36073
INTEL_LIFECYCLE phase=vm_destroy_begin generation=408 owner=36073
INTEL_LIFECYCLE phase=vm_destroy_end generation=408 owner=36073
INTEL_LIFECYCLE phase=vm_create_begin generation=409 owner=36073
INTEL_LIFECYCLE phase=vm_create_end generation=409 owner=36073
INTEL_LIFECYCLE phase=vcpu_create_begin generation=409 owner=36073
INTEL_LIFECYCLE phase=vcpu_create_end generation=409 owner=36073
[       OK ] HvfExecutor.NativeIntelCancellationAndCompletionFailureAllowRetry (314 ms)
[----------] 1 test from HvfExecutor (314 ms total)

[==========] 1 test from 1 test suite ran. (314 ms total)
[  PASSED  ] 1 test.

Repeating all tests (iteration 409) . . .

Note: Google Test filter = HvfExecutor.Native*
[==========] Running 1 test from 1 test suite.
[----------] 1 test from HvfExecutor
[ RUN      ] HvfExecutor.NativeIntelCancellationAndCompletionFailureAllowRetry
INTEL_PROBE phase=executor_retained
INTEL_LIFECYCLE phase=vcpu_destroy_begin generation=409 owner=36073
INTEL_LIFECYCLE phase=vcpu_destroy_end generation=409 owner=36073
INTEL_LIFECYCLE phase=vm_destroy_begin generation=409 owner=36073
INTEL_LIFECYCLE phase=vm_destroy_end generation=409 owner=36073
INTEL_LIFECYCLE phase=vm_create_begin generation=410 owner=36073
INTEL_LIFECYCLE phase=vm_create_end generation=410 owner=36073
INTEL_LIFECYCLE phase=vcpu_create_begin generation=410 owner=36073
INTEL_LIFECYCLE phase=vcpu_create_end generation=410 owner=36073
[       OK ] HvfExecutor.NativeIntelCancellationAndCompletionFailureAllowRetry (365 ms)
[----------] 1 test from HvfExecutor (365 ms total)

[==========] 1 test from 1 test suite ran. (365 ms total)
[  PASSED  ] 1 test.

Repeating all tests (iteration 410) . . .

Note: Google Test filter = HvfExecutor.Native*
[==========] Running 1 test from 1 test suite.
[----------] 1 test from HvfExecutor
[ RUN      ] HvfExecutor.NativeIntelCancellationAndCompletionFailureAllowRetry
INTEL_PROBE phase=executor_retained
INTEL_LIFECYCLE phase=vcpu_destroy_begin generation=410 owner=36073
INTEL_LIFECYCLE phase=vcpu_destroy_end generation=410 owner=36073
INTEL_LIFECYCLE phase=vm_destroy_begin generation=410 owner=36073
INTEL_LIFECYCLE phase=vm_destroy_end generation=410 owner=36073
INTEL_LIFECYCLE phase=vm_create_begin generation=411 owner=36073
INTEL_LIFECYCLE phase=vm_create_end generation=411 owner=36073
INTEL_LIFECYCLE phase=vcpu_create_begin generation=411 owner=36073
INTEL_LIFECYCLE phase=vcpu_create_end generation=411 owner=36073
[       OK ] HvfExecutor.NativeIntelCancellationAndCompletionFailureAllowRetry (221 ms)
[----------] 1 test from HvfExecutor (221 ms total)

[==========] 1 test from 1 test suite ran. (221 ms total)
[  PASSED  ] 1 test.

Repeating all tests (iteration 411) . . .

Note: Google Test filter = HvfExecutor.Native*
[==========] Running 1 test from 1 test suite.
[----------] 1 test from HvfExecutor
[ RUN      ] HvfExecutor.NativeIntelCancellationAndCompletionFailureAllowRetry
INTEL_PROBE phase=executor_retained
INTEL_LIFECYCLE phase=vcpu_destroy_begin generation=411 owner=36073
INTEL_LIFECYCLE phase=vcpu_destroy_end generation=411 owner=36073
INTEL_LIFECYCLE phase=vm_destroy_begin generation=411 owner=36073
INTEL_LIFECYCLE phase=vm_destroy_end generation=411 owner=36073
INTEL_LIFECYCLE phase=vm_create_begin generation=412 owner=36073
INTEL_LIFECYCLE phase=vm_create_end generation=412 owner=36073
INTEL_LIFECYCLE phase=vcpu_create_begin generation=412 owner=36073
INTEL_LIFECYCLE phase=vcpu_create_end generation=412 owner=36073
[       OK ] HvfExecutor.NativeIntelCancellationAndCompletionFailureAllowRetry (347 ms)
[----------] 1 test from HvfExecutor (347 ms total)

[==========] 1 test from 1 test suite ran. (347 ms total)
[  PASSED  ] 1 test.

Repeating all tests (iteration 412) . . .

Note: Google Test filter = HvfExecutor.Native*
[==========] Running 1 test from 1 test suite.
[----------] 1 test from HvfExecutor
[ RUN      ] HvfExecutor.NativeIntelCancellationAndCompletionFailureAllowRetry
INTEL_PROBE phase=executor_retained
INTEL_LIFECYCLE phase=vcpu_destroy_begin generation=412 owner=36073
INTEL_LIFECYCLE phase=vcpu_destroy_end generation=412 owner=36073
INTEL_LIFECYCLE phase=vm_destroy_begin generation=412 owner=36073
INTEL_LIFECYCLE phase=vm_destroy_end generation=412 owner=36073
INTEL_LIFECYCLE phase=vm_create_begin generation=413 owner=36073
INTEL_LIFECYCLE phase=vm_create_end generation=413 owner=36073
INTEL_LIFECYCLE phase=vcpu_create_begin generation=413 owner=36073
INTEL_LIFECYCLE phase=vcpu_create_end generation=413 owner=36073
[       OK ] HvfExecutor.NativeIntelCancellationAndCompletionFailureAllowRetry (254 ms)
[----------] 1 test from HvfExecutor (254 ms total)

[==========] 1 test from 1 test suite ran. (254 ms total)
[  PASSED  ] 1 test.

Repeating all tests (iteration 413) . . .

Note: Google Test filter = HvfExecutor.Native*
[==========] Running 1 test from 1 test suite.
[----------] 1 test from HvfExecutor
[ RUN      ] HvfExecutor.NativeIntelCancellationAndCompletionFailureAllowRetry
INTEL_PROBE phase=executor_retained
INTEL_LIFECYCLE phase=vcpu_destroy_begin generation=413 owner=36073
INTEL_LIFECYCLE phase=vcpu_destroy_end generation=413 owner=36073
INTEL_LIFECYCLE phase=vm_destroy_begin generation=413 owner=36073
INTEL_LIFECYCLE phase=vm_destroy_end generation=413 owner=36073
INTEL_LIFECYCLE phase=vm_create_begin generation=414 owner=36073
INTEL_LIFECYCLE phase=vm_create_end generation=414 owner=36073
INTEL_LIFECYCLE phase=vcpu_create_begin generation=414 owner=36073
INTEL_LIFECYCLE phase=vcpu_create_end generation=414 owner=36073
[       OK ] HvfExecutor.NativeIntelCancellationAndCompletionFailureAllowRetry (236 ms)
[----------] 1 test from HvfExecutor (237 ms total)

[==========] 1 test from 1 test suite ran. (237 ms total)
[  PASSED  ] 1 test.

Repeating all tests (iteration 414) . . .

Note: Google Test filter = HvfExecutor.Native*
[==========] Running 1 test from 1 test suite.
[----------] 1 test from HvfExecutor
[ RUN      ] HvfExecutor.NativeIntelCancellationAndCompletionFailureAllowRetry
INTEL_PROBE phase=executor_retained
INTEL_LIFECYCLE phase=vcpu_destroy_begin generation=414 owner=36073
INTEL_LIFECYCLE phase=vcpu_destroy_end generation=414 owner=36073
INTEL_LIFECYCLE phase=vm_destroy_begin generation=414 owner=36073
INTEL_LIFECYCLE phase=vm_destroy_end generation=414 owner=36073
INTEL_LIFECYCLE phase=vm_create_begin generation=415 owner=36073
INTEL_LIFECYCLE phase=vm_create_end generation=415 owner=36073
INTEL_LIFECYCLE phase=vcpu_create_begin generation=415 owner=36073
INTEL_LIFECYCLE phase=vcpu_create_end generation=415 owner=36073
[       OK ] HvfExecutor.NativeIntelCancellationAndCompletionFailureAllowRetry (294 ms)
[----------] 1 test from HvfExecutor (294 ms total)

[==========] 1 test from 1 test suite ran. (294 ms total)
[  PASSED  ] 1 test.

Repeating all tests (iteration 415) . . .

Note: Google Test filter = HvfExecutor.Native*
[==========] Running 1 test from 1 test suite.
[----------] 1 test from HvfExecutor
[ RUN      ] HvfExecutor.NativeIntelCancellationAndCompletionFailureAllowRetry
INTEL_PROBE phase=executor_retained
INTEL_LIFECYCLE phase=vcpu_destroy_begin generation=415 owner=36073
INTEL_LIFECYCLE phase=vcpu_destroy_end generation=415 owner=36073
INTEL_LIFECYCLE phase=vm_destroy_begin generation=415 owner=36073
INTEL_LIFECYCLE phase=vm_destroy_end generation=415 owner=36073
INTEL_LIFECYCLE phase=vm_create_begin generation=416 owner=36073
INTEL_LIFECYCLE phase=vm_create_end generation=416 owner=36073
INTEL_LIFECYCLE phase=vcpu_create_begin generation=416 owner=36073
INTEL_LIFECYCLE phase=vcpu_create_end generation=416 owner=36073
[       OK ] HvfExecutor.NativeIntelCancellationAndCompletionFailureAllowRetry (299 ms)
[----------] 1 test from HvfExecutor (299 ms total)

[==========] 1 test from 1 test suite ran. (299 ms total)
[  PASSED  ] 1 test.

Repeating all tests (iteration 416) . . .

Note: Google Test filter = HvfExecutor.Native*
[==========] Running 1 test from 1 test suite.
[----------] 1 test from HvfExecutor
[ RUN      ] HvfExecutor.NativeIntelCancellationAndCompletionFailureAllowRetry
INTEL_PROBE phase=executor_retained
INTEL_LIFECYCLE phase=vcpu_destroy_begin generation=416 owner=36073
INTEL_LIFECYCLE phase=vcpu_destroy_end generation=416 owner=36073
INTEL_LIFECYCLE phase=vm_destroy_begin generation=416 owner=36073
INTEL_LIFECYCLE phase=vm_destroy_end generation=416 owner=36073
INTEL_LIFECYCLE phase=vm_create_begin generation=417 owner=36073
INTEL_LIFECYCLE phase=vm_create_end generation=417 owner=36073
INTEL_LIFECYCLE phase=vcpu_create_begin generation=417 owner=36073
INTEL_LIFECYCLE phase=vcpu_create_end generation=417 owner=36073
[       OK ] HvfExecutor.NativeIntelCancellationAndCompletionFailureAllowRetry (145 ms)
[----------] 1 test from HvfExecutor (145 ms total)

[==========] 1 test from 1 test suite ran. (145 ms total)
[  PASSED  ] 1 test.

Repeating all tests (iteration 417) . . .

Note: Google Test filter = HvfExecutor.Native*
[==========] Running 1 test from 1 test suite.
[----------] 1 test from HvfExecutor
[ RUN      ] HvfExecutor.NativeIntelCancellationAndCompletionFailureAllowRetry
INTEL_PROBE phase=executor_retained
INTEL_LIFECYCLE phase=vcpu_destroy_begin generation=417 owner=36073
INTEL_LIFECYCLE phase=vcpu_destroy_end generation=417 owner=36073
INTEL_LIFECYCLE phase=vm_destroy_begin generation=417 owner=36073
INTEL_LIFECYCLE phase=vm_destroy_end generation=417 owner=36073
INTEL_LIFECYCLE phase=vm_create_begin generation=418 owner=36073
INTEL_LIFECYCLE phase=vm_create_end generation=418 owner=36073
INTEL_LIFECYCLE phase=vcpu_create_begin generation=418 owner=36073
INTEL_LIFECYCLE phase=vcpu_create_end generation=418 owner=36073
[       OK ] HvfExecutor.NativeIntelCancellationAndCompletionFailureAllowRetry (287 ms)
[----------] 1 test from HvfExecutor (288 ms total)

[==========] 1 test from 1 test suite ran. (288 ms total)
[  PASSED  ] 1 test.

Repeating all tests (iteration 418) . . .

Note: Google Test filter = HvfExecutor.Native*
[==========] Running 1 test from 1 test suite.
[----------] 1 test from HvfExecutor
[ RUN      ] HvfExecutor.NativeIntelCancellationAndCompletionFailureAllowRetry
INTEL_PROBE phase=executor_retained
INTEL_LIFECYCLE phase=vcpu_destroy_begin generation=418 owner=36073
INTEL_LIFECYCLE phase=vcpu_destroy_end generation=418 owner=36073
INTEL_LIFECYCLE phase=vm_destroy_begin generation=418 owner=36073
INTEL_LIFECYCLE phase=vm_destroy_end generation=418 owner=36073
INTEL_LIFECYCLE phase=vm_create_begin generation=419 owner=36073
INTEL_LIFECYCLE phase=vm_create_end generation=419 owner=36073
INTEL_LIFECYCLE phase=vcpu_create_begin generation=419 owner=36073
INTEL_LIFECYCLE phase=vcpu_create_end generation=419 owner=36073
[       OK ] HvfExecutor.NativeIntelCancellationAndCompletionFailureAllowRetry (303 ms)
[----------] 1 test from HvfExecutor (303 ms total)

[==========] 1 test from 1 test suite ran. (303 ms total)
[  PASSED  ] 1 test.

Repeating all tests (iteration 419) . . .

Note: Google Test filter = HvfExecutor.Native*
[==========] Running 1 test from 1 test suite.
[----------] 1 test from HvfExecutor
[ RUN      ] HvfExecutor.NativeIntelCancellationAndCompletionFailureAllowRetry
INTEL_PROBE phase=executor_retained
INTEL_LIFECYCLE phase=vcpu_destroy_begin generation=419 owner=36073
INTEL_LIFECYCLE phase=vcpu_destroy_end generation=419 owner=36073
INTEL_LIFECYCLE phase=vm_destroy_begin generation=419 owner=36073
INTEL_LIFECYCLE phase=vm_destroy_end generation=419 owner=36073
INTEL_LIFECYCLE phase=vm_create_begin generation=420 owner=36073
INTEL_LIFECYCLE phase=vm_create_end generation=420 owner=36073
INTEL_LIFECYCLE phase=vcpu_create_begin generation=420 owner=36073
INTEL_LIFECYCLE phase=vcpu_create_end generation=420 owner=36073
[       OK ] HvfExecutor.NativeIntelCancellationAndCompletionFailureAllowRetry (311 ms)
[----------] 1 test from HvfExecutor (311 ms total)

[==========] 1 test from 1 test suite ran. (311 ms total)
[  PASSED  ] 1 test.

Repeating all tests (iteration 420) . . .

Note: Google Test filter = HvfExecutor.Native*
[==========] Running 1 test from 1 test suite.
[----------] 1 test from HvfExecutor
[ RUN      ] HvfExecutor.NativeIntelCancellationAndCompletionFailureAllowRetry
INTEL_PROBE phase=executor_retained
INTEL_LIFECYCLE phase=vcpu_destroy_begin generation=420 owner=36073
INTEL_LIFECYCLE phase=vcpu_destroy_end generation=420 owner=36073
INTEL_LIFECYCLE phase=vm_destroy_begin generation=420 owner=36073
INTEL_LIFECYCLE phase=vm_destroy_end generation=420 owner=36073
INTEL_LIFECYCLE phase=vm_create_begin generation=421 owner=36073
INTEL_LIFECYCLE phase=vm_create_end generation=421 owner=36073
INTEL_LIFECYCLE phase=vcpu_create_begin generation=421 owner=36073
INTEL_LIFECYCLE phase=vcpu_create_end generation=421 owner=36073
[       OK ] HvfExecutor.NativeIntelCancellationAndCompletionFailureAllowRetry (363 ms)
[----------] 1 test from HvfExecutor (363 ms total)

[==========] 1 test from 1 test suite ran. (363 ms total)
[  PASSED  ] 1 test.

Repeating all tests (iteration 421) . . .

Note: Google Test filter = HvfExecutor.Native*
[==========] Running 1 test from 1 test suite.
[----------] 1 test from HvfExecutor
[ RUN      ] HvfExecutor.NativeIntelCancellationAndCompletionFailureAllowRetry
INTEL_PROBE phase=executor_retained
INTEL_LIFECYCLE phase=vcpu_destroy_begin generation=421 owner=36073
INTEL_LIFECYCLE phase=vcpu_destroy_end generation=421 owner=36073
INTEL_LIFECYCLE phase=vm_destroy_begin generation=421 owner=36073
INTEL_LIFECYCLE phase=vm_destroy_end generation=421 owner=36073
INTEL_LIFECYCLE phase=vm_create_begin generation=422 owner=36073
INTEL_LIFECYCLE phase=vm_create_end generation=422 owner=36073
INTEL_LIFECYCLE phase=vcpu_create_begin generation=422 owner=36073
INTEL_LIFECYCLE phase=vcpu_create_end generation=422 owner=36073
[       OK ] HvfExecutor.NativeIntelCancellationAndCompletionFailureAllowRetry (298 ms)
[----------] 1 test from HvfExecutor (298 ms total)

[==========] 1 test from 1 test suite ran. (298 ms total)
[  PASSED  ] 1 test.

Repeating all tests (iteration 422) . . .

Note: Google Test filter = HvfExecutor.Native*
[==========] Running 1 test from 1 test suite.
[----------] 1 test from HvfExecutor
[ RUN      ] HvfExecutor.NativeIntelCancellationAndCompletionFailureAllowRetry
INTEL_PROBE phase=executor_retained
INTEL_LIFECYCLE phase=vcpu_destroy_begin generation=422 owner=36073
INTEL_LIFECYCLE phase=vcpu_destroy_end generation=422 owner=36073
INTEL_LIFECYCLE phase=vm_destroy_begin generation=422 owner=36073
INTEL_LIFECYCLE phase=vm_destroy_end generation=422 owner=36073
INTEL_LIFECYCLE phase=vm_create_begin generation=423 owner=36073
INTEL_LIFECYCLE phase=vm_create_end generation=423 owner=36073
INTEL_LIFECYCLE phase=vcpu_create_begin generation=423 owner=36073
INTEL_LIFECYCLE phase=vcpu_create_end generation=423 owner=36073
[       OK ] HvfExecutor.NativeIntelCancellationAndCompletionFailureAllowRetry (222 ms)
[----------] 1 test from HvfExecutor (222 ms total)

[==========] 1 test from 1 test suite ran. (222 ms total)
[  PASSED  ] 1 test.

Repeating all tests (iteration 423) . . .

Note: Google Test filter = HvfExecutor.Native*
[==========] Running 1 test from 1 test suite.
[----------] 1 test from HvfExecutor
[ RUN      ] HvfExecutor.NativeIntelCancellationAndCompletionFailureAllowRetry
INTEL_PROBE phase=executor_retained
INTEL_LIFECYCLE phase=vcpu_destroy_begin generation=423 owner=36073
INTEL_LIFECYCLE phase=vcpu_destroy_end generation=423 owner=36073
INTEL_LIFECYCLE phase=vm_destroy_begin generation=423 owner=36073
INTEL_LIFECYCLE phase=vm_destroy_end generation=423 owner=36073
INTEL_LIFECYCLE phase=vm_create_begin generation=424 owner=36073
INTEL_LIFECYCLE phase=vm_create_end generation=424 owner=36073
INTEL_LIFECYCLE phase=vcpu_create_begin generation=424 owner=36073
INTEL_LIFECYCLE phase=vcpu_create_end generation=424 owner=36073
[       OK ] HvfExecutor.NativeIntelCancellationAndCompletionFailureAllowRetry (396 ms)
[----------] 1 test from HvfExecutor (396 ms total)

[==========] 1 test from 1 test suite ran. (396 ms total)
[  PASSED  ] 1 test.

Repeating all tests (iteration 424) . . .

Note: Google Test filter = HvfExecutor.Native*
[==========] Running 1 test from 1 test suite.
[----------] 1 test from HvfExecutor
[ RUN      ] HvfExecutor.NativeIntelCancellationAndCompletionFailureAllowRetry
INTEL_PROBE phase=executor_retained
INTEL_LIFECYCLE phase=vcpu_destroy_begin generation=424 owner=36073
INTEL_LIFECYCLE phase=vcpu_destroy_end generation=424 owner=36073
INTEL_LIFECYCLE phase=vm_destroy_begin generation=424 owner=36073
INTEL_LIFECYCLE phase=vm_destroy_end generation=424 owner=36073
INTEL_LIFECYCLE phase=vm_create_begin generation=425 owner=36073
INTEL_LIFECYCLE phase=vm_create_end generation=425 owner=36073
INTEL_LIFECYCLE phase=vcpu_create_begin generation=425 owner=36073
INTEL_LIFECYCLE phase=vcpu_create_end generation=425 owner=36073
[       OK ] HvfExecutor.NativeIntelCancellationAndCompletionFailureAllowRetry (170 ms)
[----------] 1 test from HvfExecutor (170 ms total)

[==========] 1 test from 1 test suite ran. (170 ms total)
[  PASSED  ] 1 test.

Repeating all tests (iteration 425) . . .

Note: Google Test filter = HvfExecutor.Native*
[==========] Running 1 test from 1 test suite.
[----------] 1 test from HvfExecutor
[ RUN      ] HvfExecutor.NativeIntelCancellationAndCompletionFailureAllowRetry
INTEL_PROBE phase=executor_retained
INTEL_LIFECYCLE phase=vcpu_destroy_begin generation=425 owner=36073
INTEL_LIFECYCLE phase=vcpu_destroy_end generation=425 owner=36073
INTEL_LIFECYCLE phase=vm_destroy_begin generation=425 owner=36073
INTEL_LIFECYCLE phase=vm_destroy_end generation=425 owner=36073
INTEL_LIFECYCLE phase=vm_create_begin generation=426 owner=36073
INTEL_LIFECYCLE phase=vm_create_end generation=426 owner=36073
INTEL_LIFECYCLE phase=vcpu_create_begin generation=426 owner=36073
INTEL_LIFECYCLE phase=vcpu_create_end generation=426 owner=36073
[       OK ] HvfExecutor.NativeIntelCancellationAndCompletionFailureAllowRetry (348 ms)
[----------] 1 test from HvfExecutor (348 ms total)

[==========] 1 test from 1 test suite ran. (348 ms total)
[  PASSED  ] 1 test.

Repeating all tests (iteration 426) . . .

Note: Google Test filter = HvfExecutor.Native*
[==========] Running 1 test from 1 test suite.
[----------] 1 test from HvfExecutor
[ RUN      ] HvfExecutor.NativeIntelCancellationAndCompletionFailureAllowRetry
INTEL_PROBE phase=executor_retained
INTEL_LIFECYCLE phase=vcpu_destroy_begin generation=426 owner=36073
INTEL_LIFECYCLE phase=vcpu_destroy_end generation=426 owner=36073
INTEL_LIFECYCLE phase=vm_destroy_begin generation=426 owner=36073
INTEL_LIFECYCLE phase=vm_destroy_end generation=426 owner=36073
INTEL_LIFECYCLE phase=vm_create_begin generation=427 owner=36073
INTEL_LIFECYCLE phase=vm_create_end generation=427 owner=36073
INTEL_LIFECYCLE phase=vcpu_create_begin generation=427 owner=36073
INTEL_LIFECYCLE phase=vcpu_create_end generation=427 owner=36073
[       OK ] HvfExecutor.NativeIntelCancellationAndCompletionFailureAllowRetry (150 ms)
[----------] 1 test from HvfExecutor (150 ms total)

[==========] 1 test from 1 test suite ran. (150 ms total)
[  PASSED  ] 1 test.

Repeating all tests (iteration 427) . . .

Note: Google Test filter = HvfExecutor.Native*
[==========] Running 1 test from 1 test suite.
[----------] 1 test from HvfExecutor
[ RUN      ] HvfExecutor.NativeIntelCancellationAndCompletionFailureAllowRetry
INTEL_PROBE phase=executor_retained
INTEL_LIFECYCLE phase=vcpu_destroy_begin generation=427 owner=36073
INTEL_LIFECYCLE phase=vcpu_destroy_end generation=427 owner=36073
INTEL_LIFECYCLE phase=vm_destroy_begin generation=427 owner=36073
INTEL_LIFECYCLE phase=vm_destroy_end generation=427 owner=36073
INTEL_LIFECYCLE phase=vm_create_begin generation=428 owner=36073
INTEL_LIFECYCLE phase=vm_create_end generation=428 owner=36073
INTEL_LIFECYCLE phase=vcpu_create_begin generation=428 owner=36073
INTEL_LIFECYCLE phase=vcpu_create_end generation=428 owner=36073
[       OK ] HvfExecutor.NativeIntelCancellationAndCompletionFailureAllowRetry (264 ms)
[----------] 1 test from HvfExecutor (264 ms total)

[==========] 1 test from 1 test suite ran. (264 ms total)
[  PASSED  ] 1 test.

Repeating all tests (iteration 428) . . .

Note: Google Test filter = HvfExecutor.Native*
[==========] Running 1 test from 1 test suite.
[----------] 1 test from HvfExecutor
[ RUN      ] HvfExecutor.NativeIntelCancellationAndCompletionFailureAllowRetry
INTEL_PROBE phase=executor_retained
INTEL_LIFECYCLE phase=vcpu_destroy_begin generation=428 owner=36073
INTEL_LIFECYCLE phase=vcpu_destroy_end generation=428 owner=36073
INTEL_LIFECYCLE phase=vm_destroy_begin generation=428 owner=36073
INTEL_LIFECYCLE phase=vm_destroy_end generation=428 owner=36073
INTEL_LIFECYCLE phase=vm_create_begin generation=429 owner=36073
INTEL_LIFECYCLE phase=vm_create_end generation=429 owner=36073
INTEL_LIFECYCLE phase=vcpu_create_begin generation=429 owner=36073
INTEL_LIFECYCLE phase=vcpu_create_end generation=429 owner=36073
[       OK ] HvfExecutor.NativeIntelCancellationAndCompletionFailureAllowRetry (403 ms)
[----------] 1 test from HvfExecutor (403 ms total)

[==========] 1 test from 1 test suite ran. (403 ms total)
[  PASSED  ] 1 test.

Repeating all tests (iteration 429) . . .

Note: Google Test filter = HvfExecutor.Native*
[==========] Running 1 test from 1 test suite.
[----------] 1 test from HvfExecutor
[ RUN      ] HvfExecutor.NativeIntelCancellationAndCompletionFailureAllowRetry
INTEL_PROBE phase=executor_retained
INTEL_LIFECYCLE phase=vcpu_destroy_begin generation=429 owner=36073
INTEL_LIFECYCLE phase=vcpu_destroy_end generation=429 owner=36073
INTEL_LIFECYCLE phase=vm_destroy_begin generation=429 owner=36073
INTEL_LIFECYCLE phase=vm_destroy_end generation=429 owner=36073
INTEL_LIFECYCLE phase=vm_create_begin generation=430 owner=36073
INTEL_LIFECYCLE phase=vm_create_end generation=430 owner=36073
INTEL_LIFECYCLE phase=vcpu_create_begin generation=430 owner=36073
INTEL_LIFECYCLE phase=vcpu_create_end generation=430 owner=36073
[       OK ] HvfExecutor.NativeIntelCancellationAndCompletionFailureAllowRetry (331 ms)
[----------] 1 test from HvfExecutor (331 ms total)

[==========] 1 test from 1 test suite ran. (331 ms total)
[  PASSED  ] 1 test.

Repeating all tests (iteration 430) . . .

Note: Google Test filter = HvfExecutor.Native*
[==========] Running 1 test from 1 test suite.
[----------] 1 test from HvfExecutor
[ RUN      ] HvfExecutor.NativeIntelCancellationAndCompletionFailureAllowRetry
INTEL_PROBE phase=executor_retained
INTEL_LIFECYCLE phase=vcpu_destroy_begin generation=430 owner=36073
INTEL_LIFECYCLE phase=vcpu_destroy_end generation=430 owner=36073
INTEL_LIFECYCLE phase=vm_destroy_begin generation=430 owner=36073
INTEL_LIFECYCLE phase=vm_destroy_end generation=430 owner=36073
INTEL_LIFECYCLE phase=vm_create_begin generation=431 owner=36073
INTEL_LIFECYCLE phase=vm_create_end generation=431 owner=36073
INTEL_LIFECYCLE phase=vcpu_create_begin generation=431 owner=36073
INTEL_LIFECYCLE phase=vcpu_create_end generation=431 owner=36073
[       OK ] HvfExecutor.NativeIntelCancellationAndCompletionFailureAllowRetry (348 ms)
[----------] 1 test from HvfExecutor (348 ms total)

[==========] 1 test from 1 test suite ran. (348 ms total)
[  PASSED  ] 1 test.

Repeating all tests (iteration 431) . . .

Note: Google Test filter = HvfExecutor.Native*
[==========] Running 1 test from 1 test suite.
[----------] 1 test from HvfExecutor
[ RUN      ] HvfExecutor.NativeIntelCancellationAndCompletionFailureAllowRetry
INTEL_PROBE phase=executor_retained
INTEL_LIFECYCLE phase=vcpu_destroy_begin generation=431 owner=36073
INTEL_LIFECYCLE phase=vcpu_destroy_end generation=431 owner=36073
INTEL_LIFECYCLE phase=vm_destroy_begin generation=431 owner=36073
INTEL_LIFECYCLE phase=vm_destroy_end generation=431 owner=36073
INTEL_LIFECYCLE phase=vm_create_begin generation=432 owner=36073
INTEL_LIFECYCLE phase=vm_create_end generation=432 owner=36073
INTEL_LIFECYCLE phase=vcpu_create_begin generation=432 owner=36073
INTEL_LIFECYCLE phase=vcpu_create_end generation=432 owner=36073
[       OK ] HvfExecutor.NativeIntelCancellationAndCompletionFailureAllowRetry (384 ms)
[----------] 1 test from HvfExecutor (384 ms total)

[==========] 1 test from 1 test suite ran. (384 ms total)
[  PASSED  ] 1 test.

Repeating all tests (iteration 432) . . .

Note: Google Test filter = HvfExecutor.Native*
[==========] Running 1 test from 1 test suite.
[----------] 1 test from HvfExecutor
[ RUN      ] HvfExecutor.NativeIntelCancellationAndCompletionFailureAllowRetry
INTEL_PROBE phase=executor_retained
INTEL_LIFECYCLE phase=vcpu_destroy_begin generation=432 owner=36073
INTEL_LIFECYCLE phase=vcpu_destroy_end generation=432 owner=36073
INTEL_LIFECYCLE phase=vm_destroy_begin generation=432 owner=36073
INTEL_LIFECYCLE phase=vm_destroy_end generation=432 owner=36073
INTEL_LIFECYCLE phase=vm_create_begin generation=433 owner=36073
INTEL_LIFECYCLE phase=vm_create_end generation=433 owner=36073
INTEL_LIFECYCLE phase=vcpu_create_begin generation=433 owner=36073
INTEL_LIFECYCLE phase=vcpu_create_end generation=433 owner=36073
[       OK ] HvfExecutor.NativeIntelCancellationAndCompletionFailureAllowRetry (367 ms)
[----------] 1 test from HvfExecutor (367 ms total)

[==========] 1 test from 1 test suite ran. (367 ms total)
[  PASSED  ] 1 test.

Repeating all tests (iteration 433) . . .

Note: Google Test filter = HvfExecutor.Native*
[==========] Running 1 test from 1 test suite.
[----------] 1 test from HvfExecutor
[ RUN      ] HvfExecutor.NativeIntelCancellationAndCompletionFailureAllowRetry
INTEL_PROBE phase=executor_retained
INTEL_LIFECYCLE phase=vcpu_destroy_begin generation=433 owner=36073
INTEL_LIFECYCLE phase=vcpu_destroy_end generation=433 owner=36073
INTEL_LIFECYCLE phase=vm_destroy_begin generation=433 owner=36073
INTEL_LIFECYCLE phase=vm_destroy_end generation=433 owner=36073
INTEL_LIFECYCLE phase=vm_create_begin generation=434 owner=36073
INTEL_LIFECYCLE phase=vm_create_end generation=434 owner=36073
INTEL_LIFECYCLE phase=vcpu_create_begin generation=434 owner=36073
INTEL_LIFECYCLE phase=vcpu_create_end generation=434 owner=36073
[       OK ] HvfExecutor.NativeIntelCancellationAndCompletionFailureAllowRetry (128 ms)
[----------] 1 test from HvfExecutor (128 ms total)

[==========] 1 test from 1 test suite ran. (128 ms total)
[  PASSED  ] 1 test.

Repeating all tests (iteration 434) . . .

Note: Google Test filter = HvfExecutor.Native*
[==========] Running 1 test from 1 test suite.
[----------] 1 test from HvfExecutor
[ RUN      ] HvfExecutor.NativeIntelCancellationAndCompletionFailureAllowRetry
INTEL_PROBE phase=executor_retained
INTEL_LIFECYCLE phase=vcpu_destroy_begin generation=434 owner=36073
INTEL_LIFECYCLE phase=vcpu_destroy_end generation=434 owner=36073
INTEL_LIFECYCLE phase=vm_destroy_begin generation=434 owner=36073
INTEL_LIFECYCLE phase=vm_destroy_end generation=434 owner=36073
INTEL_LIFECYCLE phase=vm_create_begin generation=435 owner=36073
INTEL_LIFECYCLE phase=vm_create_end generation=435 owner=36073
INTEL_LIFECYCLE phase=vcpu_create_begin generation=435 owner=36073
INTEL_LIFECYCLE phase=vcpu_create_end generation=435 owner=36073
[       OK ] HvfExecutor.NativeIntelCancellationAndCompletionFailureAllowRetry (282 ms)
[----------] 1 test from HvfExecutor (282 ms total)

[==========] 1 test from 1 test suite ran. (282 ms total)
[  PASSED  ] 1 test.

Repeating all tests (iteration 435) . . .

Note: Google Test filter = HvfExecutor.Native*
[==========] Running 1 test from 1 test suite.
[----------] 1 test from HvfExecutor
[ RUN      ] HvfExecutor.NativeIntelCancellationAndCompletionFailureAllowRetry
INTEL_PROBE phase=executor_retained
INTEL_LIFECYCLE phase=vcpu_destroy_begin generation=435 owner=36073
INTEL_LIFECYCLE phase=vcpu_destroy_end generation=435 owner=36073
INTEL_LIFECYCLE phase=vm_destroy_begin generation=435 owner=36073
INTEL_LIFECYCLE phase=vm_destroy_end generation=435 owner=36073
INTEL_LIFECYCLE phase=vm_create_begin generation=436 owner=36073
INTEL_LIFECYCLE phase=vm_create_end generation=436 owner=36073
INTEL_LIFECYCLE phase=vcpu_create_begin generation=436 owner=36073
INTEL_LIFECYCLE phase=vcpu_create_end generation=436 owner=36073
[       OK ] HvfExecutor.NativeIntelCancellationAndCompletionFailureAllowRetry (389 ms)
[----------] 1 test from HvfExecutor (389 ms total)

[==========] 1 test from 1 test suite ran. (389 ms total)
[  PASSED  ] 1 test.

Repeating all tests (iteration 436) . . .

Note: Google Test filter = HvfExecutor.Native*
[==========] Running 1 test from 1 test suite.
[----------] 1 test from HvfExecutor
[ RUN      ] HvfExecutor.NativeIntelCancellationAndCompletionFailureAllowRetry
INTEL_PROBE phase=executor_retained
INTEL_LIFECYCLE phase=vcpu_destroy_begin generation=436 owner=36073
INTEL_LIFECYCLE phase=vcpu_destroy_end generation=436 owner=36073
INTEL_LIFECYCLE phase=vm_destroy_begin generation=436 owner=36073
INTEL_LIFECYCLE phase=vm_destroy_end generation=436 owner=36073
INTEL_LIFECYCLE phase=vm_create_begin generation=437 owner=36073
INTEL_LIFECYCLE phase=vm_create_end generation=437 owner=36073
INTEL_LIFECYCLE phase=vcpu_create_begin generation=437 owner=36073
INTEL_LIFECYCLE phase=vcpu_create_end generation=437 owner=36073
[       OK ] HvfExecutor.NativeIntelCancellationAndCompletionFailureAllowRetry (349 ms)
[----------] 1 test from HvfExecutor (349 ms total)

[==========] 1 test from 1 test suite ran. (350 ms total)
[  PASSED  ] 1 test.

Repeating all tests (iteration 437) . . .

Note: Google Test filter = HvfExecutor.Native*
[==========] Running 1 test from 1 test suite.
[----------] 1 test from HvfExecutor
[ RUN      ] HvfExecutor.NativeIntelCancellationAndCompletionFailureAllowRetry
INTEL_PROBE phase=executor_retained
INTEL_LIFECYCLE phase=vcpu_destroy_begin generation=437 owner=36073
INTEL_LIFECYCLE phase=vcpu_destroy_end generation=437 owner=36073
INTEL_LIFECYCLE phase=vm_destroy_begin generation=437 owner=36073
INTEL_LIFECYCLE phase=vm_destroy_end generation=437 owner=36073
INTEL_LIFECYCLE phase=vm_create_begin generation=438 owner=36073
INTEL_LIFECYCLE phase=vm_create_end generation=438 owner=36073
INTEL_LIFECYCLE phase=vcpu_create_begin generation=438 owner=36073
INTEL_LIFECYCLE phase=vcpu_create_end generation=438 owner=36073
[       OK ] HvfExecutor.NativeIntelCancellationAndCompletionFailureAllowRetry (256 ms)
[----------] 1 test from HvfExecutor (256 ms total)

[==========] 1 test from 1 test suite ran. (256 ms total)
[  PASSED  ] 1 test.

Repeating all tests (iteration 438) . . .

Note: Google Test filter = HvfExecutor.Native*
[==========] Running 1 test from 1 test suite.
[----------] 1 test from HvfExecutor
[ RUN      ] HvfExecutor.NativeIntelCancellationAndCompletionFailureAllowRetry
INTEL_PROBE phase=executor_retained
INTEL_LIFECYCLE phase=vcpu_destroy_begin generation=438 owner=36073
INTEL_LIFECYCLE phase=vcpu_destroy_end generation=438 owner=36073
INTEL_LIFECYCLE phase=vm_destroy_begin generation=438 owner=36073
INTEL_LIFECYCLE phase=vm_destroy_end generation=438 owner=36073
INTEL_LIFECYCLE phase=vm_create_begin generation=439 owner=36073
INTEL_LIFECYCLE phase=vm_create_end generation=439 owner=36073
INTEL_LIFECYCLE phase=vcpu_create_begin generation=439 owner=36073
INTEL_LIFECYCLE phase=vcpu_create_end generation=439 owner=36073
[       OK ] HvfExecutor.NativeIntelCancellationAndCompletionFailureAllowRetry (258 ms)
[----------] 1 test from HvfExecutor (258 ms total)

[==========] 1 test from 1 test suite ran. (258 ms total)
[  PASSED  ] 1 test.

Repeating all tests (iteration 439) . . .

Note: Google Test filter = HvfExecutor.Native*
[==========] Running 1 test from 1 test suite.
[----------] 1 test from HvfExecutor
[ RUN      ] HvfExecutor.NativeIntelCancellationAndCompletionFailureAllowRetry
INTEL_PROBE phase=executor_retained
INTEL_LIFECYCLE phase=vcpu_destroy_begin generation=439 owner=36073
INTEL_LIFECYCLE phase=vcpu_destroy_end generation=439 owner=36073
INTEL_LIFECYCLE phase=vm_destroy_begin generation=439 owner=36073
INTEL_LIFECYCLE phase=vm_destroy_end generation=439 owner=36073
INTEL_LIFECYCLE phase=vm_create_begin generation=440 owner=36073
INTEL_LIFECYCLE phase=vm_create_end generation=440 owner=36073
INTEL_LIFECYCLE phase=vcpu_create_begin generation=440 owner=36073
INTEL_LIFECYCLE phase=vcpu_create_end generation=440 owner=36073
[       OK ] HvfExecutor.NativeIntelCancellationAndCompletionFailureAllowRetry (167 ms)
[----------] 1 test from HvfExecutor (167 ms total)

[==========] 1 test from 1 test suite ran. (167 ms total)
[  PASSED  ] 1 test.

Repeating all tests (iteration 440) . . .

Note: Google Test filter = HvfExecutor.Native*
[==========] Running 1 test from 1 test suite.
[----------] 1 test from HvfExecutor
[ RUN      ] HvfExecutor.NativeIntelCancellationAndCompletionFailureAllowRetry
INTEL_PROBE phase=executor_retained
INTEL_LIFECYCLE phase=vcpu_destroy_begin generation=440 owner=36073
INTEL_LIFECYCLE phase=vcpu_destroy_end generation=440 owner=36073
INTEL_LIFECYCLE phase=vm_destroy_begin generation=440 owner=36073
INTEL_LIFECYCLE phase=vm_destroy_end generation=440 owner=36073
INTEL_LIFECYCLE phase=vm_create_begin generation=441 owner=36073
INTEL_LIFECYCLE phase=vm_create_end generation=441 owner=36073
INTEL_LIFECYCLE phase=vcpu_create_begin generation=441 owner=36073
INTEL_LIFECYCLE phase=vcpu_create_end generation=441 owner=36073
[       OK ] HvfExecutor.NativeIntelCancellationAndCompletionFailureAllowRetry (200 ms)
[----------] 1 test from HvfExecutor (200 ms total)

[==========] 1 test from 1 test suite ran. (200 ms total)
[  PASSED  ] 1 test.

Repeating all tests (iteration 441) . . .

Note: Google Test filter = HvfExecutor.Native*
[==========] Running 1 test from 1 test suite.
[----------] 1 test from HvfExecutor
[ RUN      ] HvfExecutor.NativeIntelCancellationAndCompletionFailureAllowRetry
INTEL_PROBE phase=executor_retained
INTEL_LIFECYCLE phase=vcpu_destroy_begin generation=441 owner=36073
INTEL_LIFECYCLE phase=vcpu_destroy_end generation=441 owner=36073
INTEL_LIFECYCLE phase=vm_destroy_begin generation=441 owner=36073
INTEL_LIFECYCLE phase=vm_destroy_end generation=441 owner=36073
INTEL_LIFECYCLE phase=vm_create_begin generation=442 owner=36073
INTEL_LIFECYCLE phase=vm_create_end generation=442 owner=36073
INTEL_LIFECYCLE phase=vcpu_create_begin generation=442 owner=36073
INTEL_LIFECYCLE phase=vcpu_create_end generation=442 owner=36073
[       OK ] HvfExecutor.NativeIntelCancellationAndCompletionFailureAllowRetry (182 ms)
[----------] 1 test from HvfExecutor (182 ms total)

[==========] 1 test from 1 test suite ran. (182 ms total)
[  PASSED  ] 1 test.

Repeating all tests (iteration 442) . . .

Note: Google Test filter = HvfExecutor.Native*
[==========] Running 1 test from 1 test suite.
[----------] 1 test from HvfExecutor
[ RUN      ] HvfExecutor.NativeIntelCancellationAndCompletionFailureAllowRetry
INTEL_PROBE phase=executor_retained
INTEL_LIFECYCLE phase=vcpu_destroy_begin generation=442 owner=36073
INTEL_LIFECYCLE phase=vcpu_destroy_end generation=442 owner=36073
INTEL_LIFECYCLE phase=vm_destroy_begin generation=442 owner=36073
INTEL_LIFECYCLE phase=vm_destroy_end generation=442 owner=36073
INTEL_LIFECYCLE phase=vm_create_begin generation=443 owner=36073
INTEL_LIFECYCLE phase=vm_create_end generation=443 owner=36073
INTEL_LIFECYCLE phase=vcpu_create_begin generation=443 owner=36073
INTEL_LIFECYCLE phase=vcpu_create_end generation=443 owner=36073
[       OK ] HvfExecutor.NativeIntelCancellationAndCompletionFailureAllowRetry (352 ms)
[----------] 1 test from HvfExecutor (352 ms total)

[==========] 1 test from 1 test suite ran. (352 ms total)
[  PASSED  ] 1 test.

Repeating all tests (iteration 443) . . .

Note: Google Test filter = HvfExecutor.Native*
[==========] Running 1 test from 1 test suite.
[----------] 1 test from HvfExecutor
[ RUN      ] HvfExecutor.NativeIntelCancellationAndCompletionFailureAllowRetry
INTEL_PROBE phase=executor_retained
INTEL_LIFECYCLE phase=vcpu_destroy_begin generation=443 owner=36073
INTEL_LIFECYCLE phase=vcpu_destroy_end generation=443 owner=36073
INTEL_LIFECYCLE phase=vm_destroy_begin generation=443 owner=36073
INTEL_LIFECYCLE phase=vm_destroy_end generation=443 owner=36073
INTEL_LIFECYCLE phase=vm_create_begin generation=444 owner=36073
INTEL_LIFECYCLE phase=vm_create_end generation=444 owner=36073
INTEL_LIFECYCLE phase=vcpu_create_begin generation=444 owner=36073
INTEL_LIFECYCLE phase=vcpu_create_end generation=444 owner=36073
[       OK ] HvfExecutor.NativeIntelCancellationAndCompletionFailureAllowRetry (183 ms)
[----------] 1 test from HvfExecutor (183 ms total)

[==========] 1 test from 1 test suite ran. (183 ms total)
[  PASSED  ] 1 test.

Repeating all tests (iteration 444) . . .

Note: Google Test filter = HvfExecutor.Native*
[==========] Running 1 test from 1 test suite.
[----------] 1 test from HvfExecutor
[ RUN      ] HvfExecutor.NativeIntelCancellationAndCompletionFailureAllowRetry
INTEL_PROBE phase=executor_retained
INTEL_LIFECYCLE phase=vcpu_destroy_begin generation=444 owner=36073
INTEL_LIFECYCLE phase=vcpu_destroy_end generation=444 owner=36073
INTEL_LIFECYCLE phase=vm_destroy_begin generation=444 owner=36073
INTEL_LIFECYCLE phase=vm_destroy_end generation=444 owner=36073
INTEL_LIFECYCLE phase=vm_create_begin generation=445 owner=36073
INTEL_LIFECYCLE phase=vm_create_end generation=445 owner=36073
INTEL_LIFECYCLE phase=vcpu_create_begin generation=445 owner=36073
INTEL_LIFECYCLE phase=vcpu_create_end generation=445 owner=36073
[       OK ] HvfExecutor.NativeIntelCancellationAndCompletionFailureAllowRetry (169 ms)
[----------] 1 test from HvfExecutor (169 ms total)

[==========] 1 test from 1 test suite ran. (169 ms total)
[  PASSED  ] 1 test.

Repeating all tests (iteration 445) . . .

Note: Google Test filter = HvfExecutor.Native*
[==========] Running 1 test from 1 test suite.
[----------] 1 test from HvfExecutor
[ RUN      ] HvfExecutor.NativeIntelCancellationAndCompletionFailureAllowRetry
INTEL_PROBE phase=executor_retained
INTEL_LIFECYCLE phase=vcpu_destroy_begin generation=445 owner=36073
INTEL_LIFECYCLE phase=vcpu_destroy_end generation=445 owner=36073
INTEL_LIFECYCLE phase=vm_destroy_begin generation=445 owner=36073
INTEL_LIFECYCLE phase=vm_destroy_end generation=445 owner=36073
INTEL_LIFECYCLE phase=vm_create_begin generation=446 owner=36073
INTEL_LIFECYCLE phase=vm_create_end generation=446 owner=36073
INTEL_LIFECYCLE phase=vcpu_create_begin generation=446 owner=36073
INTEL_LIFECYCLE phase=vcpu_create_end generation=446 owner=36073
[       OK ] HvfExecutor.NativeIntelCancellationAndCompletionFailureAllowRetry (277 ms)
[----------] 1 test from HvfExecutor (277 ms total)

[==========] 1 test from 1 test suite ran. (277 ms total)
[  PASSED  ] 1 test.

Repeating all tests (iteration 446) . . .

Note: Google Test filter = HvfExecutor.Native*
[==========] Running 1 test from 1 test suite.
[----------] 1 test from HvfExecutor
[ RUN      ] HvfExecutor.NativeIntelCancellationAndCompletionFailureAllowRetry
INTEL_PROBE phase=executor_retained
INTEL_LIFECYCLE phase=vcpu_destroy_begin generation=446 owner=36073
INTEL_LIFECYCLE phase=vcpu_destroy_end generation=446 owner=36073
INTEL_LIFECYCLE phase=vm_destroy_begin generation=446 owner=36073
INTEL_LIFECYCLE phase=vm_destroy_end generation=446 owner=36073
INTEL_LIFECYCLE phase=vm_create_begin generation=447 owner=36073
INTEL_LIFECYCLE phase=vm_create_end generation=447 owner=36073
INTEL_LIFECYCLE phase=vcpu_create_begin generation=447 owner=36073
INTEL_LIFECYCLE phase=vcpu_create_end generation=447 owner=36073
[       OK ] HvfExecutor.NativeIntelCancellationAndCompletionFailureAllowRetry (299 ms)
[----------] 1 test from HvfExecutor (299 ms total)

[==========] 1 test from 1 test suite ran. (299 ms total)
[  PASSED  ] 1 test.

Repeating all tests (iteration 447) . . .

Note: Google Test filter = HvfExecutor.Native*
[==========] Running 1 test from 1 test suite.
[----------] 1 test from HvfExecutor
[ RUN      ] HvfExecutor.NativeIntelCancellationAndCompletionFailureAllowRetry
INTEL_PROBE phase=executor_retained
INTEL_LIFECYCLE phase=vcpu_destroy_begin generation=447 owner=36073
INTEL_LIFECYCLE phase=vcpu_destroy_end generation=447 owner=36073
INTEL_LIFECYCLE phase=vm_destroy_begin generation=447 owner=36073
INTEL_LIFECYCLE phase=vm_destroy_end generation=447 owner=36073
INTEL_LIFECYCLE phase=vm_create_begin generation=448 owner=36073
INTEL_LIFECYCLE phase=vm_create_end generation=448 owner=36073
INTEL_LIFECYCLE phase=vcpu_create_begin generation=448 owner=36073
INTEL_LIFECYCLE phase=vcpu_create_end generation=448 owner=36073
[       OK ] HvfExecutor.NativeIntelCancellationAndCompletionFailureAllowRetry (223 ms)
[----------] 1 test from HvfExecutor (223 ms total)

[==========] 1 test from 1 test suite ran. (223 ms total)
[  PASSED  ] 1 test.

Repeating all tests (iteration 448) . . .

Note: Google Test filter = HvfExecutor.Native*
[==========] Running 1 test from 1 test suite.
[----------] 1 test from HvfExecutor
[ RUN      ] HvfExecutor.NativeIntelCancellationAndCompletionFailureAllowRetry
INTEL_PROBE phase=executor_retained
INTEL_LIFECYCLE phase=vcpu_destroy_begin generation=448 owner=36073
INTEL_LIFECYCLE phase=vcpu_destroy_end generation=448 owner=36073
INTEL_LIFECYCLE phase=vm_destroy_begin generation=448 owner=36073
INTEL_LIFECYCLE phase=vm_destroy_end generation=448 owner=36073
INTEL_LIFECYCLE phase=vm_create_begin generation=449 owner=36073
INTEL_LIFECYCLE phase=vm_create_end generation=449 owner=36073
INTEL_LIFECYCLE phase=vcpu_create_begin generation=449 owner=36073
INTEL_LIFECYCLE phase=vcpu_create_end generation=449 owner=36073
[       OK ] HvfExecutor.NativeIntelCancellationAndCompletionFailureAllowRetry (235 ms)
[----------] 1 test from HvfExecutor (235 ms total)

[==========] 1 test from 1 test suite ran. (235 ms total)
[  PASSED  ] 1 test.

Repeating all tests (iteration 449) . . .

Note: Google Test filter = HvfExecutor.Native*
[==========] Running 1 test from 1 test suite.
[----------] 1 test from HvfExecutor
[ RUN      ] HvfExecutor.NativeIntelCancellationAndCompletionFailureAllowRetry
INTEL_PROBE phase=executor_retained
INTEL_LIFECYCLE phase=vcpu_destroy_begin generation=449 owner=36073
INTEL_LIFECYCLE phase=vcpu_destroy_end generation=449 owner=36073
INTEL_LIFECYCLE phase=vm_destroy_begin generation=449 owner=36073
INTEL_LIFECYCLE phase=vm_destroy_end generation=449 owner=36073
INTEL_LIFECYCLE phase=vm_create_begin generation=450 owner=36073
INTEL_LIFECYCLE phase=vm_create_end generation=450 owner=36073
INTEL_LIFECYCLE phase=vcpu_create_begin generation=450 owner=36073
INTEL_LIFECYCLE phase=vcpu_create_end generation=450 owner=36073
[       OK ] HvfExecutor.NativeIntelCancellationAndCompletionFailureAllowRetry (193 ms)
[----------] 1 test from HvfExecutor (193 ms total)

[==========] 1 test from 1 test suite ran. (193 ms total)
[  PASSED  ] 1 test.

Repeating all tests (iteration 450) . . .

Note: Google Test filter = HvfExecutor.Native*
[==========] Running 1 test from 1 test suite.
[----------] 1 test from HvfExecutor
[ RUN      ] HvfExecutor.NativeIntelCancellationAndCompletionFailureAllowRetry
INTEL_PROBE phase=executor_retained
INTEL_LIFECYCLE phase=vcpu_destroy_begin generation=450 owner=36073
INTEL_LIFECYCLE phase=vcpu_destroy_end generation=450 owner=36073
INTEL_LIFECYCLE phase=vm_destroy_begin generation=450 owner=36073
INTEL_LIFECYCLE phase=vm_destroy_end generation=450 owner=36073
INTEL_LIFECYCLE phase=vm_create_begin generation=451 owner=36073
INTEL_LIFECYCLE phase=vm_create_end generation=451 owner=36073
INTEL_LIFECYCLE phase=vcpu_create_begin generation=451 owner=36073
INTEL_LIFECYCLE phase=vcpu_create_end generation=451 owner=36073
[       OK ] HvfExecutor.NativeIntelCancellationAndCompletionFailureAllowRetry (186 ms)
[----------] 1 test from HvfExecutor (186 ms total)

[==========] 1 test from 1 test suite ran. (186 ms total)
[  PASSED  ] 1 test.

Repeating all tests (iteration 451) . . .

Note: Google Test filter = HvfExecutor.Native*
[==========] Running 1 test from 1 test suite.
[----------] 1 test from HvfExecutor
[ RUN      ] HvfExecutor.NativeIntelCancellationAndCompletionFailureAllowRetry
INTEL_PROBE phase=executor_retained
INTEL_LIFECYCLE phase=vcpu_destroy_begin generation=451 owner=36073
INTEL_LIFECYCLE phase=vcpu_destroy_end generation=451 owner=36073
INTEL_LIFECYCLE phase=vm_destroy_begin generation=451 owner=36073
INTEL_LIFECYCLE phase=vm_destroy_end generation=451 owner=36073
INTEL_LIFECYCLE phase=vm_create_begin generation=452 owner=36073
INTEL_LIFECYCLE phase=vm_create_end generation=452 owner=36073
INTEL_LIFECYCLE phase=vcpu_create_begin generation=452 owner=36073
INTEL_LIFECYCLE phase=vcpu_create_end generation=452 owner=36073
[       OK ] HvfExecutor.NativeIntelCancellationAndCompletionFailureAllowRetry (329 ms)
[----------] 1 test from HvfExecutor (329 ms total)

[==========] 1 test from 1 test suite ran. (329 ms total)
[  PASSED  ] 1 test.

Repeating all tests (iteration 452) . . .

Note: Google Test filter = HvfExecutor.Native*
[==========] Running 1 test from 1 test suite.
[----------] 1 test from HvfExecutor
[ RUN      ] HvfExecutor.NativeIntelCancellationAndCompletionFailureAllowRetry
INTEL_PROBE phase=executor_retained
INTEL_LIFECYCLE phase=vcpu_destroy_begin generation=452 owner=36073
INTEL_LIFECYCLE phase=vcpu_destroy_end generation=452 owner=36073
INTEL_LIFECYCLE phase=vm_destroy_begin generation=452 owner=36073
INTEL_LIFECYCLE phase=vm_destroy_end generation=452 owner=36073
INTEL_LIFECYCLE phase=vm_create_begin generation=453 owner=36073
INTEL_LIFECYCLE phase=vm_create_end generation=453 owner=36073
INTEL_LIFECYCLE phase=vcpu_create_begin generation=453 owner=36073
INTEL_LIFECYCLE phase=vcpu_create_end generation=453 owner=36073
[       OK ] HvfExecutor.NativeIntelCancellationAndCompletionFailureAllowRetry (164 ms)
[----------] 1 test from HvfExecutor (164 ms total)

[==========] 1 test from 1 test suite ran. (164 ms total)
[  PASSED  ] 1 test.

Repeating all tests (iteration 453) . . .

Note: Google Test filter = HvfExecutor.Native*
[==========] Running 1 test from 1 test suite.
[----------] 1 test from HvfExecutor
[ RUN      ] HvfExecutor.NativeIntelCancellationAndCompletionFailureAllowRetry
INTEL_PROBE phase=executor_retained
INTEL_LIFECYCLE phase=vcpu_destroy_begin generation=453 owner=36073
INTEL_LIFECYCLE phase=vcpu_destroy_end generation=453 owner=36073
INTEL_LIFECYCLE phase=vm_destroy_begin generation=453 owner=36073
INTEL_LIFECYCLE phase=vm_destroy_end generation=453 owner=36073
INTEL_LIFECYCLE phase=vm_create_begin generation=454 owner=36073
INTEL_LIFECYCLE phase=vm_create_end generation=454 owner=36073
INTEL_LIFECYCLE phase=vcpu_create_begin generation=454 owner=36073
INTEL_LIFECYCLE phase=vcpu_create_end generation=454 owner=36073
[       OK ] HvfExecutor.NativeIntelCancellationAndCompletionFailureAllowRetry (318 ms)
[----------] 1 test from HvfExecutor (318 ms total)

[==========] 1 test from 1 test suite ran. (318 ms total)
[  PASSED  ] 1 test.

Repeating all tests (iteration 454) . . .

Note: Google Test filter = HvfExecutor.Native*
[==========] Running 1 test from 1 test suite.
[----------] 1 test from HvfExecutor
[ RUN      ] HvfExecutor.NativeIntelCancellationAndCompletionFailureAllowRetry
INTEL_PROBE phase=executor_retained
INTEL_LIFECYCLE phase=vcpu_destroy_begin generation=454 owner=36073
INTEL_LIFECYCLE phase=vcpu_destroy_end generation=454 owner=36073
INTEL_LIFECYCLE phase=vm_destroy_begin generation=454 owner=36073
INTEL_LIFECYCLE phase=vm_destroy_end generation=454 owner=36073
INTEL_LIFECYCLE phase=vm_create_begin generation=455 owner=36073
INTEL_LIFECYCLE phase=vm_create_end generation=455 owner=36073
INTEL_LIFECYCLE phase=vcpu_create_begin generation=455 owner=36073
INTEL_LIFECYCLE phase=vcpu_create_end generation=455 owner=36073
[       OK ] HvfExecutor.NativeIntelCancellationAndCompletionFailureAllowRetry (388 ms)
[----------] 1 test from HvfExecutor (388 ms total)

[==========] 1 test from 1 test suite ran. (388 ms total)
[  PASSED  ] 1 test.

Repeating all tests (iteration 455) . . .

Note: Google Test filter = HvfExecutor.Native*
[==========] Running 1 test from 1 test suite.
[----------] 1 test from HvfExecutor
[ RUN      ] HvfExecutor.NativeIntelCancellationAndCompletionFailureAllowRetry
INTEL_PROBE phase=executor_retained
INTEL_LIFECYCLE phase=vcpu_destroy_begin generation=455 owner=36073
INTEL_LIFECYCLE phase=vcpu_destroy_end generation=455 owner=36073
INTEL_LIFECYCLE phase=vm_destroy_begin generation=455 owner=36073
INTEL_LIFECYCLE phase=vm_destroy_end generation=455 owner=36073
INTEL_LIFECYCLE phase=vm_create_begin generation=456 owner=36073
INTEL_LIFECYCLE phase=vm_create_end generation=456 owner=36073
INTEL_LIFECYCLE phase=vcpu_create_begin generation=456 owner=36073
INTEL_LIFECYCLE phase=vcpu_create_end generation=456 owner=36073
[       OK ] HvfExecutor.NativeIntelCancellationAndCompletionFailureAllowRetry (217 ms)
[----------] 1 test from HvfExecutor (217 ms total)

[==========] 1 test from 1 test suite ran. (217 ms total)
[  PASSED  ] 1 test.

Repeating all tests (iteration 456) . . .

Note: Google Test filter = HvfExecutor.Native*
[==========] Running 1 test from 1 test suite.
[----------] 1 test from HvfExecutor
[ RUN      ] HvfExecutor.NativeIntelCancellationAndCompletionFailureAllowRetry
INTEL_PROBE phase=executor_retained
INTEL_LIFECYCLE phase=vcpu_destroy_begin generation=456 owner=36073
INTEL_LIFECYCLE phase=vcpu_destroy_end generation=456 owner=36073
INTEL_LIFECYCLE phase=vm_destroy_begin generation=456 owner=36073
INTEL_LIFECYCLE phase=vm_destroy_end generation=456 owner=36073
INTEL_LIFECYCLE phase=vm_create_begin generation=457 owner=36073
INTEL_LIFECYCLE phase=vm_create_end generation=457 owner=36073
INTEL_LIFECYCLE phase=vcpu_create_begin generation=457 owner=36073
INTEL_LIFECYCLE phase=vcpu_create_end generation=457 owner=36073
[       OK ] HvfExecutor.NativeIntelCancellationAndCompletionFailureAllowRetry (183 ms)
[----------] 1 test from HvfExecutor (183 ms total)

[==========] 1 test from 1 test suite ran. (183 ms total)
[  PASSED  ] 1 test.

Repeating all tests (iteration 457) . . .

Note: Google Test filter = HvfExecutor.Native*
[==========] Running 1 test from 1 test suite.
[----------] 1 test from HvfExecutor
[ RUN      ] HvfExecutor.NativeIntelCancellationAndCompletionFailureAllowRetry
INTEL_PROBE phase=executor_retained
INTEL_LIFECYCLE phase=vcpu_destroy_begin generation=457 owner=36073
INTEL_LIFECYCLE phase=vcpu_destroy_end generation=457 owner=36073
INTEL_LIFECYCLE phase=vm_destroy_begin generation=457 owner=36073
INTEL_LIFECYCLE phase=vm_destroy_end generation=457 owner=36073
INTEL_LIFECYCLE phase=vm_create_begin generation=458 owner=36073
INTEL_LIFECYCLE phase=vm_create_end generation=458 owner=36073
INTEL_LIFECYCLE phase=vcpu_create_begin generation=458 owner=36073
INTEL_LIFECYCLE phase=vcpu_create_end generation=458 owner=36073
[       OK ] HvfExecutor.NativeIntelCancellationAndCompletionFailureAllowRetry (371 ms)
[----------] 1 test from HvfExecutor (371 ms total)

[==========] 1 test from 1 test suite ran. (371 ms total)
[  PASSED  ] 1 test.

Repeating all tests (iteration 458) . . .

Note: Google Test filter = HvfExecutor.Native*
[==========] Running 1 test from 1 test suite.
[----------] 1 test from HvfExecutor
[ RUN      ] HvfExecutor.NativeIntelCancellationAndCompletionFailureAllowRetry
INTEL_PROBE phase=executor_retained
INTEL_LIFECYCLE phase=vcpu_destroy_begin generation=458 owner=36073
INTEL_LIFECYCLE phase=vcpu_destroy_end generation=458 owner=36073
INTEL_LIFECYCLE phase=vm_destroy_begin generation=458 owner=36073
INTEL_LIFECYCLE phase=vm_destroy_end generation=458 owner=36073
INTEL_LIFECYCLE phase=vm_create_begin generation=459 owner=36073
INTEL_LIFECYCLE phase=vm_create_end generation=459 owner=36073
INTEL_LIFECYCLE phase=vcpu_create_begin generation=459 owner=36073
INTEL_LIFECYCLE phase=vcpu_create_end generation=459 owner=36073
[       OK ] HvfExecutor.NativeIntelCancellationAndCompletionFailureAllowRetry (384 ms)
[----------] 1 test from HvfExecutor (384 ms total)

[==========] 1 test from 1 test suite ran. (384 ms total)
[  PASSED  ] 1 test.

Repeating all tests (iteration 459) . . .

Note: Google Test filter = HvfExecutor.Native*
[==========] Running 1 test from 1 test suite.
[----------] 1 test from HvfExecutor
[ RUN      ] HvfExecutor.NativeIntelCancellationAndCompletionFailureAllowRetry
INTEL_PROBE phase=executor_retained
INTEL_LIFECYCLE phase=vcpu_destroy_begin generation=459 owner=36073
INTEL_LIFECYCLE phase=vcpu_destroy_end generation=459 owner=36073
INTEL_LIFECYCLE phase=vm_destroy_begin generation=459 owner=36073
INTEL_LIFECYCLE phase=vm_destroy_end generation=459 owner=36073
INTEL_LIFECYCLE phase=vm_create_begin generation=460 owner=36073
INTEL_LIFECYCLE phase=vm_create_end generation=460 owner=36073
INTEL_LIFECYCLE phase=vcpu_create_begin generation=460 owner=36073
INTEL_LIFECYCLE phase=vcpu_create_end generation=460 owner=36073
[       OK ] HvfExecutor.NativeIntelCancellationAndCompletionFailureAllowRetry (256 ms)
[----------] 1 test from HvfExecutor (256 ms total)

[==========] 1 test from 1 test suite ran. (256 ms total)
[  PASSED  ] 1 test.

Repeating all tests (iteration 460) . . .

Note: Google Test filter = HvfExecutor.Native*
[==========] Running 1 test from 1 test suite.
[----------] 1 test from HvfExecutor
[ RUN      ] HvfExecutor.NativeIntelCancellationAndCompletionFailureAllowRetry
INTEL_PROBE phase=executor_retained
INTEL_LIFECYCLE phase=vcpu_destroy_begin generation=460 owner=36073
INTEL_LIFECYCLE phase=vcpu_destroy_end generation=460 owner=36073
INTEL_LIFECYCLE phase=vm_destroy_begin generation=460 owner=36073
INTEL_LIFECYCLE phase=vm_destroy_end generation=460 owner=36073
INTEL_LIFECYCLE phase=vm_create_begin generation=461 owner=36073
INTEL_LIFECYCLE phase=vm_create_end generation=461 owner=36073
INTEL_LIFECYCLE phase=vcpu_create_begin generation=461 owner=36073
INTEL_LIFECYCLE phase=vcpu_create_end generation=461 owner=36073
[       OK ] HvfExecutor.NativeIntelCancellationAndCompletionFailureAllowRetry (330 ms)
[----------] 1 test from HvfExecutor (330 ms total)

[==========] 1 test from 1 test suite ran. (330 ms total)
[  PASSED  ] 1 test.

Repeating all tests (iteration 461) . . .

Note: Google Test filter = HvfExecutor.Native*
[==========] Running 1 test from 1 test suite.
[----------] 1 test from HvfExecutor
[ RUN      ] HvfExecutor.NativeIntelCancellationAndCompletionFailureAllowRetry
INTEL_PROBE phase=executor_retained
INTEL_LIFECYCLE phase=vcpu_destroy_begin generation=461 owner=36073
INTEL_LIFECYCLE phase=vcpu_destroy_end generation=461 owner=36073
INTEL_LIFECYCLE phase=vm_destroy_begin generation=461 owner=36073
INTEL_LIFECYCLE phase=vm_destroy_end generation=461 owner=36073
INTEL_LIFECYCLE phase=vm_create_begin generation=462 owner=36073
INTEL_LIFECYCLE phase=vm_create_end generation=462 owner=36073
INTEL_LIFECYCLE phase=vcpu_create_begin generation=462 owner=36073
INTEL_LIFECYCLE phase=vcpu_create_end generation=462 owner=36073
[       OK ] HvfExecutor.NativeIntelCancellationAndCompletionFailureAllowRetry (241 ms)
[----------] 1 test from HvfExecutor (241 ms total)

[==========] 1 test from 1 test suite ran. (241 ms total)
[  PASSED  ] 1 test.

Repeating all tests (iteration 462) . . .

Note: Google Test filter = HvfExecutor.Native*
[==========] Running 1 test from 1 test suite.
[----------] 1 test from HvfExecutor
[ RUN      ] HvfExecutor.NativeIntelCancellationAndCompletionFailureAllowRetry
INTEL_PROBE phase=executor_retained
INTEL_LIFECYCLE phase=vcpu_destroy_begin generation=462 owner=36073
INTEL_LIFECYCLE phase=vcpu_destroy_end generation=462 owner=36073
INTEL_LIFECYCLE phase=vm_destroy_begin generation=462 owner=36073
INTEL_LIFECYCLE phase=vm_destroy_end generation=462 owner=36073
INTEL_LIFECYCLE phase=vm_create_begin generation=463 owner=36073
INTEL_LIFECYCLE phase=vm_create_end generation=463 owner=36073
INTEL_LIFECYCLE phase=vcpu_create_begin generation=463 owner=36073
INTEL_LIFECYCLE phase=vcpu_create_end generation=463 owner=36073
[       OK ] HvfExecutor.NativeIntelCancellationAndCompletionFailureAllowRetry (247 ms)
[----------] 1 test from HvfExecutor (247 ms total)

[==========] 1 test from 1 test suite ran. (247 ms total)
[  PASSED  ] 1 test.

Repeating all tests (iteration 463) . . .

Note: Google Test filter = HvfExecutor.Native*
[==========] Running 1 test from 1 test suite.
[----------] 1 test from HvfExecutor
[ RUN      ] HvfExecutor.NativeIntelCancellationAndCompletionFailureAllowRetry
INTEL_PROBE phase=executor_retained
INTEL_LIFECYCLE phase=vcpu_destroy_begin generation=463 owner=36073
INTEL_LIFECYCLE phase=vcpu_destroy_end generation=463 owner=36073
INTEL_LIFECYCLE phase=vm_destroy_begin generation=463 owner=36073
INTEL_LIFECYCLE phase=vm_destroy_end generation=463 owner=36073
INTEL_LIFECYCLE phase=vm_create_begin generation=464 owner=36073
INTEL_LIFECYCLE phase=vm_create_end generation=464 owner=36073
INTEL_LIFECYCLE phase=vcpu_create_begin generation=464 owner=36073
INTEL_LIFECYCLE phase=vcpu_create_end generation=464 owner=36073
[       OK ] HvfExecutor.NativeIntelCancellationAndCompletionFailureAllowRetry (250 ms)
[----------] 1 test from HvfExecutor (250 ms total)

[==========] 1 test from 1 test suite ran. (250 ms total)
[  PASSED  ] 1 test.

Repeating all tests (iteration 464) . . .

Note: Google Test filter = HvfExecutor.Native*
[==========] Running 1 test from 1 test suite.
[----------] 1 test from HvfExecutor
[ RUN      ] HvfExecutor.NativeIntelCancellationAndCompletionFailureAllowRetry
INTEL_PROBE phase=executor_retained
INTEL_LIFECYCLE phase=vcpu_destroy_begin generation=464 owner=36073
INTEL_LIFECYCLE phase=vcpu_destroy_end generation=464 owner=36073
INTEL_LIFECYCLE phase=vm_destroy_begin generation=464 owner=36073
INTEL_LIFECYCLE phase=vm_destroy_end generation=464 owner=36073
INTEL_LIFECYCLE phase=vm_create_begin generation=465 owner=36073
INTEL_LIFECYCLE phase=vm_create_end generation=465 owner=36073
INTEL_LIFECYCLE phase=vcpu_create_begin generation=465 owner=36073
INTEL_LIFECYCLE phase=vcpu_create_end generation=465 owner=36073
[       OK ] HvfExecutor.NativeIntelCancellationAndCompletionFailureAllowRetry (179 ms)
[----------] 1 test from HvfExecutor (179 ms total)

[==========] 1 test from 1 test suite ran. (179 ms total)
[  PASSED  ] 1 test.

Repeating all tests (iteration 465) . . .

Note: Google Test filter = HvfExecutor.Native*
[==========] Running 1 test from 1 test suite.
[----------] 1 test from HvfExecutor
[ RUN      ] HvfExecutor.NativeIntelCancellationAndCompletionFailureAllowRetry
INTEL_PROBE phase=executor_retained
INTEL_LIFECYCLE phase=vcpu_destroy_begin generation=465 owner=36073
INTEL_LIFECYCLE phase=vcpu_destroy_end generation=465 owner=36073
INTEL_LIFECYCLE phase=vm_destroy_begin generation=465 owner=36073
INTEL_LIFECYCLE phase=vm_destroy_end generation=465 owner=36073
INTEL_LIFECYCLE phase=vm_create_begin generation=466 owner=36073
INTEL_LIFECYCLE phase=vm_create_end generation=466 owner=36073
INTEL_LIFECYCLE phase=vcpu_create_begin generation=466 owner=36073
INTEL_LIFECYCLE phase=vcpu_create_end generation=466 owner=36073
[       OK ] HvfExecutor.NativeIntelCancellationAndCompletionFailureAllowRetry (295 ms)
[----------] 1 test from HvfExecutor (296 ms total)

[==========] 1 test from 1 test suite ran. (296 ms total)
[  PASSED  ] 1 test.

Repeating all tests (iteration 466) . . .

Note: Google Test filter = HvfExecutor.Native*
[==========] Running 1 test from 1 test suite.
[----------] 1 test from HvfExecutor
[ RUN      ] HvfExecutor.NativeIntelCancellationAndCompletionFailureAllowRetry
INTEL_PROBE phase=executor_retained
INTEL_LIFECYCLE phase=vcpu_destroy_begin generation=466 owner=36073
INTEL_LIFECYCLE phase=vcpu_destroy_end generation=466 owner=36073
INTEL_LIFECYCLE phase=vm_destroy_begin generation=466 owner=36073
INTEL_LIFECYCLE phase=vm_destroy_end generation=466 owner=36073
INTEL_LIFECYCLE phase=vm_create_begin generation=467 owner=36073
INTEL_LIFECYCLE phase=vm_create_end generation=467 owner=36073
INTEL_LIFECYCLE phase=vcpu_create_begin generation=467 owner=36073
INTEL_LIFECYCLE phase=vcpu_create_end generation=467 owner=36073
[       OK ] HvfExecutor.NativeIntelCancellationAndCompletionFailureAllowRetry (302 ms)
[----------] 1 test from HvfExecutor (302 ms total)

[==========] 1 test from 1 test suite ran. (302 ms total)
[  PASSED  ] 1 test.

Repeating all tests (iteration 467) . . .

Note: Google Test filter = HvfExecutor.Native*
[==========] Running 1 test from 1 test suite.
[----------] 1 test from HvfExecutor
[ RUN      ] HvfExecutor.NativeIntelCancellationAndCompletionFailureAllowRetry
INTEL_PROBE phase=executor_retained
INTEL_LIFECYCLE phase=vcpu_destroy_begin generation=467 owner=36073
INTEL_LIFECYCLE phase=vcpu_destroy_end generation=467 owner=36073
INTEL_LIFECYCLE phase=vm_destroy_begin generation=467 owner=36073
INTEL_LIFECYCLE phase=vm_destroy_end generation=467 owner=36073
INTEL_LIFECYCLE phase=vm_create_begin generation=468 owner=36073
INTEL_LIFECYCLE phase=vm_create_end generation=468 owner=36073
INTEL_LIFECYCLE phase=vcpu_create_begin generation=468 owner=36073
INTEL_LIFECYCLE phase=vcpu_create_end generation=468 owner=36073
[       OK ] HvfExecutor.NativeIntelCancellationAndCompletionFailureAllowRetry (259 ms)
[----------] 1 test from HvfExecutor (259 ms total)

[==========] 1 test from 1 test suite ran. (259 ms total)
[  PASSED  ] 1 test.

Repeating all tests (iteration 468) . . .

Note: Google Test filter = HvfExecutor.Native*
[==========] Running 1 test from 1 test suite.
[----------] 1 test from HvfExecutor
[ RUN      ] HvfExecutor.NativeIntelCancellationAndCompletionFailureAllowRetry
INTEL_PROBE phase=executor_retained
INTEL_LIFECYCLE phase=vcpu_destroy_begin generation=468 owner=36073
INTEL_LIFECYCLE phase=vcpu_destroy_end generation=468 owner=36073
INTEL_LIFECYCLE phase=vm_destroy_begin generation=468 owner=36073
INTEL_LIFECYCLE phase=vm_destroy_end generation=468 owner=36073
INTEL_LIFECYCLE phase=vm_create_begin generation=469 owner=36073
INTEL_LIFECYCLE phase=vm_create_end generation=469 owner=36073
INTEL_LIFECYCLE phase=vcpu_create_begin generation=469 owner=36073
INTEL_LIFECYCLE phase=vcpu_create_end generation=469 owner=36073
[       OK ] HvfExecutor.NativeIntelCancellationAndCompletionFailureAllowRetry (336 ms)
[----------] 1 test from HvfExecutor (336 ms total)

[==========] 1 test from 1 test suite ran. (336 ms total)
[  PASSED  ] 1 test.

Repeating all tests (iteration 469) . . .

Note: Google Test filter = HvfExecutor.Native*
[==========] Running 1 test from 1 test suite.
[----------] 1 test from HvfExecutor
[ RUN      ] HvfExecutor.NativeIntelCancellationAndCompletionFailureAllowRetry
INTEL_PROBE phase=executor_retained
INTEL_LIFECYCLE phase=vcpu_destroy_begin generation=469 owner=36073
INTEL_LIFECYCLE phase=vcpu_destroy_end generation=469 owner=36073
INTEL_LIFECYCLE phase=vm_destroy_begin generation=469 owner=36073
INTEL_LIFECYCLE phase=vm_destroy_end generation=469 owner=36073
INTEL_LIFECYCLE phase=vm_create_begin generation=470 owner=36073
INTEL_LIFECYCLE phase=vm_create_end generation=470 owner=36073
INTEL_LIFECYCLE phase=vcpu_create_begin generation=470 owner=36073
INTEL_LIFECYCLE phase=vcpu_create_end generation=470 owner=36073
[       OK ] HvfExecutor.NativeIntelCancellationAndCompletionFailureAllowRetry (336 ms)
[----------] 1 test from HvfExecutor (336 ms total)

[==========] 1 test from 1 test suite ran. (336 ms total)
[  PASSED  ] 1 test.

Repeating all tests (iteration 470) . . .

Note: Google Test filter = HvfExecutor.Native*
[==========] Running 1 test from 1 test suite.
[----------] 1 test from HvfExecutor
[ RUN      ] HvfExecutor.NativeIntelCancellationAndCompletionFailureAllowRetry
INTEL_PROBE phase=executor_retained
INTEL_LIFECYCLE phase=vcpu_destroy_begin generation=470 owner=36073
INTEL_LIFECYCLE phase=vcpu_destroy_end generation=470 owner=36073
INTEL_LIFECYCLE phase=vm_destroy_begin generation=470 owner=36073
INTEL_LIFECYCLE phase=vm_destroy_end generation=470 owner=36073
INTEL_LIFECYCLE phase=vm_create_begin generation=471 owner=36073
INTEL_LIFECYCLE phase=vm_create_end generation=471 owner=36073
INTEL_LIFECYCLE phase=vcpu_create_begin generation=471 owner=36073
INTEL_LIFECYCLE phase=vcpu_create_end generation=471 owner=36073
[       OK ] HvfExecutor.NativeIntelCancellationAndCompletionFailureAllowRetry (166 ms)
[----------] 1 test from HvfExecutor (166 ms total)

[==========] 1 test from 1 test suite ran. (166 ms total)
[  PASSED  ] 1 test.

Repeating all tests (iteration 471) . . .

Note: Google Test filter = HvfExecutor.Native*
[==========] Running 1 test from 1 test suite.
[----------] 1 test from HvfExecutor
[ RUN      ] HvfExecutor.NativeIntelCancellationAndCompletionFailureAllowRetry
INTEL_PROBE phase=executor_retained
INTEL_LIFECYCLE phase=vcpu_destroy_begin generation=471 owner=36073
INTEL_LIFECYCLE phase=vcpu_destroy_end generation=471 owner=36073
INTEL_LIFECYCLE phase=vm_destroy_begin generation=471 owner=36073
INTEL_LIFECYCLE phase=vm_destroy_end generation=471 owner=36073
INTEL_LIFECYCLE phase=vm_create_begin generation=472 owner=36073
INTEL_LIFECYCLE phase=vm_create_end generation=472 owner=36073
INTEL_LIFECYCLE phase=vcpu_create_begin generation=472 owner=36073
INTEL_LIFECYCLE phase=vcpu_create_end generation=472 owner=36073
[       OK ] HvfExecutor.NativeIntelCancellationAndCompletionFailureAllowRetry (268 ms)
[----------] 1 test from HvfExecutor (268 ms total)

[==========] 1 test from 1 test suite ran. (268 ms total)
[  PASSED  ] 1 test.

Repeating all tests (iteration 472) . . .

Note: Google Test filter = HvfExecutor.Native*
[==========] Running 1 test from 1 test suite.
[----------] 1 test from HvfExecutor
[ RUN      ] HvfExecutor.NativeIntelCancellationAndCompletionFailureAllowRetry
INTEL_PROBE phase=executor_retained
INTEL_LIFECYCLE phase=vcpu_destroy_begin generation=472 owner=36073
INTEL_LIFECYCLE phase=vcpu_destroy_end generation=472 owner=36073
INTEL_LIFECYCLE phase=vm_destroy_begin generation=472 owner=36073
INTEL_LIFECYCLE phase=vm_destroy_end generation=472 owner=36073
INTEL_LIFECYCLE phase=vm_create_begin generation=473 owner=36073
INTEL_LIFECYCLE phase=vm_create_end generation=473 owner=36073
INTEL_LIFECYCLE phase=vcpu_create_begin generation=473 owner=36073
INTEL_LIFECYCLE phase=vcpu_create_end generation=473 owner=36073
[       OK ] HvfExecutor.NativeIntelCancellationAndCompletionFailureAllowRetry (225 ms)
[----------] 1 test from HvfExecutor (225 ms total)

[==========] 1 test from 1 test suite ran. (225 ms total)
[  PASSED  ] 1 test.

Repeating all tests (iteration 473) . . .

Note: Google Test filter = HvfExecutor.Native*
[==========] Running 1 test from 1 test suite.
[----------] 1 test from HvfExecutor
[ RUN      ] HvfExecutor.NativeIntelCancellationAndCompletionFailureAllowRetry
INTEL_PROBE phase=executor_retained
INTEL_LIFECYCLE phase=vcpu_destroy_begin generation=473 owner=36073
INTEL_LIFECYCLE phase=vcpu_destroy_end generation=473 owner=36073
INTEL_LIFECYCLE phase=vm_destroy_begin generation=473 owner=36073
INTEL_LIFECYCLE phase=vm_destroy_end generation=473 owner=36073
INTEL_LIFECYCLE phase=vm_create_begin generation=474 owner=36073
INTEL_LIFECYCLE phase=vm_create_end generation=474 owner=36073
INTEL_LIFECYCLE phase=vcpu_create_begin generation=474 owner=36073
INTEL_LIFECYCLE phase=vcpu_create_end generation=474 owner=36073
[       OK ] HvfExecutor.NativeIntelCancellationAndCompletionFailureAllowRetry (331 ms)
[----------] 1 test from HvfExecutor (331 ms total)

[==========] 1 test from 1 test suite ran. (331 ms total)
[  PASSED  ] 1 test.

Repeating all tests (iteration 474) . . .

Note: Google Test filter = HvfExecutor.Native*
[==========] Running 1 test from 1 test suite.
[----------] 1 test from HvfExecutor
[ RUN      ] HvfExecutor.NativeIntelCancellationAndCompletionFailureAllowRetry
INTEL_PROBE phase=executor_retained
INTEL_LIFECYCLE phase=vcpu_destroy_begin generation=474 owner=36073
INTEL_LIFECYCLE phase=vcpu_destroy_end generation=474 owner=36073
INTEL_LIFECYCLE phase=vm_destroy_begin generation=474 owner=36073
INTEL_LIFECYCLE phase=vm_destroy_end generation=474 owner=36073
INTEL_LIFECYCLE phase=vm_create_begin generation=475 owner=36073
INTEL_LIFECYCLE phase=vm_create_end generation=475 owner=36073
INTEL_LIFECYCLE phase=vcpu_create_begin generation=475 owner=36073
INTEL_LIFECYCLE phase=vcpu_create_end generation=475 owner=36073
[       OK ] HvfExecutor.NativeIntelCancellationAndCompletionFailureAllowRetry (299 ms)
[----------] 1 test from HvfExecutor (299 ms total)

[==========] 1 test from 1 test suite ran. (299 ms total)
[  PASSED  ] 1 test.

Repeating all tests (iteration 475) . . .

Note: Google Test filter = HvfExecutor.Native*
[==========] Running 1 test from 1 test suite.
[----------] 1 test from HvfExecutor
[ RUN      ] HvfExecutor.NativeIntelCancellationAndCompletionFailureAllowRetry
INTEL_PROBE phase=executor_retained
INTEL_LIFECYCLE phase=vcpu_destroy_begin generation=475 owner=36073
INTEL_LIFECYCLE phase=vcpu_destroy_end generation=475 owner=36073
INTEL_LIFECYCLE phase=vm_destroy_begin generation=475 owner=36073
INTEL_LIFECYCLE phase=vm_destroy_end generation=475 owner=36073
INTEL_LIFECYCLE phase=vm_create_begin generation=476 owner=36073
INTEL_LIFECYCLE phase=vm_create_end generation=476 owner=36073
INTEL_LIFECYCLE phase=vcpu_create_begin generation=476 owner=36073
INTEL_LIFECYCLE phase=vcpu_create_end generation=476 owner=36073
[       OK ] HvfExecutor.NativeIntelCancellationAndCompletionFailureAllowRetry (129 ms)
[----------] 1 test from HvfExecutor (129 ms total)

[==========] 1 test from 1 test suite ran. (129 ms total)
[  PASSED  ] 1 test.

Repeating all tests (iteration 476) . . .

Note: Google Test filter = HvfExecutor.Native*
[==========] Running 1 test from 1 test suite.
[----------] 1 test from HvfExecutor
[ RUN      ] HvfExecutor.NativeIntelCancellationAndCompletionFailureAllowRetry
INTEL_PROBE phase=executor_retained
INTEL_LIFECYCLE phase=vcpu_destroy_begin generation=476 owner=36073
INTEL_LIFECYCLE phase=vcpu_destroy_end generation=476 owner=36073
INTEL_LIFECYCLE phase=vm_destroy_begin generation=476 owner=36073
INTEL_LIFECYCLE phase=vm_destroy_end generation=476 owner=36073
INTEL_LIFECYCLE phase=vm_create_begin generation=477 owner=36073
INTEL_LIFECYCLE phase=vm_create_end generation=477 owner=36073
INTEL_LIFECYCLE phase=vcpu_create_begin generation=477 owner=36073
INTEL_LIFECYCLE phase=vcpu_create_end generation=477 owner=36073
[       OK ] HvfExecutor.NativeIntelCancellationAndCompletionFailureAllowRetry (279 ms)
[----------] 1 test from HvfExecutor (279 ms total)

[==========] 1 test from 1 test suite ran. (279 ms total)
[  PASSED  ] 1 test.

Repeating all tests (iteration 477) . . .

Note: Google Test filter = HvfExecutor.Native*
[==========] Running 1 test from 1 test suite.
[----------] 1 test from HvfExecutor
[ RUN      ] HvfExecutor.NativeIntelCancellationAndCompletionFailureAllowRetry
INTEL_PROBE phase=executor_retained
INTEL_LIFECYCLE phase=vcpu_destroy_begin generation=477 owner=36073
INTEL_LIFECYCLE phase=vcpu_destroy_end generation=477 owner=36073
INTEL_LIFECYCLE phase=vm_destroy_begin generation=477 owner=36073
INTEL_LIFECYCLE phase=vm_destroy_end generation=477 owner=36073
INTEL_LIFECYCLE phase=vm_create_begin generation=478 owner=36073
INTEL_LIFECYCLE phase=vm_create_end generation=478 owner=36073
INTEL_LIFECYCLE phase=vcpu_create_begin generation=478 owner=36073
INTEL_LIFECYCLE phase=vcpu_create_end generation=478 owner=36073
[       OK ] HvfExecutor.NativeIntelCancellationAndCompletionFailureAllowRetry (150 ms)
[----------] 1 test from HvfExecutor (150 ms total)

[==========] 1 test from 1 test suite ran. (150 ms total)
[  PASSED  ] 1 test.

Repeating all tests (iteration 478) . . .

Note: Google Test filter = HvfExecutor.Native*
[==========] Running 1 test from 1 test suite.
[----------] 1 test from HvfExecutor
[ RUN      ] HvfExecutor.NativeIntelCancellationAndCompletionFailureAllowRetry
INTEL_PROBE phase=executor_retained
