Running main() from /Users/runner/work/test_mac_intel/test_mac_intel/source/build-hvf/_deps/googletest-src/googletest/src/gtest_main.cc

Repeating all tests (iteration 1) . . .

Note: Google Test filter = HvfExecutor.Native*
[==========] Running 1 test from 1 test suite.
[----------] Global test environment set-up.
[----------] 1 test from HvfExecutor
[ RUN      ] HvfExecutor.NativeIntelCancellationAndCompletionFailureAllowRetry
[       OK ] HvfExecutor.NativeIntelCancellationAndCompletionFailureAllowRetry (288 ms)
[----------] 1 test from HvfExecutor (288 ms total)

[==========] 1 test from 1 test suite ran. (289 ms total)
[  PASSED  ] 1 test.

Repeating all tests (iteration 2) . . .

Note: Google Test filter = HvfExecutor.Native*
[==========] Running 1 test from 1 test suite.
[----------] 1 test from HvfExecutor
[ RUN      ] HvfExecutor.NativeIntelCancellationAndCompletionFailureAllowRetry
[       OK ] HvfExecutor.NativeIntelCancellationAndCompletionFailureAllowRetry (281 ms)
[----------] 1 test from HvfExecutor (281 ms total)

[==========] 1 test from 1 test suite ran. (281 ms total)
[  PASSED  ] 1 test.

Repeating all tests (iteration 3) . . .

Note: Google Test filter = HvfExecutor.Native*
[==========] Running 1 test from 1 test suite.
[----------] 1 test from HvfExecutor
[ RUN      ] HvfExecutor.NativeIntelCancellationAndCompletionFailureAllowRetry
[       OK ] HvfExecutor.NativeIntelCancellationAndCompletionFailureAllowRetry (317 ms)
[----------] 1 test from HvfExecutor (317 ms total)

[==========] 1 test from 1 test suite ran. (318 ms total)
[  PASSED  ] 1 test.

Repeating all tests (iteration 4) . . .

Note: Google Test filter = HvfExecutor.Native*
[==========] Running 1 test from 1 test suite.
[----------] 1 test from HvfExecutor
[ RUN      ] HvfExecutor.NativeIntelCancellationAndCompletionFailureAllowRetry
[       OK ] HvfExecutor.NativeIntelCancellationAndCompletionFailureAllowRetry (356 ms)
[----------] 1 test from HvfExecutor (356 ms total)

[==========] 1 test from 1 test suite ran. (356 ms total)
[  PASSED  ] 1 test.

Repeating all tests (iteration 5) . . .

Note: Google Test filter = HvfExecutor.Native*
[==========] Running 1 test from 1 test suite.
[----------] 1 test from HvfExecutor
[ RUN      ] HvfExecutor.NativeIntelCancellationAndCompletionFailureAllowRetry
[       OK ] HvfExecutor.NativeIntelCancellationAndCompletionFailureAllowRetry (406 ms)
[----------] 1 test from HvfExecutor (406 ms total)

[==========] 1 test from 1 test suite ran. (406 ms total)
[  PASSED  ] 1 test.

Repeating all tests (iteration 6) . . .

Note: Google Test filter = HvfExecutor.Native*
[==========] Running 1 test from 1 test suite.
[----------] 1 test from HvfExecutor
[ RUN      ] HvfExecutor.NativeIntelCancellationAndCompletionFailureAllowRetry
[       OK ] HvfExecutor.NativeIntelCancellationAndCompletionFailureAllowRetry (258 ms)
[----------] 1 test from HvfExecutor (258 ms total)

[==========] 1 test from 1 test suite ran. (258 ms total)
[  PASSED  ] 1 test.

Repeating all tests (iteration 7) . . .

Note: Google Test filter = HvfExecutor.Native*
[==========] Running 1 test from 1 test suite.
[----------] 1 test from HvfExecutor
[ RUN      ] HvfExecutor.NativeIntelCancellationAndCompletionFailureAllowRetry
[       OK ] HvfExecutor.NativeIntelCancellationAndCompletionFailureAllowRetry (265 ms)
[----------] 1 test from HvfExecutor (265 ms total)

[==========] 1 test from 1 test suite ran. (265 ms total)
[  PASSED  ] 1 test.

Repeating all tests (iteration 8) . . .

Note: Google Test filter = HvfExecutor.Native*
[==========] Running 1 test from 1 test suite.
[----------] 1 test from HvfExecutor
[ RUN      ] HvfExecutor.NativeIntelCancellationAndCompletionFailureAllowRetry
[       OK ] HvfExecutor.NativeIntelCancellationAndCompletionFailureAllowRetry (341 ms)
[----------] 1 test from HvfExecutor (341 ms total)

[==========] 1 test from 1 test suite ran. (341 ms total)
[  PASSED  ] 1 test.

Repeating all tests (iteration 9) . . .

Note: Google Test filter = HvfExecutor.Native*
[==========] Running 1 test from 1 test suite.
[----------] 1 test from HvfExecutor
[ RUN      ] HvfExecutor.NativeIntelCancellationAndCompletionFailureAllowRetry
[       OK ] HvfExecutor.NativeIntelCancellationAndCompletionFailureAllowRetry (184 ms)
[----------] 1 test from HvfExecutor (184 ms total)

[==========] 1 test from 1 test suite ran. (185 ms total)
[  PASSED  ] 1 test.

Repeating all tests (iteration 10) . . .

Note: Google Test filter = HvfExecutor.Native*
[==========] Running 1 test from 1 test suite.
[----------] 1 test from HvfExecutor
[ RUN      ] HvfExecutor.NativeIntelCancellationAndCompletionFailureAllowRetry
[       OK ] HvfExecutor.NativeIntelCancellationAndCompletionFailureAllowRetry (129 ms)
[----------] 1 test from HvfExecutor (129 ms total)

[==========] 1 test from 1 test suite ran. (129 ms total)
[  PASSED  ] 1 test.

Repeating all tests (iteration 11) . . .

Note: Google Test filter = HvfExecutor.Native*
[==========] Running 1 test from 1 test suite.
[----------] 1 test from HvfExecutor
[ RUN      ] HvfExecutor.NativeIntelCancellationAndCompletionFailureAllowRetry
[       OK ] HvfExecutor.NativeIntelCancellationAndCompletionFailureAllowRetry (137 ms)
[----------] 1 test from HvfExecutor (137 ms total)

[==========] 1 test from 1 test suite ran. (137 ms total)
[  PASSED  ] 1 test.

Repeating all tests (iteration 12) . . .

Note: Google Test filter = HvfExecutor.Native*
[==========] Running 1 test from 1 test suite.
[----------] 1 test from HvfExecutor
[ RUN      ] HvfExecutor.NativeIntelCancellationAndCompletionFailureAllowRetry
[       OK ] HvfExecutor.NativeIntelCancellationAndCompletionFailureAllowRetry (217 ms)
[----------] 1 test from HvfExecutor (217 ms total)

[==========] 1 test from 1 test suite ran. (217 ms total)
[  PASSED  ] 1 test.

Repeating all tests (iteration 13) . . .

Note: Google Test filter = HvfExecutor.Native*
[==========] Running 1 test from 1 test suite.
[----------] 1 test from HvfExecutor
[ RUN      ] HvfExecutor.NativeIntelCancellationAndCompletionFailureAllowRetry
[       OK ] HvfExecutor.NativeIntelCancellationAndCompletionFailureAllowRetry (325 ms)
[----------] 1 test from HvfExecutor (325 ms total)

[==========] 1 test from 1 test suite ran. (325 ms total)
[  PASSED  ] 1 test.

Repeating all tests (iteration 14) . . .

Note: Google Test filter = HvfExecutor.Native*
[==========] Running 1 test from 1 test suite.
[----------] 1 test from HvfExecutor
[ RUN      ] HvfExecutor.NativeIntelCancellationAndCompletionFailureAllowRetry
[       OK ] HvfExecutor.NativeIntelCancellationAndCompletionFailureAllowRetry (240 ms)
[----------] 1 test from HvfExecutor (240 ms total)

[==========] 1 test from 1 test suite ran. (240 ms total)
[  PASSED  ] 1 test.

Repeating all tests (iteration 15) . . .

Note: Google Test filter = HvfExecutor.Native*
[==========] Running 1 test from 1 test suite.
[----------] 1 test from HvfExecutor
[ RUN      ] HvfExecutor.NativeIntelCancellationAndCompletionFailureAllowRetry
[       OK ] HvfExecutor.NativeIntelCancellationAndCompletionFailureAllowRetry (318 ms)
[----------] 1 test from HvfExecutor (318 ms total)

[==========] 1 test from 1 test suite ran. (318 ms total)
[  PASSED  ] 1 test.

Repeating all tests (iteration 16) . . .

Note: Google Test filter = HvfExecutor.Native*
[==========] Running 1 test from 1 test suite.
[----------] 1 test from HvfExecutor
[ RUN      ] HvfExecutor.NativeIntelCancellationAndCompletionFailureAllowRetry
[       OK ] HvfExecutor.NativeIntelCancellationAndCompletionFailureAllowRetry (181 ms)
[----------] 1 test from HvfExecutor (181 ms total)

[==========] 1 test from 1 test suite ran. (181 ms total)
[  PASSED  ] 1 test.

Repeating all tests (iteration 17) . . .

Note: Google Test filter = HvfExecutor.Native*
[==========] Running 1 test from 1 test suite.
[----------] 1 test from HvfExecutor
[ RUN      ] HvfExecutor.NativeIntelCancellationAndCompletionFailureAllowRetry
[       OK ] HvfExecutor.NativeIntelCancellationAndCompletionFailureAllowRetry (261 ms)
[----------] 1 test from HvfExecutor (261 ms total)

[==========] 1 test from 1 test suite ran. (261 ms total)
[  PASSED  ] 1 test.

Repeating all tests (iteration 18) . . .

Note: Google Test filter = HvfExecutor.Native*
[==========] Running 1 test from 1 test suite.
[----------] 1 test from HvfExecutor
[ RUN      ] HvfExecutor.NativeIntelCancellationAndCompletionFailureAllowRetry
[       OK ] HvfExecutor.NativeIntelCancellationAndCompletionFailureAllowRetry (149 ms)
[----------] 1 test from HvfExecutor (149 ms total)

[==========] 1 test from 1 test suite ran. (149 ms total)
[  PASSED  ] 1 test.

Repeating all tests (iteration 19) . . .

Note: Google Test filter = HvfExecutor.Native*
[==========] Running 1 test from 1 test suite.
[----------] 1 test from HvfExecutor
[ RUN      ] HvfExecutor.NativeIntelCancellationAndCompletionFailureAllowRetry
[       OK ] HvfExecutor.NativeIntelCancellationAndCompletionFailureAllowRetry (245 ms)
[----------] 1 test from HvfExecutor (245 ms total)

[==========] 1 test from 1 test suite ran. (245 ms total)
[  PASSED  ] 1 test.

Repeating all tests (iteration 20) . . .

Note: Google Test filter = HvfExecutor.Native*
[==========] Running 1 test from 1 test suite.
[----------] 1 test from HvfExecutor
[ RUN      ] HvfExecutor.NativeIntelCancellationAndCompletionFailureAllowRetry
[       OK ] HvfExecutor.NativeIntelCancellationAndCompletionFailureAllowRetry (267 ms)
[----------] 1 test from HvfExecutor (267 ms total)

[==========] 1 test from 1 test suite ran. (267 ms total)
[  PASSED  ] 1 test.

Repeating all tests (iteration 21) . . .

Note: Google Test filter = HvfExecutor.Native*
[==========] Running 1 test from 1 test suite.
[----------] 1 test from HvfExecutor
[ RUN      ] HvfExecutor.NativeIntelCancellationAndCompletionFailureAllowRetry
[       OK ] HvfExecutor.NativeIntelCancellationAndCompletionFailureAllowRetry (232 ms)
[----------] 1 test from HvfExecutor (232 ms total)

[==========] 1 test from 1 test suite ran. (232 ms total)
[  PASSED  ] 1 test.

Repeating all tests (iteration 22) . . .

Note: Google Test filter = HvfExecutor.Native*
[==========] Running 1 test from 1 test suite.
[----------] 1 test from HvfExecutor
[ RUN      ] HvfExecutor.NativeIntelCancellationAndCompletionFailureAllowRetry
[       OK ] HvfExecutor.NativeIntelCancellationAndCompletionFailureAllowRetry (334 ms)
[----------] 1 test from HvfExecutor (334 ms total)

[==========] 1 test from 1 test suite ran. (335 ms total)
[  PASSED  ] 1 test.

Repeating all tests (iteration 23) . . .

Note: Google Test filter = HvfExecutor.Native*
[==========] Running 1 test from 1 test suite.
[----------] 1 test from HvfExecutor
[ RUN      ] HvfExecutor.NativeIntelCancellationAndCompletionFailureAllowRetry
[       OK ] HvfExecutor.NativeIntelCancellationAndCompletionFailureAllowRetry (333 ms)
[----------] 1 test from HvfExecutor (334 ms total)

[==========] 1 test from 1 test suite ran. (334 ms total)
[  PASSED  ] 1 test.

Repeating all tests (iteration 24) . . .

Note: Google Test filter = HvfExecutor.Native*
[==========] Running 1 test from 1 test suite.
[----------] 1 test from HvfExecutor
[ RUN      ] HvfExecutor.NativeIntelCancellationAndCompletionFailureAllowRetry
[       OK ] HvfExecutor.NativeIntelCancellationAndCompletionFailureAllowRetry (219 ms)
[----------] 1 test from HvfExecutor (219 ms total)

[==========] 1 test from 1 test suite ran. (219 ms total)
[  PASSED  ] 1 test.

Repeating all tests (iteration 25) . . .

Note: Google Test filter = HvfExecutor.Native*
[==========] Running 1 test from 1 test suite.
[----------] 1 test from HvfExecutor
[ RUN      ] HvfExecutor.NativeIntelCancellationAndCompletionFailureAllowRetry
[       OK ] HvfExecutor.NativeIntelCancellationAndCompletionFailureAllowRetry (352 ms)
[----------] 1 test from HvfExecutor (352 ms total)

[==========] 1 test from 1 test suite ran. (352 ms total)
[  PASSED  ] 1 test.

Repeating all tests (iteration 26) . . .

Note: Google Test filter = HvfExecutor.Native*
[==========] Running 1 test from 1 test suite.
[----------] 1 test from HvfExecutor
[ RUN      ] HvfExecutor.NativeIntelCancellationAndCompletionFailureAllowRetry
[       OK ] HvfExecutor.NativeIntelCancellationAndCompletionFailureAllowRetry (257 ms)
[----------] 1 test from HvfExecutor (257 ms total)

[==========] 1 test from 1 test suite ran. (257 ms total)
[  PASSED  ] 1 test.

Repeating all tests (iteration 27) . . .

Note: Google Test filter = HvfExecutor.Native*
[==========] Running 1 test from 1 test suite.
[----------] 1 test from HvfExecutor
[ RUN      ] HvfExecutor.NativeIntelCancellationAndCompletionFailureAllowRetry
[       OK ] HvfExecutor.NativeIntelCancellationAndCompletionFailureAllowRetry (203 ms)
[----------] 1 test from HvfExecutor (203 ms total)

[==========] 1 test from 1 test suite ran. (203 ms total)
[  PASSED  ] 1 test.

Repeating all tests (iteration 28) . . .

Note: Google Test filter = HvfExecutor.Native*
[==========] Running 1 test from 1 test suite.
[----------] 1 test from HvfExecutor
[ RUN      ] HvfExecutor.NativeIntelCancellationAndCompletionFailureAllowRetry
[       OK ] HvfExecutor.NativeIntelCancellationAndCompletionFailureAllowRetry (170 ms)
[----------] 1 test from HvfExecutor (170 ms total)

[==========] 1 test from 1 test suite ran. (170 ms total)
[  PASSED  ] 1 test.

Repeating all tests (iteration 29) . . .

Note: Google Test filter = HvfExecutor.Native*
[==========] Running 1 test from 1 test suite.
[----------] 1 test from HvfExecutor
[ RUN      ] HvfExecutor.NativeIntelCancellationAndCompletionFailureAllowRetry
[       OK ] HvfExecutor.NativeIntelCancellationAndCompletionFailureAllowRetry (249 ms)
[----------] 1 test from HvfExecutor (249 ms total)

[==========] 1 test from 1 test suite ran. (249 ms total)
[  PASSED  ] 1 test.

Repeating all tests (iteration 30) . . .

Note: Google Test filter = HvfExecutor.Native*
[==========] Running 1 test from 1 test suite.
[----------] 1 test from HvfExecutor
[ RUN      ] HvfExecutor.NativeIntelCancellationAndCompletionFailureAllowRetry
[       OK ] HvfExecutor.NativeIntelCancellationAndCompletionFailureAllowRetry (226 ms)
[----------] 1 test from HvfExecutor (226 ms total)

[==========] 1 test from 1 test suite ran. (226 ms total)
[  PASSED  ] 1 test.

Repeating all tests (iteration 31) . . .

Note: Google Test filter = HvfExecutor.Native*
[==========] Running 1 test from 1 test suite.
[----------] 1 test from HvfExecutor
[ RUN      ] HvfExecutor.NativeIntelCancellationAndCompletionFailureAllowRetry
[       OK ] HvfExecutor.NativeIntelCancellationAndCompletionFailureAllowRetry (378 ms)
[----------] 1 test from HvfExecutor (378 ms total)

[==========] 1 test from 1 test suite ran. (378 ms total)
[  PASSED  ] 1 test.

Repeating all tests (iteration 32) . . .

Note: Google Test filter = HvfExecutor.Native*
[==========] Running 1 test from 1 test suite.
[----------] 1 test from HvfExecutor
[ RUN      ] HvfExecutor.NativeIntelCancellationAndCompletionFailureAllowRetry
[       OK ] HvfExecutor.NativeIntelCancellationAndCompletionFailureAllowRetry (195 ms)
[----------] 1 test from HvfExecutor (195 ms total)

[==========] 1 test from 1 test suite ran. (195 ms total)
[  PASSED  ] 1 test.

Repeating all tests (iteration 33) . . .

Note: Google Test filter = HvfExecutor.Native*
[==========] Running 1 test from 1 test suite.
[----------] 1 test from HvfExecutor
[ RUN      ] HvfExecutor.NativeIntelCancellationAndCompletionFailureAllowRetry
[       OK ] HvfExecutor.NativeIntelCancellationAndCompletionFailureAllowRetry (303 ms)
[----------] 1 test from HvfExecutor (303 ms total)

[==========] 1 test from 1 test suite ran. (303 ms total)
[  PASSED  ] 1 test.

Repeating all tests (iteration 34) . . .

Note: Google Test filter = HvfExecutor.Native*
[==========] Running 1 test from 1 test suite.
[----------] 1 test from HvfExecutor
[ RUN      ] HvfExecutor.NativeIntelCancellationAndCompletionFailureAllowRetry
[       OK ] HvfExecutor.NativeIntelCancellationAndCompletionFailureAllowRetry (271 ms)
[----------] 1 test from HvfExecutor (271 ms total)

[==========] 1 test from 1 test suite ran. (272 ms total)
[  PASSED  ] 1 test.

Repeating all tests (iteration 35) . . .

Note: Google Test filter = HvfExecutor.Native*
[==========] Running 1 test from 1 test suite.
[----------] 1 test from HvfExecutor
[ RUN      ] HvfExecutor.NativeIntelCancellationAndCompletionFailureAllowRetry
[       OK ] HvfExecutor.NativeIntelCancellationAndCompletionFailureAllowRetry (269 ms)
[----------] 1 test from HvfExecutor (269 ms total)

[==========] 1 test from 1 test suite ran. (269 ms total)
[  PASSED  ] 1 test.

Repeating all tests (iteration 36) . . .

Note: Google Test filter = HvfExecutor.Native*
[==========] Running 1 test from 1 test suite.
[----------] 1 test from HvfExecutor
[ RUN      ] HvfExecutor.NativeIntelCancellationAndCompletionFailureAllowRetry
[       OK ] HvfExecutor.NativeIntelCancellationAndCompletionFailureAllowRetry (266 ms)
[----------] 1 test from HvfExecutor (266 ms total)

[==========] 1 test from 1 test suite ran. (266 ms total)
[  PASSED  ] 1 test.

Repeating all tests (iteration 37) . . .

Note: Google Test filter = HvfExecutor.Native*
[==========] Running 1 test from 1 test suite.
[----------] 1 test from HvfExecutor
[ RUN      ] HvfExecutor.NativeIntelCancellationAndCompletionFailureAllowRetry
[       OK ] HvfExecutor.NativeIntelCancellationAndCompletionFailureAllowRetry (222 ms)
[----------] 1 test from HvfExecutor (222 ms total)

[==========] 1 test from 1 test suite ran. (222 ms total)
[  PASSED  ] 1 test.

Repeating all tests (iteration 38) . . .

Note: Google Test filter = HvfExecutor.Native*
[==========] Running 1 test from 1 test suite.
[----------] 1 test from HvfExecutor
[ RUN      ] HvfExecutor.NativeIntelCancellationAndCompletionFailureAllowRetry
[       OK ] HvfExecutor.NativeIntelCancellationAndCompletionFailureAllowRetry (274 ms)
[----------] 1 test from HvfExecutor (274 ms total)

[==========] 1 test from 1 test suite ran. (274 ms total)
[  PASSED  ] 1 test.

Repeating all tests (iteration 39) . . .

Note: Google Test filter = HvfExecutor.Native*
[==========] Running 1 test from 1 test suite.
[----------] 1 test from HvfExecutor
[ RUN      ] HvfExecutor.NativeIntelCancellationAndCompletionFailureAllowRetry
[       OK ] HvfExecutor.NativeIntelCancellationAndCompletionFailureAllowRetry (400 ms)
[----------] 1 test from HvfExecutor (400 ms total)

[==========] 1 test from 1 test suite ran. (400 ms total)
[  PASSED  ] 1 test.

Repeating all tests (iteration 40) . . .

Note: Google Test filter = HvfExecutor.Native*
[==========] Running 1 test from 1 test suite.
[----------] 1 test from HvfExecutor
[ RUN      ] HvfExecutor.NativeIntelCancellationAndCompletionFailureAllowRetry
[       OK ] HvfExecutor.NativeIntelCancellationAndCompletionFailureAllowRetry (118 ms)
[----------] 1 test from HvfExecutor (119 ms total)

[==========] 1 test from 1 test suite ran. (119 ms total)
[  PASSED  ] 1 test.

Repeating all tests (iteration 41) . . .

Note: Google Test filter = HvfExecutor.Native*
[==========] Running 1 test from 1 test suite.
[----------] 1 test from HvfExecutor
[ RUN      ] HvfExecutor.NativeIntelCancellationAndCompletionFailureAllowRetry
[       OK ] HvfExecutor.NativeIntelCancellationAndCompletionFailureAllowRetry (177 ms)
[----------] 1 test from HvfExecutor (177 ms total)

[==========] 1 test from 1 test suite ran. (177 ms total)
[  PASSED  ] 1 test.

Repeating all tests (iteration 42) . . .

Note: Google Test filter = HvfExecutor.Native*
[==========] Running 1 test from 1 test suite.
[----------] 1 test from HvfExecutor
[ RUN      ] HvfExecutor.NativeIntelCancellationAndCompletionFailureAllowRetry
[       OK ] HvfExecutor.NativeIntelCancellationAndCompletionFailureAllowRetry (247 ms)
[----------] 1 test from HvfExecutor (247 ms total)

[==========] 1 test from 1 test suite ran. (247 ms total)
[  PASSED  ] 1 test.

Repeating all tests (iteration 43) . . .

Note: Google Test filter = HvfExecutor.Native*
[==========] Running 1 test from 1 test suite.
[----------] 1 test from HvfExecutor
[ RUN      ] HvfExecutor.NativeIntelCancellationAndCompletionFailureAllowRetry
[       OK ] HvfExecutor.NativeIntelCancellationAndCompletionFailureAllowRetry (265 ms)
[----------] 1 test from HvfExecutor (265 ms total)

[==========] 1 test from 1 test suite ran. (265 ms total)
[  PASSED  ] 1 test.

Repeating all tests (iteration 44) . . .

Note: Google Test filter = HvfExecutor.Native*
[==========] Running 1 test from 1 test suite.
[----------] 1 test from HvfExecutor
[ RUN      ] HvfExecutor.NativeIntelCancellationAndCompletionFailureAllowRetry
[       OK ] HvfExecutor.NativeIntelCancellationAndCompletionFailureAllowRetry (314 ms)
[----------] 1 test from HvfExecutor (314 ms total)

[==========] 1 test from 1 test suite ran. (315 ms total)
[  PASSED  ] 1 test.

Repeating all tests (iteration 45) . . .

Note: Google Test filter = HvfExecutor.Native*
[==========] Running 1 test from 1 test suite.
[----------] 1 test from HvfExecutor
[ RUN      ] HvfExecutor.NativeIntelCancellationAndCompletionFailureAllowRetry
[       OK ] HvfExecutor.NativeIntelCancellationAndCompletionFailureAllowRetry (243 ms)
[----------] 1 test from HvfExecutor (243 ms total)

[==========] 1 test from 1 test suite ran. (243 ms total)
[  PASSED  ] 1 test.

Repeating all tests (iteration 46) . . .

Note: Google Test filter = HvfExecutor.Native*
[==========] Running 1 test from 1 test suite.
[----------] 1 test from HvfExecutor
[ RUN      ] HvfExecutor.NativeIntelCancellationAndCompletionFailureAllowRetry
[       OK ] HvfExecutor.NativeIntelCancellationAndCompletionFailureAllowRetry (325 ms)
[----------] 1 test from HvfExecutor (326 ms total)

[==========] 1 test from 1 test suite ran. (326 ms total)
[  PASSED  ] 1 test.

Repeating all tests (iteration 47) . . .

Note: Google Test filter = HvfExecutor.Native*
[==========] Running 1 test from 1 test suite.
[----------] 1 test from HvfExecutor
[ RUN      ] HvfExecutor.NativeIntelCancellationAndCompletionFailureAllowRetry
[       OK ] HvfExecutor.NativeIntelCancellationAndCompletionFailureAllowRetry (388 ms)
[----------] 1 test from HvfExecutor (388 ms total)

[==========] 1 test from 1 test suite ran. (388 ms total)
[  PASSED  ] 1 test.

Repeating all tests (iteration 48) . . .

Note: Google Test filter = HvfExecutor.Native*
[==========] Running 1 test from 1 test suite.
[----------] 1 test from HvfExecutor
[ RUN      ] HvfExecutor.NativeIntelCancellationAndCompletionFailureAllowRetry
[       OK ] HvfExecutor.NativeIntelCancellationAndCompletionFailureAllowRetry (263 ms)
[----------] 1 test from HvfExecutor (263 ms total)

[==========] 1 test from 1 test suite ran. (263 ms total)
[  PASSED  ] 1 test.

Repeating all tests (iteration 49) . . .

Note: Google Test filter = HvfExecutor.Native*
[==========] Running 1 test from 1 test suite.
[----------] 1 test from HvfExecutor
[ RUN      ] HvfExecutor.NativeIntelCancellationAndCompletionFailureAllowRetry
[       OK ] HvfExecutor.NativeIntelCancellationAndCompletionFailureAllowRetry (393 ms)
[----------] 1 test from HvfExecutor (393 ms total)

[==========] 1 test from 1 test suite ran. (393 ms total)
[  PASSED  ] 1 test.

Repeating all tests (iteration 50) . . .

Note: Google Test filter = HvfExecutor.Native*
[==========] Running 1 test from 1 test suite.
[----------] 1 test from HvfExecutor
[ RUN      ] HvfExecutor.NativeIntelCancellationAndCompletionFailureAllowRetry
[       OK ] HvfExecutor.NativeIntelCancellationAndCompletionFailureAllowRetry (321 ms)
[----------] 1 test from HvfExecutor (321 ms total)

[==========] 1 test from 1 test suite ran. (321 ms total)
[  PASSED  ] 1 test.

Repeating all tests (iteration 51) . . .

Note: Google Test filter = HvfExecutor.Native*
[==========] Running 1 test from 1 test suite.
[----------] 1 test from HvfExecutor
[ RUN      ] HvfExecutor.NativeIntelCancellationAndCompletionFailureAllowRetry
[       OK ] HvfExecutor.NativeIntelCancellationAndCompletionFailureAllowRetry (304 ms)
[----------] 1 test from HvfExecutor (304 ms total)

[==========] 1 test from 1 test suite ran. (304 ms total)
[  PASSED  ] 1 test.

Repeating all tests (iteration 52) . . .

Note: Google Test filter = HvfExecutor.Native*
[==========] Running 1 test from 1 test suite.
[----------] 1 test from HvfExecutor
[ RUN      ] HvfExecutor.NativeIntelCancellationAndCompletionFailureAllowRetry
[       OK ] HvfExecutor.NativeIntelCancellationAndCompletionFailureAllowRetry (158 ms)
[----------] 1 test from HvfExecutor (158 ms total)

[==========] 1 test from 1 test suite ran. (158 ms total)
[  PASSED  ] 1 test.

Repeating all tests (iteration 53) . . .

Note: Google Test filter = HvfExecutor.Native*
[==========] Running 1 test from 1 test suite.
[----------] 1 test from HvfExecutor
[ RUN      ] HvfExecutor.NativeIntelCancellationAndCompletionFailureAllowRetry
[       OK ] HvfExecutor.NativeIntelCancellationAndCompletionFailureAllowRetry (141 ms)
[----------] 1 test from HvfExecutor (141 ms total)

[==========] 1 test from 1 test suite ran. (141 ms total)
[  PASSED  ] 1 test.

Repeating all tests (iteration 54) . . .

Note: Google Test filter = HvfExecutor.Native*
[==========] Running 1 test from 1 test suite.
[----------] 1 test from HvfExecutor
[ RUN      ] HvfExecutor.NativeIntelCancellationAndCompletionFailureAllowRetry
[       OK ] HvfExecutor.NativeIntelCancellationAndCompletionFailureAllowRetry (199 ms)
[----------] 1 test from HvfExecutor (199 ms total)

[==========] 1 test from 1 test suite ran. (199 ms total)
[  PASSED  ] 1 test.

Repeating all tests (iteration 55) . . .

Note: Google Test filter = HvfExecutor.Native*
[==========] Running 1 test from 1 test suite.
[----------] 1 test from HvfExecutor
[ RUN      ] HvfExecutor.NativeIntelCancellationAndCompletionFailureAllowRetry
[       OK ] HvfExecutor.NativeIntelCancellationAndCompletionFailureAllowRetry (305 ms)
[----------] 1 test from HvfExecutor (306 ms total)

[==========] 1 test from 1 test suite ran. (306 ms total)
[  PASSED  ] 1 test.

Repeating all tests (iteration 56) . . .

Note: Google Test filter = HvfExecutor.Native*
[==========] Running 1 test from 1 test suite.
[----------] 1 test from HvfExecutor
[ RUN      ] HvfExecutor.NativeIntelCancellationAndCompletionFailureAllowRetry
[       OK ] HvfExecutor.NativeIntelCancellationAndCompletionFailureAllowRetry (324 ms)
[----------] 1 test from HvfExecutor (324 ms total)

[==========] 1 test from 1 test suite ran. (324 ms total)
[  PASSED  ] 1 test.

Repeating all tests (iteration 57) . . .

Note: Google Test filter = HvfExecutor.Native*
[==========] Running 1 test from 1 test suite.
[----------] 1 test from HvfExecutor
[ RUN      ] HvfExecutor.NativeIntelCancellationAndCompletionFailureAllowRetry
[       OK ] HvfExecutor.NativeIntelCancellationAndCompletionFailureAllowRetry (138 ms)
[----------] 1 test from HvfExecutor (138 ms total)

[==========] 1 test from 1 test suite ran. (138 ms total)
[  PASSED  ] 1 test.

Repeating all tests (iteration 58) . . .

Note: Google Test filter = HvfExecutor.Native*
[==========] Running 1 test from 1 test suite.
[----------] 1 test from HvfExecutor
[ RUN      ] HvfExecutor.NativeIntelCancellationAndCompletionFailureAllowRetry
[       OK ] HvfExecutor.NativeIntelCancellationAndCompletionFailureAllowRetry (562 ms)
[----------] 1 test from HvfExecutor (562 ms total)

[==========] 1 test from 1 test suite ran. (562 ms total)
[  PASSED  ] 1 test.

Repeating all tests (iteration 59) . . .

Note: Google Test filter = HvfExecutor.Native*
[==========] Running 1 test from 1 test suite.
[----------] 1 test from HvfExecutor
[ RUN      ] HvfExecutor.NativeIntelCancellationAndCompletionFailureAllowRetry
[       OK ] HvfExecutor.NativeIntelCancellationAndCompletionFailureAllowRetry (326 ms)
[----------] 1 test from HvfExecutor (326 ms total)

[==========] 1 test from 1 test suite ran. (326 ms total)
[  PASSED  ] 1 test.

Repeating all tests (iteration 60) . . .

Note: Google Test filter = HvfExecutor.Native*
[==========] Running 1 test from 1 test suite.
[----------] 1 test from HvfExecutor
[ RUN      ] HvfExecutor.NativeIntelCancellationAndCompletionFailureAllowRetry
[       OK ] HvfExecutor.NativeIntelCancellationAndCompletionFailureAllowRetry (396 ms)
[----------] 1 test from HvfExecutor (396 ms total)

[==========] 1 test from 1 test suite ran. (396 ms total)
[  PASSED  ] 1 test.

Repeating all tests (iteration 61) . . .

Note: Google Test filter = HvfExecutor.Native*
[==========] Running 1 test from 1 test suite.
[----------] 1 test from HvfExecutor
[ RUN      ] HvfExecutor.NativeIntelCancellationAndCompletionFailureAllowRetry
[       OK ] HvfExecutor.NativeIntelCancellationAndCompletionFailureAllowRetry (375 ms)
[----------] 1 test from HvfExecutor (375 ms total)

[==========] 1 test from 1 test suite ran. (375 ms total)
[  PASSED  ] 1 test.

Repeating all tests (iteration 62) . . .

Note: Google Test filter = HvfExecutor.Native*
[==========] Running 1 test from 1 test suite.
[----------] 1 test from HvfExecutor
[ RUN      ] HvfExecutor.NativeIntelCancellationAndCompletionFailureAllowRetry
[       OK ] HvfExecutor.NativeIntelCancellationAndCompletionFailureAllowRetry (284 ms)
[----------] 1 test from HvfExecutor (284 ms total)

[==========] 1 test from 1 test suite ran. (284 ms total)
[  PASSED  ] 1 test.

Repeating all tests (iteration 63) . . .

Note: Google Test filter = HvfExecutor.Native*
[==========] Running 1 test from 1 test suite.
[----------] 1 test from HvfExecutor
[ RUN      ] HvfExecutor.NativeIntelCancellationAndCompletionFailureAllowRetry
[       OK ] HvfExecutor.NativeIntelCancellationAndCompletionFailureAllowRetry (262 ms)
[----------] 1 test from HvfExecutor (262 ms total)

[==========] 1 test from 1 test suite ran. (262 ms total)
[  PASSED  ] 1 test.

Repeating all tests (iteration 64) . . .

Note: Google Test filter = HvfExecutor.Native*
[==========] Running 1 test from 1 test suite.
[----------] 1 test from HvfExecutor
[ RUN      ] HvfExecutor.NativeIntelCancellationAndCompletionFailureAllowRetry
[       OK ] HvfExecutor.NativeIntelCancellationAndCompletionFailureAllowRetry (232 ms)
[----------] 1 test from HvfExecutor (232 ms total)

[==========] 1 test from 1 test suite ran. (232 ms total)
[  PASSED  ] 1 test.

Repeating all tests (iteration 65) . . .

Note: Google Test filter = HvfExecutor.Native*
[==========] Running 1 test from 1 test suite.
[----------] 1 test from HvfExecutor
[ RUN      ] HvfExecutor.NativeIntelCancellationAndCompletionFailureAllowRetry
[       OK ] HvfExecutor.NativeIntelCancellationAndCompletionFailureAllowRetry (390 ms)
[----------] 1 test from HvfExecutor (390 ms total)

[==========] 1 test from 1 test suite ran. (390 ms total)
[  PASSED  ] 1 test.

Repeating all tests (iteration 66) . . .

Note: Google Test filter = HvfExecutor.Native*
[==========] Running 1 test from 1 test suite.
[----------] 1 test from HvfExecutor
[ RUN      ] HvfExecutor.NativeIntelCancellationAndCompletionFailureAllowRetry
[       OK ] HvfExecutor.NativeIntelCancellationAndCompletionFailureAllowRetry (297 ms)
[----------] 1 test from HvfExecutor (297 ms total)

[==========] 1 test from 1 test suite ran. (297 ms total)
[  PASSED  ] 1 test.

Repeating all tests (iteration 67) . . .

Note: Google Test filter = HvfExecutor.Native*
[==========] Running 1 test from 1 test suite.
[----------] 1 test from HvfExecutor
[ RUN      ] HvfExecutor.NativeIntelCancellationAndCompletionFailureAllowRetry
[       OK ] HvfExecutor.NativeIntelCancellationAndCompletionFailureAllowRetry (136 ms)
[----------] 1 test from HvfExecutor (136 ms total)

[==========] 1 test from 1 test suite ran. (136 ms total)
[  PASSED  ] 1 test.

Repeating all tests (iteration 68) . . .

Note: Google Test filter = HvfExecutor.Native*
[==========] Running 1 test from 1 test suite.
[----------] 1 test from HvfExecutor
[ RUN      ] HvfExecutor.NativeIntelCancellationAndCompletionFailureAllowRetry
[       OK ] HvfExecutor.NativeIntelCancellationAndCompletionFailureAllowRetry (351 ms)
[----------] 1 test from HvfExecutor (351 ms total)

[==========] 1 test from 1 test suite ran. (351 ms total)
[  PASSED  ] 1 test.

Repeating all tests (iteration 69) . . .

Note: Google Test filter = HvfExecutor.Native*
[==========] Running 1 test from 1 test suite.
[----------] 1 test from HvfExecutor
[ RUN      ] HvfExecutor.NativeIntelCancellationAndCompletionFailureAllowRetry
[       OK ] HvfExecutor.NativeIntelCancellationAndCompletionFailureAllowRetry (415 ms)
[----------] 1 test from HvfExecutor (415 ms total)

[==========] 1 test from 1 test suite ran. (415 ms total)
[  PASSED  ] 1 test.

Repeating all tests (iteration 70) . . .

Note: Google Test filter = HvfExecutor.Native*
[==========] Running 1 test from 1 test suite.
[----------] 1 test from HvfExecutor
[ RUN      ] HvfExecutor.NativeIntelCancellationAndCompletionFailureAllowRetry
[       OK ] HvfExecutor.NativeIntelCancellationAndCompletionFailureAllowRetry (252 ms)
[----------] 1 test from HvfExecutor (252 ms total)

[==========] 1 test from 1 test suite ran. (252 ms total)
[  PASSED  ] 1 test.

Repeating all tests (iteration 71) . . .

Note: Google Test filter = HvfExecutor.Native*
[==========] Running 1 test from 1 test suite.
[----------] 1 test from HvfExecutor
[ RUN      ] HvfExecutor.NativeIntelCancellationAndCompletionFailureAllowRetry
[       OK ] HvfExecutor.NativeIntelCancellationAndCompletionFailureAllowRetry (271 ms)
[----------] 1 test from HvfExecutor (271 ms total)

[==========] 1 test from 1 test suite ran. (272 ms total)
[  PASSED  ] 1 test.

Repeating all tests (iteration 72) . . .

Note: Google Test filter = HvfExecutor.Native*
[==========] Running 1 test from 1 test suite.
[----------] 1 test from HvfExecutor
[ RUN      ] HvfExecutor.NativeIntelCancellationAndCompletionFailureAllowRetry
[       OK ] HvfExecutor.NativeIntelCancellationAndCompletionFailureAllowRetry (119 ms)
[----------] 1 test from HvfExecutor (119 ms total)

[==========] 1 test from 1 test suite ran. (119 ms total)
[  PASSED  ] 1 test.

Repeating all tests (iteration 73) . . .

Note: Google Test filter = HvfExecutor.Native*
[==========] Running 1 test from 1 test suite.
[----------] 1 test from HvfExecutor
[ RUN      ] HvfExecutor.NativeIntelCancellationAndCompletionFailureAllowRetry
[       OK ] HvfExecutor.NativeIntelCancellationAndCompletionFailureAllowRetry (264 ms)
[----------] 1 test from HvfExecutor (264 ms total)

[==========] 1 test from 1 test suite ran. (264 ms total)
[  PASSED  ] 1 test.

Repeating all tests (iteration 74) . . .

Note: Google Test filter = HvfExecutor.Native*
[==========] Running 1 test from 1 test suite.
[----------] 1 test from HvfExecutor
[ RUN      ] HvfExecutor.NativeIntelCancellationAndCompletionFailureAllowRetry
[       OK ] HvfExecutor.NativeIntelCancellationAndCompletionFailureAllowRetry (119 ms)
[----------] 1 test from HvfExecutor (119 ms total)

[==========] 1 test from 1 test suite ran. (119 ms total)
[  PASSED  ] 1 test.

Repeating all tests (iteration 75) . . .

Note: Google Test filter = HvfExecutor.Native*
[==========] Running 1 test from 1 test suite.
[----------] 1 test from HvfExecutor
[ RUN      ] HvfExecutor.NativeIntelCancellationAndCompletionFailureAllowRetry
[       OK ] HvfExecutor.NativeIntelCancellationAndCompletionFailureAllowRetry (201 ms)
[----------] 1 test from HvfExecutor (201 ms total)

[==========] 1 test from 1 test suite ran. (201 ms total)
[  PASSED  ] 1 test.

Repeating all tests (iteration 76) . . .

Note: Google Test filter = HvfExecutor.Native*
[==========] Running 1 test from 1 test suite.
[----------] 1 test from HvfExecutor
[ RUN      ] HvfExecutor.NativeIntelCancellationAndCompletionFailureAllowRetry
[       OK ] HvfExecutor.NativeIntelCancellationAndCompletionFailureAllowRetry (202 ms)
[----------] 1 test from HvfExecutor (202 ms total)

[==========] 1 test from 1 test suite ran. (202 ms total)
[  PASSED  ] 1 test.

Repeating all tests (iteration 77) . . .

Note: Google Test filter = HvfExecutor.Native*
[==========] Running 1 test from 1 test suite.
[----------] 1 test from HvfExecutor
[ RUN      ] HvfExecutor.NativeIntelCancellationAndCompletionFailureAllowRetry
[       OK ] HvfExecutor.NativeIntelCancellationAndCompletionFailureAllowRetry (266 ms)
[----------] 1 test from HvfExecutor (266 ms total)

[==========] 1 test from 1 test suite ran. (266 ms total)
[  PASSED  ] 1 test.

Repeating all tests (iteration 78) . . .

Note: Google Test filter = HvfExecutor.Native*
[==========] Running 1 test from 1 test suite.
[----------] 1 test from HvfExecutor
[ RUN      ] HvfExecutor.NativeIntelCancellationAndCompletionFailureAllowRetry
[       OK ] HvfExecutor.NativeIntelCancellationAndCompletionFailureAllowRetry (207 ms)
[----------] 1 test from HvfExecutor (207 ms total)

[==========] 1 test from 1 test suite ran. (207 ms total)
[  PASSED  ] 1 test.

Repeating all tests (iteration 79) . . .

Note: Google Test filter = HvfExecutor.Native*
[==========] Running 1 test from 1 test suite.
[----------] 1 test from HvfExecutor
[ RUN      ] HvfExecutor.NativeIntelCancellationAndCompletionFailureAllowRetry
[       OK ] HvfExecutor.NativeIntelCancellationAndCompletionFailureAllowRetry (401 ms)
[----------] 1 test from HvfExecutor (401 ms total)

[==========] 1 test from 1 test suite ran. (401 ms total)
[  PASSED  ] 1 test.

Repeating all tests (iteration 80) . . .

Note: Google Test filter = HvfExecutor.Native*
[==========] Running 1 test from 1 test suite.
[----------] 1 test from HvfExecutor
[ RUN      ] HvfExecutor.NativeIntelCancellationAndCompletionFailureAllowRetry
[       OK ] HvfExecutor.NativeIntelCancellationAndCompletionFailureAllowRetry (176 ms)
[----------] 1 test from HvfExecutor (176 ms total)

[==========] 1 test from 1 test suite ran. (177 ms total)
[  PASSED  ] 1 test.

Repeating all tests (iteration 81) . . .

Note: Google Test filter = HvfExecutor.Native*
[==========] Running 1 test from 1 test suite.
[----------] 1 test from HvfExecutor
[ RUN      ] HvfExecutor.NativeIntelCancellationAndCompletionFailureAllowRetry
[       OK ] HvfExecutor.NativeIntelCancellationAndCompletionFailureAllowRetry (213 ms)
[----------] 1 test from HvfExecutor (213 ms total)

[==========] 1 test from 1 test suite ran. (213 ms total)
[  PASSED  ] 1 test.

Repeating all tests (iteration 82) . . .

Note: Google Test filter = HvfExecutor.Native*
[==========] Running 1 test from 1 test suite.
[----------] 1 test from HvfExecutor
[ RUN      ] HvfExecutor.NativeIntelCancellationAndCompletionFailureAllowRetry
[       OK ] HvfExecutor.NativeIntelCancellationAndCompletionFailureAllowRetry (252 ms)
[----------] 1 test from HvfExecutor (252 ms total)

[==========] 1 test from 1 test suite ran. (252 ms total)
[  PASSED  ] 1 test.

Repeating all tests (iteration 83) . . .

Note: Google Test filter = HvfExecutor.Native*
[==========] Running 1 test from 1 test suite.
[----------] 1 test from HvfExecutor
[ RUN      ] HvfExecutor.NativeIntelCancellationAndCompletionFailureAllowRetry
[       OK ] HvfExecutor.NativeIntelCancellationAndCompletionFailureAllowRetry (403 ms)
[----------] 1 test from HvfExecutor (403 ms total)

[==========] 1 test from 1 test suite ran. (403 ms total)
[  PASSED  ] 1 test.

Repeating all tests (iteration 84) . . .

Note: Google Test filter = HvfExecutor.Native*
[==========] Running 1 test from 1 test suite.
[----------] 1 test from HvfExecutor
[ RUN      ] HvfExecutor.NativeIntelCancellationAndCompletionFailureAllowRetry
[       OK ] HvfExecutor.NativeIntelCancellationAndCompletionFailureAllowRetry (189 ms)
[----------] 1 test from HvfExecutor (189 ms total)

[==========] 1 test from 1 test suite ran. (189 ms total)
[  PASSED  ] 1 test.

Repeating all tests (iteration 85) . . .

Note: Google Test filter = HvfExecutor.Native*
[==========] Running 1 test from 1 test suite.
[----------] 1 test from HvfExecutor
[ RUN      ] HvfExecutor.NativeIntelCancellationAndCompletionFailureAllowRetry
[       OK ] HvfExecutor.NativeIntelCancellationAndCompletionFailureAllowRetry (336 ms)
[----------] 1 test from HvfExecutor (336 ms total)

[==========] 1 test from 1 test suite ran. (336 ms total)
[  PASSED  ] 1 test.

Repeating all tests (iteration 86) . . .

Note: Google Test filter = HvfExecutor.Native*
[==========] Running 1 test from 1 test suite.
[----------] 1 test from HvfExecutor
[ RUN      ] HvfExecutor.NativeIntelCancellationAndCompletionFailureAllowRetry
[       OK ] HvfExecutor.NativeIntelCancellationAndCompletionFailureAllowRetry (197 ms)
[----------] 1 test from HvfExecutor (197 ms total)

[==========] 1 test from 1 test suite ran. (197 ms total)
[  PASSED  ] 1 test.

Repeating all tests (iteration 87) . . .

Note: Google Test filter = HvfExecutor.Native*
[==========] Running 1 test from 1 test suite.
[----------] 1 test from HvfExecutor
[ RUN      ] HvfExecutor.NativeIntelCancellationAndCompletionFailureAllowRetry
[       OK ] HvfExecutor.NativeIntelCancellationAndCompletionFailureAllowRetry (353 ms)
[----------] 1 test from HvfExecutor (353 ms total)

[==========] 1 test from 1 test suite ran. (353 ms total)
[  PASSED  ] 1 test.

Repeating all tests (iteration 88) . . .

Note: Google Test filter = HvfExecutor.Native*
[==========] Running 1 test from 1 test suite.
[----------] 1 test from HvfExecutor
[ RUN      ] HvfExecutor.NativeIntelCancellationAndCompletionFailureAllowRetry
[       OK ] HvfExecutor.NativeIntelCancellationAndCompletionFailureAllowRetry (211 ms)
[----------] 1 test from HvfExecutor (211 ms total)

[==========] 1 test from 1 test suite ran. (211 ms total)
[  PASSED  ] 1 test.

Repeating all tests (iteration 89) . . .

Note: Google Test filter = HvfExecutor.Native*
[==========] Running 1 test from 1 test suite.
[----------] 1 test from HvfExecutor
[ RUN      ] HvfExecutor.NativeIntelCancellationAndCompletionFailureAllowRetry
[       OK ] HvfExecutor.NativeIntelCancellationAndCompletionFailureAllowRetry (260 ms)
[----------] 1 test from HvfExecutor (260 ms total)

[==========] 1 test from 1 test suite ran. (260 ms total)
[  PASSED  ] 1 test.

Repeating all tests (iteration 90) . . .

Note: Google Test filter = HvfExecutor.Native*
[==========] Running 1 test from 1 test suite.
[----------] 1 test from HvfExecutor
[ RUN      ] HvfExecutor.NativeIntelCancellationAndCompletionFailureAllowRetry
[       OK ] HvfExecutor.NativeIntelCancellationAndCompletionFailureAllowRetry (329 ms)
[----------] 1 test from HvfExecutor (329 ms total)

[==========] 1 test from 1 test suite ran. (330 ms total)
[  PASSED  ] 1 test.

Repeating all tests (iteration 91) . . .

Note: Google Test filter = HvfExecutor.Native*
[==========] Running 1 test from 1 test suite.
[----------] 1 test from HvfExecutor
[ RUN      ] HvfExecutor.NativeIntelCancellationAndCompletionFailureAllowRetry
[       OK ] HvfExecutor.NativeIntelCancellationAndCompletionFailureAllowRetry (267 ms)
[----------] 1 test from HvfExecutor (267 ms total)

[==========] 1 test from 1 test suite ran. (267 ms total)
[  PASSED  ] 1 test.

Repeating all tests (iteration 92) . . .

Note: Google Test filter = HvfExecutor.Native*
[==========] Running 1 test from 1 test suite.
[----------] 1 test from HvfExecutor
[ RUN      ] HvfExecutor.NativeIntelCancellationAndCompletionFailureAllowRetry
[       OK ] HvfExecutor.NativeIntelCancellationAndCompletionFailureAllowRetry (290 ms)
[----------] 1 test from HvfExecutor (291 ms total)

[==========] 1 test from 1 test suite ran. (291 ms total)
[  PASSED  ] 1 test.

Repeating all tests (iteration 93) . . .

Note: Google Test filter = HvfExecutor.Native*
[==========] Running 1 test from 1 test suite.
[----------] 1 test from HvfExecutor
[ RUN      ] HvfExecutor.NativeIntelCancellationAndCompletionFailureAllowRetry
[       OK ] HvfExecutor.NativeIntelCancellationAndCompletionFailureAllowRetry (177 ms)
[----------] 1 test from HvfExecutor (177 ms total)

[==========] 1 test from 1 test suite ran. (177 ms total)
[  PASSED  ] 1 test.

Repeating all tests (iteration 94) . . .

Note: Google Test filter = HvfExecutor.Native*
[==========] Running 1 test from 1 test suite.
[----------] 1 test from HvfExecutor
[ RUN      ] HvfExecutor.NativeIntelCancellationAndCompletionFailureAllowRetry
[       OK ] HvfExecutor.NativeIntelCancellationAndCompletionFailureAllowRetry (245 ms)
[----------] 1 test from HvfExecutor (245 ms total)

[==========] 1 test from 1 test suite ran. (245 ms total)
[  PASSED  ] 1 test.

Repeating all tests (iteration 95) . . .

Note: Google Test filter = HvfExecutor.Native*
[==========] Running 1 test from 1 test suite.
[----------] 1 test from HvfExecutor
[ RUN      ] HvfExecutor.NativeIntelCancellationAndCompletionFailureAllowRetry
[       OK ] HvfExecutor.NativeIntelCancellationAndCompletionFailureAllowRetry (314 ms)
[----------] 1 test from HvfExecutor (314 ms total)

[==========] 1 test from 1 test suite ran. (315 ms total)
[  PASSED  ] 1 test.

Repeating all tests (iteration 96) . . .

Note: Google Test filter = HvfExecutor.Native*
[==========] Running 1 test from 1 test suite.
[----------] 1 test from HvfExecutor
[ RUN      ] HvfExecutor.NativeIntelCancellationAndCompletionFailureAllowRetry
[       OK ] HvfExecutor.NativeIntelCancellationAndCompletionFailureAllowRetry (131 ms)
[----------] 1 test from HvfExecutor (131 ms total)

[==========] 1 test from 1 test suite ran. (131 ms total)
[  PASSED  ] 1 test.

Repeating all tests (iteration 97) . . .

Note: Google Test filter = HvfExecutor.Native*
[==========] Running 1 test from 1 test suite.
[----------] 1 test from HvfExecutor
[ RUN      ] HvfExecutor.NativeIntelCancellationAndCompletionFailureAllowRetry
[       OK ] HvfExecutor.NativeIntelCancellationAndCompletionFailureAllowRetry (379 ms)
[----------] 1 test from HvfExecutor (379 ms total)

[==========] 1 test from 1 test suite ran. (379 ms total)
[  PASSED  ] 1 test.

Repeating all tests (iteration 98) . . .

Note: Google Test filter = HvfExecutor.Native*
[==========] Running 1 test from 1 test suite.
[----------] 1 test from HvfExecutor
[ RUN      ] HvfExecutor.NativeIntelCancellationAndCompletionFailureAllowRetry
[       OK ] HvfExecutor.NativeIntelCancellationAndCompletionFailureAllowRetry (208 ms)
[----------] 1 test from HvfExecutor (208 ms total)

[==========] 1 test from 1 test suite ran. (208 ms total)
[  PASSED  ] 1 test.

Repeating all tests (iteration 99) . . .

Note: Google Test filter = HvfExecutor.Native*
[==========] Running 1 test from 1 test suite.
[----------] 1 test from HvfExecutor
[ RUN      ] HvfExecutor.NativeIntelCancellationAndCompletionFailureAllowRetry
[       OK ] HvfExecutor.NativeIntelCancellationAndCompletionFailureAllowRetry (222 ms)
[----------] 1 test from HvfExecutor (222 ms total)

[==========] 1 test from 1 test suite ran. (222 ms total)
[  PASSED  ] 1 test.

Repeating all tests (iteration 100) . . .

Note: Google Test filter = HvfExecutor.Native*
[==========] Running 1 test from 1 test suite.
[----------] 1 test from HvfExecutor
[ RUN      ] HvfExecutor.NativeIntelCancellationAndCompletionFailureAllowRetry
[       OK ] HvfExecutor.NativeIntelCancellationAndCompletionFailureAllowRetry (146 ms)
[----------] 1 test from HvfExecutor (146 ms total)

[==========] 1 test from 1 test suite ran. (146 ms total)
[  PASSED  ] 1 test.

Repeating all tests (iteration 101) . . .

Note: Google Test filter = HvfExecutor.Native*
[==========] Running 1 test from 1 test suite.
[----------] 1 test from HvfExecutor
[ RUN      ] HvfExecutor.NativeIntelCancellationAndCompletionFailureAllowRetry
[       OK ] HvfExecutor.NativeIntelCancellationAndCompletionFailureAllowRetry (251 ms)
[----------] 1 test from HvfExecutor (251 ms total)

[==========] 1 test from 1 test suite ran. (251 ms total)
[  PASSED  ] 1 test.

Repeating all tests (iteration 102) . . .

Note: Google Test filter = HvfExecutor.Native*
[==========] Running 1 test from 1 test suite.
[----------] 1 test from HvfExecutor
[ RUN      ] HvfExecutor.NativeIntelCancellationAndCompletionFailureAllowRetry
[       OK ] HvfExecutor.NativeIntelCancellationAndCompletionFailureAllowRetry (183 ms)
[----------] 1 test from HvfExecutor (183 ms total)

[==========] 1 test from 1 test suite ran. (183 ms total)
[  PASSED  ] 1 test.

Repeating all tests (iteration 103) . . .

Note: Google Test filter = HvfExecutor.Native*
[==========] Running 1 test from 1 test suite.
[----------] 1 test from HvfExecutor
[ RUN      ] HvfExecutor.NativeIntelCancellationAndCompletionFailureAllowRetry
[       OK ] HvfExecutor.NativeIntelCancellationAndCompletionFailureAllowRetry (178 ms)
[----------] 1 test from HvfExecutor (178 ms total)

[==========] 1 test from 1 test suite ran. (178 ms total)
[  PASSED  ] 1 test.

Repeating all tests (iteration 104) . . .

Note: Google Test filter = HvfExecutor.Native*
[==========] Running 1 test from 1 test suite.
[----------] 1 test from HvfExecutor
[ RUN      ] HvfExecutor.NativeIntelCancellationAndCompletionFailureAllowRetry
[       OK ] HvfExecutor.NativeIntelCancellationAndCompletionFailureAllowRetry (416 ms)
[----------] 1 test from HvfExecutor (417 ms total)

[==========] 1 test from 1 test suite ran. (417 ms total)
[  PASSED  ] 1 test.

Repeating all tests (iteration 105) . . .

Note: Google Test filter = HvfExecutor.Native*
[==========] Running 1 test from 1 test suite.
[----------] 1 test from HvfExecutor
[ RUN      ] HvfExecutor.NativeIntelCancellationAndCompletionFailureAllowRetry
[       OK ] HvfExecutor.NativeIntelCancellationAndCompletionFailureAllowRetry (370 ms)
[----------] 1 test from HvfExecutor (370 ms total)

[==========] 1 test from 1 test suite ran. (370 ms total)
[  PASSED  ] 1 test.

Repeating all tests (iteration 106) . . .

Note: Google Test filter = HvfExecutor.Native*
[==========] Running 1 test from 1 test suite.
[----------] 1 test from HvfExecutor
[ RUN      ] HvfExecutor.NativeIntelCancellationAndCompletionFailureAllowRetry
[       OK ] HvfExecutor.NativeIntelCancellationAndCompletionFailureAllowRetry (456 ms)
[----------] 1 test from HvfExecutor (456 ms total)

[==========] 1 test from 1 test suite ran. (456 ms total)
[  PASSED  ] 1 test.

Repeating all tests (iteration 107) . . .

Note: Google Test filter = HvfExecutor.Native*
[==========] Running 1 test from 1 test suite.
[----------] 1 test from HvfExecutor
[ RUN      ] HvfExecutor.NativeIntelCancellationAndCompletionFailureAllowRetry
[       OK ] HvfExecutor.NativeIntelCancellationAndCompletionFailureAllowRetry (420 ms)
[----------] 1 test from HvfExecutor (420 ms total)

[==========] 1 test from 1 test suite ran. (420 ms total)
[  PASSED  ] 1 test.

Repeating all tests (iteration 108) . . .

Note: Google Test filter = HvfExecutor.Native*
[==========] Running 1 test from 1 test suite.
[----------] 1 test from HvfExecutor
[ RUN      ] HvfExecutor.NativeIntelCancellationAndCompletionFailureAllowRetry
[       OK ] HvfExecutor.NativeIntelCancellationAndCompletionFailureAllowRetry (327 ms)
[----------] 1 test from HvfExecutor (327 ms total)

[==========] 1 test from 1 test suite ran. (327 ms total)
[  PASSED  ] 1 test.

Repeating all tests (iteration 109) . . .

Note: Google Test filter = HvfExecutor.Native*
[==========] Running 1 test from 1 test suite.
[----------] 1 test from HvfExecutor
[ RUN      ] HvfExecutor.NativeIntelCancellationAndCompletionFailureAllowRetry
[       OK ] HvfExecutor.NativeIntelCancellationAndCompletionFailureAllowRetry (357 ms)
[----------] 1 test from HvfExecutor (357 ms total)

[==========] 1 test from 1 test suite ran. (357 ms total)
[  PASSED  ] 1 test.

Repeating all tests (iteration 110) . . .

Note: Google Test filter = HvfExecutor.Native*
[==========] Running 1 test from 1 test suite.
[----------] 1 test from HvfExecutor
[ RUN      ] HvfExecutor.NativeIntelCancellationAndCompletionFailureAllowRetry
[       OK ] HvfExecutor.NativeIntelCancellationAndCompletionFailureAllowRetry (313 ms)
[----------] 1 test from HvfExecutor (313 ms total)

[==========] 1 test from 1 test suite ran. (313 ms total)
[  PASSED  ] 1 test.

Repeating all tests (iteration 111) . . .

Note: Google Test filter = HvfExecutor.Native*
[==========] Running 1 test from 1 test suite.
[----------] 1 test from HvfExecutor
[ RUN      ] HvfExecutor.NativeIntelCancellationAndCompletionFailureAllowRetry
[       OK ] HvfExecutor.NativeIntelCancellationAndCompletionFailureAllowRetry (284 ms)
[----------] 1 test from HvfExecutor (285 ms total)

[==========] 1 test from 1 test suite ran. (285 ms total)
[  PASSED  ] 1 test.

Repeating all tests (iteration 112) . . .

Note: Google Test filter = HvfExecutor.Native*
[==========] Running 1 test from 1 test suite.
[----------] 1 test from HvfExecutor
[ RUN      ] HvfExecutor.NativeIntelCancellationAndCompletionFailureAllowRetry
[       OK ] HvfExecutor.NativeIntelCancellationAndCompletionFailureAllowRetry (289 ms)
[----------] 1 test from HvfExecutor (289 ms total)

[==========] 1 test from 1 test suite ran. (289 ms total)
[  PASSED  ] 1 test.

Repeating all tests (iteration 113) . . .

Note: Google Test filter = HvfExecutor.Native*
[==========] Running 1 test from 1 test suite.
[----------] 1 test from HvfExecutor
[ RUN      ] HvfExecutor.NativeIntelCancellationAndCompletionFailureAllowRetry
[       OK ] HvfExecutor.NativeIntelCancellationAndCompletionFailureAllowRetry (281 ms)
[----------] 1 test from HvfExecutor (281 ms total)

[==========] 1 test from 1 test suite ran. (281 ms total)
[  PASSED  ] 1 test.

Repeating all tests (iteration 114) . . .

Note: Google Test filter = HvfExecutor.Native*
[==========] Running 1 test from 1 test suite.
[----------] 1 test from HvfExecutor
[ RUN      ] HvfExecutor.NativeIntelCancellationAndCompletionFailureAllowRetry
[       OK ] HvfExecutor.NativeIntelCancellationAndCompletionFailureAllowRetry (174 ms)
[----------] 1 test from HvfExecutor (174 ms total)

[==========] 1 test from 1 test suite ran. (175 ms total)
[  PASSED  ] 1 test.

Repeating all tests (iteration 115) . . .

Note: Google Test filter = HvfExecutor.Native*
[==========] Running 1 test from 1 test suite.
[----------] 1 test from HvfExecutor
[ RUN      ] HvfExecutor.NativeIntelCancellationAndCompletionFailureAllowRetry
[       OK ] HvfExecutor.NativeIntelCancellationAndCompletionFailureAllowRetry (294 ms)
[----------] 1 test from HvfExecutor (295 ms total)

[==========] 1 test from 1 test suite ran. (295 ms total)
[  PASSED  ] 1 test.

Repeating all tests (iteration 116) . . .

Note: Google Test filter = HvfExecutor.Native*
[==========] Running 1 test from 1 test suite.
[----------] 1 test from HvfExecutor
[ RUN      ] HvfExecutor.NativeIntelCancellationAndCompletionFailureAllowRetry
[       OK ] HvfExecutor.NativeIntelCancellationAndCompletionFailureAllowRetry (212 ms)
[----------] 1 test from HvfExecutor (212 ms total)

[==========] 1 test from 1 test suite ran. (212 ms total)
[  PASSED  ] 1 test.

Repeating all tests (iteration 117) . . .

Note: Google Test filter = HvfExecutor.Native*
[==========] Running 1 test from 1 test suite.
[----------] 1 test from HvfExecutor
[ RUN      ] HvfExecutor.NativeIntelCancellationAndCompletionFailureAllowRetry
[       OK ] HvfExecutor.NativeIntelCancellationAndCompletionFailureAllowRetry (294 ms)
[----------] 1 test from HvfExecutor (294 ms total)

[==========] 1 test from 1 test suite ran. (294 ms total)
[  PASSED  ] 1 test.

Repeating all tests (iteration 118) . . .

Note: Google Test filter = HvfExecutor.Native*
[==========] Running 1 test from 1 test suite.
[----------] 1 test from HvfExecutor
[ RUN      ] HvfExecutor.NativeIntelCancellationAndCompletionFailureAllowRetry
[       OK ] HvfExecutor.NativeIntelCancellationAndCompletionFailureAllowRetry (251 ms)
[----------] 1 test from HvfExecutor (251 ms total)

[==========] 1 test from 1 test suite ran. (251 ms total)
[  PASSED  ] 1 test.

Repeating all tests (iteration 119) . . .

Note: Google Test filter = HvfExecutor.Native*
[==========] Running 1 test from 1 test suite.
[----------] 1 test from HvfExecutor
[ RUN      ] HvfExecutor.NativeIntelCancellationAndCompletionFailureAllowRetry
[       OK ] HvfExecutor.NativeIntelCancellationAndCompletionFailureAllowRetry (243 ms)
[----------] 1 test from HvfExecutor (244 ms total)

[==========] 1 test from 1 test suite ran. (244 ms total)
[  PASSED  ] 1 test.

Repeating all tests (iteration 120) . . .

Note: Google Test filter = HvfExecutor.Native*
[==========] Running 1 test from 1 test suite.
[----------] 1 test from HvfExecutor
[ RUN      ] HvfExecutor.NativeIntelCancellationAndCompletionFailureAllowRetry
[       OK ] HvfExecutor.NativeIntelCancellationAndCompletionFailureAllowRetry (281 ms)
[----------] 1 test from HvfExecutor (281 ms total)

[==========] 1 test from 1 test suite ran. (281 ms total)
[  PASSED  ] 1 test.

Repeating all tests (iteration 121) . . .

Note: Google Test filter = HvfExecutor.Native*
[==========] Running 1 test from 1 test suite.
[----------] 1 test from HvfExecutor
[ RUN      ] HvfExecutor.NativeIntelCancellationAndCompletionFailureAllowRetry
[       OK ] HvfExecutor.NativeIntelCancellationAndCompletionFailureAllowRetry (243 ms)
[----------] 1 test from HvfExecutor (243 ms total)

[==========] 1 test from 1 test suite ran. (243 ms total)
[  PASSED  ] 1 test.

Repeating all tests (iteration 122) . . .

Note: Google Test filter = HvfExecutor.Native*
[==========] Running 1 test from 1 test suite.
[----------] 1 test from HvfExecutor
[ RUN      ] HvfExecutor.NativeIntelCancellationAndCompletionFailureAllowRetry
[       OK ] HvfExecutor.NativeIntelCancellationAndCompletionFailureAllowRetry (241 ms)
[----------] 1 test from HvfExecutor (241 ms total)

[==========] 1 test from 1 test suite ran. (241 ms total)
[  PASSED  ] 1 test.

Repeating all tests (iteration 123) . . .

Note: Google Test filter = HvfExecutor.Native*
[==========] Running 1 test from 1 test suite.
[----------] 1 test from HvfExecutor
[ RUN      ] HvfExecutor.NativeIntelCancellationAndCompletionFailureAllowRetry
[       OK ] HvfExecutor.NativeIntelCancellationAndCompletionFailureAllowRetry (275 ms)
[----------] 1 test from HvfExecutor (275 ms total)

[==========] 1 test from 1 test suite ran. (275 ms total)
[  PASSED  ] 1 test.

Repeating all tests (iteration 124) . . .

Note: Google Test filter = HvfExecutor.Native*
[==========] Running 1 test from 1 test suite.
[----------] 1 test from HvfExecutor
[ RUN      ] HvfExecutor.NativeIntelCancellationAndCompletionFailureAllowRetry
[       OK ] HvfExecutor.NativeIntelCancellationAndCompletionFailureAllowRetry (356 ms)
[----------] 1 test from HvfExecutor (356 ms total)

[==========] 1 test from 1 test suite ran. (356 ms total)
[  PASSED  ] 1 test.

Repeating all tests (iteration 125) . . .

Note: Google Test filter = HvfExecutor.Native*
[==========] Running 1 test from 1 test suite.
[----------] 1 test from HvfExecutor
[ RUN      ] HvfExecutor.NativeIntelCancellationAndCompletionFailureAllowRetry
[       OK ] HvfExecutor.NativeIntelCancellationAndCompletionFailureAllowRetry (241 ms)
[----------] 1 test from HvfExecutor (242 ms total)

[==========] 1 test from 1 test suite ran. (242 ms total)
[  PASSED  ] 1 test.

Repeating all tests (iteration 126) . . .

Note: Google Test filter = HvfExecutor.Native*
[==========] Running 1 test from 1 test suite.
[----------] 1 test from HvfExecutor
[ RUN      ] HvfExecutor.NativeIntelCancellationAndCompletionFailureAllowRetry
[       OK ] HvfExecutor.NativeIntelCancellationAndCompletionFailureAllowRetry (363 ms)
[----------] 1 test from HvfExecutor (363 ms total)

[==========] 1 test from 1 test suite ran. (363 ms total)
[  PASSED  ] 1 test.

Repeating all tests (iteration 127) . . .

Note: Google Test filter = HvfExecutor.Native*
[==========] Running 1 test from 1 test suite.
[----------] 1 test from HvfExecutor
[ RUN      ] HvfExecutor.NativeIntelCancellationAndCompletionFailureAllowRetry
[       OK ] HvfExecutor.NativeIntelCancellationAndCompletionFailureAllowRetry (354 ms)
[----------] 1 test from HvfExecutor (354 ms total)

[==========] 1 test from 1 test suite ran. (354 ms total)
[  PASSED  ] 1 test.

Repeating all tests (iteration 128) . . .

Note: Google Test filter = HvfExecutor.Native*
[==========] Running 1 test from 1 test suite.
[----------] 1 test from HvfExecutor
[ RUN      ] HvfExecutor.NativeIntelCancellationAndCompletionFailureAllowRetry
[       OK ] HvfExecutor.NativeIntelCancellationAndCompletionFailureAllowRetry (210 ms)
[----------] 1 test from HvfExecutor (210 ms total)

[==========] 1 test from 1 test suite ran. (210 ms total)
[  PASSED  ] 1 test.

Repeating all tests (iteration 129) . . .

Note: Google Test filter = HvfExecutor.Native*
[==========] Running 1 test from 1 test suite.
[----------] 1 test from HvfExecutor
[ RUN      ] HvfExecutor.NativeIntelCancellationAndCompletionFailureAllowRetry
[       OK ] HvfExecutor.NativeIntelCancellationAndCompletionFailureAllowRetry (399 ms)
[----------] 1 test from HvfExecutor (399 ms total)

[==========] 1 test from 1 test suite ran. (399 ms total)
[  PASSED  ] 1 test.

Repeating all tests (iteration 130) . . .

Note: Google Test filter = HvfExecutor.Native*
[==========] Running 1 test from 1 test suite.
[----------] 1 test from HvfExecutor
[ RUN      ] HvfExecutor.NativeIntelCancellationAndCompletionFailureAllowRetry
[       OK ] HvfExecutor.NativeIntelCancellationAndCompletionFailureAllowRetry (290 ms)
[----------] 1 test from HvfExecutor (290 ms total)

[==========] 1 test from 1 test suite ran. (290 ms total)
[  PASSED  ] 1 test.

Repeating all tests (iteration 131) . . .

Note: Google Test filter = HvfExecutor.Native*
[==========] Running 1 test from 1 test suite.
[----------] 1 test from HvfExecutor
[ RUN      ] HvfExecutor.NativeIntelCancellationAndCompletionFailureAllowRetry
[       OK ] HvfExecutor.NativeIntelCancellationAndCompletionFailureAllowRetry (386 ms)
[----------] 1 test from HvfExecutor (386 ms total)

[==========] 1 test from 1 test suite ran. (386 ms total)
[  PASSED  ] 1 test.

Repeating all tests (iteration 132) . . .

Note: Google Test filter = HvfExecutor.Native*
[==========] Running 1 test from 1 test suite.
[----------] 1 test from HvfExecutor
[ RUN      ] HvfExecutor.NativeIntelCancellationAndCompletionFailureAllowRetry
[       OK ] HvfExecutor.NativeIntelCancellationAndCompletionFailureAllowRetry (389 ms)
[----------] 1 test from HvfExecutor (389 ms total)

[==========] 1 test from 1 test suite ran. (389 ms total)
[  PASSED  ] 1 test.

Repeating all tests (iteration 133) . . .

Note: Google Test filter = HvfExecutor.Native*
[==========] Running 1 test from 1 test suite.
[----------] 1 test from HvfExecutor
[ RUN      ] HvfExecutor.NativeIntelCancellationAndCompletionFailureAllowRetry
[       OK ] HvfExecutor.NativeIntelCancellationAndCompletionFailureAllowRetry (286 ms)
[----------] 1 test from HvfExecutor (286 ms total)

[==========] 1 test from 1 test suite ran. (286 ms total)
[  PASSED  ] 1 test.

Repeating all tests (iteration 134) . . .

Note: Google Test filter = HvfExecutor.Native*
[==========] Running 1 test from 1 test suite.
[----------] 1 test from HvfExecutor
[ RUN      ] HvfExecutor.NativeIntelCancellationAndCompletionFailureAllowRetry
[       OK ] HvfExecutor.NativeIntelCancellationAndCompletionFailureAllowRetry (134 ms)
[----------] 1 test from HvfExecutor (134 ms total)

[==========] 1 test from 1 test suite ran. (134 ms total)
[  PASSED  ] 1 test.

Repeating all tests (iteration 135) . . .

Note: Google Test filter = HvfExecutor.Native*
[==========] Running 1 test from 1 test suite.
[----------] 1 test from HvfExecutor
[ RUN      ] HvfExecutor.NativeIntelCancellationAndCompletionFailureAllowRetry
[       OK ] HvfExecutor.NativeIntelCancellationAndCompletionFailureAllowRetry (189 ms)
[----------] 1 test from HvfExecutor (189 ms total)

[==========] 1 test from 1 test suite ran. (189 ms total)
[  PASSED  ] 1 test.

Repeating all tests (iteration 136) . . .

Note: Google Test filter = HvfExecutor.Native*
[==========] Running 1 test from 1 test suite.
[----------] 1 test from HvfExecutor
[ RUN      ] HvfExecutor.NativeIntelCancellationAndCompletionFailureAllowRetry
[       OK ] HvfExecutor.NativeIntelCancellationAndCompletionFailureAllowRetry (315 ms)
[----------] 1 test from HvfExecutor (315 ms total)

[==========] 1 test from 1 test suite ran. (315 ms total)
[  PASSED  ] 1 test.

Repeating all tests (iteration 137) . . .

Note: Google Test filter = HvfExecutor.Native*
[==========] Running 1 test from 1 test suite.
[----------] 1 test from HvfExecutor
[ RUN      ] HvfExecutor.NativeIntelCancellationAndCompletionFailureAllowRetry
[       OK ] HvfExecutor.NativeIntelCancellationAndCompletionFailureAllowRetry (249 ms)
[----------] 1 test from HvfExecutor (249 ms total)

[==========] 1 test from 1 test suite ran. (249 ms total)
[  PASSED  ] 1 test.

Repeating all tests (iteration 138) . . .

Note: Google Test filter = HvfExecutor.Native*
[==========] Running 1 test from 1 test suite.
[----------] 1 test from HvfExecutor
[ RUN      ] HvfExecutor.NativeIntelCancellationAndCompletionFailureAllowRetry
[       OK ] HvfExecutor.NativeIntelCancellationAndCompletionFailureAllowRetry (118 ms)
[----------] 1 test from HvfExecutor (118 ms total)

[==========] 1 test from 1 test suite ran. (118 ms total)
[  PASSED  ] 1 test.

Repeating all tests (iteration 139) . . .

Note: Google Test filter = HvfExecutor.Native*
[==========] Running 1 test from 1 test suite.
[----------] 1 test from HvfExecutor
[ RUN      ] HvfExecutor.NativeIntelCancellationAndCompletionFailureAllowRetry
[       OK ] HvfExecutor.NativeIntelCancellationAndCompletionFailureAllowRetry (238 ms)
[----------] 1 test from HvfExecutor (238 ms total)

[==========] 1 test from 1 test suite ran. (238 ms total)
[  PASSED  ] 1 test.

Repeating all tests (iteration 140) . . .

Note: Google Test filter = HvfExecutor.Native*
[==========] Running 1 test from 1 test suite.
[----------] 1 test from HvfExecutor
[ RUN      ] HvfExecutor.NativeIntelCancellationAndCompletionFailureAllowRetry
[       OK ] HvfExecutor.NativeIntelCancellationAndCompletionFailureAllowRetry (296 ms)
[----------] 1 test from HvfExecutor (296 ms total)

[==========] 1 test from 1 test suite ran. (296 ms total)
[  PASSED  ] 1 test.

Repeating all tests (iteration 141) . . .

Note: Google Test filter = HvfExecutor.Native*
[==========] Running 1 test from 1 test suite.
[----------] 1 test from HvfExecutor
[ RUN      ] HvfExecutor.NativeIntelCancellationAndCompletionFailureAllowRetry
[       OK ] HvfExecutor.NativeIntelCancellationAndCompletionFailureAllowRetry (177 ms)
[----------] 1 test from HvfExecutor (177 ms total)

[==========] 1 test from 1 test suite ran. (177 ms total)
[  PASSED  ] 1 test.

Repeating all tests (iteration 142) . . .

Note: Google Test filter = HvfExecutor.Native*
[==========] Running 1 test from 1 test suite.
[----------] 1 test from HvfExecutor
[ RUN      ] HvfExecutor.NativeIntelCancellationAndCompletionFailureAllowRetry
[       OK ] HvfExecutor.NativeIntelCancellationAndCompletionFailureAllowRetry (158 ms)
[----------] 1 test from HvfExecutor (158 ms total)

[==========] 1 test from 1 test suite ran. (158 ms total)
[  PASSED  ] 1 test.

Repeating all tests (iteration 143) . . .

Note: Google Test filter = HvfExecutor.Native*
[==========] Running 1 test from 1 test suite.
[----------] 1 test from HvfExecutor
[ RUN      ] HvfExecutor.NativeIntelCancellationAndCompletionFailureAllowRetry
[       OK ] HvfExecutor.NativeIntelCancellationAndCompletionFailureAllowRetry (169 ms)
[----------] 1 test from HvfExecutor (169 ms total)

[==========] 1 test from 1 test suite ran. (169 ms total)
[  PASSED  ] 1 test.

Repeating all tests (iteration 144) . . .

Note: Google Test filter = HvfExecutor.Native*
[==========] Running 1 test from 1 test suite.
[----------] 1 test from HvfExecutor
[ RUN      ] HvfExecutor.NativeIntelCancellationAndCompletionFailureAllowRetry
[       OK ] HvfExecutor.NativeIntelCancellationAndCompletionFailureAllowRetry (151 ms)
[----------] 1 test from HvfExecutor (151 ms total)

[==========] 1 test from 1 test suite ran. (151 ms total)
[  PASSED  ] 1 test.

Repeating all tests (iteration 145) . . .

Note: Google Test filter = HvfExecutor.Native*
[==========] Running 1 test from 1 test suite.
[----------] 1 test from HvfExecutor
[ RUN      ] HvfExecutor.NativeIntelCancellationAndCompletionFailureAllowRetry
[       OK ] HvfExecutor.NativeIntelCancellationAndCompletionFailureAllowRetry (136 ms)
[----------] 1 test from HvfExecutor (136 ms total)

[==========] 1 test from 1 test suite ran. (136 ms total)
[  PASSED  ] 1 test.

Repeating all tests (iteration 146) . . .

Note: Google Test filter = HvfExecutor.Native*
[==========] Running 1 test from 1 test suite.
[----------] 1 test from HvfExecutor
[ RUN      ] HvfExecutor.NativeIntelCancellationAndCompletionFailureAllowRetry
[       OK ] HvfExecutor.NativeIntelCancellationAndCompletionFailureAllowRetry (244 ms)
[----------] 1 test from HvfExecutor (244 ms total)

[==========] 1 test from 1 test suite ran. (244 ms total)
[  PASSED  ] 1 test.

Repeating all tests (iteration 147) . . .

Note: Google Test filter = HvfExecutor.Native*
[==========] Running 1 test from 1 test suite.
[----------] 1 test from HvfExecutor
[ RUN      ] HvfExecutor.NativeIntelCancellationAndCompletionFailureAllowRetry
[       OK ] HvfExecutor.NativeIntelCancellationAndCompletionFailureAllowRetry (161 ms)
[----------] 1 test from HvfExecutor (161 ms total)

[==========] 1 test from 1 test suite ran. (161 ms total)
[  PASSED  ] 1 test.

Repeating all tests (iteration 148) . . .

Note: Google Test filter = HvfExecutor.Native*
[==========] Running 1 test from 1 test suite.
[----------] 1 test from HvfExecutor
[ RUN      ] HvfExecutor.NativeIntelCancellationAndCompletionFailureAllowRetry
[       OK ] HvfExecutor.NativeIntelCancellationAndCompletionFailureAllowRetry (255 ms)
[----------] 1 test from HvfExecutor (255 ms total)

[==========] 1 test from 1 test suite ran. (255 ms total)
[  PASSED  ] 1 test.

Repeating all tests (iteration 149) . . .

Note: Google Test filter = HvfExecutor.Native*
[==========] Running 1 test from 1 test suite.
[----------] 1 test from HvfExecutor
[ RUN      ] HvfExecutor.NativeIntelCancellationAndCompletionFailureAllowRetry
[       OK ] HvfExecutor.NativeIntelCancellationAndCompletionFailureAllowRetry (127 ms)
[----------] 1 test from HvfExecutor (127 ms total)

[==========] 1 test from 1 test suite ran. (127 ms total)
[  PASSED  ] 1 test.

Repeating all tests (iteration 150) . . .

Note: Google Test filter = HvfExecutor.Native*
[==========] Running 1 test from 1 test suite.
[----------] 1 test from HvfExecutor
[ RUN      ] HvfExecutor.NativeIntelCancellationAndCompletionFailureAllowRetry
[       OK ] HvfExecutor.NativeIntelCancellationAndCompletionFailureAllowRetry (215 ms)
[----------] 1 test from HvfExecutor (215 ms total)

[==========] 1 test from 1 test suite ran. (217 ms total)
[  PASSED  ] 1 test.

Repeating all tests (iteration 151) . . .

Note: Google Test filter = HvfExecutor.Native*
[==========] Running 1 test from 1 test suite.
[----------] 1 test from HvfExecutor
[ RUN      ] HvfExecutor.NativeIntelCancellationAndCompletionFailureAllowRetry
[       OK ] HvfExecutor.NativeIntelCancellationAndCompletionFailureAllowRetry (370 ms)
[----------] 1 test from HvfExecutor (370 ms total)

[==========] 1 test from 1 test suite ran. (370 ms total)
[  PASSED  ] 1 test.

Repeating all tests (iteration 152) . . .

Note: Google Test filter = HvfExecutor.Native*
[==========] Running 1 test from 1 test suite.
[----------] 1 test from HvfExecutor
[ RUN      ] HvfExecutor.NativeIntelCancellationAndCompletionFailureAllowRetry
[       OK ] HvfExecutor.NativeIntelCancellationAndCompletionFailureAllowRetry (150 ms)
[----------] 1 test from HvfExecutor (150 ms total)

[==========] 1 test from 1 test suite ran. (151 ms total)
[  PASSED  ] 1 test.

Repeating all tests (iteration 153) . . .

Note: Google Test filter = HvfExecutor.Native*
[==========] Running 1 test from 1 test suite.
[----------] 1 test from HvfExecutor
[ RUN      ] HvfExecutor.NativeIntelCancellationAndCompletionFailureAllowRetry
[       OK ] HvfExecutor.NativeIntelCancellationAndCompletionFailureAllowRetry (428 ms)
[----------] 1 test from HvfExecutor (428 ms total)

[==========] 1 test from 1 test suite ran. (428 ms total)
[  PASSED  ] 1 test.

Repeating all tests (iteration 154) . . .

Note: Google Test filter = HvfExecutor.Native*
[==========] Running 1 test from 1 test suite.
[----------] 1 test from HvfExecutor
[ RUN      ] HvfExecutor.NativeIntelCancellationAndCompletionFailureAllowRetry
[       OK ] HvfExecutor.NativeIntelCancellationAndCompletionFailureAllowRetry (224 ms)
[----------] 1 test from HvfExecutor (224 ms total)

[==========] 1 test from 1 test suite ran. (224 ms total)
[  PASSED  ] 1 test.

Repeating all tests (iteration 155) . . .

Note: Google Test filter = HvfExecutor.Native*
[==========] Running 1 test from 1 test suite.
[----------] 1 test from HvfExecutor
[ RUN      ] HvfExecutor.NativeIntelCancellationAndCompletionFailureAllowRetry
[       OK ] HvfExecutor.NativeIntelCancellationAndCompletionFailureAllowRetry (333 ms)
[----------] 1 test from HvfExecutor (333 ms total)

[==========] 1 test from 1 test suite ran. (333 ms total)
[  PASSED  ] 1 test.

Repeating all tests (iteration 156) . . .

Note: Google Test filter = HvfExecutor.Native*
[==========] Running 1 test from 1 test suite.
[----------] 1 test from HvfExecutor
[ RUN      ] HvfExecutor.NativeIntelCancellationAndCompletionFailureAllowRetry
[       OK ] HvfExecutor.NativeIntelCancellationAndCompletionFailureAllowRetry (328 ms)
[----------] 1 test from HvfExecutor (328 ms total)

[==========] 1 test from 1 test suite ran. (328 ms total)
[  PASSED  ] 1 test.

Repeating all tests (iteration 157) . . .

Note: Google Test filter = HvfExecutor.Native*
[==========] Running 1 test from 1 test suite.
[----------] 1 test from HvfExecutor
[ RUN      ] HvfExecutor.NativeIntelCancellationAndCompletionFailureAllowRetry
[       OK ] HvfExecutor.NativeIntelCancellationAndCompletionFailureAllowRetry (276 ms)
[----------] 1 test from HvfExecutor (276 ms total)

[==========] 1 test from 1 test suite ran. (276 ms total)
[  PASSED  ] 1 test.

Repeating all tests (iteration 158) . . .

Note: Google Test filter = HvfExecutor.Native*
[==========] Running 1 test from 1 test suite.
[----------] 1 test from HvfExecutor
[ RUN      ] HvfExecutor.NativeIntelCancellationAndCompletionFailureAllowRetry
[       OK ] HvfExecutor.NativeIntelCancellationAndCompletionFailureAllowRetry (456 ms)
[----------] 1 test from HvfExecutor (457 ms total)

[==========] 1 test from 1 test suite ran. (457 ms total)
[  PASSED  ] 1 test.

Repeating all tests (iteration 159) . . .

Note: Google Test filter = HvfExecutor.Native*
[==========] Running 1 test from 1 test suite.
[----------] 1 test from HvfExecutor
[ RUN      ] HvfExecutor.NativeIntelCancellationAndCompletionFailureAllowRetry
[       OK ] HvfExecutor.NativeIntelCancellationAndCompletionFailureAllowRetry (193 ms)
[----------] 1 test from HvfExecutor (193 ms total)

[==========] 1 test from 1 test suite ran. (193 ms total)
[  PASSED  ] 1 test.

Repeating all tests (iteration 160) . . .

Note: Google Test filter = HvfExecutor.Native*
[==========] Running 1 test from 1 test suite.
[----------] 1 test from HvfExecutor
[ RUN      ] HvfExecutor.NativeIntelCancellationAndCompletionFailureAllowRetry
[       OK ] HvfExecutor.NativeIntelCancellationAndCompletionFailureAllowRetry (344 ms)
[----------] 1 test from HvfExecutor (344 ms total)

[==========] 1 test from 1 test suite ran. (344 ms total)
[  PASSED  ] 1 test.

Repeating all tests (iteration 161) . . .

Note: Google Test filter = HvfExecutor.Native*
[==========] Running 1 test from 1 test suite.
[----------] 1 test from HvfExecutor
[ RUN      ] HvfExecutor.NativeIntelCancellationAndCompletionFailureAllowRetry
[       OK ] HvfExecutor.NativeIntelCancellationAndCompletionFailureAllowRetry (297 ms)
[----------] 1 test from HvfExecutor (297 ms total)

[==========] 1 test from 1 test suite ran. (297 ms total)
[  PASSED  ] 1 test.

Repeating all tests (iteration 162) . . .

Note: Google Test filter = HvfExecutor.Native*
[==========] Running 1 test from 1 test suite.
[----------] 1 test from HvfExecutor
[ RUN      ] HvfExecutor.NativeIntelCancellationAndCompletionFailureAllowRetry
[       OK ] HvfExecutor.NativeIntelCancellationAndCompletionFailureAllowRetry (232 ms)
[----------] 1 test from HvfExecutor (232 ms total)

[==========] 1 test from 1 test suite ran. (232 ms total)
[  PASSED  ] 1 test.

Repeating all tests (iteration 163) . . .

Note: Google Test filter = HvfExecutor.Native*
[==========] Running 1 test from 1 test suite.
[----------] 1 test from HvfExecutor
[ RUN      ] HvfExecutor.NativeIntelCancellationAndCompletionFailureAllowRetry
[       OK ] HvfExecutor.NativeIntelCancellationAndCompletionFailureAllowRetry (300 ms)
[----------] 1 test from HvfExecutor (300 ms total)

[==========] 1 test from 1 test suite ran. (300 ms total)
[  PASSED  ] 1 test.

Repeating all tests (iteration 164) . . .

Note: Google Test filter = HvfExecutor.Native*
[==========] Running 1 test from 1 test suite.
[----------] 1 test from HvfExecutor
[ RUN      ] HvfExecutor.NativeIntelCancellationAndCompletionFailureAllowRetry
[       OK ] HvfExecutor.NativeIntelCancellationAndCompletionFailureAllowRetry (271 ms)
[----------] 1 test from HvfExecutor (271 ms total)

[==========] 1 test from 1 test suite ran. (271 ms total)
[  PASSED  ] 1 test.

Repeating all tests (iteration 165) . . .

Note: Google Test filter = HvfExecutor.Native*
[==========] Running 1 test from 1 test suite.
[----------] 1 test from HvfExecutor
[ RUN      ] HvfExecutor.NativeIntelCancellationAndCompletionFailureAllowRetry
[       OK ] HvfExecutor.NativeIntelCancellationAndCompletionFailureAllowRetry (126 ms)
[----------] 1 test from HvfExecutor (126 ms total)

[==========] 1 test from 1 test suite ran. (126 ms total)
[  PASSED  ] 1 test.

Repeating all tests (iteration 166) . . .

Note: Google Test filter = HvfExecutor.Native*
[==========] Running 1 test from 1 test suite.
[----------] 1 test from HvfExecutor
[ RUN      ] HvfExecutor.NativeIntelCancellationAndCompletionFailureAllowRetry
[       OK ] HvfExecutor.NativeIntelCancellationAndCompletionFailureAllowRetry (306 ms)
[----------] 1 test from HvfExecutor (306 ms total)

[==========] 1 test from 1 test suite ran. (306 ms total)
[  PASSED  ] 1 test.

Repeating all tests (iteration 167) . . .

Note: Google Test filter = HvfExecutor.Native*
[==========] Running 1 test from 1 test suite.
[----------] 1 test from HvfExecutor
[ RUN      ] HvfExecutor.NativeIntelCancellationAndCompletionFailureAllowRetry
[       OK ] HvfExecutor.NativeIntelCancellationAndCompletionFailureAllowRetry (359 ms)
[----------] 1 test from HvfExecutor (359 ms total)

[==========] 1 test from 1 test suite ran. (359 ms total)
[  PASSED  ] 1 test.

Repeating all tests (iteration 168) . . .

Note: Google Test filter = HvfExecutor.Native*
[==========] Running 1 test from 1 test suite.
[----------] 1 test from HvfExecutor
[ RUN      ] HvfExecutor.NativeIntelCancellationAndCompletionFailureAllowRetry
[       OK ] HvfExecutor.NativeIntelCancellationAndCompletionFailureAllowRetry (208 ms)
[----------] 1 test from HvfExecutor (208 ms total)

[==========] 1 test from 1 test suite ran. (209 ms total)
[  PASSED  ] 1 test.

Repeating all tests (iteration 169) . . .

Note: Google Test filter = HvfExecutor.Native*
[==========] Running 1 test from 1 test suite.
[----------] 1 test from HvfExecutor
[ RUN      ] HvfExecutor.NativeIntelCancellationAndCompletionFailureAllowRetry
[       OK ] HvfExecutor.NativeIntelCancellationAndCompletionFailureAllowRetry (164 ms)
[----------] 1 test from HvfExecutor (164 ms total)

[==========] 1 test from 1 test suite ran. (165 ms total)
[  PASSED  ] 1 test.

Repeating all tests (iteration 170) . . .

Note: Google Test filter = HvfExecutor.Native*
[==========] Running 1 test from 1 test suite.
[----------] 1 test from HvfExecutor
[ RUN      ] HvfExecutor.NativeIntelCancellationAndCompletionFailureAllowRetry
[       OK ] HvfExecutor.NativeIntelCancellationAndCompletionFailureAllowRetry (193 ms)
[----------] 1 test from HvfExecutor (193 ms total)

[==========] 1 test from 1 test suite ran. (193 ms total)
[  PASSED  ] 1 test.

Repeating all tests (iteration 171) . . .

Note: Google Test filter = HvfExecutor.Native*
[==========] Running 1 test from 1 test suite.
[----------] 1 test from HvfExecutor
[ RUN      ] HvfExecutor.NativeIntelCancellationAndCompletionFailureAllowRetry
[       OK ] HvfExecutor.NativeIntelCancellationAndCompletionFailureAllowRetry (137 ms)
[----------] 1 test from HvfExecutor (137 ms total)

[==========] 1 test from 1 test suite ran. (138 ms total)
[  PASSED  ] 1 test.

Repeating all tests (iteration 172) . . .

Note: Google Test filter = HvfExecutor.Native*
[==========] Running 1 test from 1 test suite.
[----------] 1 test from HvfExecutor
[ RUN      ] HvfExecutor.NativeIntelCancellationAndCompletionFailureAllowRetry
[       OK ] HvfExecutor.NativeIntelCancellationAndCompletionFailureAllowRetry (258 ms)
[----------] 1 test from HvfExecutor (258 ms total)

[==========] 1 test from 1 test suite ran. (258 ms total)
[  PASSED  ] 1 test.

Repeating all tests (iteration 173) . . .

Note: Google Test filter = HvfExecutor.Native*
[==========] Running 1 test from 1 test suite.
[----------] 1 test from HvfExecutor
[ RUN      ] HvfExecutor.NativeIntelCancellationAndCompletionFailureAllowRetry
[       OK ] HvfExecutor.NativeIntelCancellationAndCompletionFailureAllowRetry (135 ms)
[----------] 1 test from HvfExecutor (135 ms total)

[==========] 1 test from 1 test suite ran. (135 ms total)
[  PASSED  ] 1 test.

Repeating all tests (iteration 174) . . .

Note: Google Test filter = HvfExecutor.Native*
[==========] Running 1 test from 1 test suite.
[----------] 1 test from HvfExecutor
[ RUN      ] HvfExecutor.NativeIntelCancellationAndCompletionFailureAllowRetry
[       OK ] HvfExecutor.NativeIntelCancellationAndCompletionFailureAllowRetry (275 ms)
[----------] 1 test from HvfExecutor (275 ms total)

[==========] 1 test from 1 test suite ran. (275 ms total)
[  PASSED  ] 1 test.

Repeating all tests (iteration 175) . . .

Note: Google Test filter = HvfExecutor.Native*
[==========] Running 1 test from 1 test suite.
[----------] 1 test from HvfExecutor
[ RUN      ] HvfExecutor.NativeIntelCancellationAndCompletionFailureAllowRetry
[       OK ] HvfExecutor.NativeIntelCancellationAndCompletionFailureAllowRetry (225 ms)
[----------] 1 test from HvfExecutor (225 ms total)

[==========] 1 test from 1 test suite ran. (225 ms total)
[  PASSED  ] 1 test.

Repeating all tests (iteration 176) . . .

Note: Google Test filter = HvfExecutor.Native*
[==========] Running 1 test from 1 test suite.
[----------] 1 test from HvfExecutor
[ RUN      ] HvfExecutor.NativeIntelCancellationAndCompletionFailureAllowRetry
[       OK ] HvfExecutor.NativeIntelCancellationAndCompletionFailureAllowRetry (256 ms)
[----------] 1 test from HvfExecutor (257 ms total)

[==========] 1 test from 1 test suite ran. (257 ms total)
[  PASSED  ] 1 test.

Repeating all tests (iteration 177) . . .

Note: Google Test filter = HvfExecutor.Native*
[==========] Running 1 test from 1 test suite.
[----------] 1 test from HvfExecutor
[ RUN      ] HvfExecutor.NativeIntelCancellationAndCompletionFailureAllowRetry
[       OK ] HvfExecutor.NativeIntelCancellationAndCompletionFailureAllowRetry (343 ms)
[----------] 1 test from HvfExecutor (343 ms total)

[==========] 1 test from 1 test suite ran. (343 ms total)
[  PASSED  ] 1 test.

Repeating all tests (iteration 178) . . .

Note: Google Test filter = HvfExecutor.Native*
[==========] Running 1 test from 1 test suite.
[----------] 1 test from HvfExecutor
[ RUN      ] HvfExecutor.NativeIntelCancellationAndCompletionFailureAllowRetry
[       OK ] HvfExecutor.NativeIntelCancellationAndCompletionFailureAllowRetry (214 ms)
[----------] 1 test from HvfExecutor (214 ms total)

[==========] 1 test from 1 test suite ran. (214 ms total)
[  PASSED  ] 1 test.

Repeating all tests (iteration 179) . . .

Note: Google Test filter = HvfExecutor.Native*
[==========] Running 1 test from 1 test suite.
[----------] 1 test from HvfExecutor
[ RUN      ] HvfExecutor.NativeIntelCancellationAndCompletionFailureAllowRetry
[       OK ] HvfExecutor.NativeIntelCancellationAndCompletionFailureAllowRetry (216 ms)
[----------] 1 test from HvfExecutor (216 ms total)

[==========] 1 test from 1 test suite ran. (216 ms total)
[  PASSED  ] 1 test.

Repeating all tests (iteration 180) . . .

Note: Google Test filter = HvfExecutor.Native*
[==========] Running 1 test from 1 test suite.
[----------] 1 test from HvfExecutor
[ RUN      ] HvfExecutor.NativeIntelCancellationAndCompletionFailureAllowRetry
[       OK ] HvfExecutor.NativeIntelCancellationAndCompletionFailureAllowRetry (242 ms)
[----------] 1 test from HvfExecutor (242 ms total)

[==========] 1 test from 1 test suite ran. (242 ms total)
[  PASSED  ] 1 test.

Repeating all tests (iteration 181) . . .

Note: Google Test filter = HvfExecutor.Native*
[==========] Running 1 test from 1 test suite.
[----------] 1 test from HvfExecutor
[ RUN      ] HvfExecutor.NativeIntelCancellationAndCompletionFailureAllowRetry
[       OK ] HvfExecutor.NativeIntelCancellationAndCompletionFailureAllowRetry (322 ms)
[----------] 1 test from HvfExecutor (322 ms total)

[==========] 1 test from 1 test suite ran. (322 ms total)
[  PASSED  ] 1 test.

Repeating all tests (iteration 182) . . .

Note: Google Test filter = HvfExecutor.Native*
[==========] Running 1 test from 1 test suite.
[----------] 1 test from HvfExecutor
[ RUN      ] HvfExecutor.NativeIntelCancellationAndCompletionFailureAllowRetry
[       OK ] HvfExecutor.NativeIntelCancellationAndCompletionFailureAllowRetry (165 ms)
[----------] 1 test from HvfExecutor (165 ms total)

[==========] 1 test from 1 test suite ran. (165 ms total)
[  PASSED  ] 1 test.

Repeating all tests (iteration 183) . . .

Note: Google Test filter = HvfExecutor.Native*
[==========] Running 1 test from 1 test suite.
[----------] 1 test from HvfExecutor
[ RUN      ] HvfExecutor.NativeIntelCancellationAndCompletionFailureAllowRetry
[       OK ] HvfExecutor.NativeIntelCancellationAndCompletionFailureAllowRetry (167 ms)
[----------] 1 test from HvfExecutor (167 ms total)

[==========] 1 test from 1 test suite ran. (167 ms total)
[  PASSED  ] 1 test.

Repeating all tests (iteration 184) . . .

Note: Google Test filter = HvfExecutor.Native*
[==========] Running 1 test from 1 test suite.
[----------] 1 test from HvfExecutor
[ RUN      ] HvfExecutor.NativeIntelCancellationAndCompletionFailureAllowRetry
[       OK ] HvfExecutor.NativeIntelCancellationAndCompletionFailureAllowRetry (236 ms)
[----------] 1 test from HvfExecutor (236 ms total)

[==========] 1 test from 1 test suite ran. (236 ms total)
[  PASSED  ] 1 test.

Repeating all tests (iteration 185) . . .

Note: Google Test filter = HvfExecutor.Native*
[==========] Running 1 test from 1 test suite.
[----------] 1 test from HvfExecutor
[ RUN      ] HvfExecutor.NativeIntelCancellationAndCompletionFailureAllowRetry
[       OK ] HvfExecutor.NativeIntelCancellationAndCompletionFailureAllowRetry (117 ms)
[----------] 1 test from HvfExecutor (117 ms total)

[==========] 1 test from 1 test suite ran. (117 ms total)
[  PASSED  ] 1 test.

Repeating all tests (iteration 186) . . .

Note: Google Test filter = HvfExecutor.Native*
[==========] Running 1 test from 1 test suite.
[----------] 1 test from HvfExecutor
[ RUN      ] HvfExecutor.NativeIntelCancellationAndCompletionFailureAllowRetry
[       OK ] HvfExecutor.NativeIntelCancellationAndCompletionFailureAllowRetry (178 ms)
[----------] 1 test from HvfExecutor (178 ms total)

[==========] 1 test from 1 test suite ran. (178 ms total)
[  PASSED  ] 1 test.

Repeating all tests (iteration 187) . . .

Note: Google Test filter = HvfExecutor.Native*
[==========] Running 1 test from 1 test suite.
[----------] 1 test from HvfExecutor
[ RUN      ] HvfExecutor.NativeIntelCancellationAndCompletionFailureAllowRetry
[       OK ] HvfExecutor.NativeIntelCancellationAndCompletionFailureAllowRetry (207 ms)
[----------] 1 test from HvfExecutor (207 ms total)

[==========] 1 test from 1 test suite ran. (207 ms total)
[  PASSED  ] 1 test.

Repeating all tests (iteration 188) . . .

Note: Google Test filter = HvfExecutor.Native*
[==========] Running 1 test from 1 test suite.
[----------] 1 test from HvfExecutor
[ RUN      ] HvfExecutor.NativeIntelCancellationAndCompletionFailureAllowRetry
[       OK ] HvfExecutor.NativeIntelCancellationAndCompletionFailureAllowRetry (268 ms)
[----------] 1 test from HvfExecutor (268 ms total)

[==========] 1 test from 1 test suite ran. (268 ms total)
[  PASSED  ] 1 test.

Repeating all tests (iteration 189) . . .

Note: Google Test filter = HvfExecutor.Native*
[==========] Running 1 test from 1 test suite.
[----------] 1 test from HvfExecutor
[ RUN      ] HvfExecutor.NativeIntelCancellationAndCompletionFailureAllowRetry
[       OK ] HvfExecutor.NativeIntelCancellationAndCompletionFailureAllowRetry (320 ms)
[----------] 1 test from HvfExecutor (320 ms total)

[==========] 1 test from 1 test suite ran. (320 ms total)
[  PASSED  ] 1 test.

Repeating all tests (iteration 190) . . .

Note: Google Test filter = HvfExecutor.Native*
[==========] Running 1 test from 1 test suite.
[----------] 1 test from HvfExecutor
[ RUN      ] HvfExecutor.NativeIntelCancellationAndCompletionFailureAllowRetry
[       OK ] HvfExecutor.NativeIntelCancellationAndCompletionFailureAllowRetry (216 ms)
[----------] 1 test from HvfExecutor (216 ms total)

[==========] 1 test from 1 test suite ran. (216 ms total)
[  PASSED  ] 1 test.

Repeating all tests (iteration 191) . . .

Note: Google Test filter = HvfExecutor.Native*
[==========] Running 1 test from 1 test suite.
[----------] 1 test from HvfExecutor
[ RUN      ] HvfExecutor.NativeIntelCancellationAndCompletionFailureAllowRetry
[       OK ] HvfExecutor.NativeIntelCancellationAndCompletionFailureAllowRetry (241 ms)
[----------] 1 test from HvfExecutor (241 ms total)

[==========] 1 test from 1 test suite ran. (241 ms total)
[  PASSED  ] 1 test.

Repeating all tests (iteration 192) . . .

Note: Google Test filter = HvfExecutor.Native*
[==========] Running 1 test from 1 test suite.
[----------] 1 test from HvfExecutor
[ RUN      ] HvfExecutor.NativeIntelCancellationAndCompletionFailureAllowRetry
[       OK ] HvfExecutor.NativeIntelCancellationAndCompletionFailureAllowRetry (244 ms)
[----------] 1 test from HvfExecutor (244 ms total)

[==========] 1 test from 1 test suite ran. (244 ms total)
[  PASSED  ] 1 test.

Repeating all tests (iteration 193) . . .

Note: Google Test filter = HvfExecutor.Native*
[==========] Running 1 test from 1 test suite.
[----------] 1 test from HvfExecutor
[ RUN      ] HvfExecutor.NativeIntelCancellationAndCompletionFailureAllowRetry
[       OK ] HvfExecutor.NativeIntelCancellationAndCompletionFailureAllowRetry (324 ms)
[----------] 1 test from HvfExecutor (324 ms total)

[==========] 1 test from 1 test suite ran. (324 ms total)
[  PASSED  ] 1 test.

Repeating all tests (iteration 194) . . .

Note: Google Test filter = HvfExecutor.Native*
[==========] Running 1 test from 1 test suite.
[----------] 1 test from HvfExecutor
[ RUN      ] HvfExecutor.NativeIntelCancellationAndCompletionFailureAllowRetry
[       OK ] HvfExecutor.NativeIntelCancellationAndCompletionFailureAllowRetry (144 ms)
[----------] 1 test from HvfExecutor (144 ms total)

[==========] 1 test from 1 test suite ran. (144 ms total)
[  PASSED  ] 1 test.

Repeating all tests (iteration 195) . . .

Note: Google Test filter = HvfExecutor.Native*
[==========] Running 1 test from 1 test suite.
[----------] 1 test from HvfExecutor
[ RUN      ] HvfExecutor.NativeIntelCancellationAndCompletionFailureAllowRetry
[       OK ] HvfExecutor.NativeIntelCancellationAndCompletionFailureAllowRetry (342 ms)
[----------] 1 test from HvfExecutor (343 ms total)

[==========] 1 test from 1 test suite ran. (343 ms total)
[  PASSED  ] 1 test.

Repeating all tests (iteration 196) . . .

Note: Google Test filter = HvfExecutor.Native*
[==========] Running 1 test from 1 test suite.
[----------] 1 test from HvfExecutor
[ RUN      ] HvfExecutor.NativeIntelCancellationAndCompletionFailureAllowRetry
[       OK ] HvfExecutor.NativeIntelCancellationAndCompletionFailureAllowRetry (145 ms)
[----------] 1 test from HvfExecutor (145 ms total)

[==========] 1 test from 1 test suite ran. (145 ms total)
[  PASSED  ] 1 test.

Repeating all tests (iteration 197) . . .

Note: Google Test filter = HvfExecutor.Native*
[==========] Running 1 test from 1 test suite.
[----------] 1 test from HvfExecutor
[ RUN      ] HvfExecutor.NativeIntelCancellationAndCompletionFailureAllowRetry
[       OK ] HvfExecutor.NativeIntelCancellationAndCompletionFailureAllowRetry (313 ms)
[----------] 1 test from HvfExecutor (313 ms total)

[==========] 1 test from 1 test suite ran. (313 ms total)
[  PASSED  ] 1 test.

Repeating all tests (iteration 198) . . .

Note: Google Test filter = HvfExecutor.Native*
[==========] Running 1 test from 1 test suite.
[----------] 1 test from HvfExecutor
[ RUN      ] HvfExecutor.NativeIntelCancellationAndCompletionFailureAllowRetry
[       OK ] HvfExecutor.NativeIntelCancellationAndCompletionFailureAllowRetry (128 ms)
[----------] 1 test from HvfExecutor (128 ms total)

[==========] 1 test from 1 test suite ran. (128 ms total)
[  PASSED  ] 1 test.

Repeating all tests (iteration 199) . . .

Note: Google Test filter = HvfExecutor.Native*
[==========] Running 1 test from 1 test suite.
[----------] 1 test from HvfExecutor
[ RUN      ] HvfExecutor.NativeIntelCancellationAndCompletionFailureAllowRetry
[       OK ] HvfExecutor.NativeIntelCancellationAndCompletionFailureAllowRetry (189 ms)
[----------] 1 test from HvfExecutor (189 ms total)

[==========] 1 test from 1 test suite ran. (189 ms total)
[  PASSED  ] 1 test.

Repeating all tests (iteration 200) . . .

Note: Google Test filter = HvfExecutor.Native*
[==========] Running 1 test from 1 test suite.
[----------] 1 test from HvfExecutor
[ RUN      ] HvfExecutor.NativeIntelCancellationAndCompletionFailureAllowRetry
[       OK ] HvfExecutor.NativeIntelCancellationAndCompletionFailureAllowRetry (200 ms)
[----------] 1 test from HvfExecutor (200 ms total)

[==========] 1 test from 1 test suite ran. (200 ms total)
[  PASSED  ] 1 test.

Repeating all tests (iteration 201) . . .

Note: Google Test filter = HvfExecutor.Native*
[==========] Running 1 test from 1 test suite.
[----------] 1 test from HvfExecutor
[ RUN      ] HvfExecutor.NativeIntelCancellationAndCompletionFailureAllowRetry
[       OK ] HvfExecutor.NativeIntelCancellationAndCompletionFailureAllowRetry (145 ms)
[----------] 1 test from HvfExecutor (145 ms total)

[==========] 1 test from 1 test suite ran. (145 ms total)
[  PASSED  ] 1 test.

Repeating all tests (iteration 202) . . .

Note: Google Test filter = HvfExecutor.Native*
[==========] Running 1 test from 1 test suite.
[----------] 1 test from HvfExecutor
[ RUN      ] HvfExecutor.NativeIntelCancellationAndCompletionFailureAllowRetry
[       OK ] HvfExecutor.NativeIntelCancellationAndCompletionFailureAllowRetry (294 ms)
[----------] 1 test from HvfExecutor (294 ms total)

[==========] 1 test from 1 test suite ran. (294 ms total)
[  PASSED  ] 1 test.

Repeating all tests (iteration 203) . . .

Note: Google Test filter = HvfExecutor.Native*
[==========] Running 1 test from 1 test suite.
[----------] 1 test from HvfExecutor
[ RUN      ] HvfExecutor.NativeIntelCancellationAndCompletionFailureAllowRetry
[       OK ] HvfExecutor.NativeIntelCancellationAndCompletionFailureAllowRetry (234 ms)
[----------] 1 test from HvfExecutor (234 ms total)

[==========] 1 test from 1 test suite ran. (234 ms total)
[  PASSED  ] 1 test.

Repeating all tests (iteration 204) . . .

Note: Google Test filter = HvfExecutor.Native*
[==========] Running 1 test from 1 test suite.
[----------] 1 test from HvfExecutor
[ RUN      ] HvfExecutor.NativeIntelCancellationAndCompletionFailureAllowRetry
[       OK ] HvfExecutor.NativeIntelCancellationAndCompletionFailureAllowRetry (345 ms)
[----------] 1 test from HvfExecutor (345 ms total)

[==========] 1 test from 1 test suite ran. (345 ms total)
[  PASSED  ] 1 test.

Repeating all tests (iteration 205) . . .

Note: Google Test filter = HvfExecutor.Native*
[==========] Running 1 test from 1 test suite.
[----------] 1 test from HvfExecutor
[ RUN      ] HvfExecutor.NativeIntelCancellationAndCompletionFailureAllowRetry
[       OK ] HvfExecutor.NativeIntelCancellationAndCompletionFailureAllowRetry (357 ms)
[----------] 1 test from HvfExecutor (357 ms total)

[==========] 1 test from 1 test suite ran. (357 ms total)
[  PASSED  ] 1 test.

Repeating all tests (iteration 206) . . .

Note: Google Test filter = HvfExecutor.Native*
[==========] Running 1 test from 1 test suite.
[----------] 1 test from HvfExecutor
[ RUN      ] HvfExecutor.NativeIntelCancellationAndCompletionFailureAllowRetry
[       OK ] HvfExecutor.NativeIntelCancellationAndCompletionFailureAllowRetry (122 ms)
[----------] 1 test from HvfExecutor (122 ms total)

[==========] 1 test from 1 test suite ran. (122 ms total)
[  PASSED  ] 1 test.

Repeating all tests (iteration 207) . . .

Note: Google Test filter = HvfExecutor.Native*
[==========] Running 1 test from 1 test suite.
[----------] 1 test from HvfExecutor
[ RUN      ] HvfExecutor.NativeIntelCancellationAndCompletionFailureAllowRetry
[       OK ] HvfExecutor.NativeIntelCancellationAndCompletionFailureAllowRetry (379 ms)
[----------] 1 test from HvfExecutor (379 ms total)

[==========] 1 test from 1 test suite ran. (379 ms total)
[  PASSED  ] 1 test.

Repeating all tests (iteration 208) . . .

Note: Google Test filter = HvfExecutor.Native*
[==========] Running 1 test from 1 test suite.
[----------] 1 test from HvfExecutor
[ RUN      ] HvfExecutor.NativeIntelCancellationAndCompletionFailureAllowRetry
[       OK ] HvfExecutor.NativeIntelCancellationAndCompletionFailureAllowRetry (251 ms)
[----------] 1 test from HvfExecutor (251 ms total)

[==========] 1 test from 1 test suite ran. (251 ms total)
[  PASSED  ] 1 test.

Repeating all tests (iteration 209) . . .

Note: Google Test filter = HvfExecutor.Native*
[==========] Running 1 test from 1 test suite.
[----------] 1 test from HvfExecutor
[ RUN      ] HvfExecutor.NativeIntelCancellationAndCompletionFailureAllowRetry
[       OK ] HvfExecutor.NativeIntelCancellationAndCompletionFailureAllowRetry (381 ms)
[----------] 1 test from HvfExecutor (381 ms total)

[==========] 1 test from 1 test suite ran. (381 ms total)
[  PASSED  ] 1 test.

Repeating all tests (iteration 210) . . .

Note: Google Test filter = HvfExecutor.Native*
[==========] Running 1 test from 1 test suite.
[----------] 1 test from HvfExecutor
[ RUN      ] HvfExecutor.NativeIntelCancellationAndCompletionFailureAllowRetry
[       OK ] HvfExecutor.NativeIntelCancellationAndCompletionFailureAllowRetry (337 ms)
[----------] 1 test from HvfExecutor (337 ms total)

[==========] 1 test from 1 test suite ran. (337 ms total)
[  PASSED  ] 1 test.

Repeating all tests (iteration 211) . . .

Note: Google Test filter = HvfExecutor.Native*
[==========] Running 1 test from 1 test suite.
[----------] 1 test from HvfExecutor
[ RUN      ] HvfExecutor.NativeIntelCancellationAndCompletionFailureAllowRetry
[       OK ] HvfExecutor.NativeIntelCancellationAndCompletionFailureAllowRetry (325 ms)
[----------] 1 test from HvfExecutor (325 ms total)

[==========] 1 test from 1 test suite ran. (326 ms total)
[  PASSED  ] 1 test.

Repeating all tests (iteration 212) . . .

Note: Google Test filter = HvfExecutor.Native*
[==========] Running 1 test from 1 test suite.
[----------] 1 test from HvfExecutor
[ RUN      ] HvfExecutor.NativeIntelCancellationAndCompletionFailureAllowRetry
[       OK ] HvfExecutor.NativeIntelCancellationAndCompletionFailureAllowRetry (202 ms)
[----------] 1 test from HvfExecutor (202 ms total)

[==========] 1 test from 1 test suite ran. (202 ms total)
[  PASSED  ] 1 test.

Repeating all tests (iteration 213) . . .

Note: Google Test filter = HvfExecutor.Native*
[==========] Running 1 test from 1 test suite.
[----------] 1 test from HvfExecutor
[ RUN      ] HvfExecutor.NativeIntelCancellationAndCompletionFailureAllowRetry
[       OK ] HvfExecutor.NativeIntelCancellationAndCompletionFailureAllowRetry (166 ms)
[----------] 1 test from HvfExecutor (166 ms total)

[==========] 1 test from 1 test suite ran. (166 ms total)
[  PASSED  ] 1 test.

Repeating all tests (iteration 214) . . .

Note: Google Test filter = HvfExecutor.Native*
[==========] Running 1 test from 1 test suite.
[----------] 1 test from HvfExecutor
[ RUN      ] HvfExecutor.NativeIntelCancellationAndCompletionFailureAllowRetry
[       OK ] HvfExecutor.NativeIntelCancellationAndCompletionFailureAllowRetry (167 ms)
[----------] 1 test from HvfExecutor (167 ms total)

[==========] 1 test from 1 test suite ran. (167 ms total)
[  PASSED  ] 1 test.

Repeating all tests (iteration 215) . . .

Note: Google Test filter = HvfExecutor.Native*
[==========] Running 1 test from 1 test suite.
[----------] 1 test from HvfExecutor
[ RUN      ] HvfExecutor.NativeIntelCancellationAndCompletionFailureAllowRetry
[       OK ] HvfExecutor.NativeIntelCancellationAndCompletionFailureAllowRetry (375 ms)
[----------] 1 test from HvfExecutor (375 ms total)

[==========] 1 test from 1 test suite ran. (375 ms total)
[  PASSED  ] 1 test.

Repeating all tests (iteration 216) . . .

Note: Google Test filter = HvfExecutor.Native*
[==========] Running 1 test from 1 test suite.
[----------] 1 test from HvfExecutor
[ RUN      ] HvfExecutor.NativeIntelCancellationAndCompletionFailureAllowRetry
[       OK ] HvfExecutor.NativeIntelCancellationAndCompletionFailureAllowRetry (295 ms)
[----------] 1 test from HvfExecutor (295 ms total)

[==========] 1 test from 1 test suite ran. (295 ms total)
[  PASSED  ] 1 test.

Repeating all tests (iteration 217) . . .

Note: Google Test filter = HvfExecutor.Native*
[==========] Running 1 test from 1 test suite.
[----------] 1 test from HvfExecutor
[ RUN      ] HvfExecutor.NativeIntelCancellationAndCompletionFailureAllowRetry
[       OK ] HvfExecutor.NativeIntelCancellationAndCompletionFailureAllowRetry (256 ms)
[----------] 1 test from HvfExecutor (256 ms total)

[==========] 1 test from 1 test suite ran. (256 ms total)
[  PASSED  ] 1 test.

Repeating all tests (iteration 218) . . .

Note: Google Test filter = HvfExecutor.Native*
[==========] Running 1 test from 1 test suite.
[----------] 1 test from HvfExecutor
[ RUN      ] HvfExecutor.NativeIntelCancellationAndCompletionFailureAllowRetry
[       OK ] HvfExecutor.NativeIntelCancellationAndCompletionFailureAllowRetry (285 ms)
[----------] 1 test from HvfExecutor (285 ms total)

[==========] 1 test from 1 test suite ran. (285 ms total)
[  PASSED  ] 1 test.

Repeating all tests (iteration 219) . . .

Note: Google Test filter = HvfExecutor.Native*
[==========] Running 1 test from 1 test suite.
[----------] 1 test from HvfExecutor
[ RUN      ] HvfExecutor.NativeIntelCancellationAndCompletionFailureAllowRetry
[       OK ] HvfExecutor.NativeIntelCancellationAndCompletionFailureAllowRetry (549 ms)
[----------] 1 test from HvfExecutor (549 ms total)

[==========] 1 test from 1 test suite ran. (549 ms total)
[  PASSED  ] 1 test.

Repeating all tests (iteration 220) . . .

Note: Google Test filter = HvfExecutor.Native*
[==========] Running 1 test from 1 test suite.
[----------] 1 test from HvfExecutor
[ RUN      ] HvfExecutor.NativeIntelCancellationAndCompletionFailureAllowRetry
[       OK ] HvfExecutor.NativeIntelCancellationAndCompletionFailureAllowRetry (835 ms)
[----------] 1 test from HvfExecutor (835 ms total)

[==========] 1 test from 1 test suite ran. (835 ms total)
[  PASSED  ] 1 test.

Repeating all tests (iteration 221) . . .

Note: Google Test filter = HvfExecutor.Native*
[==========] Running 1 test from 1 test suite.
[----------] 1 test from HvfExecutor
[ RUN      ] HvfExecutor.NativeIntelCancellationAndCompletionFailureAllowRetry
[       OK ] HvfExecutor.NativeIntelCancellationAndCompletionFailureAllowRetry (237 ms)
[----------] 1 test from HvfExecutor (237 ms total)

[==========] 1 test from 1 test suite ran. (237 ms total)
[  PASSED  ] 1 test.

Repeating all tests (iteration 222) . . .

Note: Google Test filter = HvfExecutor.Native*
[==========] Running 1 test from 1 test suite.
[----------] 1 test from HvfExecutor
[ RUN      ] HvfExecutor.NativeIntelCancellationAndCompletionFailureAllowRetry
[       OK ] HvfExecutor.NativeIntelCancellationAndCompletionFailureAllowRetry (260 ms)
[----------] 1 test from HvfExecutor (260 ms total)

[==========] 1 test from 1 test suite ran. (260 ms total)
[  PASSED  ] 1 test.

Repeating all tests (iteration 223) . . .

Note: Google Test filter = HvfExecutor.Native*
[==========] Running 1 test from 1 test suite.
[----------] 1 test from HvfExecutor
[ RUN      ] HvfExecutor.NativeIntelCancellationAndCompletionFailureAllowRetry
[       OK ] HvfExecutor.NativeIntelCancellationAndCompletionFailureAllowRetry (334 ms)
[----------] 1 test from HvfExecutor (334 ms total)

[==========] 1 test from 1 test suite ran. (334 ms total)
[  PASSED  ] 1 test.

Repeating all tests (iteration 224) . . .

Note: Google Test filter = HvfExecutor.Native*
[==========] Running 1 test from 1 test suite.
[----------] 1 test from HvfExecutor
[ RUN      ] HvfExecutor.NativeIntelCancellationAndCompletionFailureAllowRetry
[       OK ] HvfExecutor.NativeIntelCancellationAndCompletionFailureAllowRetry (355 ms)
[----------] 1 test from HvfExecutor (355 ms total)

[==========] 1 test from 1 test suite ran. (355 ms total)
[  PASSED  ] 1 test.

Repeating all tests (iteration 225) . . .

Note: Google Test filter = HvfExecutor.Native*
[==========] Running 1 test from 1 test suite.
[----------] 1 test from HvfExecutor
[ RUN      ] HvfExecutor.NativeIntelCancellationAndCompletionFailureAllowRetry
[       OK ] HvfExecutor.NativeIntelCancellationAndCompletionFailureAllowRetry (210 ms)
[----------] 1 test from HvfExecutor (210 ms total)

[==========] 1 test from 1 test suite ran. (210 ms total)
[  PASSED  ] 1 test.

Repeating all tests (iteration 226) . . .

Note: Google Test filter = HvfExecutor.Native*
[==========] Running 1 test from 1 test suite.
[----------] 1 test from HvfExecutor
[ RUN      ] HvfExecutor.NativeIntelCancellationAndCompletionFailureAllowRetry
[       OK ] HvfExecutor.NativeIntelCancellationAndCompletionFailureAllowRetry (268 ms)
[----------] 1 test from HvfExecutor (268 ms total)

[==========] 1 test from 1 test suite ran. (268 ms total)
[  PASSED  ] 1 test.

Repeating all tests (iteration 227) . . .

Note: Google Test filter = HvfExecutor.Native*
[==========] Running 1 test from 1 test suite.
[----------] 1 test from HvfExecutor
[ RUN      ] HvfExecutor.NativeIntelCancellationAndCompletionFailureAllowRetry
[       OK ] HvfExecutor.NativeIntelCancellationAndCompletionFailureAllowRetry (299 ms)
[----------] 1 test from HvfExecutor (299 ms total)

[==========] 1 test from 1 test suite ran. (299 ms total)
[  PASSED  ] 1 test.

Repeating all tests (iteration 228) . . .

Note: Google Test filter = HvfExecutor.Native*
[==========] Running 1 test from 1 test suite.
[----------] 1 test from HvfExecutor
[ RUN      ] HvfExecutor.NativeIntelCancellationAndCompletionFailureAllowRetry
[       OK ] HvfExecutor.NativeIntelCancellationAndCompletionFailureAllowRetry (367 ms)
[----------] 1 test from HvfExecutor (367 ms total)

[==========] 1 test from 1 test suite ran. (367 ms total)
[  PASSED  ] 1 test.

Repeating all tests (iteration 229) . . .

Note: Google Test filter = HvfExecutor.Native*
[==========] Running 1 test from 1 test suite.
[----------] 1 test from HvfExecutor
[ RUN      ] HvfExecutor.NativeIntelCancellationAndCompletionFailureAllowRetry
[       OK ] HvfExecutor.NativeIntelCancellationAndCompletionFailureAllowRetry (137 ms)
[----------] 1 test from HvfExecutor (137 ms total)

[==========] 1 test from 1 test suite ran. (137 ms total)
[  PASSED  ] 1 test.

Repeating all tests (iteration 230) . . .

Note: Google Test filter = HvfExecutor.Native*
[==========] Running 1 test from 1 test suite.
[----------] 1 test from HvfExecutor
[ RUN      ] HvfExecutor.NativeIntelCancellationAndCompletionFailureAllowRetry
[       OK ] HvfExecutor.NativeIntelCancellationAndCompletionFailureAllowRetry (159 ms)
[----------] 1 test from HvfExecutor (159 ms total)

[==========] 1 test from 1 test suite ran. (159 ms total)
[  PASSED  ] 1 test.

Repeating all tests (iteration 231) . . .

Note: Google Test filter = HvfExecutor.Native*
[==========] Running 1 test from 1 test suite.
[----------] 1 test from HvfExecutor
[ RUN      ] HvfExecutor.NativeIntelCancellationAndCompletionFailureAllowRetry
[       OK ] HvfExecutor.NativeIntelCancellationAndCompletionFailureAllowRetry (308 ms)
[----------] 1 test from HvfExecutor (308 ms total)

[==========] 1 test from 1 test suite ran. (308 ms total)
[  PASSED  ] 1 test.

Repeating all tests (iteration 232) . . .

Note: Google Test filter = HvfExecutor.Native*
[==========] Running 1 test from 1 test suite.
[----------] 1 test from HvfExecutor
[ RUN      ] HvfExecutor.NativeIntelCancellationAndCompletionFailureAllowRetry
[       OK ] HvfExecutor.NativeIntelCancellationAndCompletionFailureAllowRetry (198 ms)
[----------] 1 test from HvfExecutor (198 ms total)

[==========] 1 test from 1 test suite ran. (198 ms total)
[  PASSED  ] 1 test.

Repeating all tests (iteration 233) . . .

Note: Google Test filter = HvfExecutor.Native*
[==========] Running 1 test from 1 test suite.
[----------] 1 test from HvfExecutor
[ RUN      ] HvfExecutor.NativeIntelCancellationAndCompletionFailureAllowRetry
[       OK ] HvfExecutor.NativeIntelCancellationAndCompletionFailureAllowRetry (332 ms)
[----------] 1 test from HvfExecutor (332 ms total)

[==========] 1 test from 1 test suite ran. (332 ms total)
[  PASSED  ] 1 test.

Repeating all tests (iteration 234) . . .

Note: Google Test filter = HvfExecutor.Native*
[==========] Running 1 test from 1 test suite.
[----------] 1 test from HvfExecutor
[ RUN      ] HvfExecutor.NativeIntelCancellationAndCompletionFailureAllowRetry
[       OK ] HvfExecutor.NativeIntelCancellationAndCompletionFailureAllowRetry (231 ms)
[----------] 1 test from HvfExecutor (231 ms total)

[==========] 1 test from 1 test suite ran. (231 ms total)
[  PASSED  ] 1 test.

Repeating all tests (iteration 235) . . .

Note: Google Test filter = HvfExecutor.Native*
[==========] Running 1 test from 1 test suite.
[----------] 1 test from HvfExecutor
[ RUN      ] HvfExecutor.NativeIntelCancellationAndCompletionFailureAllowRetry
[       OK ] HvfExecutor.NativeIntelCancellationAndCompletionFailureAllowRetry (204 ms)
[----------] 1 test from HvfExecutor (204 ms total)

[==========] 1 test from 1 test suite ran. (204 ms total)
[  PASSED  ] 1 test.

Repeating all tests (iteration 236) . . .

Note: Google Test filter = HvfExecutor.Native*
[==========] Running 1 test from 1 test suite.
[----------] 1 test from HvfExecutor
[ RUN      ] HvfExecutor.NativeIntelCancellationAndCompletionFailureAllowRetry
[       OK ] HvfExecutor.NativeIntelCancellationAndCompletionFailureAllowRetry (233 ms)
[----------] 1 test from HvfExecutor (234 ms total)

[==========] 1 test from 1 test suite ran. (234 ms total)
[  PASSED  ] 1 test.

Repeating all tests (iteration 237) . . .

Note: Google Test filter = HvfExecutor.Native*
[==========] Running 1 test from 1 test suite.
[----------] 1 test from HvfExecutor
[ RUN      ] HvfExecutor.NativeIntelCancellationAndCompletionFailureAllowRetry
[       OK ] HvfExecutor.NativeIntelCancellationAndCompletionFailureAllowRetry (314 ms)
[----------] 1 test from HvfExecutor (314 ms total)

[==========] 1 test from 1 test suite ran. (315 ms total)
[  PASSED  ] 1 test.

Repeating all tests (iteration 238) . . .

Note: Google Test filter = HvfExecutor.Native*
[==========] Running 1 test from 1 test suite.
[----------] 1 test from HvfExecutor
[ RUN      ] HvfExecutor.NativeIntelCancellationAndCompletionFailureAllowRetry
[       OK ] HvfExecutor.NativeIntelCancellationAndCompletionFailureAllowRetry (271 ms)
[----------] 1 test from HvfExecutor (271 ms total)

[==========] 1 test from 1 test suite ran. (271 ms total)
[  PASSED  ] 1 test.

Repeating all tests (iteration 239) . . .

Note: Google Test filter = HvfExecutor.Native*
[==========] Running 1 test from 1 test suite.
[----------] 1 test from HvfExecutor
[ RUN      ] HvfExecutor.NativeIntelCancellationAndCompletionFailureAllowRetry
[       OK ] HvfExecutor.NativeIntelCancellationAndCompletionFailureAllowRetry (274 ms)
[----------] 1 test from HvfExecutor (274 ms total)

[==========] 1 test from 1 test suite ran. (274 ms total)
[  PASSED  ] 1 test.

Repeating all tests (iteration 240) . . .

Note: Google Test filter = HvfExecutor.Native*
[==========] Running 1 test from 1 test suite.
[----------] 1 test from HvfExecutor
[ RUN      ] HvfExecutor.NativeIntelCancellationAndCompletionFailureAllowRetry
[       OK ] HvfExecutor.NativeIntelCancellationAndCompletionFailureAllowRetry (285 ms)
[----------] 1 test from HvfExecutor (285 ms total)

[==========] 1 test from 1 test suite ran. (285 ms total)
[  PASSED  ] 1 test.

Repeating all tests (iteration 241) . . .

Note: Google Test filter = HvfExecutor.Native*
[==========] Running 1 test from 1 test suite.
[----------] 1 test from HvfExecutor
[ RUN      ] HvfExecutor.NativeIntelCancellationAndCompletionFailureAllowRetry
[       OK ] HvfExecutor.NativeIntelCancellationAndCompletionFailureAllowRetry (148 ms)
[----------] 1 test from HvfExecutor (148 ms total)

[==========] 1 test from 1 test suite ran. (148 ms total)
[  PASSED  ] 1 test.

Repeating all tests (iteration 242) . . .

Note: Google Test filter = HvfExecutor.Native*
[==========] Running 1 test from 1 test suite.
[----------] 1 test from HvfExecutor
[ RUN      ] HvfExecutor.NativeIntelCancellationAndCompletionFailureAllowRetry
[       OK ] HvfExecutor.NativeIntelCancellationAndCompletionFailureAllowRetry (335 ms)
[----------] 1 test from HvfExecutor (335 ms total)

[==========] 1 test from 1 test suite ran. (335 ms total)
[  PASSED  ] 1 test.

Repeating all tests (iteration 243) . . .

Note: Google Test filter = HvfExecutor.Native*
[==========] Running 1 test from 1 test suite.
[----------] 1 test from HvfExecutor
[ RUN      ] HvfExecutor.NativeIntelCancellationAndCompletionFailureAllowRetry
[       OK ] HvfExecutor.NativeIntelCancellationAndCompletionFailureAllowRetry (228 ms)
[----------] 1 test from HvfExecutor (228 ms total)

[==========] 1 test from 1 test suite ran. (228 ms total)
[  PASSED  ] 1 test.

Repeating all tests (iteration 244) . . .

Note: Google Test filter = HvfExecutor.Native*
[==========] Running 1 test from 1 test suite.
[----------] 1 test from HvfExecutor
[ RUN      ] HvfExecutor.NativeIntelCancellationAndCompletionFailureAllowRetry
[       OK ] HvfExecutor.NativeIntelCancellationAndCompletionFailureAllowRetry (311 ms)
[----------] 1 test from HvfExecutor (311 ms total)

[==========] 1 test from 1 test suite ran. (311 ms total)
[  PASSED  ] 1 test.

Repeating all tests (iteration 245) . . .

Note: Google Test filter = HvfExecutor.Native*
[==========] Running 1 test from 1 test suite.
[----------] 1 test from HvfExecutor
[ RUN      ] HvfExecutor.NativeIntelCancellationAndCompletionFailureAllowRetry
[       OK ] HvfExecutor.NativeIntelCancellationAndCompletionFailureAllowRetry (294 ms)
[----------] 1 test from HvfExecutor (294 ms total)

[==========] 1 test from 1 test suite ran. (294 ms total)
[  PASSED  ] 1 test.

Repeating all tests (iteration 246) . . .

Note: Google Test filter = HvfExecutor.Native*
[==========] Running 1 test from 1 test suite.
[----------] 1 test from HvfExecutor
[ RUN      ] HvfExecutor.NativeIntelCancellationAndCompletionFailureAllowRetry
[       OK ] HvfExecutor.NativeIntelCancellationAndCompletionFailureAllowRetry (334 ms)
[----------] 1 test from HvfExecutor (334 ms total)

[==========] 1 test from 1 test suite ran. (334 ms total)
[  PASSED  ] 1 test.

Repeating all tests (iteration 247) . . .

Note: Google Test filter = HvfExecutor.Native*
[==========] Running 1 test from 1 test suite.
[----------] 1 test from HvfExecutor
[ RUN      ] HvfExecutor.NativeIntelCancellationAndCompletionFailureAllowRetry
[       OK ] HvfExecutor.NativeIntelCancellationAndCompletionFailureAllowRetry (125 ms)
[----------] 1 test from HvfExecutor (125 ms total)

[==========] 1 test from 1 test suite ran. (125 ms total)
[  PASSED  ] 1 test.

Repeating all tests (iteration 248) . . .

Note: Google Test filter = HvfExecutor.Native*
[==========] Running 1 test from 1 test suite.
[----------] 1 test from HvfExecutor
[ RUN      ] HvfExecutor.NativeIntelCancellationAndCompletionFailureAllowRetry
[       OK ] HvfExecutor.NativeIntelCancellationAndCompletionFailureAllowRetry (247 ms)
[----------] 1 test from HvfExecutor (247 ms total)

[==========] 1 test from 1 test suite ran. (248 ms total)
[  PASSED  ] 1 test.

Repeating all tests (iteration 249) . . .

Note: Google Test filter = HvfExecutor.Native*
[==========] Running 1 test from 1 test suite.
[----------] 1 test from HvfExecutor
[ RUN      ] HvfExecutor.NativeIntelCancellationAndCompletionFailureAllowRetry
[       OK ] HvfExecutor.NativeIntelCancellationAndCompletionFailureAllowRetry (321 ms)
[----------] 1 test from HvfExecutor (321 ms total)

[==========] 1 test from 1 test suite ran. (321 ms total)
[  PASSED  ] 1 test.

Repeating all tests (iteration 250) . . .

Note: Google Test filter = HvfExecutor.Native*
[==========] Running 1 test from 1 test suite.
[----------] 1 test from HvfExecutor
[ RUN      ] HvfExecutor.NativeIntelCancellationAndCompletionFailureAllowRetry
[       OK ] HvfExecutor.NativeIntelCancellationAndCompletionFailureAllowRetry (341 ms)
[----------] 1 test from HvfExecutor (341 ms total)

[==========] 1 test from 1 test suite ran. (341 ms total)
[  PASSED  ] 1 test.

Repeating all tests (iteration 251) . . .

Note: Google Test filter = HvfExecutor.Native*
[==========] Running 1 test from 1 test suite.
[----------] 1 test from HvfExecutor
[ RUN      ] HvfExecutor.NativeIntelCancellationAndCompletionFailureAllowRetry
[       OK ] HvfExecutor.NativeIntelCancellationAndCompletionFailureAllowRetry (387 ms)
[----------] 1 test from HvfExecutor (387 ms total)

[==========] 1 test from 1 test suite ran. (387 ms total)
[  PASSED  ] 1 test.

Repeating all tests (iteration 252) . . .

Note: Google Test filter = HvfExecutor.Native*
[==========] Running 1 test from 1 test suite.
[----------] 1 test from HvfExecutor
[ RUN      ] HvfExecutor.NativeIntelCancellationAndCompletionFailureAllowRetry
[       OK ] HvfExecutor.NativeIntelCancellationAndCompletionFailureAllowRetry (170 ms)
[----------] 1 test from HvfExecutor (170 ms total)

[==========] 1 test from 1 test suite ran. (170 ms total)
[  PASSED  ] 1 test.

Repeating all tests (iteration 253) . . .

Note: Google Test filter = HvfExecutor.Native*
[==========] Running 1 test from 1 test suite.
[----------] 1 test from HvfExecutor
[ RUN      ] HvfExecutor.NativeIntelCancellationAndCompletionFailureAllowRetry
[       OK ] HvfExecutor.NativeIntelCancellationAndCompletionFailureAllowRetry (364 ms)
[----------] 1 test from HvfExecutor (364 ms total)

[==========] 1 test from 1 test suite ran. (364 ms total)
[  PASSED  ] 1 test.

Repeating all tests (iteration 254) . . .

Note: Google Test filter = HvfExecutor.Native*
[==========] Running 1 test from 1 test suite.
[----------] 1 test from HvfExecutor
[ RUN      ] HvfExecutor.NativeIntelCancellationAndCompletionFailureAllowRetry
[       OK ] HvfExecutor.NativeIntelCancellationAndCompletionFailureAllowRetry (178 ms)
[----------] 1 test from HvfExecutor (178 ms total)

[==========] 1 test from 1 test suite ran. (178 ms total)
[  PASSED  ] 1 test.

Repeating all tests (iteration 255) . . .

Note: Google Test filter = HvfExecutor.Native*
[==========] Running 1 test from 1 test suite.
[----------] 1 test from HvfExecutor
[ RUN      ] HvfExecutor.NativeIntelCancellationAndCompletionFailureAllowRetry
[       OK ] HvfExecutor.NativeIntelCancellationAndCompletionFailureAllowRetry (237 ms)
[----------] 1 test from HvfExecutor (237 ms total)

[==========] 1 test from 1 test suite ran. (237 ms total)
[  PASSED  ] 1 test.

Repeating all tests (iteration 256) . . .

Note: Google Test filter = HvfExecutor.Native*
[==========] Running 1 test from 1 test suite.
[----------] 1 test from HvfExecutor
[ RUN      ] HvfExecutor.NativeIntelCancellationAndCompletionFailureAllowRetry
[       OK ] HvfExecutor.NativeIntelCancellationAndCompletionFailureAllowRetry (197 ms)
[----------] 1 test from HvfExecutor (198 ms total)

[==========] 1 test from 1 test suite ran. (198 ms total)
[  PASSED  ] 1 test.

Repeating all tests (iteration 257) . . .

Note: Google Test filter = HvfExecutor.Native*
[==========] Running 1 test from 1 test suite.
[----------] 1 test from HvfExecutor
[ RUN      ] HvfExecutor.NativeIntelCancellationAndCompletionFailureAllowRetry
[       OK ] HvfExecutor.NativeIntelCancellationAndCompletionFailureAllowRetry (387 ms)
[----------] 1 test from HvfExecutor (387 ms total)

[==========] 1 test from 1 test suite ran. (387 ms total)
[  PASSED  ] 1 test.

Repeating all tests (iteration 258) . . .

Note: Google Test filter = HvfExecutor.Native*
[==========] Running 1 test from 1 test suite.
[----------] 1 test from HvfExecutor
[ RUN      ] HvfExecutor.NativeIntelCancellationAndCompletionFailureAllowRetry
[       OK ] HvfExecutor.NativeIntelCancellationAndCompletionFailureAllowRetry (369 ms)
[----------] 1 test from HvfExecutor (369 ms total)

[==========] 1 test from 1 test suite ran. (369 ms total)
[  PASSED  ] 1 test.

Repeating all tests (iteration 259) . . .

Note: Google Test filter = HvfExecutor.Native*
[==========] Running 1 test from 1 test suite.
[----------] 1 test from HvfExecutor
[ RUN      ] HvfExecutor.NativeIntelCancellationAndCompletionFailureAllowRetry
[       OK ] HvfExecutor.NativeIntelCancellationAndCompletionFailureAllowRetry (203 ms)
[----------] 1 test from HvfExecutor (203 ms total)

[==========] 1 test from 1 test suite ran. (203 ms total)
[  PASSED  ] 1 test.

Repeating all tests (iteration 260) . . .

Note: Google Test filter = HvfExecutor.Native*
[==========] Running 1 test from 1 test suite.
[----------] 1 test from HvfExecutor
[ RUN      ] HvfExecutor.NativeIntelCancellationAndCompletionFailureAllowRetry
[       OK ] HvfExecutor.NativeIntelCancellationAndCompletionFailureAllowRetry (124 ms)
[----------] 1 test from HvfExecutor (124 ms total)

[==========] 1 test from 1 test suite ran. (124 ms total)
[  PASSED  ] 1 test.

Repeating all tests (iteration 261) . . .

Note: Google Test filter = HvfExecutor.Native*
[==========] Running 1 test from 1 test suite.
[----------] 1 test from HvfExecutor
[ RUN      ] HvfExecutor.NativeIntelCancellationAndCompletionFailureAllowRetry
[       OK ] HvfExecutor.NativeIntelCancellationAndCompletionFailureAllowRetry (305 ms)
[----------] 1 test from HvfExecutor (306 ms total)

[==========] 1 test from 1 test suite ran. (306 ms total)
[  PASSED  ] 1 test.

Repeating all tests (iteration 262) . . .

Note: Google Test filter = HvfExecutor.Native*
[==========] Running 1 test from 1 test suite.
[----------] 1 test from HvfExecutor
[ RUN      ] HvfExecutor.NativeIntelCancellationAndCompletionFailureAllowRetry
[       OK ] HvfExecutor.NativeIntelCancellationAndCompletionFailureAllowRetry (301 ms)
[----------] 1 test from HvfExecutor (301 ms total)

[==========] 1 test from 1 test suite ran. (301 ms total)
[  PASSED  ] 1 test.

Repeating all tests (iteration 263) . . .

Note: Google Test filter = HvfExecutor.Native*
[==========] Running 1 test from 1 test suite.
[----------] 1 test from HvfExecutor
[ RUN      ] HvfExecutor.NativeIntelCancellationAndCompletionFailureAllowRetry
[       OK ] HvfExecutor.NativeIntelCancellationAndCompletionFailureAllowRetry (259 ms)
[----------] 1 test from HvfExecutor (259 ms total)

[==========] 1 test from 1 test suite ran. (259 ms total)
[  PASSED  ] 1 test.

Repeating all tests (iteration 264) . . .

Note: Google Test filter = HvfExecutor.Native*
[==========] Running 1 test from 1 test suite.
[----------] 1 test from HvfExecutor
[ RUN      ] HvfExecutor.NativeIntelCancellationAndCompletionFailureAllowRetry
[       OK ] HvfExecutor.NativeIntelCancellationAndCompletionFailureAllowRetry (347 ms)
[----------] 1 test from HvfExecutor (348 ms total)

[==========] 1 test from 1 test suite ran. (348 ms total)
[  PASSED  ] 1 test.

Repeating all tests (iteration 265) . . .

Note: Google Test filter = HvfExecutor.Native*
[==========] Running 1 test from 1 test suite.
[----------] 1 test from HvfExecutor
[ RUN      ] HvfExecutor.NativeIntelCancellationAndCompletionFailureAllowRetry
[       OK ] HvfExecutor.NativeIntelCancellationAndCompletionFailureAllowRetry (418 ms)
[----------] 1 test from HvfExecutor (418 ms total)

[==========] 1 test from 1 test suite ran. (418 ms total)
[  PASSED  ] 1 test.

Repeating all tests (iteration 266) . . .

Note: Google Test filter = HvfExecutor.Native*
[==========] Running 1 test from 1 test suite.
[----------] 1 test from HvfExecutor
[ RUN      ] HvfExecutor.NativeIntelCancellationAndCompletionFailureAllowRetry
[       OK ] HvfExecutor.NativeIntelCancellationAndCompletionFailureAllowRetry (435 ms)
[----------] 1 test from HvfExecutor (435 ms total)

[==========] 1 test from 1 test suite ran. (435 ms total)
[  PASSED  ] 1 test.

Repeating all tests (iteration 267) . . .

Note: Google Test filter = HvfExecutor.Native*
[==========] Running 1 test from 1 test suite.
[----------] 1 test from HvfExecutor
[ RUN      ] HvfExecutor.NativeIntelCancellationAndCompletionFailureAllowRetry
[       OK ] HvfExecutor.NativeIntelCancellationAndCompletionFailureAllowRetry (228 ms)
[----------] 1 test from HvfExecutor (228 ms total)

[==========] 1 test from 1 test suite ran. (228 ms total)
[  PASSED  ] 1 test.

Repeating all tests (iteration 268) . . .

Note: Google Test filter = HvfExecutor.Native*
[==========] Running 1 test from 1 test suite.
[----------] 1 test from HvfExecutor
[ RUN      ] HvfExecutor.NativeIntelCancellationAndCompletionFailureAllowRetry
[       OK ] HvfExecutor.NativeIntelCancellationAndCompletionFailureAllowRetry (288 ms)
[----------] 1 test from HvfExecutor (288 ms total)

[==========] 1 test from 1 test suite ran. (288 ms total)
[  PASSED  ] 1 test.

Repeating all tests (iteration 269) . . .

Note: Google Test filter = HvfExecutor.Native*
[==========] Running 1 test from 1 test suite.
[----------] 1 test from HvfExecutor
[ RUN      ] HvfExecutor.NativeIntelCancellationAndCompletionFailureAllowRetry
[       OK ] HvfExecutor.NativeIntelCancellationAndCompletionFailureAllowRetry (152 ms)
[----------] 1 test from HvfExecutor (152 ms total)

[==========] 1 test from 1 test suite ran. (152 ms total)
[  PASSED  ] 1 test.

Repeating all tests (iteration 270) . . .

Note: Google Test filter = HvfExecutor.Native*
[==========] Running 1 test from 1 test suite.
[----------] 1 test from HvfExecutor
[ RUN      ] HvfExecutor.NativeIntelCancellationAndCompletionFailureAllowRetry
[       OK ] HvfExecutor.NativeIntelCancellationAndCompletionFailureAllowRetry (200 ms)
[----------] 1 test from HvfExecutor (200 ms total)

[==========] 1 test from 1 test suite ran. (200 ms total)
[  PASSED  ] 1 test.

Repeating all tests (iteration 271) . . .

Note: Google Test filter = HvfExecutor.Native*
[==========] Running 1 test from 1 test suite.
[----------] 1 test from HvfExecutor
[ RUN      ] HvfExecutor.NativeIntelCancellationAndCompletionFailureAllowRetry
[       OK ] HvfExecutor.NativeIntelCancellationAndCompletionFailureAllowRetry (291 ms)
[----------] 1 test from HvfExecutor (291 ms total)

[==========] 1 test from 1 test suite ran. (291 ms total)
[  PASSED  ] 1 test.

Repeating all tests (iteration 272) . . .

Note: Google Test filter = HvfExecutor.Native*
[==========] Running 1 test from 1 test suite.
[----------] 1 test from HvfExecutor
[ RUN      ] HvfExecutor.NativeIntelCancellationAndCompletionFailureAllowRetry
[       OK ] HvfExecutor.NativeIntelCancellationAndCompletionFailureAllowRetry (190 ms)
[----------] 1 test from HvfExecutor (190 ms total)

[==========] 1 test from 1 test suite ran. (190 ms total)
[  PASSED  ] 1 test.

Repeating all tests (iteration 273) . . .

Note: Google Test filter = HvfExecutor.Native*
[==========] Running 1 test from 1 test suite.
[----------] 1 test from HvfExecutor
[ RUN      ] HvfExecutor.NativeIntelCancellationAndCompletionFailureAllowRetry
[       OK ] HvfExecutor.NativeIntelCancellationAndCompletionFailureAllowRetry (214 ms)
[----------] 1 test from HvfExecutor (214 ms total)

[==========] 1 test from 1 test suite ran. (214 ms total)
[  PASSED  ] 1 test.

Repeating all tests (iteration 274) . . .

Note: Google Test filter = HvfExecutor.Native*
[==========] Running 1 test from 1 test suite.
[----------] 1 test from HvfExecutor
[ RUN      ] HvfExecutor.NativeIntelCancellationAndCompletionFailureAllowRetry
[       OK ] HvfExecutor.NativeIntelCancellationAndCompletionFailureAllowRetry (260 ms)
[----------] 1 test from HvfExecutor (260 ms total)

[==========] 1 test from 1 test suite ran. (260 ms total)
[  PASSED  ] 1 test.

Repeating all tests (iteration 275) . . .

Note: Google Test filter = HvfExecutor.Native*
[==========] Running 1 test from 1 test suite.
[----------] 1 test from HvfExecutor
[ RUN      ] HvfExecutor.NativeIntelCancellationAndCompletionFailureAllowRetry
[       OK ] HvfExecutor.NativeIntelCancellationAndCompletionFailureAllowRetry (268 ms)
[----------] 1 test from HvfExecutor (268 ms total)

[==========] 1 test from 1 test suite ran. (268 ms total)
[  PASSED  ] 1 test.

Repeating all tests (iteration 276) . . .

Note: Google Test filter = HvfExecutor.Native*
[==========] Running 1 test from 1 test suite.
[----------] 1 test from HvfExecutor
[ RUN      ] HvfExecutor.NativeIntelCancellationAndCompletionFailureAllowRetry
[       OK ] HvfExecutor.NativeIntelCancellationAndCompletionFailureAllowRetry (137 ms)
[----------] 1 test from HvfExecutor (137 ms total)

[==========] 1 test from 1 test suite ran. (137 ms total)
[  PASSED  ] 1 test.

Repeating all tests (iteration 277) . . .

Note: Google Test filter = HvfExecutor.Native*
[==========] Running 1 test from 1 test suite.
[----------] 1 test from HvfExecutor
[ RUN      ] HvfExecutor.NativeIntelCancellationAndCompletionFailureAllowRetry
[       OK ] HvfExecutor.NativeIntelCancellationAndCompletionFailureAllowRetry (332 ms)
[----------] 1 test from HvfExecutor (332 ms total)

[==========] 1 test from 1 test suite ran. (332 ms total)
[  PASSED  ] 1 test.

Repeating all tests (iteration 278) . . .

Note: Google Test filter = HvfExecutor.Native*
[==========] Running 1 test from 1 test suite.
[----------] 1 test from HvfExecutor
[ RUN      ] HvfExecutor.NativeIntelCancellationAndCompletionFailureAllowRetry
[       OK ] HvfExecutor.NativeIntelCancellationAndCompletionFailureAllowRetry (282 ms)
[----------] 1 test from HvfExecutor (282 ms total)

[==========] 1 test from 1 test suite ran. (282 ms total)
[  PASSED  ] 1 test.

Repeating all tests (iteration 279) . . .

Note: Google Test filter = HvfExecutor.Native*
[==========] Running 1 test from 1 test suite.
[----------] 1 test from HvfExecutor
[ RUN      ] HvfExecutor.NativeIntelCancellationAndCompletionFailureAllowRetry
[       OK ] HvfExecutor.NativeIntelCancellationAndCompletionFailureAllowRetry (382 ms)
[----------] 1 test from HvfExecutor (382 ms total)

[==========] 1 test from 1 test suite ran. (382 ms total)
[  PASSED  ] 1 test.

Repeating all tests (iteration 280) . . .

Note: Google Test filter = HvfExecutor.Native*
[==========] Running 1 test from 1 test suite.
[----------] 1 test from HvfExecutor
[ RUN      ] HvfExecutor.NativeIntelCancellationAndCompletionFailureAllowRetry
[       OK ] HvfExecutor.NativeIntelCancellationAndCompletionFailureAllowRetry (252 ms)
[----------] 1 test from HvfExecutor (252 ms total)

[==========] 1 test from 1 test suite ran. (252 ms total)
[  PASSED  ] 1 test.

Repeating all tests (iteration 281) . . .

Note: Google Test filter = HvfExecutor.Native*
[==========] Running 1 test from 1 test suite.
[----------] 1 test from HvfExecutor
[ RUN      ] HvfExecutor.NativeIntelCancellationAndCompletionFailureAllowRetry
[       OK ] HvfExecutor.NativeIntelCancellationAndCompletionFailureAllowRetry (193 ms)
[----------] 1 test from HvfExecutor (193 ms total)

[==========] 1 test from 1 test suite ran. (193 ms total)
[  PASSED  ] 1 test.

Repeating all tests (iteration 282) . . .

Note: Google Test filter = HvfExecutor.Native*
[==========] Running 1 test from 1 test suite.
[----------] 1 test from HvfExecutor
[ RUN      ] HvfExecutor.NativeIntelCancellationAndCompletionFailureAllowRetry
[       OK ] HvfExecutor.NativeIntelCancellationAndCompletionFailureAllowRetry (231 ms)
[----------] 1 test from HvfExecutor (231 ms total)

[==========] 1 test from 1 test suite ran. (231 ms total)
[  PASSED  ] 1 test.

Repeating all tests (iteration 283) . . .

Note: Google Test filter = HvfExecutor.Native*
[==========] Running 1 test from 1 test suite.
[----------] 1 test from HvfExecutor
[ RUN      ] HvfExecutor.NativeIntelCancellationAndCompletionFailureAllowRetry
[       OK ] HvfExecutor.NativeIntelCancellationAndCompletionFailureAllowRetry (294 ms)
[----------] 1 test from HvfExecutor (294 ms total)

[==========] 1 test from 1 test suite ran. (294 ms total)
[  PASSED  ] 1 test.

Repeating all tests (iteration 284) . . .

Note: Google Test filter = HvfExecutor.Native*
[==========] Running 1 test from 1 test suite.
[----------] 1 test from HvfExecutor
[ RUN      ] HvfExecutor.NativeIntelCancellationAndCompletionFailureAllowRetry
[       OK ] HvfExecutor.NativeIntelCancellationAndCompletionFailureAllowRetry (379 ms)
[----------] 1 test from HvfExecutor (379 ms total)

[==========] 1 test from 1 test suite ran. (379 ms total)
[  PASSED  ] 1 test.

Repeating all tests (iteration 285) . . .

Note: Google Test filter = HvfExecutor.Native*
[==========] Running 1 test from 1 test suite.
[----------] 1 test from HvfExecutor
[ RUN      ] HvfExecutor.NativeIntelCancellationAndCompletionFailureAllowRetry
[       OK ] HvfExecutor.NativeIntelCancellationAndCompletionFailureAllowRetry (243 ms)
[----------] 1 test from HvfExecutor (244 ms total)

[==========] 1 test from 1 test suite ran. (244 ms total)
[  PASSED  ] 1 test.

Repeating all tests (iteration 286) . . .

Note: Google Test filter = HvfExecutor.Native*
[==========] Running 1 test from 1 test suite.
[----------] 1 test from HvfExecutor
[ RUN      ] HvfExecutor.NativeIntelCancellationAndCompletionFailureAllowRetry
[       OK ] HvfExecutor.NativeIntelCancellationAndCompletionFailureAllowRetry (313 ms)
[----------] 1 test from HvfExecutor (313 ms total)

[==========] 1 test from 1 test suite ran. (313 ms total)
[  PASSED  ] 1 test.

Repeating all tests (iteration 287) . . .

Note: Google Test filter = HvfExecutor.Native*
[==========] Running 1 test from 1 test suite.
[----------] 1 test from HvfExecutor
[ RUN      ] HvfExecutor.NativeIntelCancellationAndCompletionFailureAllowRetry
[       OK ] HvfExecutor.NativeIntelCancellationAndCompletionFailureAllowRetry (189 ms)
[----------] 1 test from HvfExecutor (189 ms total)

[==========] 1 test from 1 test suite ran. (189 ms total)
[  PASSED  ] 1 test.

Repeating all tests (iteration 288) . . .

Note: Google Test filter = HvfExecutor.Native*
[==========] Running 1 test from 1 test suite.
[----------] 1 test from HvfExecutor
[ RUN      ] HvfExecutor.NativeIntelCancellationAndCompletionFailureAllowRetry
[       OK ] HvfExecutor.NativeIntelCancellationAndCompletionFailureAllowRetry (172 ms)
[----------] 1 test from HvfExecutor (172 ms total)

[==========] 1 test from 1 test suite ran. (172 ms total)
[  PASSED  ] 1 test.

Repeating all tests (iteration 289) . . .

Note: Google Test filter = HvfExecutor.Native*
[==========] Running 1 test from 1 test suite.
[----------] 1 test from HvfExecutor
[ RUN      ] HvfExecutor.NativeIntelCancellationAndCompletionFailureAllowRetry
[       OK ] HvfExecutor.NativeIntelCancellationAndCompletionFailureAllowRetry (230 ms)
[----------] 1 test from HvfExecutor (231 ms total)

[==========] 1 test from 1 test suite ran. (231 ms total)
[  PASSED  ] 1 test.

Repeating all tests (iteration 290) . . .

Note: Google Test filter = HvfExecutor.Native*
[==========] Running 1 test from 1 test suite.
[----------] 1 test from HvfExecutor
[ RUN      ] HvfExecutor.NativeIntelCancellationAndCompletionFailureAllowRetry
[       OK ] HvfExecutor.NativeIntelCancellationAndCompletionFailureAllowRetry (260 ms)
[----------] 1 test from HvfExecutor (260 ms total)

[==========] 1 test from 1 test suite ran. (260 ms total)
[  PASSED  ] 1 test.

Repeating all tests (iteration 291) . . .

Note: Google Test filter = HvfExecutor.Native*
[==========] Running 1 test from 1 test suite.
[----------] 1 test from HvfExecutor
[ RUN      ] HvfExecutor.NativeIntelCancellationAndCompletionFailureAllowRetry
[       OK ] HvfExecutor.NativeIntelCancellationAndCompletionFailureAllowRetry (248 ms)
[----------] 1 test from HvfExecutor (248 ms total)

[==========] 1 test from 1 test suite ran. (248 ms total)
[  PASSED  ] 1 test.

Repeating all tests (iteration 292) . . .

Note: Google Test filter = HvfExecutor.Native*
[==========] Running 1 test from 1 test suite.
[----------] 1 test from HvfExecutor
[ RUN      ] HvfExecutor.NativeIntelCancellationAndCompletionFailureAllowRetry
[       OK ] HvfExecutor.NativeIntelCancellationAndCompletionFailureAllowRetry (127 ms)
[----------] 1 test from HvfExecutor (127 ms total)

[==========] 1 test from 1 test suite ran. (127 ms total)
[  PASSED  ] 1 test.

Repeating all tests (iteration 293) . . .

Note: Google Test filter = HvfExecutor.Native*
[==========] Running 1 test from 1 test suite.
[----------] 1 test from HvfExecutor
[ RUN      ] HvfExecutor.NativeIntelCancellationAndCompletionFailureAllowRetry
[       OK ] HvfExecutor.NativeIntelCancellationAndCompletionFailureAllowRetry (218 ms)
[----------] 1 test from HvfExecutor (218 ms total)

[==========] 1 test from 1 test suite ran. (218 ms total)
[  PASSED  ] 1 test.

Repeating all tests (iteration 294) . . .

Note: Google Test filter = HvfExecutor.Native*
[==========] Running 1 test from 1 test suite.
[----------] 1 test from HvfExecutor
[ RUN      ] HvfExecutor.NativeIntelCancellationAndCompletionFailureAllowRetry
[       OK ] HvfExecutor.NativeIntelCancellationAndCompletionFailureAllowRetry (162 ms)
[----------] 1 test from HvfExecutor (162 ms total)

[==========] 1 test from 1 test suite ran. (162 ms total)
[  PASSED  ] 1 test.

Repeating all tests (iteration 295) . . .

Note: Google Test filter = HvfExecutor.Native*
[==========] Running 1 test from 1 test suite.
[----------] 1 test from HvfExecutor
[ RUN      ] HvfExecutor.NativeIntelCancellationAndCompletionFailureAllowRetry
[       OK ] HvfExecutor.NativeIntelCancellationAndCompletionFailureAllowRetry (411 ms)
[----------] 1 test from HvfExecutor (411 ms total)

[==========] 1 test from 1 test suite ran. (412 ms total)
[  PASSED  ] 1 test.

Repeating all tests (iteration 296) . . .

Note: Google Test filter = HvfExecutor.Native*
[==========] Running 1 test from 1 test suite.
[----------] 1 test from HvfExecutor
[ RUN      ] HvfExecutor.NativeIntelCancellationAndCompletionFailureAllowRetry
[       OK ] HvfExecutor.NativeIntelCancellationAndCompletionFailureAllowRetry (136 ms)
[----------] 1 test from HvfExecutor (136 ms total)

[==========] 1 test from 1 test suite ran. (136 ms total)
[  PASSED  ] 1 test.

Repeating all tests (iteration 297) . . .

Note: Google Test filter = HvfExecutor.Native*
[==========] Running 1 test from 1 test suite.
[----------] 1 test from HvfExecutor
[ RUN      ] HvfExecutor.NativeIntelCancellationAndCompletionFailureAllowRetry
[       OK ] HvfExecutor.NativeIntelCancellationAndCompletionFailureAllowRetry (134 ms)
[----------] 1 test from HvfExecutor (134 ms total)

[==========] 1 test from 1 test suite ran. (134 ms total)
[  PASSED  ] 1 test.

Repeating all tests (iteration 298) . . .

Note: Google Test filter = HvfExecutor.Native*
[==========] Running 1 test from 1 test suite.
[----------] 1 test from HvfExecutor
[ RUN      ] HvfExecutor.NativeIntelCancellationAndCompletionFailureAllowRetry
[       OK ] HvfExecutor.NativeIntelCancellationAndCompletionFailureAllowRetry (124 ms)
[----------] 1 test from HvfExecutor (124 ms total)

[==========] 1 test from 1 test suite ran. (124 ms total)
[  PASSED  ] 1 test.

Repeating all tests (iteration 299) . . .

Note: Google Test filter = HvfExecutor.Native*
[==========] Running 1 test from 1 test suite.
[----------] 1 test from HvfExecutor
[ RUN      ] HvfExecutor.NativeIntelCancellationAndCompletionFailureAllowRetry
[       OK ] HvfExecutor.NativeIntelCancellationAndCompletionFailureAllowRetry (135 ms)
[----------] 1 test from HvfExecutor (136 ms total)

[==========] 1 test from 1 test suite ran. (136 ms total)
[  PASSED  ] 1 test.

Repeating all tests (iteration 300) . . .

Note: Google Test filter = HvfExecutor.Native*
[==========] Running 1 test from 1 test suite.
[----------] 1 test from HvfExecutor
[ RUN      ] HvfExecutor.NativeIntelCancellationAndCompletionFailureAllowRetry
[       OK ] HvfExecutor.NativeIntelCancellationAndCompletionFailureAllowRetry (327 ms)
[----------] 1 test from HvfExecutor (327 ms total)

[==========] 1 test from 1 test suite ran. (327 ms total)
[  PASSED  ] 1 test.

Repeating all tests (iteration 301) . . .

Note: Google Test filter = HvfExecutor.Native*
[==========] Running 1 test from 1 test suite.
[----------] 1 test from HvfExecutor
[ RUN      ] HvfExecutor.NativeIntelCancellationAndCompletionFailureAllowRetry
[       OK ] HvfExecutor.NativeIntelCancellationAndCompletionFailureAllowRetry (367 ms)
[----------] 1 test from HvfExecutor (367 ms total)

[==========] 1 test from 1 test suite ran. (367 ms total)
[  PASSED  ] 1 test.

Repeating all tests (iteration 302) . . .

Note: Google Test filter = HvfExecutor.Native*
[==========] Running 1 test from 1 test suite.
[----------] 1 test from HvfExecutor
[ RUN      ] HvfExecutor.NativeIntelCancellationAndCompletionFailureAllowRetry
[       OK ] HvfExecutor.NativeIntelCancellationAndCompletionFailureAllowRetry (146 ms)
[----------] 1 test from HvfExecutor (146 ms total)

[==========] 1 test from 1 test suite ran. (146 ms total)
[  PASSED  ] 1 test.

Repeating all tests (iteration 303) . . .

Note: Google Test filter = HvfExecutor.Native*
[==========] Running 1 test from 1 test suite.
[----------] 1 test from HvfExecutor
[ RUN      ] HvfExecutor.NativeIntelCancellationAndCompletionFailureAllowRetry
