Running main() from /Users/runner/work/test_mac_intel/test_mac_intel/source/build-hvf/_deps/googletest-src/googletest/src/gtest_main.cc

Repeating all tests (iteration 1) . . .

Note: Google Test filter = HvfIntelProbe.FiniteDeadline
[==========] Running 1 test from 1 test suite.
[----------] Global test environment set-up.
[----------] 1 test from HvfIntelProbe
[ RUN      ] HvfIntelProbe.FiniteDeadline
INTEL_PROBE phase=executor_initialization
INTEL_PROBE phase=startup_probe
INTEL_PROBE phase=prepare_with_watchdog
INTEL_PROBE begin=finite_loop call=1 deadline=1708165010831 rip=65537 nonce=1708158682922 witness=0
INTEL_PROBE end=finite_loop call=1 status=0 mach_before=1708160069966 mach_after=1708165118674
INTEL_PROBE capture=finite_loop call=1 exec_before=1261482 exec_after=6142915 reason_before=37 reason=52 rip_before=65537 rip=65540 rax=1708158682922 nonce=1708158682922 witness=1708158682922
INTEL_PROBE phase=prepare_with_watchdog
INTEL_PROBE begin=expired_mtf call=2 deadline=0 rip=65543 nonce=1708165254789 witness=0
INTEL_PROBE end=expired_mtf call=2 status=0 mach_before=1708166660227 mach_after=1708166704944
INTEL_PROBE capture=expired_mtf call=2 exec_before=6479302 exec_after=6521489 reason_before=37 reason=52 rip_before=65543 rip=65543 rax=1708165254789 nonce=1708165254789 witness=0
INTEL_PROBE phase=prepare_with_watchdog
INTEL_PROBE begin=finite_mtf call=3 deadline=1708172639355 rip=65543 nonce=1708166772896 witness=0
INTEL_PROBE end=finite_mtf call=3 status=0 mach_before=1708167661883 mach_after=1708168068512
INTEL_PROBE capture=finite_mtf call=3 exec_before=6849892 exec_after=7171799 reason_before=37 reason=37 rip_before=65543 rip=65546 rax=1708166772897 nonce=1708166772896 witness=0
INTEL_PROBE phase=verified_retry
INTEL_PROBE phase=prepare_with_watchdog
INTEL_PROBE phase=finite_retirement
[       OK ] HvfIntelProbe.FiniteDeadline (21 ms)
[----------] 1 test from HvfIntelProbe (21 ms total)

[==========] 1 test from 1 test suite ran. (21 ms total)
[  PASSED  ] 1 test.

Repeating all tests (iteration 2) . . .

Note: Google Test filter = HvfIntelProbe.FiniteDeadline
[==========] Running 1 test from 1 test suite.
[----------] 1 test from HvfIntelProbe
[ RUN      ] HvfIntelProbe.FiniteDeadline
INTEL_PROBE phase=executor_initialization
INTEL_PROBE phase=startup_probe
INTEL_PROBE phase=prepare_with_watchdog
INTEL_PROBE begin=finite_loop call=1 deadline=1708182879349 rip=65537 nonce=1708177075580 witness=0
INTEL_PROBE end=finite_loop call=1 status=0 mach_before=1708177912164 mach_after=1708182938097
INTEL_PROBE capture=finite_loop call=1 exec_before=945454 exec_after=5867223 reason_before=37 reason=52 rip_before=65537 rip=65540 rax=1708177075580 nonce=1708177075580 witness=1708177075580
INTEL_PROBE phase=prepare_with_watchdog
INTEL_PROBE begin=expired_mtf call=2 deadline=0 rip=65543 nonce=1708183012679 witness=0
INTEL_PROBE end=expired_mtf call=2 status=0 mach_before=1708184325993 mach_after=1708184368569
INTEL_PROBE capture=expired_mtf call=2 exec_before=6192902 exec_after=6233268 reason_before=37 reason=52 rip_before=65543 rip=65543 rax=1708183012679 nonce=1708183012679 witness=0
INTEL_PROBE phase=prepare_with_watchdog
INTEL_PROBE begin=finite_mtf call=3 deadline=1708190249143 rip=65543 nonce=1708184433718 witness=0
INTEL_PROBE end=finite_mtf call=3 status=0 mach_before=1708185268638 mach_after=1708185679748
INTEL_PROBE capture=finite_mtf call=3 exec_before=6554248 exec_after=6880464 reason_before=37 reason=37 rip_before=65543 rip=65546 rax=1708184433719 nonce=1708184433718 witness=0
INTEL_PROBE phase=verified_retry
INTEL_PROBE phase=prepare_with_watchdog
INTEL_PROBE phase=finite_retirement
[       OK ] HvfIntelProbe.FiniteDeadline (17 ms)
[----------] 1 test from HvfIntelProbe (17 ms total)

[==========] 1 test from 1 test suite ran. (17 ms total)
[  PASSED  ] 1 test.

Repeating all tests (iteration 3) . . .

Note: Google Test filter = HvfIntelProbe.FiniteDeadline
[==========] Running 1 test from 1 test suite.
[----------] 1 test from HvfIntelProbe
[ RUN      ] HvfIntelProbe.FiniteDeadline
INTEL_PROBE phase=executor_initialization
INTEL_PROBE phase=startup_probe
INTEL_PROBE phase=prepare_with_watchdog
INTEL_PROBE begin=finite_loop call=1 deadline=1708199830232 rip=65537 nonce=1708193952333 witness=0
INTEL_PROBE end=finite_loop call=1 status=0 mach_before=1708194850907 mach_after=1708199888796
INTEL_PROBE capture=finite_loop call=1 exec_before=883023 exec_after=5775398 reason_before=37 reason=52 rip_before=65537 rip=65540 rax=1708193952333 nonce=1708193952333 witness=1708193952333
INTEL_PROBE phase=prepare_with_watchdog
INTEL_PROBE begin=expired_mtf call=2 deadline=0 rip=65543 nonce=1708199956482 witness=0
INTEL_PROBE end=expired_mtf call=2 status=0 mach_before=1708201163198 mach_after=1708201205692
INTEL_PROBE capture=expired_mtf call=2 exec_before=6115553 exec_after=6155864 reason_before=37 reason=52 rip_before=65543 rip=65543 rax=1708199956482 nonce=1708199956482 witness=0
INTEL_PROBE phase=prepare_with_watchdog
INTEL_PROBE begin=finite_mtf call=3 deadline=1708207070077 rip=65543 nonce=1708201264434 witness=0
INTEL_PROBE end=finite_mtf call=3 status=0 mach_before=1708202087176 mach_after=1708202496827
INTEL_PROBE capture=finite_mtf call=3 exec_before=6477139 exec_after=6803171 reason_before=37 reason=37 rip_before=65543 rip=65546 rax=1708201264435 nonce=1708201264434 witness=0
INTEL_PROBE phase=verified_retry
INTEL_PROBE phase=prepare_with_watchdog
INTEL_PROBE phase=finite_retirement
[       OK ] HvfIntelProbe.FiniteDeadline (16 ms)
[----------] 1 test from HvfIntelProbe (16 ms total)

[==========] 1 test from 1 test suite ran. (16 ms total)
[  PASSED  ] 1 test.

Repeating all tests (iteration 4) . . .

Note: Google Test filter = HvfIntelProbe.FiniteDeadline
[==========] Running 1 test from 1 test suite.
[----------] 1 test from HvfIntelProbe
[ RUN      ] HvfIntelProbe.FiniteDeadline
INTEL_PROBE phase=executor_initialization
INTEL_PROBE phase=startup_probe
INTEL_PROBE phase=prepare_with_watchdog
INTEL_PROBE begin=finite_loop call=1 deadline=1708216894335 rip=65537 nonce=1708210999230 witness=0
INTEL_PROBE end=finite_loop call=1 status=0 mach_before=1708211916323 mach_after=1708218604370
INTEL_PROBE capture=finite_loop call=1 exec_before=962021 exec_after=7548860 reason_before=37 reason=52 rip_before=65537 rip=65540 rax=1708210999230 nonce=1708210999230 witness=1708210999230
INTEL_PROBE phase=prepare_with_watchdog
INTEL_PROBE begin=expired_mtf call=2 deadline=0 rip=65543 nonce=1708218712425 witness=0
INTEL_PROBE end=expired_mtf call=2 status=0 mach_before=1708220133944 mach_after=1708220178446
INTEL_PROBE capture=expired_mtf call=2 exec_before=7956190 exec_after=7998280 reason_before=37 reason=52 rip_before=65543 rip=65543 rax=1708218712425 nonce=1708218712425 witness=0
INTEL_PROBE phase=prepare_with_watchdog
INTEL_PROBE begin=finite_mtf call=3 deadline=1708226166372 rip=65543 nonce=1708220267027 witness=0
INTEL_PROBE end=finite_mtf call=3 status=0 mach_before=1708221180493 mach_after=1708221590924
INTEL_PROBE capture=finite_mtf call=3 exec_before=8326414 exec_after=8651979 reason_before=37 reason=37 rip_before=65543 rip=65546 rax=1708220267028 nonce=1708220267027 witness=0
INTEL_PROBE phase=verified_retry
INTEL_PROBE phase=prepare_with_watchdog
INTEL_PROBE phase=finite_retirement
[       OK ] HvfIntelProbe.FiniteDeadline (19 ms)
[----------] 1 test from HvfIntelProbe (19 ms total)

[==========] 1 test from 1 test suite ran. (19 ms total)
[  PASSED  ] 1 test.

Repeating all tests (iteration 5) . . .

Note: Google Test filter = HvfIntelProbe.FiniteDeadline
[==========] Running 1 test from 1 test suite.
[----------] 1 test from HvfIntelProbe
[ RUN      ] HvfIntelProbe.FiniteDeadline
INTEL_PROBE phase=executor_initialization
INTEL_PROBE phase=startup_probe
INTEL_PROBE phase=prepare_with_watchdog
INTEL_PROBE begin=finite_loop call=1 deadline=1708236418661 rip=65537 nonce=1708230441237 witness=0
INTEL_PROBE end=finite_loop call=1 status=0 mach_before=1708231440628 mach_after=1708236476412
INTEL_PROBE capture=finite_loop call=1 exec_before=979597 exec_after=5914221 reason_before=37 reason=52 rip_before=65537 rip=65540 rax=1708230441237 nonce=1708230441237 witness=1708230441237
INTEL_PROBE phase=prepare_with_watchdog
INTEL_PROBE begin=expired_mtf call=2 deadline=0 rip=65543 nonce=1708236588266 witness=0
INTEL_PROBE end=expired_mtf call=2 status=0 mach_before=1708237978136 mach_after=1708238020648
INTEL_PROBE capture=expired_mtf call=2 exec_before=6261932 exec_after=6302256 reason_before=37 reason=52 rip_before=65543 rip=65543 rax=1708236588266 nonce=1708236588266 witness=0
INTEL_PROBE phase=prepare_with_watchdog
INTEL_PROBE begin=finite_mtf call=3 deadline=1708244047300 rip=65543 nonce=1708238105372 witness=0
INTEL_PROBE end=finite_mtf call=3 status=0 mach_before=1708239065490 mach_after=1708239516406
INTEL_PROBE capture=finite_mtf call=3 exec_before=6663289 exec_after=7011890 reason_before=37 reason=37 rip_before=65543 rip=65546 rax=1708238105373 nonce=1708238105372 witness=0
INTEL_PROBE phase=verified_retry
INTEL_PROBE phase=prepare_with_watchdog
INTEL_PROBE phase=finite_retirement
[       OK ] HvfIntelProbe.FiniteDeadline (17 ms)
[----------] 1 test from HvfIntelProbe (17 ms total)

[==========] 1 test from 1 test suite ran. (17 ms total)
[  PASSED  ] 1 test.

Repeating all tests (iteration 6) . . .

Note: Google Test filter = HvfIntelProbe.FiniteDeadline
[==========] Running 1 test from 1 test suite.
[----------] 1 test from HvfIntelProbe
[ RUN      ] HvfIntelProbe.FiniteDeadline
INTEL_PROBE phase=executor_initialization
INTEL_PROBE phase=startup_probe
INTEL_PROBE phase=prepare_with_watchdog
INTEL_PROBE begin=finite_loop call=1 deadline=1708253752401 rip=65537 nonce=1708247801799 witness=0
INTEL_PROBE end=finite_loop call=1 status=0 mach_before=1708248775602 mach_after=1708253810179
INTEL_PROBE capture=finite_loop call=1 exec_before=891038 exec_after=5804825 reason_before=37 reason=52 rip_before=65537 rip=65540 rax=1708247801799 nonce=1708247801799 witness=1708247801799
INTEL_PROBE phase=prepare_with_watchdog
INTEL_PROBE begin=expired_mtf call=2 deadline=0 rip=65543 nonce=1708253880008 witness=0
INTEL_PROBE end=expired_mtf call=2 status=0 mach_before=1708255102516 mach_after=1708255144919
INTEL_PROBE capture=expired_mtf call=2 exec_before=6176454 exec_after=6216755 reason_before=37 reason=52 rip_before=65543 rip=65543 rax=1708253880008 nonce=1708253880008 witness=0
INTEL_PROBE phase=prepare_with_watchdog
INTEL_PROBE begin=finite_mtf call=3 deadline=1708261033980 rip=65543 nonce=1708255204838 witness=0
INTEL_PROBE end=finite_mtf call=3 status=0 mach_before=1708256051535 mach_after=1708256459998
INTEL_PROBE capture=finite_mtf call=3 exec_before=6535552 exec_after=6859656 reason_before=37 reason=37 rip_before=65543 rip=65546 rax=1708255204839 nonce=1708255204838 witness=0
INTEL_PROBE phase=verified_retry
INTEL_PROBE phase=prepare_with_watchdog
INTEL_PROBE phase=finite_retirement
[       OK ] HvfIntelProbe.FiniteDeadline (16 ms)
[----------] 1 test from HvfIntelProbe (17 ms total)

[==========] 1 test from 1 test suite ran. (17 ms total)
[  PASSED  ] 1 test.

Repeating all tests (iteration 7) . . .

Note: Google Test filter = HvfIntelProbe.FiniteDeadline
[==========] Running 1 test from 1 test suite.
[----------] 1 test from HvfIntelProbe
[ RUN      ] HvfIntelProbe.FiniteDeadline
INTEL_PROBE phase=executor_initialization
INTEL_PROBE phase=startup_probe
INTEL_PROBE phase=prepare_with_watchdog
INTEL_PROBE begin=finite_loop call=1 deadline=1708271039741 rip=65537 nonce=1708265189515 witness=0
INTEL_PROBE end=finite_loop call=1 status=0 mach_before=1708266064476 mach_after=1708271098588
INTEL_PROBE capture=finite_loop call=1 exec_before=955182 exec_after=5884615 reason_before=37 reason=52 rip_before=65537 rip=65540 rax=1708265189515 nonce=1708265189515 witness=1708265189515
INTEL_PROBE phase=prepare_with_watchdog
INTEL_PROBE begin=expired_mtf call=2 deadline=0 rip=65543 nonce=1708271170077 witness=0
INTEL_PROBE end=expired_mtf call=2 status=0 mach_before=1708272382028 mach_after=1708272452909
INTEL_PROBE capture=expired_mtf call=2 exec_before=6210349 exec_after=6278110 reason_before=37 reason=52 rip_before=65543 rip=65543 rax=1708271170077 nonce=1708271170077 witness=0
INTEL_PROBE phase=prepare_with_watchdog
INTEL_PROBE begin=finite_mtf call=3 deadline=1708278438750 rip=65543 nonce=1708272539374 witness=0
INTEL_PROBE end=finite_mtf call=3 status=0 mach_before=1708273453893 mach_after=1708273859322
INTEL_PROBE capture=finite_mtf call=3 exec_before=6647829 exec_after=6969253 reason_before=37 reason=37 rip_before=65543 rip=65546 rax=1708272539375 nonce=1708272539374 witness=0
INTEL_PROBE phase=verified_retry
INTEL_PROBE phase=prepare_with_watchdog
INTEL_PROBE phase=finite_retirement
[       OK ] HvfIntelProbe.FiniteDeadline (17 ms)
[----------] 1 test from HvfIntelProbe (17 ms total)

[==========] 1 test from 1 test suite ran. (17 ms total)
[  PASSED  ] 1 test.

Repeating all tests (iteration 8) . . .

Note: Google Test filter = HvfIntelProbe.FiniteDeadline
[==========] Running 1 test from 1 test suite.
[----------] 1 test from HvfIntelProbe
[ RUN      ] HvfIntelProbe.FiniteDeadline
INTEL_PROBE phase=executor_initialization
INTEL_PROBE phase=startup_probe
INTEL_PROBE phase=prepare_with_watchdog
INTEL_PROBE begin=finite_loop call=1 deadline=1708289082393 rip=65537 nonce=1708283268942 witness=0
INTEL_PROBE end=finite_loop call=1 status=0 mach_before=1708284184727 mach_after=1708290447941
INTEL_PROBE capture=finite_loop call=1 exec_before=1263249 exec_after=7373327 reason_before=37 reason=52 rip_before=65537 rip=65540 rax=1708283268942 nonce=1708283268942 witness=1708283268942
INTEL_PROBE phase=prepare_with_watchdog
INTEL_PROBE begin=expired_mtf call=2 deadline=0 rip=65543 nonce=1708290517515 witness=0
INTEL_PROBE end=expired_mtf call=2 status=0 mach_before=1708291872874 mach_after=1708291916891
INTEL_PROBE capture=expired_mtf call=2 exec_before=7744844 exec_after=7786646 reason_before=37 reason=52 rip_before=65543 rip=65543 rax=1708290517515 nonce=1708290517515 witness=0
INTEL_PROBE phase=prepare_with_watchdog
INTEL_PROBE begin=finite_mtf call=3 deadline=1708297910525 rip=65543 nonce=1708292003563 witness=0
INTEL_PROBE end=finite_mtf call=3 status=0 mach_before=1708292924319 mach_after=1708293338871
INTEL_PROBE capture=finite_mtf call=3 exec_before=8117417 exec_after=8444922 reason_before=37 reason=37 rip_before=65543 rip=65546 rax=1708292003564 nonce=1708292003563 witness=0
INTEL_PROBE phase=verified_retry
INTEL_PROBE phase=prepare_with_watchdog
INTEL_PROBE phase=finite_retirement
[       OK ] HvfIntelProbe.FiniteDeadline (19 ms)
[----------] 1 test from HvfIntelProbe (19 ms total)

[==========] 1 test from 1 test suite ran. (19 ms total)
[  PASSED  ] 1 test.

Repeating all tests (iteration 9) . . .

Note: Google Test filter = HvfIntelProbe.FiniteDeadline
[==========] Running 1 test from 1 test suite.
[----------] 1 test from HvfIntelProbe
[ RUN      ] HvfIntelProbe.FiniteDeadline
INTEL_PROBE phase=executor_initialization
INTEL_PROBE phase=startup_probe
INTEL_PROBE phase=prepare_with_watchdog
INTEL_PROBE begin=finite_loop call=1 deadline=1708308243156 rip=65537 nonce=1708302348157 witness=0
INTEL_PROBE end=finite_loop call=1 status=0 mach_before=1708303268001 mach_after=1708309492092
INTEL_PROBE capture=finite_loop call=1 exec_before=954504 exec_after=7045437 reason_before=37 reason=52 rip_before=65537 rip=65540 rax=1708302348157 nonce=1708302348157 witness=1708302348157
INTEL_PROBE phase=prepare_with_watchdog
INTEL_PROBE begin=expired_mtf call=2 deadline=0 rip=65543 nonce=1708309566436 witness=0
INTEL_PROBE end=expired_mtf call=2 status=0 mach_before=1708310974275 mach_after=1708311018976
INTEL_PROBE capture=expired_mtf call=2 exec_before=7438547 exec_after=7480662 reason_before=37 reason=52 rip_before=65543 rip=65543 rax=1708309566436 nonce=1708309566436 witness=0
INTEL_PROBE phase=prepare_with_watchdog
INTEL_PROBE begin=finite_mtf call=3 deadline=1708317028699 rip=65543 nonce=1708311109694 witness=0
INTEL_PROBE end=finite_mtf call=3 status=0 mach_before=1708312047830 mach_after=1708312505539
INTEL_PROBE capture=finite_mtf call=3 exec_before=7819085 exec_after=8170162 reason_before=37 reason=37 rip_before=65543 rip=65546 rax=1708311109695 nonce=1708311109694 witness=0
INTEL_PROBE phase=verified_retry
INTEL_PROBE phase=prepare_with_watchdog
INTEL_PROBE phase=finite_retirement
[       OK ] HvfIntelProbe.FiniteDeadline (19 ms)
[----------] 1 test from HvfIntelProbe (19 ms total)

[==========] 1 test from 1 test suite ran. (19 ms total)
[  PASSED  ] 1 test.

Repeating all tests (iteration 10) . . .

Note: Google Test filter = HvfIntelProbe.FiniteDeadline
[==========] Running 1 test from 1 test suite.
[----------] 1 test from HvfIntelProbe
[ RUN      ] HvfIntelProbe.FiniteDeadline
INTEL_PROBE phase=executor_initialization
INTEL_PROBE phase=startup_probe
INTEL_PROBE phase=prepare_with_watchdog
INTEL_PROBE begin=finite_loop call=1 deadline=1708328094827 rip=65537 nonce=1708322261008 witness=0
INTEL_PROBE end=finite_loop call=1 status=0 mach_before=1708323117061 mach_after=1708329675802
INTEL_PROBE capture=finite_loop call=1 exec_before=1070013 exec_after=7518272 reason_before=37 reason=52 rip_before=65537 rip=65540 rax=1708322261008 nonce=1708322261008 witness=1708322261008
INTEL_PROBE phase=prepare_with_watchdog
INTEL_PROBE begin=expired_mtf call=2 deadline=0 rip=65543 nonce=1708329752572 witness=0
INTEL_PROBE end=expired_mtf call=2 status=0 mach_before=1708331292963 mach_after=1708331336834
INTEL_PROBE capture=expired_mtf call=2 exec_before=7898202 exec_after=7939680 reason_before=37 reason=52 rip_before=65543 rip=65543 rax=1708329752572 nonce=1708329752572 witness=0
INTEL_PROBE phase=prepare_with_watchdog
INTEL_PROBE begin=finite_mtf call=3 deadline=1708337239465 rip=65543 nonce=1708331398575 witness=0
INTEL_PROBE end=finite_mtf call=3 status=0 mach_before=1708332253110 mach_after=1708332672723
INTEL_PROBE capture=finite_mtf call=3 exec_before=8271812 exec_after=8600455 reason_before=37 reason=37 rip_before=65543 rip=65546 rax=1708331398576 nonce=1708331398575 witness=0
INTEL_PROBE phase=verified_retry
INTEL_PROBE phase=prepare_with_watchdog
INTEL_PROBE phase=finite_retirement
[       OK ] HvfIntelProbe.FiniteDeadline (19 ms)
[----------] 1 test from HvfIntelProbe (19 ms total)

[==========] 1 test from 1 test suite ran. (19 ms total)
[  PASSED  ] 1 test.

Repeating all tests (iteration 11) . . .

Note: Google Test filter = HvfIntelProbe.FiniteDeadline
[==========] Running 1 test from 1 test suite.
[----------] 1 test from HvfIntelProbe
[ RUN      ] HvfIntelProbe.FiniteDeadline
INTEL_PROBE phase=executor_initialization
INTEL_PROBE phase=startup_probe
INTEL_PROBE phase=prepare_with_watchdog
INTEL_PROBE begin=finite_loop call=1 deadline=1708347503540 rip=65537 nonce=1708341482056 witness=0
INTEL_PROBE end=finite_loop call=1 status=0 mach_before=1708342530656 mach_after=1708347570886
INTEL_PROBE capture=finite_loop call=1 exec_before=1096201 exec_after=6024678 reason_before=37 reason=52 rip_before=65537 rip=65540 rax=1708341482056 nonce=1708341482056 witness=1708341482056
INTEL_PROBE phase=prepare_with_watchdog
INTEL_PROBE begin=expired_mtf call=2 deadline=0 rip=65543 nonce=1708347736895 witness=0
INTEL_PROBE end=expired_mtf call=2 status=0 mach_before=1708349328204 mach_after=1708349374681
INTEL_PROBE capture=expired_mtf call=2 exec_before=6458110 exec_after=6501844 reason_before=37 reason=52 rip_before=65543 rip=65543 rax=1708347736895 nonce=1708347736895 witness=0
INTEL_PROBE phase=prepare_with_watchdog
INTEL_PROBE begin=finite_mtf call=3 deadline=1708355621683 rip=65543 nonce=1708349468696 witness=0
INTEL_PROBE end=finite_mtf call=3 status=0 mach_before=1708350648546 mach_after=1708351075662
INTEL_PROBE capture=finite_mtf call=3 exec_before=6917794 exec_after=7254096 reason_before=37 reason=37 rip_before=65543 rip=65546 rax=1708349468697 nonce=1708349468696 witness=0
INTEL_PROBE phase=verified_retry
INTEL_PROBE phase=prepare_with_watchdog
INTEL_PROBE phase=finite_retirement
[       OK ] HvfIntelProbe.FiniteDeadline (18 ms)
[----------] 1 test from HvfIntelProbe (18 ms total)

[==========] 1 test from 1 test suite ran. (18 ms total)
[  PASSED  ] 1 test.

Repeating all tests (iteration 12) . . .

Note: Google Test filter = HvfIntelProbe.FiniteDeadline
[==========] Running 1 test from 1 test suite.
[----------] 1 test from HvfIntelProbe
[ RUN      ] HvfIntelProbe.FiniteDeadline
INTEL_PROBE phase=executor_initialization
INTEL_PROBE phase=startup_probe
INTEL_PROBE phase=prepare_with_watchdog
INTEL_PROBE begin=finite_loop call=1 deadline=1708366849686 rip=65537 nonce=1708360780200 witness=0
INTEL_PROBE end=finite_loop call=1 status=0 mach_before=1708361878050 mach_after=1708368580426
INTEL_PROBE capture=finite_loop call=1 exec_before=1174212 exec_after=7750510 reason_before=37 reason=52 rip_before=65537 rip=65540 rax=1708360780200 nonce=1708360780200 witness=1708360780200
INTEL_PROBE phase=prepare_with_watchdog
INTEL_PROBE begin=expired_mtf call=2 deadline=0 rip=65543 nonce=1708368687431 witness=0
INTEL_PROBE end=expired_mtf call=2 status=0 mach_before=1708370186758 mach_after=1708370257126
INTEL_PROBE capture=expired_mtf call=2 exec_before=8120772 exec_after=8187863 reason_before=37 reason=52 rip_before=65543 rip=65543 rax=1708368687431 nonce=1708368687431 witness=0
INTEL_PROBE phase=prepare_with_watchdog
INTEL_PROBE begin=finite_mtf call=3 deadline=1708376418029 rip=65543 nonce=1708370351700 witness=0
INTEL_PROBE end=finite_mtf call=3 status=0 mach_before=1708371436954 mach_after=1708371849061
INTEL_PROBE capture=finite_mtf call=3 exec_before=8566152 exec_after=8892516 reason_before=37 reason=37 rip_before=65543 rip=65546 rax=1708370351701 nonce=1708370351700 witness=0
INTEL_PROBE phase=verified_retry
INTEL_PROBE phase=prepare_with_watchdog
INTEL_PROBE phase=finite_retirement
[       OK ] HvfIntelProbe.FiniteDeadline (20 ms)
[----------] 1 test from HvfIntelProbe (20 ms total)

[==========] 1 test from 1 test suite ran. (20 ms total)
[  PASSED  ] 1 test.

Repeating all tests (iteration 13) . . .

Note: Google Test filter = HvfIntelProbe.FiniteDeadline
[==========] Running 1 test from 1 test suite.
[----------] 1 test from HvfIntelProbe
[ RUN      ] HvfIntelProbe.FiniteDeadline
INTEL_PROBE phase=executor_initialization
INTEL_PROBE phase=startup_probe
INTEL_PROBE phase=prepare_with_watchdog
INTEL_PROBE begin=finite_loop call=1 deadline=1708386552162 rip=65537 nonce=1708380572595 witness=0
INTEL_PROBE end=finite_loop call=1 status=0 mach_before=1708381576355 mach_after=1708387336847
INTEL_PROBE capture=finite_loop call=1 exec_before=959242 exec_after=6578890 reason_before=37 reason=52 rip_before=65537 rip=65540 rax=1708380572595 nonce=1708380572595 witness=1708380572595
INTEL_PROBE phase=prepare_with_watchdog
INTEL_PROBE begin=expired_mtf call=2 deadline=0 rip=65543 nonce=1708387410886 witness=0
INTEL_PROBE end=expired_mtf call=2 status=0 mach_before=1708389090277 mach_after=1708389132978
INTEL_PROBE capture=expired_mtf call=2 exec_before=6932303 exec_after=6972719 reason_before=37 reason=52 rip_before=65543 rip=65543 rax=1708387410886 nonce=1708387410886 witness=0
INTEL_PROBE phase=prepare_with_watchdog
INTEL_PROBE begin=finite_mtf call=3 deadline=1708395016646 rip=65543 nonce=1708389193015 witness=0
INTEL_PROBE end=finite_mtf call=3 status=0 mach_before=1708390029987 mach_after=1708390438735
INTEL_PROBE capture=finite_mtf call=3 exec_before=7298043 exec_after=7622994 reason_before=37 reason=37 rip_before=65543 rip=65546 rax=1708389193016 nonce=1708389193015 witness=0
INTEL_PROBE phase=verified_retry
INTEL_PROBE phase=prepare_with_watchdog
INTEL_PROBE phase=finite_retirement
[       OK ] HvfIntelProbe.FiniteDeadline (18 ms)
[----------] 1 test from HvfIntelProbe (18 ms total)

[==========] 1 test from 1 test suite ran. (18 ms total)
[  PASSED  ] 1 test.

Repeating all tests (iteration 14) . . .

Note: Google Test filter = HvfIntelProbe.FiniteDeadline
[==========] Running 1 test from 1 test suite.
[----------] 1 test from HvfIntelProbe
[ RUN      ] HvfIntelProbe.FiniteDeadline
INTEL_PROBE phase=executor_initialization
INTEL_PROBE phase=startup_probe
INTEL_PROBE phase=prepare_with_watchdog
INTEL_PROBE begin=finite_loop call=1 deadline=1708405413136 rip=65537 nonce=1708399064257 witness=0
INTEL_PROBE end=finite_loop call=1 status=0 mach_before=1708400434491 mach_after=1708409198514
INTEL_PROBE capture=finite_loop call=1 exec_before=1081784 exec_after=9671585 reason_before=37 reason=52 rip_before=65537 rip=65540 rax=1708399064257 nonce=1708399064257 witness=1708399064257
INTEL_PROBE phase=prepare_with_watchdog
INTEL_PROBE begin=expired_mtf call=2 deadline=0 rip=65543 nonce=1708409364101 witness=0
INTEL_PROBE end=expired_mtf call=2 status=0 mach_before=1708411356563 mach_after=1708411399301
INTEL_PROBE capture=expired_mtf call=2 exec_before=10122795 exec_after=10163234 reason_before=37 reason=52 rip_before=65543 rip=65543 rax=1708409364101 nonce=1708409364101 witness=0
INTEL_PROBE phase=prepare_with_watchdog
INTEL_PROBE begin=finite_mtf call=3 deadline=1708417670118 rip=65543 nonce=1708411456826 witness=0
INTEL_PROBE end=finite_mtf call=3 status=0 mach_before=1708412690169 mach_after=1708413203802
INTEL_PROBE capture=finite_mtf call=3 exec_before=10489854 exec_after=10884988 reason_before=37 reason=37 rip_before=65543 rip=65546 rax=1708411456827 nonce=1708411456826 witness=0
INTEL_PROBE phase=verified_retry
INTEL_PROBE phase=prepare_with_watchdog
INTEL_PROBE phase=finite_retirement
[       OK ] HvfIntelProbe.FiniteDeadline (22 ms)
[----------] 1 test from HvfIntelProbe (22 ms total)

[==========] 1 test from 1 test suite ran. (23 ms total)
[  PASSED  ] 1 test.

Repeating all tests (iteration 15) . . .

Note: Google Test filter = HvfIntelProbe.FiniteDeadline
[==========] Running 1 test from 1 test suite.
[----------] 1 test from HvfIntelProbe
[ RUN      ] HvfIntelProbe.FiniteDeadline
INTEL_PROBE phase=executor_initialization
INTEL_PROBE phase=startup_probe
INTEL_PROBE phase=prepare_with_watchdog
INTEL_PROBE begin=finite_loop call=1 deadline=1708429505328 rip=65537 nonce=1708422813561 witness=0
INTEL_PROBE end=finite_loop call=1 status=0 mach_before=1708424527842 mach_after=1708426000222
INTEL_PROBE capture=finite_loop call=1 exec_before=1352602 exec_after=2307265 reason_before=37 reason=1 rip_before=65537 rip=65540 rax=1708422813561 nonce=1708422813561 witness=1708422813561
INTEL_PROBE begin=finite_loop call=2 deadline=1708429505328 rip=65540 nonce=1708422813561 witness=1708422813561
INTEL_PROBE end=finite_loop call=2 status=0 mach_before=1708426027363 mach_after=1708431757889
INTEL_PROBE capture=finite_loop call=2 exec_before=2307265 exec_after=8031371 reason_before=1 reason=52 rip_before=65540 rip=65540 rax=1708422813561 nonce=1708422813561 witness=1708422813561
INTEL_PROBE phase=prepare_with_watchdog
INTEL_PROBE begin=expired_mtf call=3 deadline=0 rip=65543 nonce=1708431845971 witness=0
INTEL_PROBE end=expired_mtf call=3 status=0 mach_before=1708434214098 mach_after=1708434290409
INTEL_PROBE capture=expired_mtf call=3 exec_before=8429196 exec_after=8502055 reason_before=37 reason=52 rip_before=65543 rip=65543 rax=1708431845971 nonce=1708431845971 witness=0
INTEL_PROBE phase=prepare_with_watchdog
INTEL_PROBE begin=finite_mtf call=4 deadline=1708440715241 rip=65543 nonce=1708434362564 witness=0
INTEL_PROBE end=finite_mtf call=4 status=0 mach_before=1708435734041 mach_after=1708436229989
INTEL_PROBE capture=finite_mtf call=4 exec_before=9001882 exec_after=9384958 reason_before=37 reason=37 rip_before=65543 rip=65546 rax=1708434362565 nonce=1708434362564 witness=0
INTEL_PROBE phase=verified_retry
INTEL_PROBE phase=prepare_with_watchdog
INTEL_PROBE phase=finite_retirement
[       OK ] HvfIntelProbe.FiniteDeadline (23 ms)
[----------] 1 test from HvfIntelProbe (23 ms total)

[==========] 1 test from 1 test suite ran. (23 ms total)
[  PASSED  ] 1 test.

Repeating all tests (iteration 16) . . .

Note: Google Test filter = HvfIntelProbe.FiniteDeadline
[==========] Running 1 test from 1 test suite.
[----------] 1 test from HvfIntelProbe
[ RUN      ] HvfIntelProbe.FiniteDeadline
INTEL_PROBE phase=executor_initialization
INTEL_PROBE phase=startup_probe
INTEL_PROBE phase=prepare_with_watchdog
INTEL_PROBE begin=finite_loop call=1 deadline=1708452496556 rip=65537 nonce=1708445523750 witness=0
INTEL_PROBE end=finite_loop call=1 status=0 mach_before=1708447527093 mach_after=1708452564148
INTEL_PROBE capture=finite_loop call=1 exec_before=1143557 exec_after=6020501 reason_before=37 reason=52 rip_before=65537 rip=65540 rax=1708445523750 nonce=1708445523750 witness=1708445523750
INTEL_PROBE phase=prepare_with_watchdog
INTEL_PROBE begin=expired_mtf call=2 deadline=0 rip=65543 nonce=1708452670064 witness=0
INTEL_PROBE end=expired_mtf call=2 status=0 mach_before=1708454647057 mach_after=1708454691424
INTEL_PROBE capture=expired_mtf call=2 exec_before=6353801 exec_after=6395702 reason_before=37 reason=52 rip_before=65543 rip=65543 rax=1708452670064 nonce=1708452670064 witness=0
INTEL_PROBE phase=prepare_with_watchdog
INTEL_PROBE begin=finite_mtf call=3 deadline=1708461180641 rip=65543 nonce=1708454751454 witness=0
INTEL_PROBE end=finite_mtf call=3 status=0 mach_before=1708456200328 mach_after=1708456736346
INTEL_PROBE capture=finite_mtf call=3 exec_before=6803095 exec_after=7217521 reason_before=37 reason=37 rip_before=65543 rip=65546 rax=1708454751455 nonce=1708454751454 witness=0
INTEL_PROBE phase=verified_retry
INTEL_PROBE phase=prepare_with_watchdog
INTEL_PROBE phase=finite_retirement
[       OK ] HvfIntelProbe.FiniteDeadline (20 ms)
[----------] 1 test from HvfIntelProbe (20 ms total)

[==========] 1 test from 1 test suite ran. (20 ms total)
[  PASSED  ] 1 test.

Repeating all tests (iteration 17) . . .

Note: Google Test filter = HvfIntelProbe.FiniteDeadline
[==========] Running 1 test from 1 test suite.
[----------] 1 test from HvfIntelProbe
[ RUN      ] HvfIntelProbe.FiniteDeadline
INTEL_PROBE phase=executor_initialization
INTEL_PROBE phase=startup_probe
INTEL_PROBE phase=prepare_with_watchdog
INTEL_PROBE begin=finite_loop call=1 deadline=1708472902366 rip=65537 nonce=1708466527911 witness=0
INTEL_PROBE end=finite_loop call=1 status=0 mach_before=1708467929029 mach_after=1708472948596
INTEL_PROBE capture=finite_loop call=1 exec_before=1071382 exec_after=5885428 reason_before=37 reason=52 rip_before=65537 rip=65540 rax=1708466527911 nonce=1708466527911 witness=1708466527911
INTEL_PROBE phase=prepare_with_watchdog
INTEL_PROBE begin=expired_mtf call=2 deadline=0 rip=65543 nonce=1708473031778 witness=0
INTEL_PROBE end=expired_mtf call=2 status=0 mach_before=1708475051565 mach_after=1708475137090
INTEL_PROBE capture=expired_mtf call=2 exec_before=6337388 exec_after=6419105 reason_before=37 reason=52 rip_before=65543 rip=65543 rax=1708473031778 nonce=1708473031778 witness=0
INTEL_PROBE phase=prepare_with_watchdog
INTEL_PROBE begin=finite_mtf call=3 deadline=1708481180925 rip=65543 nonce=1708475206110 witness=0
INTEL_PROBE end=finite_mtf call=3 status=0 mach_before=1708476207258 mach_after=1708476636872
INTEL_PROBE capture=finite_mtf call=3 exec_before=6775629 exec_after=7112259 reason_before=37 reason=37 rip_before=65543 rip=65546 rax=1708475206111 nonce=1708475206110 witness=0
INTEL_PROBE phase=verified_retry
INTEL_PROBE phase=prepare_with_watchdog
INTEL_PROBE phase=finite_retirement
[       OK ] HvfIntelProbe.FiniteDeadline (20 ms)
[----------] 1 test from HvfIntelProbe (20 ms total)

[==========] 1 test from 1 test suite ran. (20 ms total)
[  PASSED  ] 1 test.

Repeating all tests (iteration 18) . . .

Note: Google Test filter = HvfIntelProbe.FiniteDeadline
[==========] Running 1 test from 1 test suite.
[----------] 1 test from HvfIntelProbe
[ RUN      ] HvfIntelProbe.FiniteDeadline
INTEL_PROBE phase=executor_initialization
INTEL_PROBE phase=startup_probe
INTEL_PROBE phase=prepare_with_watchdog
INTEL_PROBE begin=finite_loop call=1 deadline=1708493175427 rip=65537 nonce=1708486641203 witness=0
INTEL_PROBE end=finite_loop call=1 status=0 mach_before=1708488206150 mach_after=1708493221967
INTEL_PROBE capture=finite_loop call=1 exec_before=1049048 exec_after=5877511 reason_before=37 reason=52 rip_before=65537 rip=65540 rax=1708486641203 nonce=1708486641203 witness=1708486641203
INTEL_PROBE phase=prepare_with_watchdog
INTEL_PROBE begin=expired_mtf call=2 deadline=0 rip=65543 nonce=1708493320622 witness=0
INTEL_PROBE end=expired_mtf call=2 status=0 mach_before=1708495343205 mach_after=1708495416144
INTEL_PROBE capture=expired_mtf call=2 exec_before=6284250 exec_after=6354015 reason_before=37 reason=52 rip_before=65543 rip=65543 rax=1708493320622 nonce=1708493320622 witness=0
INTEL_PROBE phase=prepare_with_watchdog
INTEL_PROBE begin=finite_mtf call=3 deadline=1708501550038 rip=65543 nonce=1708495502398 witness=0
INTEL_PROBE end=finite_mtf call=3 status=0 mach_before=1708496565834 mach_after=1708497055296
INTEL_PROBE capture=finite_mtf call=3 exec_before=6765724 exec_after=7139013 reason_before=37 reason=37 rip_before=65543 rip=65546 rax=1708495502399 nonce=1708495502398 witness=0
INTEL_PROBE phase=verified_retry
INTEL_PROBE phase=prepare_with_watchdog
INTEL_PROBE phase=finite_retirement
[       OK ] HvfIntelProbe.FiniteDeadline (20 ms)
[----------] 1 test from HvfIntelProbe (20 ms total)

[==========] 1 test from 1 test suite ran. (20 ms total)
[  PASSED  ] 1 test.

Repeating all tests (iteration 19) . . .

Note: Google Test filter = HvfIntelProbe.FiniteDeadline
[==========] Running 1 test from 1 test suite.
[----------] 1 test from HvfIntelProbe
[ RUN      ] HvfIntelProbe.FiniteDeadline
INTEL_PROBE phase=executor_initialization
INTEL_PROBE phase=startup_probe
INTEL_PROBE phase=prepare_with_watchdog
INTEL_PROBE begin=finite_loop call=1 deadline=1708514697937 rip=65537 nonce=1708507876670 witness=0
INTEL_PROBE end=finite_loop call=1 status=0 mach_before=1708509742162 mach_after=1708514862238
INTEL_PROBE capture=finite_loop call=1 exec_before=1123719 exec_after=5856060 reason_before=37 reason=52 rip_before=65537 rip=65540 rax=1708507876670 nonce=1708507876670 witness=1708507876670
INTEL_PROBE phase=prepare_with_watchdog
INTEL_PROBE begin=expired_mtf call=2 deadline=0 rip=65543 nonce=1708514948863 witness=0
INTEL_PROBE end=expired_mtf call=2 status=0 mach_before=1708516724317 mach_after=1708516769451
INTEL_PROBE capture=expired_mtf call=2 exec_before=6323699 exec_after=6365947 reason_before=37 reason=52 rip_before=65543 rip=65543 rax=1708514948863 nonce=1708514948863 witness=0
INTEL_PROBE phase=prepare_with_watchdog
INTEL_PROBE begin=finite_mtf call=3 deadline=1708522934832 rip=65543 nonce=1708516823670 witness=0
INTEL_PROBE end=finite_mtf call=3 status=0 mach_before=1708517957204 mach_after=1708518284504
INTEL_PROBE capture=finite_mtf call=3 exec_before=6701498 exec_after=6824379 reason_before=37 reason=1 rip_before=65543 rip=65543 rax=1708516823670 nonce=1708516823670 witness=0
INTEL_PROBE phase=verified_retry
INTEL_PROBE phase=prepare_with_watchdog
INTEL_PROBE phase=finite_retirement
[       OK ] HvfIntelProbe.FiniteDeadline (20 ms)
[----------] 1 test from HvfIntelProbe (20 ms total)

[==========] 1 test from 1 test suite ran. (21 ms total)
[  PASSED  ] 1 test.

Repeating all tests (iteration 20) . . .

Note: Google Test filter = HvfIntelProbe.FiniteDeadline
[==========] Running 1 test from 1 test suite.
[----------] 1 test from HvfIntelProbe
[ RUN      ] HvfIntelProbe.FiniteDeadline
INTEL_PROBE phase=executor_initialization
INTEL_PROBE phase=startup_probe
INTEL_PROBE phase=prepare_with_watchdog
INTEL_PROBE begin=finite_loop call=1 deadline=1708534158103 rip=65537 nonce=1708527606282 witness=0
INTEL_PROBE end=finite_loop call=1 status=0 mach_before=1708529188167 mach_after=1708534206649
INTEL_PROBE capture=finite_loop call=1 exec_before=1018509 exec_after=5704481 reason_before=37 reason=52 rip_before=65537 rip=65540 rax=1708527606282 nonce=1708527606282 witness=1708527606282
INTEL_PROBE phase=prepare_with_watchdog
INTEL_PROBE begin=expired_mtf call=2 deadline=0 rip=65543 nonce=1708534306099 witness=0
INTEL_PROBE end=expired_mtf call=2 status=0 mach_before=1708536335553 mach_after=1708536381519
INTEL_PROBE capture=expired_mtf call=2 exec_before=6180552 exec_after=6224053 reason_before=37 reason=52 rip_before=65543 rip=65543 rax=1708534306099 nonce=1708534306099 witness=0
INTEL_PROBE phase=prepare_with_watchdog
INTEL_PROBE begin=finite_mtf call=3 deadline=1708542401144 rip=65543 nonce=1708536513218 witness=0
INTEL_PROBE end=finite_mtf call=3 status=0 mach_before=1708537421141 mach_after=1708537963924
INTEL_PROBE capture=finite_mtf call=3 exec_before=6576779 exec_after=6977888 reason_before=37 reason=37 rip_before=65543 rip=65546 rax=1708536513219 nonce=1708536513218 witness=0
INTEL_PROBE phase=verified_retry
INTEL_PROBE phase=prepare_with_watchdog
INTEL_PROBE phase=finite_retirement
[       OK ] HvfIntelProbe.FiniteDeadline (19 ms)
[----------] 1 test from HvfIntelProbe (19 ms total)

[==========] 1 test from 1 test suite ran. (19 ms total)
[  PASSED  ] 1 test.

Repeating all tests (iteration 21) . . .

Note: Google Test filter = HvfIntelProbe.FiniteDeadline
[==========] Running 1 test from 1 test suite.
[----------] 1 test from HvfIntelProbe
[ RUN      ] HvfIntelProbe.FiniteDeadline
INTEL_PROBE phase=executor_initialization
INTEL_PROBE phase=startup_probe
INTEL_PROBE phase=prepare_with_watchdog
INTEL_PROBE begin=finite_loop call=1 deadline=1708553794782 rip=65537 nonce=1708547621488 witness=0
INTEL_PROBE end=finite_loop call=1 status=0 mach_before=1708548830085 mach_after=1708550014213
INTEL_PROBE capture=finite_loop call=1 exec_before=1094855 exec_after=1969383 reason_before=37 reason=1 rip_before=65537 rip=65540 rax=1708547621488 nonce=1708547621488 witness=1708547621488
INTEL_PROBE begin=finite_loop call=2 deadline=1708553794782 rip=65540 nonce=1708547621488 witness=1708547621488
INTEL_PROBE end=finite_loop call=2 status=0 mach_before=1708550083837 mach_after=1708554965924
INTEL_PROBE capture=finite_loop call=2 exec_before=1969383 exec_after=6767874 reason_before=1 reason=52 rip_before=65540 rip=65540 rax=1708547621488 nonce=1708547621488 witness=1708547621488
INTEL_PROBE phase=prepare_with_watchdog
INTEL_PROBE begin=expired_mtf call=3 deadline=0 rip=65543 nonce=1708555064863 witness=0
INTEL_PROBE end=expired_mtf call=3 status=0 mach_before=1708556883642 mach_after=1708556948144
INTEL_PROBE capture=expired_mtf call=3 exec_before=7230408 exec_after=7291894 reason_before=37 reason=52 rip_before=65543 rip=65543 rax=1708555064863 nonce=1708555064863 witness=0
INTEL_PROBE phase=prepare_with_watchdog
INTEL_PROBE begin=finite_mtf call=4 deadline=1708563157228 rip=65543 nonce=1708557012121 witness=0
INTEL_PROBE end=finite_mtf call=4 status=0 mach_before=1708558180052 mach_after=1708558760393
INTEL_PROBE capture=finite_mtf call=4 exec_before=7690171 exec_after=8111521 reason_before=37 reason=37 rip_before=65543 rip=65546 rax=1708557012122 nonce=1708557012121 witness=0
INTEL_PROBE phase=verified_retry
INTEL_PROBE phase=prepare_with_watchdog
INTEL_PROBE phase=finite_retirement
[       OK ] HvfIntelProbe.FiniteDeadline (21 ms)
[----------] 1 test from HvfIntelProbe (21 ms total)

[==========] 1 test from 1 test suite ran. (21 ms total)
[  PASSED  ] 1 test.

Repeating all tests (iteration 22) . . .

Note: Google Test filter = HvfIntelProbe.FiniteDeadline
[==========] Running 1 test from 1 test suite.
[----------] 1 test from HvfIntelProbe
[ RUN      ] HvfIntelProbe.FiniteDeadline
INTEL_PROBE phase=executor_initialization
INTEL_PROBE phase=startup_probe
INTEL_PROBE phase=prepare_with_watchdog
INTEL_PROBE begin=finite_loop call=1 deadline=1708576291950 rip=65537 nonce=1708570186932 witness=0
INTEL_PROBE end=finite_loop call=1 status=0 mach_before=1708571316795 mach_after=1708576892254
INTEL_PROBE capture=finite_loop call=1 exec_before=1266725 exec_after=6453532 reason_before=37 reason=52 rip_before=65537 rip=65540 rax=1708570186932 nonce=1708570186932 witness=1708570186932
INTEL_PROBE phase=prepare_with_watchdog
INTEL_PROBE begin=expired_mtf call=2 deadline=0 rip=65543 nonce=1708576995270 witness=0
INTEL_PROBE end=expired_mtf call=2 status=0 mach_before=1708579117496 mach_after=1708579164814
INTEL_PROBE capture=expired_mtf call=2 exec_before=6958022 exec_after=7002579 reason_before=37 reason=52 rip_before=65543 rip=65543 rax=1708576995270 nonce=1708576995270 witness=0
INTEL_PROBE phase=prepare_with_watchdog
INTEL_PROBE begin=finite_mtf call=3 deadline=1708585510725 rip=65543 nonce=1708579228000 witness=0
INTEL_PROBE end=finite_mtf call=3 status=0 mach_before=1708580535986 mach_after=1708581144871
INTEL_PROBE capture=finite_mtf call=3 exec_before=7429594 exec_after=7913454 reason_before=37 reason=37 rip_before=65543 rip=65546 rax=1708579228001 nonce=1708579228000 witness=0
INTEL_PROBE phase=verified_retry
INTEL_PROBE phase=prepare_with_watchdog
INTEL_PROBE phase=finite_retirement
[       OK ] HvfIntelProbe.FiniteDeadline (22 ms)
[----------] 1 test from HvfIntelProbe (22 ms total)

[==========] 1 test from 1 test suite ran. (22 ms total)
[  PASSED  ] 1 test.

Repeating all tests (iteration 23) . . .

Note: Google Test filter = HvfIntelProbe.FiniteDeadline
[==========] Running 1 test from 1 test suite.
[----------] 1 test from HvfIntelProbe
[ RUN      ] HvfIntelProbe.FiniteDeadline
INTEL_PROBE phase=executor_initialization
INTEL_PROBE phase=startup_probe
INTEL_PROBE phase=prepare_with_watchdog
INTEL_PROBE begin=finite_loop call=1 deadline=1708597994378 rip=65537 nonce=1708591631597 witness=0
INTEL_PROBE end=finite_loop call=1 status=0 mach_before=1708593014699 mach_after=1708598040759
INTEL_PROBE capture=finite_loop call=1 exec_before=1102730 exec_after=5785288 reason_before=37 reason=52 rip_before=65537 rip=65540 rax=1708591631597 nonce=1708591631597 witness=1708591631597
INTEL_PROBE phase=prepare_with_watchdog
INTEL_PROBE begin=expired_mtf call=2 deadline=0 rip=65543 nonce=1708598122785 witness=0
INTEL_PROBE end=expired_mtf call=2 status=0 mach_before=1708600003544 mach_after=1708600049769
INTEL_PROBE capture=expired_mtf call=2 exec_before=6133424 exec_after=6176784 reason_before=37 reason=52 rip_before=65543 rip=65543 rax=1708598122785 nonce=1708598122785 witness=0
INTEL_PROBE phase=prepare_with_watchdog
INTEL_PROBE begin=finite_mtf call=3 deadline=1708606084911 rip=65543 nonce=1708600125144 witness=0
INTEL_PROBE end=finite_mtf call=3 status=0 mach_before=1708601104530 mach_after=1708601587300
INTEL_PROBE capture=finite_mtf call=3 exec_before=6543534 exec_after=6910555 reason_before=37 reason=37 rip_before=65543 rip=65546 rax=1708600125145 nonce=1708600125144 witness=0
INTEL_PROBE phase=verified_retry
INTEL_PROBE phase=prepare_with_watchdog
INTEL_PROBE phase=finite_retirement
[       OK ] HvfIntelProbe.FiniteDeadline (19 ms)
[----------] 1 test from HvfIntelProbe (19 ms total)

[==========] 1 test from 1 test suite ran. (19 ms total)
[  PASSED  ] 1 test.

Repeating all tests (iteration 24) . . .

Note: Google Test filter = HvfIntelProbe.FiniteDeadline
[==========] Running 1 test from 1 test suite.
[----------] 1 test from HvfIntelProbe
[ RUN      ] HvfIntelProbe.FiniteDeadline
INTEL_PROBE phase=executor_initialization
INTEL_PROBE phase=startup_probe
INTEL_PROBE phase=prepare_with_watchdog
INTEL_PROBE begin=finite_loop call=1 deadline=1708617593986 rip=65537 nonce=1708611322926 witness=0
INTEL_PROBE end=finite_loop call=1 status=0 mach_before=1708612618881 mach_after=1708617655499
INTEL_PROBE capture=finite_loop call=1 exec_before=1105880 exec_after=5822681 reason_before=37 reason=52 rip_before=65537 rip=65540 rax=1708611322926 nonce=1708611322926 witness=1708611322926
INTEL_PROBE phase=prepare_with_watchdog
INTEL_PROBE begin=expired_mtf call=2 deadline=0 rip=65543 nonce=1708617758828 witness=0
INTEL_PROBE end=expired_mtf call=2 status=0 mach_before=1708619453345 mach_after=1708619499141
INTEL_PROBE capture=expired_mtf call=2 exec_before=6206977 exec_after=6250088 reason_before=37 reason=52 rip_before=65543 rip=65543 rax=1708617758828 nonce=1708617758828 witness=0
INTEL_PROBE phase=prepare_with_watchdog
INTEL_PROBE begin=finite_mtf call=3 deadline=1708625901912 rip=65543 nonce=1708619562733 witness=0
INTEL_PROBE end=finite_mtf call=3 status=0 mach_before=1708620921934 mach_after=1708621474374
INTEL_PROBE capture=finite_mtf call=3 exec_before=6704884 exec_after=7106229 reason_before=37 reason=37 rip_before=65543 rip=65546 rax=1708619562734 nonce=1708619562733 witness=0
INTEL_PROBE phase=verified_retry
INTEL_PROBE phase=prepare_with_watchdog
INTEL_PROBE phase=finite_retirement
[       OK ] HvfIntelProbe.FiniteDeadline (19 ms)
[----------] 1 test from HvfIntelProbe (19 ms total)

[==========] 1 test from 1 test suite ran. (19 ms total)
[  PASSED  ] 1 test.

Repeating all tests (iteration 25) . . .

Note: Google Test filter = HvfIntelProbe.FiniteDeadline
[==========] Running 1 test from 1 test suite.
[----------] 1 test from HvfIntelProbe
[ RUN      ] HvfIntelProbe.FiniteDeadline
INTEL_PROBE phase=executor_initialization
INTEL_PROBE phase=startup_probe
INTEL_PROBE phase=prepare_with_watchdog
INTEL_PROBE begin=finite_loop call=1 deadline=1708637614730 rip=65537 nonce=1708631097942 witness=0
INTEL_PROBE end=finite_loop call=1 status=0 mach_before=1708632635838 mach_after=1708642394038
INTEL_PROBE capture=finite_loop call=1 exec_before=1009684 exec_after=10652482 reason_before=37 reason=52 rip_before=65537 rip=65540 rax=1708631097942 nonce=1708631097942 witness=1708631097942
INTEL_PROBE phase=prepare_with_watchdog
INTEL_PROBE begin=expired_mtf call=2 deadline=0 rip=65543 nonce=1708642495492 witness=0
INTEL_PROBE end=expired_mtf call=2 status=0 mach_before=1708644482379 mach_after=1708644528924
INTEL_PROBE capture=expired_mtf call=2 exec_before=11057067 exec_after=11101053 reason_before=37 reason=52 rip_before=65543 rip=65543 rax=1708642495492 nonce=1708642495492 witness=0
INTEL_PROBE phase=prepare_with_watchdog
INTEL_PROBE begin=finite_mtf call=3 deadline=1708650709861 rip=65543 nonce=1708644595095 witness=0
INTEL_PROBE end=finite_mtf call=3 status=0 mach_before=1708645729693 mach_after=1708646212831
INTEL_PROBE capture=finite_mtf call=3 exec_before=11495275 exec_after=11864597 reason_before=37 reason=37 rip_before=65543 rip=65546 rax=1708644595096 nonce=1708644595095 witness=0
INTEL_PROBE phase=verified_retry
INTEL_PROBE phase=prepare_with_watchdog
INTEL_PROBE phase=finite_retirement
[       OK ] HvfIntelProbe.FiniteDeadline (24 ms)
[----------] 1 test from HvfIntelProbe (24 ms total)

[==========] 1 test from 1 test suite ran. (24 ms total)
[  PASSED  ] 1 test.

Repeating all tests (iteration 26) . . .

Note: Google Test filter = HvfIntelProbe.FiniteDeadline
[==========] Running 1 test from 1 test suite.
[----------] 1 test from HvfIntelProbe
[ RUN      ] HvfIntelProbe.FiniteDeadline
INTEL_PROBE phase=executor_initialization
INTEL_PROBE phase=startup_probe
INTEL_PROBE phase=prepare_with_watchdog
INTEL_PROBE begin=finite_loop call=1 deadline=1708662376303 rip=65537 nonce=1708656121272 witness=0
INTEL_PROBE end=finite_loop call=1 status=0 mach_before=1708657396208 mach_after=1708664561603
INTEL_PROBE capture=finite_loop call=1 exec_before=1048420 exec_after=8005865 reason_before=37 reason=52 rip_before=65537 rip=65540 rax=1708656121272 nonce=1708656121272 witness=1708656121272
INTEL_PROBE phase=prepare_with_watchdog
INTEL_PROBE begin=expired_mtf call=2 deadline=0 rip=65543 nonce=1708664649858 witness=0
INTEL_PROBE end=expired_mtf call=2 status=0 mach_before=1708666460855 mach_after=1708666538165
INTEL_PROBE capture=expired_mtf call=2 exec_before=8403104 exec_after=8476274 reason_before=37 reason=52 rip_before=65543 rip=65543 rax=1708664649858 nonce=1708664649858 witness=0
INTEL_PROBE phase=prepare_with_watchdog
INTEL_PROBE begin=finite_mtf call=3 deadline=1708672756482 rip=65543 nonce=1708666607328 witness=0
INTEL_PROBE end=finite_mtf call=3 status=0 mach_before=1708667776078 mach_after=1708668336949
INTEL_PROBE capture=finite_mtf call=3 exec_before=8859995 exec_after=9290075 reason_before=37 reason=37 rip_before=65543 rip=65546 rax=1708666607329 nonce=1708666607328 witness=0
INTEL_PROBE phase=verified_retry
INTEL_PROBE phase=prepare_with_watchdog
INTEL_PROBE phase=finite_retirement
[       OK ] HvfIntelProbe.FiniteDeadline (22 ms)
[----------] 1 test from HvfIntelProbe (22 ms total)

[==========] 1 test from 1 test suite ran. (22 ms total)
[  PASSED  ] 1 test.

Repeating all tests (iteration 27) . . .

Note: Google Test filter = HvfIntelProbe.FiniteDeadline
[==========] Running 1 test from 1 test suite.
[----------] 1 test from HvfIntelProbe
[ RUN      ] HvfIntelProbe.FiniteDeadline
INTEL_PROBE phase=executor_initialization
INTEL_PROBE phase=startup_probe
INTEL_PROBE phase=prepare_with_watchdog
INTEL_PROBE begin=finite_loop call=1 deadline=1708686013009 rip=65537 nonce=1708679509766 witness=0
INTEL_PROBE end=finite_loop call=1 status=0 mach_before=1708681042823 mach_after=1708691056161
INTEL_PROBE capture=finite_loop call=1 exec_before=1540071 exec_after=11325415 reason_before=37 reason=52 rip_before=65537 rip=65540 rax=1708679509766 nonce=1708679509766 witness=1708679509766
INTEL_PROBE phase=prepare_with_watchdog
INTEL_PROBE begin=expired_mtf call=2 deadline=0 rip=65543 nonce=1708691169750 witness=0
INTEL_PROBE end=expired_mtf call=2 status=0 mach_before=1708693249190 mach_after=1708693451738
INTEL_PROBE capture=expired_mtf call=2 exec_before=11737196 exec_after=11935962 reason_before=37 reason=52 rip_before=65543 rip=65543 rax=1708691169750 nonce=1708691169750 witness=0
INTEL_PROBE phase=prepare_with_watchdog
INTEL_PROBE begin=finite_mtf call=3 deadline=1708699553977 rip=65543 nonce=1708693544045 witness=0
INTEL_PROBE end=finite_mtf call=3 status=0 mach_before=1708694572210 mach_after=1708695051847
INTEL_PROBE capture=finite_mtf call=3 exec_before=12297647 exec_after=12666485 reason_before=37 reason=37 rip_before=65543 rip=65546 rax=1708693544046 nonce=1708693544045 witness=0
INTEL_PROBE phase=verified_retry
INTEL_PROBE phase=prepare_with_watchdog
INTEL_PROBE phase=finite_retirement
[       OK ] HvfIntelProbe.FiniteDeadline (26 ms)
[----------] 1 test from HvfIntelProbe (26 ms total)

[==========] 1 test from 1 test suite ran. (26 ms total)
[  PASSED  ] 1 test.

Repeating all tests (iteration 28) . . .

Note: Google Test filter = HvfIntelProbe.FiniteDeadline
[==========] Running 1 test from 1 test suite.
[----------] 1 test from HvfIntelProbe
[ RUN      ] HvfIntelProbe.FiniteDeadline
INTEL_PROBE phase=executor_initialization
INTEL_PROBE phase=startup_probe
INTEL_PROBE phase=prepare_with_watchdog
INTEL_PROBE begin=finite_loop call=1 deadline=1708711199774 rip=65537 nonce=1708704674534 witness=0
INTEL_PROBE end=finite_loop call=1 status=0 mach_before=1708706226392 mach_after=1708706712494
INTEL_PROBE capture=finite_loop call=1 exec_before=1246962 exec_after=1509936 reason_before=37 reason=1 rip_before=65537 rip=65537 rax=1708704674534 nonce=1708704674534 witness=0
INTEL_PROBE begin=finite_loop call=2 deadline=1708711199774 rip=65537 nonce=1708704674534 witness=0
INTEL_PROBE end=finite_loop call=2 status=0 mach_before=1708706765484 mach_after=1708706859226
INTEL_PROBE capture=finite_loop call=2 exec_before=1509936 exec_after=1576989 reason_before=1 reason=1 rip_before=65537 rip=65537 rax=1708704674534 nonce=1708704674534 witness=0
INTEL_PROBE begin=finite_loop call=3 deadline=1708711199774 rip=65537 nonce=1708704674534 witness=0
INTEL_PROBE end=finite_loop call=3 status=0 mach_before=1708706877613 mach_after=1708711948336
INTEL_PROBE capture=finite_loop call=3 exec_before=1576989 exec_after=6385395 reason_before=1 reason=52 rip_before=65537 rip=65540 rax=1708704674534 nonce=1708704674534 witness=1708704674534
INTEL_PROBE phase=prepare_with_watchdog
INTEL_PROBE begin=expired_mtf call=4 deadline=0 rip=65543 nonce=1708712042100 witness=0
INTEL_PROBE end=expired_mtf call=4 status=0 mach_before=1708713951704 mach_after=1708714022483
INTEL_PROBE capture=expired_mtf call=4 exec_before=6736133 exec_after=6803762 reason_before=37 reason=52 rip_before=65543 rip=65543 rax=1708712042100 nonce=1708712042100 witness=0
INTEL_PROBE phase=prepare_with_watchdog
INTEL_PROBE begin=finite_mtf call=5 deadline=1708720158956 rip=65543 nonce=1708714089716 witness=0
INTEL_PROBE end=finite_mtf call=5 status=0 mach_before=1708715179844 mach_after=1708715782919
INTEL_PROBE capture=finite_mtf call=5 exec_before=7146060 exec_after=7602822 reason_before=37 reason=37 rip_before=65543 rip=65546 rax=1708714089717 nonce=1708714089716 witness=0
INTEL_PROBE phase=verified_retry
INTEL_PROBE phase=prepare_with_watchdog
INTEL_PROBE phase=finite_retirement
[       OK ] HvfIntelProbe.FiniteDeadline (20 ms)
[----------] 1 test from HvfIntelProbe (20 ms total)

[==========] 1 test from 1 test suite ran. (21 ms total)
[  PASSED  ] 1 test.

Repeating all tests (iteration 29) . . .

Note: Google Test filter = HvfIntelProbe.FiniteDeadline
[==========] Running 1 test from 1 test suite.
[----------] 1 test from HvfIntelProbe
[ RUN      ] HvfIntelProbe.FiniteDeadline
INTEL_PROBE phase=executor_initialization
INTEL_PROBE phase=startup_probe
INTEL_PROBE phase=prepare_with_watchdog
INTEL_PROBE begin=finite_loop call=1 deadline=1708731911151 rip=65537 nonce=1708725368141 witness=0
INTEL_PROBE end=finite_loop call=1 status=0 mach_before=1708726931783 mach_after=1708732462537
INTEL_PROBE capture=finite_loop call=1 exec_before=1035539 exec_after=6192405 reason_before=37 reason=52 rip_before=65537 rip=65540 rax=1708725368141 nonce=1708725368141 witness=1708725368141
INTEL_PROBE phase=prepare_with_watchdog
INTEL_PROBE begin=expired_mtf call=2 deadline=0 rip=65543 nonce=1708732553738 witness=0
INTEL_PROBE end=expired_mtf call=2 status=0 mach_before=1708734676923 mach_after=1708734754337
INTEL_PROBE capture=expired_mtf call=2 exec_before=6610113 exec_after=6684243 reason_before=37 reason=52 rip_before=65543 rip=65543 rax=1708732553738 nonce=1708732553738 witness=0
INTEL_PROBE phase=prepare_with_watchdog
INTEL_PROBE begin=finite_mtf call=3 deadline=1708741055566 rip=65543 nonce=1708734819867 witness=0
INTEL_PROBE end=finite_mtf call=3 status=0 mach_before=1708736077351 mach_after=1708736572026
INTEL_PROBE capture=finite_mtf call=3 exec_before=7098392 exec_after=7460712 reason_before=37 reason=37 rip_before=65543 rip=65546 rax=1708734819868 nonce=1708734819867 witness=0
INTEL_PROBE phase=verified_retry
INTEL_PROBE phase=prepare_with_watchdog
INTEL_PROBE phase=finite_retirement
[       OK ] HvfIntelProbe.FiniteDeadline (20 ms)
[----------] 1 test from HvfIntelProbe (20 ms total)

[==========] 1 test from 1 test suite ran. (20 ms total)
[  PASSED  ] 1 test.

Repeating all tests (iteration 30) . . .

Note: Google Test filter = HvfIntelProbe.FiniteDeadline
[==========] Running 1 test from 1 test suite.
[----------] 1 test from HvfIntelProbe
[ RUN      ] HvfIntelProbe.FiniteDeadline
INTEL_PROBE phase=executor_initialization
INTEL_PROBE phase=startup_probe
INTEL_PROBE phase=prepare_with_watchdog
INTEL_PROBE begin=finite_loop call=1 deadline=1708752673851 rip=65537 nonce=1708746410041 witness=0
INTEL_PROBE end=finite_loop call=1 status=0 mach_before=1708747715675 mach_after=1708755039695
INTEL_PROBE capture=finite_loop call=1 exec_before=1148634 exec_after=8303949 reason_before=37 reason=52 rip_before=65537 rip=65540 rax=1708746410041 nonce=1708746410041 witness=1708746410041
INTEL_PROBE phase=prepare_with_watchdog
INTEL_PROBE begin=expired_mtf call=2 deadline=0 rip=65543 nonce=1708755141637 witness=0
INTEL_PROBE end=expired_mtf call=2 status=0 mach_before=1708757420879 mach_after=1708757467514
INTEL_PROBE capture=expired_mtf call=2 exec_before=8763716 exec_after=8807580 reason_before=37 reason=52 rip_before=65543 rip=65543 rax=1708755141637 nonce=1708755141637 witness=0
INTEL_PROBE phase=prepare_with_watchdog
INTEL_PROBE begin=finite_mtf call=3 deadline=1708763914668 rip=65543 nonce=1708757702073 witness=0
INTEL_PROBE end=finite_mtf call=3 status=0 mach_before=1708758936193 mach_after=1708759451719
INTEL_PROBE capture=finite_mtf call=3 exec_before=9248028 exec_after=9625621 reason_before=37 reason=37 rip_before=65543 rip=65546 rax=1708757702074 nonce=1708757702073 witness=0
INTEL_PROBE phase=verified_retry
INTEL_PROBE phase=prepare_with_watchdog
INTEL_PROBE phase=finite_retirement
[       OK ] HvfIntelProbe.FiniteDeadline (24 ms)
[----------] 1 test from HvfIntelProbe (24 ms total)

[==========] 1 test from 1 test suite ran. (24 ms total)
[  PASSED  ] 1 test.

Repeating all tests (iteration 31) . . .

Note: Google Test filter = HvfIntelProbe.FiniteDeadline
[==========] Running 1 test from 1 test suite.
[----------] 1 test from HvfIntelProbe
[ RUN      ] HvfIntelProbe.FiniteDeadline
INTEL_PROBE phase=executor_initialization
INTEL_PROBE phase=startup_probe
INTEL_PROBE phase=prepare_with_watchdog
INTEL_PROBE begin=finite_loop call=1 deadline=1708781352658 rip=65537 nonce=1708774357382 witness=0
INTEL_PROBE end=finite_loop call=1 status=0 mach_before=1708776390319 mach_after=1708781397928
INTEL_PROBE capture=finite_loop call=1 exec_before=1474247 exec_after=6350274 reason_before=37 reason=52 rip_before=65537 rip=65540 rax=1708774357382 nonce=1708774357382 witness=1708774357382
INTEL_PROBE phase=prepare_with_watchdog
INTEL_PROBE begin=expired_mtf call=2 deadline=0 rip=65543 nonce=1708781646294 witness=0
INTEL_PROBE end=expired_mtf call=2 status=0 mach_before=1708784026597 mach_after=1708784105953
INTEL_PROBE capture=expired_mtf call=2 exec_before=6823023 exec_after=6898856 reason_before=37 reason=52 rip_before=65543 rip=65543 rax=1708781646294 nonce=1708781646294 witness=0
INTEL_PROBE phase=prepare_with_watchdog
INTEL_PROBE begin=finite_mtf call=3 deadline=1708790258304 rip=65543 nonce=1708784170680 witness=0
INTEL_PROBE end=finite_mtf call=3 status=0 mach_before=1708785277812 mach_after=1708785924140
INTEL_PROBE capture=finite_mtf call=3 exec_before=7253119 exec_after=7714888 reason_before=37 reason=37 rip_before=65543 rip=65546 rax=1708784170681 nonce=1708784170680 witness=0
INTEL_PROBE phase=verified_retry
INTEL_PROBE phase=prepare_with_watchdog
INTEL_PROBE phase=finite_retirement
[       OK ] HvfIntelProbe.FiniteDeadline (25 ms)
[----------] 1 test from HvfIntelProbe (25 ms total)

[==========] 1 test from 1 test suite ran. (25 ms total)
[  PASSED  ] 1 test.

Repeating all tests (iteration 32) . . .

Note: Google Test filter = HvfIntelProbe.FiniteDeadline
[==========] Running 1 test from 1 test suite.
[----------] 1 test from HvfIntelProbe
[ RUN      ] HvfIntelProbe.FiniteDeadline
INTEL_PROBE phase=executor_initialization
INTEL_PROBE phase=startup_probe
INTEL_PROBE phase=prepare_with_watchdog
INTEL_PROBE begin=finite_loop call=1 deadline=1708803863439 rip=65537 nonce=1708797317937 witness=0
INTEL_PROBE end=finite_loop call=1 status=0 mach_before=1708798891245 mach_after=1708804939935
INTEL_PROBE capture=finite_loop call=1 exec_before=1505507 exec_after=7249619 reason_before=37 reason=52 rip_before=65537 rip=65540 rax=1708797317937 nonce=1708797317937 witness=1708797317937
INTEL_PROBE phase=prepare_with_watchdog
INTEL_PROBE begin=expired_mtf call=2 deadline=0 rip=65543 nonce=1708805075247 witness=0
INTEL_PROBE end=expired_mtf call=2 status=0 mach_before=1708807253310 mach_after=1708807323880
INTEL_PROBE capture=expired_mtf call=2 exec_before=7676215 exec_after=7743398 reason_before=37 reason=52 rip_before=65543 rip=65543 rax=1708805075247 nonce=1708805075247 witness=0
INTEL_PROBE phase=prepare_with_watchdog
INTEL_PROBE begin=finite_mtf call=3 deadline=1708813488311 rip=65543 nonce=1708807406156 witness=0
INTEL_PROBE end=finite_mtf call=3 status=0 mach_before=1708808515966 mach_after=1708809100536
INTEL_PROBE capture=finite_mtf call=3 exec_before=8188061 exec_after=8614084 reason_before=37 reason=37 rip_before=65543 rip=65546 rax=1708807406157 nonce=1708807406156 witness=0
INTEL_PROBE phase=verified_retry
INTEL_PROBE phase=prepare_with_watchdog
INTEL_PROBE phase=finite_retirement
[       OK ] HvfIntelProbe.FiniteDeadline (22 ms)
[----------] 1 test from HvfIntelProbe (22 ms total)

[==========] 1 test from 1 test suite ran. (22 ms total)
[  PASSED  ] 1 test.

Repeating all tests (iteration 33) . . .

Note: Google Test filter = HvfIntelProbe.FiniteDeadline
[==========] Running 1 test from 1 test suite.
[----------] 1 test from HvfIntelProbe
[ RUN      ] HvfIntelProbe.FiniteDeadline
INTEL_PROBE phase=executor_initialization
INTEL_PROBE phase=startup_probe
INTEL_PROBE phase=prepare_with_watchdog
INTEL_PROBE begin=finite_loop call=1 deadline=1708826217636 rip=65537 nonce=1708819635928 witness=0
INTEL_PROBE end=finite_loop call=1 status=0 mach_before=1708821244360 mach_after=1708826264361
INTEL_PROBE capture=finite_loop call=1 exec_before=1301176 exec_after=6088073 reason_before=37 reason=52 rip_before=65537 rip=65540 rax=1708819635928 nonce=1708819635928 witness=1708819635928
INTEL_PROBE phase=prepare_with_watchdog
INTEL_PROBE begin=expired_mtf call=2 deadline=0 rip=65543 nonce=1708826350301 witness=0
INTEL_PROBE end=expired_mtf call=2 status=0 mach_before=1708828416757 mach_after=1708828463413
INTEL_PROBE capture=expired_mtf call=2 exec_before=6608939 exec_after=6653058 reason_before=37 reason=52 rip_before=65543 rip=65543 rax=1708826350301 nonce=1708826350301 witness=0
INTEL_PROBE phase=prepare_with_watchdog
INTEL_PROBE begin=finite_mtf call=3 deadline=1708834495964 rip=65543 nonce=1708828536759 witness=0
INTEL_PROBE end=finite_mtf call=3 status=0 mach_before=1708829519179 mach_after=1708830124999
INTEL_PROBE capture=finite_mtf call=3 exec_before=7014334 exec_after=7459962 reason_before=37 reason=37 rip_before=65543 rip=65546 rax=1708828536760 nonce=1708828536759 witness=0
INTEL_PROBE phase=verified_retry
INTEL_PROBE phase=prepare_with_watchdog
INTEL_PROBE phase=finite_retirement
[       OK ] HvfIntelProbe.FiniteDeadline (21 ms)
[----------] 1 test from HvfIntelProbe (21 ms total)

[==========] 1 test from 1 test suite ran. (21 ms total)
[  PASSED  ] 1 test.

Repeating all tests (iteration 34) . . .

Note: Google Test filter = HvfIntelProbe.FiniteDeadline
[==========] Running 1 test from 1 test suite.
[----------] 1 test from HvfIntelProbe
[ RUN      ] HvfIntelProbe.FiniteDeadline
INTEL_PROBE phase=executor_initialization
INTEL_PROBE phase=startup_probe
INTEL_PROBE phase=prepare_with_watchdog
INTEL_PROBE begin=finite_loop call=1 deadline=1708849364096 rip=65537 nonce=1708842706828 witness=0
INTEL_PROBE end=finite_loop call=1 status=0 mach_before=1708844387483 mach_after=1708849470570
INTEL_PROBE capture=finite_loop call=1 exec_before=1385142 exec_after=6236678 reason_before=37 reason=52 rip_before=65537 rip=65540 rax=1708842706828 nonce=1708842706828 witness=1708842706828
INTEL_PROBE phase=prepare_with_watchdog
INTEL_PROBE begin=expired_mtf call=2 deadline=0 rip=65543 nonce=1708849559622 witness=0
INTEL_PROBE end=expired_mtf call=2 status=0 mach_before=1708851362318 mach_after=1708851409173
INTEL_PROBE capture=expired_mtf call=2 exec_before=6641086 exec_after=6685179 reason_before=37 reason=52 rip_before=65543 rip=65543 rax=1708849559622 nonce=1708849559622 witness=0
INTEL_PROBE phase=prepare_with_watchdog
INTEL_PROBE begin=finite_mtf call=3 deadline=1708857490187 rip=65543 nonce=1708851465188 witness=0
INTEL_PROBE end=finite_mtf call=3 status=0 mach_before=1708852510572 mach_after=1708853091820
INTEL_PROBE capture=finite_mtf call=3 exec_before=7039982 exec_after=7450632 reason_before=37 reason=37 rip_before=65543 rip=65546 rax=1708851465189 nonce=1708851465188 witness=0
INTEL_PROBE phase=verified_retry
INTEL_PROBE phase=prepare_with_watchdog
INTEL_PROBE phase=finite_retirement
[       OK ] HvfIntelProbe.FiniteDeadline (22 ms)
[----------] 1 test from HvfIntelProbe (22 ms total)

[==========] 1 test from 1 test suite ran. (22 ms total)
[  PASSED  ] 1 test.

Repeating all tests (iteration 35) . . .

Note: Google Test filter = HvfIntelProbe.FiniteDeadline
[==========] Running 1 test from 1 test suite.
[----------] 1 test from HvfIntelProbe
[ RUN      ] HvfIntelProbe.FiniteDeadline
INTEL_PROBE phase=executor_initialization
INTEL_PROBE phase=startup_probe
INTEL_PROBE phase=prepare_with_watchdog
INTEL_PROBE begin=finite_loop call=1 deadline=1708876955999 rip=65537 nonce=1708870422296 witness=0
INTEL_PROBE end=finite_loop call=1 status=0 mach_before=1708871993576 mach_after=1708877003048
INTEL_PROBE capture=finite_loop call=1 exec_before=1414100 exec_after=6235536 reason_before=37 reason=52 rip_before=65537 rip=65540 rax=1708870422296 nonce=1708870422296 witness=1708870422296
INTEL_PROBE phase=prepare_with_watchdog
INTEL_PROBE begin=expired_mtf call=2 deadline=0 rip=65543 nonce=1708877089175 witness=0
INTEL_PROBE end=expired_mtf call=2 status=0 mach_before=1708878427589 mach_after=1708878515571
INTEL_PROBE capture=expired_mtf call=2 exec_before=6579543 exec_after=6663841 reason_before=37 reason=52 rip_before=65543 rip=65543 rax=1708877089175 nonce=1708877089175 witness=0
INTEL_PROBE phase=prepare_with_watchdog
INTEL_PROBE begin=finite_mtf call=3 deadline=1708885128627 rip=65543 nonce=1708878773593 witness=0
INTEL_PROBE end=finite_mtf call=3 status=0 mach_before=1708880175561 mach_after=1708880789556
INTEL_PROBE capture=finite_mtf call=3 exec_before=7089929 exec_after=7510620 reason_before=37 reason=37 rip_before=65543 rip=65546 rax=1708878773594 nonce=1708878773593 witness=0
INTEL_PROBE phase=verified_retry
INTEL_PROBE phase=prepare_with_watchdog
INTEL_PROBE phase=finite_retirement
[       OK ] HvfIntelProbe.FiniteDeadline (27 ms)
[----------] 1 test from HvfIntelProbe (27 ms total)

[==========] 1 test from 1 test suite ran. (27 ms total)
[  PASSED  ] 1 test.

Repeating all tests (iteration 36) . . .

Note: Google Test filter = HvfIntelProbe.FiniteDeadline
[==========] Running 1 test from 1 test suite.
[----------] 1 test from HvfIntelProbe
[ RUN      ] HvfIntelProbe.FiniteDeadline
INTEL_PROBE phase=executor_initialization
INTEL_PROBE phase=startup_probe
INTEL_PROBE phase=prepare_with_watchdog
INTEL_PROBE begin=finite_loop call=1 deadline=1708898374528 rip=65537 nonce=1708891789827 witness=0
INTEL_PROBE end=finite_loop call=1 status=0 mach_before=1708893399008 mach_after=1708907734557
INTEL_PROBE capture=finite_loop call=1 exec_before=1212508 exec_after=15307740 reason_before=37 reason=52 rip_before=65537 rip=65540 rax=1708891789827 nonce=1708891789827 witness=1708891789827
INTEL_PROBE phase=prepare_with_watchdog
INTEL_PROBE begin=expired_mtf call=2 deadline=0 rip=65543 nonce=1708907844900 witness=0
INTEL_PROBE end=expired_mtf call=2 status=0 mach_before=1708909851525 mach_after=1708909923787
INTEL_PROBE capture=expired_mtf call=2 exec_before=15660405 exec_after=15729190 reason_before=37 reason=52 rip_before=65543 rip=65543 rax=1708907844900 nonce=1708907844900 witness=0
INTEL_PROBE phase=prepare_with_watchdog
INTEL_PROBE begin=finite_mtf call=3 deadline=1708915959652 rip=65543 nonce=1708909981530 witness=0
INTEL_PROBE end=finite_mtf call=3 status=0 mach_before=1708910974835 mach_after=1708911398599
INTEL_PROBE capture=finite_mtf call=3 exec_before=16066872 exec_after=16401391 reason_before=37 reason=37 rip_before=65543 rip=65546 rax=1708909981531 nonce=1708909981530 witness=0
INTEL_PROBE phase=verified_retry
INTEL_PROBE phase=prepare_with_watchdog
INTEL_PROBE phase=finite_retirement
[       OK ] HvfIntelProbe.FiniteDeadline (30 ms)
[----------] 1 test from HvfIntelProbe (30 ms total)

[==========] 1 test from 1 test suite ran. (30 ms total)
[  PASSED  ] 1 test.

Repeating all tests (iteration 37) . . .

Note: Google Test filter = HvfIntelProbe.FiniteDeadline
[==========] Running 1 test from 1 test suite.
[----------] 1 test from HvfIntelProbe
[ RUN      ] HvfIntelProbe.FiniteDeadline
INTEL_PROBE phase=executor_initialization
INTEL_PROBE phase=startup_probe
INTEL_PROBE phase=prepare_with_watchdog
INTEL_PROBE begin=finite_loop call=1 deadline=1708928645310 rip=65537 nonce=1708921935295 witness=0
INTEL_PROBE end=finite_loop call=1 status=0 mach_before=1708923671430 mach_after=1708927566901
INTEL_PROBE capture=finite_loop call=1 exec_before=1337487 exec_after=4433498 reason_before=37 reason=1 rip_before=65537 rip=65540 rax=1708921935295 nonce=1708921935295 witness=1708921935295
INTEL_PROBE begin=finite_loop call=2 deadline=1708928645310 rip=65540 nonce=1708921935295 witness=1708921935295
INTEL_PROBE end=finite_loop call=2 status=0 mach_before=1708927602145 mach_after=1708928734113
INTEL_PROBE capture=finite_loop call=2 exec_before=4433498 exec_after=5561857 reason_before=1 reason=52 rip_before=65540 rip=65540 rax=1708921935295 nonce=1708921935295 witness=1708921935295
INTEL_PROBE phase=prepare_with_watchdog
INTEL_PROBE begin=expired_mtf call=3 deadline=0 rip=65543 nonce=1708928794862 witness=0
INTEL_PROBE end=expired_mtf call=3 status=0 mach_before=1708930687458 mach_after=1708930759138
INTEL_PROBE capture=expired_mtf call=3 exec_before=5948260 exec_after=6016838 reason_before=37 reason=52 rip_before=65543 rip=65543 rax=1708928794862 nonce=1708928794862 witness=0
INTEL_PROBE phase=prepare_with_watchdog
INTEL_PROBE begin=finite_mtf call=4 deadline=1708936840749 rip=65543 nonce=1708930817495 witness=0
INTEL_PROBE end=finite_mtf call=4 status=0 mach_before=1708931854490 mach_after=1708932285517
INTEL_PROBE capture=finite_mtf call=4 exec_before=6386055 exec_after=6726676 reason_before=37 reason=37 rip_before=65543 rip=65546 rax=1708930817496 nonce=1708930817495 witness=0
INTEL_PROBE phase=verified_retry
INTEL_PROBE phase=prepare_with_watchdog
INTEL_PROBE phase=finite_retirement
[       OK ] HvfIntelProbe.FiniteDeadline (20 ms)
[----------] 1 test from HvfIntelProbe (20 ms total)

[==========] 1 test from 1 test suite ran. (20 ms total)
[  PASSED  ] 1 test.

Repeating all tests (iteration 38) . . .

Note: Google Test filter = HvfIntelProbe.FiniteDeadline
[==========] Running 1 test from 1 test suite.
[----------] 1 test from HvfIntelProbe
[ RUN      ] HvfIntelProbe.FiniteDeadline
INTEL_PROBE phase=executor_initialization
INTEL_PROBE phase=startup_probe
INTEL_PROBE phase=prepare_with_watchdog
INTEL_PROBE begin=finite_loop call=1 deadline=1708949370512 rip=65537 nonce=1708942315443 witness=0
INTEL_PROBE end=finite_loop call=1 status=0 mach_before=1708944435601 mach_after=1708945145811
INTEL_PROBE capture=finite_loop call=1 exec_before=1178975 exec_after=1652203 reason_before=37 reason=1 rip_before=65537 rip=65540 rax=1708942315443 nonce=1708942315443 witness=1708942315443
INTEL_PROBE begin=finite_loop call=2 deadline=1708949370512 rip=65540 nonce=1708942315443 witness=1708942315443
INTEL_PROBE end=finite_loop call=2 status=0 mach_before=1708945174296 mach_after=1708953419087
INTEL_PROBE capture=finite_loop call=2 exec_before=1652203 exec_after=9813731 reason_before=1 reason=52 rip_before=65540 rip=65540 rax=1708942315443 nonce=1708942315443 witness=1708942315443
INTEL_PROBE phase=prepare_with_watchdog
INTEL_PROBE begin=expired_mtf call=3 deadline=0 rip=65543 nonce=1708953504176 witness=0
INTEL_PROBE end=expired_mtf call=3 status=0 mach_before=1708954888943 mach_after=1708954973538
INTEL_PROBE capture=expired_mtf call=3 exec_before=10196110 exec_after=10277179 reason_before=37 reason=52 rip_before=65543 rip=65543 rax=1708953504176 nonce=1708953504176 witness=0
INTEL_PROBE phase=prepare_with_watchdog
INTEL_PROBE begin=finite_mtf call=4 deadline=1708961314552 rip=65543 nonce=1708955040416 witness=0
INTEL_PROBE end=finite_mtf call=4 status=0 mach_before=1708956345628 mach_after=1708956789259
INTEL_PROBE capture=finite_mtf call=4 exec_before=10742865 exec_after=11093474 reason_before=37 reason=37 rip_before=65543 rip=65546 rax=1708955040417 nonce=1708955040416 witness=0
INTEL_PROBE phase=verified_retry
INTEL_PROBE phase=prepare_with_watchdog
INTEL_PROBE phase=finite_retirement
[       OK ] HvfIntelProbe.FiniteDeadline (25 ms)
[----------] 1 test from HvfIntelProbe (25 ms total)

[==========] 1 test from 1 test suite ran. (25 ms total)
[  PASSED  ] 1 test.

Repeating all tests (iteration 39) . . .

Note: Google Test filter = HvfIntelProbe.FiniteDeadline
[==========] Running 1 test from 1 test suite.
[----------] 1 test from HvfIntelProbe
[ RUN      ] HvfIntelProbe.FiniteDeadline
INTEL_PROBE phase=executor_initialization
INTEL_PROBE phase=startup_probe
INTEL_PROBE phase=prepare_with_watchdog
INTEL_PROBE begin=finite_loop call=1 deadline=1708975545229 rip=65537 nonce=1708968954352 witness=0
INTEL_PROBE end=finite_loop call=1 status=0 mach_before=1708970576707 mach_after=1708975637573
INTEL_PROBE capture=finite_loop call=1 exec_before=1720831 exec_after=6503781 reason_before=37 reason=52 rip_before=65537 rip=65540 rax=1708968954352 nonce=1708968954352 witness=1708968954352
INTEL_PROBE phase=prepare_with_watchdog
INTEL_PROBE begin=expired_mtf call=2 deadline=0 rip=65543 nonce=1708975729755 witness=0
INTEL_PROBE end=expired_mtf call=2 status=0 mach_before=1708977391661 mach_after=1708977440451
INTEL_PROBE capture=expired_mtf call=2 exec_before=6876990 exec_after=6922849 reason_before=37 reason=52 rip_before=65543 rip=65543 rax=1708975729755 nonce=1708975729755 witness=0
INTEL_PROBE phase=prepare_with_watchdog
INTEL_PROBE begin=finite_mtf call=3 deadline=1708983831434 rip=65543 nonce=1708977498004 witness=0
INTEL_PROBE end=finite_mtf call=3 status=0 mach_before=1708978871006 mach_after=1708979378178
INTEL_PROBE capture=finite_mtf call=3 exec_before=7379781 exec_after=7722027 reason_before=37 reason=37 rip_before=65543 rip=65546 rax=1708977498005 nonce=1708977498004 witness=0
INTEL_PROBE phase=verified_retry
INTEL_PROBE phase=prepare_with_watchdog
INTEL_PROBE phase=finite_retirement
[       OK ] HvfIntelProbe.FiniteDeadline (22 ms)
[----------] 1 test from HvfIntelProbe (22 ms total)

[==========] 1 test from 1 test suite ran. (22 ms total)
[  PASSED  ] 1 test.

Repeating all tests (iteration 40) . . .

Note: Google Test filter = HvfIntelProbe.FiniteDeadline
[==========] Running 1 test from 1 test suite.
[----------] 1 test from HvfIntelProbe
[ RUN      ] HvfIntelProbe.FiniteDeadline
INTEL_PROBE phase=executor_initialization
INTEL_PROBE phase=startup_probe
INTEL_PROBE phase=prepare_with_watchdog
INTEL_PROBE begin=finite_loop call=1 deadline=1708997972232 rip=65537 nonce=1708991310668 witness=0
INTEL_PROBE end=finite_loop call=1 status=0 mach_before=1708992997174 mach_after=1709000099610
INTEL_PROBE capture=finite_loop call=1 exec_before=1462476 exec_after=8407066 reason_before=37 reason=52 rip_before=65537 rip=65540 rax=1708991310668 nonce=1708991310668 witness=1708991310668
INTEL_PROBE phase=prepare_with_watchdog
INTEL_PROBE begin=expired_mtf call=2 deadline=0 rip=65543 nonce=1709000189065 witness=0
INTEL_PROBE end=expired_mtf call=2 status=0 mach_before=1709002797570 mach_after=1709002897461
INTEL_PROBE capture=expired_mtf call=2 exec_before=8805964 exec_after=8901983 reason_before=37 reason=52 rip_before=65543 rip=65543 rax=1709000189065 nonce=1709000189065 witness=0
INTEL_PROBE phase=prepare_with_watchdog
INTEL_PROBE begin=finite_mtf call=3 deadline=1709009156179 rip=65543 nonce=1709002966255 witness=0
INTEL_PROBE end=finite_mtf call=3 status=0 mach_before=1709004176025 mach_after=1709004727546
INTEL_PROBE capture=finite_mtf call=3 exec_before=9284975 exec_after=9709613 reason_before=37 reason=37 rip_before=65543 rip=65546 rax=1709002966256 nonce=1709002966255 witness=0
INTEL_PROBE phase=verified_retry
INTEL_PROBE phase=prepare_with_watchdog
INTEL_PROBE phase=finite_retirement
[       OK ] HvfIntelProbe.FiniteDeadline (25 ms)
[----------] 1 test from HvfIntelProbe (25 ms total)

[==========] 1 test from 1 test suite ran. (25 ms total)
[  PASSED  ] 1 test.

Repeating all tests (iteration 41) . . .

Note: Google Test filter = HvfIntelProbe.FiniteDeadline
[==========] Running 1 test from 1 test suite.
[----------] 1 test from HvfIntelProbe
[ RUN      ] HvfIntelProbe.FiniteDeadline
INTEL_PROBE phase=executor_initialization
INTEL_PROBE phase=startup_probe
INTEL_PROBE phase=prepare_with_watchdog
INTEL_PROBE begin=finite_loop call=1 deadline=1709023041804 rip=65537 nonce=1709016397046 witness=0
INTEL_PROBE end=finite_loop call=1 status=0 mach_before=1709018062197 mach_after=1709023410962
INTEL_PROBE capture=finite_loop call=1 exec_before=1724757 exec_after=6624985 reason_before=37 reason=52 rip_before=65537 rip=65540 rax=1709016397046 nonce=1709016397046 witness=1709016397046
INTEL_PROBE phase=prepare_with_watchdog
INTEL_PROBE begin=expired_mtf call=2 deadline=0 rip=65543 nonce=1709023511263 witness=0
INTEL_PROBE end=expired_mtf call=2 status=0 mach_before=1709025471204 mach_after=1709025543157
INTEL_PROBE capture=expired_mtf call=2 exec_before=6991537 exec_after=7060293 reason_before=37 reason=52 rip_before=65543 rip=65543 rax=1709023511263 nonce=1709023511263 witness=0
INTEL_PROBE phase=prepare_with_watchdog
INTEL_PROBE begin=finite_mtf call=3 deadline=1709031635538 rip=65543 nonce=1709025602283 witness=0
INTEL_PROBE end=finite_mtf call=3 status=0 mach_before=1709026656211 mach_after=1709027144597
INTEL_PROBE capture=finite_mtf call=3 exec_before=7414996 exec_after=7780777 reason_before=37 reason=37 rip_before=65543 rip=65546 rax=1709025602284 nonce=1709025602283 witness=0
INTEL_PROBE phase=verified_retry
INTEL_PROBE phase=prepare_with_watchdog
INTEL_PROBE phase=finite_retirement
[       OK ] HvfIntelProbe.FiniteDeadline (21 ms)
[----------] 1 test from HvfIntelProbe (21 ms total)

[==========] 1 test from 1 test suite ran. (21 ms total)
[  PASSED  ] 1 test.

Repeating all tests (iteration 42) . . .

Note: Google Test filter = HvfIntelProbe.FiniteDeadline
[==========] Running 1 test from 1 test suite.
[----------] 1 test from HvfIntelProbe
[ RUN      ] HvfIntelProbe.FiniteDeadline
INTEL_PROBE phase=executor_initialization
INTEL_PROBE phase=startup_probe
INTEL_PROBE phase=prepare_with_watchdog
INTEL_PROBE begin=finite_loop call=1 deadline=1709043821678 rip=65537 nonce=1709037131207 witness=0
INTEL_PROBE end=finite_loop call=1 status=0 mach_before=1709038871686 mach_after=1709048665332
INTEL_PROBE capture=finite_loop call=1 exec_before=1303939 exec_after=10639939 reason_before=37 reason=52 rip_before=65537 rip=65540 rax=1709037131207 nonce=1709037131207 witness=1709037131207
INTEL_PROBE phase=prepare_with_watchdog
INTEL_PROBE begin=expired_mtf call=2 deadline=0 rip=65543 nonce=1709048742554 witness=0
INTEL_PROBE end=expired_mtf call=2 status=0 mach_before=1709050867695 mach_after=1709050940135
INTEL_PROBE capture=expired_mtf call=2 exec_before=11006691 exec_after=11075788 reason_before=37 reason=52 rip_before=65543 rip=65543 rax=1709048742554 nonce=1709048742554 witness=0
INTEL_PROBE phase=prepare_with_watchdog
INTEL_PROBE begin=finite_mtf call=3 deadline=1709056996444 rip=65543 nonce=1709050999229 witness=0
INTEL_PROBE end=finite_mtf call=3 status=0 mach_before=1709052012793 mach_after=1709052600913
INTEL_PROBE capture=finite_mtf call=3 exec_before=11426548 exec_after=11823708 reason_before=37 reason=37 rip_before=65543 rip=65546 rax=1709050999230 nonce=1709050999229 witness=0
INTEL_PROBE phase=verified_retry
INTEL_PROBE phase=prepare_with_watchdog
INTEL_PROBE phase=finite_retirement
[       OK ] HvfIntelProbe.FiniteDeadline (25 ms)
[----------] 1 test from HvfIntelProbe (25 ms total)

[==========] 1 test from 1 test suite ran. (25 ms total)
[  PASSED  ] 1 test.

Repeating all tests (iteration 43) . . .

Note: Google Test filter = HvfIntelProbe.FiniteDeadline
[==========] Running 1 test from 1 test suite.
[----------] 1 test from HvfIntelProbe
[ RUN      ] HvfIntelProbe.FiniteDeadline
INTEL_PROBE phase=executor_initialization
INTEL_PROBE phase=startup_probe
INTEL_PROBE phase=prepare_with_watchdog
INTEL_PROBE begin=finite_loop call=1 deadline=1709069256993 rip=65537 nonce=1709063068879 witness=0
INTEL_PROBE end=finite_loop call=1 status=0 mach_before=1709064282722 mach_after=1709074635611
INTEL_PROBE capture=finite_loop call=1 exec_before=1500888 exec_after=11696193 reason_before=37 reason=52 rip_before=65537 rip=65540 rax=1709063068879 nonce=1709063068879 witness=1709063068879
INTEL_PROBE phase=prepare_with_watchdog
INTEL_PROBE begin=expired_mtf call=2 deadline=0 rip=65543 nonce=1709074721496 witness=0
INTEL_PROBE end=expired_mtf call=2 status=0 mach_before=1709077131278 mach_after=1709077197257
INTEL_PROBE capture=expired_mtf call=2 exec_before=12060867 exec_after=12123456 reason_before=37 reason=52 rip_before=65543 rip=65543 rax=1709074721496 nonce=1709074721496 witness=0
INTEL_PROBE phase=prepare_with_watchdog
INTEL_PROBE begin=finite_mtf call=3 deadline=1709083557220 rip=65543 nonce=1709077371048 witness=0
INTEL_PROBE end=finite_mtf call=3 status=0 mach_before=1709078582785 mach_after=1709079320342
INTEL_PROBE capture=finite_mtf call=3 exec_before=12566115 exec_after=13092645 reason_before=37 reason=37 rip_before=65543 rip=65546 rax=1709077371049 nonce=1709077371048 witness=0
INTEL_PROBE phase=verified_retry
INTEL_PROBE phase=prepare_with_watchdog
INTEL_PROBE phase=finite_retirement
[       OK ] HvfIntelProbe.FiniteDeadline (26 ms)
[----------] 1 test from HvfIntelProbe (26 ms total)

[==========] 1 test from 1 test suite ran. (26 ms total)
[  PASSED  ] 1 test.

Repeating all tests (iteration 44) . . .

Note: Google Test filter = HvfIntelProbe.FiniteDeadline
[==========] Running 1 test from 1 test suite.
[----------] 1 test from HvfIntelProbe
[ RUN      ] HvfIntelProbe.FiniteDeadline
INTEL_PROBE phase=executor_initialization
INTEL_PROBE phase=startup_probe
INTEL_PROBE phase=prepare_with_watchdog
INTEL_PROBE begin=finite_loop call=1 deadline=1709097575205 rip=65537 nonce=1709090293212 witness=0
INTEL_PROBE end=finite_loop call=1 status=0 mach_before=1709092595321 mach_after=1709106790297
INTEL_PROBE capture=finite_loop call=1 exec_before=1698031 exec_after=15685299 reason_before=37 reason=52 rip_before=65537 rip=65540 rax=1709090293212 nonce=1709090293212 witness=1709090293212
INTEL_PROBE phase=prepare_with_watchdog
INTEL_PROBE begin=expired_mtf call=2 deadline=0 rip=65543 nonce=1709106917789 witness=0
INTEL_PROBE end=expired_mtf call=2 status=0 mach_before=1709109058785 mach_after=1709109169245
INTEL_PROBE capture=expired_mtf call=2 exec_before=16040498 exec_after=16147190 reason_before=37 reason=52 rip_before=65543 rip=65543 rax=1709106917789 nonce=1709106917789 witness=0
INTEL_PROBE phase=prepare_with_watchdog
INTEL_PROBE begin=finite_mtf call=3 deadline=1709115425880 rip=65543 nonce=1709109312082 witness=0
INTEL_PROBE end=finite_mtf call=3 status=0 mach_before=1709110443002 mach_after=1709110920438
INTEL_PROBE capture=finite_mtf call=3 exec_before=16515072 exec_after=16898673 reason_before=37 reason=37 rip_before=65543 rip=65546 rax=1709109312083 nonce=1709109312082 witness=0
INTEL_PROBE phase=verified_retry
INTEL_PROBE phase=prepare_with_watchdog
INTEL_PROBE phase=finite_retirement
[       OK ] HvfIntelProbe.FiniteDeadline (31 ms)
[----------] 1 test from HvfIntelProbe (31 ms total)

[==========] 1 test from 1 test suite ran. (31 ms total)
[  PASSED  ] 1 test.

Repeating all tests (iteration 45) . . .

Note: Google Test filter = HvfIntelProbe.FiniteDeadline
[==========] Running 1 test from 1 test suite.
[----------] 1 test from HvfIntelProbe
[ RUN      ] HvfIntelProbe.FiniteDeadline
INTEL_PROBE phase=executor_initialization
INTEL_PROBE phase=startup_probe
INTEL_PROBE phase=prepare_with_watchdog
INTEL_PROBE begin=finite_loop call=1 deadline=1709127797753 rip=65537 nonce=1709121441667 witness=0
INTEL_PROBE end=finite_loop call=1 status=0 mach_before=1709122817828 mach_after=1709129330748
INTEL_PROBE capture=finite_loop call=1 exec_before=1388835 exec_after=7711778 reason_before=37 reason=1 rip_before=65537 rip=65540 rax=1709121441667 nonce=1709121441667 witness=1709121441667
INTEL_PROBE phase=prepare_with_watchdog
INTEL_PROBE begin=expired_mtf call=2 deadline=0 rip=65543 nonce=1709129470200 witness=0
INTEL_PROBE end=expired_mtf call=2 status=0 mach_before=1709131648578 mach_after=1709131742171
INTEL_PROBE capture=expired_mtf call=2 exec_before=8067420 exec_after=8157012 reason_before=37 reason=52 rip_before=65543 rip=65543 rax=1709129470200 nonce=1709129470200 witness=0
INTEL_PROBE phase=prepare_with_watchdog
INTEL_PROBE begin=finite_mtf call=3 deadline=1709137767590 rip=65543 nonce=1709131817687 witness=0
INTEL_PROBE end=finite_mtf call=3 status=0 mach_before=1709132787115 mach_after=1709133267044
INTEL_PROBE capture=finite_mtf call=3 exec_before=8539455 exec_after=8907546 reason_before=37 reason=37 rip_before=65543 rip=65546 rax=1709131817688 nonce=1709131817687 witness=0
INTEL_PROBE phase=verified_retry
INTEL_PROBE phase=prepare_with_watchdog
INTEL_PROBE phase=finite_retirement
[       OK ] HvfIntelProbe.FiniteDeadline (22 ms)
[----------] 1 test from HvfIntelProbe (22 ms total)

[==========] 1 test from 1 test suite ran. (22 ms total)
[  PASSED  ] 1 test.

Repeating all tests (iteration 46) . . .

Note: Google Test filter = HvfIntelProbe.FiniteDeadline
[==========] Running 1 test from 1 test suite.
[----------] 1 test from HvfIntelProbe
[ RUN      ] HvfIntelProbe.FiniteDeadline
INTEL_PROBE phase=executor_initialization
INTEL_PROBE phase=startup_probe
INTEL_PROBE phase=prepare_with_watchdog
INTEL_PROBE begin=finite_loop call=1 deadline=1709150197821 rip=65537 nonce=1709143816753 witness=0
INTEL_PROBE end=finite_loop call=1 status=0 mach_before=1709145225128 mach_after=1709150492488
INTEL_PROBE capture=finite_loop call=1 exec_before=1357480 exec_after=6374057 reason_before=37 reason=52 rip_before=65537 rip=65540 rax=1709143816753 nonce=1709143816753 witness=1709143816753
INTEL_PROBE phase=prepare_with_watchdog
INTEL_PROBE begin=expired_mtf call=2 deadline=0 rip=65543 nonce=1709150580240 witness=0
INTEL_PROBE end=expired_mtf call=2 status=0 mach_before=1709152386548 mach_after=1709152551712
INTEL_PROBE capture=expired_mtf call=2 exec_before=6742961 exec_after=6838723 reason_before=37 reason=52 rip_before=65543 rip=65543 rax=1709150580240 nonce=1709150580240 witness=0
INTEL_PROBE phase=prepare_with_watchdog
INTEL_PROBE begin=finite_mtf call=3 deadline=1709159125018 rip=65543 nonce=1709152630936 witness=0
INTEL_PROBE end=finite_mtf call=3 status=0 mach_before=1709154150156 mach_after=1709154823844
INTEL_PROBE capture=finite_mtf call=3 exec_before=7307328 exec_after=7747720 reason_before=37 reason=37 rip_before=65543 rip=65546 rax=1709152630937 nonce=1709152630936 witness=0
INTEL_PROBE phase=verified_retry
INTEL_PROBE phase=prepare_with_watchdog
INTEL_PROBE phase=finite_retirement
[       OK ] HvfIntelProbe.FiniteDeadline (21 ms)
[----------] 1 test from HvfIntelProbe (21 ms total)

[==========] 1 test from 1 test suite ran. (21 ms total)
[  PASSED  ] 1 test.

Repeating all tests (iteration 47) . . .

Note: Google Test filter = HvfIntelProbe.FiniteDeadline
[==========] Running 1 test from 1 test suite.
[----------] 1 test from HvfIntelProbe
[ RUN      ] HvfIntelProbe.FiniteDeadline
INTEL_PROBE phase=executor_initialization
INTEL_PROBE phase=startup_probe
INTEL_PROBE phase=prepare_with_watchdog
INTEL_PROBE begin=finite_loop call=1 deadline=1709172403891 rip=65537 nonce=1709166226625 witness=0
INTEL_PROBE end=finite_loop call=1 status=0 mach_before=1709167428366 mach_after=1709174712791
INTEL_PROBE capture=finite_loop call=1 exec_before=1467811 exec_after=8581631 reason_before=37 reason=1 rip_before=65537 rip=65540 rax=1709166226625 nonce=1709166226625 witness=1709166226625
INTEL_PROBE phase=prepare_with_watchdog
INTEL_PROBE begin=expired_mtf call=2 deadline=0 rip=65543 nonce=1709174827156 witness=0
INTEL_PROBE end=expired_mtf call=2 status=0 mach_before=1709176983965 mach_after=1709177058171
INTEL_PROBE capture=expired_mtf call=2 exec_before=8946848 exec_after=9017167 reason_before=37 reason=52 rip_before=65543 rip=65543 rax=1709174827156 nonce=1709174827156 witness=0
INTEL_PROBE phase=prepare_with_watchdog
INTEL_PROBE begin=finite_mtf call=3 deadline=1709183510287 rip=65543 nonce=1709177158838 witness=0
INTEL_PROBE end=finite_mtf call=3 status=0 mach_before=1709178533484 mach_after=1709179025323
INTEL_PROBE capture=finite_mtf call=3 exec_before=9396775 exec_after=9766598 reason_before=37 reason=37 rip_before=65543 rip=65546 rax=1709177158839 nonce=1709177158838 witness=0
INTEL_PROBE phase=verified_retry
INTEL_PROBE phase=prepare_with_watchdog
INTEL_PROBE phase=finite_retirement
[       OK ] HvfIntelProbe.FiniteDeadline (24 ms)
[----------] 1 test from HvfIntelProbe (24 ms total)

[==========] 1 test from 1 test suite ran. (24 ms total)
[  PASSED  ] 1 test.

Repeating all tests (iteration 48) . . .

Note: Google Test filter = HvfIntelProbe.FiniteDeadline
[==========] Running 1 test from 1 test suite.
[----------] 1 test from HvfIntelProbe
[ RUN      ] HvfIntelProbe.FiniteDeadline
INTEL_PROBE phase=executor_initialization
INTEL_PROBE phase=startup_probe
INTEL_PROBE phase=prepare_with_watchdog
INTEL_PROBE begin=finite_loop call=1 deadline=1709197253394 rip=65537 nonce=1709190830069 witness=0
INTEL_PROBE end=finite_loop call=1 status=0 mach_before=1709192289571 mach_after=1709202111307
INTEL_PROBE capture=finite_loop call=1 exec_before=2193590 exec_after=11874007 reason_before=37 reason=52 rip_before=65537 rip=65540 rax=1709190830069 nonce=1709190830069 witness=1709190830069
INTEL_PROBE phase=prepare_with_watchdog
INTEL_PROBE begin=expired_mtf call=2 deadline=0 rip=65543 nonce=1709202183365 witness=0
INTEL_PROBE end=expired_mtf call=2 status=0 mach_before=1709204267251 mach_after=1709204359539
INTEL_PROBE capture=expired_mtf call=2 exec_before=12232013 exec_after=12320813 reason_before=37 reason=52 rip_before=65543 rip=65543 rax=1709202183365 nonce=1709202183365 witness=0
INTEL_PROBE phase=prepare_with_watchdog
INTEL_PROBE begin=finite_mtf call=3 deadline=1709210580872 rip=65543 nonce=1709204460978 witness=0
INTEL_PROBE end=finite_mtf call=3 status=0 mach_before=1709205610522 mach_after=1709206127735
INTEL_PROBE capture=finite_mtf call=3 exec_before=12801959 exec_after=13197377 reason_before=37 reason=37 rip_before=65543 rip=65546 rax=1709204460979 nonce=1709204460978 witness=0
INTEL_PROBE phase=verified_retry
INTEL_PROBE phase=prepare_with_watchdog
INTEL_PROBE phase=finite_retirement
[       OK ] HvfIntelProbe.FiniteDeadline (26 ms)
[----------] 1 test from HvfIntelProbe (26 ms total)

[==========] 1 test from 1 test suite ran. (26 ms total)
[  PASSED  ] 1 test.

Repeating all tests (iteration 49) . . .

Note: Google Test filter = HvfIntelProbe.FiniteDeadline
[==========] Running 1 test from 1 test suite.
[----------] 1 test from HvfIntelProbe
[ RUN      ] HvfIntelProbe.FiniteDeadline
INTEL_PROBE phase=executor_initialization
INTEL_PROBE phase=startup_probe
INTEL_PROBE phase=prepare_with_watchdog
INTEL_PROBE begin=finite_loop call=1 deadline=1709223742657 rip=65537 nonce=1709217023008 witness=0
INTEL_PROBE end=finite_loop call=1 status=0 mach_before=1709218773956 mach_after=1709224162236
INTEL_PROBE capture=finite_loop call=1 exec_before=1383678 exec_after=6385573 reason_before=37 reason=52 rip_before=65537 rip=65540 rax=1709217023008 nonce=1709217023008 witness=1709217023008
INTEL_PROBE phase=prepare_with_watchdog
INTEL_PROBE begin=expired_mtf call=2 deadline=0 rip=65543 nonce=1709224257776 witness=0
INTEL_PROBE end=expired_mtf call=2 status=0 mach_before=1709226003726 mach_after=1709226102097
INTEL_PROBE capture=expired_mtf call=2 exec_before=6918325 exec_after=7013218 reason_before=37 reason=52 rip_before=65543 rip=65543 rax=1709224257776 nonce=1709224257776 witness=0
INTEL_PROBE phase=prepare_with_watchdog
INTEL_PROBE begin=finite_mtf call=3 deadline=1709232457712 rip=65543 nonce=1709226183136 witness=0
INTEL_PROBE end=finite_mtf call=3 status=0 mach_before=1709227476904 mach_after=1709227965078
INTEL_PROBE capture=finite_mtf call=3 exec_before=7372587 exec_after=7747155 reason_before=37 reason=37 rip_before=65543 rip=65546 rax=1709226183137 nonce=1709226183136 witness=0
INTEL_PROBE phase=verified_retry
INTEL_PROBE phase=prepare_with_watchdog
INTEL_PROBE phase=finite_retirement
[       OK ] HvfIntelProbe.FiniteDeadline (22 ms)
[----------] 1 test from HvfIntelProbe (22 ms total)

[==========] 1 test from 1 test suite ran. (22 ms total)
[  PASSED  ] 1 test.

Repeating all tests (iteration 50) . . .

Note: Google Test filter = HvfIntelProbe.FiniteDeadline
[==========] Running 1 test from 1 test suite.
[----------] 1 test from HvfIntelProbe
[ RUN      ] HvfIntelProbe.FiniteDeadline
INTEL_PROBE phase=executor_initialization
INTEL_PROBE phase=startup_probe
INTEL_PROBE phase=prepare_with_watchdog
INTEL_PROBE begin=finite_loop call=1 deadline=1709245487801 rip=65537 nonce=1709238920047 witness=0
INTEL_PROBE end=finite_loop call=1 status=0 mach_before=1709240516237 mach_after=1709245533999
INTEL_PROBE capture=finite_loop call=1 exec_before=1465967 exec_after=6261869 reason_before=37 reason=52 rip_before=65537 rip=65540 rax=1709238920047 nonce=1709238920047 witness=1709238920047
INTEL_PROBE phase=prepare_with_watchdog
INTEL_PROBE begin=expired_mtf call=2 deadline=0 rip=65543 nonce=1709245615136 witness=0
INTEL_PROBE end=expired_mtf call=2 status=0 mach_before=1709247433764 mach_after=1709247479724
INTEL_PROBE capture=expired_mtf call=2 exec_before=6601274 exec_after=6644676 reason_before=37 reason=52 rip_before=65543 rip=65543 rax=1709245615136 nonce=1709245615136 witness=0
INTEL_PROBE phase=prepare_with_watchdog
INTEL_PROBE begin=finite_mtf call=3 deadline=1709253541133 rip=65543 nonce=1709247534363 witness=0
INTEL_PROBE end=finite_mtf call=3 status=0 mach_before=1709248569234 mach_after=1709248999039
INTEL_PROBE capture=finite_mtf call=3 exec_before=7002798 exec_after=7341506 reason_before=37 reason=37 rip_before=65543 rip=65546 rax=1709247534364 nonce=1709247534363 witness=0
INTEL_PROBE phase=verified_retry
INTEL_PROBE phase=prepare_with_watchdog
INTEL_PROBE phase=finite_retirement
[       OK ] HvfIntelProbe.FiniteDeadline (20 ms)
[----------] 1 test from HvfIntelProbe (20 ms total)

[==========] 1 test from 1 test suite ran. (20 ms total)
[  PASSED  ] 1 test.

Repeating all tests (iteration 51) . . .

Note: Google Test filter = HvfIntelProbe.FiniteDeadline
[==========] Running 1 test from 1 test suite.
[----------] 1 test from HvfIntelProbe
[ RUN      ] HvfIntelProbe.FiniteDeadline
INTEL_PROBE phase=executor_initialization
INTEL_PROBE phase=startup_probe
INTEL_PROBE phase=prepare_with_watchdog
INTEL_PROBE begin=finite_loop call=1 deadline=1709266648377 rip=65537 nonce=1709259959875 witness=0
INTEL_PROBE end=finite_loop call=1 status=0 mach_before=1709261671153 mach_after=1709274579698
INTEL_PROBE capture=finite_loop call=1 exec_before=1615055 exec_after=14351335 reason_before=37 reason=52 rip_before=65537 rip=65540 rax=1709259959875 nonce=1709259959875 witness=1709259959875
INTEL_PROBE phase=prepare_with_watchdog
INTEL_PROBE begin=expired_mtf call=2 deadline=0 rip=65543 nonce=1709274671864 witness=0
INTEL_PROBE end=expired_mtf call=2 status=0 mach_before=1709276921582 mach_after=1709277040419
INTEL_PROBE capture=expired_mtf call=2 exec_before=14697581 exec_after=14791353 reason_before=37 reason=52 rip_before=65543 rip=65543 rax=1709274671864 nonce=1709274671864 witness=0
INTEL_PROBE phase=prepare_with_watchdog
INTEL_PROBE begin=finite_mtf call=3 deadline=1709283052567 rip=65543 nonce=1709277105544 witness=0
INTEL_PROBE end=finite_mtf call=3 status=0 mach_before=1709278069410 mach_after=1709278596256
INTEL_PROBE capture=finite_mtf call=3 exec_before=15140768 exec_after=15533690 reason_before=37 reason=37 rip_before=65543 rip=65546 rax=1709277105545 nonce=1709277105544 witness=0
INTEL_PROBE phase=verified_retry
INTEL_PROBE phase=prepare_with_watchdog
INTEL_PROBE phase=finite_retirement
[       OK ] HvfIntelProbe.FiniteDeadline (29 ms)
[----------] 1 test from HvfIntelProbe (29 ms total)

[==========] 1 test from 1 test suite ran. (29 ms total)
[  PASSED  ] 1 test.

Repeating all tests (iteration 52) . . .

Note: Google Test filter = HvfIntelProbe.FiniteDeadline
[==========] Running 1 test from 1 test suite.
[----------] 1 test from HvfIntelProbe
[ RUN      ] HvfIntelProbe.FiniteDeadline
INTEL_PROBE phase=executor_initialization
INTEL_PROBE phase=startup_probe
INTEL_PROBE phase=prepare_with_watchdog
INTEL_PROBE begin=finite_loop call=1 deadline=1709296573537 rip=65537 nonce=1709290142012 witness=0
INTEL_PROBE end=finite_loop call=1 status=0 mach_before=1709291602943 mach_after=1709297246062
INTEL_PROBE capture=finite_loop call=1 exec_before=2552719 exec_after=7998921 reason_before=37 reason=52 rip_before=65537 rip=65540 rax=1709290142012 nonce=1709290142012 witness=1709290142012
INTEL_PROBE phase=prepare_with_watchdog
INTEL_PROBE begin=expired_mtf call=2 deadline=0 rip=65543 nonce=1709297346980 witness=0
INTEL_PROBE end=expired_mtf call=2 status=0 mach_before=1709299791314 mach_after=1709299837235
INTEL_PROBE capture=expired_mtf call=2 exec_before=8370748 exec_after=8414045 reason_before=37 reason=52 rip_before=65543 rip=65543 rax=1709297346980 nonce=1709297346980 witness=0
INTEL_PROBE phase=prepare_with_watchdog
INTEL_PROBE begin=finite_mtf call=3 deadline=1709305900150 rip=65543 nonce=1709299901717 witness=0
INTEL_PROBE end=finite_mtf call=3 status=0 mach_before=1709300920827 mach_after=1709301397975
INTEL_PROBE capture=finite_mtf call=3 exec_before=8770425 exec_after=9135701 reason_before=37 reason=37 rip_before=65543 rip=65546 rax=1709299901718 nonce=1709299901717 witness=0
INTEL_PROBE phase=verified_retry
INTEL_PROBE phase=prepare_with_watchdog
INTEL_PROBE phase=finite_retirement
[       OK ] HvfIntelProbe.FiniteDeadline (22 ms)
[----------] 1 test from HvfIntelProbe (22 ms total)

[==========] 1 test from 1 test suite ran. (22 ms total)
[  PASSED  ] 1 test.

Repeating all tests (iteration 53) . . .

Note: Google Test filter = HvfIntelProbe.FiniteDeadline
[==========] Running 1 test from 1 test suite.
[----------] 1 test from HvfIntelProbe
[ RUN      ] HvfIntelProbe.FiniteDeadline
INTEL_PROBE phase=executor_initialization
INTEL_PROBE phase=startup_probe
INTEL_PROBE phase=prepare_with_watchdog
INTEL_PROBE begin=finite_loop call=1 deadline=1709318327547 rip=65537 nonce=1709311719550 witness=0
INTEL_PROBE end=finite_loop call=1 status=0 mach_before=1709313357205 mach_after=1709325147090
INTEL_PROBE capture=finite_loop call=1 exec_before=1201743 exec_after=12648087 reason_before=37 reason=52 rip_before=65537 rip=65540 rax=1709311719550 nonce=1709311719550 witness=1709311719550
INTEL_PROBE phase=prepare_with_watchdog
INTEL_PROBE begin=expired_mtf call=2 deadline=0 rip=65543 nonce=1709325244572 witness=0
INTEL_PROBE end=expired_mtf call=2 status=0 mach_before=1709327534302 mach_after=1709327606651
INTEL_PROBE capture=expired_mtf call=2 exec_before=13018434 exec_after=13087478 reason_before=37 reason=52 rip_before=65543 rip=65543 rax=1709325244572 nonce=1709325244572 witness=0
INTEL_PROBE phase=prepare_with_watchdog
INTEL_PROBE begin=finite_mtf call=3 deadline=1709333840783 rip=65543 nonce=1709327666809 witness=0
INTEL_PROBE end=finite_mtf call=3 status=0 mach_before=1709328860174 mach_after=1709329353955
INTEL_PROBE capture=finite_mtf call=3 exec_before=13520442 exec_after=13898281 reason_before=37 reason=37 rip_before=65543 rip=65546 rax=1709327666810 nonce=1709327666809 witness=0
INTEL_PROBE phase=verified_retry
INTEL_PROBE phase=prepare_with_watchdog
INTEL_PROBE phase=finite_retirement
[       OK ] HvfIntelProbe.FiniteDeadline (27 ms)
[----------] 1 test from HvfIntelProbe (27 ms total)

[==========] 1 test from 1 test suite ran. (27 ms total)
[  PASSED  ] 1 test.

Repeating all tests (iteration 54) . . .

Note: Google Test filter = HvfIntelProbe.FiniteDeadline
[==========] Running 1 test from 1 test suite.
[----------] 1 test from HvfIntelProbe
[ RUN      ] HvfIntelProbe.FiniteDeadline
INTEL_PROBE phase=executor_initialization
INTEL_PROBE phase=startup_probe
INTEL_PROBE phase=prepare_with_watchdog
INTEL_PROBE begin=finite_loop call=1 deadline=1709345779503 rip=65537 nonce=1709339430075 witness=0
INTEL_PROBE end=finite_loop call=1 status=0 mach_before=1709340805085 mach_after=1709352254002
INTEL_PROBE capture=finite_loop call=1 exec_before=1335827 exec_after=12587918 reason_before=37 reason=52 rip_before=65537 rip=65540 rax=1709339430075 nonce=1709339430075 witness=1709339430075
INTEL_PROBE phase=prepare_with_watchdog
INTEL_PROBE begin=expired_mtf call=2 deadline=0 rip=65543 nonce=1709352340672 witness=0
INTEL_PROBE end=expired_mtf call=2 status=0 mach_before=1709354848143 mach_after=1709354894414
INTEL_PROBE capture=expired_mtf call=2 exec_before=12970442 exec_after=13013531 reason_before=37 reason=52 rip_before=65543 rip=65543 rax=1709352340672 nonce=1709352340672 witness=0
INTEL_PROBE phase=prepare_with_watchdog
INTEL_PROBE begin=finite_mtf call=3 deadline=1709360918827 rip=65543 nonce=1709354951328 witness=0
INTEL_PROBE end=finite_mtf call=3 status=0 mach_before=1709355941101 mach_after=1709356422946
INTEL_PROBE capture=finite_mtf call=3 exec_before=13356280 exec_after=13724593 reason_before=37 reason=37 rip_before=65543 rip=65546 rax=1709354951329 nonce=1709354951328 witness=0
INTEL_PROBE phase=verified_retry
INTEL_PROBE phase=prepare_with_watchdog
INTEL_PROBE phase=finite_retirement
[       OK ] HvfIntelProbe.FiniteDeadline (27 ms)
[----------] 1 test from HvfIntelProbe (27 ms total)

[==========] 1 test from 1 test suite ran. (27 ms total)
[  PASSED  ] 1 test.

Repeating all tests (iteration 55) . . .

Note: Google Test filter = HvfIntelProbe.FiniteDeadline
[==========] Running 1 test from 1 test suite.
[----------] 1 test from HvfIntelProbe
[ RUN      ] HvfIntelProbe.FiniteDeadline
INTEL_PROBE phase=executor_initialization
INTEL_PROBE phase=startup_probe
INTEL_PROBE phase=prepare_with_watchdog
INTEL_PROBE begin=finite_loop call=1 deadline=1709374978355 rip=65537 nonce=1709368254357 witness=0
INTEL_PROBE end=finite_loop call=1 status=0 mach_before=1709370007778 mach_after=1709396546909
INTEL_PROBE capture=finite_loop call=1 exec_before=1483593 exec_after=27802031 reason_before=37 reason=52 rip_before=65537 rip=65540 rax=1709368254357 nonce=1709368254357 witness=1709368254357
INTEL_PROBE phase=prepare_with_watchdog
INTEL_PROBE begin=expired_mtf call=2 deadline=0 rip=65543 nonce=1709396724955 witness=0
INTEL_PROBE end=expired_mtf call=2 status=0 mach_before=1709399101348 mach_after=1709399176442
INTEL_PROBE capture=expired_mtf call=2 exec_before=28186339 exec_after=28257973 reason_before=37 reason=52 rip_before=65543 rip=65543 rax=1709396724955 nonce=1709396724955 witness=0
INTEL_PROBE phase=prepare_with_watchdog
INTEL_PROBE begin=finite_mtf call=3 deadline=1709405459999 rip=65543 nonce=1709399251823 witness=0
INTEL_PROBE end=finite_mtf call=3 status=0 mach_before=1709400479583 mach_after=1709400969771
INTEL_PROBE capture=finite_mtf call=3 exec_before=28724496 exec_after=29102343 reason_before=37 reason=37 rip_before=65543 rip=65546 rax=1709399251824 nonce=1709399251823 witness=0
INTEL_PROBE phase=verified_retry
INTEL_PROBE phase=prepare_with_watchdog
INTEL_PROBE phase=finite_retirement
[       OK ] HvfIntelProbe.FiniteDeadline (44 ms)
[----------] 1 test from HvfIntelProbe (44 ms total)

[==========] 1 test from 1 test suite ran. (44 ms total)
[  PASSED  ] 1 test.

Repeating all tests (iteration 56) . . .

Note: Google Test filter = HvfIntelProbe.FiniteDeadline
[==========] Running 1 test from 1 test suite.
[----------] 1 test from HvfIntelProbe
[ RUN      ] HvfIntelProbe.FiniteDeadline
INTEL_PROBE phase=executor_initialization
INTEL_PROBE phase=startup_probe
INTEL_PROBE phase=prepare_with_watchdog
INTEL_PROBE begin=finite_loop call=1 deadline=1709417976037 rip=65537 nonce=1709411499276 witness=0
INTEL_PROBE end=finite_loop call=1 status=0 mach_before=1709413001499 mach_after=1709414161087
INTEL_PROBE capture=finite_loop call=1 exec_before=1813967 exec_after=2664082 reason_before=37 reason=1 rip_before=65537 rip=65540 rax=1709411499276 nonce=1709411499276 witness=1709411499276
INTEL_PROBE begin=finite_loop call=2 deadline=1709417976037 rip=65540 nonce=1709411499276 witness=1709411499276
INTEL_PROBE end=finite_loop call=2 status=0 mach_before=1709414209264 mach_after=1709422097398
INTEL_PROBE capture=finite_loop call=2 exec_before=2664082 exec_after=10530025 reason_before=1 reason=52 rip_before=65540 rip=65540 rax=1709411499276 nonce=1709411499276 witness=1709411499276
INTEL_PROBE phase=prepare_with_watchdog
INTEL_PROBE begin=expired_mtf call=3 deadline=0 rip=65543 nonce=1709422185585 witness=0
INTEL_PROBE end=expired_mtf call=3 status=0 mach_before=1709424387519 mach_after=1709424497120
INTEL_PROBE capture=expired_mtf call=3 exec_before=10929784 exec_after=10973378 reason_before=37 reason=52 rip_before=65543 rip=65543 rax=1709422185585 nonce=1709422185585 witness=0
INTEL_PROBE phase=prepare_with_watchdog
INTEL_PROBE begin=finite_mtf call=4 deadline=1709430685502 rip=65543 nonce=1709424590662 witness=0
INTEL_PROBE end=finite_mtf call=4 status=0 mach_before=1709425704345 mach_after=1709426179039
INTEL_PROBE capture=finite_mtf call=4 exec_before=11351713 exec_after=11724448 reason_before=37 reason=37 rip_before=65543 rip=65546 rax=1709424590663 nonce=1709424590662 witness=0
INTEL_PROBE phase=verified_retry
INTEL_PROBE phase=prepare_with_watchdog
INTEL_PROBE phase=finite_retirement
[       OK ] HvfIntelProbe.FiniteDeadline (25 ms)
[----------] 1 test from HvfIntelProbe (25 ms total)

[==========] 1 test from 1 test suite ran. (25 ms total)
[  PASSED  ] 1 test.

Repeating all tests (iteration 57) . . .

Note: Google Test filter = HvfIntelProbe.FiniteDeadline
[==========] Running 1 test from 1 test suite.
[----------] 1 test from HvfIntelProbe
[ RUN      ] HvfIntelProbe.FiniteDeadline
INTEL_PROBE phase=executor_initialization
INTEL_PROBE phase=startup_probe
INTEL_PROBE phase=prepare_with_watchdog
INTEL_PROBE begin=finite_loop call=1 deadline=1709444965480 rip=65537 nonce=1709438921187 witness=0
INTEL_PROBE end=finite_loop call=1 status=0 mach_before=1709439996854 mach_after=1709445687201
INTEL_PROBE capture=finite_loop call=1 exec_before=1845022 exec_after=7423382 reason_before=37 reason=52 rip_before=65537 rip=65540 rax=1709438921187 nonce=1709438921187 witness=1709438921187
INTEL_PROBE phase=prepare_with_watchdog
INTEL_PROBE begin=expired_mtf call=2 deadline=0 rip=65543 nonce=1709445797559 witness=0
INTEL_PROBE end=expired_mtf call=2 status=0 mach_before=1709447251172 mach_after=1709447295231
INTEL_PROBE capture=expired_mtf call=2 exec_before=7810386 exec_after=7851901 reason_before=37 reason=52 rip_before=65543 rip=65543 rax=1709445797559 nonce=1709445797559 witness=0
INTEL_PROBE phase=prepare_with_watchdog
INTEL_PROBE begin=finite_mtf call=3 deadline=1709453254335 rip=65543 nonce=1709447358576 witness=0
INTEL_PROBE end=finite_mtf call=3 status=0 mach_before=1709448273276 mach_after=1709448695866
INTEL_PROBE capture=finite_mtf call=3 exec_before=8185528 exec_after=8519329 reason_before=37 reason=37 rip_before=65543 rip=65546 rax=1709447358577 nonce=1709447358576 witness=0
INTEL_PROBE phase=verified_retry
INTEL_PROBE phase=prepare_with_watchdog
INTEL_PROBE phase=finite_retirement
[       OK ] HvfIntelProbe.FiniteDeadline (21 ms)
[----------] 1 test from HvfIntelProbe (21 ms total)

[==========] 1 test from 1 test suite ran. (21 ms total)
[  PASSED  ] 1 test.

Repeating all tests (iteration 58) . . .

Note: Google Test filter = HvfIntelProbe.FiniteDeadline
[==========] Running 1 test from 1 test suite.
[----------] 1 test from HvfIntelProbe
[ RUN      ] HvfIntelProbe.FiniteDeadline
INTEL_PROBE phase=executor_initialization
INTEL_PROBE phase=startup_probe
INTEL_PROBE phase=prepare_with_watchdog
INTEL_PROBE begin=finite_loop call=1 deadline=1709465614145 rip=65537 nonce=1709459266461 witness=0
INTEL_PROBE end=finite_loop call=1 status=0 mach_before=1709460643064 mach_after=1709465663394
INTEL_PROBE capture=finite_loop call=1 exec_before=1404808 exec_after=6287356 reason_before=37 reason=52 rip_before=65537 rip=65540 rax=1709459266461 nonce=1709459266461 witness=1709459266461
INTEL_PROBE phase=prepare_with_watchdog
INTEL_PROBE begin=expired_mtf call=2 deadline=0 rip=65543 nonce=1709465777807 witness=0
INTEL_PROBE end=expired_mtf call=2 status=0 mach_before=1709467061187 mach_after=1709467105694
INTEL_PROBE capture=expired_mtf call=2 exec_before=6630349 exec_after=6672084 reason_before=37 reason=52 rip_before=65543 rip=65543 rax=1709465777807 nonce=1709465777807 witness=0
INTEL_PROBE phase=prepare_with_watchdog
INTEL_PROBE begin=finite_mtf call=3 deadline=1709473693338 rip=65543 nonce=1709467167410 witness=0
INTEL_PROBE end=finite_mtf call=3 status=0 mach_before=1709468710929 mach_after=1709469166425
INTEL_PROBE capture=finite_mtf call=3 exec_before=7022732 exec_after=7388213 reason_before=37 reason=37 rip_before=65543 rip=65546 rax=1709467167411 nonce=1709467167410 witness=0
INTEL_PROBE phase=verified_retry
INTEL_PROBE phase=prepare_with_watchdog
INTEL_PROBE phase=finite_retirement
[       OK ] HvfIntelProbe.FiniteDeadline (20 ms)
[----------] 1 test from HvfIntelProbe (20 ms total)

[==========] 1 test from 1 test suite ran. (20 ms total)
[  PASSED  ] 1 test.

Repeating all tests (iteration 59) . . .

Note: Google Test filter = HvfIntelProbe.FiniteDeadline
[==========] Running 1 test from 1 test suite.
[----------] 1 test from HvfIntelProbe
[ RUN      ] HvfIntelProbe.FiniteDeadline
INTEL_PROBE phase=executor_initialization
INTEL_PROBE phase=startup_probe
INTEL_PROBE phase=prepare_with_watchdog
INTEL_PROBE begin=finite_loop call=1 deadline=1709485872165 rip=65537 nonce=1709479821498 witness=0
INTEL_PROBE end=finite_loop call=1 status=0 mach_before=1709480902338 mach_after=1709488812845
INTEL_PROBE capture=finite_loop call=1 exec_before=1219351 exec_after=8824670 reason_before=37 reason=52 rip_before=65537 rip=65540 rax=1709479821498 nonce=1709479821498 witness=1709479821498
INTEL_PROBE phase=prepare_with_watchdog
INTEL_PROBE begin=expired_mtf call=2 deadline=0 rip=65543 nonce=1709488954363 witness=0
INTEL_PROBE end=expired_mtf call=2 status=0 mach_before=1709490972015 mach_after=1709491017713
INTEL_PROBE capture=expired_mtf call=2 exec_before=9212319 exec_after=9255421 reason_before=37 reason=52 rip_before=65543 rip=65543 rax=1709488954363 nonce=1709488954363 witness=0
INTEL_PROBE phase=prepare_with_watchdog
INTEL_PROBE begin=finite_mtf call=3 deadline=1709497356326 rip=65543 nonce=1709491097634 witness=0
INTEL_PROBE end=finite_mtf call=3 status=0 mach_before=1709492380424 mach_after=1709492819544
INTEL_PROBE capture=finite_mtf call=3 exec_before=9640168 exec_after=9983271 reason_before=37 reason=37 rip_before=65543 rip=65546 rax=1709491097635 nonce=1709491097634 witness=0
INTEL_PROBE phase=verified_retry
INTEL_PROBE phase=prepare_with_watchdog
INTEL_PROBE phase=finite_retirement
[       OK ] HvfIntelProbe.FiniteDeadline (24 ms)
[----------] 1 test from HvfIntelProbe (24 ms total)

[==========] 1 test from 1 test suite ran. (24 ms total)
[  PASSED  ] 1 test.

Repeating all tests (iteration 60) . . .

Note: Google Test filter = HvfIntelProbe.FiniteDeadline
[==========] Running 1 test from 1 test suite.
[----------] 1 test from HvfIntelProbe
[ RUN      ] HvfIntelProbe.FiniteDeadline
INTEL_PROBE phase=executor_initialization
INTEL_PROBE phase=startup_probe
INTEL_PROBE phase=prepare_with_watchdog
INTEL_PROBE begin=finite_loop call=1 deadline=1709511858721 rip=65537 nonce=1709504848819 witness=0
INTEL_PROBE end=finite_loop call=1 status=0 mach_before=1709506884875 mach_after=1709521705167
INTEL_PROBE capture=finite_loop call=1 exec_before=1492067 exec_after=16188937 reason_before=37 reason=52 rip_before=65537 rip=65540 rax=1709504848819 nonce=1709504848819 witness=1709504848819
INTEL_PROBE phase=prepare_with_watchdog
INTEL_PROBE begin=expired_mtf call=2 deadline=0 rip=65543 nonce=1709521874762 witness=0
INTEL_PROBE end=expired_mtf call=2 status=0 mach_before=1709525072396 mach_after=1709525157113
INTEL_PROBE capture=expired_mtf call=2 exec_before=16674799 exec_after=16755516 reason_before=37 reason=52 rip_before=65543 rip=65543 rax=1709521874762 nonce=1709521874762 witness=0
INTEL_PROBE phase=prepare_with_watchdog
INTEL_PROBE begin=finite_mtf call=3 deadline=1709531919554 rip=65543 nonce=1709525250646 witness=0
INTEL_PROBE end=finite_mtf call=3 status=0 mach_before=1709526941293 mach_after=1709527569771
INTEL_PROBE capture=finite_mtf call=3 exec_before=17227079 exec_after=17623095 reason_before=37 reason=37 rip_before=65543 rip=65546 rax=1709525250647 nonce=1709525250646 witness=0
INTEL_PROBE phase=verified_retry
INTEL_PROBE phase=prepare_with_watchdog
INTEL_PROBE phase=finite_retirement
[       OK ] HvfIntelProbe.FiniteDeadline (33 ms)
[----------] 1 test from HvfIntelProbe (33 ms total)

[==========] 1 test from 1 test suite ran. (33 ms total)
[  PASSED  ] 1 test.

Repeating all tests (iteration 61) . . .

Note: Google Test filter = HvfIntelProbe.FiniteDeadline
[==========] Running 1 test from 1 test suite.
[----------] 1 test from HvfIntelProbe
[ RUN      ] HvfIntelProbe.FiniteDeadline
INTEL_PROBE phase=executor_initialization
INTEL_PROBE phase=startup_probe
INTEL_PROBE phase=prepare_with_watchdog
INTEL_PROBE begin=finite_loop call=1 deadline=1709544704730 rip=65537 nonce=1709538317953 witness=0
INTEL_PROBE end=finite_loop call=1 status=0 mach_before=1709539738398 mach_after=1709547259023
INTEL_PROBE capture=finite_loop call=1 exec_before=1531451 exec_after=8873255 reason_before=37 reason=52 rip_before=65537 rip=65540 rax=1709538317953 nonce=1709538317953 witness=1709538317953
INTEL_PROBE phase=prepare_with_watchdog
INTEL_PROBE begin=expired_mtf call=2 deadline=0 rip=65543 nonce=1709547384262 witness=0
INTEL_PROBE end=expired_mtf call=2 status=0 mach_before=1709549342298 mach_after=1709549389406
INTEL_PROBE capture=expired_mtf call=2 exec_before=9291374 exec_after=9335615 reason_before=37 reason=52 rip_before=65543 rip=65543 rax=1709547384262 nonce=1709547384262 witness=0
INTEL_PROBE phase=prepare_with_watchdog
INTEL_PROBE begin=finite_mtf call=3 deadline=1709555672296 rip=65543 nonce=1709549459442 witness=0
INTEL_PROBE end=finite_mtf call=3 status=0 mach_before=1709550696778 mach_after=1709551223643
INTEL_PROBE capture=finite_mtf call=3 exec_before=9729151 exec_after=10115965 reason_before=37 reason=37 rip_before=65543 rip=65546 rax=1709549459443 nonce=1709549459442 witness=0
INTEL_PROBE phase=verified_retry
INTEL_PROBE phase=prepare_with_watchdog
INTEL_PROBE phase=finite_retirement
[       OK ] HvfIntelProbe.FiniteDeadline (23 ms)
[----------] 1 test from HvfIntelProbe (23 ms total)

[==========] 1 test from 1 test suite ran. (23 ms total)
[  PASSED  ] 1 test.

Repeating all tests (iteration 62) . . .

Note: Google Test filter = HvfIntelProbe.FiniteDeadline
[==========] Running 1 test from 1 test suite.
[----------] 1 test from HvfIntelProbe
[ RUN      ] HvfIntelProbe.FiniteDeadline
INTEL_PROBE phase=executor_initialization
INTEL_PROBE phase=startup_probe
INTEL_PROBE phase=prepare_with_watchdog
INTEL_PROBE begin=finite_loop call=1 deadline=1709569237451 rip=65537 nonce=1709562714038 witness=0
INTEL_PROBE end=finite_loop call=1 status=0 mach_before=1709564285051 mach_after=1709569319348
INTEL_PROBE capture=finite_loop call=1 exec_before=1271662 exec_after=6055477 reason_before=37 reason=52 rip_before=65537 rip=65540 rax=1709562714038 nonce=1709562714038 witness=1709562714038
INTEL_PROBE phase=prepare_with_watchdog
INTEL_PROBE begin=expired_mtf call=2 deadline=0 rip=65543 nonce=1709569448629 witness=0
INTEL_PROBE end=expired_mtf call=2 status=0 mach_before=1709571417724 mach_after=1709571465673
INTEL_PROBE capture=expired_mtf call=2 exec_before=6446767 exec_after=6491752 reason_before=37 reason=52 rip_before=65543 rip=65543 rax=1709569448629 nonce=1709569448629 witness=0
INTEL_PROBE phase=prepare_with_watchdog
INTEL_PROBE begin=finite_mtf call=3 deadline=1709577710527 rip=65543 nonce=1709571535060 witness=0
INTEL_PROBE end=finite_mtf call=3 status=0 mach_before=1709572739108 mach_after=1709573361277
INTEL_PROBE capture=finite_mtf call=3 exec_before=6842943 exec_after=7333415 reason_before=37 reason=37 rip_before=65543 rip=65546 rax=1709571535061 nonce=1709571535060 witness=0
INTEL_PROBE phase=verified_retry
INTEL_PROBE phase=prepare_with_watchdog
INTEL_PROBE phase=finite_retirement
[       OK ] HvfIntelProbe.FiniteDeadline (22 ms)
[----------] 1 test from HvfIntelProbe (22 ms total)

[==========] 1 test from 1 test suite ran. (22 ms total)
[  PASSED  ] 1 test.

Repeating all tests (iteration 63) . . .

Note: Google Test filter = HvfIntelProbe.FiniteDeadline
[==========] Running 1 test from 1 test suite.
[----------] 1 test from HvfIntelProbe
[ RUN      ] HvfIntelProbe.FiniteDeadline
INTEL_PROBE phase=executor_initialization
INTEL_PROBE phase=startup_probe
INTEL_PROBE phase=prepare_with_watchdog
INTEL_PROBE begin=finite_loop call=1 deadline=1709591211495 rip=65537 nonce=1709584436890 witness=0
INTEL_PROBE end=finite_loop call=1 status=0 mach_before=1709586245704 mach_after=1709592513884
INTEL_PROBE capture=finite_loop call=1 exec_before=1112237 exec_after=7139251 reason_before=37 reason=1 rip_before=65537 rip=65540 rax=1709584436890 nonce=1709584436890 witness=1709584436890
INTEL_PROBE phase=prepare_with_watchdog
INTEL_PROBE begin=expired_mtf call=2 deadline=0 rip=65543 nonce=1709592603517 witness=0
INTEL_PROBE end=expired_mtf call=2 status=0 mach_before=1709594442221 mach_after=1709594494083
INTEL_PROBE capture=expired_mtf call=2 exec_before=7533141 exec_after=7581712 reason_before=37 reason=52 rip_before=65543 rip=65543 rax=1709592603517 nonce=1709592603517 witness=0
INTEL_PROBE phase=prepare_with_watchdog
INTEL_PROBE begin=finite_mtf call=3 deadline=1709601056928 rip=65543 nonce=1709594567116 witness=0
INTEL_PROBE end=finite_mtf call=3 status=0 mach_before=1709596086569 mach_after=1709596654304
INTEL_PROBE capture=finite_mtf call=3 exec_before=8087854 exec_after=8525839 reason_before=37 reason=37 rip_before=65543 rip=65546 rax=1709594567117 nonce=1709594567116 witness=0
INTEL_PROBE phase=verified_retry
INTEL_PROBE phase=prepare_with_watchdog
INTEL_PROBE phase=finite_retirement
[       OK ] HvfIntelProbe.FiniteDeadline (22 ms)
[----------] 1 test from HvfIntelProbe (22 ms total)

[==========] 1 test from 1 test suite ran. (22 ms total)
[  PASSED  ] 1 test.

Repeating all tests (iteration 64) . . .

Note: Google Test filter = HvfIntelProbe.FiniteDeadline
[==========] Running 1 test from 1 test suite.
[----------] 1 test from HvfIntelProbe
[ RUN      ] HvfIntelProbe.FiniteDeadline
INTEL_PROBE phase=executor_initialization
INTEL_PROBE phase=startup_probe
INTEL_PROBE phase=prepare_with_watchdog
INTEL_PROBE begin=finite_loop call=1 deadline=1709615903571 rip=65537 nonce=1709608168851 witness=0
INTEL_PROBE end=finite_loop call=1 status=0 mach_before=1709610936976 mach_after=1709623876486
INTEL_PROBE capture=finite_loop call=1 exec_before=1908120 exec_after=14570710 reason_before=37 reason=52 rip_before=65537 rip=65540 rax=1709608168851 nonce=1709608168851 witness=1709608168851
INTEL_PROBE phase=prepare_with_watchdog
INTEL_PROBE begin=expired_mtf call=2 deadline=0 rip=65543 nonce=1709624005596 witness=0
INTEL_PROBE end=expired_mtf call=2 status=0 mach_before=1709626847512 mach_after=1709626898216
INTEL_PROBE capture=expired_mtf call=2 exec_before=15071924 exec_after=15119028 reason_before=37 reason=52 rip_before=65543 rip=65543 rax=1709624005596 nonce=1709624005596 witness=0
INTEL_PROBE phase=prepare_with_watchdog
INTEL_PROBE begin=finite_mtf call=3 deadline=1709633225746 rip=65543 nonce=1709626978338 witness=0
INTEL_PROBE end=finite_mtf call=3 status=0 mach_before=1709628269360 mach_after=1709628806183
INTEL_PROBE capture=finite_mtf call=3 exec_before=15517542 exec_after=15930919 reason_before=37 reason=37 rip_before=65543 rip=65546 rax=1709626978339 nonce=1709626978338 witness=0
INTEL_PROBE phase=verified_retry
INTEL_PROBE phase=prepare_with_watchdog
INTEL_PROBE phase=finite_retirement
[       OK ] HvfIntelProbe.FiniteDeadline (32 ms)
[----------] 1 test from HvfIntelProbe (32 ms total)

[==========] 1 test from 1 test suite ran. (32 ms total)
[  PASSED  ] 1 test.

Repeating all tests (iteration 65) . . .

Note: Google Test filter = HvfIntelProbe.FiniteDeadline
[==========] Running 1 test from 1 test suite.
[----------] 1 test from HvfIntelProbe
[ RUN      ] HvfIntelProbe.FiniteDeadline
INTEL_PROBE phase=executor_initialization
INTEL_PROBE phase=startup_probe
INTEL_PROBE phase=prepare_with_watchdog
INTEL_PROBE begin=finite_loop call=1 deadline=1709650225829 rip=65537 nonce=1709642646362 witness=0
INTEL_PROBE end=finite_loop call=1 status=0 mach_before=1709645262185 mach_after=1709647774027
INTEL_PROBE capture=finite_loop call=1 exec_before=3330831 exec_after=5323003 reason_before=37 reason=1 rip_before=65537 rip=65540 rax=1709642646362 nonce=1709642646362 witness=1709642646362
INTEL_PROBE begin=finite_loop call=2 deadline=1709650225829 rip=65540 nonce=1709642646362 witness=1709642646362
INTEL_PROBE end=finite_loop call=2 status=0 mach_before=1709647838108 mach_after=1709651607441
INTEL_PROBE capture=finite_loop call=2 exec_before=5323003 exec_after=9082767 reason_before=1 reason=52 rip_before=65540 rip=65540 rax=1709642646362 nonce=1709642646362 witness=1709642646362
INTEL_PROBE phase=prepare_with_watchdog
INTEL_PROBE begin=expired_mtf call=3 deadline=0 rip=65543 nonce=1709651706546 witness=0
INTEL_PROBE end=expired_mtf call=3 status=0 mach_before=1709654749797 mach_after=1709654863925
INTEL_PROBE capture=expired_mtf call=3 exec_before=9586284 exec_after=9695569 reason_before=37 reason=52 rip_before=65543 rip=65543 rax=1709651706546 nonce=1709651706546 witness=0
INTEL_PROBE phase=prepare_with_watchdog
INTEL_PROBE begin=finite_mtf call=4 deadline=1709661610549 rip=65543 nonce=1709655121160 witness=0
INTEL_PROBE end=finite_mtf call=4 status=0 mach_before=1709656642052 mach_after=1709657167714
INTEL_PROBE capture=finite_mtf call=4 exec_before=10113926 exec_after=10523639 reason_before=37 reason=37 rip_before=65543 rip=65546 rax=1709655121161 nonce=1709655121160 witness=0
INTEL_PROBE phase=verified_retry
INTEL_PROBE phase=prepare_with_watchdog
INTEL_PROBE phase=finite_retirement
[       OK ] HvfIntelProbe.FiniteDeadline (28 ms)
[----------] 1 test from HvfIntelProbe (28 ms total)

[==========] 1 test from 1 test suite ran. (28 ms total)
[  PASSED  ] 1 test.

Repeating all tests (iteration 66) . . .

Note: Google Test filter = HvfIntelProbe.FiniteDeadline
[==========] Running 1 test from 1 test suite.
[----------] 1 test from HvfIntelProbe
[ RUN      ] HvfIntelProbe.FiniteDeadline
INTEL_PROBE phase=executor_initialization
INTEL_PROBE phase=startup_probe
INTEL_PROBE phase=prepare_with_watchdog
INTEL_PROBE begin=finite_loop call=1 deadline=1709677937227 rip=65537 nonce=1709671281384 witness=0
INTEL_PROBE end=finite_loop call=1 status=0 mach_before=1709672964440 mach_after=1709679570333
INTEL_PROBE capture=finite_loop call=1 exec_before=1709105 exec_after=8148858 reason_before=37 reason=52 rip_before=65537 rip=65540 rax=1709671281384 nonce=1709671281384 witness=1709671281384
INTEL_PROBE phase=prepare_with_watchdog
INTEL_PROBE begin=expired_mtf call=2 deadline=0 rip=65543 nonce=1709679669669 witness=0
INTEL_PROBE end=expired_mtf call=2 status=0 mach_before=1709682573718 mach_after=1709682622076
INTEL_PROBE capture=expired_mtf call=2 exec_before=8566043 exec_after=8611442 reason_before=37 reason=52 rip_before=65543 rip=65543 rax=1709679669669 nonce=1709679669669 witness=0
INTEL_PROBE phase=prepare_with_watchdog
INTEL_PROBE begin=finite_mtf call=3 deadline=1709689234915 rip=65543 nonce=1709682692813 witness=0
INTEL_PROBE end=finite_mtf call=3 status=0 mach_before=1709684282073 mach_after=1709684838100
INTEL_PROBE capture=finite_mtf call=3 exec_before=9080522 exec_after=9534391 reason_before=37 reason=37 rip_before=65543 rip=65546 rax=1709682692814 nonce=1709682692813 witness=0
INTEL_PROBE phase=verified_retry
INTEL_PROBE phase=prepare_with_watchdog
INTEL_PROBE phase=finite_retirement
[       OK ] HvfIntelProbe.FiniteDeadline (28 ms)
[----------] 1 test from HvfIntelProbe (29 ms total)

[==========] 1 test from 1 test suite ran. (29 ms total)
[  PASSED  ] 1 test.

Repeating all tests (iteration 67) . . .

Note: Google Test filter = HvfIntelProbe.FiniteDeadline
[==========] Running 1 test from 1 test suite.
[----------] 1 test from HvfIntelProbe
[ RUN      ] HvfIntelProbe.FiniteDeadline
INTEL_PROBE phase=executor_initialization
INTEL_PROBE phase=startup_probe
INTEL_PROBE phase=prepare_with_watchdog
INTEL_PROBE begin=finite_loop call=1 deadline=1709706637356 rip=65537 nonce=1709699251581 witness=0
INTEL_PROBE end=finite_loop call=1 status=0 mach_before=1709701674646 mach_after=1709706419831
INTEL_PROBE capture=finite_loop call=1 exec_before=1658331 exec_after=6147449 reason_before=37 reason=1 rip_before=65537 rip=65540 rax=1709699251581 nonce=1709699251581 witness=1709699251581
INTEL_PROBE begin=finite_loop call=2 deadline=1709706637356 rip=65540 nonce=1709699251581 witness=1709699251581
INTEL_PROBE end=finite_loop call=2 status=0 mach_before=1709706575450 mach_after=1709706689448
INTEL_PROBE capture=finite_loop call=2 exec_before=6147449 exec_after=6257518 reason_before=1 reason=52 rip_before=65540 rip=65540 rax=1709699251581 nonce=1709699251581 witness=1709699251581
INTEL_PROBE phase=prepare_with_watchdog
INTEL_PROBE begin=expired_mtf call=3 deadline=0 rip=65543 nonce=1709706938412 witness=0
INTEL_PROBE end=expired_mtf call=3 status=0 mach_before=1709709501737 mach_after=1709709552327
INTEL_PROBE capture=expired_mtf call=3 exec_before=6718586 exec_after=6765908 reason_before=37 reason=52 rip_before=65543 rip=65543 rax=1709706938412 nonce=1709706938412 witness=0
INTEL_PROBE phase=prepare_with_watchdog
INTEL_PROBE begin=finite_mtf call=4 deadline=1709716247852 rip=65543 nonce=1709709625345 witness=0
INTEL_PROBE end=finite_mtf call=4 status=0 mach_before=1709711270397 mach_after=1709711740103
INTEL_PROBE capture=finite_mtf call=4 exec_before=7218294 exec_after=7577704 reason_before=37 reason=37 rip_before=65543 rip=65546 rax=1709709625346 nonce=1709709625345 witness=0
INTEL_PROBE phase=verified_retry
INTEL_PROBE phase=prepare_with_watchdog
INTEL_PROBE phase=finite_retirement
[       OK ] HvfIntelProbe.FiniteDeadline (25 ms)
[----------] 1 test from HvfIntelProbe (25 ms total)

[==========] 1 test from 1 test suite ran. (25 ms total)
[  PASSED  ] 1 test.

Repeating all tests (iteration 68) . . .

Note: Google Test filter = HvfIntelProbe.FiniteDeadline
[==========] Running 1 test from 1 test suite.
[----------] 1 test from HvfIntelProbe
[ RUN      ] HvfIntelProbe.FiniteDeadline
INTEL_PROBE phase=executor_initialization
INTEL_PROBE phase=startup_probe
INTEL_PROBE phase=prepare_with_watchdog
INTEL_PROBE begin=finite_loop call=1 deadline=1709732288040 rip=65537 nonce=1709724982939 witness=0
INTEL_PROBE end=finite_loop call=1 status=0 mach_before=1709727336617 mach_after=1709732343060
INTEL_PROBE capture=finite_loop call=1 exec_before=1767257 exec_after=6617679 reason_before=37 reason=52 rip_before=65537 rip=65540 rax=1709724982939 nonce=1709724982939 witness=1709724982939
INTEL_PROBE phase=prepare_with_watchdog
INTEL_PROBE begin=expired_mtf call=2 deadline=0 rip=65543 nonce=1709732455465 witness=0
INTEL_PROBE end=expired_mtf call=2 status=0 mach_before=1709734921222 mach_after=1709735032200
INTEL_PROBE capture=expired_mtf call=2 exec_before=7007854 exec_after=7114772 reason_before=37 reason=52 rip_before=65543 rip=65543 rax=1709732455465 nonce=1709732455465 witness=0
INTEL_PROBE phase=prepare_with_watchdog
INTEL_PROBE begin=finite_mtf call=3 deadline=1709741957966 rip=65543 nonce=1709735104971 witness=0
INTEL_PROBE end=finite_mtf call=3 status=0 mach_before=1709736997896 mach_after=1709737906274
INTEL_PROBE capture=finite_mtf call=3 exec_before=7565904 exec_after=8267182 reason_before=37 reason=37 rip_before=65543 rip=65546 rax=1709735104972 nonce=1709735104971 witness=0
INTEL_PROBE phase=verified_retry
INTEL_PROBE phase=prepare_with_watchdog
INTEL_PROBE phase=finite_retirement
[       OK ] HvfIntelProbe.FiniteDeadline (27 ms)
[----------] 1 test from HvfIntelProbe (27 ms total)

[==========] 1 test from 1 test suite ran. (27 ms total)
[  PASSED  ] 1 test.

Repeating all tests (iteration 69) . . .

Note: Google Test filter = HvfIntelProbe.FiniteDeadline
[==========] Running 1 test from 1 test suite.
[----------] 1 test from HvfIntelProbe
[ RUN      ] HvfIntelProbe.FiniteDeadline
INTEL_PROBE phase=executor_initialization
INTEL_PROBE phase=startup_probe
INTEL_PROBE phase=prepare_with_watchdog
INTEL_PROBE begin=finite_loop call=1 deadline=1709762460843 rip=65537 nonce=1709755606853 witness=0
INTEL_PROBE end=finite_loop call=1 status=0 mach_before=1709757509503 mach_after=1709763584691
INTEL_PROBE capture=finite_loop call=1 exec_before=1797291 exec_after=7597549 reason_before=37 reason=52 rip_before=65537 rip=65540 rax=1709755606853 nonce=1709755606853 witness=1709755606853
INTEL_PROBE phase=prepare_with_watchdog
INTEL_PROBE begin=expired_mtf call=2 deadline=0 rip=65543 nonce=1709763696829 witness=0
INTEL_PROBE end=expired_mtf call=2 status=0 mach_before=1709766015308 mach_after=1709766112644
INTEL_PROBE capture=expired_mtf call=2 exec_before=8047555 exec_after=8140691 reason_before=37 reason=52 rip_before=65543 rip=65543 rax=1709763696829 nonce=1709763696829 witness=0
INTEL_PROBE phase=prepare_with_watchdog
INTEL_PROBE begin=finite_mtf call=3 deadline=1709772442889 rip=65543 nonce=1709766194333 witness=0
INTEL_PROBE end=finite_mtf call=3 status=0 mach_before=1709767478856 mach_after=1709768140256
INTEL_PROBE capture=finite_mtf call=3 exec_before=8504675 exec_after=8982756 reason_before=37 reason=37 rip_before=65543 rip=65546 rax=1709766194334 nonce=1709766194333 witness=0
INTEL_PROBE phase=verified_retry
INTEL_PROBE phase=prepare_with_watchdog
INTEL_PROBE phase=finite_retirement
[       OK ] HvfIntelProbe.FiniteDeadline (28 ms)
[----------] 1 test from HvfIntelProbe (28 ms total)

[==========] 1 test from 1 test suite ran. (28 ms total)
[  PASSED  ] 1 test.

Repeating all tests (iteration 70) . . .

Note: Google Test filter = HvfIntelProbe.FiniteDeadline
[==========] Running 1 test from 1 test suite.
[----------] 1 test from HvfIntelProbe
[ RUN      ] HvfIntelProbe.FiniteDeadline
INTEL_PROBE phase=executor_initialization
INTEL_PROBE phase=startup_probe
INTEL_PROBE phase=prepare_with_watchdog
INTEL_PROBE begin=finite_loop call=1 deadline=1709789360012 rip=65537 nonce=1709782995418 witness=0
INTEL_PROBE end=finite_loop call=1 status=0 mach_before=1709784417491 mach_after=1709794394124
INTEL_PROBE capture=finite_loop call=1 exec_before=1513585 exec_after=11343088 reason_before=37 reason=52 rip_before=65537 rip=65540 rax=1709782995418 nonce=1709782995418 witness=1709782995418
INTEL_PROBE phase=prepare_with_watchdog
INTEL_PROBE begin=expired_mtf call=2 deadline=0 rip=65543 nonce=1709794496274 witness=0
INTEL_PROBE end=expired_mtf call=2 status=0 mach_before=1709797467415 mach_after=1709797546541
INTEL_PROBE capture=expired_mtf call=2 exec_before=11704300 exec_after=11779539 reason_before=37 reason=52 rip_before=65543 rip=65543 rax=1709794496274 nonce=1709794496274 witness=0
INTEL_PROBE phase=prepare_with_watchdog
INTEL_PROBE begin=finite_mtf call=3 deadline=1709803788250 rip=65543 nonce=1709797619213 witness=0
INTEL_PROBE end=finite_mtf call=3 status=0 mach_before=1709798806962 mach_after=1709799259454
INTEL_PROBE capture=finite_mtf call=3 exec_before=12158562 exec_after=12514615 reason_before=37 reason=37 rip_before=65543 rip=65546 rax=1709797619214 nonce=1709797619213 witness=0
INTEL_PROBE phase=verified_retry
INTEL_PROBE phase=prepare_with_watchdog
INTEL_PROBE phase=finite_retirement
[       OK ] HvfIntelProbe.FiniteDeadline (32 ms)
[----------] 1 test from HvfIntelProbe (32 ms total)

[==========] 1 test from 1 test suite ran. (32 ms total)
[  PASSED  ] 1 test.

Repeating all tests (iteration 71) . . .

Note: Google Test filter = HvfIntelProbe.FiniteDeadline
[==========] Running 1 test from 1 test suite.
[----------] 1 test from HvfIntelProbe
[ RUN      ] HvfIntelProbe.FiniteDeadline
INTEL_PROBE phase=executor_initialization
INTEL_PROBE phase=startup_probe
INTEL_PROBE phase=prepare_with_watchdog
INTEL_PROBE begin=finite_loop call=1 deadline=1709822301178 rip=65537 nonce=1709815674137 witness=0
INTEL_PROBE end=finite_loop call=1 status=0 mach_before=1709817333771 mach_after=1709823249777
INTEL_PROBE capture=finite_loop call=1 exec_before=1618964 exec_after=7371200 reason_before=37 reason=52 rip_before=65537 rip=65540 rax=1709815674137 nonce=1709815674137 witness=1709815674137
INTEL_PROBE phase=prepare_with_watchdog
INTEL_PROBE begin=expired_mtf call=2 deadline=0 rip=65543 nonce=1709823355195 witness=0
INTEL_PROBE end=expired_mtf call=2 status=0 mach_before=1709825360947 mach_after=1709825410137
INTEL_PROBE capture=expired_mtf call=2 exec_before=7818979 exec_after=7864903 reason_before=37 reason=52 rip_before=65543 rip=65543 rax=1709823355195 nonce=1709823355195 witness=0
INTEL_PROBE phase=prepare_with_watchdog
INTEL_PROBE begin=finite_mtf call=3 deadline=1709832206366 rip=65543 nonce=1709826003811 witness=0
INTEL_PROBE end=finite_mtf call=3 status=0 mach_before=1709827234392 mach_after=1709827810188
INTEL_PROBE capture=finite_mtf call=3 exec_before=8276521 exec_after=8708011 reason_before=37 reason=37 rip_before=65543 rip=65546 rax=1709826003812 nonce=1709826003811 witness=0
INTEL_PROBE phase=verified_retry
INTEL_PROBE phase=prepare_with_watchdog
INTEL_PROBE phase=finite_retirement
[       OK ] HvfIntelProbe.FiniteDeadline (27 ms)
[----------] 1 test from HvfIntelProbe (27 ms total)

[==========] 1 test from 1 test suite ran. (27 ms total)
[  PASSED  ] 1 test.

Repeating all tests (iteration 72) . . .

Note: Google Test filter = HvfIntelProbe.FiniteDeadline
[==========] Running 1 test from 1 test suite.
[----------] 1 test from HvfIntelProbe
[ RUN      ] HvfIntelProbe.FiniteDeadline
INTEL_PROBE phase=executor_initialization
INTEL_PROBE phase=startup_probe
INTEL_PROBE phase=prepare_with_watchdog
INTEL_PROBE begin=finite_loop call=1 deadline=1709851022079 rip=65537 nonce=1709844365408 witness=0
INTEL_PROBE end=finite_loop call=1 status=0 mach_before=1709846058093 mach_after=1709854324714
INTEL_PROBE capture=finite_loop call=1 exec_before=2503158 exec_after=10641515 reason_before=37 reason=52 rip_before=65537 rip=65540 rax=1709844365408 nonce=1709844365408 witness=1709844365408
INTEL_PROBE phase=prepare_with_watchdog
INTEL_PROBE begin=expired_mtf call=2 deadline=0 rip=65543 nonce=1709854421051 witness=0
INTEL_PROBE end=expired_mtf call=2 status=0 mach_before=1709856759910 mach_after=1709856855746
INTEL_PROBE capture=expired_mtf call=2 exec_before=11066110 exec_after=11157170 reason_before=37 reason=52 rip_before=65543 rip=65543 rax=1709854421051 nonce=1709854421051 witness=0
INTEL_PROBE phase=prepare_with_watchdog
INTEL_PROBE begin=finite_mtf call=3 deadline=1709863420782 rip=65543 nonce=1709856925753 witness=0
INTEL_PROBE end=finite_mtf call=3 status=0 mach_before=1709858462572 mach_after=1709859158556
INTEL_PROBE capture=finite_mtf call=3 exec_before=11551400 exec_after=12068735 reason_before=37 reason=37 rip_before=65543 rip=65546 rax=1709856925754 nonce=1709856925753 witness=0
INTEL_PROBE phase=verified_retry
INTEL_PROBE phase=prepare_with_watchdog
INTEL_PROBE phase=finite_retirement
[       OK ] HvfIntelProbe.FiniteDeadline (30 ms)
[----------] 1 test from HvfIntelProbe (30 ms total)

[==========] 1 test from 1 test suite ran. (30 ms total)
[  PASSED  ] 1 test.

Repeating all tests (iteration 73) . . .

Note: Google Test filter = HvfIntelProbe.FiniteDeadline
[==========] Running 1 test from 1 test suite.
[----------] 1 test from HvfIntelProbe
[ RUN      ] HvfIntelProbe.FiniteDeadline
INTEL_PROBE phase=executor_initialization
INTEL_PROBE phase=startup_probe
INTEL_PROBE phase=prepare_with_watchdog
INTEL_PROBE begin=finite_loop call=1 deadline=1709877968449 rip=65537 nonce=1709871727740 witness=0
INTEL_PROBE end=finite_loop call=1 status=0 mach_before=1709872999791 mach_after=1709878038884
INTEL_PROBE capture=finite_loop call=1 exec_before=1626039 exec_after=6419680 reason_before=37 reason=52 rip_before=65537 rip=65540 rax=1709871727740 nonce=1709871727740 witness=1709871727740
INTEL_PROBE phase=prepare_with_watchdog
INTEL_PROBE begin=expired_mtf call=2 deadline=0 rip=65543 nonce=1709878173516 witness=0
INTEL_PROBE end=expired_mtf call=2 status=0 mach_before=1709880229405 mach_after=1709880278407
INTEL_PROBE capture=expired_mtf call=2 exec_before=6922228 exec_after=6967862 reason_before=37 reason=52 rip_before=65543 rip=65543 rax=1709878173516 nonce=1709878173516 witness=0
INTEL_PROBE phase=prepare_with_watchdog
INTEL_PROBE begin=finite_mtf call=3 deadline=1709886443542 rip=65543 nonce=1709880338686 witness=0
INTEL_PROBE end=finite_mtf call=3 status=0 mach_before=1709881469702 mach_after=1709881981110
INTEL_PROBE capture=finite_mtf call=3 exec_before=7338436 exec_after=7728371 reason_before=37 reason=37 rip_before=65543 rip=65546 rax=1709880338687 nonce=1709880338686 witness=0
INTEL_PROBE phase=verified_retry
INTEL_PROBE phase=prepare_with_watchdog
INTEL_PROBE phase=finite_retirement
[       OK ] HvfIntelProbe.FiniteDeadline (22 ms)
[----------] 1 test from HvfIntelProbe (22 ms total)

[==========] 1 test from 1 test suite ran. (22 ms total)
[  PASSED  ] 1 test.

Repeating all tests (iteration 74) . . .

Note: Google Test filter = HvfIntelProbe.FiniteDeadline
[==========] Running 1 test from 1 test suite.
[----------] 1 test from HvfIntelProbe
[ RUN      ] HvfIntelProbe.FiniteDeadline
INTEL_PROBE phase=executor_initialization
INTEL_PROBE phase=startup_probe
INTEL_PROBE phase=prepare_with_watchdog
INTEL_PROBE begin=finite_loop call=1 deadline=1709902167248 rip=65537 nonce=1709895520038 witness=0
INTEL_PROBE end=finite_loop call=1 status=0 mach_before=1709897214624 mach_after=1709906133683
INTEL_PROBE capture=finite_loop call=1 exec_before=2014194 exec_after=10674743 reason_before=37 reason=52 rip_before=65537 rip=65540 rax=1709895520038 nonce=1709895520038 witness=1709895520038
INTEL_PROBE phase=prepare_with_watchdog
INTEL_PROBE begin=expired_mtf call=2 deadline=0 rip=65543 nonce=1709906240427 witness=0
INTEL_PROBE end=expired_mtf call=2 status=0 mach_before=1709908195543 mach_after=1709908350951
INTEL_PROBE capture=expired_mtf call=2 exec_before=11142968 exec_after=11205155 reason_before=37 reason=52 rip_before=65543 rip=65543 rax=1709906240427 nonce=1709906240427 witness=0
INTEL_PROBE phase=prepare_with_watchdog
INTEL_PROBE begin=finite_mtf call=3 deadline=1709914882276 rip=65543 nonce=1709908419672 witness=0
INTEL_PROBE end=finite_mtf call=3 status=0 mach_before=1709909924990 mach_after=1709910495846
INTEL_PROBE capture=finite_mtf call=3 exec_before=11734094 exec_after=12172636 reason_before=37 reason=37 rip_before=65543 rip=65546 rax=1709908419673 nonce=1709908419672 witness=0
INTEL_PROBE phase=verified_retry
INTEL_PROBE phase=prepare_with_watchdog
INTEL_PROBE phase=finite_retirement
[       OK ] HvfIntelProbe.FiniteDeadline (28 ms)
[----------] 1 test from HvfIntelProbe (28 ms total)

[==========] 1 test from 1 test suite ran. (28 ms total)
[  PASSED  ] 1 test.

Repeating all tests (iteration 75) . . .

Note: Google Test filter = HvfIntelProbe.FiniteDeadline
[==========] Running 1 test from 1 test suite.
[----------] 1 test from HvfIntelProbe
[ RUN      ] HvfIntelProbe.FiniteDeadline
INTEL_PROBE phase=executor_initialization
INTEL_PROBE phase=startup_probe
INTEL_PROBE phase=prepare_with_watchdog
INTEL_PROBE begin=finite_loop call=1 deadline=1709931762395 rip=65537 nonce=1709925094009 witness=0
INTEL_PROBE end=finite_loop call=1 status=0 mach_before=1709926799394 mach_after=1709935552297
INTEL_PROBE capture=finite_loop call=1 exec_before=2010385 exec_after=10330216 reason_before=37 reason=1 rip_before=65537 rip=65540 rax=1709925094009 nonce=1709925094009 witness=1709925094009
INTEL_PROBE phase=prepare_with_watchdog
INTEL_PROBE begin=expired_mtf call=2 deadline=0 rip=65543 nonce=1709935636073 witness=0
INTEL_PROBE end=expired_mtf call=2 status=0 mach_before=1709938027865 mach_after=1709938081655
INTEL_PROBE capture=expired_mtf call=2 exec_before=10786770 exec_after=10837094 reason_before=37 reason=52 rip_before=65543 rip=65543 rax=1709935636073 nonce=1709935636073 witness=0
INTEL_PROBE phase=prepare_with_watchdog
INTEL_PROBE begin=finite_mtf call=3 deadline=1709944485011 rip=65543 nonce=1709938162519 witness=0
INTEL_PROBE end=finite_mtf call=3 status=0 mach_before=1709939511520 mach_after=1709940012852
INTEL_PROBE capture=finite_mtf call=3 exec_before=11251776 exec_after=11643747 reason_before=37 reason=37 rip_before=65543 rip=65546 rax=1709938162520 nonce=1709938162519 witness=0
INTEL_PROBE phase=verified_retry
INTEL_PROBE phase=prepare_with_watchdog
INTEL_PROBE phase=finite_retirement
[       OK ] HvfIntelProbe.FiniteDeadline (28 ms)
[----------] 1 test from HvfIntelProbe (29 ms total)

[==========] 1 test from 1 test suite ran. (29 ms total)
[  PASSED  ] 1 test.

Repeating all tests (iteration 76) . . .

Note: Google Test filter = HvfIntelProbe.FiniteDeadline
[==========] Running 1 test from 1 test suite.
[----------] 1 test from HvfIntelProbe
[ RUN      ] HvfIntelProbe.FiniteDeadline
INTEL_PROBE phase=executor_initialization
INTEL_PROBE phase=startup_probe
INTEL_PROBE phase=prepare_with_watchdog
INTEL_PROBE begin=finite_loop call=1 deadline=1709959296459 rip=65537 nonce=1709952671940 witness=0
INTEL_PROBE end=finite_loop call=1 status=0 mach_before=1709954347602 mach_after=1709968882819
INTEL_PROBE capture=finite_loop call=1 exec_before=1461303 exec_after=15801992 reason_before=37 reason=52 rip_before=65537 rip=65540 rax=1709952671940 nonce=1709952671940 witness=1709952671940
INTEL_PROBE phase=prepare_with_watchdog
INTEL_PROBE begin=expired_mtf call=2 deadline=0 rip=65543 nonce=1709968998904 witness=0
INTEL_PROBE end=expired_mtf call=2 status=0 mach_before=1709971043945 mach_after=1709971103862
INTEL_PROBE capture=expired_mtf call=2 exec_before=16356672 exec_after=16411934 reason_before=37 reason=52 rip_before=65543 rip=65543 rax=1709968998904 nonce=1709968998904 witness=0
INTEL_PROBE phase=prepare_with_watchdog
INTEL_PROBE begin=finite_mtf call=3 deadline=1709977628779 rip=65543 nonce=1709971198213 witness=0
INTEL_PROBE end=finite_mtf call=3 status=0 mach_before=1709972673457 mach_after=1709973332774
INTEL_PROBE capture=finite_mtf call=3 exec_before=16915769 exec_after=17433290 reason_before=37 reason=37 rip_before=65543 rip=65546 rax=1709971198214 nonce=1709971198213 witness=0
INTEL_PROBE phase=verified_retry
INTEL_PROBE phase=prepare_with_watchdog
INTEL_PROBE phase=finite_retirement
[       OK ] HvfIntelProbe.FiniteDeadline (33 ms)
[----------] 1 test from HvfIntelProbe (33 ms total)

[==========] 1 test from 1 test suite ran. (33 ms total)
[  PASSED  ] 1 test.

Repeating all tests (iteration 77) . . .

Note: Google Test filter = HvfIntelProbe.FiniteDeadline
[==========] Running 1 test from 1 test suite.
[----------] 1 test from HvfIntelProbe
[ RUN      ] HvfIntelProbe.FiniteDeadline
INTEL_PROBE phase=executor_initialization
INTEL_PROBE phase=startup_probe
INTEL_PROBE phase=prepare_with_watchdog
INTEL_PROBE begin=finite_loop call=1 deadline=1709995758913 rip=65537 nonce=1709989176428 witness=0
INTEL_PROBE end=finite_loop call=1 status=0 mach_before=1709990794234 mach_after=1709992921924
INTEL_PROBE capture=finite_loop call=1 exec_before=1959404 exec_after=3657791 reason_before=37 reason=1 rip_before=65537 rip=65540 rax=1709989176428 nonce=1709989176428 witness=1709989176428
INTEL_PROBE begin=finite_loop call=2 deadline=1709995758913 rip=65540 nonce=1709989176428 witness=1709989176428
INTEL_PROBE end=finite_loop call=2 status=0 mach_before=1709993023950 mach_after=1709995827347
INTEL_PROBE capture=finite_loop call=2 exec_before=3657791 exec_after=6357541 reason_before=1 reason=52 rip_before=65540 rip=65540 rax=1709989176428 nonce=1709989176428 witness=1709989176428
INTEL_PROBE phase=prepare_with_watchdog
INTEL_PROBE begin=expired_mtf call=3 deadline=0 rip=65543 nonce=1709996032411 witness=0
INTEL_PROBE end=expired_mtf call=3 status=0 mach_before=1709998033510 mach_after=1709998096568
INTEL_PROBE capture=expired_mtf call=3 exec_before=6879799 exec_after=6939228 reason_before=37 reason=52 rip_before=65543 rip=65543 rax=1709996032411 nonce=1709996032411 witness=0
INTEL_PROBE phase=prepare_with_watchdog
INTEL_PROBE begin=finite_mtf call=4 deadline=1710004374265 rip=65543 nonce=1709998177456 witness=0
INTEL_PROBE end=finite_mtf call=4 status=0 mach_before=1709999408957 mach_after=1709999839194
INTEL_PROBE capture=finite_mtf call=4 exec_before=7395998 exec_after=7642596 reason_before=37 reason=1 rip_before=65543 rip=65543 rax=1709998177456 nonce=1709998177456 witness=0
INTEL_PROBE phase=verified_retry
INTEL_PROBE phase=prepare_with_watchdog
INTEL_PROBE phase=finite_retirement
[       OK ] HvfIntelProbe.FiniteDeadline (26 ms)
[----------] 1 test from HvfIntelProbe (26 ms total)

[==========] 1 test from 1 test suite ran. (26 ms total)
[  PASSED  ] 1 test.

Repeating all tests (iteration 78) . . .

Note: Google Test filter = HvfIntelProbe.FiniteDeadline
[==========] Running 1 test from 1 test suite.
[----------] 1 test from HvfIntelProbe
[ RUN      ] HvfIntelProbe.FiniteDeadline
INTEL_PROBE phase=executor_initialization
INTEL_PROBE phase=startup_probe
INTEL_PROBE phase=prepare_with_watchdog
INTEL_PROBE begin=finite_loop call=1 deadline=1710021738646 rip=65537 nonce=1710014874002 witness=0
INTEL_PROBE end=finite_loop call=1 status=0 mach_before=1710016781147 mach_after=1710021804815
INTEL_PROBE capture=finite_loop call=1 exec_before=2169456 exec_after=6964690 reason_before=37 reason=52 rip_before=65537 rip=65540 rax=1710014874002 nonce=1710014874002 witness=1710014874002
INTEL_PROBE phase=prepare_with_watchdog
INTEL_PROBE begin=expired_mtf call=2 deadline=0 rip=65543 nonce=1710021936649 witness=0
INTEL_PROBE end=expired_mtf call=2 status=0 mach_before=1710024295006 mach_after=1710024399979
INTEL_PROBE capture=expired_mtf call=2 exec_before=7482261 exec_after=7569381 reason_before=37 reason=52 rip_before=65543 rip=65543 rax=1710021936649 nonce=1710021936649 witness=0
INTEL_PROBE phase=prepare_with_watchdog
INTEL_PROBE begin=finite_mtf call=3 deadline=1710031240940 rip=65543 nonce=1710024609859 witness=0
INTEL_PROBE end=finite_mtf call=3 status=0 mach_before=1710026267193 mach_after=1710026939515
INTEL_PROBE capture=finite_mtf call=3 exec_before=8063869 exec_after=8589446 reason_before=37 reason=37 rip_before=65543 rip=65546 rax=1710024609860 nonce=1710024609859 witness=0
INTEL_PROBE phase=verified_retry
INTEL_PROBE phase=prepare_with_watchdog
INTEL_PROBE phase=finite_retirement
[       OK ] HvfIntelProbe.FiniteDeadline (27 ms)
[----------] 1 test from HvfIntelProbe (27 ms total)

[==========] 1 test from 1 test suite ran. (27 ms total)
[  PASSED  ] 1 test.

Repeating all tests (iteration 79) . . .

Note: Google Test filter = HvfIntelProbe.FiniteDeadline
[==========] Running 1 test from 1 test suite.
[----------] 1 test from HvfIntelProbe
[ RUN      ] HvfIntelProbe.FiniteDeadline
INTEL_PROBE phase=executor_initialization
INTEL_PROBE phase=startup_probe
INTEL_PROBE phase=prepare_with_watchdog
INTEL_PROBE begin=finite_loop call=1 deadline=1710049353606 rip=65537 nonce=1710042403703 witness=0
INTEL_PROBE end=finite_loop call=1 status=0 mach_before=1710044399545 mach_after=1710049656148
INTEL_PROBE capture=finite_loop call=1 exec_before=1938031 exec_after=6846489 reason_before=37 reason=52 rip_before=65537 rip=65540 rax=1710042403703 nonce=1710042403703 witness=1710042403703
INTEL_PROBE phase=prepare_with_watchdog
INTEL_PROBE begin=expired_mtf call=2 deadline=0 rip=65543 nonce=1710049861479 witness=0
INTEL_PROBE end=expired_mtf call=2 status=0 mach_before=1710052255183 mach_after=1710052417454
INTEL_PROBE capture=expired_mtf call=2 exec_before=7378894 exec_after=7535724 reason_before=37 reason=52 rip_before=65543 rip=65543 rax=1710049861479 nonce=1710049861479 witness=0
INTEL_PROBE phase=prepare_with_watchdog
INTEL_PROBE begin=finite_mtf call=3 deadline=1710059249033 rip=65543 nonce=1710052640483 witness=0
INTEL_PROBE end=finite_mtf call=3 status=0 mach_before=1710054285054 mach_after=1710054880219
INTEL_PROBE capture=finite_mtf call=3 exec_before=8022176 exec_after=8490745 reason_before=37 reason=37 rip_before=65543 rip=65546 rax=1710052640484 nonce=1710052640483 witness=0
INTEL_PROBE phase=verified_retry
INTEL_PROBE phase=prepare_with_watchdog
INTEL_PROBE phase=finite_retirement
[       OK ] HvfIntelProbe.FiniteDeadline (28 ms)
[----------] 1 test from HvfIntelProbe (28 ms total)

[==========] 1 test from 1 test suite ran. (28 ms total)
[  PASSED  ] 1 test.

Repeating all tests (iteration 80) . . .

Note: Google Test filter = HvfIntelProbe.FiniteDeadline
[==========] Running 1 test from 1 test suite.
[----------] 1 test from HvfIntelProbe
[ RUN      ] HvfIntelProbe.FiniteDeadline
INTEL_PROBE phase=executor_initialization
INTEL_PROBE phase=startup_probe
INTEL_PROBE phase=prepare_with_watchdog
INTEL_PROBE begin=finite_loop call=1 deadline=1710080746540 rip=65537 nonce=1710074057560 witness=0
INTEL_PROBE end=finite_loop call=1 status=0 mach_before=1710075802897 mach_after=1710085718436
INTEL_PROBE capture=finite_loop call=1 exec_before=1965394 exec_after=11695935 reason_before=37 reason=52 rip_before=65537 rip=65540 rax=1710074057560 nonce=1710074057560 witness=1710074057560
INTEL_PROBE phase=prepare_with_watchdog
INTEL_PROBE begin=expired_mtf call=2 deadline=0 rip=65543 nonce=1710085855095 witness=0
INTEL_PROBE end=expired_mtf call=2 status=0 mach_before=1710088443219 mach_after=1710088503141
INTEL_PROBE capture=expired_mtf call=2 exec_before=12212390 exec_after=12268252 reason_before=37 reason=52 rip_before=65543 rip=65543 rax=1710085855095 nonce=1710085855095 witness=0
INTEL_PROBE phase=prepare_with_watchdog
INTEL_PROBE begin=finite_mtf call=3 deadline=1710095246188 rip=65543 nonce=1710088576681 witness=0
INTEL_PROBE end=finite_mtf call=3 status=0 mach_before=1710090287861 mach_after=1710091020280
INTEL_PROBE capture=finite_mtf call=3 exec_before=12734144 exec_after=13301839 reason_before=37 reason=37 rip_before=65543 rip=65546 rax=1710088576682 nonce=1710088576681 witness=0
INTEL_PROBE phase=verified_retry
INTEL_PROBE phase=prepare_with_watchdog
INTEL_PROBE phase=finite_retirement
[       OK ] HvfIntelProbe.FiniteDeadline (35 ms)
[----------] 1 test from HvfIntelProbe (35 ms total)

[==========] 1 test from 1 test suite ran. (35 ms total)
[  PASSED  ] 1 test.

Repeating all tests (iteration 81) . . .

Note: Google Test filter = HvfIntelProbe.FiniteDeadline
[==========] Running 1 test from 1 test suite.
[----------] 1 test from HvfIntelProbe
[ RUN      ] HvfIntelProbe.FiniteDeadline
INTEL_PROBE phase=executor_initialization
INTEL_PROBE phase=startup_probe
INTEL_PROBE phase=prepare_with_watchdog
INTEL_PROBE begin=finite_loop call=1 deadline=1710118298308 rip=65537 nonce=1710111462648 witness=0
INTEL_PROBE end=finite_loop call=1 status=0 mach_before=1710113349154 mach_after=1710118372572
INTEL_PROBE capture=finite_loop call=1 exec_before=1776188 exec_after=6303707 reason_before=37 reason=52 rip_before=65537 rip=65540 rax=1710111462648 nonce=1710111462648 witness=1710111462648
INTEL_PROBE phase=prepare_with_watchdog
INTEL_PROBE begin=expired_mtf call=2 deadline=0 rip=65543 nonce=1710118502155 witness=0
INTEL_PROBE end=expired_mtf call=2 status=0 mach_before=1710120866993 mach_after=1710120932049
INTEL_PROBE capture=expired_mtf call=2 exec_before=6869437 exec_after=6930073 reason_before=37 reason=52 rip_before=65543 rip=65543 rax=1710118502155 nonce=1710118502155 witness=0
INTEL_PROBE phase=prepare_with_watchdog
INTEL_PROBE begin=finite_mtf call=3 deadline=1710127872883 rip=65543 nonce=1710121033332 witness=0
INTEL_PROBE end=finite_mtf call=3 status=0 mach_before=1710122912219 mach_after=1710123836621
INTEL_PROBE capture=finite_mtf call=3 exec_before=7520705 exec_after=8080726 reason_before=37 reason=37 rip_before=65543 rip=65546 rax=1710121033333 nonce=1710121033332 witness=0
INTEL_PROBE phase=verified_retry
INTEL_PROBE phase=prepare_with_watchdog
INTEL_PROBE phase=finite_retirement
[       OK ] HvfIntelProbe.FiniteDeadline (32 ms)
[----------] 1 test from HvfIntelProbe (32 ms total)

[==========] 1 test from 1 test suite ran. (32 ms total)
[  PASSED  ] 1 test.

Repeating all tests (iteration 82) . . .

Note: Google Test filter = HvfIntelProbe.FiniteDeadline
[==========] Running 1 test from 1 test suite.
[----------] 1 test from HvfIntelProbe
[ RUN      ] HvfIntelProbe.FiniteDeadline
INTEL_PROBE phase=executor_initialization
INTEL_PROBE phase=startup_probe
INTEL_PROBE phase=prepare_with_watchdog
INTEL_PROBE begin=finite_loop call=1 deadline=1710147034668 rip=65537 nonce=1710140272734 witness=0
INTEL_PROBE end=finite_loop call=1 status=0 mach_before=1710142087842 mach_after=1710151408959
INTEL_PROBE capture=finite_loop call=1 exec_before=1854809 exec_after=10966360 reason_before=37 reason=1 rip_before=65537 rip=65540 rax=1710140272734 nonce=1710140272734 witness=1710140272734
INTEL_PROBE phase=prepare_with_watchdog
INTEL_PROBE begin=expired_mtf call=2 deadline=0 rip=65543 nonce=1710153179407 witness=0
INTEL_PROBE end=expired_mtf call=2 status=0 mach_before=1710162019821 mach_after=1710162118109
INTEL_PROBE capture=expired_mtf call=2 exec_before=11501551 exec_after=11593842 reason_before=37 reason=52 rip_before=65543 rip=65543 rax=1710153179407 nonce=1710153179407 witness=0
INTEL_PROBE phase=prepare_with_watchdog
INTEL_PROBE begin=finite_mtf call=3 deadline=1710168472732 rip=65543 nonce=1710162204919 witness=0
INTEL_PROBE end=finite_mtf call=3 status=0 mach_before=1710163521147 mach_after=1710164152824
INTEL_PROBE capture=finite_mtf call=3 exec_before=12049985 exec_after=12532527 reason_before=37 reason=37 rip_before=65543 rip=65546 rax=1710162204920 nonce=1710162204919 witness=0
INTEL_PROBE phase=verified_retry
INTEL_PROBE phase=prepare_with_watchdog
INTEL_PROBE phase=finite_retirement
[       OK ] HvfIntelProbe.FiniteDeadline (39 ms)
[----------] 1 test from HvfIntelProbe (39 ms total)

[==========] 1 test from 1 test suite ran. (39 ms total)
[  PASSED  ] 1 test.

Repeating all tests (iteration 83) . . .

Note: Google Test filter = HvfIntelProbe.FiniteDeadline
[==========] Running 1 test from 1 test suite.
[----------] 1 test from HvfIntelProbe
[ RUN      ] HvfIntelProbe.FiniteDeadline
INTEL_PROBE phase=executor_initialization
INTEL_PROBE phase=startup_probe
INTEL_PROBE phase=prepare_with_watchdog
INTEL_PROBE begin=finite_loop call=1 deadline=1710186519411 rip=65537 nonce=1710179904112 witness=0
INTEL_PROBE end=finite_loop call=1 status=0 mach_before=1710181558903 mach_after=1710191484842
INTEL_PROBE capture=finite_loop call=1 exec_before=2757133 exec_after=12360623 reason_before=37 reason=52 rip_before=65537 rip=65540 rax=1710179904112 nonce=1710179904112 witness=1710179904112
INTEL_PROBE phase=prepare_with_watchdog
INTEL_PROBE begin=expired_mtf call=2 deadline=0 rip=65543 nonce=1710191665749 witness=0
INTEL_PROBE end=expired_mtf call=2 status=0 mach_before=1710194085320 mach_after=1710194145984
INTEL_PROBE capture=expired_mtf call=2 exec_before=12807807 exec_after=12864503 reason_before=37 reason=52 rip_before=65543 rip=65543 rax=1710191665749 nonce=1710191665749 witness=0
INTEL_PROBE phase=prepare_with_watchdog
INTEL_PROBE begin=finite_mtf call=3 deadline=1710200612425 rip=65543 nonce=1710194346520 witness=0
INTEL_PROBE end=finite_mtf call=3 status=0 mach_before=1710195653779 mach_after=1710196297455
INTEL_PROBE capture=finite_mtf call=3 exec_before=13364877 exec_after=13857677 reason_before=37 reason=37 rip_before=65543 rip=65546 rax=1710194346521 nonce=1710194346520 witness=0
INTEL_PROBE phase=verified_retry
INTEL_PROBE phase=prepare_with_watchdog
INTEL_PROBE phase=finite_retirement
[       OK ] HvfIntelProbe.FiniteDeadline (32 ms)
[----------] 1 test from HvfIntelProbe (32 ms total)

[==========] 1 test from 1 test suite ran. (32 ms total)
[  PASSED  ] 1 test.

Repeating all tests (iteration 84) . . .

Note: Google Test filter = HvfIntelProbe.FiniteDeadline
[==========] Running 1 test from 1 test suite.
[----------] 1 test from HvfIntelProbe
[ RUN      ] HvfIntelProbe.FiniteDeadline
INTEL_PROBE phase=executor_initialization
INTEL_PROBE phase=startup_probe
INTEL_PROBE phase=prepare_with_watchdog
INTEL_PROBE begin=finite_loop call=1 deadline=1710217217598 rip=65537 nonce=1710210482740 witness=0
INTEL_PROBE end=finite_loop call=1 status=0 mach_before=1710212267253 mach_after=1710222004301
INTEL_PROBE capture=finite_loop call=1 exec_before=1577795 exec_after=11081945 reason_before=37 reason=52 rip_before=65537 rip=65540 rax=1710210482740 nonce=1710210482740 witness=1710210482740
INTEL_PROBE phase=prepare_with_watchdog
INTEL_PROBE begin=expired_mtf call=2 deadline=0 rip=65543 nonce=1710222163572 witness=0
INTEL_PROBE end=expired_mtf call=2 status=0 mach_before=1710224481625 mach_after=1710224570394
INTEL_PROBE capture=expired_mtf call=2 exec_before=11607840 exec_after=11692198 reason_before=37 reason=52 rip_before=65543 rip=65543 rax=1710222163572 nonce=1710222163572 witness=0
INTEL_PROBE phase=prepare_with_watchdog
INTEL_PROBE begin=finite_mtf call=3 deadline=1710231013436 rip=65543 nonce=1710224646485 witness=0
INTEL_PROBE end=finite_mtf call=3 status=0 mach_before=1710226051412 mach_after=1710226726621
INTEL_PROBE capture=finite_mtf call=3 exec_before=12176667 exec_after=12711697 reason_before=37 reason=37 rip_before=65543 rip=65546 rax=1710224646486 nonce=1710224646485 witness=0
INTEL_PROBE phase=verified_retry
INTEL_PROBE phase=prepare_with_watchdog
INTEL_PROBE phase=finite_retirement
[       OK ] HvfIntelProbe.FiniteDeadline (29 ms)
[----------] 1 test from HvfIntelProbe (30 ms total)

[==========] 1 test from 1 test suite ran. (30 ms total)
[  PASSED  ] 1 test.

Repeating all tests (iteration 85) . . .

Note: Google Test filter = HvfIntelProbe.FiniteDeadline
[==========] Running 1 test from 1 test suite.
[----------] 1 test from HvfIntelProbe
[ RUN      ] HvfIntelProbe.FiniteDeadline
INTEL_PROBE phase=executor_initialization
INTEL_PROBE phase=startup_probe
INTEL_PROBE phase=prepare_with_watchdog
INTEL_PROBE begin=finite_loop call=1 deadline=1710248277792 rip=65537 nonce=1710241741767 witness=0
INTEL_PROBE end=finite_loop call=1 status=0 mach_before=1710243311241 mach_after=1710248338906
INTEL_PROBE capture=finite_loop call=1 exec_before=2086873 exec_after=6907339 reason_before=37 reason=52 rip_before=65537 rip=65540 rax=1710241741767 nonce=1710241741767 witness=1710241741767
INTEL_PROBE phase=prepare_with_watchdog
INTEL_PROBE begin=expired_mtf call=2 deadline=0 rip=65543 nonce=1710248469569 witness=0
INTEL_PROBE end=expired_mtf call=2 status=0 mach_before=1710250457136 mach_after=1710250565500
INTEL_PROBE capture=expired_mtf call=2 exec_before=7288408 exec_after=7392481 reason_before=37 reason=52 rip_before=65543 rip=65543 rax=1710248469569 nonce=1710248469569 witness=0
INTEL_PROBE phase=prepare_with_watchdog
INTEL_PROBE begin=finite_mtf call=3 deadline=1710257270037 rip=65543 nonce=1710250649936 witness=0
INTEL_PROBE end=finite_mtf call=3 status=0 mach_before=1710252317786 mach_after=1710253100297
INTEL_PROBE capture=finite_mtf call=3 exec_before=7907313 exec_after=8476426 reason_before=37 reason=37 rip_before=65543 rip=65546 rax=1710250649937 nonce=1710250649936 witness=0
INTEL_PROBE phase=verified_retry
INTEL_PROBE phase=prepare_with_watchdog
INTEL_PROBE phase=finite_retirement
[       OK ] HvfIntelProbe.FiniteDeadline (27 ms)
[----------] 1 test from HvfIntelProbe (27 ms total)

[==========] 1 test from 1 test suite ran. (27 ms total)
[  PASSED  ] 1 test.

Repeating all tests (iteration 86) . . .

Note: Google Test filter = HvfIntelProbe.FiniteDeadline
[==========] Running 1 test from 1 test suite.
[----------] 1 test from HvfIntelProbe
[ RUN      ] HvfIntelProbe.FiniteDeadline
INTEL_PROBE phase=executor_initialization
INTEL_PROBE phase=startup_probe
INTEL_PROBE phase=prepare_with_watchdog
INTEL_PROBE begin=finite_loop call=1 deadline=1710276556865 rip=65537 nonce=1710269841167 witness=0
INTEL_PROBE end=finite_loop call=1 status=0 mach_before=1710271662649 mach_after=1710276600201
INTEL_PROBE capture=finite_loop call=1 exec_before=1870680 exec_after=6437723 reason_before=37 reason=1 rip_before=65537 rip=65540 rax=1710269841167 nonce=1710269841167 witness=1710269841167
INTEL_PROBE phase=prepare_with_watchdog
INTEL_PROBE begin=expired_mtf call=2 deadline=0 rip=65543 nonce=1710276778227 witness=0
INTEL_PROBE end=expired_mtf call=2 status=0 mach_before=1710278848467 mach_after=1710278914270
INTEL_PROBE capture=expired_mtf call=2 exec_before=6949548 exec_after=7011431 reason_before=37 reason=52 rip_before=65543 rip=65543 rax=1710276778227 nonce=1710276778227 witness=0
INTEL_PROBE phase=prepare_with_watchdog
INTEL_PROBE begin=finite_mtf call=3 deadline=1710285721761 rip=65543 nonce=1710279017701 witness=0
INTEL_PROBE end=finite_mtf call=3 status=0 mach_before=1710280783452 mach_after=1710281414641
INTEL_PROBE capture=finite_mtf call=3 exec_before=7522840 exec_after=8011646 reason_before=37 reason=37 rip_before=65543 rip=65546 rax=1710279017702 nonce=1710279017701 witness=0
INTEL_PROBE phase=verified_retry
INTEL_PROBE phase=prepare_with_watchdog
INTEL_PROBE phase=finite_retirement
[       OK ] HvfIntelProbe.FiniteDeadline (27 ms)
[----------] 1 test from HvfIntelProbe (27 ms total)

[==========] 1 test from 1 test suite ran. (27 ms total)
[  PASSED  ] 1 test.

Repeating all tests (iteration 87) . . .

Note: Google Test filter = HvfIntelProbe.FiniteDeadline
[==========] Running 1 test from 1 test suite.
[----------] 1 test from HvfIntelProbe
[ RUN      ] HvfIntelProbe.FiniteDeadline
INTEL_PROBE phase=executor_initialization
INTEL_PROBE phase=startup_probe
INTEL_PROBE phase=prepare_with_watchdog
INTEL_PROBE begin=finite_loop call=1 deadline=1710304150839 rip=65537 nonce=1710297608597 witness=0
INTEL_PROBE end=finite_loop call=1 status=0 mach_before=1710299186033 mach_after=1710311229983
INTEL_PROBE capture=finite_loop call=1 exec_before=1919503 exec_after=13743440 reason_before=37 reason=52 rip_before=65537 rip=65540 rax=1710297608597 nonce=1710297608597 witness=1710297608597
INTEL_PROBE phase=prepare_with_watchdog
INTEL_PROBE begin=expired_mtf call=2 deadline=0 rip=65543 nonce=1710311451158 witness=0
INTEL_PROBE end=expired_mtf call=2 status=0 mach_before=1710313667723 mach_after=1710313785326
INTEL_PROBE capture=expired_mtf call=2 exec_before=14306333 exec_after=14419039 reason_before=37 reason=52 rip_before=65543 rip=65543 rax=1710311451158 nonce=1710311451158 witness=0
INTEL_PROBE phase=prepare_with_watchdog
INTEL_PROBE begin=finite_mtf call=3 deadline=1710320479489 rip=65543 nonce=1710314102926 witness=0
INTEL_PROBE end=finite_mtf call=3 status=0 mach_before=1710315515605 mach_after=1710316089050
INTEL_PROBE capture=finite_mtf call=3 exec_before=14912338 exec_after=15362320 reason_before=37 reason=37 rip_before=65543 rip=65546 rax=1710314102927 nonce=1710314102926 witness=0
INTEL_PROBE phase=verified_retry
INTEL_PROBE phase=prepare_with_watchdog
INTEL_PROBE phase=finite_retirement
[       OK ] HvfIntelProbe.FiniteDeadline (34 ms)
[----------] 1 test from HvfIntelProbe (34 ms total)

[==========] 1 test from 1 test suite ran. (34 ms total)
[  PASSED  ] 1 test.

Repeating all tests (iteration 88) . . .

Note: Google Test filter = HvfIntelProbe.FiniteDeadline
[==========] Running 1 test from 1 test suite.
[----------] 1 test from HvfIntelProbe
[ RUN      ] HvfIntelProbe.FiniteDeadline
INTEL_PROBE phase=executor_initialization
INTEL_PROBE phase=startup_probe
INTEL_PROBE phase=prepare_with_watchdog
INTEL_PROBE begin=finite_loop call=1 deadline=1710338343746 rip=65537 nonce=1710331865508 witness=0
INTEL_PROBE end=finite_loop call=1 status=0 mach_before=1710333427741 mach_after=1710343365789
INTEL_PROBE capture=finite_loop call=1 exec_before=2276831 exec_after=11982902 reason_before=37 reason=52 rip_before=65537 rip=65540 rax=1710331865508 nonce=1710331865508 witness=1710331865508
INTEL_PROBE phase=prepare_with_watchdog
INTEL_PROBE begin=expired_mtf call=2 deadline=0 rip=65543 nonce=1710343660518 witness=0
INTEL_PROBE end=expired_mtf call=2 status=0 mach_before=1710346158600 mach_after=1710346221475
INTEL_PROBE capture=expired_mtf call=2 exec_before=12567912 exec_after=12626139 reason_before=37 reason=52 rip_before=65543 rip=65543 rax=1710343660518 nonce=1710343660518 witness=0
INTEL_PROBE phase=prepare_with_watchdog
INTEL_PROBE begin=finite_mtf call=3 deadline=1710353134162 rip=65543 nonce=1710346318120 witness=0
INTEL_PROBE end=finite_mtf call=3 status=0 mach_before=1710348214890 mach_after=1710348885692
INTEL_PROBE capture=finite_mtf call=3 exec_before=13163114 exec_after=13573201 reason_before=37 reason=1 rip_before=65543 rip=65543 rax=1710346318120 nonce=1710346318120 witness=0
INTEL_PROBE phase=verified_retry
INTEL_PROBE phase=prepare_with_watchdog
INTEL_PROBE phase=finite_retirement
[       OK ] HvfIntelProbe.FiniteDeadline (33 ms)
[----------] 1 test from HvfIntelProbe (33 ms total)

[==========] 1 test from 1 test suite ran. (33 ms total)
[  PASSED  ] 1 test.

Repeating all tests (iteration 89) . . .

Note: Google Test filter = HvfIntelProbe.FiniteDeadline
[==========] Running 1 test from 1 test suite.
[----------] 1 test from HvfIntelProbe
[ RUN      ] HvfIntelProbe.FiniteDeadline
INTEL_PROBE phase=executor_initialization
INTEL_PROBE phase=startup_probe
INTEL_PROBE phase=prepare_with_watchdog
INTEL_PROBE begin=finite_loop call=1 deadline=1710372190311 rip=65537 nonce=1710365591686 witness=0
INTEL_PROBE end=finite_loop call=1 status=0 mach_before=1710367241424 mach_after=1710372260557
INTEL_PROBE capture=finite_loop call=1 exec_before=1931869 exec_after=6656578 reason_before=37 reason=52 rip_before=65537 rip=65540 rax=1710365591686 nonce=1710365591686 witness=1710365591686
INTEL_PROBE phase=prepare_with_watchdog
INTEL_PROBE begin=expired_mtf call=2 deadline=0 rip=65543 nonce=1710372372840 witness=0
INTEL_PROBE end=expired_mtf call=2 status=0 mach_before=1710374790605 mach_after=1710374882544
INTEL_PROBE capture=expired_mtf call=2 exec_before=7209287 exec_after=7266656 reason_before=37 reason=52 rip_before=65543 rip=65543 rax=1710372372840 nonce=1710372372840 witness=0
INTEL_PROBE phase=prepare_with_watchdog
INTEL_PROBE begin=finite_mtf call=3 deadline=1710381706077 rip=65543 nonce=1710374974755 witness=0
INTEL_PROBE end=finite_mtf call=3 status=0 mach_before=1710376777743 mach_after=1710377434678
INTEL_PROBE capture=finite_mtf call=3 exec_before=7828488 exec_after=8298566 reason_before=37 reason=37 rip_before=65543 rip=65546 rax=1710374974756 nonce=1710374974755 witness=0
INTEL_PROBE phase=verified_retry
INTEL_PROBE phase=prepare_with_watchdog
INTEL_PROBE phase=finite_retirement
[       OK ] HvfIntelProbe.FiniteDeadline (27 ms)
[----------] 1 test from HvfIntelProbe (27 ms total)

[==========] 1 test from 1 test suite ran. (27 ms total)
[  PASSED  ] 1 test.

Repeating all tests (iteration 90) . . .

Note: Google Test filter = HvfIntelProbe.FiniteDeadline
[==========] Running 1 test from 1 test suite.
[----------] 1 test from HvfIntelProbe
[ RUN      ] HvfIntelProbe.FiniteDeadline
INTEL_PROBE phase=executor_initialization
INTEL_PROBE phase=startup_probe
INTEL_PROBE phase=prepare_with_watchdog
INTEL_PROBE begin=finite_loop call=1 deadline=1710399126704 rip=65537 nonce=1710392611740 witness=0
INTEL_PROBE end=finite_loop call=1 status=0 mach_before=1710394175918 mach_after=1710399585928
INTEL_PROBE capture=finite_loop call=1 exec_before=2166111 exec_after=7373867 reason_before=37 reason=52 rip_before=65537 rip=65540 rax=1710392611740 nonce=1710392611740 witness=1710392611740
INTEL_PROBE phase=prepare_with_watchdog
INTEL_PROBE begin=expired_mtf call=2 deadline=0 rip=65543 nonce=1710399729725 witness=0
INTEL_PROBE end=expired_mtf call=2 status=0 mach_before=1710401947735 mach_after=1710402046003
INTEL_PROBE capture=expired_mtf call=2 exec_before=7912368 exec_after=8005567 reason_before=37 reason=52 rip_before=65543 rip=65543 rax=1710399729725 nonce=1710399729725 witness=0
INTEL_PROBE phase=prepare_with_watchdog
INTEL_PROBE begin=finite_mtf call=3 deadline=1710408550809 rip=65543 nonce=1710402133930 witness=0
INTEL_PROBE end=finite_mtf call=3 status=0 mach_before=1710403600021 mach_after=1710404305158
INTEL_PROBE capture=finite_mtf call=3 exec_before=8459991 exec_after=8996423 reason_before=37 reason=37 rip_before=65543 rip=65546 rax=1710402133931 nonce=1710402133930 witness=0
INTEL_PROBE phase=verified_retry
INTEL_PROBE phase=prepare_with_watchdog
INTEL_PROBE phase=finite_retirement
[       OK ] HvfIntelProbe.FiniteDeadline (27 ms)
[----------] 1 test from HvfIntelProbe (27 ms total)

[==========] 1 test from 1 test suite ran. (27 ms total)
[  PASSED  ] 1 test.

Repeating all tests (iteration 91) . . .

Note: Google Test filter = HvfIntelProbe.FiniteDeadline
[==========] Running 1 test from 1 test suite.
[----------] 1 test from HvfIntelProbe
[ RUN      ] HvfIntelProbe.FiniteDeadline
INTEL_PROBE phase=executor_initialization
INTEL_PROBE phase=startup_probe
INTEL_PROBE phase=prepare_with_watchdog
INTEL_PROBE begin=finite_loop call=1 deadline=1710426786213 rip=65537 nonce=1710420169707 witness=0
INTEL_PROBE end=finite_loop call=1 status=0 mach_before=1710421835619 mach_after=1710428590528
INTEL_PROBE capture=finite_loop call=1 exec_before=2623758 exec_after=9203278 reason_before=37 reason=52 rip_before=65537 rip=65540 rax=1710420169707 nonce=1710420169707 witness=1710420169707
INTEL_PROBE phase=prepare_with_watchdog
INTEL_PROBE begin=expired_mtf call=2 deadline=0 rip=65543 nonce=1710428776837 witness=0
INTEL_PROBE end=expired_mtf call=2 status=0 mach_before=1710430780467 mach_after=1710430831391
INTEL_PROBE capture=expired_mtf call=2 exec_before=9673832 exec_after=9721405 reason_before=37 reason=52 rip_before=65543 rip=65543 rax=1710428776837 nonce=1710428776837 witness=0
INTEL_PROBE phase=prepare_with_watchdog
INTEL_PROBE begin=finite_mtf call=3 deadline=1710437255242 rip=65543 nonce=1710430906938 witness=0
INTEL_PROBE end=finite_mtf call=3 status=0 mach_before=1710432301174 mach_after=1710432913353
INTEL_PROBE capture=finite_mtf call=3 exec_before=10213268 exec_after=10700005 reason_before=37 reason=37 rip_before=65543 rip=65546 rax=1710430906939 nonce=1710430906938 witness=0
INTEL_PROBE phase=verified_retry
INTEL_PROBE phase=prepare_with_watchdog
INTEL_PROBE phase=finite_retirement
[       OK ] HvfIntelProbe.FiniteDeadline (28 ms)
[----------] 1 test from HvfIntelProbe (28 ms total)

[==========] 1 test from 1 test suite ran. (28 ms total)
[  PASSED  ] 1 test.

Repeating all tests (iteration 92) . . .

Note: Google Test filter = HvfIntelProbe.FiniteDeadline
[==========] Running 1 test from 1 test suite.
[----------] 1 test from HvfIntelProbe
[ RUN      ] HvfIntelProbe.FiniteDeadline
INTEL_PROBE phase=executor_initialization
INTEL_PROBE phase=startup_probe
INTEL_PROBE phase=prepare_with_watchdog
INTEL_PROBE begin=finite_loop call=1 deadline=1710455906953 rip=65537 nonce=1710449287710 witness=0
INTEL_PROBE end=finite_loop call=1 status=0 mach_before=1710450960776 mach_after=1710460406490
INTEL_PROBE capture=finite_loop call=1 exec_before=2140259 exec_after=11322334 reason_before=37 reason=52 rip_before=65537 rip=65540 rax=1710449287710 nonce=1710449287710 witness=1710449287710
INTEL_PROBE phase=prepare_with_watchdog
INTEL_PROBE begin=expired_mtf call=2 deadline=0 rip=65543 nonce=1710460574415 witness=0
INTEL_PROBE end=expired_mtf call=2 status=0 mach_before=1710462752700 mach_after=1710462843028
INTEL_PROBE capture=expired_mtf call=2 exec_before=11813691 exec_after=11871766 reason_before=37 reason=52 rip_before=65543 rip=65543 rax=1710460574415 nonce=1710460574415 witness=0
INTEL_PROBE phase=prepare_with_watchdog
INTEL_PROBE begin=finite_mtf call=3 deadline=1710469348348 rip=65543 nonce=1710462941133 witness=0
INTEL_PROBE end=finite_mtf call=3 status=0 mach_before=1710464393323 mach_after=1710465084902
INTEL_PROBE capture=finite_mtf call=3 exec_before=12332710 exec_after=12842394 reason_before=37 reason=37 rip_before=65543 rip=65546 rax=1710462941134 nonce=1710462941133 witness=0
INTEL_PROBE phase=verified_retry
INTEL_PROBE phase=prepare_with_watchdog
INTEL_PROBE phase=finite_retirement
[       OK ] HvfIntelProbe.FiniteDeadline (32 ms)
[----------] 1 test from HvfIntelProbe (32 ms total)

[==========] 1 test from 1 test suite ran. (32 ms total)
[  PASSED  ] 1 test.

Repeating all tests (iteration 93) . . .

Note: Google Test filter = HvfIntelProbe.FiniteDeadline
[==========] Running 1 test from 1 test suite.
[----------] 1 test from HvfIntelProbe
[ RUN      ] HvfIntelProbe.FiniteDeadline
INTEL_PROBE phase=executor_initialization
INTEL_PROBE phase=startup_probe
INTEL_PROBE phase=prepare_with_watchdog
INTEL_PROBE begin=finite_loop call=1 deadline=1710487502840 rip=65537 nonce=1710480846739 witness=0
INTEL_PROBE end=finite_loop call=1 status=0 mach_before=1710482549075 mach_after=1710488432789
INTEL_PROBE capture=finite_loop call=1 exec_before=2187729 exec_after=7897905 reason_before=37 reason=52 rip_before=65537 rip=65540 rax=1710480846739 nonce=1710480846739 witness=1710480846739
INTEL_PROBE phase=prepare_with_watchdog
INTEL_PROBE begin=expired_mtf call=2 deadline=0 rip=65543 nonce=1710488600945 witness=0
INTEL_PROBE end=expired_mtf call=2 status=0 mach_before=1710492604682 mach_after=1710492713968
INTEL_PROBE capture=expired_mtf call=2 exec_before=8539296 exec_after=8643177 reason_before=37 reason=52 rip_before=65543 rip=65543 rax=1710488600945 nonce=1710488600945 witness=0
INTEL_PROBE phase=prepare_with_watchdog
INTEL_PROBE begin=finite_mtf call=3 deadline=1710499364211 rip=65543 nonce=1710492811670 witness=0
INTEL_PROBE end=finite_mtf call=3 status=0 mach_before=1710494402838 mach_after=1710495126819
INTEL_PROBE capture=finite_mtf call=3 exec_before=9126196 exec_after=9670038 reason_before=37 reason=37 rip_before=65543 rip=65546 rax=1710492811671 nonce=1710492811670 witness=0
INTEL_PROBE phase=verified_retry
INTEL_PROBE phase=prepare_with_watchdog
INTEL_PROBE phase=finite_retirement
[       OK ] HvfIntelProbe.FiniteDeadline (29 ms)
[----------] 1 test from HvfIntelProbe (29 ms total)

[==========] 1 test from 1 test suite ran. (29 ms total)
[  PASSED  ] 1 test.

Repeating all tests (iteration 94) . . .

Note: Google Test filter = HvfIntelProbe.FiniteDeadline
[==========] Running 1 test from 1 test suite.
[----------] 1 test from HvfIntelProbe
[ RUN      ] HvfIntelProbe.FiniteDeadline
INTEL_PROBE phase=executor_initialization
INTEL_PROBE phase=startup_probe
INTEL_PROBE phase=prepare_with_watchdog
INTEL_PROBE begin=finite_loop call=1 deadline=1710518035749 rip=65537 nonce=1710511171397 witness=0
INTEL_PROBE end=finite_loop call=1 status=0 mach_before=1710513087439 mach_after=1710518561098
INTEL_PROBE capture=finite_loop call=1 exec_before=2525582 exec_after=7816309 reason_before=37 reason=52 rip_before=65537 rip=65540 rax=1710511171397 nonce=1710511171397 witness=1710511171397
INTEL_PROBE phase=prepare_with_watchdog
INTEL_PROBE begin=expired_mtf call=2 deadline=0 rip=65543 nonce=1710518678333 witness=0
INTEL_PROBE end=expired_mtf call=2 status=0 mach_before=1710520923766 mach_after=1710521019634
INTEL_PROBE capture=expired_mtf call=2 exec_before=8281672 exec_after=8372623 reason_before=37 reason=52 rip_before=65543 rip=65543 rax=1710518678333 nonce=1710518678333 witness=0
INTEL_PROBE phase=prepare_with_watchdog
INTEL_PROBE begin=finite_mtf call=3 deadline=1710527548535 rip=65543 nonce=1710521101494 witness=0
INTEL_PROBE end=finite_mtf call=3 status=0 mach_before=1710522592935 mach_after=1710523294850
INTEL_PROBE capture=finite_mtf call=3 exec_before=8863731 exec_after=9401456 reason_before=37 reason=37 rip_before=65543 rip=65546 rax=1710521101495 nonce=1710521101494 witness=0
INTEL_PROBE phase=verified_retry
INTEL_PROBE phase=prepare_with_watchdog
INTEL_PROBE phase=finite_retirement
[       OK ] HvfIntelProbe.FiniteDeadline (27 ms)
[----------] 1 test from HvfIntelProbe (27 ms total)

[==========] 1 test from 1 test suite ran. (27 ms total)
[  PASSED  ] 1 test.

Repeating all tests (iteration 95) . . .

Note: Google Test filter = HvfIntelProbe.FiniteDeadline
[==========] Running 1 test from 1 test suite.
[----------] 1 test from HvfIntelProbe
[ RUN      ] HvfIntelProbe.FiniteDeadline
INTEL_PROBE phase=executor_initialization
INTEL_PROBE phase=startup_probe
INTEL_PROBE phase=prepare_with_watchdog
INTEL_PROBE begin=finite_loop call=1 deadline=1710548079343 rip=65537 nonce=1710540518412 witness=0
INTEL_PROBE end=finite_loop call=1 status=0 mach_before=1710543137129 mach_after=1710548272731
INTEL_PROBE capture=finite_loop call=1 exec_before=3207633 exec_after=8163898 reason_before=37 reason=52 rip_before=65537 rip=65540 rax=1710540518412 nonce=1710540518412 witness=1710540518412
INTEL_PROBE phase=prepare_with_watchdog
INTEL_PROBE begin=expired_mtf call=2 deadline=0 rip=65543 nonce=1710548402091 witness=0
INTEL_PROBE end=expired_mtf call=2 status=0 mach_before=1710550578668 mach_after=1710550642878
INTEL_PROBE capture=expired_mtf call=2 exec_before=8650256 exec_after=8710652 reason_before=37 reason=52 rip_before=65543 rip=65543 rax=1710548402091 nonce=1710548402091 witness=0
INTEL_PROBE phase=prepare_with_watchdog
INTEL_PROBE begin=finite_mtf call=3 deadline=1710557109571 rip=65543 nonce=1710550727082 witness=0
INTEL_PROBE end=finite_mtf call=3 status=0 mach_before=1710552151713 mach_after=1710552754216
INTEL_PROBE capture=finite_mtf call=3 exec_before=9199657 exec_after=9675111 reason_before=37 reason=37 rip_before=65543 rip=65546 rax=1710550727083 nonce=1710550727082 witness=0
INTEL_PROBE phase=verified_retry
INTEL_PROBE phase=prepare_with_watchdog
INTEL_PROBE phase=finite_retirement
[       OK ] HvfIntelProbe.FiniteDeadline (29 ms)
[----------] 1 test from HvfIntelProbe (29 ms total)

[==========] 1 test from 1 test suite ran. (29 ms total)
[  PASSED  ] 1 test.

Repeating all tests (iteration 96) . . .

Note: Google Test filter = HvfIntelProbe.FiniteDeadline
[==========] Running 1 test from 1 test suite.
[----------] 1 test from HvfIntelProbe
[ RUN      ] HvfIntelProbe.FiniteDeadline
INTEL_PROBE phase=executor_initialization
INTEL_PROBE phase=startup_probe
INTEL_PROBE phase=prepare_with_watchdog
INTEL_PROBE begin=finite_loop call=1 deadline=1710576624466 rip=65537 nonce=1710569951861 witness=0
INTEL_PROBE end=finite_loop call=1 status=0 mach_before=1710571679067 mach_after=1710577663861
INTEL_PROBE capture=finite_loop call=1 exec_before=2441663 exec_after=8201924 reason_before=37 reason=52 rip_before=65537 rip=65540 rax=1710569951861 nonce=1710569951861 witness=1710569951861
INTEL_PROBE phase=prepare_with_watchdog
INTEL_PROBE begin=expired_mtf call=2 deadline=0 rip=65543 nonce=1710577792085 witness=0
INTEL_PROBE end=expired_mtf call=2 status=0 mach_before=1710579793023 mach_after=1710579857001
INTEL_PROBE capture=expired_mtf call=2 exec_before=8669088 exec_after=8727569 reason_before=37 reason=52 rip_before=65543 rip=65543 rax=1710577792085 nonce=1710577792085 witness=0
INTEL_PROBE phase=prepare_with_watchdog
INTEL_PROBE begin=finite_mtf call=3 deadline=1710586378009 rip=65543 nonce=1710580004470 witness=0
INTEL_PROBE end=finite_mtf call=3 status=0 mach_before=1710581420989 mach_after=1710582038888
INTEL_PROBE capture=finite_mtf call=3 exec_before=9231093 exec_after=9714922 reason_before=37 reason=37 rip_before=65543 rip=65546 rax=1710580004471 nonce=1710580004470 witness=0
INTEL_PROBE phase=verified_retry
INTEL_PROBE phase=prepare_with_watchdog
INTEL_PROBE phase=finite_retirement
[       OK ] HvfIntelProbe.FiniteDeadline (28 ms)
[----------] 1 test from HvfIntelProbe (28 ms total)

[==========] 1 test from 1 test suite ran. (28 ms total)
[  PASSED  ] 1 test.

Repeating all tests (iteration 97) . . .

Note: Google Test filter = HvfIntelProbe.FiniteDeadline
[==========] Running 1 test from 1 test suite.
[----------] 1 test from HvfIntelProbe
[ RUN      ] HvfIntelProbe.FiniteDeadline
INTEL_PROBE phase=executor_initialization
INTEL_PROBE phase=startup_probe
INTEL_PROBE phase=prepare_with_watchdog
INTEL_PROBE begin=finite_loop call=1 deadline=1710605405428 rip=65537 nonce=1710598686517 witness=0
INTEL_PROBE end=finite_loop call=1 status=0 mach_before=1710600463160 mach_after=1710614144991
INTEL_PROBE capture=finite_loop call=1 exec_before=2604484 exec_after=16108723 reason_before=37 reason=52 rip_before=65537 rip=65540 rax=1710598686517 nonce=1710598686517 witness=1710598686517
INTEL_PROBE phase=prepare_with_watchdog
INTEL_PROBE begin=expired_mtf call=2 deadline=0 rip=65543 nonce=1710614327780 witness=0
INTEL_PROBE end=expired_mtf call=2 status=0 mach_before=1710616623919 mach_after=1710616709780
INTEL_PROBE capture=expired_mtf call=2 exec_before=16573239 exec_after=16653640 reason_before=37 reason=52 rip_before=65543 rip=65543 rax=1710614327780 nonce=1710614327780 witness=0
INTEL_PROBE phase=prepare_with_watchdog
INTEL_PROBE begin=finite_mtf call=3 deadline=1710623489485 rip=65543 nonce=1710616866270 witness=0
INTEL_PROBE end=finite_mtf call=3 status=0 mach_before=1710618534094 mach_after=1710619190252
INTEL_PROBE capture=finite_mtf call=3 exec_before=17211218 exec_after=17724056 reason_before=37 reason=37 rip_before=65543 rip=65546 rax=1710616866271 nonce=1710616866270 witness=0
INTEL_PROBE phase=verified_retry
INTEL_PROBE phase=prepare_with_watchdog
INTEL_PROBE phase=finite_retirement
[       OK ] HvfIntelProbe.FiniteDeadline (37 ms)
[----------] 1 test from HvfIntelProbe (37 ms total)

[==========] 1 test from 1 test suite ran. (37 ms total)
[  PASSED  ] 1 test.

Repeating all tests (iteration 98) . . .

Note: Google Test filter = HvfIntelProbe.FiniteDeadline
[==========] Running 1 test from 1 test suite.
[----------] 1 test from HvfIntelProbe
[ RUN      ] HvfIntelProbe.FiniteDeadline
INTEL_PROBE phase=executor_initialization
INTEL_PROBE phase=startup_probe
INTEL_PROBE phase=prepare_with_watchdog
INTEL_PROBE begin=finite_loop call=1 deadline=1710644315803 rip=65537 nonce=1710637680810 witness=0
INTEL_PROBE end=finite_loop call=1 status=0 mach_before=1710639365382 mach_after=1710644387290
INTEL_PROBE capture=finite_loop call=1 exec_before=2070919 exec_after=6858686 reason_before=37 reason=52 rip_before=65537 rip=65540 rax=1710637680810 nonce=1710637680810 witness=1710637680810
INTEL_PROBE phase=prepare_with_watchdog
INTEL_PROBE begin=expired_mtf call=2 deadline=0 rip=65543 nonce=1710644536371 witness=0
INTEL_PROBE end=expired_mtf call=2 status=0 mach_before=1710646818294 mach_after=1710646919151
INTEL_PROBE capture=expired_mtf call=2 exec_before=7417350 exec_after=7513728 reason_before=37 reason=52 rip_before=65543 rip=65543 rax=1710644536371 nonce=1710644536371 witness=0
INTEL_PROBE phase=prepare_with_watchdog
INTEL_PROBE begin=finite_mtf call=3 deadline=1710653435810 rip=65543 nonce=1710647013565 witness=0
INTEL_PROBE end=finite_mtf call=3 status=0 mach_before=1710648488295 mach_after=1710649250021
INTEL_PROBE capture=finite_mtf call=3 exec_before=8005731 exec_after=8572685 reason_before=37 reason=37 rip_before=65543 rip=65546 rax=1710647013566 nonce=1710647013565 witness=0
INTEL_PROBE phase=verified_retry
INTEL_PROBE phase=prepare_with_watchdog
INTEL_PROBE phase=finite_retirement
[       OK ] HvfIntelProbe.FiniteDeadline (30 ms)
[----------] 1 test from HvfIntelProbe (30 ms total)

[==========] 1 test from 1 test suite ran. (30 ms total)
[  PASSED  ] 1 test.

Repeating all tests (iteration 99) . . .

Note: Google Test filter = HvfIntelProbe.FiniteDeadline
[==========] Running 1 test from 1 test suite.
[----------] 1 test from HvfIntelProbe
[ RUN      ] HvfIntelProbe.FiniteDeadline
INTEL_PROBE phase=executor_initialization
INTEL_PROBE phase=startup_probe
INTEL_PROBE phase=prepare_with_watchdog
INTEL_PROBE begin=finite_loop call=1 deadline=1710673066879 rip=65537 nonce=1710666199312 witness=0
INTEL_PROBE end=finite_loop call=1 status=0 mach_before=1710668119531 mach_after=1710670853954
INTEL_PROBE capture=finite_loop call=1 exec_before=1918552 exec_after=4449298 reason_before=37 reason=1 rip_before=65537 rip=65540 rax=1710666199312 nonce=1710666199312 witness=1710666199312
INTEL_PROBE begin=finite_loop call=2 deadline=1710673066879 rip=65540 nonce=1710666199312 witness=1710666199312
INTEL_PROBE end=finite_loop call=2 status=0 mach_before=1710670916302 mach_after=1710675431654
INTEL_PROBE capture=finite_loop call=2 exec_before=4449298 exec_after=8922604 reason_before=1 reason=52 rip_before=65540 rip=65540 rax=1710666199312 nonce=1710666199312 witness=1710666199312
INTEL_PROBE phase=prepare_with_watchdog
INTEL_PROBE begin=expired_mtf call=3 deadline=0 rip=65543 nonce=1710675565370 witness=0
INTEL_PROBE end=expired_mtf call=3 status=0 mach_before=1710677419127 mach_after=1710677489855
INTEL_PROBE capture=expired_mtf call=3 exec_before=9387102 exec_after=9451795 reason_before=37 reason=52 rip_before=65543 rip=65543 rax=1710675565370 nonce=1710675565370 witness=0
INTEL_PROBE phase=prepare_with_watchdog
INTEL_PROBE begin=finite_mtf call=4 deadline=1710684025726 rip=65543 nonce=1710677586029 witness=0
INTEL_PROBE end=finite_mtf call=4 status=0 mach_before=1710679080716 mach_after=1710679695357
INTEL_PROBE capture=finite_mtf call=4 exec_before=9947705 exec_after=10426306 reason_before=37 reason=37 rip_before=65543 rip=65546 rax=1710677586030 nonce=1710677586029 witness=0
INTEL_PROBE phase=verified_retry
INTEL_PROBE phase=prepare_with_watchdog
INTEL_PROBE phase=finite_retirement
[       OK ] HvfIntelProbe.FiniteDeadline (29 ms)
[----------] 1 test from HvfIntelProbe (29 ms total)

[==========] 1 test from 1 test suite ran. (29 ms total)
[  PASSED  ] 1 test.

Repeating all tests (iteration 100) . . .

Note: Google Test filter = HvfIntelProbe.FiniteDeadline
[==========] Running 1 test from 1 test suite.
[----------] 1 test from HvfIntelProbe
[ RUN      ] HvfIntelProbe.FiniteDeadline
INTEL_PROBE phase=executor_initialization
INTEL_PROBE phase=startup_probe
INTEL_PROBE phase=prepare_with_watchdog
INTEL_PROBE begin=finite_loop call=1 deadline=1710702273464 rip=65537 nonce=1710695537206 witness=0
INTEL_PROBE end=finite_loop call=1 status=0 mach_before=1710697325351 mach_after=1710703673023
INTEL_PROBE capture=finite_loop call=1 exec_before=1850345 exec_after=7810415 reason_before=37 reason=1 rip_before=65537 rip=65540 rax=1710695537206 nonce=1710695537206 witness=1710695537206
INTEL_PROBE phase=prepare_with_watchdog
INTEL_PROBE begin=expired_mtf call=2 deadline=0 rip=65543 nonce=1710703895300 witness=0
INTEL_PROBE end=expired_mtf call=2 status=0 mach_before=1710706308924 mach_after=1710706421048
INTEL_PROBE capture=expired_mtf call=2 exec_before=8333164 exec_after=8440429 reason_before=37 reason=52 rip_before=65543 rip=65543 rax=1710703895300 nonce=1710703895300 witness=0
INTEL_PROBE phase=prepare_with_watchdog
INTEL_PROBE begin=finite_mtf call=3 deadline=1710713070940 rip=65543 nonce=1710706509777 witness=0
INTEL_PROBE end=finite_mtf call=3 status=0 mach_before=1710708112614 mach_after=1710708837925
INTEL_PROBE capture=finite_mtf call=3 exec_before=8933497 exec_after=9501884 reason_before=37 reason=37 rip_before=65543 rip=65546 rax=1710706509778 nonce=1710706509777 witness=0
INTEL_PROBE phase=verified_retry
INTEL_PROBE phase=prepare_with_watchdog
INTEL_PROBE phase=finite_retirement
[       OK ] HvfIntelProbe.FiniteDeadline (29 ms)
[----------] 1 test from HvfIntelProbe (29 ms total)

[----------] Global test environment tear-down
[==========] 1 test from 1 test suite ran. (29 ms total)
[  PASSED  ] 1 test.
