Running main() from /Users/runner/work/test_mac_intel/test_mac_intel/source/build-hvf/_deps/googletest-src/googletest/src/gtest_main.cc

Repeating all tests (iteration 1) . . .

Note: Google Test filter = HvfIntelRecoveryProbe.WithoutHostKick
[==========] Running 1 test from 1 test suite.
[----------] Global test environment set-up.
[----------] 1 test from HvfIntelRecoveryProbe
[ RUN      ] HvfIntelRecoveryProbe.WithoutHostKick
INTEL_PROBE phase=executor_retained
INTEL_RECOVERY host_kick=omitted
INTEL_LIFECYCLE phase=vcpu_destroy_begin generation=1 owner=57960
INTEL_LIFECYCLE phase=vcpu_destroy_end generation=1 owner=57960
INTEL_LIFECYCLE phase=vm_destroy_begin generation=1 owner=57960
INTEL_LIFECYCLE phase=vm_destroy_end generation=1 owner=57960
INTEL_LIFECYCLE phase=vm_create_begin generation=2 owner=57960
INTEL_LIFECYCLE phase=vm_create_end generation=2 owner=57960
INTEL_LIFECYCLE phase=vcpu_create_begin generation=2 owner=57960
INTEL_LIFECYCLE phase=vcpu_create_end generation=2 owner=57960
[       OK ] HvfIntelRecoveryProbe.WithoutHostKick (337 ms)
[----------] 1 test from HvfIntelRecoveryProbe (338 ms total)

[==========] 1 test from 1 test suite ran. (338 ms total)
[  PASSED  ] 1 test.

Repeating all tests (iteration 2) . . .

Note: Google Test filter = HvfIntelRecoveryProbe.WithoutHostKick
[==========] Running 1 test from 1 test suite.
[----------] 1 test from HvfIntelRecoveryProbe
[ RUN      ] HvfIntelRecoveryProbe.WithoutHostKick
INTEL_PROBE phase=executor_retained
INTEL_RECOVERY host_kick=omitted
INTEL_LIFECYCLE phase=vcpu_destroy_begin generation=2 owner=57960
INTEL_LIFECYCLE phase=vcpu_destroy_end generation=2 owner=57960
INTEL_LIFECYCLE phase=vm_destroy_begin generation=2 owner=57960
INTEL_LIFECYCLE phase=vm_destroy_end generation=2 owner=57960
INTEL_LIFECYCLE phase=vm_create_begin generation=3 owner=57960
INTEL_LIFECYCLE phase=vm_create_end generation=3 owner=57960
INTEL_LIFECYCLE phase=vcpu_create_begin generation=3 owner=57960
INTEL_LIFECYCLE phase=vcpu_create_end generation=3 owner=57960
[       OK ] HvfIntelRecoveryProbe.WithoutHostKick (373 ms)
[----------] 1 test from HvfIntelRecoveryProbe (374 ms total)

[==========] 1 test from 1 test suite ran. (374 ms total)
[  PASSED  ] 1 test.

Repeating all tests (iteration 3) . . .

Note: Google Test filter = HvfIntelRecoveryProbe.WithoutHostKick
[==========] Running 1 test from 1 test suite.
[----------] 1 test from HvfIntelRecoveryProbe
[ RUN      ] HvfIntelRecoveryProbe.WithoutHostKick
INTEL_PROBE phase=executor_retained
INTEL_RECOVERY host_kick=omitted
INTEL_LIFECYCLE phase=vcpu_destroy_begin generation=3 owner=57960
INTEL_LIFECYCLE phase=vcpu_destroy_end generation=3 owner=57960
INTEL_LIFECYCLE phase=vm_destroy_begin generation=3 owner=57960
INTEL_LIFECYCLE phase=vm_destroy_end generation=3 owner=57960
INTEL_LIFECYCLE phase=vm_create_begin generation=4 owner=57960
INTEL_LIFECYCLE phase=vm_create_end generation=4 owner=57960
INTEL_LIFECYCLE phase=vcpu_create_begin generation=4 owner=57960
INTEL_LIFECYCLE phase=vcpu_create_end generation=4 owner=57960
[       OK ] HvfIntelRecoveryProbe.WithoutHostKick (353 ms)
[----------] 1 test from HvfIntelRecoveryProbe (353 ms total)

[==========] 1 test from 1 test suite ran. (353 ms total)
[  PASSED  ] 1 test.

Repeating all tests (iteration 4) . . .

Note: Google Test filter = HvfIntelRecoveryProbe.WithoutHostKick
[==========] Running 1 test from 1 test suite.
[----------] 1 test from HvfIntelRecoveryProbe
[ RUN      ] HvfIntelRecoveryProbe.WithoutHostKick
INTEL_PROBE phase=executor_retained
INTEL_RECOVERY host_kick=omitted
INTEL_LIFECYCLE phase=vcpu_destroy_begin generation=4 owner=57960
INTEL_LIFECYCLE phase=vcpu_destroy_end generation=4 owner=57960
INTEL_LIFECYCLE phase=vm_destroy_begin generation=4 owner=57960
INTEL_LIFECYCLE phase=vm_destroy_end generation=4 owner=57960
INTEL_LIFECYCLE phase=vm_create_begin generation=5 owner=57960
INTEL_LIFECYCLE phase=vm_create_end generation=5 owner=57960
INTEL_LIFECYCLE phase=vcpu_create_begin generation=5 owner=57960
INTEL_LIFECYCLE phase=vcpu_create_end generation=5 owner=57960
[       OK ] HvfIntelRecoveryProbe.WithoutHostKick (219 ms)
[----------] 1 test from HvfIntelRecoveryProbe (219 ms total)

[==========] 1 test from 1 test suite ran. (219 ms total)
[  PASSED  ] 1 test.

Repeating all tests (iteration 5) . . .

Note: Google Test filter = HvfIntelRecoveryProbe.WithoutHostKick
[==========] Running 1 test from 1 test suite.
[----------] 1 test from HvfIntelRecoveryProbe
[ RUN      ] HvfIntelRecoveryProbe.WithoutHostKick
INTEL_PROBE phase=executor_retained
INTEL_RECOVERY host_kick=omitted
INTEL_LIFECYCLE phase=vcpu_destroy_begin generation=5 owner=57960
INTEL_LIFECYCLE phase=vcpu_destroy_end generation=5 owner=57960
INTEL_LIFECYCLE phase=vm_destroy_begin generation=5 owner=57960
INTEL_LIFECYCLE phase=vm_destroy_end generation=5 owner=57960
INTEL_LIFECYCLE phase=vm_create_begin generation=6 owner=57960
INTEL_LIFECYCLE phase=vm_create_end generation=6 owner=57960
INTEL_LIFECYCLE phase=vcpu_create_begin generation=6 owner=57960
INTEL_LIFECYCLE phase=vcpu_create_end generation=6 owner=57960
[       OK ] HvfIntelRecoveryProbe.WithoutHostKick (316 ms)
[----------] 1 test from HvfIntelRecoveryProbe (316 ms total)

[==========] 1 test from 1 test suite ran. (316 ms total)
[  PASSED  ] 1 test.

Repeating all tests (iteration 6) . . .

Note: Google Test filter = HvfIntelRecoveryProbe.WithoutHostKick
[==========] Running 1 test from 1 test suite.
[----------] 1 test from HvfIntelRecoveryProbe
[ RUN      ] HvfIntelRecoveryProbe.WithoutHostKick
INTEL_PROBE phase=executor_retained
INTEL_RECOVERY host_kick=omitted
INTEL_LIFECYCLE phase=vcpu_destroy_begin generation=6 owner=57960
INTEL_LIFECYCLE phase=vcpu_destroy_end generation=6 owner=57960
INTEL_LIFECYCLE phase=vm_destroy_begin generation=6 owner=57960
INTEL_LIFECYCLE phase=vm_destroy_end generation=6 owner=57960
INTEL_LIFECYCLE phase=vm_create_begin generation=7 owner=57960
INTEL_LIFECYCLE phase=vm_create_end generation=7 owner=57960
INTEL_LIFECYCLE phase=vcpu_create_begin generation=7 owner=57960
INTEL_LIFECYCLE phase=vcpu_create_end generation=7 owner=57960
[       OK ] HvfIntelRecoveryProbe.WithoutHostKick (300 ms)
[----------] 1 test from HvfIntelRecoveryProbe (300 ms total)

[==========] 1 test from 1 test suite ran. (301 ms total)
[  PASSED  ] 1 test.

Repeating all tests (iteration 7) . . .

Note: Google Test filter = HvfIntelRecoveryProbe.WithoutHostKick
[==========] Running 1 test from 1 test suite.
[----------] 1 test from HvfIntelRecoveryProbe
[ RUN      ] HvfIntelRecoveryProbe.WithoutHostKick
INTEL_PROBE phase=executor_retained
INTEL_RECOVERY host_kick=omitted
INTEL_LIFECYCLE phase=vcpu_destroy_begin generation=7 owner=57960
INTEL_LIFECYCLE phase=vcpu_destroy_end generation=7 owner=57960
INTEL_LIFECYCLE phase=vm_destroy_begin generation=7 owner=57960
INTEL_LIFECYCLE phase=vm_destroy_end generation=7 owner=57960
INTEL_LIFECYCLE phase=vm_create_begin generation=8 owner=57960
INTEL_LIFECYCLE phase=vm_create_end generation=8 owner=57960
INTEL_LIFECYCLE phase=vcpu_create_begin generation=8 owner=57960
INTEL_LIFECYCLE phase=vcpu_create_end generation=8 owner=57960
[       OK ] HvfIntelRecoveryProbe.WithoutHostKick (204 ms)
[----------] 1 test from HvfIntelRecoveryProbe (204 ms total)

[==========] 1 test from 1 test suite ran. (205 ms total)
[  PASSED  ] 1 test.

Repeating all tests (iteration 8) . . .

Note: Google Test filter = HvfIntelRecoveryProbe.WithoutHostKick
[==========] Running 1 test from 1 test suite.
[----------] 1 test from HvfIntelRecoveryProbe
[ RUN      ] HvfIntelRecoveryProbe.WithoutHostKick
INTEL_PROBE phase=executor_retained
INTEL_RECOVERY host_kick=omitted
INTEL_LIFECYCLE phase=vcpu_destroy_begin generation=8 owner=57960
INTEL_LIFECYCLE phase=vcpu_destroy_end generation=8 owner=57960
INTEL_LIFECYCLE phase=vm_destroy_begin generation=8 owner=57960
INTEL_LIFECYCLE phase=vm_destroy_end generation=8 owner=57960
INTEL_LIFECYCLE phase=vm_create_begin generation=9 owner=57960
INTEL_LIFECYCLE phase=vm_create_end generation=9 owner=57960
INTEL_LIFECYCLE phase=vcpu_create_begin generation=9 owner=57960
INTEL_LIFECYCLE phase=vcpu_create_end generation=9 owner=57960
[       OK ] HvfIntelRecoveryProbe.WithoutHostKick (283 ms)
[----------] 1 test from HvfIntelRecoveryProbe (283 ms total)

[==========] 1 test from 1 test suite ran. (283 ms total)
[  PASSED  ] 1 test.

Repeating all tests (iteration 9) . . .

Note: Google Test filter = HvfIntelRecoveryProbe.WithoutHostKick
[==========] Running 1 test from 1 test suite.
[----------] 1 test from HvfIntelRecoveryProbe
[ RUN      ] HvfIntelRecoveryProbe.WithoutHostKick
INTEL_PROBE phase=executor_retained
INTEL_RECOVERY host_kick=omitted
INTEL_LIFECYCLE phase=vcpu_destroy_begin generation=9 owner=57960
INTEL_LIFECYCLE phase=vcpu_destroy_end generation=9 owner=57960
INTEL_LIFECYCLE phase=vm_destroy_begin generation=9 owner=57960
INTEL_LIFECYCLE phase=vm_destroy_end generation=9 owner=57960
INTEL_LIFECYCLE phase=vm_create_begin generation=10 owner=57960
INTEL_LIFECYCLE phase=vm_create_end generation=10 owner=57960
INTEL_LIFECYCLE phase=vcpu_create_begin generation=10 owner=57960
INTEL_LIFECYCLE phase=vcpu_create_end generation=10 owner=57960
[       OK ] HvfIntelRecoveryProbe.WithoutHostKick (147 ms)
[----------] 1 test from HvfIntelRecoveryProbe (147 ms total)

[==========] 1 test from 1 test suite ran. (147 ms total)
[  PASSED  ] 1 test.

Repeating all tests (iteration 10) . . .

Note: Google Test filter = HvfIntelRecoveryProbe.WithoutHostKick
[==========] Running 1 test from 1 test suite.
[----------] 1 test from HvfIntelRecoveryProbe
[ RUN      ] HvfIntelRecoveryProbe.WithoutHostKick
INTEL_PROBE phase=executor_retained
INTEL_RECOVERY host_kick=omitted
INTEL_LIFECYCLE phase=vcpu_destroy_begin generation=10 owner=57960
INTEL_LIFECYCLE phase=vcpu_destroy_end generation=10 owner=57960
INTEL_LIFECYCLE phase=vm_destroy_begin generation=10 owner=57960
INTEL_LIFECYCLE phase=vm_destroy_end generation=10 owner=57960
INTEL_LIFECYCLE phase=vm_create_begin generation=11 owner=57960
INTEL_LIFECYCLE phase=vm_create_end generation=11 owner=57960
INTEL_LIFECYCLE phase=vcpu_create_begin generation=11 owner=57960
INTEL_LIFECYCLE phase=vcpu_create_end generation=11 owner=57960
[       OK ] HvfIntelRecoveryProbe.WithoutHostKick (270 ms)
[----------] 1 test from HvfIntelRecoveryProbe (270 ms total)

[==========] 1 test from 1 test suite ran. (270 ms total)
[  PASSED  ] 1 test.

Repeating all tests (iteration 11) . . .

Note: Google Test filter = HvfIntelRecoveryProbe.WithoutHostKick
[==========] Running 1 test from 1 test suite.
[----------] 1 test from HvfIntelRecoveryProbe
[ RUN      ] HvfIntelRecoveryProbe.WithoutHostKick
INTEL_PROBE phase=executor_retained
INTEL_RECOVERY host_kick=omitted
INTEL_LIFECYCLE phase=vcpu_destroy_begin generation=11 owner=57960
INTEL_LIFECYCLE phase=vcpu_destroy_end generation=11 owner=57960
INTEL_LIFECYCLE phase=vm_destroy_begin generation=11 owner=57960
INTEL_LIFECYCLE phase=vm_destroy_end generation=11 owner=57960
INTEL_LIFECYCLE phase=vm_create_begin generation=12 owner=57960
INTEL_LIFECYCLE phase=vm_create_end generation=12 owner=57960
INTEL_LIFECYCLE phase=vcpu_create_begin generation=12 owner=57960
INTEL_LIFECYCLE phase=vcpu_create_end generation=12 owner=57960
[       OK ] HvfIntelRecoveryProbe.WithoutHostKick (337 ms)
[----------] 1 test from HvfIntelRecoveryProbe (338 ms total)

[==========] 1 test from 1 test suite ran. (338 ms total)
[  PASSED  ] 1 test.

Repeating all tests (iteration 12) . . .

Note: Google Test filter = HvfIntelRecoveryProbe.WithoutHostKick
[==========] Running 1 test from 1 test suite.
[----------] 1 test from HvfIntelRecoveryProbe
[ RUN      ] HvfIntelRecoveryProbe.WithoutHostKick
INTEL_PROBE phase=executor_retained
INTEL_RECOVERY host_kick=omitted
INTEL_LIFECYCLE phase=vcpu_destroy_begin generation=12 owner=57960
INTEL_LIFECYCLE phase=vcpu_destroy_end generation=12 owner=57960
INTEL_LIFECYCLE phase=vm_destroy_begin generation=12 owner=57960
INTEL_LIFECYCLE phase=vm_destroy_end generation=12 owner=57960
INTEL_LIFECYCLE phase=vm_create_begin generation=13 owner=57960
INTEL_LIFECYCLE phase=vm_create_end generation=13 owner=57960
INTEL_LIFECYCLE phase=vcpu_create_begin generation=13 owner=57960
INTEL_LIFECYCLE phase=vcpu_create_end generation=13 owner=57960
[       OK ] HvfIntelRecoveryProbe.WithoutHostKick (257 ms)
[----------] 1 test from HvfIntelRecoveryProbe (257 ms total)

[==========] 1 test from 1 test suite ran. (257 ms total)
[  PASSED  ] 1 test.

Repeating all tests (iteration 13) . . .

Note: Google Test filter = HvfIntelRecoveryProbe.WithoutHostKick
[==========] Running 1 test from 1 test suite.
[----------] 1 test from HvfIntelRecoveryProbe
[ RUN      ] HvfIntelRecoveryProbe.WithoutHostKick
INTEL_PROBE phase=executor_retained
INTEL_RECOVERY host_kick=omitted
INTEL_LIFECYCLE phase=vcpu_destroy_begin generation=13 owner=57960
INTEL_LIFECYCLE phase=vcpu_destroy_end generation=13 owner=57960
INTEL_LIFECYCLE phase=vm_destroy_begin generation=13 owner=57960
INTEL_LIFECYCLE phase=vm_destroy_end generation=13 owner=57960
INTEL_LIFECYCLE phase=vm_create_begin generation=14 owner=57960
INTEL_LIFECYCLE phase=vm_create_end generation=14 owner=57960
INTEL_LIFECYCLE phase=vcpu_create_begin generation=14 owner=57960
INTEL_LIFECYCLE phase=vcpu_create_end generation=14 owner=57960
[       OK ] HvfIntelRecoveryProbe.WithoutHostKick (253 ms)
[----------] 1 test from HvfIntelRecoveryProbe (253 ms total)

[==========] 1 test from 1 test suite ran. (253 ms total)
[  PASSED  ] 1 test.

Repeating all tests (iteration 14) . . .

Note: Google Test filter = HvfIntelRecoveryProbe.WithoutHostKick
[==========] Running 1 test from 1 test suite.
[----------] 1 test from HvfIntelRecoveryProbe
[ RUN      ] HvfIntelRecoveryProbe.WithoutHostKick
INTEL_PROBE phase=executor_retained
INTEL_RECOVERY host_kick=omitted
INTEL_LIFECYCLE phase=vcpu_destroy_begin generation=14 owner=57960
INTEL_LIFECYCLE phase=vcpu_destroy_end generation=14 owner=57960
INTEL_LIFECYCLE phase=vm_destroy_begin generation=14 owner=57960
INTEL_LIFECYCLE phase=vm_destroy_end generation=14 owner=57960
INTEL_LIFECYCLE phase=vm_create_begin generation=15 owner=57960
INTEL_LIFECYCLE phase=vm_create_end generation=15 owner=57960
INTEL_LIFECYCLE phase=vcpu_create_begin generation=15 owner=57960
INTEL_LIFECYCLE phase=vcpu_create_end generation=15 owner=57960
[       OK ] HvfIntelRecoveryProbe.WithoutHostKick (335 ms)
[----------] 1 test from HvfIntelRecoveryProbe (336 ms total)

[==========] 1 test from 1 test suite ran. (336 ms total)
[  PASSED  ] 1 test.

Repeating all tests (iteration 15) . . .

Note: Google Test filter = HvfIntelRecoveryProbe.WithoutHostKick
[==========] Running 1 test from 1 test suite.
[----------] 1 test from HvfIntelRecoveryProbe
[ RUN      ] HvfIntelRecoveryProbe.WithoutHostKick
INTEL_PROBE phase=executor_retained
INTEL_RECOVERY host_kick=omitted
INTEL_LIFECYCLE phase=vcpu_destroy_begin generation=15 owner=57960
INTEL_LIFECYCLE phase=vcpu_destroy_end generation=15 owner=57960
INTEL_LIFECYCLE phase=vm_destroy_begin generation=15 owner=57960
INTEL_LIFECYCLE phase=vm_destroy_end generation=15 owner=57960
INTEL_LIFECYCLE phase=vm_create_begin generation=16 owner=57960
INTEL_LIFECYCLE phase=vm_create_end generation=16 owner=57960
INTEL_LIFECYCLE phase=vcpu_create_begin generation=16 owner=57960
INTEL_LIFECYCLE phase=vcpu_create_end generation=16 owner=57960
[       OK ] HvfIntelRecoveryProbe.WithoutHostKick (255 ms)
[----------] 1 test from HvfIntelRecoveryProbe (256 ms total)

[==========] 1 test from 1 test suite ran. (256 ms total)
[  PASSED  ] 1 test.

Repeating all tests (iteration 16) . . .

Note: Google Test filter = HvfIntelRecoveryProbe.WithoutHostKick
[==========] Running 1 test from 1 test suite.
[----------] 1 test from HvfIntelRecoveryProbe
[ RUN      ] HvfIntelRecoveryProbe.WithoutHostKick
INTEL_PROBE phase=executor_retained
INTEL_RECOVERY host_kick=omitted
INTEL_LIFECYCLE phase=vcpu_destroy_begin generation=16 owner=57960
INTEL_LIFECYCLE phase=vcpu_destroy_end generation=16 owner=57960
INTEL_LIFECYCLE phase=vm_destroy_begin generation=16 owner=57960
INTEL_LIFECYCLE phase=vm_destroy_end generation=16 owner=57960
INTEL_LIFECYCLE phase=vm_create_begin generation=17 owner=57960
INTEL_LIFECYCLE phase=vm_create_end generation=17 owner=57960
INTEL_LIFECYCLE phase=vcpu_create_begin generation=17 owner=57960
INTEL_LIFECYCLE phase=vcpu_create_end generation=17 owner=57960
[       OK ] HvfIntelRecoveryProbe.WithoutHostKick (162 ms)
[----------] 1 test from HvfIntelRecoveryProbe (162 ms total)

[==========] 1 test from 1 test suite ran. (162 ms total)
[  PASSED  ] 1 test.

Repeating all tests (iteration 17) . . .

Note: Google Test filter = HvfIntelRecoveryProbe.WithoutHostKick
[==========] Running 1 test from 1 test suite.
[----------] 1 test from HvfIntelRecoveryProbe
[ RUN      ] HvfIntelRecoveryProbe.WithoutHostKick
INTEL_PROBE phase=executor_retained
INTEL_RECOVERY host_kick=omitted
INTEL_LIFECYCLE phase=vcpu_destroy_begin generation=17 owner=57960
INTEL_LIFECYCLE phase=vcpu_destroy_end generation=17 owner=57960
INTEL_LIFECYCLE phase=vm_destroy_begin generation=17 owner=57960
INTEL_LIFECYCLE phase=vm_destroy_end generation=17 owner=57960
INTEL_LIFECYCLE phase=vm_create_begin generation=18 owner=57960
INTEL_LIFECYCLE phase=vm_create_end generation=18 owner=57960
INTEL_LIFECYCLE phase=vcpu_create_begin generation=18 owner=57960
INTEL_LIFECYCLE phase=vcpu_create_end generation=18 owner=57960
[       OK ] HvfIntelRecoveryProbe.WithoutHostKick (433 ms)
[----------] 1 test from HvfIntelRecoveryProbe (433 ms total)

[==========] 1 test from 1 test suite ran. (433 ms total)
[  PASSED  ] 1 test.

Repeating all tests (iteration 18) . . .

Note: Google Test filter = HvfIntelRecoveryProbe.WithoutHostKick
[==========] Running 1 test from 1 test suite.
[----------] 1 test from HvfIntelRecoveryProbe
[ RUN      ] HvfIntelRecoveryProbe.WithoutHostKick
INTEL_PROBE phase=executor_retained
INTEL_RECOVERY host_kick=omitted
INTEL_LIFECYCLE phase=vcpu_destroy_begin generation=18 owner=57960
INTEL_LIFECYCLE phase=vcpu_destroy_end generation=18 owner=57960
INTEL_LIFECYCLE phase=vm_destroy_begin generation=18 owner=57960
INTEL_LIFECYCLE phase=vm_destroy_end generation=18 owner=57960
INTEL_LIFECYCLE phase=vm_create_begin generation=19 owner=57960
INTEL_LIFECYCLE phase=vm_create_end generation=19 owner=57960
INTEL_LIFECYCLE phase=vcpu_create_begin generation=19 owner=57960
INTEL_LIFECYCLE phase=vcpu_create_end generation=19 owner=57960
[       OK ] HvfIntelRecoveryProbe.WithoutHostKick (317 ms)
[----------] 1 test from HvfIntelRecoveryProbe (317 ms total)

[==========] 1 test from 1 test suite ran. (317 ms total)
[  PASSED  ] 1 test.

Repeating all tests (iteration 19) . . .

Note: Google Test filter = HvfIntelRecoveryProbe.WithoutHostKick
[==========] Running 1 test from 1 test suite.
[----------] 1 test from HvfIntelRecoveryProbe
[ RUN      ] HvfIntelRecoveryProbe.WithoutHostKick
INTEL_PROBE phase=executor_retained
INTEL_RECOVERY host_kick=omitted
INTEL_LIFECYCLE phase=vcpu_destroy_begin generation=19 owner=57960
INTEL_LIFECYCLE phase=vcpu_destroy_end generation=19 owner=57960
INTEL_LIFECYCLE phase=vm_destroy_begin generation=19 owner=57960
INTEL_LIFECYCLE phase=vm_destroy_end generation=19 owner=57960
INTEL_LIFECYCLE phase=vm_create_begin generation=20 owner=57960
INTEL_LIFECYCLE phase=vm_create_end generation=20 owner=57960
INTEL_LIFECYCLE phase=vcpu_create_begin generation=20 owner=57960
INTEL_LIFECYCLE phase=vcpu_create_end generation=20 owner=57960
[       OK ] HvfIntelRecoveryProbe.WithoutHostKick (254 ms)
[----------] 1 test from HvfIntelRecoveryProbe (254 ms total)

[==========] 1 test from 1 test suite ran. (254 ms total)
[  PASSED  ] 1 test.

Repeating all tests (iteration 20) . . .

Note: Google Test filter = HvfIntelRecoveryProbe.WithoutHostKick
[==========] Running 1 test from 1 test suite.
[----------] 1 test from HvfIntelRecoveryProbe
[ RUN      ] HvfIntelRecoveryProbe.WithoutHostKick
INTEL_PROBE phase=executor_retained
INTEL_RECOVERY host_kick=omitted
INTEL_LIFECYCLE phase=vcpu_destroy_begin generation=20 owner=57960
INTEL_LIFECYCLE phase=vcpu_destroy_end generation=20 owner=57960
INTEL_LIFECYCLE phase=vm_destroy_begin generation=20 owner=57960
INTEL_LIFECYCLE phase=vm_destroy_end generation=20 owner=57960
INTEL_LIFECYCLE phase=vm_create_begin generation=21 owner=57960
INTEL_LIFECYCLE phase=vm_create_end generation=21 owner=57960
INTEL_LIFECYCLE phase=vcpu_create_begin generation=21 owner=57960
INTEL_LIFECYCLE phase=vcpu_create_end generation=21 owner=57960
[       OK ] HvfIntelRecoveryProbe.WithoutHostKick (223 ms)
[----------] 1 test from HvfIntelRecoveryProbe (223 ms total)

[==========] 1 test from 1 test suite ran. (223 ms total)
[  PASSED  ] 1 test.

Repeating all tests (iteration 21) . . .

Note: Google Test filter = HvfIntelRecoveryProbe.WithoutHostKick
[==========] Running 1 test from 1 test suite.
[----------] 1 test from HvfIntelRecoveryProbe
[ RUN      ] HvfIntelRecoveryProbe.WithoutHostKick
INTEL_PROBE phase=executor_retained
INTEL_RECOVERY host_kick=omitted
INTEL_LIFECYCLE phase=vcpu_destroy_begin generation=21 owner=57960
INTEL_LIFECYCLE phase=vcpu_destroy_end generation=21 owner=57960
INTEL_LIFECYCLE phase=vm_destroy_begin generation=21 owner=57960
INTEL_LIFECYCLE phase=vm_destroy_end generation=21 owner=57960
INTEL_LIFECYCLE phase=vm_create_begin generation=22 owner=57960
INTEL_LIFECYCLE phase=vm_create_end generation=22 owner=57960
INTEL_LIFECYCLE phase=vcpu_create_begin generation=22 owner=57960
INTEL_LIFECYCLE phase=vcpu_create_end generation=22 owner=57960
[       OK ] HvfIntelRecoveryProbe.WithoutHostKick (166 ms)
[----------] 1 test from HvfIntelRecoveryProbe (166 ms total)

[==========] 1 test from 1 test suite ran. (166 ms total)
[  PASSED  ] 1 test.

Repeating all tests (iteration 22) . . .

Note: Google Test filter = HvfIntelRecoveryProbe.WithoutHostKick
[==========] Running 1 test from 1 test suite.
[----------] 1 test from HvfIntelRecoveryProbe
[ RUN      ] HvfIntelRecoveryProbe.WithoutHostKick
INTEL_PROBE phase=executor_retained
INTEL_RECOVERY host_kick=omitted
INTEL_LIFECYCLE phase=vcpu_destroy_begin generation=22 owner=57960
INTEL_LIFECYCLE phase=vcpu_destroy_end generation=22 owner=57960
INTEL_LIFECYCLE phase=vm_destroy_begin generation=22 owner=57960
INTEL_LIFECYCLE phase=vm_destroy_end generation=22 owner=57960
INTEL_LIFECYCLE phase=vm_create_begin generation=23 owner=57960
INTEL_LIFECYCLE phase=vm_create_end generation=23 owner=57960
INTEL_LIFECYCLE phase=vcpu_create_begin generation=23 owner=57960
INTEL_LIFECYCLE phase=vcpu_create_end generation=23 owner=57960
[       OK ] HvfIntelRecoveryProbe.WithoutHostKick (174 ms)
[----------] 1 test from HvfIntelRecoveryProbe (174 ms total)

[==========] 1 test from 1 test suite ran. (174 ms total)
[  PASSED  ] 1 test.

Repeating all tests (iteration 23) . . .

Note: Google Test filter = HvfIntelRecoveryProbe.WithoutHostKick
[==========] Running 1 test from 1 test suite.
[----------] 1 test from HvfIntelRecoveryProbe
[ RUN      ] HvfIntelRecoveryProbe.WithoutHostKick
INTEL_PROBE phase=executor_retained
INTEL_RECOVERY host_kick=omitted
INTEL_LIFECYCLE phase=vcpu_destroy_begin generation=23 owner=57960
INTEL_LIFECYCLE phase=vcpu_destroy_end generation=23 owner=57960
INTEL_LIFECYCLE phase=vm_destroy_begin generation=23 owner=57960
INTEL_LIFECYCLE phase=vm_destroy_end generation=23 owner=57960
INTEL_LIFECYCLE phase=vm_create_begin generation=24 owner=57960
INTEL_LIFECYCLE phase=vm_create_end generation=24 owner=57960
INTEL_LIFECYCLE phase=vcpu_create_begin generation=24 owner=57960
INTEL_LIFECYCLE phase=vcpu_create_end generation=24 owner=57960
[       OK ] HvfIntelRecoveryProbe.WithoutHostKick (297 ms)
[----------] 1 test from HvfIntelRecoveryProbe (297 ms total)

[==========] 1 test from 1 test suite ran. (297 ms total)
[  PASSED  ] 1 test.

Repeating all tests (iteration 24) . . .

Note: Google Test filter = HvfIntelRecoveryProbe.WithoutHostKick
[==========] Running 1 test from 1 test suite.
[----------] 1 test from HvfIntelRecoveryProbe
[ RUN      ] HvfIntelRecoveryProbe.WithoutHostKick
INTEL_PROBE phase=executor_retained
INTEL_RECOVERY host_kick=omitted
INTEL_LIFECYCLE phase=vcpu_destroy_begin generation=24 owner=57960
INTEL_LIFECYCLE phase=vcpu_destroy_end generation=24 owner=57960
INTEL_LIFECYCLE phase=vm_destroy_begin generation=24 owner=57960
INTEL_LIFECYCLE phase=vm_destroy_end generation=24 owner=57960
INTEL_LIFECYCLE phase=vm_create_begin generation=25 owner=57960
INTEL_LIFECYCLE phase=vm_create_end generation=25 owner=57960
INTEL_LIFECYCLE phase=vcpu_create_begin generation=25 owner=57960
INTEL_LIFECYCLE phase=vcpu_create_end generation=25 owner=57960
[       OK ] HvfIntelRecoveryProbe.WithoutHostKick (430 ms)
[----------] 1 test from HvfIntelRecoveryProbe (430 ms total)

[==========] 1 test from 1 test suite ran. (430 ms total)
[  PASSED  ] 1 test.

Repeating all tests (iteration 25) . . .

Note: Google Test filter = HvfIntelRecoveryProbe.WithoutHostKick
[==========] Running 1 test from 1 test suite.
[----------] 1 test from HvfIntelRecoveryProbe
[ RUN      ] HvfIntelRecoveryProbe.WithoutHostKick
INTEL_PROBE phase=executor_retained
INTEL_RECOVERY host_kick=omitted
INTEL_LIFECYCLE phase=vcpu_destroy_begin generation=25 owner=57960
INTEL_LIFECYCLE phase=vcpu_destroy_end generation=25 owner=57960
INTEL_LIFECYCLE phase=vm_destroy_begin generation=25 owner=57960
INTEL_LIFECYCLE phase=vm_destroy_end generation=25 owner=57960
INTEL_LIFECYCLE phase=vm_create_begin generation=26 owner=57960
INTEL_LIFECYCLE phase=vm_create_end generation=26 owner=57960
INTEL_LIFECYCLE phase=vcpu_create_begin generation=26 owner=57960
INTEL_LIFECYCLE phase=vcpu_create_end generation=26 owner=57960
[       OK ] HvfIntelRecoveryProbe.WithoutHostKick (425 ms)
[----------] 1 test from HvfIntelRecoveryProbe (425 ms total)

[==========] 1 test from 1 test suite ran. (426 ms total)
[  PASSED  ] 1 test.

Repeating all tests (iteration 26) . . .

Note: Google Test filter = HvfIntelRecoveryProbe.WithoutHostKick
[==========] Running 1 test from 1 test suite.
[----------] 1 test from HvfIntelRecoveryProbe
[ RUN      ] HvfIntelRecoveryProbe.WithoutHostKick
INTEL_PROBE phase=executor_retained
INTEL_RECOVERY host_kick=omitted
INTEL_LIFECYCLE phase=vcpu_destroy_begin generation=26 owner=57960
INTEL_LIFECYCLE phase=vcpu_destroy_end generation=26 owner=57960
INTEL_LIFECYCLE phase=vm_destroy_begin generation=26 owner=57960
INTEL_LIFECYCLE phase=vm_destroy_end generation=26 owner=57960
INTEL_LIFECYCLE phase=vm_create_begin generation=27 owner=57960
INTEL_LIFECYCLE phase=vm_create_end generation=27 owner=57960
INTEL_LIFECYCLE phase=vcpu_create_begin generation=27 owner=57960
INTEL_LIFECYCLE phase=vcpu_create_end generation=27 owner=57960
[       OK ] HvfIntelRecoveryProbe.WithoutHostKick (348 ms)
[----------] 1 test from HvfIntelRecoveryProbe (348 ms total)

[==========] 1 test from 1 test suite ran. (348 ms total)
[  PASSED  ] 1 test.

Repeating all tests (iteration 27) . . .

Note: Google Test filter = HvfIntelRecoveryProbe.WithoutHostKick
[==========] Running 1 test from 1 test suite.
[----------] 1 test from HvfIntelRecoveryProbe
[ RUN      ] HvfIntelRecoveryProbe.WithoutHostKick
INTEL_PROBE phase=executor_retained
INTEL_RECOVERY host_kick=omitted
INTEL_LIFECYCLE phase=vcpu_destroy_begin generation=27 owner=57960
INTEL_LIFECYCLE phase=vcpu_destroy_end generation=27 owner=57960
INTEL_LIFECYCLE phase=vm_destroy_begin generation=27 owner=57960
INTEL_LIFECYCLE phase=vm_destroy_end generation=27 owner=57960
INTEL_LIFECYCLE phase=vm_create_begin generation=28 owner=57960
INTEL_LIFECYCLE phase=vm_create_end generation=28 owner=57960
INTEL_LIFECYCLE phase=vcpu_create_begin generation=28 owner=57960
INTEL_LIFECYCLE phase=vcpu_create_end generation=28 owner=57960
[       OK ] HvfIntelRecoveryProbe.WithoutHostKick (215 ms)
[----------] 1 test from HvfIntelRecoveryProbe (215 ms total)

[==========] 1 test from 1 test suite ran. (215 ms total)
[  PASSED  ] 1 test.

Repeating all tests (iteration 28) . . .

Note: Google Test filter = HvfIntelRecoveryProbe.WithoutHostKick
[==========] Running 1 test from 1 test suite.
[----------] 1 test from HvfIntelRecoveryProbe
[ RUN      ] HvfIntelRecoveryProbe.WithoutHostKick
INTEL_PROBE phase=executor_retained
INTEL_RECOVERY host_kick=omitted
INTEL_LIFECYCLE phase=vcpu_destroy_begin generation=28 owner=57960
INTEL_LIFECYCLE phase=vcpu_destroy_end generation=28 owner=57960
INTEL_LIFECYCLE phase=vm_destroy_begin generation=28 owner=57960
INTEL_LIFECYCLE phase=vm_destroy_end generation=28 owner=57960
INTEL_LIFECYCLE phase=vm_create_begin generation=29 owner=57960
INTEL_LIFECYCLE phase=vm_create_end generation=29 owner=57960
INTEL_LIFECYCLE phase=vcpu_create_begin generation=29 owner=57960
INTEL_LIFECYCLE phase=vcpu_create_end generation=29 owner=57960
[       OK ] HvfIntelRecoveryProbe.WithoutHostKick (179 ms)
[----------] 1 test from HvfIntelRecoveryProbe (180 ms total)

[==========] 1 test from 1 test suite ran. (180 ms total)
[  PASSED  ] 1 test.

Repeating all tests (iteration 29) . . .

Note: Google Test filter = HvfIntelRecoveryProbe.WithoutHostKick
[==========] Running 1 test from 1 test suite.
[----------] 1 test from HvfIntelRecoveryProbe
[ RUN      ] HvfIntelRecoveryProbe.WithoutHostKick
INTEL_PROBE phase=executor_retained
INTEL_RECOVERY host_kick=omitted
INTEL_LIFECYCLE phase=vcpu_destroy_begin generation=29 owner=57960
INTEL_LIFECYCLE phase=vcpu_destroy_end generation=29 owner=57960
INTEL_LIFECYCLE phase=vm_destroy_begin generation=29 owner=57960
INTEL_LIFECYCLE phase=vm_destroy_end generation=29 owner=57960
INTEL_LIFECYCLE phase=vm_create_begin generation=30 owner=57960
INTEL_LIFECYCLE phase=vm_create_end generation=30 owner=57960
INTEL_LIFECYCLE phase=vcpu_create_begin generation=30 owner=57960
INTEL_LIFECYCLE phase=vcpu_create_end generation=30 owner=57960
[       OK ] HvfIntelRecoveryProbe.WithoutHostKick (190 ms)
[----------] 1 test from HvfIntelRecoveryProbe (190 ms total)

[==========] 1 test from 1 test suite ran. (190 ms total)
[  PASSED  ] 1 test.

Repeating all tests (iteration 30) . . .

Note: Google Test filter = HvfIntelRecoveryProbe.WithoutHostKick
[==========] Running 1 test from 1 test suite.
[----------] 1 test from HvfIntelRecoveryProbe
[ RUN      ] HvfIntelRecoveryProbe.WithoutHostKick
INTEL_PROBE phase=executor_retained
INTEL_RECOVERY host_kick=omitted
INTEL_LIFECYCLE phase=vcpu_destroy_begin generation=30 owner=57960
INTEL_LIFECYCLE phase=vcpu_destroy_end generation=30 owner=57960
INTEL_LIFECYCLE phase=vm_destroy_begin generation=30 owner=57960
INTEL_LIFECYCLE phase=vm_destroy_end generation=30 owner=57960
INTEL_LIFECYCLE phase=vm_create_begin generation=31 owner=57960
INTEL_LIFECYCLE phase=vm_create_end generation=31 owner=57960
INTEL_LIFECYCLE phase=vcpu_create_begin generation=31 owner=57960
INTEL_LIFECYCLE phase=vcpu_create_end generation=31 owner=57960
[       OK ] HvfIntelRecoveryProbe.WithoutHostKick (160 ms)
[----------] 1 test from HvfIntelRecoveryProbe (161 ms total)

[==========] 1 test from 1 test suite ran. (161 ms total)
[  PASSED  ] 1 test.

Repeating all tests (iteration 31) . . .

Note: Google Test filter = HvfIntelRecoveryProbe.WithoutHostKick
[==========] Running 1 test from 1 test suite.
[----------] 1 test from HvfIntelRecoveryProbe
[ RUN      ] HvfIntelRecoveryProbe.WithoutHostKick
INTEL_PROBE phase=executor_retained
INTEL_RECOVERY host_kick=omitted
INTEL_LIFECYCLE phase=vcpu_destroy_begin generation=31 owner=57960
INTEL_LIFECYCLE phase=vcpu_destroy_end generation=31 owner=57960
INTEL_LIFECYCLE phase=vm_destroy_begin generation=31 owner=57960
INTEL_LIFECYCLE phase=vm_destroy_end generation=31 owner=57960
INTEL_LIFECYCLE phase=vm_create_begin generation=32 owner=57960
INTEL_LIFECYCLE phase=vm_create_end generation=32 owner=57960
INTEL_LIFECYCLE phase=vcpu_create_begin generation=32 owner=57960
INTEL_LIFECYCLE phase=vcpu_create_end generation=32 owner=57960
[       OK ] HvfIntelRecoveryProbe.WithoutHostKick (278 ms)
[----------] 1 test from HvfIntelRecoveryProbe (278 ms total)

[==========] 1 test from 1 test suite ran. (278 ms total)
[  PASSED  ] 1 test.

Repeating all tests (iteration 32) . . .

Note: Google Test filter = HvfIntelRecoveryProbe.WithoutHostKick
[==========] Running 1 test from 1 test suite.
[----------] 1 test from HvfIntelRecoveryProbe
[ RUN      ] HvfIntelRecoveryProbe.WithoutHostKick
INTEL_PROBE phase=executor_retained
INTEL_RECOVERY host_kick=omitted
INTEL_LIFECYCLE phase=vcpu_destroy_begin generation=32 owner=57960
INTEL_LIFECYCLE phase=vcpu_destroy_end generation=32 owner=57960
INTEL_LIFECYCLE phase=vm_destroy_begin generation=32 owner=57960
INTEL_LIFECYCLE phase=vm_destroy_end generation=32 owner=57960
INTEL_LIFECYCLE phase=vm_create_begin generation=33 owner=57960
INTEL_LIFECYCLE phase=vm_create_end generation=33 owner=57960
INTEL_LIFECYCLE phase=vcpu_create_begin generation=33 owner=57960
INTEL_LIFECYCLE phase=vcpu_create_end generation=33 owner=57960
[       OK ] HvfIntelRecoveryProbe.WithoutHostKick (328 ms)
[----------] 1 test from HvfIntelRecoveryProbe (328 ms total)

[==========] 1 test from 1 test suite ran. (328 ms total)
[  PASSED  ] 1 test.

Repeating all tests (iteration 33) . . .

Note: Google Test filter = HvfIntelRecoveryProbe.WithoutHostKick
[==========] Running 1 test from 1 test suite.
[----------] 1 test from HvfIntelRecoveryProbe
[ RUN      ] HvfIntelRecoveryProbe.WithoutHostKick
INTEL_PROBE phase=executor_retained
INTEL_RECOVERY host_kick=omitted
INTEL_LIFECYCLE phase=vcpu_destroy_begin generation=33 owner=57960
INTEL_LIFECYCLE phase=vcpu_destroy_end generation=33 owner=57960
INTEL_LIFECYCLE phase=vm_destroy_begin generation=33 owner=57960
INTEL_LIFECYCLE phase=vm_destroy_end generation=33 owner=57960
INTEL_LIFECYCLE phase=vm_create_begin generation=34 owner=57960
INTEL_LIFECYCLE phase=vm_create_end generation=34 owner=57960
INTEL_LIFECYCLE phase=vcpu_create_begin generation=34 owner=57960
INTEL_LIFECYCLE phase=vcpu_create_end generation=34 owner=57960
[       OK ] HvfIntelRecoveryProbe.WithoutHostKick (399 ms)
[----------] 1 test from HvfIntelRecoveryProbe (399 ms total)

[==========] 1 test from 1 test suite ran. (399 ms total)
[  PASSED  ] 1 test.

Repeating all tests (iteration 34) . . .

Note: Google Test filter = HvfIntelRecoveryProbe.WithoutHostKick
[==========] Running 1 test from 1 test suite.
[----------] 1 test from HvfIntelRecoveryProbe
[ RUN      ] HvfIntelRecoveryProbe.WithoutHostKick
INTEL_PROBE phase=executor_retained
INTEL_RECOVERY host_kick=omitted
INTEL_LIFECYCLE phase=vcpu_destroy_begin generation=34 owner=57960
INTEL_LIFECYCLE phase=vcpu_destroy_end generation=34 owner=57960
INTEL_LIFECYCLE phase=vm_destroy_begin generation=34 owner=57960
INTEL_LIFECYCLE phase=vm_destroy_end generation=34 owner=57960
INTEL_LIFECYCLE phase=vm_create_begin generation=35 owner=57960
INTEL_LIFECYCLE phase=vm_create_end generation=35 owner=57960
INTEL_LIFECYCLE phase=vcpu_create_begin generation=35 owner=57960
INTEL_LIFECYCLE phase=vcpu_create_end generation=35 owner=57960
[       OK ] HvfIntelRecoveryProbe.WithoutHostKick (428 ms)
[----------] 1 test from HvfIntelRecoveryProbe (428 ms total)

[==========] 1 test from 1 test suite ran. (428 ms total)
[  PASSED  ] 1 test.

Repeating all tests (iteration 35) . . .

Note: Google Test filter = HvfIntelRecoveryProbe.WithoutHostKick
[==========] Running 1 test from 1 test suite.
[----------] 1 test from HvfIntelRecoveryProbe
[ RUN      ] HvfIntelRecoveryProbe.WithoutHostKick
INTEL_PROBE phase=executor_retained
INTEL_RECOVERY host_kick=omitted
INTEL_LIFECYCLE phase=vcpu_destroy_begin generation=35 owner=57960
INTEL_LIFECYCLE phase=vcpu_destroy_end generation=35 owner=57960
INTEL_LIFECYCLE phase=vm_destroy_begin generation=35 owner=57960
INTEL_LIFECYCLE phase=vm_destroy_end generation=35 owner=57960
INTEL_LIFECYCLE phase=vm_create_begin generation=36 owner=57960
INTEL_LIFECYCLE phase=vm_create_end generation=36 owner=57960
INTEL_LIFECYCLE phase=vcpu_create_begin generation=36 owner=57960
INTEL_LIFECYCLE phase=vcpu_create_end generation=36 owner=57960
[       OK ] HvfIntelRecoveryProbe.WithoutHostKick (275 ms)
[----------] 1 test from HvfIntelRecoveryProbe (275 ms total)

[==========] 1 test from 1 test suite ran. (275 ms total)
[  PASSED  ] 1 test.

Repeating all tests (iteration 36) . . .

Note: Google Test filter = HvfIntelRecoveryProbe.WithoutHostKick
[==========] Running 1 test from 1 test suite.
[----------] 1 test from HvfIntelRecoveryProbe
[ RUN      ] HvfIntelRecoveryProbe.WithoutHostKick
INTEL_PROBE phase=executor_retained
INTEL_RECOVERY host_kick=omitted
INTEL_LIFECYCLE phase=vcpu_destroy_begin generation=36 owner=57960
INTEL_LIFECYCLE phase=vcpu_destroy_end generation=36 owner=57960
INTEL_LIFECYCLE phase=vm_destroy_begin generation=36 owner=57960
INTEL_LIFECYCLE phase=vm_destroy_end generation=36 owner=57960
INTEL_LIFECYCLE phase=vm_create_begin generation=37 owner=57960
INTEL_LIFECYCLE phase=vm_create_end generation=37 owner=57960
INTEL_LIFECYCLE phase=vcpu_create_begin generation=37 owner=57960
INTEL_LIFECYCLE phase=vcpu_create_end generation=37 owner=57960
[       OK ] HvfIntelRecoveryProbe.WithoutHostKick (382 ms)
[----------] 1 test from HvfIntelRecoveryProbe (382 ms total)

[==========] 1 test from 1 test suite ran. (382 ms total)
[  PASSED  ] 1 test.

Repeating all tests (iteration 37) . . .

Note: Google Test filter = HvfIntelRecoveryProbe.WithoutHostKick
[==========] Running 1 test from 1 test suite.
[----------] 1 test from HvfIntelRecoveryProbe
[ RUN      ] HvfIntelRecoveryProbe.WithoutHostKick
INTEL_PROBE phase=executor_retained
INTEL_RECOVERY host_kick=omitted
INTEL_LIFECYCLE phase=vcpu_destroy_begin generation=37 owner=57960
INTEL_LIFECYCLE phase=vcpu_destroy_end generation=37 owner=57960
INTEL_LIFECYCLE phase=vm_destroy_begin generation=37 owner=57960
INTEL_LIFECYCLE phase=vm_destroy_end generation=37 owner=57960
INTEL_LIFECYCLE phase=vm_create_begin generation=38 owner=57960
INTEL_LIFECYCLE phase=vm_create_end generation=38 owner=57960
INTEL_LIFECYCLE phase=vcpu_create_begin generation=38 owner=57960
INTEL_LIFECYCLE phase=vcpu_create_end generation=38 owner=57960
[       OK ] HvfIntelRecoveryProbe.WithoutHostKick (293 ms)
[----------] 1 test from HvfIntelRecoveryProbe (293 ms total)

[==========] 1 test from 1 test suite ran. (293 ms total)
[  PASSED  ] 1 test.

Repeating all tests (iteration 38) . . .

Note: Google Test filter = HvfIntelRecoveryProbe.WithoutHostKick
[==========] Running 1 test from 1 test suite.
[----------] 1 test from HvfIntelRecoveryProbe
[ RUN      ] HvfIntelRecoveryProbe.WithoutHostKick
INTEL_PROBE phase=executor_retained
INTEL_RECOVERY host_kick=omitted
INTEL_LIFECYCLE phase=vcpu_destroy_begin generation=38 owner=57960
INTEL_LIFECYCLE phase=vcpu_destroy_end generation=38 owner=57960
INTEL_LIFECYCLE phase=vm_destroy_begin generation=38 owner=57960
INTEL_LIFECYCLE phase=vm_destroy_end generation=38 owner=57960
INTEL_LIFECYCLE phase=vm_create_begin generation=39 owner=57960
INTEL_LIFECYCLE phase=vm_create_end generation=39 owner=57960
INTEL_LIFECYCLE phase=vcpu_create_begin generation=39 owner=57960
INTEL_LIFECYCLE phase=vcpu_create_end generation=39 owner=57960
[       OK ] HvfIntelRecoveryProbe.WithoutHostKick (467 ms)
[----------] 1 test from HvfIntelRecoveryProbe (467 ms total)

[==========] 1 test from 1 test suite ran. (467 ms total)
[  PASSED  ] 1 test.

Repeating all tests (iteration 39) . . .

Note: Google Test filter = HvfIntelRecoveryProbe.WithoutHostKick
[==========] Running 1 test from 1 test suite.
[----------] 1 test from HvfIntelRecoveryProbe
[ RUN      ] HvfIntelRecoveryProbe.WithoutHostKick
INTEL_PROBE phase=executor_retained
INTEL_RECOVERY host_kick=omitted
INTEL_LIFECYCLE phase=vcpu_destroy_begin generation=39 owner=57960
INTEL_LIFECYCLE phase=vcpu_destroy_end generation=39 owner=57960
INTEL_LIFECYCLE phase=vm_destroy_begin generation=39 owner=57960
INTEL_LIFECYCLE phase=vm_destroy_end generation=39 owner=57960
INTEL_LIFECYCLE phase=vm_create_begin generation=40 owner=57960
INTEL_LIFECYCLE phase=vm_create_end generation=40 owner=57960
INTEL_LIFECYCLE phase=vcpu_create_begin generation=40 owner=57960
INTEL_LIFECYCLE phase=vcpu_create_end generation=40 owner=57960
[       OK ] HvfIntelRecoveryProbe.WithoutHostKick (222 ms)
[----------] 1 test from HvfIntelRecoveryProbe (222 ms total)

[==========] 1 test from 1 test suite ran. (222 ms total)
[  PASSED  ] 1 test.

Repeating all tests (iteration 40) . . .

Note: Google Test filter = HvfIntelRecoveryProbe.WithoutHostKick
[==========] Running 1 test from 1 test suite.
[----------] 1 test from HvfIntelRecoveryProbe
[ RUN      ] HvfIntelRecoveryProbe.WithoutHostKick
INTEL_PROBE phase=executor_retained
INTEL_RECOVERY host_kick=omitted
INTEL_LIFECYCLE phase=vcpu_destroy_begin generation=40 owner=57960
INTEL_LIFECYCLE phase=vcpu_destroy_end generation=40 owner=57960
INTEL_LIFECYCLE phase=vm_destroy_begin generation=40 owner=57960
INTEL_LIFECYCLE phase=vm_destroy_end generation=40 owner=57960
INTEL_LIFECYCLE phase=vm_create_begin generation=41 owner=57960
INTEL_LIFECYCLE phase=vm_create_end generation=41 owner=57960
INTEL_LIFECYCLE phase=vcpu_create_begin generation=41 owner=57960
INTEL_LIFECYCLE phase=vcpu_create_end generation=41 owner=57960
[       OK ] HvfIntelRecoveryProbe.WithoutHostKick (192 ms)
[----------] 1 test from HvfIntelRecoveryProbe (192 ms total)

[==========] 1 test from 1 test suite ran. (192 ms total)
[  PASSED  ] 1 test.

Repeating all tests (iteration 41) . . .

Note: Google Test filter = HvfIntelRecoveryProbe.WithoutHostKick
[==========] Running 1 test from 1 test suite.
[----------] 1 test from HvfIntelRecoveryProbe
[ RUN      ] HvfIntelRecoveryProbe.WithoutHostKick
INTEL_PROBE phase=executor_retained
INTEL_RECOVERY host_kick=omitted
INTEL_LIFECYCLE phase=vcpu_destroy_begin generation=41 owner=57960
INTEL_LIFECYCLE phase=vcpu_destroy_end generation=41 owner=57960
INTEL_LIFECYCLE phase=vm_destroy_begin generation=41 owner=57960
INTEL_LIFECYCLE phase=vm_destroy_end generation=41 owner=57960
INTEL_LIFECYCLE phase=vm_create_begin generation=42 owner=57960
INTEL_LIFECYCLE phase=vm_create_end generation=42 owner=57960
INTEL_LIFECYCLE phase=vcpu_create_begin generation=42 owner=57960
INTEL_LIFECYCLE phase=vcpu_create_end generation=42 owner=57960
[       OK ] HvfIntelRecoveryProbe.WithoutHostKick (287 ms)
[----------] 1 test from HvfIntelRecoveryProbe (287 ms total)

[==========] 1 test from 1 test suite ran. (287 ms total)
[  PASSED  ] 1 test.

Repeating all tests (iteration 42) . . .

Note: Google Test filter = HvfIntelRecoveryProbe.WithoutHostKick
[==========] Running 1 test from 1 test suite.
[----------] 1 test from HvfIntelRecoveryProbe
[ RUN      ] HvfIntelRecoveryProbe.WithoutHostKick
INTEL_PROBE phase=executor_retained
INTEL_RECOVERY host_kick=omitted
INTEL_LIFECYCLE phase=vcpu_destroy_begin generation=42 owner=57960
INTEL_LIFECYCLE phase=vcpu_destroy_end generation=42 owner=57960
INTEL_LIFECYCLE phase=vm_destroy_begin generation=42 owner=57960
INTEL_LIFECYCLE phase=vm_destroy_end generation=42 owner=57960
INTEL_LIFECYCLE phase=vm_create_begin generation=43 owner=57960
INTEL_LIFECYCLE phase=vm_create_end generation=43 owner=57960
INTEL_LIFECYCLE phase=vcpu_create_begin generation=43 owner=57960
INTEL_LIFECYCLE phase=vcpu_create_end generation=43 owner=57960
[       OK ] HvfIntelRecoveryProbe.WithoutHostKick (574 ms)
[----------] 1 test from HvfIntelRecoveryProbe (574 ms total)

[==========] 1 test from 1 test suite ran. (574 ms total)
[  PASSED  ] 1 test.

Repeating all tests (iteration 43) . . .

Note: Google Test filter = HvfIntelRecoveryProbe.WithoutHostKick
[==========] Running 1 test from 1 test suite.
[----------] 1 test from HvfIntelRecoveryProbe
[ RUN      ] HvfIntelRecoveryProbe.WithoutHostKick
INTEL_PROBE phase=executor_retained
INTEL_RECOVERY host_kick=omitted
INTEL_LIFECYCLE phase=vcpu_destroy_begin generation=43 owner=57960
INTEL_LIFECYCLE phase=vcpu_destroy_end generation=43 owner=57960
INTEL_LIFECYCLE phase=vm_destroy_begin generation=43 owner=57960
INTEL_LIFECYCLE phase=vm_destroy_end generation=43 owner=57960
INTEL_LIFECYCLE phase=vm_create_begin generation=44 owner=57960
INTEL_LIFECYCLE phase=vm_create_end generation=44 owner=57960
INTEL_LIFECYCLE phase=vcpu_create_begin generation=44 owner=57960
INTEL_LIFECYCLE phase=vcpu_create_end generation=44 owner=57960
[       OK ] HvfIntelRecoveryProbe.WithoutHostKick (461 ms)
[----------] 1 test from HvfIntelRecoveryProbe (461 ms total)

[==========] 1 test from 1 test suite ran. (461 ms total)
[  PASSED  ] 1 test.

Repeating all tests (iteration 44) . . .

Note: Google Test filter = HvfIntelRecoveryProbe.WithoutHostKick
[==========] Running 1 test from 1 test suite.
[----------] 1 test from HvfIntelRecoveryProbe
[ RUN      ] HvfIntelRecoveryProbe.WithoutHostKick
INTEL_PROBE phase=executor_retained
INTEL_RECOVERY host_kick=omitted
INTEL_LIFECYCLE phase=vcpu_destroy_begin generation=44 owner=57960
INTEL_LIFECYCLE phase=vcpu_destroy_end generation=44 owner=57960
INTEL_LIFECYCLE phase=vm_destroy_begin generation=44 owner=57960
INTEL_LIFECYCLE phase=vm_destroy_end generation=44 owner=57960
INTEL_LIFECYCLE phase=vm_create_begin generation=45 owner=57960
INTEL_LIFECYCLE phase=vm_create_end generation=45 owner=57960
INTEL_LIFECYCLE phase=vcpu_create_begin generation=45 owner=57960
INTEL_LIFECYCLE phase=vcpu_create_end generation=45 owner=57960
[       OK ] HvfIntelRecoveryProbe.WithoutHostKick (411 ms)
[----------] 1 test from HvfIntelRecoveryProbe (411 ms total)

[==========] 1 test from 1 test suite ran. (411 ms total)
[  PASSED  ] 1 test.

Repeating all tests (iteration 45) . . .

Note: Google Test filter = HvfIntelRecoveryProbe.WithoutHostKick
[==========] Running 1 test from 1 test suite.
[----------] 1 test from HvfIntelRecoveryProbe
[ RUN      ] HvfIntelRecoveryProbe.WithoutHostKick
INTEL_PROBE phase=executor_retained
INTEL_RECOVERY host_kick=omitted
INTEL_LIFECYCLE phase=vcpu_destroy_begin generation=45 owner=57960
INTEL_LIFECYCLE phase=vcpu_destroy_end generation=45 owner=57960
INTEL_LIFECYCLE phase=vm_destroy_begin generation=45 owner=57960
INTEL_LIFECYCLE phase=vm_destroy_end generation=45 owner=57960
INTEL_LIFECYCLE phase=vm_create_begin generation=46 owner=57960
INTEL_LIFECYCLE phase=vm_create_end generation=46 owner=57960
INTEL_LIFECYCLE phase=vcpu_create_begin generation=46 owner=57960
INTEL_LIFECYCLE phase=vcpu_create_end generation=46 owner=57960
[       OK ] HvfIntelRecoveryProbe.WithoutHostKick (232 ms)
[----------] 1 test from HvfIntelRecoveryProbe (232 ms total)

[==========] 1 test from 1 test suite ran. (233 ms total)
[  PASSED  ] 1 test.

Repeating all tests (iteration 46) . . .

Note: Google Test filter = HvfIntelRecoveryProbe.WithoutHostKick
[==========] Running 1 test from 1 test suite.
[----------] 1 test from HvfIntelRecoveryProbe
[ RUN      ] HvfIntelRecoveryProbe.WithoutHostKick
INTEL_PROBE phase=executor_retained
INTEL_RECOVERY host_kick=omitted
INTEL_LIFECYCLE phase=vcpu_destroy_begin generation=46 owner=57960
INTEL_LIFECYCLE phase=vcpu_destroy_end generation=46 owner=57960
INTEL_LIFECYCLE phase=vm_destroy_begin generation=46 owner=57960
INTEL_LIFECYCLE phase=vm_destroy_end generation=46 owner=57960
INTEL_LIFECYCLE phase=vm_create_begin generation=47 owner=57960
INTEL_LIFECYCLE phase=vm_create_end generation=47 owner=57960
INTEL_LIFECYCLE phase=vcpu_create_begin generation=47 owner=57960
INTEL_LIFECYCLE phase=vcpu_create_end generation=47 owner=57960
[       OK ] HvfIntelRecoveryProbe.WithoutHostKick (490 ms)
[----------] 1 test from HvfIntelRecoveryProbe (491 ms total)

[==========] 1 test from 1 test suite ran. (491 ms total)
[  PASSED  ] 1 test.

Repeating all tests (iteration 47) . . .

Note: Google Test filter = HvfIntelRecoveryProbe.WithoutHostKick
[==========] Running 1 test from 1 test suite.
[----------] 1 test from HvfIntelRecoveryProbe
[ RUN      ] HvfIntelRecoveryProbe.WithoutHostKick
INTEL_PROBE phase=executor_retained
INTEL_RECOVERY host_kick=omitted
INTEL_LIFECYCLE phase=vcpu_destroy_begin generation=47 owner=57960
INTEL_LIFECYCLE phase=vcpu_destroy_end generation=47 owner=57960
INTEL_LIFECYCLE phase=vm_destroy_begin generation=47 owner=57960
INTEL_LIFECYCLE phase=vm_destroy_end generation=47 owner=57960
INTEL_LIFECYCLE phase=vm_create_begin generation=48 owner=57960
INTEL_LIFECYCLE phase=vm_create_end generation=48 owner=57960
INTEL_LIFECYCLE phase=vcpu_create_begin generation=48 owner=57960
INTEL_LIFECYCLE phase=vcpu_create_end generation=48 owner=57960
[       OK ] HvfIntelRecoveryProbe.WithoutHostKick (409 ms)
[----------] 1 test from HvfIntelRecoveryProbe (409 ms total)

[==========] 1 test from 1 test suite ran. (409 ms total)
[  PASSED  ] 1 test.

Repeating all tests (iteration 48) . . .

Note: Google Test filter = HvfIntelRecoveryProbe.WithoutHostKick
[==========] Running 1 test from 1 test suite.
[----------] 1 test from HvfIntelRecoveryProbe
[ RUN      ] HvfIntelRecoveryProbe.WithoutHostKick
INTEL_PROBE phase=executor_retained
INTEL_RECOVERY host_kick=omitted
INTEL_LIFECYCLE phase=vcpu_destroy_begin generation=48 owner=57960
INTEL_LIFECYCLE phase=vcpu_destroy_end generation=48 owner=57960
INTEL_LIFECYCLE phase=vm_destroy_begin generation=48 owner=57960
INTEL_LIFECYCLE phase=vm_destroy_end generation=48 owner=57960
INTEL_LIFECYCLE phase=vm_create_begin generation=49 owner=57960
INTEL_LIFECYCLE phase=vm_create_end generation=49 owner=57960
INTEL_LIFECYCLE phase=vcpu_create_begin generation=49 owner=57960
INTEL_LIFECYCLE phase=vcpu_create_end generation=49 owner=57960
[       OK ] HvfIntelRecoveryProbe.WithoutHostKick (341 ms)
[----------] 1 test from HvfIntelRecoveryProbe (341 ms total)

[==========] 1 test from 1 test suite ran. (341 ms total)
[  PASSED  ] 1 test.

Repeating all tests (iteration 49) . . .

Note: Google Test filter = HvfIntelRecoveryProbe.WithoutHostKick
[==========] Running 1 test from 1 test suite.
[----------] 1 test from HvfIntelRecoveryProbe
[ RUN      ] HvfIntelRecoveryProbe.WithoutHostKick
INTEL_PROBE phase=executor_retained
INTEL_RECOVERY host_kick=omitted
INTEL_LIFECYCLE phase=vcpu_destroy_begin generation=49 owner=57960
INTEL_LIFECYCLE phase=vcpu_destroy_end generation=49 owner=57960
INTEL_LIFECYCLE phase=vm_destroy_begin generation=49 owner=57960
INTEL_LIFECYCLE phase=vm_destroy_end generation=49 owner=57960
INTEL_LIFECYCLE phase=vm_create_begin generation=50 owner=57960
INTEL_LIFECYCLE phase=vm_create_end generation=50 owner=57960
INTEL_LIFECYCLE phase=vcpu_create_begin generation=50 owner=57960
INTEL_LIFECYCLE phase=vcpu_create_end generation=50 owner=57960
[       OK ] HvfIntelRecoveryProbe.WithoutHostKick (171 ms)
[----------] 1 test from HvfIntelRecoveryProbe (171 ms total)

[==========] 1 test from 1 test suite ran. (171 ms total)
[  PASSED  ] 1 test.

Repeating all tests (iteration 50) . . .

Note: Google Test filter = HvfIntelRecoveryProbe.WithoutHostKick
[==========] Running 1 test from 1 test suite.
[----------] 1 test from HvfIntelRecoveryProbe
[ RUN      ] HvfIntelRecoveryProbe.WithoutHostKick
INTEL_PROBE phase=executor_retained
INTEL_RECOVERY host_kick=omitted
INTEL_LIFECYCLE phase=vcpu_destroy_begin generation=50 owner=57960
INTEL_LIFECYCLE phase=vcpu_destroy_end generation=50 owner=57960
INTEL_LIFECYCLE phase=vm_destroy_begin generation=50 owner=57960
INTEL_LIFECYCLE phase=vm_destroy_end generation=50 owner=57960
INTEL_LIFECYCLE phase=vm_create_begin generation=51 owner=57960
INTEL_LIFECYCLE phase=vm_create_end generation=51 owner=57960
INTEL_LIFECYCLE phase=vcpu_create_begin generation=51 owner=57960
INTEL_LIFECYCLE phase=vcpu_create_end generation=51 owner=57960
[       OK ] HvfIntelRecoveryProbe.WithoutHostKick (129 ms)
[----------] 1 test from HvfIntelRecoveryProbe (129 ms total)

[==========] 1 test from 1 test suite ran. (129 ms total)
[  PASSED  ] 1 test.

Repeating all tests (iteration 51) . . .

Note: Google Test filter = HvfIntelRecoveryProbe.WithoutHostKick
[==========] Running 1 test from 1 test suite.
[----------] 1 test from HvfIntelRecoveryProbe
[ RUN      ] HvfIntelRecoveryProbe.WithoutHostKick
INTEL_PROBE phase=executor_retained
INTEL_RECOVERY host_kick=omitted
INTEL_LIFECYCLE phase=vcpu_destroy_begin generation=51 owner=57960
INTEL_LIFECYCLE phase=vcpu_destroy_end generation=51 owner=57960
INTEL_LIFECYCLE phase=vm_destroy_begin generation=51 owner=57960
INTEL_LIFECYCLE phase=vm_destroy_end generation=51 owner=57960
INTEL_LIFECYCLE phase=vm_create_begin generation=52 owner=57960
INTEL_LIFECYCLE phase=vm_create_end generation=52 owner=57960
INTEL_LIFECYCLE phase=vcpu_create_begin generation=52 owner=57960
INTEL_LIFECYCLE phase=vcpu_create_end generation=52 owner=57960
[       OK ] HvfIntelRecoveryProbe.WithoutHostKick (289 ms)
[----------] 1 test from HvfIntelRecoveryProbe (289 ms total)

[==========] 1 test from 1 test suite ran. (289 ms total)
[  PASSED  ] 1 test.

Repeating all tests (iteration 52) . . .

Note: Google Test filter = HvfIntelRecoveryProbe.WithoutHostKick
[==========] Running 1 test from 1 test suite.
[----------] 1 test from HvfIntelRecoveryProbe
[ RUN      ] HvfIntelRecoveryProbe.WithoutHostKick
INTEL_PROBE phase=executor_retained
INTEL_RECOVERY host_kick=omitted
INTEL_LIFECYCLE phase=vcpu_destroy_begin generation=52 owner=57960
INTEL_LIFECYCLE phase=vcpu_destroy_end generation=52 owner=57960
INTEL_LIFECYCLE phase=vm_destroy_begin generation=52 owner=57960
INTEL_LIFECYCLE phase=vm_destroy_end generation=52 owner=57960
INTEL_LIFECYCLE phase=vm_create_begin generation=53 owner=57960
INTEL_LIFECYCLE phase=vm_create_end generation=53 owner=57960
INTEL_LIFECYCLE phase=vcpu_create_begin generation=53 owner=57960
INTEL_LIFECYCLE phase=vcpu_create_end generation=53 owner=57960
[       OK ] HvfIntelRecoveryProbe.WithoutHostKick (169 ms)
[----------] 1 test from HvfIntelRecoveryProbe (169 ms total)

[==========] 1 test from 1 test suite ran. (169 ms total)
[  PASSED  ] 1 test.

Repeating all tests (iteration 53) . . .

Note: Google Test filter = HvfIntelRecoveryProbe.WithoutHostKick
[==========] Running 1 test from 1 test suite.
[----------] 1 test from HvfIntelRecoveryProbe
[ RUN      ] HvfIntelRecoveryProbe.WithoutHostKick
INTEL_PROBE phase=executor_retained
INTEL_RECOVERY host_kick=omitted
INTEL_LIFECYCLE phase=vcpu_destroy_begin generation=53 owner=57960
INTEL_LIFECYCLE phase=vcpu_destroy_end generation=53 owner=57960
INTEL_LIFECYCLE phase=vm_destroy_begin generation=53 owner=57960
INTEL_LIFECYCLE phase=vm_destroy_end generation=53 owner=57960
INTEL_LIFECYCLE phase=vm_create_begin generation=54 owner=57960
INTEL_LIFECYCLE phase=vm_create_end generation=54 owner=57960
INTEL_LIFECYCLE phase=vcpu_create_begin generation=54 owner=57960
INTEL_LIFECYCLE phase=vcpu_create_end generation=54 owner=57960
[       OK ] HvfIntelRecoveryProbe.WithoutHostKick (284 ms)
[----------] 1 test from HvfIntelRecoveryProbe (284 ms total)

[==========] 1 test from 1 test suite ran. (284 ms total)
[  PASSED  ] 1 test.

Repeating all tests (iteration 54) . . .

Note: Google Test filter = HvfIntelRecoveryProbe.WithoutHostKick
[==========] Running 1 test from 1 test suite.
[----------] 1 test from HvfIntelRecoveryProbe
[ RUN      ] HvfIntelRecoveryProbe.WithoutHostKick
INTEL_PROBE phase=executor_retained
INTEL_RECOVERY host_kick=omitted
INTEL_LIFECYCLE phase=vcpu_destroy_begin generation=54 owner=57960
INTEL_LIFECYCLE phase=vcpu_destroy_end generation=54 owner=57960
INTEL_LIFECYCLE phase=vm_destroy_begin generation=54 owner=57960
INTEL_LIFECYCLE phase=vm_destroy_end generation=54 owner=57960
INTEL_LIFECYCLE phase=vm_create_begin generation=55 owner=57960
INTEL_LIFECYCLE phase=vm_create_end generation=55 owner=57960
INTEL_LIFECYCLE phase=vcpu_create_begin generation=55 owner=57960
INTEL_LIFECYCLE phase=vcpu_create_end generation=55 owner=57960
[       OK ] HvfIntelRecoveryProbe.WithoutHostKick (333 ms)
[----------] 1 test from HvfIntelRecoveryProbe (333 ms total)

[==========] 1 test from 1 test suite ran. (333 ms total)
[  PASSED  ] 1 test.

Repeating all tests (iteration 55) . . .

Note: Google Test filter = HvfIntelRecoveryProbe.WithoutHostKick
[==========] Running 1 test from 1 test suite.
[----------] 1 test from HvfIntelRecoveryProbe
[ RUN      ] HvfIntelRecoveryProbe.WithoutHostKick
INTEL_PROBE phase=executor_retained
INTEL_RECOVERY host_kick=omitted
INTEL_LIFECYCLE phase=vcpu_destroy_begin generation=55 owner=57960
INTEL_LIFECYCLE phase=vcpu_destroy_end generation=55 owner=57960
INTEL_LIFECYCLE phase=vm_destroy_begin generation=55 owner=57960
INTEL_LIFECYCLE phase=vm_destroy_end generation=55 owner=57960
INTEL_LIFECYCLE phase=vm_create_begin generation=56 owner=57960
INTEL_LIFECYCLE phase=vm_create_end generation=56 owner=57960
INTEL_LIFECYCLE phase=vcpu_create_begin generation=56 owner=57960
INTEL_LIFECYCLE phase=vcpu_create_end generation=56 owner=57960
[       OK ] HvfIntelRecoveryProbe.WithoutHostKick (320 ms)
[----------] 1 test from HvfIntelRecoveryProbe (320 ms total)

[==========] 1 test from 1 test suite ran. (320 ms total)
[  PASSED  ] 1 test.

Repeating all tests (iteration 56) . . .

Note: Google Test filter = HvfIntelRecoveryProbe.WithoutHostKick
[==========] Running 1 test from 1 test suite.
[----------] 1 test from HvfIntelRecoveryProbe
[ RUN      ] HvfIntelRecoveryProbe.WithoutHostKick
INTEL_PROBE phase=executor_retained
INTEL_RECOVERY host_kick=omitted
INTEL_LIFECYCLE phase=vcpu_destroy_begin generation=56 owner=57960
INTEL_LIFECYCLE phase=vcpu_destroy_end generation=56 owner=57960
INTEL_LIFECYCLE phase=vm_destroy_begin generation=56 owner=57960
INTEL_LIFECYCLE phase=vm_destroy_end generation=56 owner=57960
INTEL_LIFECYCLE phase=vm_create_begin generation=57 owner=57960
INTEL_LIFECYCLE phase=vm_create_end generation=57 owner=57960
INTEL_LIFECYCLE phase=vcpu_create_begin generation=57 owner=57960
INTEL_LIFECYCLE phase=vcpu_create_end generation=57 owner=57960
[       OK ] HvfIntelRecoveryProbe.WithoutHostKick (173 ms)
[----------] 1 test from HvfIntelRecoveryProbe (173 ms total)

[==========] 1 test from 1 test suite ran. (173 ms total)
[  PASSED  ] 1 test.

Repeating all tests (iteration 57) . . .

Note: Google Test filter = HvfIntelRecoveryProbe.WithoutHostKick
[==========] Running 1 test from 1 test suite.
[----------] 1 test from HvfIntelRecoveryProbe
[ RUN      ] HvfIntelRecoveryProbe.WithoutHostKick
INTEL_PROBE phase=executor_retained
INTEL_RECOVERY host_kick=omitted
INTEL_LIFECYCLE phase=vcpu_destroy_begin generation=57 owner=57960
INTEL_LIFECYCLE phase=vcpu_destroy_end generation=57 owner=57960
INTEL_LIFECYCLE phase=vm_destroy_begin generation=57 owner=57960
INTEL_LIFECYCLE phase=vm_destroy_end generation=57 owner=57960
INTEL_LIFECYCLE phase=vm_create_begin generation=58 owner=57960
INTEL_LIFECYCLE phase=vm_create_end generation=58 owner=57960
INTEL_LIFECYCLE phase=vcpu_create_begin generation=58 owner=57960
INTEL_LIFECYCLE phase=vcpu_create_end generation=58 owner=57960
[       OK ] HvfIntelRecoveryProbe.WithoutHostKick (330 ms)
[----------] 1 test from HvfIntelRecoveryProbe (330 ms total)

[==========] 1 test from 1 test suite ran. (334 ms total)
[  PASSED  ] 1 test.

Repeating all tests (iteration 58) . . .

Note: Google Test filter = HvfIntelRecoveryProbe.WithoutHostKick
[==========] Running 1 test from 1 test suite.
[----------] 1 test from HvfIntelRecoveryProbe
[ RUN      ] HvfIntelRecoveryProbe.WithoutHostKick
INTEL_PROBE phase=executor_retained
INTEL_RECOVERY host_kick=omitted
INTEL_LIFECYCLE phase=vcpu_destroy_begin generation=58 owner=57960
INTEL_LIFECYCLE phase=vcpu_destroy_end generation=58 owner=57960
INTEL_LIFECYCLE phase=vm_destroy_begin generation=58 owner=57960
INTEL_LIFECYCLE phase=vm_destroy_end generation=58 owner=57960
INTEL_LIFECYCLE phase=vm_create_begin generation=59 owner=57960
INTEL_LIFECYCLE phase=vm_create_end generation=59 owner=57960
INTEL_LIFECYCLE phase=vcpu_create_begin generation=59 owner=57960
INTEL_LIFECYCLE phase=vcpu_create_end generation=59 owner=57960
[       OK ] HvfIntelRecoveryProbe.WithoutHostKick (291 ms)
[----------] 1 test from HvfIntelRecoveryProbe (292 ms total)

[==========] 1 test from 1 test suite ran. (292 ms total)
[  PASSED  ] 1 test.

Repeating all tests (iteration 59) . . .

Note: Google Test filter = HvfIntelRecoveryProbe.WithoutHostKick
[==========] Running 1 test from 1 test suite.
[----------] 1 test from HvfIntelRecoveryProbe
[ RUN      ] HvfIntelRecoveryProbe.WithoutHostKick
INTEL_PROBE phase=executor_retained
INTEL_RECOVERY host_kick=omitted
INTEL_LIFECYCLE phase=vcpu_destroy_begin generation=59 owner=57960
INTEL_LIFECYCLE phase=vcpu_destroy_end generation=59 owner=57960
INTEL_LIFECYCLE phase=vm_destroy_begin generation=59 owner=57960
INTEL_LIFECYCLE phase=vm_destroy_end generation=59 owner=57960
INTEL_LIFECYCLE phase=vm_create_begin generation=60 owner=57960
INTEL_LIFECYCLE phase=vm_create_end generation=60 owner=57960
INTEL_LIFECYCLE phase=vcpu_create_begin generation=60 owner=57960
INTEL_LIFECYCLE phase=vcpu_create_end generation=60 owner=57960
[       OK ] HvfIntelRecoveryProbe.WithoutHostKick (290 ms)
[----------] 1 test from HvfIntelRecoveryProbe (290 ms total)

[==========] 1 test from 1 test suite ran. (290 ms total)
[  PASSED  ] 1 test.

Repeating all tests (iteration 60) . . .

Note: Google Test filter = HvfIntelRecoveryProbe.WithoutHostKick
[==========] Running 1 test from 1 test suite.
[----------] 1 test from HvfIntelRecoveryProbe
[ RUN      ] HvfIntelRecoveryProbe.WithoutHostKick
INTEL_PROBE phase=executor_retained
INTEL_RECOVERY host_kick=omitted
INTEL_LIFECYCLE phase=vcpu_destroy_begin generation=60 owner=57960
INTEL_LIFECYCLE phase=vcpu_destroy_end generation=60 owner=57960
INTEL_LIFECYCLE phase=vm_destroy_begin generation=60 owner=57960
INTEL_LIFECYCLE phase=vm_destroy_end generation=60 owner=57960
INTEL_LIFECYCLE phase=vm_create_begin generation=61 owner=57960
INTEL_LIFECYCLE phase=vm_create_end generation=61 owner=57960
INTEL_LIFECYCLE phase=vcpu_create_begin generation=61 owner=57960
INTEL_LIFECYCLE phase=vcpu_create_end generation=61 owner=57960
[       OK ] HvfIntelRecoveryProbe.WithoutHostKick (332 ms)
[----------] 1 test from HvfIntelRecoveryProbe (332 ms total)

[==========] 1 test from 1 test suite ran. (332 ms total)
[  PASSED  ] 1 test.

Repeating all tests (iteration 61) . . .

Note: Google Test filter = HvfIntelRecoveryProbe.WithoutHostKick
[==========] Running 1 test from 1 test suite.
[----------] 1 test from HvfIntelRecoveryProbe
[ RUN      ] HvfIntelRecoveryProbe.WithoutHostKick
INTEL_PROBE phase=executor_retained
INTEL_RECOVERY host_kick=omitted
INTEL_LIFECYCLE phase=vcpu_destroy_begin generation=61 owner=57960
INTEL_LIFECYCLE phase=vcpu_destroy_end generation=61 owner=57960
INTEL_LIFECYCLE phase=vm_destroy_begin generation=61 owner=57960
INTEL_LIFECYCLE phase=vm_destroy_end generation=61 owner=57960
INTEL_LIFECYCLE phase=vm_create_begin generation=62 owner=57960
INTEL_LIFECYCLE phase=vm_create_end generation=62 owner=57960
INTEL_LIFECYCLE phase=vcpu_create_begin generation=62 owner=57960
INTEL_LIFECYCLE phase=vcpu_create_end generation=62 owner=57960
[       OK ] HvfIntelRecoveryProbe.WithoutHostKick (220 ms)
[----------] 1 test from HvfIntelRecoveryProbe (220 ms total)

[==========] 1 test from 1 test suite ran. (220 ms total)
[  PASSED  ] 1 test.

Repeating all tests (iteration 62) . . .

Note: Google Test filter = HvfIntelRecoveryProbe.WithoutHostKick
[==========] Running 1 test from 1 test suite.
[----------] 1 test from HvfIntelRecoveryProbe
[ RUN      ] HvfIntelRecoveryProbe.WithoutHostKick
INTEL_PROBE phase=executor_retained
INTEL_RECOVERY host_kick=omitted
INTEL_LIFECYCLE phase=vcpu_destroy_begin generation=62 owner=57960
INTEL_LIFECYCLE phase=vcpu_destroy_end generation=62 owner=57960
INTEL_LIFECYCLE phase=vm_destroy_begin generation=62 owner=57960
INTEL_LIFECYCLE phase=vm_destroy_end generation=62 owner=57960
INTEL_LIFECYCLE phase=vm_create_begin generation=63 owner=57960
INTEL_LIFECYCLE phase=vm_create_end generation=63 owner=57960
INTEL_LIFECYCLE phase=vcpu_create_begin generation=63 owner=57960
INTEL_LIFECYCLE phase=vcpu_create_end generation=63 owner=57960
[       OK ] HvfIntelRecoveryProbe.WithoutHostKick (282 ms)
[----------] 1 test from HvfIntelRecoveryProbe (282 ms total)

[==========] 1 test from 1 test suite ran. (282 ms total)
[  PASSED  ] 1 test.

Repeating all tests (iteration 63) . . .

Note: Google Test filter = HvfIntelRecoveryProbe.WithoutHostKick
[==========] Running 1 test from 1 test suite.
[----------] 1 test from HvfIntelRecoveryProbe
[ RUN      ] HvfIntelRecoveryProbe.WithoutHostKick
INTEL_PROBE phase=executor_retained
INTEL_RECOVERY host_kick=omitted
INTEL_LIFECYCLE phase=vcpu_destroy_begin generation=63 owner=57960
INTEL_LIFECYCLE phase=vcpu_destroy_end generation=63 owner=57960
INTEL_LIFECYCLE phase=vm_destroy_begin generation=63 owner=57960
INTEL_LIFECYCLE phase=vm_destroy_end generation=63 owner=57960
INTEL_LIFECYCLE phase=vm_create_begin generation=64 owner=57960
INTEL_LIFECYCLE phase=vm_create_end generation=64 owner=57960
INTEL_LIFECYCLE phase=vcpu_create_begin generation=64 owner=57960
INTEL_LIFECYCLE phase=vcpu_create_end generation=64 owner=57960
[       OK ] HvfIntelRecoveryProbe.WithoutHostKick (322 ms)
[----------] 1 test from HvfIntelRecoveryProbe (322 ms total)

[==========] 1 test from 1 test suite ran. (322 ms total)
[  PASSED  ] 1 test.

Repeating all tests (iteration 64) . . .

Note: Google Test filter = HvfIntelRecoveryProbe.WithoutHostKick
[==========] Running 1 test from 1 test suite.
[----------] 1 test from HvfIntelRecoveryProbe
[ RUN      ] HvfIntelRecoveryProbe.WithoutHostKick
INTEL_PROBE phase=executor_retained
INTEL_RECOVERY host_kick=omitted
INTEL_LIFECYCLE phase=vcpu_destroy_begin generation=64 owner=57960
INTEL_LIFECYCLE phase=vcpu_destroy_end generation=64 owner=57960
INTEL_LIFECYCLE phase=vm_destroy_begin generation=64 owner=57960
INTEL_LIFECYCLE phase=vm_destroy_end generation=64 owner=57960
INTEL_LIFECYCLE phase=vm_create_begin generation=65 owner=57960
INTEL_LIFECYCLE phase=vm_create_end generation=65 owner=57960
INTEL_LIFECYCLE phase=vcpu_create_begin generation=65 owner=57960
INTEL_LIFECYCLE phase=vcpu_create_end generation=65 owner=57960
[       OK ] HvfIntelRecoveryProbe.WithoutHostKick (203 ms)
[----------] 1 test from HvfIntelRecoveryProbe (203 ms total)

[==========] 1 test from 1 test suite ran. (203 ms total)
[  PASSED  ] 1 test.

Repeating all tests (iteration 65) . . .

Note: Google Test filter = HvfIntelRecoveryProbe.WithoutHostKick
[==========] Running 1 test from 1 test suite.
[----------] 1 test from HvfIntelRecoveryProbe
[ RUN      ] HvfIntelRecoveryProbe.WithoutHostKick
INTEL_PROBE phase=executor_retained
INTEL_RECOVERY host_kick=omitted
INTEL_LIFECYCLE phase=vcpu_destroy_begin generation=65 owner=57960
INTEL_LIFECYCLE phase=vcpu_destroy_end generation=65 owner=57960
INTEL_LIFECYCLE phase=vm_destroy_begin generation=65 owner=57960
INTEL_LIFECYCLE phase=vm_destroy_end generation=65 owner=57960
INTEL_LIFECYCLE phase=vm_create_begin generation=66 owner=57960
INTEL_LIFECYCLE phase=vm_create_end generation=66 owner=57960
INTEL_LIFECYCLE phase=vcpu_create_begin generation=66 owner=57960
INTEL_LIFECYCLE phase=vcpu_create_end generation=66 owner=57960
[       OK ] HvfIntelRecoveryProbe.WithoutHostKick (136 ms)
[----------] 1 test from HvfIntelRecoveryProbe (136 ms total)

[==========] 1 test from 1 test suite ran. (136 ms total)
[  PASSED  ] 1 test.

Repeating all tests (iteration 66) . . .

Note: Google Test filter = HvfIntelRecoveryProbe.WithoutHostKick
[==========] Running 1 test from 1 test suite.
[----------] 1 test from HvfIntelRecoveryProbe
[ RUN      ] HvfIntelRecoveryProbe.WithoutHostKick
INTEL_PROBE phase=executor_retained
INTEL_RECOVERY host_kick=omitted
INTEL_LIFECYCLE phase=vcpu_destroy_begin generation=66 owner=57960
INTEL_LIFECYCLE phase=vcpu_destroy_end generation=66 owner=57960
INTEL_LIFECYCLE phase=vm_destroy_begin generation=66 owner=57960
INTEL_LIFECYCLE phase=vm_destroy_end generation=66 owner=57960
INTEL_LIFECYCLE phase=vm_create_begin generation=67 owner=57960
INTEL_LIFECYCLE phase=vm_create_end generation=67 owner=57960
INTEL_LIFECYCLE phase=vcpu_create_begin generation=67 owner=57960
INTEL_LIFECYCLE phase=vcpu_create_end generation=67 owner=57960
[       OK ] HvfIntelRecoveryProbe.WithoutHostKick (368 ms)
[----------] 1 test from HvfIntelRecoveryProbe (368 ms total)

[==========] 1 test from 1 test suite ran. (369 ms total)
[  PASSED  ] 1 test.

Repeating all tests (iteration 67) . . .

Note: Google Test filter = HvfIntelRecoveryProbe.WithoutHostKick
[==========] Running 1 test from 1 test suite.
[----------] 1 test from HvfIntelRecoveryProbe
[ RUN      ] HvfIntelRecoveryProbe.WithoutHostKick
INTEL_PROBE phase=executor_retained
INTEL_RECOVERY host_kick=omitted
INTEL_LIFECYCLE phase=vcpu_destroy_begin generation=67 owner=57960
INTEL_LIFECYCLE phase=vcpu_destroy_end generation=67 owner=57960
INTEL_LIFECYCLE phase=vm_destroy_begin generation=67 owner=57960
INTEL_LIFECYCLE phase=vm_destroy_end generation=67 owner=57960
INTEL_LIFECYCLE phase=vm_create_begin generation=68 owner=57960
INTEL_LIFECYCLE phase=vm_create_end generation=68 owner=57960
INTEL_LIFECYCLE phase=vcpu_create_begin generation=68 owner=57960
INTEL_LIFECYCLE phase=vcpu_create_end generation=68 owner=57960
[       OK ] HvfIntelRecoveryProbe.WithoutHostKick (290 ms)
[----------] 1 test from HvfIntelRecoveryProbe (290 ms total)

[==========] 1 test from 1 test suite ran. (290 ms total)
[  PASSED  ] 1 test.

Repeating all tests (iteration 68) . . .

Note: Google Test filter = HvfIntelRecoveryProbe.WithoutHostKick
[==========] Running 1 test from 1 test suite.
[----------] 1 test from HvfIntelRecoveryProbe
[ RUN      ] HvfIntelRecoveryProbe.WithoutHostKick
INTEL_PROBE phase=executor_retained
INTEL_RECOVERY host_kick=omitted
INTEL_LIFECYCLE phase=vcpu_destroy_begin generation=68 owner=57960
INTEL_LIFECYCLE phase=vcpu_destroy_end generation=68 owner=57960
INTEL_LIFECYCLE phase=vm_destroy_begin generation=68 owner=57960
INTEL_LIFECYCLE phase=vm_destroy_end generation=68 owner=57960
INTEL_LIFECYCLE phase=vm_create_begin generation=69 owner=57960
INTEL_LIFECYCLE phase=vm_create_end generation=69 owner=57960
INTEL_LIFECYCLE phase=vcpu_create_begin generation=69 owner=57960
INTEL_LIFECYCLE phase=vcpu_create_end generation=69 owner=57960
[       OK ] HvfIntelRecoveryProbe.WithoutHostKick (307 ms)
[----------] 1 test from HvfIntelRecoveryProbe (307 ms total)

[==========] 1 test from 1 test suite ran. (307 ms total)
[  PASSED  ] 1 test.

Repeating all tests (iteration 69) . . .

Note: Google Test filter = HvfIntelRecoveryProbe.WithoutHostKick
[==========] Running 1 test from 1 test suite.
[----------] 1 test from HvfIntelRecoveryProbe
[ RUN      ] HvfIntelRecoveryProbe.WithoutHostKick
INTEL_PROBE phase=executor_retained
INTEL_RECOVERY host_kick=omitted
INTEL_LIFECYCLE phase=vcpu_destroy_begin generation=69 owner=57960
INTEL_LIFECYCLE phase=vcpu_destroy_end generation=69 owner=57960
INTEL_LIFECYCLE phase=vm_destroy_begin generation=69 owner=57960
INTEL_LIFECYCLE phase=vm_destroy_end generation=69 owner=57960
INTEL_LIFECYCLE phase=vm_create_begin generation=70 owner=57960
INTEL_LIFECYCLE phase=vm_create_end generation=70 owner=57960
INTEL_LIFECYCLE phase=vcpu_create_begin generation=70 owner=57960
INTEL_LIFECYCLE phase=vcpu_create_end generation=70 owner=57960
[       OK ] HvfIntelRecoveryProbe.WithoutHostKick (191 ms)
[----------] 1 test from HvfIntelRecoveryProbe (192 ms total)

[==========] 1 test from 1 test suite ran. (192 ms total)
[  PASSED  ] 1 test.

Repeating all tests (iteration 70) . . .

Note: Google Test filter = HvfIntelRecoveryProbe.WithoutHostKick
[==========] Running 1 test from 1 test suite.
[----------] 1 test from HvfIntelRecoveryProbe
[ RUN      ] HvfIntelRecoveryProbe.WithoutHostKick
INTEL_PROBE phase=executor_retained
INTEL_RECOVERY host_kick=omitted
INTEL_LIFECYCLE phase=vcpu_destroy_begin generation=70 owner=57960
INTEL_LIFECYCLE phase=vcpu_destroy_end generation=70 owner=57960
INTEL_LIFECYCLE phase=vm_destroy_begin generation=70 owner=57960
INTEL_LIFECYCLE phase=vm_destroy_end generation=70 owner=57960
INTEL_LIFECYCLE phase=vm_create_begin generation=71 owner=57960
INTEL_LIFECYCLE phase=vm_create_end generation=71 owner=57960
INTEL_LIFECYCLE phase=vcpu_create_begin generation=71 owner=57960
INTEL_LIFECYCLE phase=vcpu_create_end generation=71 owner=57960
[       OK ] HvfIntelRecoveryProbe.WithoutHostKick (301 ms)
[----------] 1 test from HvfIntelRecoveryProbe (301 ms total)

[==========] 1 test from 1 test suite ran. (301 ms total)
[  PASSED  ] 1 test.

Repeating all tests (iteration 71) . . .

Note: Google Test filter = HvfIntelRecoveryProbe.WithoutHostKick
[==========] Running 1 test from 1 test suite.
[----------] 1 test from HvfIntelRecoveryProbe
[ RUN      ] HvfIntelRecoveryProbe.WithoutHostKick
INTEL_PROBE phase=executor_retained
INTEL_RECOVERY host_kick=omitted
INTEL_LIFECYCLE phase=vcpu_destroy_begin generation=71 owner=57960
INTEL_LIFECYCLE phase=vcpu_destroy_end generation=71 owner=57960
INTEL_LIFECYCLE phase=vm_destroy_begin generation=71 owner=57960
INTEL_LIFECYCLE phase=vm_destroy_end generation=71 owner=57960
INTEL_LIFECYCLE phase=vm_create_begin generation=72 owner=57960
INTEL_LIFECYCLE phase=vm_create_end generation=72 owner=57960
INTEL_LIFECYCLE phase=vcpu_create_begin generation=72 owner=57960
INTEL_LIFECYCLE phase=vcpu_create_end generation=72 owner=57960
[       OK ] HvfIntelRecoveryProbe.WithoutHostKick (202 ms)
[----------] 1 test from HvfIntelRecoveryProbe (202 ms total)

[==========] 1 test from 1 test suite ran. (202 ms total)
[  PASSED  ] 1 test.

Repeating all tests (iteration 72) . . .

Note: Google Test filter = HvfIntelRecoveryProbe.WithoutHostKick
[==========] Running 1 test from 1 test suite.
[----------] 1 test from HvfIntelRecoveryProbe
[ RUN      ] HvfIntelRecoveryProbe.WithoutHostKick
INTEL_PROBE phase=executor_retained
INTEL_RECOVERY host_kick=omitted
INTEL_LIFECYCLE phase=vcpu_destroy_begin generation=72 owner=57960
INTEL_LIFECYCLE phase=vcpu_destroy_end generation=72 owner=57960
INTEL_LIFECYCLE phase=vm_destroy_begin generation=72 owner=57960
INTEL_LIFECYCLE phase=vm_destroy_end generation=72 owner=57960
INTEL_LIFECYCLE phase=vm_create_begin generation=73 owner=57960
INTEL_LIFECYCLE phase=vm_create_end generation=73 owner=57960
INTEL_LIFECYCLE phase=vcpu_create_begin generation=73 owner=57960
INTEL_LIFECYCLE phase=vcpu_create_end generation=73 owner=57960
[       OK ] HvfIntelRecoveryProbe.WithoutHostKick (403 ms)
[----------] 1 test from HvfIntelRecoveryProbe (403 ms total)

[==========] 1 test from 1 test suite ran. (403 ms total)
[  PASSED  ] 1 test.

Repeating all tests (iteration 73) . . .

Note: Google Test filter = HvfIntelRecoveryProbe.WithoutHostKick
[==========] Running 1 test from 1 test suite.
[----------] 1 test from HvfIntelRecoveryProbe
[ RUN      ] HvfIntelRecoveryProbe.WithoutHostKick
INTEL_PROBE phase=executor_retained
INTEL_RECOVERY host_kick=omitted
INTEL_LIFECYCLE phase=vcpu_destroy_begin generation=73 owner=57960
INTEL_LIFECYCLE phase=vcpu_destroy_end generation=73 owner=57960
INTEL_LIFECYCLE phase=vm_destroy_begin generation=73 owner=57960
INTEL_LIFECYCLE phase=vm_destroy_end generation=73 owner=57960
INTEL_LIFECYCLE phase=vm_create_begin generation=74 owner=57960
INTEL_LIFECYCLE phase=vm_create_end generation=74 owner=57960
INTEL_LIFECYCLE phase=vcpu_create_begin generation=74 owner=57960
INTEL_LIFECYCLE phase=vcpu_create_end generation=74 owner=57960
[       OK ] HvfIntelRecoveryProbe.WithoutHostKick (282 ms)
[----------] 1 test from HvfIntelRecoveryProbe (282 ms total)

[==========] 1 test from 1 test suite ran. (282 ms total)
[  PASSED  ] 1 test.

Repeating all tests (iteration 74) . . .

Note: Google Test filter = HvfIntelRecoveryProbe.WithoutHostKick
[==========] Running 1 test from 1 test suite.
[----------] 1 test from HvfIntelRecoveryProbe
[ RUN      ] HvfIntelRecoveryProbe.WithoutHostKick
INTEL_PROBE phase=executor_retained
INTEL_RECOVERY host_kick=omitted
INTEL_LIFECYCLE phase=vcpu_destroy_begin generation=74 owner=57960
INTEL_LIFECYCLE phase=vcpu_destroy_end generation=74 owner=57960
INTEL_LIFECYCLE phase=vm_destroy_begin generation=74 owner=57960
INTEL_LIFECYCLE phase=vm_destroy_end generation=74 owner=57960
INTEL_LIFECYCLE phase=vm_create_begin generation=75 owner=57960
INTEL_LIFECYCLE phase=vm_create_end generation=75 owner=57960
INTEL_LIFECYCLE phase=vcpu_create_begin generation=75 owner=57960
INTEL_LIFECYCLE phase=vcpu_create_end generation=75 owner=57960
[       OK ] HvfIntelRecoveryProbe.WithoutHostKick (391 ms)
[----------] 1 test from HvfIntelRecoveryProbe (391 ms total)

[==========] 1 test from 1 test suite ran. (391 ms total)
[  PASSED  ] 1 test.

Repeating all tests (iteration 75) . . .

Note: Google Test filter = HvfIntelRecoveryProbe.WithoutHostKick
[==========] Running 1 test from 1 test suite.
[----------] 1 test from HvfIntelRecoveryProbe
[ RUN      ] HvfIntelRecoveryProbe.WithoutHostKick
INTEL_PROBE phase=executor_retained
INTEL_RECOVERY host_kick=omitted
INTEL_LIFECYCLE phase=vcpu_destroy_begin generation=75 owner=57960
INTEL_LIFECYCLE phase=vcpu_destroy_end generation=75 owner=57960
INTEL_LIFECYCLE phase=vm_destroy_begin generation=75 owner=57960
INTEL_LIFECYCLE phase=vm_destroy_end generation=75 owner=57960
INTEL_LIFECYCLE phase=vm_create_begin generation=76 owner=57960
INTEL_LIFECYCLE phase=vm_create_end generation=76 owner=57960
INTEL_LIFECYCLE phase=vcpu_create_begin generation=76 owner=57960
INTEL_LIFECYCLE phase=vcpu_create_end generation=76 owner=57960
[       OK ] HvfIntelRecoveryProbe.WithoutHostKick (264 ms)
[----------] 1 test from HvfIntelRecoveryProbe (264 ms total)

[==========] 1 test from 1 test suite ran. (265 ms total)
[  PASSED  ] 1 test.

Repeating all tests (iteration 76) . . .

Note: Google Test filter = HvfIntelRecoveryProbe.WithoutHostKick
[==========] Running 1 test from 1 test suite.
[----------] 1 test from HvfIntelRecoveryProbe
[ RUN      ] HvfIntelRecoveryProbe.WithoutHostKick
INTEL_PROBE phase=executor_retained
INTEL_RECOVERY host_kick=omitted
INTEL_LIFECYCLE phase=vcpu_destroy_begin generation=76 owner=57960
INTEL_LIFECYCLE phase=vcpu_destroy_end generation=76 owner=57960
INTEL_LIFECYCLE phase=vm_destroy_begin generation=76 owner=57960
INTEL_LIFECYCLE phase=vm_destroy_end generation=76 owner=57960
INTEL_LIFECYCLE phase=vm_create_begin generation=77 owner=57960
INTEL_LIFECYCLE phase=vm_create_end generation=77 owner=57960
INTEL_LIFECYCLE phase=vcpu_create_begin generation=77 owner=57960
INTEL_LIFECYCLE phase=vcpu_create_end generation=77 owner=57960
[       OK ] HvfIntelRecoveryProbe.WithoutHostKick (407 ms)
[----------] 1 test from HvfIntelRecoveryProbe (407 ms total)

[==========] 1 test from 1 test suite ran. (407 ms total)
[  PASSED  ] 1 test.

Repeating all tests (iteration 77) . . .

Note: Google Test filter = HvfIntelRecoveryProbe.WithoutHostKick
[==========] Running 1 test from 1 test suite.
[----------] 1 test from HvfIntelRecoveryProbe
[ RUN      ] HvfIntelRecoveryProbe.WithoutHostKick
INTEL_PROBE phase=executor_retained
INTEL_RECOVERY host_kick=omitted
INTEL_LIFECYCLE phase=vcpu_destroy_begin generation=77 owner=57960
INTEL_LIFECYCLE phase=vcpu_destroy_end generation=77 owner=57960
INTEL_LIFECYCLE phase=vm_destroy_begin generation=77 owner=57960
INTEL_LIFECYCLE phase=vm_destroy_end generation=77 owner=57960
INTEL_LIFECYCLE phase=vm_create_begin generation=78 owner=57960
INTEL_LIFECYCLE phase=vm_create_end generation=78 owner=57960
INTEL_LIFECYCLE phase=vcpu_create_begin generation=78 owner=57960
INTEL_LIFECYCLE phase=vcpu_create_end generation=78 owner=57960
[       OK ] HvfIntelRecoveryProbe.WithoutHostKick (206 ms)
[----------] 1 test from HvfIntelRecoveryProbe (206 ms total)

[==========] 1 test from 1 test suite ran. (206 ms total)
[  PASSED  ] 1 test.

Repeating all tests (iteration 78) . . .

Note: Google Test filter = HvfIntelRecoveryProbe.WithoutHostKick
[==========] Running 1 test from 1 test suite.
[----------] 1 test from HvfIntelRecoveryProbe
[ RUN      ] HvfIntelRecoveryProbe.WithoutHostKick
INTEL_PROBE phase=executor_retained
INTEL_RECOVERY host_kick=omitted
INTEL_LIFECYCLE phase=vcpu_destroy_begin generation=78 owner=57960
INTEL_LIFECYCLE phase=vcpu_destroy_end generation=78 owner=57960
INTEL_LIFECYCLE phase=vm_destroy_begin generation=78 owner=57960
INTEL_LIFECYCLE phase=vm_destroy_end generation=78 owner=57960
INTEL_LIFECYCLE phase=vm_create_begin generation=79 owner=57960
INTEL_LIFECYCLE phase=vm_create_end generation=79 owner=57960
INTEL_LIFECYCLE phase=vcpu_create_begin generation=79 owner=57960
INTEL_LIFECYCLE phase=vcpu_create_end generation=79 owner=57960
[       OK ] HvfIntelRecoveryProbe.WithoutHostKick (409 ms)
[----------] 1 test from HvfIntelRecoveryProbe (409 ms total)

[==========] 1 test from 1 test suite ran. (409 ms total)
[  PASSED  ] 1 test.

Repeating all tests (iteration 79) . . .

Note: Google Test filter = HvfIntelRecoveryProbe.WithoutHostKick
[==========] Running 1 test from 1 test suite.
[----------] 1 test from HvfIntelRecoveryProbe
[ RUN      ] HvfIntelRecoveryProbe.WithoutHostKick
INTEL_PROBE phase=executor_retained
INTEL_RECOVERY host_kick=omitted
INTEL_LIFECYCLE phase=vcpu_destroy_begin generation=79 owner=57960
INTEL_LIFECYCLE phase=vcpu_destroy_end generation=79 owner=57960
INTEL_LIFECYCLE phase=vm_destroy_begin generation=79 owner=57960
INTEL_LIFECYCLE phase=vm_destroy_end generation=79 owner=57960
INTEL_LIFECYCLE phase=vm_create_begin generation=80 owner=57960
INTEL_LIFECYCLE phase=vm_create_end generation=80 owner=57960
INTEL_LIFECYCLE phase=vcpu_create_begin generation=80 owner=57960
INTEL_LIFECYCLE phase=vcpu_create_end generation=80 owner=57960
[       OK ] HvfIntelRecoveryProbe.WithoutHostKick (542 ms)
[----------] 1 test from HvfIntelRecoveryProbe (542 ms total)

[==========] 1 test from 1 test suite ran. (542 ms total)
[  PASSED  ] 1 test.

Repeating all tests (iteration 80) . . .

Note: Google Test filter = HvfIntelRecoveryProbe.WithoutHostKick
[==========] Running 1 test from 1 test suite.
[----------] 1 test from HvfIntelRecoveryProbe
[ RUN      ] HvfIntelRecoveryProbe.WithoutHostKick
INTEL_PROBE phase=executor_retained
INTEL_RECOVERY host_kick=omitted
INTEL_LIFECYCLE phase=vcpu_destroy_begin generation=80 owner=57960
INTEL_LIFECYCLE phase=vcpu_destroy_end generation=80 owner=57960
INTEL_LIFECYCLE phase=vm_destroy_begin generation=80 owner=57960
INTEL_LIFECYCLE phase=vm_destroy_end generation=80 owner=57960
INTEL_LIFECYCLE phase=vm_create_begin generation=81 owner=57960
INTEL_LIFECYCLE phase=vm_create_end generation=81 owner=57960
INTEL_LIFECYCLE phase=vcpu_create_begin generation=81 owner=57960
INTEL_LIFECYCLE phase=vcpu_create_end generation=81 owner=57960
[       OK ] HvfIntelRecoveryProbe.WithoutHostKick (257 ms)
[----------] 1 test from HvfIntelRecoveryProbe (257 ms total)

[==========] 1 test from 1 test suite ran. (257 ms total)
[  PASSED  ] 1 test.

Repeating all tests (iteration 81) . . .

Note: Google Test filter = HvfIntelRecoveryProbe.WithoutHostKick
[==========] Running 1 test from 1 test suite.
[----------] 1 test from HvfIntelRecoveryProbe
[ RUN      ] HvfIntelRecoveryProbe.WithoutHostKick
INTEL_PROBE phase=executor_retained
INTEL_RECOVERY host_kick=omitted
INTEL_LIFECYCLE phase=vcpu_destroy_begin generation=81 owner=57960
INTEL_LIFECYCLE phase=vcpu_destroy_end generation=81 owner=57960
INTEL_LIFECYCLE phase=vm_destroy_begin generation=81 owner=57960
INTEL_LIFECYCLE phase=vm_destroy_end generation=81 owner=57960
INTEL_LIFECYCLE phase=vm_create_begin generation=82 owner=57960
INTEL_LIFECYCLE phase=vm_create_end generation=82 owner=57960
INTEL_LIFECYCLE phase=vcpu_create_begin generation=82 owner=57960
INTEL_LIFECYCLE phase=vcpu_create_end generation=82 owner=57960
[       OK ] HvfIntelRecoveryProbe.WithoutHostKick (396 ms)
[----------] 1 test from HvfIntelRecoveryProbe (396 ms total)

[==========] 1 test from 1 test suite ran. (397 ms total)
[  PASSED  ] 1 test.

Repeating all tests (iteration 82) . . .

Note: Google Test filter = HvfIntelRecoveryProbe.WithoutHostKick
[==========] Running 1 test from 1 test suite.
[----------] 1 test from HvfIntelRecoveryProbe
[ RUN      ] HvfIntelRecoveryProbe.WithoutHostKick
INTEL_PROBE phase=executor_retained
INTEL_RECOVERY host_kick=omitted
INTEL_LIFECYCLE phase=vcpu_destroy_begin generation=82 owner=57960
INTEL_LIFECYCLE phase=vcpu_destroy_end generation=82 owner=57960
INTEL_LIFECYCLE phase=vm_destroy_begin generation=82 owner=57960
INTEL_LIFECYCLE phase=vm_destroy_end generation=82 owner=57960
INTEL_LIFECYCLE phase=vm_create_begin generation=83 owner=57960
INTEL_LIFECYCLE phase=vm_create_end generation=83 owner=57960
INTEL_LIFECYCLE phase=vcpu_create_begin generation=83 owner=57960
INTEL_LIFECYCLE phase=vcpu_create_end generation=83 owner=57960
[       OK ] HvfIntelRecoveryProbe.WithoutHostKick (639 ms)
[----------] 1 test from HvfIntelRecoveryProbe (640 ms total)

[==========] 1 test from 1 test suite ran. (640 ms total)
[  PASSED  ] 1 test.

Repeating all tests (iteration 83) . . .

Note: Google Test filter = HvfIntelRecoveryProbe.WithoutHostKick
[==========] Running 1 test from 1 test suite.
[----------] 1 test from HvfIntelRecoveryProbe
[ RUN      ] HvfIntelRecoveryProbe.WithoutHostKick
INTEL_PROBE phase=executor_retained
INTEL_RECOVERY host_kick=omitted
INTEL_LIFECYCLE phase=vcpu_destroy_begin generation=83 owner=57960
INTEL_LIFECYCLE phase=vcpu_destroy_end generation=83 owner=57960
INTEL_LIFECYCLE phase=vm_destroy_begin generation=83 owner=57960
INTEL_LIFECYCLE phase=vm_destroy_end generation=83 owner=57960
INTEL_LIFECYCLE phase=vm_create_begin generation=84 owner=57960
INTEL_LIFECYCLE phase=vm_create_end generation=84 owner=57960
INTEL_LIFECYCLE phase=vcpu_create_begin generation=84 owner=57960
INTEL_LIFECYCLE phase=vcpu_create_end generation=84 owner=57960
[       OK ] HvfIntelRecoveryProbe.WithoutHostKick (365 ms)
[----------] 1 test from HvfIntelRecoveryProbe (365 ms total)

[==========] 1 test from 1 test suite ran. (365 ms total)
[  PASSED  ] 1 test.

Repeating all tests (iteration 84) . . .

Note: Google Test filter = HvfIntelRecoveryProbe.WithoutHostKick
[==========] Running 1 test from 1 test suite.
[----------] 1 test from HvfIntelRecoveryProbe
[ RUN      ] HvfIntelRecoveryProbe.WithoutHostKick
INTEL_PROBE phase=executor_retained
INTEL_RECOVERY host_kick=omitted
INTEL_LIFECYCLE phase=vcpu_destroy_begin generation=84 owner=57960
INTEL_LIFECYCLE phase=vcpu_destroy_end generation=84 owner=57960
INTEL_LIFECYCLE phase=vm_destroy_begin generation=84 owner=57960
INTEL_LIFECYCLE phase=vm_destroy_end generation=84 owner=57960
INTEL_LIFECYCLE phase=vm_create_begin generation=85 owner=57960
INTEL_LIFECYCLE phase=vm_create_end generation=85 owner=57960
INTEL_LIFECYCLE phase=vcpu_create_begin generation=85 owner=57960
INTEL_LIFECYCLE phase=vcpu_create_end generation=85 owner=57960
[       OK ] HvfIntelRecoveryProbe.WithoutHostKick (455 ms)
[----------] 1 test from HvfIntelRecoveryProbe (455 ms total)

[==========] 1 test from 1 test suite ran. (456 ms total)
[  PASSED  ] 1 test.

Repeating all tests (iteration 85) . . .

Note: Google Test filter = HvfIntelRecoveryProbe.WithoutHostKick
[==========] Running 1 test from 1 test suite.
[----------] 1 test from HvfIntelRecoveryProbe
[ RUN      ] HvfIntelRecoveryProbe.WithoutHostKick
INTEL_PROBE phase=executor_retained
INTEL_RECOVERY host_kick=omitted
INTEL_LIFECYCLE phase=vcpu_destroy_begin generation=85 owner=57960
INTEL_LIFECYCLE phase=vcpu_destroy_end generation=85 owner=57960
INTEL_LIFECYCLE phase=vm_destroy_begin generation=85 owner=57960
INTEL_LIFECYCLE phase=vm_destroy_end generation=85 owner=57960
INTEL_LIFECYCLE phase=vm_create_begin generation=86 owner=57960
INTEL_LIFECYCLE phase=vm_create_end generation=86 owner=57960
INTEL_LIFECYCLE phase=vcpu_create_begin generation=86 owner=57960
INTEL_LIFECYCLE phase=vcpu_create_end generation=86 owner=57960
[       OK ] HvfIntelRecoveryProbe.WithoutHostKick (499 ms)
[----------] 1 test from HvfIntelRecoveryProbe (499 ms total)

[==========] 1 test from 1 test suite ran. (500 ms total)
[  PASSED  ] 1 test.

Repeating all tests (iteration 86) . . .

Note: Google Test filter = HvfIntelRecoveryProbe.WithoutHostKick
[==========] Running 1 test from 1 test suite.
[----------] 1 test from HvfIntelRecoveryProbe
[ RUN      ] HvfIntelRecoveryProbe.WithoutHostKick
INTEL_PROBE phase=executor_retained
INTEL_RECOVERY host_kick=omitted
INTEL_LIFECYCLE phase=vcpu_destroy_begin generation=86 owner=57960
INTEL_LIFECYCLE phase=vcpu_destroy_end generation=86 owner=57960
INTEL_LIFECYCLE phase=vm_destroy_begin generation=86 owner=57960
INTEL_LIFECYCLE phase=vm_destroy_end generation=86 owner=57960
INTEL_LIFECYCLE phase=vm_create_begin generation=87 owner=57960
INTEL_LIFECYCLE phase=vm_create_end generation=87 owner=57960
INTEL_LIFECYCLE phase=vcpu_create_begin generation=87 owner=57960
INTEL_LIFECYCLE phase=vcpu_create_end generation=87 owner=57960
[       OK ] HvfIntelRecoveryProbe.WithoutHostKick (512 ms)
[----------] 1 test from HvfIntelRecoveryProbe (512 ms total)

[==========] 1 test from 1 test suite ran. (512 ms total)
[  PASSED  ] 1 test.

Repeating all tests (iteration 87) . . .

Note: Google Test filter = HvfIntelRecoveryProbe.WithoutHostKick
[==========] Running 1 test from 1 test suite.
[----------] 1 test from HvfIntelRecoveryProbe
[ RUN      ] HvfIntelRecoveryProbe.WithoutHostKick
INTEL_PROBE phase=executor_retained
INTEL_RECOVERY host_kick=omitted
INTEL_LIFECYCLE phase=vcpu_destroy_begin generation=87 owner=57960
INTEL_LIFECYCLE phase=vcpu_destroy_end generation=87 owner=57960
INTEL_LIFECYCLE phase=vm_destroy_begin generation=87 owner=57960
INTEL_LIFECYCLE phase=vm_destroy_end generation=87 owner=57960
INTEL_LIFECYCLE phase=vm_create_begin generation=88 owner=57960
INTEL_LIFECYCLE phase=vm_create_end generation=88 owner=57960
INTEL_LIFECYCLE phase=vcpu_create_begin generation=88 owner=57960
INTEL_LIFECYCLE phase=vcpu_create_end generation=88 owner=57960
[       OK ] HvfIntelRecoveryProbe.WithoutHostKick (490 ms)
[----------] 1 test from HvfIntelRecoveryProbe (490 ms total)

[==========] 1 test from 1 test suite ran. (491 ms total)
[  PASSED  ] 1 test.

Repeating all tests (iteration 88) . . .

Note: Google Test filter = HvfIntelRecoveryProbe.WithoutHostKick
[==========] Running 1 test from 1 test suite.
[----------] 1 test from HvfIntelRecoveryProbe
[ RUN      ] HvfIntelRecoveryProbe.WithoutHostKick
INTEL_PROBE phase=executor_retained
INTEL_RECOVERY host_kick=omitted
INTEL_LIFECYCLE phase=vcpu_destroy_begin generation=88 owner=57960
INTEL_LIFECYCLE phase=vcpu_destroy_end generation=88 owner=57960
INTEL_LIFECYCLE phase=vm_destroy_begin generation=88 owner=57960
INTEL_LIFECYCLE phase=vm_destroy_end generation=88 owner=57960
INTEL_LIFECYCLE phase=vm_create_begin generation=89 owner=57960
INTEL_LIFECYCLE phase=vm_create_end generation=89 owner=57960
INTEL_LIFECYCLE phase=vcpu_create_begin generation=89 owner=57960
INTEL_LIFECYCLE phase=vcpu_create_end generation=89 owner=57960
[       OK ] HvfIntelRecoveryProbe.WithoutHostKick (294 ms)
[----------] 1 test from HvfIntelRecoveryProbe (294 ms total)

[==========] 1 test from 1 test suite ran. (294 ms total)
[  PASSED  ] 1 test.

Repeating all tests (iteration 89) . . .

Note: Google Test filter = HvfIntelRecoveryProbe.WithoutHostKick
[==========] Running 1 test from 1 test suite.
[----------] 1 test from HvfIntelRecoveryProbe
[ RUN      ] HvfIntelRecoveryProbe.WithoutHostKick
INTEL_PROBE phase=executor_retained
INTEL_RECOVERY host_kick=omitted
INTEL_LIFECYCLE phase=vcpu_destroy_begin generation=89 owner=57960
INTEL_LIFECYCLE phase=vcpu_destroy_end generation=89 owner=57960
INTEL_LIFECYCLE phase=vm_destroy_begin generation=89 owner=57960
INTEL_LIFECYCLE phase=vm_destroy_end generation=89 owner=57960
INTEL_LIFECYCLE phase=vm_create_begin generation=90 owner=57960
INTEL_LIFECYCLE phase=vm_create_end generation=90 owner=57960
INTEL_LIFECYCLE phase=vcpu_create_begin generation=90 owner=57960
INTEL_LIFECYCLE phase=vcpu_create_end generation=90 owner=57960
[       OK ] HvfIntelRecoveryProbe.WithoutHostKick (247 ms)
[----------] 1 test from HvfIntelRecoveryProbe (247 ms total)

[==========] 1 test from 1 test suite ran. (247 ms total)
[  PASSED  ] 1 test.

Repeating all tests (iteration 90) . . .

Note: Google Test filter = HvfIntelRecoveryProbe.WithoutHostKick
[==========] Running 1 test from 1 test suite.
[----------] 1 test from HvfIntelRecoveryProbe
[ RUN      ] HvfIntelRecoveryProbe.WithoutHostKick
INTEL_PROBE phase=executor_retained
INTEL_RECOVERY host_kick=omitted
INTEL_LIFECYCLE phase=vcpu_destroy_begin generation=90 owner=57960
INTEL_LIFECYCLE phase=vcpu_destroy_end generation=90 owner=57960
INTEL_LIFECYCLE phase=vm_destroy_begin generation=90 owner=57960
INTEL_LIFECYCLE phase=vm_destroy_end generation=90 owner=57960
INTEL_LIFECYCLE phase=vm_create_begin generation=91 owner=57960
INTEL_LIFECYCLE phase=vm_create_end generation=91 owner=57960
INTEL_LIFECYCLE phase=vcpu_create_begin generation=91 owner=57960
INTEL_LIFECYCLE phase=vcpu_create_end generation=91 owner=57960
[       OK ] HvfIntelRecoveryProbe.WithoutHostKick (307 ms)
[----------] 1 test from HvfIntelRecoveryProbe (307 ms total)

[==========] 1 test from 1 test suite ran. (307 ms total)
[  PASSED  ] 1 test.

Repeating all tests (iteration 91) . . .

Note: Google Test filter = HvfIntelRecoveryProbe.WithoutHostKick
[==========] Running 1 test from 1 test suite.
[----------] 1 test from HvfIntelRecoveryProbe
[ RUN      ] HvfIntelRecoveryProbe.WithoutHostKick
INTEL_PROBE phase=executor_retained
INTEL_RECOVERY host_kick=omitted
INTEL_LIFECYCLE phase=vcpu_destroy_begin generation=91 owner=57960
INTEL_LIFECYCLE phase=vcpu_destroy_end generation=91 owner=57960
INTEL_LIFECYCLE phase=vm_destroy_begin generation=91 owner=57960
INTEL_LIFECYCLE phase=vm_destroy_end generation=91 owner=57960
INTEL_LIFECYCLE phase=vm_create_begin generation=92 owner=57960
INTEL_LIFECYCLE phase=vm_create_end generation=92 owner=57960
INTEL_LIFECYCLE phase=vcpu_create_begin generation=92 owner=57960
INTEL_LIFECYCLE phase=vcpu_create_end generation=92 owner=57960
[       OK ] HvfIntelRecoveryProbe.WithoutHostKick (642 ms)
[----------] 1 test from HvfIntelRecoveryProbe (642 ms total)

[==========] 1 test from 1 test suite ran. (642 ms total)
[  PASSED  ] 1 test.

Repeating all tests (iteration 92) . . .

Note: Google Test filter = HvfIntelRecoveryProbe.WithoutHostKick
[==========] Running 1 test from 1 test suite.
[----------] 1 test from HvfIntelRecoveryProbe
[ RUN      ] HvfIntelRecoveryProbe.WithoutHostKick
INTEL_PROBE phase=executor_retained
INTEL_RECOVERY host_kick=omitted
INTEL_LIFECYCLE phase=vcpu_destroy_begin generation=92 owner=57960
INTEL_LIFECYCLE phase=vcpu_destroy_end generation=92 owner=57960
INTEL_LIFECYCLE phase=vm_destroy_begin generation=92 owner=57960
INTEL_LIFECYCLE phase=vm_destroy_end generation=92 owner=57960
INTEL_LIFECYCLE phase=vm_create_begin generation=93 owner=57960
INTEL_LIFECYCLE phase=vm_create_end generation=93 owner=57960
INTEL_LIFECYCLE phase=vcpu_create_begin generation=93 owner=57960
INTEL_LIFECYCLE phase=vcpu_create_end generation=93 owner=57960
[       OK ] HvfIntelRecoveryProbe.WithoutHostKick (341 ms)
[----------] 1 test from HvfIntelRecoveryProbe (341 ms total)

[==========] 1 test from 1 test suite ran. (341 ms total)
[  PASSED  ] 1 test.

Repeating all tests (iteration 93) . . .

Note: Google Test filter = HvfIntelRecoveryProbe.WithoutHostKick
[==========] Running 1 test from 1 test suite.
[----------] 1 test from HvfIntelRecoveryProbe
[ RUN      ] HvfIntelRecoveryProbe.WithoutHostKick
INTEL_PROBE phase=executor_retained
INTEL_RECOVERY host_kick=omitted
INTEL_LIFECYCLE phase=vcpu_destroy_begin generation=93 owner=57960
INTEL_LIFECYCLE phase=vcpu_destroy_end generation=93 owner=57960
INTEL_LIFECYCLE phase=vm_destroy_begin generation=93 owner=57960
INTEL_LIFECYCLE phase=vm_destroy_end generation=93 owner=57960
INTEL_LIFECYCLE phase=vm_create_begin generation=94 owner=57960
INTEL_LIFECYCLE phase=vm_create_end generation=94 owner=57960
INTEL_LIFECYCLE phase=vcpu_create_begin generation=94 owner=57960
INTEL_LIFECYCLE phase=vcpu_create_end generation=94 owner=57960
[       OK ] HvfIntelRecoveryProbe.WithoutHostKick (443 ms)
[----------] 1 test from HvfIntelRecoveryProbe (443 ms total)

[==========] 1 test from 1 test suite ran. (443 ms total)
[  PASSED  ] 1 test.

Repeating all tests (iteration 94) . . .

Note: Google Test filter = HvfIntelRecoveryProbe.WithoutHostKick
[==========] Running 1 test from 1 test suite.
[----------] 1 test from HvfIntelRecoveryProbe
[ RUN      ] HvfIntelRecoveryProbe.WithoutHostKick
INTEL_PROBE phase=executor_retained
INTEL_RECOVERY host_kick=omitted
INTEL_LIFECYCLE phase=vcpu_destroy_begin generation=94 owner=57960
INTEL_LIFECYCLE phase=vcpu_destroy_end generation=94 owner=57960
INTEL_LIFECYCLE phase=vm_destroy_begin generation=94 owner=57960
INTEL_LIFECYCLE phase=vm_destroy_end generation=94 owner=57960
INTEL_LIFECYCLE phase=vm_create_begin generation=95 owner=57960
INTEL_LIFECYCLE phase=vm_create_end generation=95 owner=57960
INTEL_LIFECYCLE phase=vcpu_create_begin generation=95 owner=57960
INTEL_LIFECYCLE phase=vcpu_create_end generation=95 owner=57960
[       OK ] HvfIntelRecoveryProbe.WithoutHostKick (304 ms)
[----------] 1 test from HvfIntelRecoveryProbe (305 ms total)

[==========] 1 test from 1 test suite ran. (305 ms total)
[  PASSED  ] 1 test.

Repeating all tests (iteration 95) . . .

Note: Google Test filter = HvfIntelRecoveryProbe.WithoutHostKick
[==========] Running 1 test from 1 test suite.
[----------] 1 test from HvfIntelRecoveryProbe
[ RUN      ] HvfIntelRecoveryProbe.WithoutHostKick
INTEL_PROBE phase=executor_retained
INTEL_RECOVERY host_kick=omitted
INTEL_LIFECYCLE phase=vcpu_destroy_begin generation=95 owner=57960
INTEL_LIFECYCLE phase=vcpu_destroy_end generation=95 owner=57960
INTEL_LIFECYCLE phase=vm_destroy_begin generation=95 owner=57960
INTEL_LIFECYCLE phase=vm_destroy_end generation=95 owner=57960
INTEL_LIFECYCLE phase=vm_create_begin generation=96 owner=57960
INTEL_LIFECYCLE phase=vm_create_end generation=96 owner=57960
INTEL_LIFECYCLE phase=vcpu_create_begin generation=96 owner=57960
INTEL_LIFECYCLE phase=vcpu_create_end generation=96 owner=57960
[       OK ] HvfIntelRecoveryProbe.WithoutHostKick (213 ms)
[----------] 1 test from HvfIntelRecoveryProbe (213 ms total)

[==========] 1 test from 1 test suite ran. (213 ms total)
[  PASSED  ] 1 test.

Repeating all tests (iteration 96) . . .

Note: Google Test filter = HvfIntelRecoveryProbe.WithoutHostKick
[==========] Running 1 test from 1 test suite.
[----------] 1 test from HvfIntelRecoveryProbe
[ RUN      ] HvfIntelRecoveryProbe.WithoutHostKick
INTEL_PROBE phase=executor_retained
INTEL_RECOVERY host_kick=omitted
INTEL_LIFECYCLE phase=vcpu_destroy_begin generation=96 owner=57960
INTEL_LIFECYCLE phase=vcpu_destroy_end generation=96 owner=57960
INTEL_LIFECYCLE phase=vm_destroy_begin generation=96 owner=57960
INTEL_LIFECYCLE phase=vm_destroy_end generation=96 owner=57960
INTEL_LIFECYCLE phase=vm_create_begin generation=97 owner=57960
INTEL_LIFECYCLE phase=vm_create_end generation=97 owner=57960
INTEL_LIFECYCLE phase=vcpu_create_begin generation=97 owner=57960
INTEL_LIFECYCLE phase=vcpu_create_end generation=97 owner=57960
[       OK ] HvfIntelRecoveryProbe.WithoutHostKick (172 ms)
[----------] 1 test from HvfIntelRecoveryProbe (172 ms total)

[==========] 1 test from 1 test suite ran. (172 ms total)
[  PASSED  ] 1 test.

Repeating all tests (iteration 97) . . .

Note: Google Test filter = HvfIntelRecoveryProbe.WithoutHostKick
[==========] Running 1 test from 1 test suite.
[----------] 1 test from HvfIntelRecoveryProbe
[ RUN      ] HvfIntelRecoveryProbe.WithoutHostKick
INTEL_PROBE phase=executor_retained
INTEL_RECOVERY host_kick=omitted
INTEL_LIFECYCLE phase=vcpu_destroy_begin generation=97 owner=57960
INTEL_LIFECYCLE phase=vcpu_destroy_end generation=97 owner=57960
INTEL_LIFECYCLE phase=vm_destroy_begin generation=97 owner=57960
INTEL_LIFECYCLE phase=vm_destroy_end generation=97 owner=57960
INTEL_LIFECYCLE phase=vm_create_begin generation=98 owner=57960
INTEL_LIFECYCLE phase=vm_create_end generation=98 owner=57960
INTEL_LIFECYCLE phase=vcpu_create_begin generation=98 owner=57960
INTEL_LIFECYCLE phase=vcpu_create_end generation=98 owner=57960
[       OK ] HvfIntelRecoveryProbe.WithoutHostKick (212 ms)
[----------] 1 test from HvfIntelRecoveryProbe (212 ms total)

[==========] 1 test from 1 test suite ran. (212 ms total)
[  PASSED  ] 1 test.

Repeating all tests (iteration 98) . . .

Note: Google Test filter = HvfIntelRecoveryProbe.WithoutHostKick
[==========] Running 1 test from 1 test suite.
[----------] 1 test from HvfIntelRecoveryProbe
[ RUN      ] HvfIntelRecoveryProbe.WithoutHostKick
INTEL_PROBE phase=executor_retained
INTEL_RECOVERY host_kick=omitted
INTEL_LIFECYCLE phase=vcpu_destroy_begin generation=98 owner=57960
INTEL_LIFECYCLE phase=vcpu_destroy_end generation=98 owner=57960
INTEL_LIFECYCLE phase=vm_destroy_begin generation=98 owner=57960
INTEL_LIFECYCLE phase=vm_destroy_end generation=98 owner=57960
INTEL_LIFECYCLE phase=vm_create_begin generation=99 owner=57960
INTEL_LIFECYCLE phase=vm_create_end generation=99 owner=57960
INTEL_LIFECYCLE phase=vcpu_create_begin generation=99 owner=57960
INTEL_LIFECYCLE phase=vcpu_create_end generation=99 owner=57960
[       OK ] HvfIntelRecoveryProbe.WithoutHostKick (587 ms)
[----------] 1 test from HvfIntelRecoveryProbe (587 ms total)

[==========] 1 test from 1 test suite ran. (587 ms total)
[  PASSED  ] 1 test.

Repeating all tests (iteration 99) . . .

Note: Google Test filter = HvfIntelRecoveryProbe.WithoutHostKick
[==========] Running 1 test from 1 test suite.
[----------] 1 test from HvfIntelRecoveryProbe
[ RUN      ] HvfIntelRecoveryProbe.WithoutHostKick
INTEL_PROBE phase=executor_retained
INTEL_RECOVERY host_kick=omitted
INTEL_LIFECYCLE phase=vcpu_destroy_begin generation=99 owner=57960
INTEL_LIFECYCLE phase=vcpu_destroy_end generation=99 owner=57960
INTEL_LIFECYCLE phase=vm_destroy_begin generation=99 owner=57960
INTEL_LIFECYCLE phase=vm_destroy_end generation=99 owner=57960
INTEL_LIFECYCLE phase=vm_create_begin generation=100 owner=57960
INTEL_LIFECYCLE phase=vm_create_end generation=100 owner=57960
INTEL_LIFECYCLE phase=vcpu_create_begin generation=100 owner=57960
INTEL_LIFECYCLE phase=vcpu_create_end generation=100 owner=57960
[       OK ] HvfIntelRecoveryProbe.WithoutHostKick (150 ms)
[----------] 1 test from HvfIntelRecoveryProbe (150 ms total)

[==========] 1 test from 1 test suite ran. (150 ms total)
[  PASSED  ] 1 test.

Repeating all tests (iteration 100) . . .

Note: Google Test filter = HvfIntelRecoveryProbe.WithoutHostKick
[==========] Running 1 test from 1 test suite.
[----------] 1 test from HvfIntelRecoveryProbe
[ RUN      ] HvfIntelRecoveryProbe.WithoutHostKick
INTEL_PROBE phase=executor_retained
INTEL_RECOVERY host_kick=omitted
INTEL_LIFECYCLE phase=vcpu_destroy_begin generation=100 owner=57960
INTEL_LIFECYCLE phase=vcpu_destroy_end generation=100 owner=57960
INTEL_LIFECYCLE phase=vm_destroy_begin generation=100 owner=57960
INTEL_LIFECYCLE phase=vm_destroy_end generation=100 owner=57960
INTEL_LIFECYCLE phase=vm_create_begin generation=101 owner=57960
INTEL_LIFECYCLE phase=vm_create_end generation=101 owner=57960
INTEL_LIFECYCLE phase=vcpu_create_begin generation=101 owner=57960
INTEL_LIFECYCLE phase=vcpu_create_end generation=101 owner=57960
[       OK ] HvfIntelRecoveryProbe.WithoutHostKick (325 ms)
[----------] 1 test from HvfIntelRecoveryProbe (325 ms total)

[==========] 1 test from 1 test suite ran. (325 ms total)
[  PASSED  ] 1 test.

Repeating all tests (iteration 101) . . .

Note: Google Test filter = HvfIntelRecoveryProbe.WithoutHostKick
[==========] Running 1 test from 1 test suite.
[----------] 1 test from HvfIntelRecoveryProbe
[ RUN      ] HvfIntelRecoveryProbe.WithoutHostKick
INTEL_PROBE phase=executor_retained
INTEL_RECOVERY host_kick=omitted
INTEL_LIFECYCLE phase=vcpu_destroy_begin generation=101 owner=57960
INTEL_LIFECYCLE phase=vcpu_destroy_end generation=101 owner=57960
INTEL_LIFECYCLE phase=vm_destroy_begin generation=101 owner=57960
INTEL_LIFECYCLE phase=vm_destroy_end generation=101 owner=57960
INTEL_LIFECYCLE phase=vm_create_begin generation=102 owner=57960
INTEL_LIFECYCLE phase=vm_create_end generation=102 owner=57960
INTEL_LIFECYCLE phase=vcpu_create_begin generation=102 owner=57960
INTEL_LIFECYCLE phase=vcpu_create_end generation=102 owner=57960
[       OK ] HvfIntelRecoveryProbe.WithoutHostKick (161 ms)
[----------] 1 test from HvfIntelRecoveryProbe (161 ms total)

[==========] 1 test from 1 test suite ran. (162 ms total)
[  PASSED  ] 1 test.

Repeating all tests (iteration 102) . . .

Note: Google Test filter = HvfIntelRecoveryProbe.WithoutHostKick
[==========] Running 1 test from 1 test suite.
[----------] 1 test from HvfIntelRecoveryProbe
[ RUN      ] HvfIntelRecoveryProbe.WithoutHostKick
INTEL_PROBE phase=executor_retained
INTEL_RECOVERY host_kick=omitted
INTEL_LIFECYCLE phase=vcpu_destroy_begin generation=102 owner=57960
INTEL_LIFECYCLE phase=vcpu_destroy_end generation=102 owner=57960
INTEL_LIFECYCLE phase=vm_destroy_begin generation=102 owner=57960
INTEL_LIFECYCLE phase=vm_destroy_end generation=102 owner=57960
INTEL_LIFECYCLE phase=vm_create_begin generation=103 owner=57960
INTEL_LIFECYCLE phase=vm_create_end generation=103 owner=57960
INTEL_LIFECYCLE phase=vcpu_create_begin generation=103 owner=57960
INTEL_LIFECYCLE phase=vcpu_create_end generation=103 owner=57960
[       OK ] HvfIntelRecoveryProbe.WithoutHostKick (176 ms)
[----------] 1 test from HvfIntelRecoveryProbe (176 ms total)

[==========] 1 test from 1 test suite ran. (176 ms total)
[  PASSED  ] 1 test.

Repeating all tests (iteration 103) . . .

Note: Google Test filter = HvfIntelRecoveryProbe.WithoutHostKick
[==========] Running 1 test from 1 test suite.
[----------] 1 test from HvfIntelRecoveryProbe
[ RUN      ] HvfIntelRecoveryProbe.WithoutHostKick
INTEL_PROBE phase=executor_retained
INTEL_RECOVERY host_kick=omitted
INTEL_LIFECYCLE phase=vcpu_destroy_begin generation=103 owner=57960
INTEL_LIFECYCLE phase=vcpu_destroy_end generation=103 owner=57960
INTEL_LIFECYCLE phase=vm_destroy_begin generation=103 owner=57960
INTEL_LIFECYCLE phase=vm_destroy_end generation=103 owner=57960
INTEL_LIFECYCLE phase=vm_create_begin generation=104 owner=57960
INTEL_LIFECYCLE phase=vm_create_end generation=104 owner=57960
INTEL_LIFECYCLE phase=vcpu_create_begin generation=104 owner=57960
INTEL_LIFECYCLE phase=vcpu_create_end generation=104 owner=57960
[       OK ] HvfIntelRecoveryProbe.WithoutHostKick (363 ms)
[----------] 1 test from HvfIntelRecoveryProbe (363 ms total)

[==========] 1 test from 1 test suite ran. (363 ms total)
[  PASSED  ] 1 test.

Repeating all tests (iteration 104) . . .

Note: Google Test filter = HvfIntelRecoveryProbe.WithoutHostKick
[==========] Running 1 test from 1 test suite.
[----------] 1 test from HvfIntelRecoveryProbe
[ RUN      ] HvfIntelRecoveryProbe.WithoutHostKick
INTEL_PROBE phase=executor_retained
INTEL_RECOVERY host_kick=omitted
INTEL_LIFECYCLE phase=vcpu_destroy_begin generation=104 owner=57960
INTEL_LIFECYCLE phase=vcpu_destroy_end generation=104 owner=57960
INTEL_LIFECYCLE phase=vm_destroy_begin generation=104 owner=57960
INTEL_LIFECYCLE phase=vm_destroy_end generation=104 owner=57960
INTEL_LIFECYCLE phase=vm_create_begin generation=105 owner=57960
INTEL_LIFECYCLE phase=vm_create_end generation=105 owner=57960
INTEL_LIFECYCLE phase=vcpu_create_begin generation=105 owner=57960
INTEL_LIFECYCLE phase=vcpu_create_end generation=105 owner=57960
[       OK ] HvfIntelRecoveryProbe.WithoutHostKick (685 ms)
[----------] 1 test from HvfIntelRecoveryProbe (685 ms total)

[==========] 1 test from 1 test suite ran. (685 ms total)
[  PASSED  ] 1 test.

Repeating all tests (iteration 105) . . .

Note: Google Test filter = HvfIntelRecoveryProbe.WithoutHostKick
[==========] Running 1 test from 1 test suite.
[----------] 1 test from HvfIntelRecoveryProbe
[ RUN      ] HvfIntelRecoveryProbe.WithoutHostKick
INTEL_PROBE phase=executor_retained
INTEL_RECOVERY host_kick=omitted
INTEL_LIFECYCLE phase=vcpu_destroy_begin generation=105 owner=57960
INTEL_LIFECYCLE phase=vcpu_destroy_end generation=105 owner=57960
INTEL_LIFECYCLE phase=vm_destroy_begin generation=105 owner=57960
INTEL_LIFECYCLE phase=vm_destroy_end generation=105 owner=57960
INTEL_LIFECYCLE phase=vm_create_begin generation=106 owner=57960
INTEL_LIFECYCLE phase=vm_create_end generation=106 owner=57960
INTEL_LIFECYCLE phase=vcpu_create_begin generation=106 owner=57960
INTEL_LIFECYCLE phase=vcpu_create_end generation=106 owner=57960
[       OK ] HvfIntelRecoveryProbe.WithoutHostKick (189 ms)
[----------] 1 test from HvfIntelRecoveryProbe (189 ms total)

[==========] 1 test from 1 test suite ran. (189 ms total)
[  PASSED  ] 1 test.

Repeating all tests (iteration 106) . . .

Note: Google Test filter = HvfIntelRecoveryProbe.WithoutHostKick
[==========] Running 1 test from 1 test suite.
[----------] 1 test from HvfIntelRecoveryProbe
[ RUN      ] HvfIntelRecoveryProbe.WithoutHostKick
INTEL_PROBE phase=executor_retained
INTEL_RECOVERY host_kick=omitted
INTEL_LIFECYCLE phase=vcpu_destroy_begin generation=106 owner=57960
INTEL_LIFECYCLE phase=vcpu_destroy_end generation=106 owner=57960
INTEL_LIFECYCLE phase=vm_destroy_begin generation=106 owner=57960
INTEL_LIFECYCLE phase=vm_destroy_end generation=106 owner=57960
INTEL_LIFECYCLE phase=vm_create_begin generation=107 owner=57960
INTEL_LIFECYCLE phase=vm_create_end generation=107 owner=57960
INTEL_LIFECYCLE phase=vcpu_create_begin generation=107 owner=57960
INTEL_LIFECYCLE phase=vcpu_create_end generation=107 owner=57960
[       OK ] HvfIntelRecoveryProbe.WithoutHostKick (182 ms)
[----------] 1 test from HvfIntelRecoveryProbe (182 ms total)

[==========] 1 test from 1 test suite ran. (182 ms total)
[  PASSED  ] 1 test.

Repeating all tests (iteration 107) . . .

Note: Google Test filter = HvfIntelRecoveryProbe.WithoutHostKick
[==========] Running 1 test from 1 test suite.
[----------] 1 test from HvfIntelRecoveryProbe
[ RUN      ] HvfIntelRecoveryProbe.WithoutHostKick
INTEL_PROBE phase=executor_retained
INTEL_RECOVERY host_kick=omitted
INTEL_LIFECYCLE phase=vcpu_destroy_begin generation=107 owner=57960
INTEL_LIFECYCLE phase=vcpu_destroy_end generation=107 owner=57960
INTEL_LIFECYCLE phase=vm_destroy_begin generation=107 owner=57960
INTEL_LIFECYCLE phase=vm_destroy_end generation=107 owner=57960
INTEL_LIFECYCLE phase=vm_create_begin generation=108 owner=57960
INTEL_LIFECYCLE phase=vm_create_end generation=108 owner=57960
INTEL_LIFECYCLE phase=vcpu_create_begin generation=108 owner=57960
INTEL_LIFECYCLE phase=vcpu_create_end generation=108 owner=57960
[       OK ] HvfIntelRecoveryProbe.WithoutHostKick (292 ms)
[----------] 1 test from HvfIntelRecoveryProbe (292 ms total)

[==========] 1 test from 1 test suite ran. (292 ms total)
[  PASSED  ] 1 test.

Repeating all tests (iteration 108) . . .

Note: Google Test filter = HvfIntelRecoveryProbe.WithoutHostKick
[==========] Running 1 test from 1 test suite.
[----------] 1 test from HvfIntelRecoveryProbe
[ RUN      ] HvfIntelRecoveryProbe.WithoutHostKick
INTEL_PROBE phase=executor_retained
INTEL_RECOVERY host_kick=omitted
INTEL_LIFECYCLE phase=vcpu_destroy_begin generation=108 owner=57960
INTEL_LIFECYCLE phase=vcpu_destroy_end generation=108 owner=57960
INTEL_LIFECYCLE phase=vm_destroy_begin generation=108 owner=57960
INTEL_LIFECYCLE phase=vm_destroy_end generation=108 owner=57960
INTEL_LIFECYCLE phase=vm_create_begin generation=109 owner=57960
INTEL_LIFECYCLE phase=vm_create_end generation=109 owner=57960
INTEL_LIFECYCLE phase=vcpu_create_begin generation=109 owner=57960
INTEL_LIFECYCLE phase=vcpu_create_end generation=109 owner=57960
[       OK ] HvfIntelRecoveryProbe.WithoutHostKick (149 ms)
[----------] 1 test from HvfIntelRecoveryProbe (149 ms total)

[==========] 1 test from 1 test suite ran. (149 ms total)
[  PASSED  ] 1 test.

Repeating all tests (iteration 109) . . .

Note: Google Test filter = HvfIntelRecoveryProbe.WithoutHostKick
[==========] Running 1 test from 1 test suite.
[----------] 1 test from HvfIntelRecoveryProbe
[ RUN      ] HvfIntelRecoveryProbe.WithoutHostKick
INTEL_PROBE phase=executor_retained
INTEL_RECOVERY host_kick=omitted
INTEL_LIFECYCLE phase=vcpu_destroy_begin generation=109 owner=57960
INTEL_LIFECYCLE phase=vcpu_destroy_end generation=109 owner=57960
INTEL_LIFECYCLE phase=vm_destroy_begin generation=109 owner=57960
INTEL_LIFECYCLE phase=vm_destroy_end generation=109 owner=57960
INTEL_LIFECYCLE phase=vm_create_begin generation=110 owner=57960
INTEL_LIFECYCLE phase=vm_create_end generation=110 owner=57960
INTEL_LIFECYCLE phase=vcpu_create_begin generation=110 owner=57960
INTEL_LIFECYCLE phase=vcpu_create_end generation=110 owner=57960
[       OK ] HvfIntelRecoveryProbe.WithoutHostKick (126 ms)
[----------] 1 test from HvfIntelRecoveryProbe (126 ms total)

[==========] 1 test from 1 test suite ran. (126 ms total)
[  PASSED  ] 1 test.

Repeating all tests (iteration 110) . . .

Note: Google Test filter = HvfIntelRecoveryProbe.WithoutHostKick
[==========] Running 1 test from 1 test suite.
[----------] 1 test from HvfIntelRecoveryProbe
[ RUN      ] HvfIntelRecoveryProbe.WithoutHostKick
INTEL_PROBE phase=executor_retained
INTEL_RECOVERY host_kick=omitted
INTEL_LIFECYCLE phase=vcpu_destroy_begin generation=110 owner=57960
INTEL_LIFECYCLE phase=vcpu_destroy_end generation=110 owner=57960
INTEL_LIFECYCLE phase=vm_destroy_begin generation=110 owner=57960
INTEL_LIFECYCLE phase=vm_destroy_end generation=110 owner=57960
INTEL_LIFECYCLE phase=vm_create_begin generation=111 owner=57960
INTEL_LIFECYCLE phase=vm_create_end generation=111 owner=57960
INTEL_LIFECYCLE phase=vcpu_create_begin generation=111 owner=57960
INTEL_LIFECYCLE phase=vcpu_create_end generation=111 owner=57960
[       OK ] HvfIntelRecoveryProbe.WithoutHostKick (188 ms)
[----------] 1 test from HvfIntelRecoveryProbe (188 ms total)

[==========] 1 test from 1 test suite ran. (188 ms total)
[  PASSED  ] 1 test.

Repeating all tests (iteration 111) . . .

Note: Google Test filter = HvfIntelRecoveryProbe.WithoutHostKick
[==========] Running 1 test from 1 test suite.
[----------] 1 test from HvfIntelRecoveryProbe
[ RUN      ] HvfIntelRecoveryProbe.WithoutHostKick
INTEL_PROBE phase=executor_retained
INTEL_RECOVERY host_kick=omitted
INTEL_LIFECYCLE phase=vcpu_destroy_begin generation=111 owner=57960
INTEL_LIFECYCLE phase=vcpu_destroy_end generation=111 owner=57960
INTEL_LIFECYCLE phase=vm_destroy_begin generation=111 owner=57960
INTEL_LIFECYCLE phase=vm_destroy_end generation=111 owner=57960
INTEL_LIFECYCLE phase=vm_create_begin generation=112 owner=57960
INTEL_LIFECYCLE phase=vm_create_end generation=112 owner=57960
INTEL_LIFECYCLE phase=vcpu_create_begin generation=112 owner=57960
INTEL_LIFECYCLE phase=vcpu_create_end generation=112 owner=57960
[       OK ] HvfIntelRecoveryProbe.WithoutHostKick (170 ms)
[----------] 1 test from HvfIntelRecoveryProbe (170 ms total)

[==========] 1 test from 1 test suite ran. (170 ms total)
[  PASSED  ] 1 test.

Repeating all tests (iteration 112) . . .

Note: Google Test filter = HvfIntelRecoveryProbe.WithoutHostKick
[==========] Running 1 test from 1 test suite.
[----------] 1 test from HvfIntelRecoveryProbe
[ RUN      ] HvfIntelRecoveryProbe.WithoutHostKick
INTEL_PROBE phase=executor_retained
INTEL_RECOVERY host_kick=omitted
INTEL_LIFECYCLE phase=vcpu_destroy_begin generation=112 owner=57960
INTEL_LIFECYCLE phase=vcpu_destroy_end generation=112 owner=57960
INTEL_LIFECYCLE phase=vm_destroy_begin generation=112 owner=57960
INTEL_LIFECYCLE phase=vm_destroy_end generation=112 owner=57960
INTEL_LIFECYCLE phase=vm_create_begin generation=113 owner=57960
INTEL_LIFECYCLE phase=vm_create_end generation=113 owner=57960
INTEL_LIFECYCLE phase=vcpu_create_begin generation=113 owner=57960
INTEL_LIFECYCLE phase=vcpu_create_end generation=113 owner=57960
[       OK ] HvfIntelRecoveryProbe.WithoutHostKick (203 ms)
[----------] 1 test from HvfIntelRecoveryProbe (203 ms total)

[==========] 1 test from 1 test suite ran. (203 ms total)
[  PASSED  ] 1 test.

Repeating all tests (iteration 113) . . .

Note: Google Test filter = HvfIntelRecoveryProbe.WithoutHostKick
[==========] Running 1 test from 1 test suite.
[----------] 1 test from HvfIntelRecoveryProbe
[ RUN      ] HvfIntelRecoveryProbe.WithoutHostKick
INTEL_PROBE phase=executor_retained
INTEL_RECOVERY host_kick=omitted
INTEL_LIFECYCLE phase=vcpu_destroy_begin generation=113 owner=57960
INTEL_LIFECYCLE phase=vcpu_destroy_end generation=113 owner=57960
INTEL_LIFECYCLE phase=vm_destroy_begin generation=113 owner=57960
INTEL_LIFECYCLE phase=vm_destroy_end generation=113 owner=57960
INTEL_LIFECYCLE phase=vm_create_begin generation=114 owner=57960
INTEL_LIFECYCLE phase=vm_create_end generation=114 owner=57960
INTEL_LIFECYCLE phase=vcpu_create_begin generation=114 owner=57960
INTEL_LIFECYCLE phase=vcpu_create_end generation=114 owner=57960
[       OK ] HvfIntelRecoveryProbe.WithoutHostKick (140 ms)
[----------] 1 test from HvfIntelRecoveryProbe (140 ms total)

[==========] 1 test from 1 test suite ran. (140 ms total)
[  PASSED  ] 1 test.

Repeating all tests (iteration 114) . . .

Note: Google Test filter = HvfIntelRecoveryProbe.WithoutHostKick
[==========] Running 1 test from 1 test suite.
[----------] 1 test from HvfIntelRecoveryProbe
[ RUN      ] HvfIntelRecoveryProbe.WithoutHostKick
INTEL_PROBE phase=executor_retained
INTEL_RECOVERY host_kick=omitted
INTEL_LIFECYCLE phase=vcpu_destroy_begin generation=114 owner=57960
INTEL_LIFECYCLE phase=vcpu_destroy_end generation=114 owner=57960
INTEL_LIFECYCLE phase=vm_destroy_begin generation=114 owner=57960
INTEL_LIFECYCLE phase=vm_destroy_end generation=114 owner=57960
INTEL_LIFECYCLE phase=vm_create_begin generation=115 owner=57960
INTEL_LIFECYCLE phase=vm_create_end generation=115 owner=57960
INTEL_LIFECYCLE phase=vcpu_create_begin generation=115 owner=57960
INTEL_LIFECYCLE phase=vcpu_create_end generation=115 owner=57960
[       OK ] HvfIntelRecoveryProbe.WithoutHostKick (306 ms)
[----------] 1 test from HvfIntelRecoveryProbe (306 ms total)

[==========] 1 test from 1 test suite ran. (306 ms total)
[  PASSED  ] 1 test.

Repeating all tests (iteration 115) . . .

Note: Google Test filter = HvfIntelRecoveryProbe.WithoutHostKick
[==========] Running 1 test from 1 test suite.
[----------] 1 test from HvfIntelRecoveryProbe
[ RUN      ] HvfIntelRecoveryProbe.WithoutHostKick
INTEL_PROBE phase=executor_retained
INTEL_RECOVERY host_kick=omitted
INTEL_LIFECYCLE phase=vcpu_destroy_begin generation=115 owner=57960
INTEL_LIFECYCLE phase=vcpu_destroy_end generation=115 owner=57960
INTEL_LIFECYCLE phase=vm_destroy_begin generation=115 owner=57960
INTEL_LIFECYCLE phase=vm_destroy_end generation=115 owner=57960
INTEL_LIFECYCLE phase=vm_create_begin generation=116 owner=57960
INTEL_LIFECYCLE phase=vm_create_end generation=116 owner=57960
INTEL_LIFECYCLE phase=vcpu_create_begin generation=116 owner=57960
INTEL_LIFECYCLE phase=vcpu_create_end generation=116 owner=57960
[       OK ] HvfIntelRecoveryProbe.WithoutHostKick (303 ms)
[----------] 1 test from HvfIntelRecoveryProbe (303 ms total)

[==========] 1 test from 1 test suite ran. (303 ms total)
[  PASSED  ] 1 test.

Repeating all tests (iteration 116) . . .

Note: Google Test filter = HvfIntelRecoveryProbe.WithoutHostKick
[==========] Running 1 test from 1 test suite.
[----------] 1 test from HvfIntelRecoveryProbe
[ RUN      ] HvfIntelRecoveryProbe.WithoutHostKick
INTEL_PROBE phase=executor_retained
INTEL_RECOVERY host_kick=omitted
INTEL_LIFECYCLE phase=vcpu_destroy_begin generation=116 owner=57960
INTEL_LIFECYCLE phase=vcpu_destroy_end generation=116 owner=57960
INTEL_LIFECYCLE phase=vm_destroy_begin generation=116 owner=57960
INTEL_LIFECYCLE phase=vm_destroy_end generation=116 owner=57960
INTEL_LIFECYCLE phase=vm_create_begin generation=117 owner=57960
INTEL_LIFECYCLE phase=vm_create_end generation=117 owner=57960
INTEL_LIFECYCLE phase=vcpu_create_begin generation=117 owner=57960
INTEL_LIFECYCLE phase=vcpu_create_end generation=117 owner=57960
[       OK ] HvfIntelRecoveryProbe.WithoutHostKick (160 ms)
[----------] 1 test from HvfIntelRecoveryProbe (160 ms total)

[==========] 1 test from 1 test suite ran. (160 ms total)
[  PASSED  ] 1 test.

Repeating all tests (iteration 117) . . .

Note: Google Test filter = HvfIntelRecoveryProbe.WithoutHostKick
[==========] Running 1 test from 1 test suite.
[----------] 1 test from HvfIntelRecoveryProbe
[ RUN      ] HvfIntelRecoveryProbe.WithoutHostKick
INTEL_PROBE phase=executor_retained
INTEL_RECOVERY host_kick=omitted
INTEL_LIFECYCLE phase=vcpu_destroy_begin generation=117 owner=57960
INTEL_LIFECYCLE phase=vcpu_destroy_end generation=117 owner=57960
INTEL_LIFECYCLE phase=vm_destroy_begin generation=117 owner=57960
INTEL_LIFECYCLE phase=vm_destroy_end generation=117 owner=57960
INTEL_LIFECYCLE phase=vm_create_begin generation=118 owner=57960
INTEL_LIFECYCLE phase=vm_create_end generation=118 owner=57960
INTEL_LIFECYCLE phase=vcpu_create_begin generation=118 owner=57960
INTEL_LIFECYCLE phase=vcpu_create_end generation=118 owner=57960
[       OK ] HvfIntelRecoveryProbe.WithoutHostKick (298 ms)
[----------] 1 test from HvfIntelRecoveryProbe (298 ms total)

[==========] 1 test from 1 test suite ran. (298 ms total)
[  PASSED  ] 1 test.

Repeating all tests (iteration 118) . . .

Note: Google Test filter = HvfIntelRecoveryProbe.WithoutHostKick
[==========] Running 1 test from 1 test suite.
[----------] 1 test from HvfIntelRecoveryProbe
[ RUN      ] HvfIntelRecoveryProbe.WithoutHostKick
INTEL_PROBE phase=executor_retained
INTEL_RECOVERY host_kick=omitted
INTEL_LIFECYCLE phase=vcpu_destroy_begin generation=118 owner=57960
INTEL_LIFECYCLE phase=vcpu_destroy_end generation=118 owner=57960
INTEL_LIFECYCLE phase=vm_destroy_begin generation=118 owner=57960
INTEL_LIFECYCLE phase=vm_destroy_end generation=118 owner=57960
INTEL_LIFECYCLE phase=vm_create_begin generation=119 owner=57960
INTEL_LIFECYCLE phase=vm_create_end generation=119 owner=57960
INTEL_LIFECYCLE phase=vcpu_create_begin generation=119 owner=57960
INTEL_LIFECYCLE phase=vcpu_create_end generation=119 owner=57960
[       OK ] HvfIntelRecoveryProbe.WithoutHostKick (278 ms)
[----------] 1 test from HvfIntelRecoveryProbe (278 ms total)

[==========] 1 test from 1 test suite ran. (278 ms total)
[  PASSED  ] 1 test.

Repeating all tests (iteration 119) . . .

Note: Google Test filter = HvfIntelRecoveryProbe.WithoutHostKick
[==========] Running 1 test from 1 test suite.
[----------] 1 test from HvfIntelRecoveryProbe
[ RUN      ] HvfIntelRecoveryProbe.WithoutHostKick
INTEL_PROBE phase=executor_retained
INTEL_RECOVERY host_kick=omitted
INTEL_LIFECYCLE phase=vcpu_destroy_begin generation=119 owner=57960
INTEL_LIFECYCLE phase=vcpu_destroy_end generation=119 owner=57960
INTEL_LIFECYCLE phase=vm_destroy_begin generation=119 owner=57960
INTEL_LIFECYCLE phase=vm_destroy_end generation=119 owner=57960
INTEL_LIFECYCLE phase=vm_create_begin generation=120 owner=57960
INTEL_LIFECYCLE phase=vm_create_end generation=120 owner=57960
INTEL_LIFECYCLE phase=vcpu_create_begin generation=120 owner=57960
INTEL_LIFECYCLE phase=vcpu_create_end generation=120 owner=57960
[       OK ] HvfIntelRecoveryProbe.WithoutHostKick (288 ms)
[----------] 1 test from HvfIntelRecoveryProbe (288 ms total)

[==========] 1 test from 1 test suite ran. (288 ms total)
[  PASSED  ] 1 test.

Repeating all tests (iteration 120) . . .

Note: Google Test filter = HvfIntelRecoveryProbe.WithoutHostKick
[==========] Running 1 test from 1 test suite.
[----------] 1 test from HvfIntelRecoveryProbe
[ RUN      ] HvfIntelRecoveryProbe.WithoutHostKick
INTEL_PROBE phase=executor_retained
INTEL_RECOVERY host_kick=omitted
INTEL_LIFECYCLE phase=vcpu_destroy_begin generation=120 owner=57960
INTEL_LIFECYCLE phase=vcpu_destroy_end generation=120 owner=57960
INTEL_LIFECYCLE phase=vm_destroy_begin generation=120 owner=57960
INTEL_LIFECYCLE phase=vm_destroy_end generation=120 owner=57960
INTEL_LIFECYCLE phase=vm_create_begin generation=121 owner=57960
INTEL_LIFECYCLE phase=vm_create_end generation=121 owner=57960
INTEL_LIFECYCLE phase=vcpu_create_begin generation=121 owner=57960
INTEL_LIFECYCLE phase=vcpu_create_end generation=121 owner=57960
[       OK ] HvfIntelRecoveryProbe.WithoutHostKick (349 ms)
[----------] 1 test from HvfIntelRecoveryProbe (349 ms total)

[==========] 1 test from 1 test suite ran. (349 ms total)
[  PASSED  ] 1 test.

Repeating all tests (iteration 121) . . .

Note: Google Test filter = HvfIntelRecoveryProbe.WithoutHostKick
[==========] Running 1 test from 1 test suite.
[----------] 1 test from HvfIntelRecoveryProbe
[ RUN      ] HvfIntelRecoveryProbe.WithoutHostKick
INTEL_PROBE phase=executor_retained
INTEL_RECOVERY host_kick=omitted
INTEL_LIFECYCLE phase=vcpu_destroy_begin generation=121 owner=57960
INTEL_LIFECYCLE phase=vcpu_destroy_end generation=121 owner=57960
INTEL_LIFECYCLE phase=vm_destroy_begin generation=121 owner=57960
INTEL_LIFECYCLE phase=vm_destroy_end generation=121 owner=57960
INTEL_LIFECYCLE phase=vm_create_begin generation=122 owner=57960
INTEL_LIFECYCLE phase=vm_create_end generation=122 owner=57960
INTEL_LIFECYCLE phase=vcpu_create_begin generation=122 owner=57960
INTEL_LIFECYCLE phase=vcpu_create_end generation=122 owner=57960
[       OK ] HvfIntelRecoveryProbe.WithoutHostKick (247 ms)
[----------] 1 test from HvfIntelRecoveryProbe (247 ms total)

[==========] 1 test from 1 test suite ran. (247 ms total)
[  PASSED  ] 1 test.

Repeating all tests (iteration 122) . . .

Note: Google Test filter = HvfIntelRecoveryProbe.WithoutHostKick
[==========] Running 1 test from 1 test suite.
[----------] 1 test from HvfIntelRecoveryProbe
[ RUN      ] HvfIntelRecoveryProbe.WithoutHostKick
INTEL_PROBE phase=executor_retained
INTEL_RECOVERY host_kick=omitted
INTEL_LIFECYCLE phase=vcpu_destroy_begin generation=122 owner=57960
INTEL_LIFECYCLE phase=vcpu_destroy_end generation=122 owner=57960
INTEL_LIFECYCLE phase=vm_destroy_begin generation=122 owner=57960
INTEL_LIFECYCLE phase=vm_destroy_end generation=122 owner=57960
INTEL_LIFECYCLE phase=vm_create_begin generation=123 owner=57960
INTEL_LIFECYCLE phase=vm_create_end generation=123 owner=57960
INTEL_LIFECYCLE phase=vcpu_create_begin generation=123 owner=57960
INTEL_LIFECYCLE phase=vcpu_create_end generation=123 owner=57960
[       OK ] HvfIntelRecoveryProbe.WithoutHostKick (273 ms)
[----------] 1 test from HvfIntelRecoveryProbe (273 ms total)

[==========] 1 test from 1 test suite ran. (273 ms total)
[  PASSED  ] 1 test.

Repeating all tests (iteration 123) . . .

Note: Google Test filter = HvfIntelRecoveryProbe.WithoutHostKick
[==========] Running 1 test from 1 test suite.
[----------] 1 test from HvfIntelRecoveryProbe
[ RUN      ] HvfIntelRecoveryProbe.WithoutHostKick
INTEL_PROBE phase=executor_retained
INTEL_RECOVERY host_kick=omitted
INTEL_LIFECYCLE phase=vcpu_destroy_begin generation=123 owner=57960
INTEL_LIFECYCLE phase=vcpu_destroy_end generation=123 owner=57960
INTEL_LIFECYCLE phase=vm_destroy_begin generation=123 owner=57960
INTEL_LIFECYCLE phase=vm_destroy_end generation=123 owner=57960
INTEL_LIFECYCLE phase=vm_create_begin generation=124 owner=57960
INTEL_LIFECYCLE phase=vm_create_end generation=124 owner=57960
INTEL_LIFECYCLE phase=vcpu_create_begin generation=124 owner=57960
INTEL_LIFECYCLE phase=vcpu_create_end generation=124 owner=57960
[       OK ] HvfIntelRecoveryProbe.WithoutHostKick (331 ms)
[----------] 1 test from HvfIntelRecoveryProbe (331 ms total)

[==========] 1 test from 1 test suite ran. (331 ms total)
[  PASSED  ] 1 test.

Repeating all tests (iteration 124) . . .

Note: Google Test filter = HvfIntelRecoveryProbe.WithoutHostKick
[==========] Running 1 test from 1 test suite.
[----------] 1 test from HvfIntelRecoveryProbe
[ RUN      ] HvfIntelRecoveryProbe.WithoutHostKick
INTEL_PROBE phase=executor_retained
INTEL_RECOVERY host_kick=omitted
INTEL_LIFECYCLE phase=vcpu_destroy_begin generation=124 owner=57960
INTEL_LIFECYCLE phase=vcpu_destroy_end generation=124 owner=57960
INTEL_LIFECYCLE phase=vm_destroy_begin generation=124 owner=57960
INTEL_LIFECYCLE phase=vm_destroy_end generation=124 owner=57960
INTEL_LIFECYCLE phase=vm_create_begin generation=125 owner=57960
INTEL_LIFECYCLE phase=vm_create_end generation=125 owner=57960
INTEL_LIFECYCLE phase=vcpu_create_begin generation=125 owner=57960
INTEL_LIFECYCLE phase=vcpu_create_end generation=125 owner=57960
[       OK ] HvfIntelRecoveryProbe.WithoutHostKick (132 ms)
[----------] 1 test from HvfIntelRecoveryProbe (132 ms total)

[==========] 1 test from 1 test suite ran. (132 ms total)
[  PASSED  ] 1 test.

Repeating all tests (iteration 125) . . .

Note: Google Test filter = HvfIntelRecoveryProbe.WithoutHostKick
[==========] Running 1 test from 1 test suite.
[----------] 1 test from HvfIntelRecoveryProbe
[ RUN      ] HvfIntelRecoveryProbe.WithoutHostKick
INTEL_PROBE phase=executor_retained
INTEL_RECOVERY host_kick=omitted
INTEL_LIFECYCLE phase=vcpu_destroy_begin generation=125 owner=57960
INTEL_LIFECYCLE phase=vcpu_destroy_end generation=125 owner=57960
INTEL_LIFECYCLE phase=vm_destroy_begin generation=125 owner=57960
INTEL_LIFECYCLE phase=vm_destroy_end generation=125 owner=57960
INTEL_LIFECYCLE phase=vm_create_begin generation=126 owner=57960
INTEL_LIFECYCLE phase=vm_create_end generation=126 owner=57960
INTEL_LIFECYCLE phase=vcpu_create_begin generation=126 owner=57960
INTEL_LIFECYCLE phase=vcpu_create_end generation=126 owner=57960
[       OK ] HvfIntelRecoveryProbe.WithoutHostKick (262 ms)
[----------] 1 test from HvfIntelRecoveryProbe (262 ms total)

[==========] 1 test from 1 test suite ran. (263 ms total)
[  PASSED  ] 1 test.

Repeating all tests (iteration 126) . . .

Note: Google Test filter = HvfIntelRecoveryProbe.WithoutHostKick
[==========] Running 1 test from 1 test suite.
[----------] 1 test from HvfIntelRecoveryProbe
[ RUN      ] HvfIntelRecoveryProbe.WithoutHostKick
INTEL_PROBE phase=executor_retained
INTEL_RECOVERY host_kick=omitted
INTEL_LIFECYCLE phase=vcpu_destroy_begin generation=126 owner=57960
INTEL_LIFECYCLE phase=vcpu_destroy_end generation=126 owner=57960
INTEL_LIFECYCLE phase=vm_destroy_begin generation=126 owner=57960
INTEL_LIFECYCLE phase=vm_destroy_end generation=126 owner=57960
INTEL_LIFECYCLE phase=vm_create_begin generation=127 owner=57960
INTEL_LIFECYCLE phase=vm_create_end generation=127 owner=57960
INTEL_LIFECYCLE phase=vcpu_create_begin generation=127 owner=57960
INTEL_LIFECYCLE phase=vcpu_create_end generation=127 owner=57960
[       OK ] HvfIntelRecoveryProbe.WithoutHostKick (157 ms)
[----------] 1 test from HvfIntelRecoveryProbe (157 ms total)

[==========] 1 test from 1 test suite ran. (157 ms total)
[  PASSED  ] 1 test.

Repeating all tests (iteration 127) . . .

Note: Google Test filter = HvfIntelRecoveryProbe.WithoutHostKick
[==========] Running 1 test from 1 test suite.
[----------] 1 test from HvfIntelRecoveryProbe
[ RUN      ] HvfIntelRecoveryProbe.WithoutHostKick
INTEL_PROBE phase=executor_retained
INTEL_RECOVERY host_kick=omitted
INTEL_LIFECYCLE phase=vcpu_destroy_begin generation=127 owner=57960
INTEL_LIFECYCLE phase=vcpu_destroy_end generation=127 owner=57960
INTEL_LIFECYCLE phase=vm_destroy_begin generation=127 owner=57960
INTEL_LIFECYCLE phase=vm_destroy_end generation=127 owner=57960
INTEL_LIFECYCLE phase=vm_create_begin generation=128 owner=57960
INTEL_LIFECYCLE phase=vm_create_end generation=128 owner=57960
INTEL_LIFECYCLE phase=vcpu_create_begin generation=128 owner=57960
INTEL_LIFECYCLE phase=vcpu_create_end generation=128 owner=57960
[       OK ] HvfIntelRecoveryProbe.WithoutHostKick (277 ms)
[----------] 1 test from HvfIntelRecoveryProbe (277 ms total)

[==========] 1 test from 1 test suite ran. (277 ms total)
[  PASSED  ] 1 test.

Repeating all tests (iteration 128) . . .

Note: Google Test filter = HvfIntelRecoveryProbe.WithoutHostKick
[==========] Running 1 test from 1 test suite.
[----------] 1 test from HvfIntelRecoveryProbe
[ RUN      ] HvfIntelRecoveryProbe.WithoutHostKick
INTEL_PROBE phase=executor_retained
INTEL_RECOVERY host_kick=omitted
INTEL_LIFECYCLE phase=vcpu_destroy_begin generation=128 owner=57960
INTEL_LIFECYCLE phase=vcpu_destroy_end generation=128 owner=57960
INTEL_LIFECYCLE phase=vm_destroy_begin generation=128 owner=57960
INTEL_LIFECYCLE phase=vm_destroy_end generation=128 owner=57960
INTEL_LIFECYCLE phase=vm_create_begin generation=129 owner=57960
INTEL_LIFECYCLE phase=vm_create_end generation=129 owner=57960
INTEL_LIFECYCLE phase=vcpu_create_begin generation=129 owner=57960
INTEL_LIFECYCLE phase=vcpu_create_end generation=129 owner=57960
[       OK ] HvfIntelRecoveryProbe.WithoutHostKick (269 ms)
[----------] 1 test from HvfIntelRecoveryProbe (269 ms total)

[==========] 1 test from 1 test suite ran. (269 ms total)
[  PASSED  ] 1 test.

Repeating all tests (iteration 129) . . .

Note: Google Test filter = HvfIntelRecoveryProbe.WithoutHostKick
[==========] Running 1 test from 1 test suite.
[----------] 1 test from HvfIntelRecoveryProbe
[ RUN      ] HvfIntelRecoveryProbe.WithoutHostKick
INTEL_PROBE phase=executor_retained
INTEL_RECOVERY host_kick=omitted
INTEL_LIFECYCLE phase=vcpu_destroy_begin generation=129 owner=57960
INTEL_LIFECYCLE phase=vcpu_destroy_end generation=129 owner=57960
INTEL_LIFECYCLE phase=vm_destroy_begin generation=129 owner=57960
INTEL_LIFECYCLE phase=vm_destroy_end generation=129 owner=57960
INTEL_LIFECYCLE phase=vm_create_begin generation=130 owner=57960
INTEL_LIFECYCLE phase=vm_create_end generation=130 owner=57960
INTEL_LIFECYCLE phase=vcpu_create_begin generation=130 owner=57960
INTEL_LIFECYCLE phase=vcpu_create_end generation=130 owner=57960
[       OK ] HvfIntelRecoveryProbe.WithoutHostKick (264 ms)
[----------] 1 test from HvfIntelRecoveryProbe (264 ms total)

[==========] 1 test from 1 test suite ran. (264 ms total)
[  PASSED  ] 1 test.

Repeating all tests (iteration 130) . . .

Note: Google Test filter = HvfIntelRecoveryProbe.WithoutHostKick
[==========] Running 1 test from 1 test suite.
[----------] 1 test from HvfIntelRecoveryProbe
[ RUN      ] HvfIntelRecoveryProbe.WithoutHostKick
INTEL_PROBE phase=executor_retained
INTEL_RECOVERY host_kick=omitted
INTEL_LIFECYCLE phase=vcpu_destroy_begin generation=130 owner=57960
INTEL_LIFECYCLE phase=vcpu_destroy_end generation=130 owner=57960
INTEL_LIFECYCLE phase=vm_destroy_begin generation=130 owner=57960
INTEL_LIFECYCLE phase=vm_destroy_end generation=130 owner=57960
INTEL_LIFECYCLE phase=vm_create_begin generation=131 owner=57960
INTEL_LIFECYCLE phase=vm_create_end generation=131 owner=57960
INTEL_LIFECYCLE phase=vcpu_create_begin generation=131 owner=57960
INTEL_LIFECYCLE phase=vcpu_create_end generation=131 owner=57960
[       OK ] HvfIntelRecoveryProbe.WithoutHostKick (297 ms)
[----------] 1 test from HvfIntelRecoveryProbe (297 ms total)

[==========] 1 test from 1 test suite ran. (297 ms total)
[  PASSED  ] 1 test.

Repeating all tests (iteration 131) . . .

Note: Google Test filter = HvfIntelRecoveryProbe.WithoutHostKick
[==========] Running 1 test from 1 test suite.
[----------] 1 test from HvfIntelRecoveryProbe
[ RUN      ] HvfIntelRecoveryProbe.WithoutHostKick
INTEL_PROBE phase=executor_retained
INTEL_RECOVERY host_kick=omitted
INTEL_LIFECYCLE phase=vcpu_destroy_begin generation=131 owner=57960
INTEL_LIFECYCLE phase=vcpu_destroy_end generation=131 owner=57960
INTEL_LIFECYCLE phase=vm_destroy_begin generation=131 owner=57960
INTEL_LIFECYCLE phase=vm_destroy_end generation=131 owner=57960
INTEL_LIFECYCLE phase=vm_create_begin generation=132 owner=57960
INTEL_LIFECYCLE phase=vm_create_end generation=132 owner=57960
INTEL_LIFECYCLE phase=vcpu_create_begin generation=132 owner=57960
INTEL_LIFECYCLE phase=vcpu_create_end generation=132 owner=57960
[       OK ] HvfIntelRecoveryProbe.WithoutHostKick (233 ms)
[----------] 1 test from HvfIntelRecoveryProbe (233 ms total)

[==========] 1 test from 1 test suite ran. (233 ms total)
[  PASSED  ] 1 test.

Repeating all tests (iteration 132) . . .

Note: Google Test filter = HvfIntelRecoveryProbe.WithoutHostKick
[==========] Running 1 test from 1 test suite.
[----------] 1 test from HvfIntelRecoveryProbe
[ RUN      ] HvfIntelRecoveryProbe.WithoutHostKick
INTEL_PROBE phase=executor_retained
INTEL_RECOVERY host_kick=omitted
INTEL_LIFECYCLE phase=vcpu_destroy_begin generation=132 owner=57960
INTEL_LIFECYCLE phase=vcpu_destroy_end generation=132 owner=57960
INTEL_LIFECYCLE phase=vm_destroy_begin generation=132 owner=57960
INTEL_LIFECYCLE phase=vm_destroy_end generation=132 owner=57960
INTEL_LIFECYCLE phase=vm_create_begin generation=133 owner=57960
INTEL_LIFECYCLE phase=vm_create_end generation=133 owner=57960
INTEL_LIFECYCLE phase=vcpu_create_begin generation=133 owner=57960
INTEL_LIFECYCLE phase=vcpu_create_end generation=133 owner=57960
[       OK ] HvfIntelRecoveryProbe.WithoutHostKick (262 ms)
[----------] 1 test from HvfIntelRecoveryProbe (262 ms total)

[==========] 1 test from 1 test suite ran. (263 ms total)
[  PASSED  ] 1 test.

Repeating all tests (iteration 133) . . .

Note: Google Test filter = HvfIntelRecoveryProbe.WithoutHostKick
[==========] Running 1 test from 1 test suite.
[----------] 1 test from HvfIntelRecoveryProbe
[ RUN      ] HvfIntelRecoveryProbe.WithoutHostKick
INTEL_PROBE phase=executor_retained
INTEL_RECOVERY host_kick=omitted
INTEL_LIFECYCLE phase=vcpu_destroy_begin generation=133 owner=57960
INTEL_LIFECYCLE phase=vcpu_destroy_end generation=133 owner=57960
INTEL_LIFECYCLE phase=vm_destroy_begin generation=133 owner=57960
INTEL_LIFECYCLE phase=vm_destroy_end generation=133 owner=57960
INTEL_LIFECYCLE phase=vm_create_begin generation=134 owner=57960
INTEL_LIFECYCLE phase=vm_create_end generation=134 owner=57960
INTEL_LIFECYCLE phase=vcpu_create_begin generation=134 owner=57960
INTEL_LIFECYCLE phase=vcpu_create_end generation=134 owner=57960
[       OK ] HvfIntelRecoveryProbe.WithoutHostKick (307 ms)
[----------] 1 test from HvfIntelRecoveryProbe (307 ms total)

[==========] 1 test from 1 test suite ran. (308 ms total)
[  PASSED  ] 1 test.

Repeating all tests (iteration 134) . . .

Note: Google Test filter = HvfIntelRecoveryProbe.WithoutHostKick
[==========] Running 1 test from 1 test suite.
[----------] 1 test from HvfIntelRecoveryProbe
[ RUN      ] HvfIntelRecoveryProbe.WithoutHostKick
INTEL_PROBE phase=executor_retained
INTEL_RECOVERY host_kick=omitted
INTEL_LIFECYCLE phase=vcpu_destroy_begin generation=134 owner=57960
INTEL_LIFECYCLE phase=vcpu_destroy_end generation=134 owner=57960
INTEL_LIFECYCLE phase=vm_destroy_begin generation=134 owner=57960
INTEL_LIFECYCLE phase=vm_destroy_end generation=134 owner=57960
INTEL_LIFECYCLE phase=vm_create_begin generation=135 owner=57960
INTEL_LIFECYCLE phase=vm_create_end generation=135 owner=57960
INTEL_LIFECYCLE phase=vcpu_create_begin generation=135 owner=57960
INTEL_LIFECYCLE phase=vcpu_create_end generation=135 owner=57960
[       OK ] HvfIntelRecoveryProbe.WithoutHostKick (298 ms)
[----------] 1 test from HvfIntelRecoveryProbe (298 ms total)

[==========] 1 test from 1 test suite ran. (298 ms total)
[  PASSED  ] 1 test.

Repeating all tests (iteration 135) . . .

Note: Google Test filter = HvfIntelRecoveryProbe.WithoutHostKick
[==========] Running 1 test from 1 test suite.
[----------] 1 test from HvfIntelRecoveryProbe
[ RUN      ] HvfIntelRecoveryProbe.WithoutHostKick
INTEL_PROBE phase=executor_retained
INTEL_RECOVERY host_kick=omitted
INTEL_LIFECYCLE phase=vcpu_destroy_begin generation=135 owner=57960
INTEL_LIFECYCLE phase=vcpu_destroy_end generation=135 owner=57960
INTEL_LIFECYCLE phase=vm_destroy_begin generation=135 owner=57960
INTEL_LIFECYCLE phase=vm_destroy_end generation=135 owner=57960
INTEL_LIFECYCLE phase=vm_create_begin generation=136 owner=57960
INTEL_LIFECYCLE phase=vm_create_end generation=136 owner=57960
INTEL_LIFECYCLE phase=vcpu_create_begin generation=136 owner=57960
INTEL_LIFECYCLE phase=vcpu_create_end generation=136 owner=57960
[       OK ] HvfIntelRecoveryProbe.WithoutHostKick (408 ms)
[----------] 1 test from HvfIntelRecoveryProbe (408 ms total)

[==========] 1 test from 1 test suite ran. (408 ms total)
[  PASSED  ] 1 test.

Repeating all tests (iteration 136) . . .

Note: Google Test filter = HvfIntelRecoveryProbe.WithoutHostKick
[==========] Running 1 test from 1 test suite.
[----------] 1 test from HvfIntelRecoveryProbe
[ RUN      ] HvfIntelRecoveryProbe.WithoutHostKick
INTEL_PROBE phase=executor_retained
INTEL_RECOVERY host_kick=omitted
INTEL_LIFECYCLE phase=vcpu_destroy_begin generation=136 owner=57960
INTEL_LIFECYCLE phase=vcpu_destroy_end generation=136 owner=57960
INTEL_LIFECYCLE phase=vm_destroy_begin generation=136 owner=57960
INTEL_LIFECYCLE phase=vm_destroy_end generation=136 owner=57960
INTEL_LIFECYCLE phase=vm_create_begin generation=137 owner=57960
INTEL_LIFECYCLE phase=vm_create_end generation=137 owner=57960
INTEL_LIFECYCLE phase=vcpu_create_begin generation=137 owner=57960
INTEL_LIFECYCLE phase=vcpu_create_end generation=137 owner=57960
[       OK ] HvfIntelRecoveryProbe.WithoutHostKick (302 ms)
[----------] 1 test from HvfIntelRecoveryProbe (302 ms total)

[==========] 1 test from 1 test suite ran. (302 ms total)
[  PASSED  ] 1 test.

Repeating all tests (iteration 137) . . .

Note: Google Test filter = HvfIntelRecoveryProbe.WithoutHostKick
[==========] Running 1 test from 1 test suite.
[----------] 1 test from HvfIntelRecoveryProbe
[ RUN      ] HvfIntelRecoveryProbe.WithoutHostKick
INTEL_PROBE phase=executor_retained
INTEL_RECOVERY host_kick=omitted
INTEL_LIFECYCLE phase=vcpu_destroy_begin generation=137 owner=57960
INTEL_LIFECYCLE phase=vcpu_destroy_end generation=137 owner=57960
INTEL_LIFECYCLE phase=vm_destroy_begin generation=137 owner=57960
INTEL_LIFECYCLE phase=vm_destroy_end generation=137 owner=57960
INTEL_LIFECYCLE phase=vm_create_begin generation=138 owner=57960
INTEL_LIFECYCLE phase=vm_create_end generation=138 owner=57960
INTEL_LIFECYCLE phase=vcpu_create_begin generation=138 owner=57960
INTEL_LIFECYCLE phase=vcpu_create_end generation=138 owner=57960
[       OK ] HvfIntelRecoveryProbe.WithoutHostKick (458 ms)
[----------] 1 test from HvfIntelRecoveryProbe (458 ms total)

[==========] 1 test from 1 test suite ran. (458 ms total)
[  PASSED  ] 1 test.

Repeating all tests (iteration 138) . . .

Note: Google Test filter = HvfIntelRecoveryProbe.WithoutHostKick
[==========] Running 1 test from 1 test suite.
[----------] 1 test from HvfIntelRecoveryProbe
[ RUN      ] HvfIntelRecoveryProbe.WithoutHostKick
INTEL_PROBE phase=executor_retained
INTEL_RECOVERY host_kick=omitted
INTEL_LIFECYCLE phase=vcpu_destroy_begin generation=138 owner=57960
INTEL_LIFECYCLE phase=vcpu_destroy_end generation=138 owner=57960
INTEL_LIFECYCLE phase=vm_destroy_begin generation=138 owner=57960
INTEL_LIFECYCLE phase=vm_destroy_end generation=138 owner=57960
INTEL_LIFECYCLE phase=vm_create_begin generation=139 owner=57960
INTEL_LIFECYCLE phase=vm_create_end generation=139 owner=57960
INTEL_LIFECYCLE phase=vcpu_create_begin generation=139 owner=57960
INTEL_LIFECYCLE phase=vcpu_create_end generation=139 owner=57960
[       OK ] HvfIntelRecoveryProbe.WithoutHostKick (360 ms)
[----------] 1 test from HvfIntelRecoveryProbe (360 ms total)

[==========] 1 test from 1 test suite ran. (360 ms total)
[  PASSED  ] 1 test.

Repeating all tests (iteration 139) . . .

Note: Google Test filter = HvfIntelRecoveryProbe.WithoutHostKick
[==========] Running 1 test from 1 test suite.
[----------] 1 test from HvfIntelRecoveryProbe
[ RUN      ] HvfIntelRecoveryProbe.WithoutHostKick
INTEL_PROBE phase=executor_retained
INTEL_RECOVERY host_kick=omitted
INTEL_LIFECYCLE phase=vcpu_destroy_begin generation=139 owner=57960
INTEL_LIFECYCLE phase=vcpu_destroy_end generation=139 owner=57960
INTEL_LIFECYCLE phase=vm_destroy_begin generation=139 owner=57960
INTEL_LIFECYCLE phase=vm_destroy_end generation=139 owner=57960
INTEL_LIFECYCLE phase=vm_create_begin generation=140 owner=57960
INTEL_LIFECYCLE phase=vm_create_end generation=140 owner=57960
INTEL_LIFECYCLE phase=vcpu_create_begin generation=140 owner=57960
INTEL_LIFECYCLE phase=vcpu_create_end generation=140 owner=57960
[       OK ] HvfIntelRecoveryProbe.WithoutHostKick (206 ms)
[----------] 1 test from HvfIntelRecoveryProbe (206 ms total)

[==========] 1 test from 1 test suite ran. (206 ms total)
[  PASSED  ] 1 test.

Repeating all tests (iteration 140) . . .

Note: Google Test filter = HvfIntelRecoveryProbe.WithoutHostKick
[==========] Running 1 test from 1 test suite.
[----------] 1 test from HvfIntelRecoveryProbe
[ RUN      ] HvfIntelRecoveryProbe.WithoutHostKick
INTEL_PROBE phase=executor_retained
INTEL_RECOVERY host_kick=omitted
INTEL_LIFECYCLE phase=vcpu_destroy_begin generation=140 owner=57960
INTEL_LIFECYCLE phase=vcpu_destroy_end generation=140 owner=57960
INTEL_LIFECYCLE phase=vm_destroy_begin generation=140 owner=57960
INTEL_LIFECYCLE phase=vm_destroy_end generation=140 owner=57960
INTEL_LIFECYCLE phase=vm_create_begin generation=141 owner=57960
INTEL_LIFECYCLE phase=vm_create_end generation=141 owner=57960
INTEL_LIFECYCLE phase=vcpu_create_begin generation=141 owner=57960
INTEL_LIFECYCLE phase=vcpu_create_end generation=141 owner=57960
[       OK ] HvfIntelRecoveryProbe.WithoutHostKick (247 ms)
[----------] 1 test from HvfIntelRecoveryProbe (247 ms total)

[==========] 1 test from 1 test suite ran. (247 ms total)
[  PASSED  ] 1 test.

Repeating all tests (iteration 141) . . .

Note: Google Test filter = HvfIntelRecoveryProbe.WithoutHostKick
[==========] Running 1 test from 1 test suite.
[----------] 1 test from HvfIntelRecoveryProbe
[ RUN      ] HvfIntelRecoveryProbe.WithoutHostKick
INTEL_PROBE phase=executor_retained
INTEL_RECOVERY host_kick=omitted
INTEL_LIFECYCLE phase=vcpu_destroy_begin generation=141 owner=57960
INTEL_LIFECYCLE phase=vcpu_destroy_end generation=141 owner=57960
INTEL_LIFECYCLE phase=vm_destroy_begin generation=141 owner=57960
INTEL_LIFECYCLE phase=vm_destroy_end generation=141 owner=57960
INTEL_LIFECYCLE phase=vm_create_begin generation=142 owner=57960
INTEL_LIFECYCLE phase=vm_create_end generation=142 owner=57960
INTEL_LIFECYCLE phase=vcpu_create_begin generation=142 owner=57960
INTEL_LIFECYCLE phase=vcpu_create_end generation=142 owner=57960
[       OK ] HvfIntelRecoveryProbe.WithoutHostKick (370 ms)
[----------] 1 test from HvfIntelRecoveryProbe (370 ms total)

[==========] 1 test from 1 test suite ran. (370 ms total)
[  PASSED  ] 1 test.

Repeating all tests (iteration 142) . . .

Note: Google Test filter = HvfIntelRecoveryProbe.WithoutHostKick
[==========] Running 1 test from 1 test suite.
[----------] 1 test from HvfIntelRecoveryProbe
[ RUN      ] HvfIntelRecoveryProbe.WithoutHostKick
INTEL_PROBE phase=executor_retained
INTEL_RECOVERY host_kick=omitted
INTEL_LIFECYCLE phase=vcpu_destroy_begin generation=142 owner=57960
INTEL_LIFECYCLE phase=vcpu_destroy_end generation=142 owner=57960
INTEL_LIFECYCLE phase=vm_destroy_begin generation=142 owner=57960
INTEL_LIFECYCLE phase=vm_destroy_end generation=142 owner=57960
INTEL_LIFECYCLE phase=vm_create_begin generation=143 owner=57960
INTEL_LIFECYCLE phase=vm_create_end generation=143 owner=57960
INTEL_LIFECYCLE phase=vcpu_create_begin generation=143 owner=57960
INTEL_LIFECYCLE phase=vcpu_create_end generation=143 owner=57960
[       OK ] HvfIntelRecoveryProbe.WithoutHostKick (155 ms)
[----------] 1 test from HvfIntelRecoveryProbe (155 ms total)

[==========] 1 test from 1 test suite ran. (155 ms total)
[  PASSED  ] 1 test.

Repeating all tests (iteration 143) . . .

Note: Google Test filter = HvfIntelRecoveryProbe.WithoutHostKick
[==========] Running 1 test from 1 test suite.
[----------] 1 test from HvfIntelRecoveryProbe
[ RUN      ] HvfIntelRecoveryProbe.WithoutHostKick
INTEL_PROBE phase=executor_retained
INTEL_RECOVERY host_kick=omitted
INTEL_LIFECYCLE phase=vcpu_destroy_begin generation=143 owner=57960
INTEL_LIFECYCLE phase=vcpu_destroy_end generation=143 owner=57960
INTEL_LIFECYCLE phase=vm_destroy_begin generation=143 owner=57960
INTEL_LIFECYCLE phase=vm_destroy_end generation=143 owner=57960
INTEL_LIFECYCLE phase=vm_create_begin generation=144 owner=57960
INTEL_LIFECYCLE phase=vm_create_end generation=144 owner=57960
INTEL_LIFECYCLE phase=vcpu_create_begin generation=144 owner=57960
INTEL_LIFECYCLE phase=vcpu_create_end generation=144 owner=57960
[       OK ] HvfIntelRecoveryProbe.WithoutHostKick (253 ms)
[----------] 1 test from HvfIntelRecoveryProbe (253 ms total)

[==========] 1 test from 1 test suite ran. (253 ms total)
[  PASSED  ] 1 test.

Repeating all tests (iteration 144) . . .

Note: Google Test filter = HvfIntelRecoveryProbe.WithoutHostKick
[==========] Running 1 test from 1 test suite.
[----------] 1 test from HvfIntelRecoveryProbe
[ RUN      ] HvfIntelRecoveryProbe.WithoutHostKick
INTEL_PROBE phase=executor_retained
INTEL_RECOVERY host_kick=omitted
INTEL_LIFECYCLE phase=vcpu_destroy_begin generation=144 owner=57960
INTEL_LIFECYCLE phase=vcpu_destroy_end generation=144 owner=57960
INTEL_LIFECYCLE phase=vm_destroy_begin generation=144 owner=57960
INTEL_LIFECYCLE phase=vm_destroy_end generation=144 owner=57960
INTEL_LIFECYCLE phase=vm_create_begin generation=145 owner=57960
INTEL_LIFECYCLE phase=vm_create_end generation=145 owner=57960
INTEL_LIFECYCLE phase=vcpu_create_begin generation=145 owner=57960
INTEL_LIFECYCLE phase=vcpu_create_end generation=145 owner=57960
[       OK ] HvfIntelRecoveryProbe.WithoutHostKick (166 ms)
[----------] 1 test from HvfIntelRecoveryProbe (166 ms total)

[==========] 1 test from 1 test suite ran. (166 ms total)
[  PASSED  ] 1 test.

Repeating all tests (iteration 145) . . .

Note: Google Test filter = HvfIntelRecoveryProbe.WithoutHostKick
[==========] Running 1 test from 1 test suite.
[----------] 1 test from HvfIntelRecoveryProbe
[ RUN      ] HvfIntelRecoveryProbe.WithoutHostKick
INTEL_PROBE phase=executor_retained
INTEL_RECOVERY host_kick=omitted
INTEL_LIFECYCLE phase=vcpu_destroy_begin generation=145 owner=57960
INTEL_LIFECYCLE phase=vcpu_destroy_end generation=145 owner=57960
INTEL_LIFECYCLE phase=vm_destroy_begin generation=145 owner=57960
INTEL_LIFECYCLE phase=vm_destroy_end generation=145 owner=57960
INTEL_LIFECYCLE phase=vm_create_begin generation=146 owner=57960
INTEL_LIFECYCLE phase=vm_create_end generation=146 owner=57960
INTEL_LIFECYCLE phase=vcpu_create_begin generation=146 owner=57960
INTEL_LIFECYCLE phase=vcpu_create_end generation=146 owner=57960
[       OK ] HvfIntelRecoveryProbe.WithoutHostKick (465 ms)
[----------] 1 test from HvfIntelRecoveryProbe (465 ms total)

[==========] 1 test from 1 test suite ran. (465 ms total)
[  PASSED  ] 1 test.

Repeating all tests (iteration 146) . . .

Note: Google Test filter = HvfIntelRecoveryProbe.WithoutHostKick
[==========] Running 1 test from 1 test suite.
[----------] 1 test from HvfIntelRecoveryProbe
[ RUN      ] HvfIntelRecoveryProbe.WithoutHostKick
INTEL_PROBE phase=executor_retained
INTEL_RECOVERY host_kick=omitted
INTEL_LIFECYCLE phase=vcpu_destroy_begin generation=146 owner=57960
INTEL_LIFECYCLE phase=vcpu_destroy_end generation=146 owner=57960
INTEL_LIFECYCLE phase=vm_destroy_begin generation=146 owner=57960
INTEL_LIFECYCLE phase=vm_destroy_end generation=146 owner=57960
INTEL_LIFECYCLE phase=vm_create_begin generation=147 owner=57960
INTEL_LIFECYCLE phase=vm_create_end generation=147 owner=57960
INTEL_LIFECYCLE phase=vcpu_create_begin generation=147 owner=57960
INTEL_LIFECYCLE phase=vcpu_create_end generation=147 owner=57960
[       OK ] HvfIntelRecoveryProbe.WithoutHostKick (300 ms)
[----------] 1 test from HvfIntelRecoveryProbe (300 ms total)

[==========] 1 test from 1 test suite ran. (300 ms total)
[  PASSED  ] 1 test.

Repeating all tests (iteration 147) . . .

Note: Google Test filter = HvfIntelRecoveryProbe.WithoutHostKick
[==========] Running 1 test from 1 test suite.
[----------] 1 test from HvfIntelRecoveryProbe
[ RUN      ] HvfIntelRecoveryProbe.WithoutHostKick
INTEL_PROBE phase=executor_retained
INTEL_RECOVERY host_kick=omitted
INTEL_LIFECYCLE phase=vcpu_destroy_begin generation=147 owner=57960
INTEL_LIFECYCLE phase=vcpu_destroy_end generation=147 owner=57960
INTEL_LIFECYCLE phase=vm_destroy_begin generation=147 owner=57960
INTEL_LIFECYCLE phase=vm_destroy_end generation=147 owner=57960
INTEL_LIFECYCLE phase=vm_create_begin generation=148 owner=57960
INTEL_LIFECYCLE phase=vm_create_end generation=148 owner=57960
INTEL_LIFECYCLE phase=vcpu_create_begin generation=148 owner=57960
INTEL_LIFECYCLE phase=vcpu_create_end generation=148 owner=57960
[       OK ] HvfIntelRecoveryProbe.WithoutHostKick (247 ms)
[----------] 1 test from HvfIntelRecoveryProbe (247 ms total)

[==========] 1 test from 1 test suite ran. (247 ms total)
[  PASSED  ] 1 test.

Repeating all tests (iteration 148) . . .

Note: Google Test filter = HvfIntelRecoveryProbe.WithoutHostKick
[==========] Running 1 test from 1 test suite.
[----------] 1 test from HvfIntelRecoveryProbe
[ RUN      ] HvfIntelRecoveryProbe.WithoutHostKick
INTEL_PROBE phase=executor_retained
INTEL_RECOVERY host_kick=omitted
INTEL_LIFECYCLE phase=vcpu_destroy_begin generation=148 owner=57960
INTEL_LIFECYCLE phase=vcpu_destroy_end generation=148 owner=57960
INTEL_LIFECYCLE phase=vm_destroy_begin generation=148 owner=57960
INTEL_LIFECYCLE phase=vm_destroy_end generation=148 owner=57960
INTEL_LIFECYCLE phase=vm_create_begin generation=149 owner=57960
INTEL_LIFECYCLE phase=vm_create_end generation=149 owner=57960
INTEL_LIFECYCLE phase=vcpu_create_begin generation=149 owner=57960
INTEL_LIFECYCLE phase=vcpu_create_end generation=149 owner=57960
[       OK ] HvfIntelRecoveryProbe.WithoutHostKick (161 ms)
[----------] 1 test from HvfIntelRecoveryProbe (161 ms total)

[==========] 1 test from 1 test suite ran. (161 ms total)
[  PASSED  ] 1 test.

Repeating all tests (iteration 149) . . .

Note: Google Test filter = HvfIntelRecoveryProbe.WithoutHostKick
[==========] Running 1 test from 1 test suite.
[----------] 1 test from HvfIntelRecoveryProbe
[ RUN      ] HvfIntelRecoveryProbe.WithoutHostKick
INTEL_PROBE phase=executor_retained
INTEL_RECOVERY host_kick=omitted
INTEL_LIFECYCLE phase=vcpu_destroy_begin generation=149 owner=57960
INTEL_LIFECYCLE phase=vcpu_destroy_end generation=149 owner=57960
INTEL_LIFECYCLE phase=vm_destroy_begin generation=149 owner=57960
INTEL_LIFECYCLE phase=vm_destroy_end generation=149 owner=57960
INTEL_LIFECYCLE phase=vm_create_begin generation=150 owner=57960
INTEL_LIFECYCLE phase=vm_create_end generation=150 owner=57960
INTEL_LIFECYCLE phase=vcpu_create_begin generation=150 owner=57960
INTEL_LIFECYCLE phase=vcpu_create_end generation=150 owner=57960
[       OK ] HvfIntelRecoveryProbe.WithoutHostKick (274 ms)
[----------] 1 test from HvfIntelRecoveryProbe (274 ms total)

[==========] 1 test from 1 test suite ran. (274 ms total)
[  PASSED  ] 1 test.

Repeating all tests (iteration 150) . . .

Note: Google Test filter = HvfIntelRecoveryProbe.WithoutHostKick
[==========] Running 1 test from 1 test suite.
[----------] 1 test from HvfIntelRecoveryProbe
[ RUN      ] HvfIntelRecoveryProbe.WithoutHostKick
INTEL_PROBE phase=executor_retained
INTEL_RECOVERY host_kick=omitted
INTEL_LIFECYCLE phase=vcpu_destroy_begin generation=150 owner=57960
INTEL_LIFECYCLE phase=vcpu_destroy_end generation=150 owner=57960
INTEL_LIFECYCLE phase=vm_destroy_begin generation=150 owner=57960
INTEL_LIFECYCLE phase=vm_destroy_end generation=150 owner=57960
INTEL_LIFECYCLE phase=vm_create_begin generation=151 owner=57960
INTEL_LIFECYCLE phase=vm_create_end generation=151 owner=57960
INTEL_LIFECYCLE phase=vcpu_create_begin generation=151 owner=57960
INTEL_LIFECYCLE phase=vcpu_create_end generation=151 owner=57960
[       OK ] HvfIntelRecoveryProbe.WithoutHostKick (174 ms)
[----------] 1 test from HvfIntelRecoveryProbe (174 ms total)

[==========] 1 test from 1 test suite ran. (174 ms total)
[  PASSED  ] 1 test.

Repeating all tests (iteration 151) . . .

Note: Google Test filter = HvfIntelRecoveryProbe.WithoutHostKick
[==========] Running 1 test from 1 test suite.
[----------] 1 test from HvfIntelRecoveryProbe
[ RUN      ] HvfIntelRecoveryProbe.WithoutHostKick
INTEL_PROBE phase=executor_retained
