Running main() from /Users/runner/work/test_mac_intel/test_mac_intel/source/build-hvf/_deps/googletest-src/googletest/src/gtest_main.cc

Repeating all tests (iteration 1) . . .

Note: Google Test filter = HvfExecutor.Native*
[==========] Running 1 test from 1 test suite.
[----------] Global test environment set-up.
[----------] 1 test from HvfExecutor
[ RUN      ] HvfExecutor.NativeIntelCancellationAndCompletionFailureAllowRetry
[       OK ] HvfExecutor.NativeIntelCancellationAndCompletionFailureAllowRetry (404 ms)
[----------] 1 test from HvfExecutor (404 ms total)

[==========] 1 test from 1 test suite ran. (405 ms total)
[  PASSED  ] 1 test.

Repeating all tests (iteration 2) . . .

Note: Google Test filter = HvfExecutor.Native*
[==========] Running 1 test from 1 test suite.
[----------] 1 test from HvfExecutor
[ RUN      ] HvfExecutor.NativeIntelCancellationAndCompletionFailureAllowRetry
[       OK ] HvfExecutor.NativeIntelCancellationAndCompletionFailureAllowRetry (389 ms)
[----------] 1 test from HvfExecutor (389 ms total)

[==========] 1 test from 1 test suite ran. (390 ms total)
[  PASSED  ] 1 test.

Repeating all tests (iteration 3) . . .

Note: Google Test filter = HvfExecutor.Native*
[==========] Running 1 test from 1 test suite.
[----------] 1 test from HvfExecutor
[ RUN      ] HvfExecutor.NativeIntelCancellationAndCompletionFailureAllowRetry
[       OK ] HvfExecutor.NativeIntelCancellationAndCompletionFailureAllowRetry (421 ms)
[----------] 1 test from HvfExecutor (421 ms total)

[==========] 1 test from 1 test suite ran. (421 ms total)
[  PASSED  ] 1 test.

Repeating all tests (iteration 4) . . .

Note: Google Test filter = HvfExecutor.Native*
[==========] Running 1 test from 1 test suite.
[----------] 1 test from HvfExecutor
[ RUN      ] HvfExecutor.NativeIntelCancellationAndCompletionFailureAllowRetry
[       OK ] HvfExecutor.NativeIntelCancellationAndCompletionFailureAllowRetry (402 ms)
[----------] 1 test from HvfExecutor (402 ms total)

[==========] 1 test from 1 test suite ran. (402 ms total)
[  PASSED  ] 1 test.

Repeating all tests (iteration 5) . . .

Note: Google Test filter = HvfExecutor.Native*
[==========] Running 1 test from 1 test suite.
[----------] 1 test from HvfExecutor
[ RUN      ] HvfExecutor.NativeIntelCancellationAndCompletionFailureAllowRetry
[       OK ] HvfExecutor.NativeIntelCancellationAndCompletionFailureAllowRetry (389 ms)
[----------] 1 test from HvfExecutor (389 ms total)

[==========] 1 test from 1 test suite ran. (389 ms total)
[  PASSED  ] 1 test.

Repeating all tests (iteration 6) . . .

Note: Google Test filter = HvfExecutor.Native*
[==========] Running 1 test from 1 test suite.
[----------] 1 test from HvfExecutor
[ RUN      ] HvfExecutor.NativeIntelCancellationAndCompletionFailureAllowRetry
[       OK ] HvfExecutor.NativeIntelCancellationAndCompletionFailureAllowRetry (225 ms)
[----------] 1 test from HvfExecutor (225 ms total)

[==========] 1 test from 1 test suite ran. (225 ms total)
[  PASSED  ] 1 test.

Repeating all tests (iteration 7) . . .

Note: Google Test filter = HvfExecutor.Native*
[==========] Running 1 test from 1 test suite.
[----------] 1 test from HvfExecutor
[ RUN      ] HvfExecutor.NativeIntelCancellationAndCompletionFailureAllowRetry
[       OK ] HvfExecutor.NativeIntelCancellationAndCompletionFailureAllowRetry (384 ms)
[----------] 1 test from HvfExecutor (384 ms total)

[==========] 1 test from 1 test suite ran. (384 ms total)
[  PASSED  ] 1 test.

Repeating all tests (iteration 8) . . .

Note: Google Test filter = HvfExecutor.Native*
[==========] Running 1 test from 1 test suite.
[----------] 1 test from HvfExecutor
[ RUN      ] HvfExecutor.NativeIntelCancellationAndCompletionFailureAllowRetry
[       OK ] HvfExecutor.NativeIntelCancellationAndCompletionFailureAllowRetry (321 ms)
[----------] 1 test from HvfExecutor (321 ms total)

[==========] 1 test from 1 test suite ran. (321 ms total)
[  PASSED  ] 1 test.

Repeating all tests (iteration 9) . . .

Note: Google Test filter = HvfExecutor.Native*
[==========] Running 1 test from 1 test suite.
[----------] 1 test from HvfExecutor
[ RUN      ] HvfExecutor.NativeIntelCancellationAndCompletionFailureAllowRetry
[       OK ] HvfExecutor.NativeIntelCancellationAndCompletionFailureAllowRetry (375 ms)
[----------] 1 test from HvfExecutor (375 ms total)

[==========] 1 test from 1 test suite ran. (375 ms total)
[  PASSED  ] 1 test.

Repeating all tests (iteration 10) . . .

Note: Google Test filter = HvfExecutor.Native*
[==========] Running 1 test from 1 test suite.
[----------] 1 test from HvfExecutor
[ RUN      ] HvfExecutor.NativeIntelCancellationAndCompletionFailureAllowRetry
[       OK ] HvfExecutor.NativeIntelCancellationAndCompletionFailureAllowRetry (297 ms)
[----------] 1 test from HvfExecutor (297 ms total)

[==========] 1 test from 1 test suite ran. (297 ms total)
[  PASSED  ] 1 test.

Repeating all tests (iteration 11) . . .

Note: Google Test filter = HvfExecutor.Native*
[==========] Running 1 test from 1 test suite.
[----------] 1 test from HvfExecutor
[ RUN      ] HvfExecutor.NativeIntelCancellationAndCompletionFailureAllowRetry
[       OK ] HvfExecutor.NativeIntelCancellationAndCompletionFailureAllowRetry (262 ms)
[----------] 1 test from HvfExecutor (262 ms total)

[==========] 1 test from 1 test suite ran. (262 ms total)
[  PASSED  ] 1 test.

Repeating all tests (iteration 12) . . .

Note: Google Test filter = HvfExecutor.Native*
[==========] Running 1 test from 1 test suite.
[----------] 1 test from HvfExecutor
[ RUN      ] HvfExecutor.NativeIntelCancellationAndCompletionFailureAllowRetry
[       OK ] HvfExecutor.NativeIntelCancellationAndCompletionFailureAllowRetry (174 ms)
[----------] 1 test from HvfExecutor (174 ms total)

[==========] 1 test from 1 test suite ran. (174 ms total)
[  PASSED  ] 1 test.

Repeating all tests (iteration 13) . . .

Note: Google Test filter = HvfExecutor.Native*
[==========] Running 1 test from 1 test suite.
[----------] 1 test from HvfExecutor
[ RUN      ] HvfExecutor.NativeIntelCancellationAndCompletionFailureAllowRetry
[       OK ] HvfExecutor.NativeIntelCancellationAndCompletionFailureAllowRetry (249 ms)
[----------] 1 test from HvfExecutor (249 ms total)

[==========] 1 test from 1 test suite ran. (249 ms total)
[  PASSED  ] 1 test.

Repeating all tests (iteration 14) . . .

Note: Google Test filter = HvfExecutor.Native*
[==========] Running 1 test from 1 test suite.
[----------] 1 test from HvfExecutor
[ RUN      ] HvfExecutor.NativeIntelCancellationAndCompletionFailureAllowRetry
[       OK ] HvfExecutor.NativeIntelCancellationAndCompletionFailureAllowRetry (250 ms)
[----------] 1 test from HvfExecutor (250 ms total)

[==========] 1 test from 1 test suite ran. (251 ms total)
[  PASSED  ] 1 test.

Repeating all tests (iteration 15) . . .

Note: Google Test filter = HvfExecutor.Native*
[==========] Running 1 test from 1 test suite.
[----------] 1 test from HvfExecutor
[ RUN      ] HvfExecutor.NativeIntelCancellationAndCompletionFailureAllowRetry
[       OK ] HvfExecutor.NativeIntelCancellationAndCompletionFailureAllowRetry (266 ms)
[----------] 1 test from HvfExecutor (266 ms total)

[==========] 1 test from 1 test suite ran. (266 ms total)
[  PASSED  ] 1 test.

Repeating all tests (iteration 16) . . .

Note: Google Test filter = HvfExecutor.Native*
[==========] Running 1 test from 1 test suite.
[----------] 1 test from HvfExecutor
[ RUN      ] HvfExecutor.NativeIntelCancellationAndCompletionFailureAllowRetry
[       OK ] HvfExecutor.NativeIntelCancellationAndCompletionFailureAllowRetry (249 ms)
[----------] 1 test from HvfExecutor (249 ms total)

[==========] 1 test from 1 test suite ran. (249 ms total)
[  PASSED  ] 1 test.

Repeating all tests (iteration 17) . . .

Note: Google Test filter = HvfExecutor.Native*
[==========] Running 1 test from 1 test suite.
[----------] 1 test from HvfExecutor
[ RUN      ] HvfExecutor.NativeIntelCancellationAndCompletionFailureAllowRetry
[       OK ] HvfExecutor.NativeIntelCancellationAndCompletionFailureAllowRetry (248 ms)
[----------] 1 test from HvfExecutor (248 ms total)

[==========] 1 test from 1 test suite ran. (248 ms total)
[  PASSED  ] 1 test.

Repeating all tests (iteration 18) . . .

Note: Google Test filter = HvfExecutor.Native*
[==========] Running 1 test from 1 test suite.
[----------] 1 test from HvfExecutor
[ RUN      ] HvfExecutor.NativeIntelCancellationAndCompletionFailureAllowRetry
[       OK ] HvfExecutor.NativeIntelCancellationAndCompletionFailureAllowRetry (250 ms)
[----------] 1 test from HvfExecutor (250 ms total)

[==========] 1 test from 1 test suite ran. (250 ms total)
[  PASSED  ] 1 test.

Repeating all tests (iteration 19) . . .

Note: Google Test filter = HvfExecutor.Native*
[==========] Running 1 test from 1 test suite.
[----------] 1 test from HvfExecutor
[ RUN      ] HvfExecutor.NativeIntelCancellationAndCompletionFailureAllowRetry
[       OK ] HvfExecutor.NativeIntelCancellationAndCompletionFailureAllowRetry (250 ms)
[----------] 1 test from HvfExecutor (250 ms total)

[==========] 1 test from 1 test suite ran. (250 ms total)
[  PASSED  ] 1 test.

Repeating all tests (iteration 20) . . .

Note: Google Test filter = HvfExecutor.Native*
[==========] Running 1 test from 1 test suite.
[----------] 1 test from HvfExecutor
[ RUN      ] HvfExecutor.NativeIntelCancellationAndCompletionFailureAllowRetry
[       OK ] HvfExecutor.NativeIntelCancellationAndCompletionFailureAllowRetry (167 ms)
[----------] 1 test from HvfExecutor (167 ms total)

[==========] 1 test from 1 test suite ran. (167 ms total)
[  PASSED  ] 1 test.

Repeating all tests (iteration 21) . . .

Note: Google Test filter = HvfExecutor.Native*
[==========] Running 1 test from 1 test suite.
[----------] 1 test from HvfExecutor
[ RUN      ] HvfExecutor.NativeIntelCancellationAndCompletionFailureAllowRetry
[       OK ] HvfExecutor.NativeIntelCancellationAndCompletionFailureAllowRetry (240 ms)
[----------] 1 test from HvfExecutor (240 ms total)

[==========] 1 test from 1 test suite ran. (240 ms total)
[  PASSED  ] 1 test.

Repeating all tests (iteration 22) . . .

Note: Google Test filter = HvfExecutor.Native*
[==========] Running 1 test from 1 test suite.
[----------] 1 test from HvfExecutor
[ RUN      ] HvfExecutor.NativeIntelCancellationAndCompletionFailureAllowRetry
[       OK ] HvfExecutor.NativeIntelCancellationAndCompletionFailureAllowRetry (341 ms)
[----------] 1 test from HvfExecutor (341 ms total)

[==========] 1 test from 1 test suite ran. (341 ms total)
[  PASSED  ] 1 test.

Repeating all tests (iteration 23) . . .

Note: Google Test filter = HvfExecutor.Native*
[==========] Running 1 test from 1 test suite.
[----------] 1 test from HvfExecutor
[ RUN      ] HvfExecutor.NativeIntelCancellationAndCompletionFailureAllowRetry
[       OK ] HvfExecutor.NativeIntelCancellationAndCompletionFailureAllowRetry (257 ms)
[----------] 1 test from HvfExecutor (257 ms total)

[==========] 1 test from 1 test suite ran. (257 ms total)
[  PASSED  ] 1 test.

Repeating all tests (iteration 24) . . .

Note: Google Test filter = HvfExecutor.Native*
[==========] Running 1 test from 1 test suite.
[----------] 1 test from HvfExecutor
[ RUN      ] HvfExecutor.NativeIntelCancellationAndCompletionFailureAllowRetry
[       OK ] HvfExecutor.NativeIntelCancellationAndCompletionFailureAllowRetry (146 ms)
[----------] 1 test from HvfExecutor (146 ms total)

[==========] 1 test from 1 test suite ran. (146 ms total)
[  PASSED  ] 1 test.

Repeating all tests (iteration 25) . . .

Note: Google Test filter = HvfExecutor.Native*
[==========] Running 1 test from 1 test suite.
[----------] 1 test from HvfExecutor
[ RUN      ] HvfExecutor.NativeIntelCancellationAndCompletionFailureAllowRetry
[       OK ] HvfExecutor.NativeIntelCancellationAndCompletionFailureAllowRetry (289 ms)
[----------] 1 test from HvfExecutor (289 ms total)

[==========] 1 test from 1 test suite ran. (289 ms total)
[  PASSED  ] 1 test.

Repeating all tests (iteration 26) . . .

Note: Google Test filter = HvfExecutor.Native*
[==========] Running 1 test from 1 test suite.
[----------] 1 test from HvfExecutor
[ RUN      ] HvfExecutor.NativeIntelCancellationAndCompletionFailureAllowRetry
[       OK ] HvfExecutor.NativeIntelCancellationAndCompletionFailureAllowRetry (305 ms)
[----------] 1 test from HvfExecutor (305 ms total)

[==========] 1 test from 1 test suite ran. (305 ms total)
[  PASSED  ] 1 test.

Repeating all tests (iteration 27) . . .

Note: Google Test filter = HvfExecutor.Native*
[==========] Running 1 test from 1 test suite.
[----------] 1 test from HvfExecutor
[ RUN      ] HvfExecutor.NativeIntelCancellationAndCompletionFailureAllowRetry
[       OK ] HvfExecutor.NativeIntelCancellationAndCompletionFailureAllowRetry (222 ms)
[----------] 1 test from HvfExecutor (222 ms total)

[==========] 1 test from 1 test suite ran. (222 ms total)
[  PASSED  ] 1 test.

Repeating all tests (iteration 28) . . .

Note: Google Test filter = HvfExecutor.Native*
[==========] Running 1 test from 1 test suite.
[----------] 1 test from HvfExecutor
[ RUN      ] HvfExecutor.NativeIntelCancellationAndCompletionFailureAllowRetry
[       OK ] HvfExecutor.NativeIntelCancellationAndCompletionFailureAllowRetry (190 ms)
[----------] 1 test from HvfExecutor (190 ms total)

[==========] 1 test from 1 test suite ran. (190 ms total)
[  PASSED  ] 1 test.

Repeating all tests (iteration 29) . . .

Note: Google Test filter = HvfExecutor.Native*
[==========] Running 1 test from 1 test suite.
[----------] 1 test from HvfExecutor
[ RUN      ] HvfExecutor.NativeIntelCancellationAndCompletionFailureAllowRetry
[       OK ] HvfExecutor.NativeIntelCancellationAndCompletionFailureAllowRetry (392 ms)
[----------] 1 test from HvfExecutor (392 ms total)

[==========] 1 test from 1 test suite ran. (392 ms total)
[  PASSED  ] 1 test.

Repeating all tests (iteration 30) . . .

Note: Google Test filter = HvfExecutor.Native*
[==========] Running 1 test from 1 test suite.
[----------] 1 test from HvfExecutor
[ RUN      ] HvfExecutor.NativeIntelCancellationAndCompletionFailureAllowRetry
[       OK ] HvfExecutor.NativeIntelCancellationAndCompletionFailureAllowRetry (178 ms)
[----------] 1 test from HvfExecutor (178 ms total)

[==========] 1 test from 1 test suite ran. (178 ms total)
[  PASSED  ] 1 test.

Repeating all tests (iteration 31) . . .

Note: Google Test filter = HvfExecutor.Native*
[==========] Running 1 test from 1 test suite.
[----------] 1 test from HvfExecutor
[ RUN      ] HvfExecutor.NativeIntelCancellationAndCompletionFailureAllowRetry
[       OK ] HvfExecutor.NativeIntelCancellationAndCompletionFailureAllowRetry (335 ms)
[----------] 1 test from HvfExecutor (335 ms total)

[==========] 1 test from 1 test suite ran. (335 ms total)
[  PASSED  ] 1 test.

Repeating all tests (iteration 32) . . .

Note: Google Test filter = HvfExecutor.Native*
[==========] Running 1 test from 1 test suite.
[----------] 1 test from HvfExecutor
[ RUN      ] HvfExecutor.NativeIntelCancellationAndCompletionFailureAllowRetry
[       OK ] HvfExecutor.NativeIntelCancellationAndCompletionFailureAllowRetry (304 ms)
[----------] 1 test from HvfExecutor (304 ms total)

[==========] 1 test from 1 test suite ran. (304 ms total)
[  PASSED  ] 1 test.

Repeating all tests (iteration 33) . . .

Note: Google Test filter = HvfExecutor.Native*
[==========] Running 1 test from 1 test suite.
[----------] 1 test from HvfExecutor
[ RUN      ] HvfExecutor.NativeIntelCancellationAndCompletionFailureAllowRetry
[       OK ] HvfExecutor.NativeIntelCancellationAndCompletionFailureAllowRetry (264 ms)
[----------] 1 test from HvfExecutor (264 ms total)

[==========] 1 test from 1 test suite ran. (264 ms total)
[  PASSED  ] 1 test.

Repeating all tests (iteration 34) . . .

Note: Google Test filter = HvfExecutor.Native*
[==========] Running 1 test from 1 test suite.
[----------] 1 test from HvfExecutor
[ RUN      ] HvfExecutor.NativeIntelCancellationAndCompletionFailureAllowRetry
[       OK ] HvfExecutor.NativeIntelCancellationAndCompletionFailureAllowRetry (175 ms)
[----------] 1 test from HvfExecutor (175 ms total)

[==========] 1 test from 1 test suite ran. (175 ms total)
[  PASSED  ] 1 test.

Repeating all tests (iteration 35) . . .

Note: Google Test filter = HvfExecutor.Native*
[==========] Running 1 test from 1 test suite.
[----------] 1 test from HvfExecutor
[ RUN      ] HvfExecutor.NativeIntelCancellationAndCompletionFailureAllowRetry
[       OK ] HvfExecutor.NativeIntelCancellationAndCompletionFailureAllowRetry (287 ms)
[----------] 1 test from HvfExecutor (287 ms total)

[==========] 1 test from 1 test suite ran. (287 ms total)
[  PASSED  ] 1 test.

Repeating all tests (iteration 36) . . .

Note: Google Test filter = HvfExecutor.Native*
[==========] Running 1 test from 1 test suite.
[----------] 1 test from HvfExecutor
[ RUN      ] HvfExecutor.NativeIntelCancellationAndCompletionFailureAllowRetry
[       OK ] HvfExecutor.NativeIntelCancellationAndCompletionFailureAllowRetry (265 ms)
[----------] 1 test from HvfExecutor (265 ms total)

[==========] 1 test from 1 test suite ran. (265 ms total)
[  PASSED  ] 1 test.

Repeating all tests (iteration 37) . . .

Note: Google Test filter = HvfExecutor.Native*
[==========] Running 1 test from 1 test suite.
[----------] 1 test from HvfExecutor
[ RUN      ] HvfExecutor.NativeIntelCancellationAndCompletionFailureAllowRetry
[       OK ] HvfExecutor.NativeIntelCancellationAndCompletionFailureAllowRetry (261 ms)
[----------] 1 test from HvfExecutor (261 ms total)

[==========] 1 test from 1 test suite ran. (261 ms total)
[  PASSED  ] 1 test.

Repeating all tests (iteration 38) . . .

Note: Google Test filter = HvfExecutor.Native*
[==========] Running 1 test from 1 test suite.
[----------] 1 test from HvfExecutor
[ RUN      ] HvfExecutor.NativeIntelCancellationAndCompletionFailureAllowRetry
[       OK ] HvfExecutor.NativeIntelCancellationAndCompletionFailureAllowRetry (244 ms)
[----------] 1 test from HvfExecutor (244 ms total)

[==========] 1 test from 1 test suite ran. (244 ms total)
[  PASSED  ] 1 test.

Repeating all tests (iteration 39) . . .

Note: Google Test filter = HvfExecutor.Native*
[==========] Running 1 test from 1 test suite.
[----------] 1 test from HvfExecutor
[ RUN      ] HvfExecutor.NativeIntelCancellationAndCompletionFailureAllowRetry
[       OK ] HvfExecutor.NativeIntelCancellationAndCompletionFailureAllowRetry (164 ms)
[----------] 1 test from HvfExecutor (164 ms total)

[==========] 1 test from 1 test suite ran. (164 ms total)
[  PASSED  ] 1 test.

Repeating all tests (iteration 40) . . .

Note: Google Test filter = HvfExecutor.Native*
[==========] Running 1 test from 1 test suite.
[----------] 1 test from HvfExecutor
[ RUN      ] HvfExecutor.NativeIntelCancellationAndCompletionFailureAllowRetry
[       OK ] HvfExecutor.NativeIntelCancellationAndCompletionFailureAllowRetry (292 ms)
[----------] 1 test from HvfExecutor (292 ms total)

[==========] 1 test from 1 test suite ran. (293 ms total)
[  PASSED  ] 1 test.

Repeating all tests (iteration 41) . . .

Note: Google Test filter = HvfExecutor.Native*
[==========] Running 1 test from 1 test suite.
[----------] 1 test from HvfExecutor
[ RUN      ] HvfExecutor.NativeIntelCancellationAndCompletionFailureAllowRetry
[       OK ] HvfExecutor.NativeIntelCancellationAndCompletionFailureAllowRetry (242 ms)
[----------] 1 test from HvfExecutor (242 ms total)

[==========] 1 test from 1 test suite ran. (242 ms total)
[  PASSED  ] 1 test.

Repeating all tests (iteration 42) . . .

Note: Google Test filter = HvfExecutor.Native*
[==========] Running 1 test from 1 test suite.
[----------] 1 test from HvfExecutor
[ RUN      ] HvfExecutor.NativeIntelCancellationAndCompletionFailureAllowRetry
[       OK ] HvfExecutor.NativeIntelCancellationAndCompletionFailureAllowRetry (128 ms)
[----------] 1 test from HvfExecutor (128 ms total)

[==========] 1 test from 1 test suite ran. (128 ms total)
[  PASSED  ] 1 test.

Repeating all tests (iteration 43) . . .

Note: Google Test filter = HvfExecutor.Native*
[==========] Running 1 test from 1 test suite.
[----------] 1 test from HvfExecutor
[ RUN      ] HvfExecutor.NativeIntelCancellationAndCompletionFailureAllowRetry
[       OK ] HvfExecutor.NativeIntelCancellationAndCompletionFailureAllowRetry (319 ms)
[----------] 1 test from HvfExecutor (319 ms total)

[==========] 1 test from 1 test suite ran. (319 ms total)
[  PASSED  ] 1 test.

Repeating all tests (iteration 44) . . .

Note: Google Test filter = HvfExecutor.Native*
[==========] Running 1 test from 1 test suite.
[----------] 1 test from HvfExecutor
[ RUN      ] HvfExecutor.NativeIntelCancellationAndCompletionFailureAllowRetry
[       OK ] HvfExecutor.NativeIntelCancellationAndCompletionFailureAllowRetry (282 ms)
[----------] 1 test from HvfExecutor (282 ms total)

[==========] 1 test from 1 test suite ran. (282 ms total)
[  PASSED  ] 1 test.

Repeating all tests (iteration 45) . . .

Note: Google Test filter = HvfExecutor.Native*
[==========] Running 1 test from 1 test suite.
[----------] 1 test from HvfExecutor
[ RUN      ] HvfExecutor.NativeIntelCancellationAndCompletionFailureAllowRetry
[       OK ] HvfExecutor.NativeIntelCancellationAndCompletionFailureAllowRetry (193 ms)
[----------] 1 test from HvfExecutor (193 ms total)

[==========] 1 test from 1 test suite ran. (193 ms total)
[  PASSED  ] 1 test.

Repeating all tests (iteration 46) . . .

Note: Google Test filter = HvfExecutor.Native*
[==========] Running 1 test from 1 test suite.
[----------] 1 test from HvfExecutor
[ RUN      ] HvfExecutor.NativeIntelCancellationAndCompletionFailureAllowRetry
[       OK ] HvfExecutor.NativeIntelCancellationAndCompletionFailureAllowRetry (134 ms)
[----------] 1 test from HvfExecutor (134 ms total)

[==========] 1 test from 1 test suite ran. (134 ms total)
[  PASSED  ] 1 test.

Repeating all tests (iteration 47) . . .

Note: Google Test filter = HvfExecutor.Native*
[==========] Running 1 test from 1 test suite.
[----------] 1 test from HvfExecutor
[ RUN      ] HvfExecutor.NativeIntelCancellationAndCompletionFailureAllowRetry
[       OK ] HvfExecutor.NativeIntelCancellationAndCompletionFailureAllowRetry (271 ms)
[----------] 1 test from HvfExecutor (271 ms total)

[==========] 1 test from 1 test suite ran. (271 ms total)
[  PASSED  ] 1 test.

Repeating all tests (iteration 48) . . .

Note: Google Test filter = HvfExecutor.Native*
[==========] Running 1 test from 1 test suite.
[----------] 1 test from HvfExecutor
[ RUN      ] HvfExecutor.NativeIntelCancellationAndCompletionFailureAllowRetry
[       OK ] HvfExecutor.NativeIntelCancellationAndCompletionFailureAllowRetry (229 ms)
[----------] 1 test from HvfExecutor (229 ms total)

[==========] 1 test from 1 test suite ran. (229 ms total)
[  PASSED  ] 1 test.

Repeating all tests (iteration 49) . . .

Note: Google Test filter = HvfExecutor.Native*
[==========] Running 1 test from 1 test suite.
[----------] 1 test from HvfExecutor
[ RUN      ] HvfExecutor.NativeIntelCancellationAndCompletionFailureAllowRetry
[       OK ] HvfExecutor.NativeIntelCancellationAndCompletionFailureAllowRetry (232 ms)
[----------] 1 test from HvfExecutor (232 ms total)

[==========] 1 test from 1 test suite ran. (232 ms total)
[  PASSED  ] 1 test.

Repeating all tests (iteration 50) . . .

Note: Google Test filter = HvfExecutor.Native*
[==========] Running 1 test from 1 test suite.
[----------] 1 test from HvfExecutor
[ RUN      ] HvfExecutor.NativeIntelCancellationAndCompletionFailureAllowRetry
[       OK ] HvfExecutor.NativeIntelCancellationAndCompletionFailureAllowRetry (266 ms)
[----------] 1 test from HvfExecutor (266 ms total)

[==========] 1 test from 1 test suite ran. (266 ms total)
[  PASSED  ] 1 test.

Repeating all tests (iteration 51) . . .

Note: Google Test filter = HvfExecutor.Native*
[==========] Running 1 test from 1 test suite.
[----------] 1 test from HvfExecutor
[ RUN      ] HvfExecutor.NativeIntelCancellationAndCompletionFailureAllowRetry
[       OK ] HvfExecutor.NativeIntelCancellationAndCompletionFailureAllowRetry (244 ms)
[----------] 1 test from HvfExecutor (244 ms total)

[==========] 1 test from 1 test suite ran. (244 ms total)
[  PASSED  ] 1 test.

Repeating all tests (iteration 52) . . .

Note: Google Test filter = HvfExecutor.Native*
[==========] Running 1 test from 1 test suite.
[----------] 1 test from HvfExecutor
[ RUN      ] HvfExecutor.NativeIntelCancellationAndCompletionFailureAllowRetry
[       OK ] HvfExecutor.NativeIntelCancellationAndCompletionFailureAllowRetry (286 ms)
[----------] 1 test from HvfExecutor (287 ms total)

[==========] 1 test from 1 test suite ran. (287 ms total)
[  PASSED  ] 1 test.

Repeating all tests (iteration 53) . . .

Note: Google Test filter = HvfExecutor.Native*
[==========] Running 1 test from 1 test suite.
[----------] 1 test from HvfExecutor
[ RUN      ] HvfExecutor.NativeIntelCancellationAndCompletionFailureAllowRetry
[       OK ] HvfExecutor.NativeIntelCancellationAndCompletionFailureAllowRetry (370 ms)
[----------] 1 test from HvfExecutor (370 ms total)

[==========] 1 test from 1 test suite ran. (370 ms total)
[  PASSED  ] 1 test.

Repeating all tests (iteration 54) . . .

Note: Google Test filter = HvfExecutor.Native*
[==========] Running 1 test from 1 test suite.
[----------] 1 test from HvfExecutor
[ RUN      ] HvfExecutor.NativeIntelCancellationAndCompletionFailureAllowRetry
[       OK ] HvfExecutor.NativeIntelCancellationAndCompletionFailureAllowRetry (246 ms)
[----------] 1 test from HvfExecutor (246 ms total)

[==========] 1 test from 1 test suite ran. (246 ms total)
[  PASSED  ] 1 test.

Repeating all tests (iteration 55) . . .

Note: Google Test filter = HvfExecutor.Native*
[==========] Running 1 test from 1 test suite.
[----------] 1 test from HvfExecutor
[ RUN      ] HvfExecutor.NativeIntelCancellationAndCompletionFailureAllowRetry
[       OK ] HvfExecutor.NativeIntelCancellationAndCompletionFailureAllowRetry (616 ms)
[----------] 1 test from HvfExecutor (616 ms total)

[==========] 1 test from 1 test suite ran. (616 ms total)
[  PASSED  ] 1 test.

Repeating all tests (iteration 56) . . .

Note: Google Test filter = HvfExecutor.Native*
[==========] Running 1 test from 1 test suite.
[----------] 1 test from HvfExecutor
[ RUN      ] HvfExecutor.NativeIntelCancellationAndCompletionFailureAllowRetry
[       OK ] HvfExecutor.NativeIntelCancellationAndCompletionFailureAllowRetry (276 ms)
[----------] 1 test from HvfExecutor (276 ms total)

[==========] 1 test from 1 test suite ran. (277 ms total)
[  PASSED  ] 1 test.

Repeating all tests (iteration 57) . . .

Note: Google Test filter = HvfExecutor.Native*
[==========] Running 1 test from 1 test suite.
[----------] 1 test from HvfExecutor
[ RUN      ] HvfExecutor.NativeIntelCancellationAndCompletionFailureAllowRetry
[       OK ] HvfExecutor.NativeIntelCancellationAndCompletionFailureAllowRetry (224 ms)
[----------] 1 test from HvfExecutor (224 ms total)

[==========] 1 test from 1 test suite ran. (224 ms total)
[  PASSED  ] 1 test.

Repeating all tests (iteration 58) . . .

Note: Google Test filter = HvfExecutor.Native*
[==========] Running 1 test from 1 test suite.
[----------] 1 test from HvfExecutor
[ RUN      ] HvfExecutor.NativeIntelCancellationAndCompletionFailureAllowRetry
[       OK ] HvfExecutor.NativeIntelCancellationAndCompletionFailureAllowRetry (305 ms)
[----------] 1 test from HvfExecutor (305 ms total)

[==========] 1 test from 1 test suite ran. (305 ms total)
[  PASSED  ] 1 test.

Repeating all tests (iteration 59) . . .

Note: Google Test filter = HvfExecutor.Native*
[==========] Running 1 test from 1 test suite.
[----------] 1 test from HvfExecutor
[ RUN      ] HvfExecutor.NativeIntelCancellationAndCompletionFailureAllowRetry
[       OK ] HvfExecutor.NativeIntelCancellationAndCompletionFailureAllowRetry (363 ms)
[----------] 1 test from HvfExecutor (363 ms total)

[==========] 1 test from 1 test suite ran. (363 ms total)
[  PASSED  ] 1 test.

Repeating all tests (iteration 60) . . .

Note: Google Test filter = HvfExecutor.Native*
[==========] Running 1 test from 1 test suite.
[----------] 1 test from HvfExecutor
[ RUN      ] HvfExecutor.NativeIntelCancellationAndCompletionFailureAllowRetry
[       OK ] HvfExecutor.NativeIntelCancellationAndCompletionFailureAllowRetry (132 ms)
[----------] 1 test from HvfExecutor (132 ms total)

[==========] 1 test from 1 test suite ran. (132 ms total)
[  PASSED  ] 1 test.

Repeating all tests (iteration 61) . . .

Note: Google Test filter = HvfExecutor.Native*
[==========] Running 1 test from 1 test suite.
[----------] 1 test from HvfExecutor
[ RUN      ] HvfExecutor.NativeIntelCancellationAndCompletionFailureAllowRetry
[       OK ] HvfExecutor.NativeIntelCancellationAndCompletionFailureAllowRetry (172 ms)
[----------] 1 test from HvfExecutor (172 ms total)

[==========] 1 test from 1 test suite ran. (173 ms total)
[  PASSED  ] 1 test.

Repeating all tests (iteration 62) . . .

Note: Google Test filter = HvfExecutor.Native*
[==========] Running 1 test from 1 test suite.
[----------] 1 test from HvfExecutor
[ RUN      ] HvfExecutor.NativeIntelCancellationAndCompletionFailureAllowRetry
[       OK ] HvfExecutor.NativeIntelCancellationAndCompletionFailureAllowRetry (272 ms)
[----------] 1 test from HvfExecutor (272 ms total)

[==========] 1 test from 1 test suite ran. (272 ms total)
[  PASSED  ] 1 test.

Repeating all tests (iteration 63) . . .

Note: Google Test filter = HvfExecutor.Native*
[==========] Running 1 test from 1 test suite.
[----------] 1 test from HvfExecutor
[ RUN      ] HvfExecutor.NativeIntelCancellationAndCompletionFailureAllowRetry
[       OK ] HvfExecutor.NativeIntelCancellationAndCompletionFailureAllowRetry (323 ms)
[----------] 1 test from HvfExecutor (323 ms total)

[==========] 1 test from 1 test suite ran. (323 ms total)
[  PASSED  ] 1 test.

Repeating all tests (iteration 64) . . .

Note: Google Test filter = HvfExecutor.Native*
[==========] Running 1 test from 1 test suite.
[----------] 1 test from HvfExecutor
[ RUN      ] HvfExecutor.NativeIntelCancellationAndCompletionFailureAllowRetry
[       OK ] HvfExecutor.NativeIntelCancellationAndCompletionFailureAllowRetry (169 ms)
[----------] 1 test from HvfExecutor (169 ms total)

[==========] 1 test from 1 test suite ran. (169 ms total)
[  PASSED  ] 1 test.

Repeating all tests (iteration 65) . . .

Note: Google Test filter = HvfExecutor.Native*
[==========] Running 1 test from 1 test suite.
[----------] 1 test from HvfExecutor
[ RUN      ] HvfExecutor.NativeIntelCancellationAndCompletionFailureAllowRetry
[       OK ] HvfExecutor.NativeIntelCancellationAndCompletionFailureAllowRetry (270 ms)
[----------] 1 test from HvfExecutor (270 ms total)

[==========] 1 test from 1 test suite ran. (270 ms total)
[  PASSED  ] 1 test.

Repeating all tests (iteration 66) . . .

Note: Google Test filter = HvfExecutor.Native*
[==========] Running 1 test from 1 test suite.
[----------] 1 test from HvfExecutor
[ RUN      ] HvfExecutor.NativeIntelCancellationAndCompletionFailureAllowRetry
[       OK ] HvfExecutor.NativeIntelCancellationAndCompletionFailureAllowRetry (170 ms)
[----------] 1 test from HvfExecutor (170 ms total)

[==========] 1 test from 1 test suite ran. (171 ms total)
[  PASSED  ] 1 test.

Repeating all tests (iteration 67) . . .

Note: Google Test filter = HvfExecutor.Native*
[==========] Running 1 test from 1 test suite.
[----------] 1 test from HvfExecutor
[ RUN      ] HvfExecutor.NativeIntelCancellationAndCompletionFailureAllowRetry
[       OK ] HvfExecutor.NativeIntelCancellationAndCompletionFailureAllowRetry (168 ms)
[----------] 1 test from HvfExecutor (168 ms total)

[==========] 1 test from 1 test suite ran. (168 ms total)
[  PASSED  ] 1 test.

Repeating all tests (iteration 68) . . .

Note: Google Test filter = HvfExecutor.Native*
[==========] Running 1 test from 1 test suite.
[----------] 1 test from HvfExecutor
[ RUN      ] HvfExecutor.NativeIntelCancellationAndCompletionFailureAllowRetry
[       OK ] HvfExecutor.NativeIntelCancellationAndCompletionFailureAllowRetry (254 ms)
[----------] 1 test from HvfExecutor (254 ms total)

[==========] 1 test from 1 test suite ran. (254 ms total)
[  PASSED  ] 1 test.

Repeating all tests (iteration 69) . . .

Note: Google Test filter = HvfExecutor.Native*
[==========] Running 1 test from 1 test suite.
[----------] 1 test from HvfExecutor
[ RUN      ] HvfExecutor.NativeIntelCancellationAndCompletionFailureAllowRetry
[       OK ] HvfExecutor.NativeIntelCancellationAndCompletionFailureAllowRetry (163 ms)
[----------] 1 test from HvfExecutor (163 ms total)

[==========] 1 test from 1 test suite ran. (163 ms total)
[  PASSED  ] 1 test.

Repeating all tests (iteration 70) . . .

Note: Google Test filter = HvfExecutor.Native*
[==========] Running 1 test from 1 test suite.
[----------] 1 test from HvfExecutor
[ RUN      ] HvfExecutor.NativeIntelCancellationAndCompletionFailureAllowRetry
[       OK ] HvfExecutor.NativeIntelCancellationAndCompletionFailureAllowRetry (385 ms)
[----------] 1 test from HvfExecutor (385 ms total)

[==========] 1 test from 1 test suite ran. (385 ms total)
[  PASSED  ] 1 test.

Repeating all tests (iteration 71) . . .

Note: Google Test filter = HvfExecutor.Native*
[==========] Running 1 test from 1 test suite.
[----------] 1 test from HvfExecutor
[ RUN      ] HvfExecutor.NativeIntelCancellationAndCompletionFailureAllowRetry
[       OK ] HvfExecutor.NativeIntelCancellationAndCompletionFailureAllowRetry (180 ms)
[----------] 1 test from HvfExecutor (180 ms total)

[==========] 1 test from 1 test suite ran. (180 ms total)
[  PASSED  ] 1 test.

Repeating all tests (iteration 72) . . .

Note: Google Test filter = HvfExecutor.Native*
[==========] Running 1 test from 1 test suite.
[----------] 1 test from HvfExecutor
[ RUN      ] HvfExecutor.NativeIntelCancellationAndCompletionFailureAllowRetry
[       OK ] HvfExecutor.NativeIntelCancellationAndCompletionFailureAllowRetry (126 ms)
[----------] 1 test from HvfExecutor (126 ms total)

[==========] 1 test from 1 test suite ran. (126 ms total)
[  PASSED  ] 1 test.

Repeating all tests (iteration 73) . . .

Note: Google Test filter = HvfExecutor.Native*
[==========] Running 1 test from 1 test suite.
[----------] 1 test from HvfExecutor
[ RUN      ] HvfExecutor.NativeIntelCancellationAndCompletionFailureAllowRetry
[       OK ] HvfExecutor.NativeIntelCancellationAndCompletionFailureAllowRetry (305 ms)
[----------] 1 test from HvfExecutor (305 ms total)

[==========] 1 test from 1 test suite ran. (305 ms total)
[  PASSED  ] 1 test.

Repeating all tests (iteration 74) . . .

Note: Google Test filter = HvfExecutor.Native*
[==========] Running 1 test from 1 test suite.
[----------] 1 test from HvfExecutor
[ RUN      ] HvfExecutor.NativeIntelCancellationAndCompletionFailureAllowRetry
[       OK ] HvfExecutor.NativeIntelCancellationAndCompletionFailureAllowRetry (139 ms)
[----------] 1 test from HvfExecutor (139 ms total)

[==========] 1 test from 1 test suite ran. (139 ms total)
[  PASSED  ] 1 test.

Repeating all tests (iteration 75) . . .

Note: Google Test filter = HvfExecutor.Native*
[==========] Running 1 test from 1 test suite.
[----------] 1 test from HvfExecutor
[ RUN      ] HvfExecutor.NativeIntelCancellationAndCompletionFailureAllowRetry
[       OK ] HvfExecutor.NativeIntelCancellationAndCompletionFailureAllowRetry (304 ms)
[----------] 1 test from HvfExecutor (304 ms total)

[==========] 1 test from 1 test suite ran. (305 ms total)
[  PASSED  ] 1 test.

Repeating all tests (iteration 76) . . .

Note: Google Test filter = HvfExecutor.Native*
[==========] Running 1 test from 1 test suite.
[----------] 1 test from HvfExecutor
[ RUN      ] HvfExecutor.NativeIntelCancellationAndCompletionFailureAllowRetry
[       OK ] HvfExecutor.NativeIntelCancellationAndCompletionFailureAllowRetry (179 ms)
[----------] 1 test from HvfExecutor (179 ms total)

[==========] 1 test from 1 test suite ran. (179 ms total)
[  PASSED  ] 1 test.

Repeating all tests (iteration 77) . . .

Note: Google Test filter = HvfExecutor.Native*
[==========] Running 1 test from 1 test suite.
[----------] 1 test from HvfExecutor
[ RUN      ] HvfExecutor.NativeIntelCancellationAndCompletionFailureAllowRetry
[       OK ] HvfExecutor.NativeIntelCancellationAndCompletionFailureAllowRetry (387 ms)
[----------] 1 test from HvfExecutor (387 ms total)

[==========] 1 test from 1 test suite ran. (387 ms total)
[  PASSED  ] 1 test.

Repeating all tests (iteration 78) . . .

Note: Google Test filter = HvfExecutor.Native*
[==========] Running 1 test from 1 test suite.
[----------] 1 test from HvfExecutor
[ RUN      ] HvfExecutor.NativeIntelCancellationAndCompletionFailureAllowRetry
[       OK ] HvfExecutor.NativeIntelCancellationAndCompletionFailureAllowRetry (283 ms)
[----------] 1 test from HvfExecutor (283 ms total)

[==========] 1 test from 1 test suite ran. (283 ms total)
[  PASSED  ] 1 test.

Repeating all tests (iteration 79) . . .

Note: Google Test filter = HvfExecutor.Native*
[==========] Running 1 test from 1 test suite.
[----------] 1 test from HvfExecutor
[ RUN      ] HvfExecutor.NativeIntelCancellationAndCompletionFailureAllowRetry
[       OK ] HvfExecutor.NativeIntelCancellationAndCompletionFailureAllowRetry (303 ms)
[----------] 1 test from HvfExecutor (303 ms total)

[==========] 1 test from 1 test suite ran. (303 ms total)
[  PASSED  ] 1 test.

Repeating all tests (iteration 80) . . .

Note: Google Test filter = HvfExecutor.Native*
[==========] Running 1 test from 1 test suite.
[----------] 1 test from HvfExecutor
[ RUN      ] HvfExecutor.NativeIntelCancellationAndCompletionFailureAllowRetry
[       OK ] HvfExecutor.NativeIntelCancellationAndCompletionFailureAllowRetry (366 ms)
[----------] 1 test from HvfExecutor (366 ms total)

[==========] 1 test from 1 test suite ran. (366 ms total)
[  PASSED  ] 1 test.

Repeating all tests (iteration 81) . . .

Note: Google Test filter = HvfExecutor.Native*
[==========] Running 1 test from 1 test suite.
[----------] 1 test from HvfExecutor
[ RUN      ] HvfExecutor.NativeIntelCancellationAndCompletionFailureAllowRetry
[       OK ] HvfExecutor.NativeIntelCancellationAndCompletionFailureAllowRetry (182 ms)
[----------] 1 test from HvfExecutor (182 ms total)

[==========] 1 test from 1 test suite ran. (182 ms total)
[  PASSED  ] 1 test.

Repeating all tests (iteration 82) . . .

Note: Google Test filter = HvfExecutor.Native*
[==========] Running 1 test from 1 test suite.
[----------] 1 test from HvfExecutor
[ RUN      ] HvfExecutor.NativeIntelCancellationAndCompletionFailureAllowRetry
[       OK ] HvfExecutor.NativeIntelCancellationAndCompletionFailureAllowRetry (192 ms)
[----------] 1 test from HvfExecutor (192 ms total)

[==========] 1 test from 1 test suite ran. (192 ms total)
[  PASSED  ] 1 test.

Repeating all tests (iteration 83) . . .

Note: Google Test filter = HvfExecutor.Native*
[==========] Running 1 test from 1 test suite.
[----------] 1 test from HvfExecutor
[ RUN      ] HvfExecutor.NativeIntelCancellationAndCompletionFailureAllowRetry
[       OK ] HvfExecutor.NativeIntelCancellationAndCompletionFailureAllowRetry (158 ms)
[----------] 1 test from HvfExecutor (158 ms total)

[==========] 1 test from 1 test suite ran. (158 ms total)
[  PASSED  ] 1 test.

Repeating all tests (iteration 84) . . .

Note: Google Test filter = HvfExecutor.Native*
[==========] Running 1 test from 1 test suite.
[----------] 1 test from HvfExecutor
[ RUN      ] HvfExecutor.NativeIntelCancellationAndCompletionFailureAllowRetry
[       OK ] HvfExecutor.NativeIntelCancellationAndCompletionFailureAllowRetry (331 ms)
[----------] 1 test from HvfExecutor (331 ms total)

[==========] 1 test from 1 test suite ran. (331 ms total)
[  PASSED  ] 1 test.

Repeating all tests (iteration 85) . . .

Note: Google Test filter = HvfExecutor.Native*
[==========] Running 1 test from 1 test suite.
[----------] 1 test from HvfExecutor
[ RUN      ] HvfExecutor.NativeIntelCancellationAndCompletionFailureAllowRetry
[       OK ] HvfExecutor.NativeIntelCancellationAndCompletionFailureAllowRetry (264 ms)
[----------] 1 test from HvfExecutor (264 ms total)

[==========] 1 test from 1 test suite ran. (264 ms total)
[  PASSED  ] 1 test.

Repeating all tests (iteration 86) . . .

Note: Google Test filter = HvfExecutor.Native*
[==========] Running 1 test from 1 test suite.
[----------] 1 test from HvfExecutor
[ RUN      ] HvfExecutor.NativeIntelCancellationAndCompletionFailureAllowRetry
[       OK ] HvfExecutor.NativeIntelCancellationAndCompletionFailureAllowRetry (250 ms)
[----------] 1 test from HvfExecutor (250 ms total)

[==========] 1 test from 1 test suite ran. (250 ms total)
[  PASSED  ] 1 test.

Repeating all tests (iteration 87) . . .

Note: Google Test filter = HvfExecutor.Native*
[==========] Running 1 test from 1 test suite.
[----------] 1 test from HvfExecutor
[ RUN      ] HvfExecutor.NativeIntelCancellationAndCompletionFailureAllowRetry
[       OK ] HvfExecutor.NativeIntelCancellationAndCompletionFailureAllowRetry (299 ms)
[----------] 1 test from HvfExecutor (299 ms total)

[==========] 1 test from 1 test suite ran. (299 ms total)
[  PASSED  ] 1 test.

Repeating all tests (iteration 88) . . .

Note: Google Test filter = HvfExecutor.Native*
[==========] Running 1 test from 1 test suite.
[----------] 1 test from HvfExecutor
[ RUN      ] HvfExecutor.NativeIntelCancellationAndCompletionFailureAllowRetry
[       OK ] HvfExecutor.NativeIntelCancellationAndCompletionFailureAllowRetry (186 ms)
[----------] 1 test from HvfExecutor (186 ms total)

[==========] 1 test from 1 test suite ran. (186 ms total)
[  PASSED  ] 1 test.

Repeating all tests (iteration 89) . . .

Note: Google Test filter = HvfExecutor.Native*
[==========] Running 1 test from 1 test suite.
[----------] 1 test from HvfExecutor
[ RUN      ] HvfExecutor.NativeIntelCancellationAndCompletionFailureAllowRetry
[       OK ] HvfExecutor.NativeIntelCancellationAndCompletionFailureAllowRetry (278 ms)
[----------] 1 test from HvfExecutor (278 ms total)

[==========] 1 test from 1 test suite ran. (278 ms total)
[  PASSED  ] 1 test.

Repeating all tests (iteration 90) . . .

Note: Google Test filter = HvfExecutor.Native*
[==========] Running 1 test from 1 test suite.
[----------] 1 test from HvfExecutor
[ RUN      ] HvfExecutor.NativeIntelCancellationAndCompletionFailureAllowRetry
[       OK ] HvfExecutor.NativeIntelCancellationAndCompletionFailureAllowRetry (278 ms)
[----------] 1 test from HvfExecutor (278 ms total)

[==========] 1 test from 1 test suite ran. (278 ms total)
[  PASSED  ] 1 test.

Repeating all tests (iteration 91) . . .

Note: Google Test filter = HvfExecutor.Native*
[==========] Running 1 test from 1 test suite.
[----------] 1 test from HvfExecutor
[ RUN      ] HvfExecutor.NativeIntelCancellationAndCompletionFailureAllowRetry
[       OK ] HvfExecutor.NativeIntelCancellationAndCompletionFailureAllowRetry (165 ms)
[----------] 1 test from HvfExecutor (165 ms total)

[==========] 1 test from 1 test suite ran. (165 ms total)
[  PASSED  ] 1 test.

Repeating all tests (iteration 92) . . .

Note: Google Test filter = HvfExecutor.Native*
[==========] Running 1 test from 1 test suite.
[----------] 1 test from HvfExecutor
[ RUN      ] HvfExecutor.NativeIntelCancellationAndCompletionFailureAllowRetry
[       OK ] HvfExecutor.NativeIntelCancellationAndCompletionFailureAllowRetry (177 ms)
[----------] 1 test from HvfExecutor (177 ms total)

[==========] 1 test from 1 test suite ran. (177 ms total)
[  PASSED  ] 1 test.

Repeating all tests (iteration 93) . . .

Note: Google Test filter = HvfExecutor.Native*
[==========] Running 1 test from 1 test suite.
[----------] 1 test from HvfExecutor
[ RUN      ] HvfExecutor.NativeIntelCancellationAndCompletionFailureAllowRetry
[       OK ] HvfExecutor.NativeIntelCancellationAndCompletionFailureAllowRetry (155 ms)
[----------] 1 test from HvfExecutor (155 ms total)

[==========] 1 test from 1 test suite ran. (155 ms total)
[  PASSED  ] 1 test.

Repeating all tests (iteration 94) . . .

Note: Google Test filter = HvfExecutor.Native*
[==========] Running 1 test from 1 test suite.
[----------] 1 test from HvfExecutor
[ RUN      ] HvfExecutor.NativeIntelCancellationAndCompletionFailureAllowRetry
[       OK ] HvfExecutor.NativeIntelCancellationAndCompletionFailureAllowRetry (246 ms)
[----------] 1 test from HvfExecutor (247 ms total)

[==========] 1 test from 1 test suite ran. (247 ms total)
[  PASSED  ] 1 test.

Repeating all tests (iteration 95) . . .

Note: Google Test filter = HvfExecutor.Native*
[==========] Running 1 test from 1 test suite.
[----------] 1 test from HvfExecutor
[ RUN      ] HvfExecutor.NativeIntelCancellationAndCompletionFailureAllowRetry
[       OK ] HvfExecutor.NativeIntelCancellationAndCompletionFailureAllowRetry (298 ms)
[----------] 1 test from HvfExecutor (299 ms total)

[==========] 1 test from 1 test suite ran. (299 ms total)
[  PASSED  ] 1 test.

Repeating all tests (iteration 96) . . .

Note: Google Test filter = HvfExecutor.Native*
[==========] Running 1 test from 1 test suite.
[----------] 1 test from HvfExecutor
[ RUN      ] HvfExecutor.NativeIntelCancellationAndCompletionFailureAllowRetry
[       OK ] HvfExecutor.NativeIntelCancellationAndCompletionFailureAllowRetry (157 ms)
[----------] 1 test from HvfExecutor (157 ms total)

[==========] 1 test from 1 test suite ran. (157 ms total)
[  PASSED  ] 1 test.

Repeating all tests (iteration 97) . . .

Note: Google Test filter = HvfExecutor.Native*
[==========] Running 1 test from 1 test suite.
[----------] 1 test from HvfExecutor
[ RUN      ] HvfExecutor.NativeIntelCancellationAndCompletionFailureAllowRetry
[       OK ] HvfExecutor.NativeIntelCancellationAndCompletionFailureAllowRetry (407 ms)
[----------] 1 test from HvfExecutor (407 ms total)

[==========] 1 test from 1 test suite ran. (407 ms total)
[  PASSED  ] 1 test.

Repeating all tests (iteration 98) . . .

Note: Google Test filter = HvfExecutor.Native*
[==========] Running 1 test from 1 test suite.
[----------] 1 test from HvfExecutor
[ RUN      ] HvfExecutor.NativeIntelCancellationAndCompletionFailureAllowRetry
[       OK ] HvfExecutor.NativeIntelCancellationAndCompletionFailureAllowRetry (202 ms)
[----------] 1 test from HvfExecutor (202 ms total)

[==========] 1 test from 1 test suite ran. (202 ms total)
[  PASSED  ] 1 test.

Repeating all tests (iteration 99) . . .

Note: Google Test filter = HvfExecutor.Native*
[==========] Running 1 test from 1 test suite.
[----------] 1 test from HvfExecutor
[ RUN      ] HvfExecutor.NativeIntelCancellationAndCompletionFailureAllowRetry
[       OK ] HvfExecutor.NativeIntelCancellationAndCompletionFailureAllowRetry (331 ms)
[----------] 1 test from HvfExecutor (331 ms total)

[==========] 1 test from 1 test suite ran. (331 ms total)
[  PASSED  ] 1 test.

Repeating all tests (iteration 100) . . .

Note: Google Test filter = HvfExecutor.Native*
[==========] Running 1 test from 1 test suite.
[----------] 1 test from HvfExecutor
[ RUN      ] HvfExecutor.NativeIntelCancellationAndCompletionFailureAllowRetry
[       OK ] HvfExecutor.NativeIntelCancellationAndCompletionFailureAllowRetry (257 ms)
[----------] 1 test from HvfExecutor (257 ms total)

[==========] 1 test from 1 test suite ran. (257 ms total)
[  PASSED  ] 1 test.

Repeating all tests (iteration 101) . . .

Note: Google Test filter = HvfExecutor.Native*
[==========] Running 1 test from 1 test suite.
[----------] 1 test from HvfExecutor
[ RUN      ] HvfExecutor.NativeIntelCancellationAndCompletionFailureAllowRetry
[       OK ] HvfExecutor.NativeIntelCancellationAndCompletionFailureAllowRetry (517 ms)
[----------] 1 test from HvfExecutor (517 ms total)

[==========] 1 test from 1 test suite ran. (517 ms total)
[  PASSED  ] 1 test.

Repeating all tests (iteration 102) . . .

Note: Google Test filter = HvfExecutor.Native*
[==========] Running 1 test from 1 test suite.
[----------] 1 test from HvfExecutor
[ RUN      ] HvfExecutor.NativeIntelCancellationAndCompletionFailureAllowRetry
[       OK ] HvfExecutor.NativeIntelCancellationAndCompletionFailureAllowRetry (314 ms)
[----------] 1 test from HvfExecutor (314 ms total)

[==========] 1 test from 1 test suite ran. (314 ms total)
[  PASSED  ] 1 test.

Repeating all tests (iteration 103) . . .

Note: Google Test filter = HvfExecutor.Native*
[==========] Running 1 test from 1 test suite.
[----------] 1 test from HvfExecutor
[ RUN      ] HvfExecutor.NativeIntelCancellationAndCompletionFailureAllowRetry
[       OK ] HvfExecutor.NativeIntelCancellationAndCompletionFailureAllowRetry (564 ms)
[----------] 1 test from HvfExecutor (564 ms total)

[==========] 1 test from 1 test suite ran. (564 ms total)
[  PASSED  ] 1 test.

Repeating all tests (iteration 104) . . .

Note: Google Test filter = HvfExecutor.Native*
[==========] Running 1 test from 1 test suite.
[----------] 1 test from HvfExecutor
[ RUN      ] HvfExecutor.NativeIntelCancellationAndCompletionFailureAllowRetry
[       OK ] HvfExecutor.NativeIntelCancellationAndCompletionFailureAllowRetry (346 ms)
[----------] 1 test from HvfExecutor (346 ms total)

[==========] 1 test from 1 test suite ran. (346 ms total)
[  PASSED  ] 1 test.

Repeating all tests (iteration 105) . . .

Note: Google Test filter = HvfExecutor.Native*
[==========] Running 1 test from 1 test suite.
[----------] 1 test from HvfExecutor
[ RUN      ] HvfExecutor.NativeIntelCancellationAndCompletionFailureAllowRetry
[       OK ] HvfExecutor.NativeIntelCancellationAndCompletionFailureAllowRetry (232 ms)
[----------] 1 test from HvfExecutor (232 ms total)

[==========] 1 test from 1 test suite ran. (232 ms total)
[  PASSED  ] 1 test.

Repeating all tests (iteration 106) . . .

Note: Google Test filter = HvfExecutor.Native*
[==========] Running 1 test from 1 test suite.
[----------] 1 test from HvfExecutor
[ RUN      ] HvfExecutor.NativeIntelCancellationAndCompletionFailureAllowRetry
[       OK ] HvfExecutor.NativeIntelCancellationAndCompletionFailureAllowRetry (214 ms)
[----------] 1 test from HvfExecutor (214 ms total)

[==========] 1 test from 1 test suite ran. (214 ms total)
[  PASSED  ] 1 test.

Repeating all tests (iteration 107) . . .

Note: Google Test filter = HvfExecutor.Native*
[==========] Running 1 test from 1 test suite.
[----------] 1 test from HvfExecutor
[ RUN      ] HvfExecutor.NativeIntelCancellationAndCompletionFailureAllowRetry
[       OK ] HvfExecutor.NativeIntelCancellationAndCompletionFailureAllowRetry (184 ms)
[----------] 1 test from HvfExecutor (184 ms total)

[==========] 1 test from 1 test suite ran. (184 ms total)
[  PASSED  ] 1 test.

Repeating all tests (iteration 108) . . .

Note: Google Test filter = HvfExecutor.Native*
[==========] Running 1 test from 1 test suite.
[----------] 1 test from HvfExecutor
[ RUN      ] HvfExecutor.NativeIntelCancellationAndCompletionFailureAllowRetry
[       OK ] HvfExecutor.NativeIntelCancellationAndCompletionFailureAllowRetry (252 ms)
[----------] 1 test from HvfExecutor (252 ms total)

[==========] 1 test from 1 test suite ran. (252 ms total)
[  PASSED  ] 1 test.

Repeating all tests (iteration 109) . . .

Note: Google Test filter = HvfExecutor.Native*
[==========] Running 1 test from 1 test suite.
[----------] 1 test from HvfExecutor
[ RUN      ] HvfExecutor.NativeIntelCancellationAndCompletionFailureAllowRetry
[       OK ] HvfExecutor.NativeIntelCancellationAndCompletionFailureAllowRetry (287 ms)
[----------] 1 test from HvfExecutor (287 ms total)

[==========] 1 test from 1 test suite ran. (287 ms total)
[  PASSED  ] 1 test.

Repeating all tests (iteration 110) . . .

Note: Google Test filter = HvfExecutor.Native*
[==========] Running 1 test from 1 test suite.
[----------] 1 test from HvfExecutor
[ RUN      ] HvfExecutor.NativeIntelCancellationAndCompletionFailureAllowRetry
[       OK ] HvfExecutor.NativeIntelCancellationAndCompletionFailureAllowRetry (159 ms)
[----------] 1 test from HvfExecutor (159 ms total)

[==========] 1 test from 1 test suite ran. (159 ms total)
[  PASSED  ] 1 test.

Repeating all tests (iteration 111) . . .

Note: Google Test filter = HvfExecutor.Native*
[==========] Running 1 test from 1 test suite.
[----------] 1 test from HvfExecutor
[ RUN      ] HvfExecutor.NativeIntelCancellationAndCompletionFailureAllowRetry
[       OK ] HvfExecutor.NativeIntelCancellationAndCompletionFailureAllowRetry (366 ms)
[----------] 1 test from HvfExecutor (366 ms total)

[==========] 1 test from 1 test suite ran. (367 ms total)
[  PASSED  ] 1 test.

Repeating all tests (iteration 112) . . .

Note: Google Test filter = HvfExecutor.Native*
[==========] Running 1 test from 1 test suite.
[----------] 1 test from HvfExecutor
[ RUN      ] HvfExecutor.NativeIntelCancellationAndCompletionFailureAllowRetry
[       OK ] HvfExecutor.NativeIntelCancellationAndCompletionFailureAllowRetry (393 ms)
[----------] 1 test from HvfExecutor (393 ms total)

[==========] 1 test from 1 test suite ran. (393 ms total)
[  PASSED  ] 1 test.

Repeating all tests (iteration 113) . . .

Note: Google Test filter = HvfExecutor.Native*
[==========] Running 1 test from 1 test suite.
[----------] 1 test from HvfExecutor
[ RUN      ] HvfExecutor.NativeIntelCancellationAndCompletionFailureAllowRetry
[       OK ] HvfExecutor.NativeIntelCancellationAndCompletionFailureAllowRetry (357 ms)
[----------] 1 test from HvfExecutor (357 ms total)

[==========] 1 test from 1 test suite ran. (357 ms total)
[  PASSED  ] 1 test.

Repeating all tests (iteration 114) . . .

Note: Google Test filter = HvfExecutor.Native*
[==========] Running 1 test from 1 test suite.
[----------] 1 test from HvfExecutor
[ RUN      ] HvfExecutor.NativeIntelCancellationAndCompletionFailureAllowRetry
[       OK ] HvfExecutor.NativeIntelCancellationAndCompletionFailureAllowRetry (148 ms)
[----------] 1 test from HvfExecutor (148 ms total)

[==========] 1 test from 1 test suite ran. (148 ms total)
[  PASSED  ] 1 test.

Repeating all tests (iteration 115) . . .

Note: Google Test filter = HvfExecutor.Native*
[==========] Running 1 test from 1 test suite.
[----------] 1 test from HvfExecutor
[ RUN      ] HvfExecutor.NativeIntelCancellationAndCompletionFailureAllowRetry
[       OK ] HvfExecutor.NativeIntelCancellationAndCompletionFailureAllowRetry (296 ms)
[----------] 1 test from HvfExecutor (296 ms total)

[==========] 1 test from 1 test suite ran. (296 ms total)
[  PASSED  ] 1 test.

Repeating all tests (iteration 116) . . .

Note: Google Test filter = HvfExecutor.Native*
[==========] Running 1 test from 1 test suite.
[----------] 1 test from HvfExecutor
[ RUN      ] HvfExecutor.NativeIntelCancellationAndCompletionFailureAllowRetry
[       OK ] HvfExecutor.NativeIntelCancellationAndCompletionFailureAllowRetry (201 ms)
[----------] 1 test from HvfExecutor (201 ms total)

[==========] 1 test from 1 test suite ran. (201 ms total)
[  PASSED  ] 1 test.

Repeating all tests (iteration 117) . . .

Note: Google Test filter = HvfExecutor.Native*
[==========] Running 1 test from 1 test suite.
[----------] 1 test from HvfExecutor
[ RUN      ] HvfExecutor.NativeIntelCancellationAndCompletionFailureAllowRetry
[       OK ] HvfExecutor.NativeIntelCancellationAndCompletionFailureAllowRetry (133 ms)
[----------] 1 test from HvfExecutor (133 ms total)

[==========] 1 test from 1 test suite ran. (133 ms total)
[  PASSED  ] 1 test.

Repeating all tests (iteration 118) . . .

Note: Google Test filter = HvfExecutor.Native*
[==========] Running 1 test from 1 test suite.
[----------] 1 test from HvfExecutor
[ RUN      ] HvfExecutor.NativeIntelCancellationAndCompletionFailureAllowRetry
[       OK ] HvfExecutor.NativeIntelCancellationAndCompletionFailureAllowRetry (401 ms)
[----------] 1 test from HvfExecutor (401 ms total)

[==========] 1 test from 1 test suite ran. (402 ms total)
[  PASSED  ] 1 test.

Repeating all tests (iteration 119) . . .

Note: Google Test filter = HvfExecutor.Native*
[==========] Running 1 test from 1 test suite.
[----------] 1 test from HvfExecutor
[ RUN      ] HvfExecutor.NativeIntelCancellationAndCompletionFailureAllowRetry
[       OK ] HvfExecutor.NativeIntelCancellationAndCompletionFailureAllowRetry (298 ms)
[----------] 1 test from HvfExecutor (298 ms total)

[==========] 1 test from 1 test suite ran. (298 ms total)
[  PASSED  ] 1 test.

Repeating all tests (iteration 120) . . .

Note: Google Test filter = HvfExecutor.Native*
[==========] Running 1 test from 1 test suite.
[----------] 1 test from HvfExecutor
[ RUN      ] HvfExecutor.NativeIntelCancellationAndCompletionFailureAllowRetry
[       OK ] HvfExecutor.NativeIntelCancellationAndCompletionFailureAllowRetry (365 ms)
[----------] 1 test from HvfExecutor (365 ms total)

[==========] 1 test from 1 test suite ran. (365 ms total)
[  PASSED  ] 1 test.

Repeating all tests (iteration 121) . . .

Note: Google Test filter = HvfExecutor.Native*
[==========] Running 1 test from 1 test suite.
[----------] 1 test from HvfExecutor
[ RUN      ] HvfExecutor.NativeIntelCancellationAndCompletionFailureAllowRetry
[       OK ] HvfExecutor.NativeIntelCancellationAndCompletionFailureAllowRetry (278 ms)
[----------] 1 test from HvfExecutor (278 ms total)

[==========] 1 test from 1 test suite ran. (278 ms total)
[  PASSED  ] 1 test.

Repeating all tests (iteration 122) . . .

Note: Google Test filter = HvfExecutor.Native*
[==========] Running 1 test from 1 test suite.
[----------] 1 test from HvfExecutor
[ RUN      ] HvfExecutor.NativeIntelCancellationAndCompletionFailureAllowRetry
[       OK ] HvfExecutor.NativeIntelCancellationAndCompletionFailureAllowRetry (127 ms)
[----------] 1 test from HvfExecutor (127 ms total)

[==========] 1 test from 1 test suite ran. (127 ms total)
[  PASSED  ] 1 test.

Repeating all tests (iteration 123) . . .

Note: Google Test filter = HvfExecutor.Native*
[==========] Running 1 test from 1 test suite.
[----------] 1 test from HvfExecutor
[ RUN      ] HvfExecutor.NativeIntelCancellationAndCompletionFailureAllowRetry
[       OK ] HvfExecutor.NativeIntelCancellationAndCompletionFailureAllowRetry (151 ms)
[----------] 1 test from HvfExecutor (151 ms total)

[==========] 1 test from 1 test suite ran. (151 ms total)
[  PASSED  ] 1 test.

Repeating all tests (iteration 124) . . .

Note: Google Test filter = HvfExecutor.Native*
[==========] Running 1 test from 1 test suite.
[----------] 1 test from HvfExecutor
[ RUN      ] HvfExecutor.NativeIntelCancellationAndCompletionFailureAllowRetry
[       OK ] HvfExecutor.NativeIntelCancellationAndCompletionFailureAllowRetry (140 ms)
[----------] 1 test from HvfExecutor (140 ms total)

[==========] 1 test from 1 test suite ran. (140 ms total)
[  PASSED  ] 1 test.

Repeating all tests (iteration 125) . . .

Note: Google Test filter = HvfExecutor.Native*
[==========] Running 1 test from 1 test suite.
[----------] 1 test from HvfExecutor
[ RUN      ] HvfExecutor.NativeIntelCancellationAndCompletionFailureAllowRetry
[       OK ] HvfExecutor.NativeIntelCancellationAndCompletionFailureAllowRetry (263 ms)
[----------] 1 test from HvfExecutor (263 ms total)

[==========] 1 test from 1 test suite ran. (263 ms total)
[  PASSED  ] 1 test.

Repeating all tests (iteration 126) . . .

Note: Google Test filter = HvfExecutor.Native*
[==========] Running 1 test from 1 test suite.
[----------] 1 test from HvfExecutor
[ RUN      ] HvfExecutor.NativeIntelCancellationAndCompletionFailureAllowRetry
[       OK ] HvfExecutor.NativeIntelCancellationAndCompletionFailureAllowRetry (197 ms)
[----------] 1 test from HvfExecutor (197 ms total)

[==========] 1 test from 1 test suite ran. (197 ms total)
[  PASSED  ] 1 test.

Repeating all tests (iteration 127) . . .

Note: Google Test filter = HvfExecutor.Native*
[==========] Running 1 test from 1 test suite.
[----------] 1 test from HvfExecutor
[ RUN      ] HvfExecutor.NativeIntelCancellationAndCompletionFailureAllowRetry
[       OK ] HvfExecutor.NativeIntelCancellationAndCompletionFailureAllowRetry (174 ms)
[----------] 1 test from HvfExecutor (174 ms total)

[==========] 1 test from 1 test suite ran. (174 ms total)
[  PASSED  ] 1 test.

Repeating all tests (iteration 128) . . .

Note: Google Test filter = HvfExecutor.Native*
[==========] Running 1 test from 1 test suite.
[----------] 1 test from HvfExecutor
[ RUN      ] HvfExecutor.NativeIntelCancellationAndCompletionFailureAllowRetry
[       OK ] HvfExecutor.NativeIntelCancellationAndCompletionFailureAllowRetry (301 ms)
[----------] 1 test from HvfExecutor (301 ms total)

[==========] 1 test from 1 test suite ran. (301 ms total)
[  PASSED  ] 1 test.

Repeating all tests (iteration 129) . . .

Note: Google Test filter = HvfExecutor.Native*
[==========] Running 1 test from 1 test suite.
[----------] 1 test from HvfExecutor
[ RUN      ] HvfExecutor.NativeIntelCancellationAndCompletionFailureAllowRetry
[       OK ] HvfExecutor.NativeIntelCancellationAndCompletionFailureAllowRetry (393 ms)
[----------] 1 test from HvfExecutor (393 ms total)

[==========] 1 test from 1 test suite ran. (393 ms total)
[  PASSED  ] 1 test.

Repeating all tests (iteration 130) . . .

Note: Google Test filter = HvfExecutor.Native*
[==========] Running 1 test from 1 test suite.
[----------] 1 test from HvfExecutor
[ RUN      ] HvfExecutor.NativeIntelCancellationAndCompletionFailureAllowRetry
[       OK ] HvfExecutor.NativeIntelCancellationAndCompletionFailureAllowRetry (393 ms)
[----------] 1 test from HvfExecutor (393 ms total)

[==========] 1 test from 1 test suite ran. (394 ms total)
[  PASSED  ] 1 test.

Repeating all tests (iteration 131) . . .

Note: Google Test filter = HvfExecutor.Native*
[==========] Running 1 test from 1 test suite.
[----------] 1 test from HvfExecutor
[ RUN      ] HvfExecutor.NativeIntelCancellationAndCompletionFailureAllowRetry
[       OK ] HvfExecutor.NativeIntelCancellationAndCompletionFailureAllowRetry (221 ms)
[----------] 1 test from HvfExecutor (221 ms total)

[==========] 1 test from 1 test suite ran. (221 ms total)
[  PASSED  ] 1 test.

Repeating all tests (iteration 132) . . .

Note: Google Test filter = HvfExecutor.Native*
[==========] Running 1 test from 1 test suite.
[----------] 1 test from HvfExecutor
[ RUN      ] HvfExecutor.NativeIntelCancellationAndCompletionFailureAllowRetry
[       OK ] HvfExecutor.NativeIntelCancellationAndCompletionFailureAllowRetry (260 ms)
[----------] 1 test from HvfExecutor (260 ms total)

[==========] 1 test from 1 test suite ran. (260 ms total)
[  PASSED  ] 1 test.

Repeating all tests (iteration 133) . . .

Note: Google Test filter = HvfExecutor.Native*
[==========] Running 1 test from 1 test suite.
[----------] 1 test from HvfExecutor
[ RUN      ] HvfExecutor.NativeIntelCancellationAndCompletionFailureAllowRetry
[       OK ] HvfExecutor.NativeIntelCancellationAndCompletionFailureAllowRetry (219 ms)
[----------] 1 test from HvfExecutor (219 ms total)

[==========] 1 test from 1 test suite ran. (219 ms total)
[  PASSED  ] 1 test.

Repeating all tests (iteration 134) . . .

Note: Google Test filter = HvfExecutor.Native*
[==========] Running 1 test from 1 test suite.
[----------] 1 test from HvfExecutor
[ RUN      ] HvfExecutor.NativeIntelCancellationAndCompletionFailureAllowRetry
[       OK ] HvfExecutor.NativeIntelCancellationAndCompletionFailureAllowRetry (318 ms)
[----------] 1 test from HvfExecutor (318 ms total)

[==========] 1 test from 1 test suite ran. (318 ms total)
[  PASSED  ] 1 test.

Repeating all tests (iteration 135) . . .

Note: Google Test filter = HvfExecutor.Native*
[==========] Running 1 test from 1 test suite.
[----------] 1 test from HvfExecutor
[ RUN      ] HvfExecutor.NativeIntelCancellationAndCompletionFailureAllowRetry
[       OK ] HvfExecutor.NativeIntelCancellationAndCompletionFailureAllowRetry (243 ms)
[----------] 1 test from HvfExecutor (243 ms total)

[==========] 1 test from 1 test suite ran. (243 ms total)
[  PASSED  ] 1 test.

Repeating all tests (iteration 136) . . .

Note: Google Test filter = HvfExecutor.Native*
[==========] Running 1 test from 1 test suite.
[----------] 1 test from HvfExecutor
[ RUN      ] HvfExecutor.NativeIntelCancellationAndCompletionFailureAllowRetry
[       OK ] HvfExecutor.NativeIntelCancellationAndCompletionFailureAllowRetry (327 ms)
[----------] 1 test from HvfExecutor (327 ms total)

[==========] 1 test from 1 test suite ran. (327 ms total)
[  PASSED  ] 1 test.

Repeating all tests (iteration 137) . . .

Note: Google Test filter = HvfExecutor.Native*
[==========] Running 1 test from 1 test suite.
[----------] 1 test from HvfExecutor
[ RUN      ] HvfExecutor.NativeIntelCancellationAndCompletionFailureAllowRetry
[       OK ] HvfExecutor.NativeIntelCancellationAndCompletionFailureAllowRetry (248 ms)
[----------] 1 test from HvfExecutor (248 ms total)

[==========] 1 test from 1 test suite ran. (248 ms total)
[  PASSED  ] 1 test.

Repeating all tests (iteration 138) . . .

Note: Google Test filter = HvfExecutor.Native*
[==========] Running 1 test from 1 test suite.
[----------] 1 test from HvfExecutor
[ RUN      ] HvfExecutor.NativeIntelCancellationAndCompletionFailureAllowRetry
[       OK ] HvfExecutor.NativeIntelCancellationAndCompletionFailureAllowRetry (366 ms)
[----------] 1 test from HvfExecutor (366 ms total)

[==========] 1 test from 1 test suite ran. (366 ms total)
[  PASSED  ] 1 test.

Repeating all tests (iteration 139) . . .

Note: Google Test filter = HvfExecutor.Native*
[==========] Running 1 test from 1 test suite.
[----------] 1 test from HvfExecutor
[ RUN      ] HvfExecutor.NativeIntelCancellationAndCompletionFailureAllowRetry
[       OK ] HvfExecutor.NativeIntelCancellationAndCompletionFailureAllowRetry (303 ms)
[----------] 1 test from HvfExecutor (303 ms total)

[==========] 1 test from 1 test suite ran. (303 ms total)
[  PASSED  ] 1 test.

Repeating all tests (iteration 140) . . .

Note: Google Test filter = HvfExecutor.Native*
[==========] Running 1 test from 1 test suite.
[----------] 1 test from HvfExecutor
[ RUN      ] HvfExecutor.NativeIntelCancellationAndCompletionFailureAllowRetry
[       OK ] HvfExecutor.NativeIntelCancellationAndCompletionFailureAllowRetry (225 ms)
[----------] 1 test from HvfExecutor (225 ms total)

[==========] 1 test from 1 test suite ran. (225 ms total)
[  PASSED  ] 1 test.

Repeating all tests (iteration 141) . . .

Note: Google Test filter = HvfExecutor.Native*
[==========] Running 1 test from 1 test suite.
[----------] 1 test from HvfExecutor
[ RUN      ] HvfExecutor.NativeIntelCancellationAndCompletionFailureAllowRetry
[       OK ] HvfExecutor.NativeIntelCancellationAndCompletionFailureAllowRetry (363 ms)
[----------] 1 test from HvfExecutor (363 ms total)

[==========] 1 test from 1 test suite ran. (363 ms total)
[  PASSED  ] 1 test.

Repeating all tests (iteration 142) . . .

Note: Google Test filter = HvfExecutor.Native*
[==========] Running 1 test from 1 test suite.
[----------] 1 test from HvfExecutor
[ RUN      ] HvfExecutor.NativeIntelCancellationAndCompletionFailureAllowRetry
[       OK ] HvfExecutor.NativeIntelCancellationAndCompletionFailureAllowRetry (126 ms)
[----------] 1 test from HvfExecutor (126 ms total)

[==========] 1 test from 1 test suite ran. (126 ms total)
[  PASSED  ] 1 test.

Repeating all tests (iteration 143) . . .

Note: Google Test filter = HvfExecutor.Native*
[==========] Running 1 test from 1 test suite.
[----------] 1 test from HvfExecutor
[ RUN      ] HvfExecutor.NativeIntelCancellationAndCompletionFailureAllowRetry
[       OK ] HvfExecutor.NativeIntelCancellationAndCompletionFailureAllowRetry (253 ms)
[----------] 1 test from HvfExecutor (253 ms total)

[==========] 1 test from 1 test suite ran. (253 ms total)
[  PASSED  ] 1 test.

Repeating all tests (iteration 144) . . .

Note: Google Test filter = HvfExecutor.Native*
[==========] Running 1 test from 1 test suite.
[----------] 1 test from HvfExecutor
[ RUN      ] HvfExecutor.NativeIntelCancellationAndCompletionFailureAllowRetry
[       OK ] HvfExecutor.NativeIntelCancellationAndCompletionFailureAllowRetry (235 ms)
[----------] 1 test from HvfExecutor (235 ms total)

[==========] 1 test from 1 test suite ran. (235 ms total)
[  PASSED  ] 1 test.

Repeating all tests (iteration 145) . . .

Note: Google Test filter = HvfExecutor.Native*
[==========] Running 1 test from 1 test suite.
[----------] 1 test from HvfExecutor
[ RUN      ] HvfExecutor.NativeIntelCancellationAndCompletionFailureAllowRetry
[       OK ] HvfExecutor.NativeIntelCancellationAndCompletionFailureAllowRetry (418 ms)
[----------] 1 test from HvfExecutor (418 ms total)

[==========] 1 test from 1 test suite ran. (418 ms total)
[  PASSED  ] 1 test.

Repeating all tests (iteration 146) . . .

Note: Google Test filter = HvfExecutor.Native*
[==========] Running 1 test from 1 test suite.
[----------] 1 test from HvfExecutor
[ RUN      ] HvfExecutor.NativeIntelCancellationAndCompletionFailureAllowRetry
[       OK ] HvfExecutor.NativeIntelCancellationAndCompletionFailureAllowRetry (143 ms)
[----------] 1 test from HvfExecutor (143 ms total)

[==========] 1 test from 1 test suite ran. (143 ms total)
[  PASSED  ] 1 test.

Repeating all tests (iteration 147) . . .

Note: Google Test filter = HvfExecutor.Native*
[==========] Running 1 test from 1 test suite.
[----------] 1 test from HvfExecutor
[ RUN      ] HvfExecutor.NativeIntelCancellationAndCompletionFailureAllowRetry
[       OK ] HvfExecutor.NativeIntelCancellationAndCompletionFailureAllowRetry (229 ms)
[----------] 1 test from HvfExecutor (229 ms total)

[==========] 1 test from 1 test suite ran. (229 ms total)
[  PASSED  ] 1 test.

Repeating all tests (iteration 148) . . .

Note: Google Test filter = HvfExecutor.Native*
[==========] Running 1 test from 1 test suite.
[----------] 1 test from HvfExecutor
[ RUN      ] HvfExecutor.NativeIntelCancellationAndCompletionFailureAllowRetry
[       OK ] HvfExecutor.NativeIntelCancellationAndCompletionFailureAllowRetry (318 ms)
[----------] 1 test from HvfExecutor (318 ms total)

[==========] 1 test from 1 test suite ran. (318 ms total)
[  PASSED  ] 1 test.

Repeating all tests (iteration 149) . . .

Note: Google Test filter = HvfExecutor.Native*
[==========] Running 1 test from 1 test suite.
[----------] 1 test from HvfExecutor
[ RUN      ] HvfExecutor.NativeIntelCancellationAndCompletionFailureAllowRetry
[       OK ] HvfExecutor.NativeIntelCancellationAndCompletionFailureAllowRetry (262 ms)
[----------] 1 test from HvfExecutor (262 ms total)

[==========] 1 test from 1 test suite ran. (262 ms total)
[  PASSED  ] 1 test.

Repeating all tests (iteration 150) . . .

Note: Google Test filter = HvfExecutor.Native*
[==========] Running 1 test from 1 test suite.
[----------] 1 test from HvfExecutor
[ RUN      ] HvfExecutor.NativeIntelCancellationAndCompletionFailureAllowRetry
[       OK ] HvfExecutor.NativeIntelCancellationAndCompletionFailureAllowRetry (164 ms)
[----------] 1 test from HvfExecutor (164 ms total)

[==========] 1 test from 1 test suite ran. (164 ms total)
[  PASSED  ] 1 test.

Repeating all tests (iteration 151) . . .

Note: Google Test filter = HvfExecutor.Native*
[==========] Running 1 test from 1 test suite.
[----------] 1 test from HvfExecutor
[ RUN      ] HvfExecutor.NativeIntelCancellationAndCompletionFailureAllowRetry
[       OK ] HvfExecutor.NativeIntelCancellationAndCompletionFailureAllowRetry (323 ms)
[----------] 1 test from HvfExecutor (323 ms total)

[==========] 1 test from 1 test suite ran. (323 ms total)
[  PASSED  ] 1 test.

Repeating all tests (iteration 152) . . .

Note: Google Test filter = HvfExecutor.Native*
[==========] Running 1 test from 1 test suite.
[----------] 1 test from HvfExecutor
[ RUN      ] HvfExecutor.NativeIntelCancellationAndCompletionFailureAllowRetry
[       OK ] HvfExecutor.NativeIntelCancellationAndCompletionFailureAllowRetry (294 ms)
[----------] 1 test from HvfExecutor (294 ms total)

[==========] 1 test from 1 test suite ran. (294 ms total)
[  PASSED  ] 1 test.

Repeating all tests (iteration 153) . . .

Note: Google Test filter = HvfExecutor.Native*
[==========] Running 1 test from 1 test suite.
[----------] 1 test from HvfExecutor
[ RUN      ] HvfExecutor.NativeIntelCancellationAndCompletionFailureAllowRetry
[       OK ] HvfExecutor.NativeIntelCancellationAndCompletionFailureAllowRetry (345 ms)
[----------] 1 test from HvfExecutor (345 ms total)

[==========] 1 test from 1 test suite ran. (345 ms total)
[  PASSED  ] 1 test.

Repeating all tests (iteration 154) . . .

Note: Google Test filter = HvfExecutor.Native*
[==========] Running 1 test from 1 test suite.
[----------] 1 test from HvfExecutor
[ RUN      ] HvfExecutor.NativeIntelCancellationAndCompletionFailureAllowRetry
[       OK ] HvfExecutor.NativeIntelCancellationAndCompletionFailureAllowRetry (235 ms)
[----------] 1 test from HvfExecutor (236 ms total)

[==========] 1 test from 1 test suite ran. (236 ms total)
[  PASSED  ] 1 test.

Repeating all tests (iteration 155) . . .

Note: Google Test filter = HvfExecutor.Native*
[==========] Running 1 test from 1 test suite.
[----------] 1 test from HvfExecutor
[ RUN      ] HvfExecutor.NativeIntelCancellationAndCompletionFailureAllowRetry
[       OK ] HvfExecutor.NativeIntelCancellationAndCompletionFailureAllowRetry (437 ms)
[----------] 1 test from HvfExecutor (437 ms total)

[==========] 1 test from 1 test suite ran. (437 ms total)
[  PASSED  ] 1 test.

Repeating all tests (iteration 156) . . .

Note: Google Test filter = HvfExecutor.Native*
[==========] Running 1 test from 1 test suite.
[----------] 1 test from HvfExecutor
[ RUN      ] HvfExecutor.NativeIntelCancellationAndCompletionFailureAllowRetry
[       OK ] HvfExecutor.NativeIntelCancellationAndCompletionFailureAllowRetry (407 ms)
[----------] 1 test from HvfExecutor (407 ms total)

[==========] 1 test from 1 test suite ran. (407 ms total)
[  PASSED  ] 1 test.

Repeating all tests (iteration 157) . . .

Note: Google Test filter = HvfExecutor.Native*
[==========] Running 1 test from 1 test suite.
[----------] 1 test from HvfExecutor
[ RUN      ] HvfExecutor.NativeIntelCancellationAndCompletionFailureAllowRetry
[       OK ] HvfExecutor.NativeIntelCancellationAndCompletionFailureAllowRetry (619 ms)
[----------] 1 test from HvfExecutor (619 ms total)

[==========] 1 test from 1 test suite ran. (619 ms total)
[  PASSED  ] 1 test.

Repeating all tests (iteration 158) . . .

Note: Google Test filter = HvfExecutor.Native*
[==========] Running 1 test from 1 test suite.
[----------] 1 test from HvfExecutor
[ RUN      ] HvfExecutor.NativeIntelCancellationAndCompletionFailureAllowRetry
[       OK ] HvfExecutor.NativeIntelCancellationAndCompletionFailureAllowRetry (291 ms)
[----------] 1 test from HvfExecutor (292 ms total)

[==========] 1 test from 1 test suite ran. (292 ms total)
[  PASSED  ] 1 test.

Repeating all tests (iteration 159) . . .

Note: Google Test filter = HvfExecutor.Native*
[==========] Running 1 test from 1 test suite.
[----------] 1 test from HvfExecutor
[ RUN      ] HvfExecutor.NativeIntelCancellationAndCompletionFailureAllowRetry
[       OK ] HvfExecutor.NativeIntelCancellationAndCompletionFailureAllowRetry (181 ms)
[----------] 1 test from HvfExecutor (181 ms total)

[==========] 1 test from 1 test suite ran. (181 ms total)
[  PASSED  ] 1 test.

Repeating all tests (iteration 160) . . .

Note: Google Test filter = HvfExecutor.Native*
[==========] Running 1 test from 1 test suite.
[----------] 1 test from HvfExecutor
[ RUN      ] HvfExecutor.NativeIntelCancellationAndCompletionFailureAllowRetry
[       OK ] HvfExecutor.NativeIntelCancellationAndCompletionFailureAllowRetry (258 ms)
[----------] 1 test from HvfExecutor (258 ms total)

[==========] 1 test from 1 test suite ran. (258 ms total)
[  PASSED  ] 1 test.

Repeating all tests (iteration 161) . . .

Note: Google Test filter = HvfExecutor.Native*
[==========] Running 1 test from 1 test suite.
[----------] 1 test from HvfExecutor
[ RUN      ] HvfExecutor.NativeIntelCancellationAndCompletionFailureAllowRetry
[       OK ] HvfExecutor.NativeIntelCancellationAndCompletionFailureAllowRetry (312 ms)
[----------] 1 test from HvfExecutor (312 ms total)

[==========] 1 test from 1 test suite ran. (312 ms total)
[  PASSED  ] 1 test.

Repeating all tests (iteration 162) . . .

Note: Google Test filter = HvfExecutor.Native*
[==========] Running 1 test from 1 test suite.
[----------] 1 test from HvfExecutor
[ RUN      ] HvfExecutor.NativeIntelCancellationAndCompletionFailureAllowRetry
[       OK ] HvfExecutor.NativeIntelCancellationAndCompletionFailureAllowRetry (269 ms)
[----------] 1 test from HvfExecutor (269 ms total)

[==========] 1 test from 1 test suite ran. (269 ms total)
[  PASSED  ] 1 test.

Repeating all tests (iteration 163) . . .

Note: Google Test filter = HvfExecutor.Native*
[==========] Running 1 test from 1 test suite.
[----------] 1 test from HvfExecutor
[ RUN      ] HvfExecutor.NativeIntelCancellationAndCompletionFailureAllowRetry
[       OK ] HvfExecutor.NativeIntelCancellationAndCompletionFailureAllowRetry (208 ms)
[----------] 1 test from HvfExecutor (208 ms total)

[==========] 1 test from 1 test suite ran. (209 ms total)
[  PASSED  ] 1 test.

Repeating all tests (iteration 164) . . .

Note: Google Test filter = HvfExecutor.Native*
[==========] Running 1 test from 1 test suite.
[----------] 1 test from HvfExecutor
[ RUN      ] HvfExecutor.NativeIntelCancellationAndCompletionFailureAllowRetry
[       OK ] HvfExecutor.NativeIntelCancellationAndCompletionFailureAllowRetry (370 ms)
[----------] 1 test from HvfExecutor (370 ms total)

[==========] 1 test from 1 test suite ran. (371 ms total)
[  PASSED  ] 1 test.

Repeating all tests (iteration 165) . . .

Note: Google Test filter = HvfExecutor.Native*
[==========] Running 1 test from 1 test suite.
[----------] 1 test from HvfExecutor
[ RUN      ] HvfExecutor.NativeIntelCancellationAndCompletionFailureAllowRetry
[       OK ] HvfExecutor.NativeIntelCancellationAndCompletionFailureAllowRetry (201 ms)
[----------] 1 test from HvfExecutor (201 ms total)

[==========] 1 test from 1 test suite ran. (201 ms total)
[  PASSED  ] 1 test.

Repeating all tests (iteration 166) . . .

Note: Google Test filter = HvfExecutor.Native*
[==========] Running 1 test from 1 test suite.
[----------] 1 test from HvfExecutor
[ RUN      ] HvfExecutor.NativeIntelCancellationAndCompletionFailureAllowRetry
[       OK ] HvfExecutor.NativeIntelCancellationAndCompletionFailureAllowRetry (193 ms)
[----------] 1 test from HvfExecutor (193 ms total)

[==========] 1 test from 1 test suite ran. (193 ms total)
[  PASSED  ] 1 test.

Repeating all tests (iteration 167) . . .

Note: Google Test filter = HvfExecutor.Native*
[==========] Running 1 test from 1 test suite.
[----------] 1 test from HvfExecutor
[ RUN      ] HvfExecutor.NativeIntelCancellationAndCompletionFailureAllowRetry
[       OK ] HvfExecutor.NativeIntelCancellationAndCompletionFailureAllowRetry (236 ms)
[----------] 1 test from HvfExecutor (236 ms total)

[==========] 1 test from 1 test suite ran. (236 ms total)
[  PASSED  ] 1 test.

Repeating all tests (iteration 168) . . .

Note: Google Test filter = HvfExecutor.Native*
[==========] Running 1 test from 1 test suite.
[----------] 1 test from HvfExecutor
[ RUN      ] HvfExecutor.NativeIntelCancellationAndCompletionFailureAllowRetry
[       OK ] HvfExecutor.NativeIntelCancellationAndCompletionFailureAllowRetry (296 ms)
[----------] 1 test from HvfExecutor (296 ms total)

[==========] 1 test from 1 test suite ran. (296 ms total)
[  PASSED  ] 1 test.

Repeating all tests (iteration 169) . . .

Note: Google Test filter = HvfExecutor.Native*
[==========] Running 1 test from 1 test suite.
[----------] 1 test from HvfExecutor
[ RUN      ] HvfExecutor.NativeIntelCancellationAndCompletionFailureAllowRetry
[       OK ] HvfExecutor.NativeIntelCancellationAndCompletionFailureAllowRetry (368 ms)
[----------] 1 test from HvfExecutor (368 ms total)

[==========] 1 test from 1 test suite ran. (368 ms total)
[  PASSED  ] 1 test.

Repeating all tests (iteration 170) . . .

Note: Google Test filter = HvfExecutor.Native*
[==========] Running 1 test from 1 test suite.
[----------] 1 test from HvfExecutor
[ RUN      ] HvfExecutor.NativeIntelCancellationAndCompletionFailureAllowRetry
[       OK ] HvfExecutor.NativeIntelCancellationAndCompletionFailureAllowRetry (131 ms)
[----------] 1 test from HvfExecutor (131 ms total)

[==========] 1 test from 1 test suite ran. (131 ms total)
[  PASSED  ] 1 test.

Repeating all tests (iteration 171) . . .

Note: Google Test filter = HvfExecutor.Native*
[==========] Running 1 test from 1 test suite.
[----------] 1 test from HvfExecutor
[ RUN      ] HvfExecutor.NativeIntelCancellationAndCompletionFailureAllowRetry
[       OK ] HvfExecutor.NativeIntelCancellationAndCompletionFailureAllowRetry (207 ms)
[----------] 1 test from HvfExecutor (207 ms total)

[==========] 1 test from 1 test suite ran. (207 ms total)
[  PASSED  ] 1 test.

Repeating all tests (iteration 172) . . .

Note: Google Test filter = HvfExecutor.Native*
[==========] Running 1 test from 1 test suite.
[----------] 1 test from HvfExecutor
[ RUN      ] HvfExecutor.NativeIntelCancellationAndCompletionFailureAllowRetry
[       OK ] HvfExecutor.NativeIntelCancellationAndCompletionFailureAllowRetry (249 ms)
[----------] 1 test from HvfExecutor (249 ms total)

[==========] 1 test from 1 test suite ran. (249 ms total)
[  PASSED  ] 1 test.

Repeating all tests (iteration 173) . . .

Note: Google Test filter = HvfExecutor.Native*
[==========] Running 1 test from 1 test suite.
[----------] 1 test from HvfExecutor
[ RUN      ] HvfExecutor.NativeIntelCancellationAndCompletionFailureAllowRetry
[       OK ] HvfExecutor.NativeIntelCancellationAndCompletionFailureAllowRetry (277 ms)
[----------] 1 test from HvfExecutor (277 ms total)

[==========] 1 test from 1 test suite ran. (277 ms total)
[  PASSED  ] 1 test.

Repeating all tests (iteration 174) . . .

Note: Google Test filter = HvfExecutor.Native*
[==========] Running 1 test from 1 test suite.
[----------] 1 test from HvfExecutor
[ RUN      ] HvfExecutor.NativeIntelCancellationAndCompletionFailureAllowRetry
[       OK ] HvfExecutor.NativeIntelCancellationAndCompletionFailureAllowRetry (188 ms)
[----------] 1 test from HvfExecutor (188 ms total)

[==========] 1 test from 1 test suite ran. (188 ms total)
[  PASSED  ] 1 test.

Repeating all tests (iteration 175) . . .

Note: Google Test filter = HvfExecutor.Native*
[==========] Running 1 test from 1 test suite.
[----------] 1 test from HvfExecutor
[ RUN      ] HvfExecutor.NativeIntelCancellationAndCompletionFailureAllowRetry
[       OK ] HvfExecutor.NativeIntelCancellationAndCompletionFailureAllowRetry (286 ms)
[----------] 1 test from HvfExecutor (286 ms total)

[==========] 1 test from 1 test suite ran. (286 ms total)
[  PASSED  ] 1 test.

Repeating all tests (iteration 176) . . .

Note: Google Test filter = HvfExecutor.Native*
[==========] Running 1 test from 1 test suite.
[----------] 1 test from HvfExecutor
[ RUN      ] HvfExecutor.NativeIntelCancellationAndCompletionFailureAllowRetry
[       OK ] HvfExecutor.NativeIntelCancellationAndCompletionFailureAllowRetry (289 ms)
[----------] 1 test from HvfExecutor (289 ms total)

[==========] 1 test from 1 test suite ran. (289 ms total)
[  PASSED  ] 1 test.

Repeating all tests (iteration 177) . . .

Note: Google Test filter = HvfExecutor.Native*
[==========] Running 1 test from 1 test suite.
[----------] 1 test from HvfExecutor
[ RUN      ] HvfExecutor.NativeIntelCancellationAndCompletionFailureAllowRetry
[       OK ] HvfExecutor.NativeIntelCancellationAndCompletionFailureAllowRetry (365 ms)
[----------] 1 test from HvfExecutor (365 ms total)

[==========] 1 test from 1 test suite ran. (366 ms total)
[  PASSED  ] 1 test.

Repeating all tests (iteration 178) . . .

Note: Google Test filter = HvfExecutor.Native*
[==========] Running 1 test from 1 test suite.
[----------] 1 test from HvfExecutor
[ RUN      ] HvfExecutor.NativeIntelCancellationAndCompletionFailureAllowRetry
[       OK ] HvfExecutor.NativeIntelCancellationAndCompletionFailureAllowRetry (342 ms)
[----------] 1 test from HvfExecutor (342 ms total)

[==========] 1 test from 1 test suite ran. (342 ms total)
[  PASSED  ] 1 test.

Repeating all tests (iteration 179) . . .

Note: Google Test filter = HvfExecutor.Native*
[==========] Running 1 test from 1 test suite.
[----------] 1 test from HvfExecutor
[ RUN      ] HvfExecutor.NativeIntelCancellationAndCompletionFailureAllowRetry
[       OK ] HvfExecutor.NativeIntelCancellationAndCompletionFailureAllowRetry (236 ms)
[----------] 1 test from HvfExecutor (236 ms total)

[==========] 1 test from 1 test suite ran. (236 ms total)
[  PASSED  ] 1 test.

Repeating all tests (iteration 180) . . .

Note: Google Test filter = HvfExecutor.Native*
[==========] Running 1 test from 1 test suite.
[----------] 1 test from HvfExecutor
[ RUN      ] HvfExecutor.NativeIntelCancellationAndCompletionFailureAllowRetry
[       OK ] HvfExecutor.NativeIntelCancellationAndCompletionFailureAllowRetry (151 ms)
[----------] 1 test from HvfExecutor (151 ms total)

[==========] 1 test from 1 test suite ran. (151 ms total)
[  PASSED  ] 1 test.

Repeating all tests (iteration 181) . . .

Note: Google Test filter = HvfExecutor.Native*
[==========] Running 1 test from 1 test suite.
[----------] 1 test from HvfExecutor
[ RUN      ] HvfExecutor.NativeIntelCancellationAndCompletionFailureAllowRetry
[       OK ] HvfExecutor.NativeIntelCancellationAndCompletionFailureAllowRetry (268 ms)
[----------] 1 test from HvfExecutor (268 ms total)

[==========] 1 test from 1 test suite ran. (268 ms total)
[  PASSED  ] 1 test.

Repeating all tests (iteration 182) . . .

Note: Google Test filter = HvfExecutor.Native*
[==========] Running 1 test from 1 test suite.
[----------] 1 test from HvfExecutor
[ RUN      ] HvfExecutor.NativeIntelCancellationAndCompletionFailureAllowRetry
[       OK ] HvfExecutor.NativeIntelCancellationAndCompletionFailureAllowRetry (368 ms)
[----------] 1 test from HvfExecutor (369 ms total)

[==========] 1 test from 1 test suite ran. (369 ms total)
[  PASSED  ] 1 test.

Repeating all tests (iteration 183) . . .

Note: Google Test filter = HvfExecutor.Native*
[==========] Running 1 test from 1 test suite.
[----------] 1 test from HvfExecutor
[ RUN      ] HvfExecutor.NativeIntelCancellationAndCompletionFailureAllowRetry
[       OK ] HvfExecutor.NativeIntelCancellationAndCompletionFailureAllowRetry (291 ms)
[----------] 1 test from HvfExecutor (291 ms total)

[==========] 1 test from 1 test suite ran. (291 ms total)
[  PASSED  ] 1 test.

Repeating all tests (iteration 184) . . .

Note: Google Test filter = HvfExecutor.Native*
[==========] Running 1 test from 1 test suite.
[----------] 1 test from HvfExecutor
[ RUN      ] HvfExecutor.NativeIntelCancellationAndCompletionFailureAllowRetry
[       OK ] HvfExecutor.NativeIntelCancellationAndCompletionFailureAllowRetry (151 ms)
[----------] 1 test from HvfExecutor (151 ms total)

[==========] 1 test from 1 test suite ran. (151 ms total)
[  PASSED  ] 1 test.

Repeating all tests (iteration 185) . . .

Note: Google Test filter = HvfExecutor.Native*
[==========] Running 1 test from 1 test suite.
[----------] 1 test from HvfExecutor
[ RUN      ] HvfExecutor.NativeIntelCancellationAndCompletionFailureAllowRetry
[       OK ] HvfExecutor.NativeIntelCancellationAndCompletionFailureAllowRetry (322 ms)
[----------] 1 test from HvfExecutor (322 ms total)

[==========] 1 test from 1 test suite ran. (322 ms total)
[  PASSED  ] 1 test.

Repeating all tests (iteration 186) . . .

Note: Google Test filter = HvfExecutor.Native*
[==========] Running 1 test from 1 test suite.
[----------] 1 test from HvfExecutor
[ RUN      ] HvfExecutor.NativeIntelCancellationAndCompletionFailureAllowRetry
[       OK ] HvfExecutor.NativeIntelCancellationAndCompletionFailureAllowRetry (255 ms)
[----------] 1 test from HvfExecutor (255 ms total)

[==========] 1 test from 1 test suite ran. (255 ms total)
[  PASSED  ] 1 test.

Repeating all tests (iteration 187) . . .

Note: Google Test filter = HvfExecutor.Native*
[==========] Running 1 test from 1 test suite.
[----------] 1 test from HvfExecutor
[ RUN      ] HvfExecutor.NativeIntelCancellationAndCompletionFailureAllowRetry
[       OK ] HvfExecutor.NativeIntelCancellationAndCompletionFailureAllowRetry (278 ms)
[----------] 1 test from HvfExecutor (278 ms total)

[==========] 1 test from 1 test suite ran. (278 ms total)
[  PASSED  ] 1 test.

Repeating all tests (iteration 188) . . .

Note: Google Test filter = HvfExecutor.Native*
[==========] Running 1 test from 1 test suite.
[----------] 1 test from HvfExecutor
[ RUN      ] HvfExecutor.NativeIntelCancellationAndCompletionFailureAllowRetry
[       OK ] HvfExecutor.NativeIntelCancellationAndCompletionFailureAllowRetry (170 ms)
[----------] 1 test from HvfExecutor (170 ms total)

[==========] 1 test from 1 test suite ran. (170 ms total)
[  PASSED  ] 1 test.

Repeating all tests (iteration 189) . . .

Note: Google Test filter = HvfExecutor.Native*
[==========] Running 1 test from 1 test suite.
[----------] 1 test from HvfExecutor
[ RUN      ] HvfExecutor.NativeIntelCancellationAndCompletionFailureAllowRetry
[       OK ] HvfExecutor.NativeIntelCancellationAndCompletionFailureAllowRetry (264 ms)
[----------] 1 test from HvfExecutor (264 ms total)

[==========] 1 test from 1 test suite ran. (264 ms total)
[  PASSED  ] 1 test.

Repeating all tests (iteration 190) . . .

Note: Google Test filter = HvfExecutor.Native*
[==========] Running 1 test from 1 test suite.
[----------] 1 test from HvfExecutor
[ RUN      ] HvfExecutor.NativeIntelCancellationAndCompletionFailureAllowRetry
[       OK ] HvfExecutor.NativeIntelCancellationAndCompletionFailureAllowRetry (250 ms)
[----------] 1 test from HvfExecutor (250 ms total)

[==========] 1 test from 1 test suite ran. (250 ms total)
[  PASSED  ] 1 test.

Repeating all tests (iteration 191) . . .

Note: Google Test filter = HvfExecutor.Native*
[==========] Running 1 test from 1 test suite.
[----------] 1 test from HvfExecutor
[ RUN      ] HvfExecutor.NativeIntelCancellationAndCompletionFailureAllowRetry
[       OK ] HvfExecutor.NativeIntelCancellationAndCompletionFailureAllowRetry (285 ms)
[----------] 1 test from HvfExecutor (285 ms total)

[==========] 1 test from 1 test suite ran. (285 ms total)
[  PASSED  ] 1 test.

Repeating all tests (iteration 192) . . .

Note: Google Test filter = HvfExecutor.Native*
[==========] Running 1 test from 1 test suite.
[----------] 1 test from HvfExecutor
[ RUN      ] HvfExecutor.NativeIntelCancellationAndCompletionFailureAllowRetry
[       OK ] HvfExecutor.NativeIntelCancellationAndCompletionFailureAllowRetry (363 ms)
[----------] 1 test from HvfExecutor (364 ms total)

[==========] 1 test from 1 test suite ran. (364 ms total)
[  PASSED  ] 1 test.

Repeating all tests (iteration 193) . . .

Note: Google Test filter = HvfExecutor.Native*
[==========] Running 1 test from 1 test suite.
[----------] 1 test from HvfExecutor
[ RUN      ] HvfExecutor.NativeIntelCancellationAndCompletionFailureAllowRetry
[       OK ] HvfExecutor.NativeIntelCancellationAndCompletionFailureAllowRetry (258 ms)
[----------] 1 test from HvfExecutor (258 ms total)

[==========] 1 test from 1 test suite ran. (258 ms total)
[  PASSED  ] 1 test.

Repeating all tests (iteration 194) . . .

Note: Google Test filter = HvfExecutor.Native*
[==========] Running 1 test from 1 test suite.
[----------] 1 test from HvfExecutor
[ RUN      ] HvfExecutor.NativeIntelCancellationAndCompletionFailureAllowRetry
[       OK ] HvfExecutor.NativeIntelCancellationAndCompletionFailureAllowRetry (309 ms)
[----------] 1 test from HvfExecutor (309 ms total)

[==========] 1 test from 1 test suite ran. (309 ms total)
[  PASSED  ] 1 test.

Repeating all tests (iteration 195) . . .

Note: Google Test filter = HvfExecutor.Native*
[==========] Running 1 test from 1 test suite.
[----------] 1 test from HvfExecutor
[ RUN      ] HvfExecutor.NativeIntelCancellationAndCompletionFailureAllowRetry
[       OK ] HvfExecutor.NativeIntelCancellationAndCompletionFailureAllowRetry (330 ms)
[----------] 1 test from HvfExecutor (330 ms total)

[==========] 1 test from 1 test suite ran. (330 ms total)
[  PASSED  ] 1 test.

Repeating all tests (iteration 196) . . .

Note: Google Test filter = HvfExecutor.Native*
[==========] Running 1 test from 1 test suite.
[----------] 1 test from HvfExecutor
[ RUN      ] HvfExecutor.NativeIntelCancellationAndCompletionFailureAllowRetry
[       OK ] HvfExecutor.NativeIntelCancellationAndCompletionFailureAllowRetry (363 ms)
[----------] 1 test from HvfExecutor (364 ms total)

[==========] 1 test from 1 test suite ran. (364 ms total)
[  PASSED  ] 1 test.

Repeating all tests (iteration 197) . . .

Note: Google Test filter = HvfExecutor.Native*
[==========] Running 1 test from 1 test suite.
[----------] 1 test from HvfExecutor
[ RUN      ] HvfExecutor.NativeIntelCancellationAndCompletionFailureAllowRetry
[       OK ] HvfExecutor.NativeIntelCancellationAndCompletionFailureAllowRetry (304 ms)
[----------] 1 test from HvfExecutor (304 ms total)

[==========] 1 test from 1 test suite ran. (304 ms total)
[  PASSED  ] 1 test.

Repeating all tests (iteration 198) . . .

Note: Google Test filter = HvfExecutor.Native*
[==========] Running 1 test from 1 test suite.
[----------] 1 test from HvfExecutor
[ RUN      ] HvfExecutor.NativeIntelCancellationAndCompletionFailureAllowRetry
[       OK ] HvfExecutor.NativeIntelCancellationAndCompletionFailureAllowRetry (304 ms)
[----------] 1 test from HvfExecutor (304 ms total)

[==========] 1 test from 1 test suite ran. (305 ms total)
[  PASSED  ] 1 test.

Repeating all tests (iteration 199) . . .

Note: Google Test filter = HvfExecutor.Native*
[==========] Running 1 test from 1 test suite.
[----------] 1 test from HvfExecutor
[ RUN      ] HvfExecutor.NativeIntelCancellationAndCompletionFailureAllowRetry
[       OK ] HvfExecutor.NativeIntelCancellationAndCompletionFailureAllowRetry (377 ms)
[----------] 1 test from HvfExecutor (377 ms total)

[==========] 1 test from 1 test suite ran. (377 ms total)
[  PASSED  ] 1 test.

Repeating all tests (iteration 200) . . .

Note: Google Test filter = HvfExecutor.Native*
[==========] Running 1 test from 1 test suite.
[----------] 1 test from HvfExecutor
[ RUN      ] HvfExecutor.NativeIntelCancellationAndCompletionFailureAllowRetry
[       OK ] HvfExecutor.NativeIntelCancellationAndCompletionFailureAllowRetry (391 ms)
[----------] 1 test from HvfExecutor (391 ms total)

[==========] 1 test from 1 test suite ran. (391 ms total)
[  PASSED  ] 1 test.

Repeating all tests (iteration 201) . . .

Note: Google Test filter = HvfExecutor.Native*
[==========] Running 1 test from 1 test suite.
[----------] 1 test from HvfExecutor
[ RUN      ] HvfExecutor.NativeIntelCancellationAndCompletionFailureAllowRetry
[       OK ] HvfExecutor.NativeIntelCancellationAndCompletionFailureAllowRetry (184 ms)
[----------] 1 test from HvfExecutor (184 ms total)

[==========] 1 test from 1 test suite ran. (184 ms total)
[  PASSED  ] 1 test.

Repeating all tests (iteration 202) . . .

Note: Google Test filter = HvfExecutor.Native*
[==========] Running 1 test from 1 test suite.
[----------] 1 test from HvfExecutor
[ RUN      ] HvfExecutor.NativeIntelCancellationAndCompletionFailureAllowRetry
[       OK ] HvfExecutor.NativeIntelCancellationAndCompletionFailureAllowRetry (301 ms)
[----------] 1 test from HvfExecutor (301 ms total)

[==========] 1 test from 1 test suite ran. (301 ms total)
[  PASSED  ] 1 test.

Repeating all tests (iteration 203) . . .

Note: Google Test filter = HvfExecutor.Native*
[==========] Running 1 test from 1 test suite.
[----------] 1 test from HvfExecutor
[ RUN      ] HvfExecutor.NativeIntelCancellationAndCompletionFailureAllowRetry
[       OK ] HvfExecutor.NativeIntelCancellationAndCompletionFailureAllowRetry (258 ms)
[----------] 1 test from HvfExecutor (258 ms total)

[==========] 1 test from 1 test suite ran. (258 ms total)
[  PASSED  ] 1 test.

Repeating all tests (iteration 204) . . .

Note: Google Test filter = HvfExecutor.Native*
[==========] Running 1 test from 1 test suite.
[----------] 1 test from HvfExecutor
[ RUN      ] HvfExecutor.NativeIntelCancellationAndCompletionFailureAllowRetry
[       OK ] HvfExecutor.NativeIntelCancellationAndCompletionFailureAllowRetry (146 ms)
[----------] 1 test from HvfExecutor (146 ms total)

[==========] 1 test from 1 test suite ran. (146 ms total)
[  PASSED  ] 1 test.

Repeating all tests (iteration 205) . . .

Note: Google Test filter = HvfExecutor.Native*
[==========] Running 1 test from 1 test suite.
[----------] 1 test from HvfExecutor
[ RUN      ] HvfExecutor.NativeIntelCancellationAndCompletionFailureAllowRetry
[       OK ] HvfExecutor.NativeIntelCancellationAndCompletionFailureAllowRetry (690 ms)
[----------] 1 test from HvfExecutor (690 ms total)

[==========] 1 test from 1 test suite ran. (690 ms total)
[  PASSED  ] 1 test.

Repeating all tests (iteration 206) . . .

Note: Google Test filter = HvfExecutor.Native*
[==========] Running 1 test from 1 test suite.
[----------] 1 test from HvfExecutor
[ RUN      ] HvfExecutor.NativeIntelCancellationAndCompletionFailureAllowRetry
[       OK ] HvfExecutor.NativeIntelCancellationAndCompletionFailureAllowRetry (381 ms)
[----------] 1 test from HvfExecutor (381 ms total)

[==========] 1 test from 1 test suite ran. (381 ms total)
[  PASSED  ] 1 test.

Repeating all tests (iteration 207) . . .

Note: Google Test filter = HvfExecutor.Native*
[==========] Running 1 test from 1 test suite.
[----------] 1 test from HvfExecutor
[ RUN      ] HvfExecutor.NativeIntelCancellationAndCompletionFailureAllowRetry
[       OK ] HvfExecutor.NativeIntelCancellationAndCompletionFailureAllowRetry (413 ms)
[----------] 1 test from HvfExecutor (413 ms total)

[==========] 1 test from 1 test suite ran. (413 ms total)
[  PASSED  ] 1 test.

Repeating all tests (iteration 208) . . .

Note: Google Test filter = HvfExecutor.Native*
[==========] Running 1 test from 1 test suite.
[----------] 1 test from HvfExecutor
[ RUN      ] HvfExecutor.NativeIntelCancellationAndCompletionFailureAllowRetry
[       OK ] HvfExecutor.NativeIntelCancellationAndCompletionFailureAllowRetry (334 ms)
[----------] 1 test from HvfExecutor (334 ms total)

[==========] 1 test from 1 test suite ran. (334 ms total)
[  PASSED  ] 1 test.

Repeating all tests (iteration 209) . . .

Note: Google Test filter = HvfExecutor.Native*
[==========] Running 1 test from 1 test suite.
[----------] 1 test from HvfExecutor
[ RUN      ] HvfExecutor.NativeIntelCancellationAndCompletionFailureAllowRetry
[       OK ] HvfExecutor.NativeIntelCancellationAndCompletionFailureAllowRetry (261 ms)
[----------] 1 test from HvfExecutor (261 ms total)

[==========] 1 test from 1 test suite ran. (261 ms total)
[  PASSED  ] 1 test.

Repeating all tests (iteration 210) . . .

Note: Google Test filter = HvfExecutor.Native*
[==========] Running 1 test from 1 test suite.
[----------] 1 test from HvfExecutor
[ RUN      ] HvfExecutor.NativeIntelCancellationAndCompletionFailureAllowRetry
[       OK ] HvfExecutor.NativeIntelCancellationAndCompletionFailureAllowRetry (255 ms)
[----------] 1 test from HvfExecutor (255 ms total)

[==========] 1 test from 1 test suite ran. (256 ms total)
[  PASSED  ] 1 test.

Repeating all tests (iteration 211) . . .

Note: Google Test filter = HvfExecutor.Native*
[==========] Running 1 test from 1 test suite.
[----------] 1 test from HvfExecutor
[ RUN      ] HvfExecutor.NativeIntelCancellationAndCompletionFailureAllowRetry
[       OK ] HvfExecutor.NativeIntelCancellationAndCompletionFailureAllowRetry (260 ms)
[----------] 1 test from HvfExecutor (260 ms total)

[==========] 1 test from 1 test suite ran. (260 ms total)
[  PASSED  ] 1 test.

Repeating all tests (iteration 212) . . .

Note: Google Test filter = HvfExecutor.Native*
[==========] Running 1 test from 1 test suite.
[----------] 1 test from HvfExecutor
[ RUN      ] HvfExecutor.NativeIntelCancellationAndCompletionFailureAllowRetry
[       OK ] HvfExecutor.NativeIntelCancellationAndCompletionFailureAllowRetry (298 ms)
[----------] 1 test from HvfExecutor (298 ms total)

[==========] 1 test from 1 test suite ran. (298 ms total)
[  PASSED  ] 1 test.

Repeating all tests (iteration 213) . . .

Note: Google Test filter = HvfExecutor.Native*
[==========] Running 1 test from 1 test suite.
[----------] 1 test from HvfExecutor
[ RUN      ] HvfExecutor.NativeIntelCancellationAndCompletionFailureAllowRetry
[       OK ] HvfExecutor.NativeIntelCancellationAndCompletionFailureAllowRetry (214 ms)
[----------] 1 test from HvfExecutor (215 ms total)

[==========] 1 test from 1 test suite ran. (215 ms total)
[  PASSED  ] 1 test.

Repeating all tests (iteration 214) . . .

Note: Google Test filter = HvfExecutor.Native*
[==========] Running 1 test from 1 test suite.
[----------] 1 test from HvfExecutor
[ RUN      ] HvfExecutor.NativeIntelCancellationAndCompletionFailureAllowRetry
[       OK ] HvfExecutor.NativeIntelCancellationAndCompletionFailureAllowRetry (127 ms)
[----------] 1 test from HvfExecutor (127 ms total)

[==========] 1 test from 1 test suite ran. (127 ms total)
[  PASSED  ] 1 test.

Repeating all tests (iteration 215) . . .

Note: Google Test filter = HvfExecutor.Native*
[==========] Running 1 test from 1 test suite.
[----------] 1 test from HvfExecutor
[ RUN      ] HvfExecutor.NativeIntelCancellationAndCompletionFailureAllowRetry
[       OK ] HvfExecutor.NativeIntelCancellationAndCompletionFailureAllowRetry (155 ms)
[----------] 1 test from HvfExecutor (155 ms total)

[==========] 1 test from 1 test suite ran. (155 ms total)
[  PASSED  ] 1 test.

Repeating all tests (iteration 216) . . .

Note: Google Test filter = HvfExecutor.Native*
[==========] Running 1 test from 1 test suite.
[----------] 1 test from HvfExecutor
[ RUN      ] HvfExecutor.NativeIntelCancellationAndCompletionFailureAllowRetry
[       OK ] HvfExecutor.NativeIntelCancellationAndCompletionFailureAllowRetry (325 ms)
[----------] 1 test from HvfExecutor (325 ms total)

[==========] 1 test from 1 test suite ran. (325 ms total)
[  PASSED  ] 1 test.

Repeating all tests (iteration 217) . . .

Note: Google Test filter = HvfExecutor.Native*
[==========] Running 1 test from 1 test suite.
[----------] 1 test from HvfExecutor
[ RUN      ] HvfExecutor.NativeIntelCancellationAndCompletionFailureAllowRetry
[       OK ] HvfExecutor.NativeIntelCancellationAndCompletionFailureAllowRetry (330 ms)
[----------] 1 test from HvfExecutor (330 ms total)

[==========] 1 test from 1 test suite ran. (330 ms total)
[  PASSED  ] 1 test.

Repeating all tests (iteration 218) . . .

Note: Google Test filter = HvfExecutor.Native*
[==========] Running 1 test from 1 test suite.
[----------] 1 test from HvfExecutor
[ RUN      ] HvfExecutor.NativeIntelCancellationAndCompletionFailureAllowRetry
[       OK ] HvfExecutor.NativeIntelCancellationAndCompletionFailureAllowRetry (276 ms)
[----------] 1 test from HvfExecutor (276 ms total)

[==========] 1 test from 1 test suite ran. (276 ms total)
[  PASSED  ] 1 test.

Repeating all tests (iteration 219) . . .

Note: Google Test filter = HvfExecutor.Native*
[==========] Running 1 test from 1 test suite.
[----------] 1 test from HvfExecutor
[ RUN      ] HvfExecutor.NativeIntelCancellationAndCompletionFailureAllowRetry
[       OK ] HvfExecutor.NativeIntelCancellationAndCompletionFailureAllowRetry (132 ms)
[----------] 1 test from HvfExecutor (132 ms total)

[==========] 1 test from 1 test suite ran. (132 ms total)
[  PASSED  ] 1 test.

Repeating all tests (iteration 220) . . .

Note: Google Test filter = HvfExecutor.Native*
[==========] Running 1 test from 1 test suite.
[----------] 1 test from HvfExecutor
[ RUN      ] HvfExecutor.NativeIntelCancellationAndCompletionFailureAllowRetry
[       OK ] HvfExecutor.NativeIntelCancellationAndCompletionFailureAllowRetry (406 ms)
[----------] 1 test from HvfExecutor (406 ms total)

[==========] 1 test from 1 test suite ran. (406 ms total)
[  PASSED  ] 1 test.

Repeating all tests (iteration 221) . . .

Note: Google Test filter = HvfExecutor.Native*
[==========] Running 1 test from 1 test suite.
[----------] 1 test from HvfExecutor
[ RUN      ] HvfExecutor.NativeIntelCancellationAndCompletionFailureAllowRetry
[       OK ] HvfExecutor.NativeIntelCancellationAndCompletionFailureAllowRetry (285 ms)
[----------] 1 test from HvfExecutor (286 ms total)

[==========] 1 test from 1 test suite ran. (286 ms total)
[  PASSED  ] 1 test.

Repeating all tests (iteration 222) . . .

Note: Google Test filter = HvfExecutor.Native*
[==========] Running 1 test from 1 test suite.
[----------] 1 test from HvfExecutor
[ RUN      ] HvfExecutor.NativeIntelCancellationAndCompletionFailureAllowRetry
[       OK ] HvfExecutor.NativeIntelCancellationAndCompletionFailureAllowRetry (409 ms)
[----------] 1 test from HvfExecutor (409 ms total)

[==========] 1 test from 1 test suite ran. (409 ms total)
[  PASSED  ] 1 test.

Repeating all tests (iteration 223) . . .

Note: Google Test filter = HvfExecutor.Native*
[==========] Running 1 test from 1 test suite.
[----------] 1 test from HvfExecutor
[ RUN      ] HvfExecutor.NativeIntelCancellationAndCompletionFailureAllowRetry
[       OK ] HvfExecutor.NativeIntelCancellationAndCompletionFailureAllowRetry (133 ms)
[----------] 1 test from HvfExecutor (133 ms total)

[==========] 1 test from 1 test suite ran. (133 ms total)
[  PASSED  ] 1 test.

Repeating all tests (iteration 224) . . .

Note: Google Test filter = HvfExecutor.Native*
[==========] Running 1 test from 1 test suite.
[----------] 1 test from HvfExecutor
[ RUN      ] HvfExecutor.NativeIntelCancellationAndCompletionFailureAllowRetry
[       OK ] HvfExecutor.NativeIntelCancellationAndCompletionFailureAllowRetry (199 ms)
[----------] 1 test from HvfExecutor (199 ms total)

[==========] 1 test from 1 test suite ran. (199 ms total)
[  PASSED  ] 1 test.

Repeating all tests (iteration 225) . . .

Note: Google Test filter = HvfExecutor.Native*
[==========] Running 1 test from 1 test suite.
[----------] 1 test from HvfExecutor
[ RUN      ] HvfExecutor.NativeIntelCancellationAndCompletionFailureAllowRetry
[       OK ] HvfExecutor.NativeIntelCancellationAndCompletionFailureAllowRetry (282 ms)
[----------] 1 test from HvfExecutor (282 ms total)

[==========] 1 test from 1 test suite ran. (282 ms total)
[  PASSED  ] 1 test.

Repeating all tests (iteration 226) . . .

Note: Google Test filter = HvfExecutor.Native*
[==========] Running 1 test from 1 test suite.
[----------] 1 test from HvfExecutor
[ RUN      ] HvfExecutor.NativeIntelCancellationAndCompletionFailureAllowRetry
